scheme,fold,box,run_seed,draw,source,real_copy_share_src,real_dist_src_m,heldout_copy_share_src,heldout_dist_src_m,real_copy_share_nearest_training,heldout_copy_share_nearest_training
S1,0,W02_C2,1337,0,W02_C1,0.0,4.775106542728373,0.0,6.338997650559863,0.0,0.0
S1,0,W02_C2,1337,1,W02_C3,0.0,5.028488206801726,0.0,5.515920767219932,0.0,0.0
S1,0,W02_C2,1337,2,W03_C2,0.0,4.03963402258278,0.0,5.347441749431825,0.06666666666666667,0.0
S1,0,W02_C2,1337,3,W01_C2,0.0,5.718858063858499,0.0,5.045174992531973,0.0,0.0
S1,0,W02_C2,1337,4,W03_C1,0.0,5.371955559763266,0.0,4.898883416372845,0.0,0.0
S1,0,W02_C2,1337,5,W03_C3,0.0,4.51537174914053,0.0,5.692874608959742,0.07142857142857142,0.0
S1,0,W02_C2,1337,6,W01_C1,0.0,5.620955038325244,0.0,6.249594760589833,0.0,0.0
S1,0,W02_C2,1337,7,W01_C3,0.0,5.979112180462362,0.0,6.391668868012393,0.0,0.0
S1,0,W02_C2,20260903,0,W02_C1,0.0,5.404403685734688,0.0,6.338997650559863,0.0,0.0
S1,0,W02_C2,20260903,1,W02_C3,0.0,5.117536784072697,0.0,5.515920767219932,0.08333333333333333,0.0
S1,0,W02_C2,20260903,2,W03_C2,0.0,3.9265496268735194,0.0,5.347441749431825,0.0,0.0
S1,0,W02_C2,20260903,3,W01_C2,0.0,5.592348729809171,0.0,5.045174992531973,0.08333333333333333,0.0
S1,0,W02_C2,20260903,4,W03_C1,0.07142857142857142,4.867401029472828,0.0,4.898883416372845,0.07142857142857142,0.0
S1,0,W02_C2,20260903,5,W03_C3,0.0625,4.435299282687257,0.0,5.692874608959742,0.125,0.0
S1,0,W02_C2,20260903,6,W01_C1,0.0,5.192449289625205,0.0,6.249594760589833,0.08333333333333333,0.0
S1,0,W02_C2,20260903,7,W01_C3,0.0,6.95889440160204,0.0,6.391668868012393,0.08333333333333333,0.0
S1,0,W02_C2,7,0,W02_C1,0.0,5.811133634040993,0.0,6.338997650559863,0.07692307692307693,0.0
S1,0,W02_C2,7,1,W02_C3,0.0,4.26502827819526,0.0,5.515920767219932,0.07142857142857142,0.0
S1,0,W02_C2,7,2,W03_C2,0.0,3.5361777316891043,0.0,5.347441749431825,0.0625,0.0
S1,0,W02_C2,7,3,W01_C2,0.0,5.617598579353398,0.0,5.045174992531973,0.05555555555555555,0.0
S1,0,W02_C2,7,4,W03_C1,0.05555555555555555,5.009073049892646,0.0,4.898883416372845,0.05555555555555555,0.0
S1,0,W02_C2,7,5,W03_C3,0.0,5.05147662596817,0.0,5.692874608959742,0.0,0.0
S1,0,W02_C2,7,6,W01_C1,0.0,5.690642837967029,0.0,6.249594760589833,0.058823529411764705,0.0
S1,0,W02_C2,7,7,W01_C3,0.0,6.511597577179657,0.0,6.391668868012393,0.0625,0.0
S1,0,W04_C2,1337,0,W04_C1,0.0,5.281889974356205,0.0,5.6037524234806595,0.0,0.0
S1,0,W04_C2,1337,1,W04_C3,0.0,5.41238204215333,0.0,5.133076522667788,0.07692307692307693,0.0
S1,0,W04_C2,1337,2,W05_C2,0.0,3.884591460854072,0.0,4.754421216997572,0.0,0.0
S1,0,W04_C2,1337,3,W03_C2,0.0,4.281296179310702,0.0,5.070323297839808,0.07142857142857142,0.0
S1,0,W04_C2,1337,4,W05_C1,0.0,4.2081375233511995,0.0,3.6960810730553972,0.07142857142857142,0.0
S1,0,W04_C2,1337,5,W05_C3,0.0,3.9634077452392584,0.0,5.447705890645189,0.0,0.0
S1,0,W04_C2,1337,6,W03_C1,0.0,5.287780083681968,0.0,5.865759269814453,0.0,0.0
S1,0,W04_C2,1337,7,W03_C3,0.0,4.634919280572207,0.0,5.436206646079874,0.0,0.0
S1,0,W04_C2,20260903,0,W04_C1,0.0,5.462478843679947,0.0,5.6037524234806595,0.08333333333333333,0.0
S1,0,W04_C2,20260903,1,W04_C3,0.0,4.850283329396073,0.0,5.133076522667788,0.08333333333333333,0.0
S1,0,W04_C2,20260903,2,W05_C2,0.0,4.65268835973045,0.0,4.754421216997572,0.0,0.0
S1,0,W04_C2,20260903,3,W03_C2,0.0,3.989171777171279,0.0,5.070323297839808,0.058823529411764705,0.0
S1,0,W04_C2,20260903,4,W05_C1,0.0,3.9588232472797444,0.0,3.6960810730553972,0.0,0.0
S1,0,W04_C2,20260903,5,W05_C3,0.0,3.992946706224178,0.0,5.447705890645189,0.0,0.0
S1,0,W04_C2,20260903,6,W03_C1,0.07142857142857142,4.6901552518644705,0.0,5.865759269814453,0.07142857142857142,0.0
S1,0,W04_C2,20260903,7,W03_C3,0.06666666666666667,4.374413931773002,0.0,5.436206646079874,0.06666666666666667,0.0
S1,0,W04_C2,7,0,W04_C1,0.0,5.596091661513971,0.0,5.6037524234806595,0.07692307692307693,0.0
S1,0,W04_C2,7,1,W04_C3,0.0,5.328455176963752,0.0,5.133076522667788,0.0,0.0
S1,0,W04_C2,7,2,W05_C2,0.0,4.572213907135471,0.0,4.754421216997572,0.058823529411764705,0.0
S1,0,W04_C2,7,3,W03_C2,0.0,4.112757244786673,0.0,5.070323297839808,0.058823529411764705,0.0
S1,0,W04_C2,7,4,W05_C1,0.0,4.492261347686359,0.0,3.6960810730553972,0.0,0.0
S1,0,W04_C2,7,5,W05_C3,0.0,3.750079834745228,0.0,5.447705890645189,0.0,0.0
S1,0,W04_C2,7,6,W03_C1,0.0,5.064119147010479,0.0,5.865759269814453,0.05555555555555555,0.0
S1,0,W04_C2,7,7,W03_C3,0.0,4.625313926732172,0.0,5.436206646079874,0.05555555555555555,0.0
S1,0,W04_C4,1337,0,W04_C3,0.0,5.233243992359046,0.0,3.5910619622759254,0.0,0.1
S1,0,W04_C4,1337,1,W04_C5,0.0,6.978025174963372,0.0,7.038062868378844,0.0,0.1
S1,0,W04_C4,1337,2,W05_C4,0.0,4.614598675493541,0.0,4.695614519529346,0.0,0.1
S1,0,W04_C4,1337,3,W03_C4,0.0,4.921148403535128,0.0,4.737544630008587,0.07142857142857142,0.1
S1,0,W04_C4,1337,4,W05_C3,0.0,3.9003263969483672,0.0,4.055333686925627,0.0,0.1
S1,0,W04_C4,1337,5,W05_C5,0.0,5.398117111074683,0.0,4.198166728787329,0.0,0.1
S1,0,W04_C4,1337,6,W03_C3,0.0,4.4515580711394644,0.1,4.388722800185036,0.0,0.1
S1,0,W04_C4,1337,7,W03_C5,0.0,5.129069511121014,0.0,4.631538074384515,0.07142857142857142,0.1
S1,0,W04_C4,20260903,0,W04_C3,0.0,5.24573966488323,0.0,3.5910619622759254,0.08333333333333333,0.1
S1,0,W04_C4,20260903,1,W04_C5,0.0,6.766522966992136,0.0,7.038062868378844,0.0,0.1
S1,0,W04_C4,20260903,2,W05_C4,0.0,5.117753646692753,0.0,4.695614519529346,0.0,0.1
S1,0,W04_C4,20260903,3,W03_C4,0.0,4.735974210774795,0.0,4.737544630008587,0.0,0.1
S1,0,W04_C4,20260903,4,W05_C3,0.0,4.642195054357256,0.0,4.055333686925627,0.07692307692307693,0.1
S1,0,W04_C4,20260903,5,W05_C5,0.0,4.294142323476293,0.0,4.198166728787329,0.0625,0.1
S1,0,W04_C4,20260903,6,W03_C3,0.0,4.763343992088501,0.1,4.388722800185036,0.07142857142857142,0.1
S1,0,W04_C4,20260903,7,W03_C5,0.0,5.20529610861462,0.0,4.631538074384515,0.07692307692307693,0.1
S1,0,W04_C4,7,0,W04_C3,0.0,5.110481120404084,0.0,3.5910619622759254,0.06666666666666667,0.1
S1,0,W04_C4,7,1,W04_C5,0.0,5.956722967451998,0.0,7.038062868378844,0.07142857142857142,0.1
S1,0,W04_C4,7,2,W05_C4,0.0,5.00731399915098,0.0,4.695614519529346,0.0,0.1
S1,0,W04_C4,7,3,W03_C4,0.0,5.177517919918046,0.0,4.737544630008587,0.06666666666666667,0.1
S1,0,W04_C4,7,4,W05_C3,0.0,4.01303065750307,0.0,4.055333686925627,0.07692307692307693,0.1
S1,0,W04_C4,7,5,W05_C5,0.0,4.827275766255948,0.0,4.198166728787329,0.0625,0.1
S1,0,W04_C4,7,6,W03_C3,0.0,4.827898368623952,0.1,4.388722800185036,0.05555555555555555,0.1
S1,0,W04_C4,7,7,W03_C5,0.0,4.892103838648857,0.0,4.631538074384515,0.0,0.1
S1,0,W04_C6,1337,0,W04_C5,0.0,6.525795076933323,0.0,6.853943779332782,0.0,0.07142857142857142
S1,0,W04_C6,1337,1,W04_C7,0.0,8.274052018814446,0.0,8.183231071725105,0.0,0.07142857142857142
S1,0,W04_C6,1337,2,W05_C6,0.0,3.8332826320067217,0.0,4.553116499520711,0.0,0.07142857142857142
S1,0,W04_C6,1337,3,W03_C6,0.0,4.317068993466397,0.0,4.90910392852193,0.0,0.07142857142857142
S1,0,W04_C6,1337,4,W05_C5,0.0,5.465038529101847,0.0,3.863564635991278,0.0,0.07142857142857142
S1,0,W04_C6,1337,5,W05_C7,0.0,4.56323134224224,0.0,4.734877304514808,0.0,0.07142857142857142
S1,0,W04_C6,1337,6,W03_C5,0.0,4.833387005012757,0.0,5.071060504879541,0.0,0.07142857142857142
S1,0,W04_C6,1337,7,W03_C7,0.0,4.527186093310262,0.07142857142857142,4.879506313690156,0.0,0.07142857142857142
S1,0,W04_C6,20260903,0,W04_C5,0.0,7.111830186853701,0.0,6.853943779332782,0.08333333333333333,0.07142857142857142
S1,0,W04_C6,20260903,1,W04_C7,0.0,7.613561857894374,0.0,8.183231071725105,0.0,0.07142857142857142
S1,0,W04_C6,20260903,2,W05_C6,0.0,4.006512884579721,0.0,4.553116499520711,0.0625,0.07142857142857142
S1,0,W04_C6,20260903,3,W03_C6,0.0,3.9257614628909514,0.0,4.90910392852193,0.0,0.07142857142857142
S1,0,W04_C6,20260903,4,W05_C5,0.0,4.282518616518259,0.0,3.863564635991278,0.0,0.07142857142857142
S1,0,W04_C6,20260903,5,W05_C7,0.0,4.296298972056507,0.0,4.734877304514808,0.07692307692307693,0.07142857142857142
S1,0,W04_C6,20260903,6,W03_C5,0.0,5.449331630224318,0.0,5.071060504879541,0.0,0.07142857142857142
S1,0,W04_C6,20260903,7,W03_C7,0.0,5.192546108556405,0.07142857142857142,4.879506313690156,0.08333333333333333,0.07142857142857142
S1,0,W04_C6,7,0,W04_C5,0.0,5.53105921567223,0.0,6.853943779332782,0.0,0.07142857142857142
S1,0,W04_C6,7,1,W04_C7,0.0,7.825193676046057,0.0,8.183231071725105,0.05555555555555555,0.07142857142857142
S1,0,W04_C6,7,2,W05_C6,0.0,4.226382302734224,0.0,4.553116499520711,0.05555555555555555,0.07142857142857142
S1,0,W04_C6,7,3,W03_C6,0.0,4.836042197729137,0.0,4.90910392852193,0.0,0.07142857142857142
S1,0,W04_C6,7,4,W05_C5,0.0625,4.8821333441984915,0.0,3.863564635991278,0.0625,0.07142857142857142
S1,0,W04_C6,7,5,W05_C7,0.05555555555555555,4.217061529783966,0.0,4.734877304514808,0.05555555555555555,0.07142857142857142
S1,0,W04_C6,7,6,W03_C5,0.0,4.682305184578261,0.0,5.071060504879541,0.0,0.07142857142857142
S1,0,W04_C6,7,7,W03_C7,0.0,5.119672357479538,0.07142857142857142,4.879506313690156,0.0,0.07142857142857142
S1,1,W02_C3,1337,0,W02_C4,0.0,6.912718921700856,0.0,6.3186758544992925,0.0,0.0
S1,1,W02_C3,1337,1,W02_C2,0.0,5.726580778508172,0.0,6.166188908575926,0.0,0.0
S1,1,W02_C3,1337,2,W03_C3,0.0,4.2954909667926024,0.0,5.006679114809478,0.0,0.0
S1,1,W02_C3,1337,3,W01_C3,0.0,5.9713892903860275,0.0,6.114376028874759,0.08333333333333333,0.0
S1,1,W02_C3,1337,4,W03_C4,0.0,4.355848159388913,0.0,5.011147212104455,0.0,0.0
S1,1,W02_C3,1337,5,W03_C2,0.0,4.36397412047798,0.0,4.7536786218053475,0.0,0.0
S1,1,W02_C3,1337,6,W01_C4,0.0,6.96843210419035,0.0,7.014087588032798,0.08333333333333333,0.0
S1,1,W02_C3,1337,7,W01_C2,0.0,5.703288970764899,0.0,5.2431131764152,0.0,0.0
S1,1,W02_C3,20260903,0,W02_C4,0.0,7.13673153043804,0.0,6.3186758544992925,0.09090909090909091,0.0
S1,1,W02_C3,20260903,1,W02_C2,0.0,6.520120424459338,0.0,6.166188908575926,0.06666666666666667,0.0
S1,1,W02_C3,20260903,2,W03_C3,0.0,4.160666385015759,0.0,5.006679114809478,0.0,0.0
S1,1,W02_C3,20260903,3,W01_C3,0.0,6.009644237481803,0.0,6.114376028874759,0.0,0.0
S1,1,W02_C3,20260903,4,W03_C4,0.0,4.719118483088103,0.0,5.011147212104455,0.0625,0.0
S1,1,W02_C3,20260903,5,W03_C2,0.0,3.934110423139904,0.0,4.7536786218053475,0.0625,0.0
S1,1,W02_C3,20260903,6,W01_C4,0.0,5.6135956698684355,0.0,7.014087588032798,0.0,0.0
S1,1,W02_C3,20260903,7,W01_C2,0.0,6.214175338156593,0.0,5.2431131764152,0.06666666666666667,0.0
S1,1,W02_C3,7,0,W02_C4,0.0,6.354778103212543,0.0,6.3186758544992925,0.0,0.0
S1,1,W02_C3,7,1,W02_C2,0.0,5.907989659786169,0.0,6.166188908575926,0.07142857142857142,0.0
S1,1,W02_C3,7,2,W03_C3,0.0,4.309615034089319,0.0,5.006679114809478,0.07142857142857142,0.0
S1,1,W02_C3,7,3,W01_C3,0.0,5.991012043342934,0.0,6.114376028874759,0.07142857142857142,0.0
S1,1,W02_C3,7,4,W03_C4,0.0,5.389037896887702,0.0,5.011147212104455,0.07142857142857142,0.0
S1,1,W02_C3,7,5,W03_C2,0.0,4.163180561148151,0.0,4.7536786218053475,0.06666666666666667,0.0
S1,1,W02_C3,7,6,W01_C4,0.07142857142857142,6.2777672783135126,0.0,7.014087588032798,0.07142857142857142,0.0
S1,1,W02_C3,7,7,W01_C2,0.0,5.805136337149983,0.0,5.2431131764152,0.07142857142857142,0.0
S1,1,W04_C3,1337,0,W04_C4,0.0,5.966849546771513,0.0,4.466287828295177,0.09090909090909091,0.05263157894736842
S1,1,W04_C3,1337,1,W04_C2,0.0,5.649552554958653,0.0,5.4781604316772725,0.0,0.05263157894736842
S1,1,W04_C3,1337,2,W05_C3,0.0,4.697208626516728,0.0,4.34739303286004,0.06666666666666667,0.05263157894736842
S1,1,W04_C3,1337,3,W03_C3,0.0,4.340152861300529,0.0,5.218640656845089,0.0625,0.05263157894736842
S1,1,W04_C3,1337,4,W05_C2,0.0,4.030357379401291,0.0,4.166868605728101,0.0,0.05263157894736842
S1,1,W04_C3,1337,5,W05_C4,0.0,4.156893917648941,0.0,4.332337664131571,0.06666666666666667,0.05263157894736842
S1,1,W04_C3,1337,6,W03_C4,0.0,4.9509785960438455,0.0,5.352531445035502,0.13333333333333333,0.05263157894736842
S1,1,W04_C3,1337,7,W03_C2,0.0,4.174667120205598,0.0,4.620859366662342,0.0,0.05263157894736842
S1,1,W04_C3,20260903,0,W04_C4,0.0,5.539317891191382,0.0,4.466287828295177,0.0,0.05263157894736842
S1,1,W04_C3,20260903,1,W04_C2,0.0,6.638217503879343,0.0,5.4781604316772725,0.06666666666666667,0.05263157894736842
S1,1,W04_C3,20260903,2,W05_C3,0.0,3.802135578469228,0.0,4.34739303286004,0.0,0.05263157894736842
S1,1,W04_C3,20260903,3,W03_C3,0.0,4.48862695435697,0.0,5.218640656845089,0.0625,0.05263157894736842
S1,1,W04_C3,20260903,4,W05_C2,0.0,4.509113809980048,0.0,4.166868605728101,0.06666666666666667,0.05263157894736842
S1,1,W04_C3,20260903,5,W05_C4,0.0,4.199035201705453,0.0,4.332337664131571,0.08333333333333333,0.05263157894736842
S1,1,W04_C3,20260903,6,W03_C4,0.0,4.621223271530052,0.0,5.352531445035502,0.0625,0.05263157894736842
S1,1,W04_C3,20260903,7,W03_C2,0.0,3.6967428517644336,0.0,4.620859366662342,0.0625,0.05263157894736842
S1,1,W04_C3,7,0,W04_C4,0.0,5.937545793931962,0.0,4.466287828295177,0.07142857142857142,0.05263157894736842
S1,1,W04_C3,7,1,W04_C2,0.0,7.408460862407314,0.0,5.4781604316772725,0.07692307692307693,0.05263157894736842
S1,1,W04_C3,7,2,W05_C3,0.0,4.547871285155461,0.0,4.34739303286004,0.07142857142857142,0.05263157894736842
S1,1,W04_C3,7,3,W03_C3,0.0,4.407905167091699,0.0,5.218640656845089,0.07142857142857142,0.05263157894736842
S1,1,W04_C3,7,4,W05_C2,0.0,4.289879434635481,0.0,4.166868605728101,0.0,0.05263157894736842
S1,1,W04_C3,7,5,W05_C4,0.0,5.119233616139938,0.0,4.332337664131571,0.0,0.05263157894736842
S1,1,W04_C3,7,6,W03_C4,0.0,5.495088406690525,0.0,5.352531445035502,0.0,0.05263157894736842
S1,1,W04_C3,7,7,W03_C2,0.0,4.328673527980481,0.0,4.620859366662342,0.0,0.05263157894736842
S1,1,W04_C5,1337,0,W04_C4,0.0,5.989458047000564,0.0,5.642527968261933,0.0,0.07142857142857142
S1,1,W04_C5,1337,1,W04_C6,0.0,6.730978395477493,0.0,6.08247869824844,0.08333333333333333,0.07142857142857142
S1,1,W04_C5,1337,2,W05_C5,0.0,5.377000553412092,0.0,5.0259365684648305,0.0,0.07142857142857142
S1,1,W04_C5,1337,3,W03_C5,0.0,5.299768370894999,0.0,4.98686301828972,0.0,0.07142857142857142
S1,1,W04_C5,1337,4,W05_C4,0.0,4.549717473758091,0.0,5.011727079672411,0.06666666666666667,0.07142857142857142
S1,1,W04_C5,1337,5,W05_C6,0.0,4.452152907682836,0.0,4.498660411512646,0.0,0.07142857142857142
S1,1,W04_C5,1337,6,W03_C4,0.0,4.90429184880357,0.0,5.2437026632107555,0.0625,0.07142857142857142
S1,1,W04_C5,1337,7,W03_C6,0.0,5.137227123210429,0.07142857142857142,4.185231907697373,0.08333333333333333,0.07142857142857142
S1,1,W04_C5,20260903,0,W04_C4,0.0,5.267835785867317,0.0,5.642527968261933,0.09090909090909091,0.07142857142857142
S1,1,W04_C5,20260903,1,W04_C6,0.0,5.000717192748034,0.0,6.08247869824844,0.09090909090909091,0.07142857142857142
S1,1,W04_C5,20260903,2,W05_C5,0.0,4.644332045012253,0.0,5.0259365684648305,0.07142857142857142,0.07142857142857142
S1,1,W04_C5,20260903,3,W03_C5,0.0,4.838976372851291,0.0,4.98686301828972,0.0625,0.07142857142857142
S1,1,W04_C5,20260903,4,W05_C4,0.0,4.177791242197302,0.0,5.011727079672411,0.07692307692307693,0.07142857142857142
S1,1,W04_C5,20260903,5,W05_C6,0.0,3.8246941396073835,0.0,4.498660411512646,0.125,0.07142857142857142
S1,1,W04_C5,20260903,6,W03_C4,0.0,4.644547807377366,0.0,5.2437026632107555,0.0,0.07142857142857142
S1,1,W04_C5,20260903,7,W03_C6,0.0,4.4582410286663885,0.07142857142857142,4.185231907697373,0.07142857142857142,0.07142857142857142
S1,1,W04_C5,7,0,W04_C4,0.0,5.577102122309322,0.0,5.642527968261933,0.06666666666666667,0.07142857142857142
S1,1,W04_C5,7,1,W04_C6,0.0,5.88012106224505,0.0,6.08247869824844,0.07142857142857142,0.07142857142857142
S1,1,W04_C5,7,2,W05_C5,0.0,4.574891765480648,0.0,5.0259365684648305,0.07142857142857142,0.07142857142857142
S1,1,W04_C5,7,3,W03_C5,0.0,4.124006169191346,0.0,4.98686301828972,0.0,0.07142857142857142
S1,1,W04_C5,7,4,W05_C4,0.0,5.118332583357195,0.0,5.011727079672411,0.06666666666666667,0.07142857142857142
S1,1,W04_C5,7,5,W05_C6,0.0,3.8681693530768766,0.0,4.498660411512646,0.07142857142857142,0.07142857142857142
S1,1,W04_C5,7,6,W03_C4,0.0,4.756287587115201,0.0,5.2437026632107555,0.07692307692307693,0.07142857142857142
S1,1,W04_C5,7,7,W03_C6,0.0,4.826991866861201,0.07142857142857142,4.185231907697373,0.07692307692307693,0.07142857142857142
S1,1,W04_C7,1337,0,W04_C6,0.0,6.527178481592979,0.0,6.603546204031056,0.08333333333333333,0.14285714285714285
S1,1,W04_C7,1337,1,W04_C8,0.0,6.310752709222762,0.0,7.378171774826316,0.08333333333333333,0.14285714285714285
S1,1,W04_C7,1337,2,W05_C7,0.0,4.523573298866795,0.14285714285714285,4.574460400396669,0.05555555555555555,0.14285714285714285
S1,1,W04_C7,1337,3,W03_C7,0.0,5.118193606624051,0.0,4.985051666671922,0.08333333333333333,0.14285714285714285
S1,1,W04_C7,1337,4,W05_C6,0.0,3.7991035689258164,0.0,4.381115762988542,0.0625,0.14285714285714285
S1,1,W04_C7,1337,5,W05_C8,0.0,4.171098037058161,0.0,3.7470721318689084,0.0,0.14285714285714285
S1,1,W04_C7,1337,6,W03_C6,0.0,5.149199454729023,0.0,5.398820088735215,0.0,0.14285714285714285
S1,1,W04_C7,1337,7,W03_C8,0.0,4.476452280353057,0.0,6.368272585992169,0.08333333333333333,0.14285714285714285
S1,1,W04_C7,20260903,0,W04_C6,0.0,5.090082229406739,0.0,6.603546204031056,0.07692307692307693,0.14285714285714285
S1,1,W04_C7,20260903,1,W04_C8,0.0,5.9602266081231585,0.0,7.378171774826316,0.09090909090909091,0.14285714285714285
S1,1,W04_C7,20260903,2,W05_C7,0.0625,3.6918317723755694,0.14285714285714285,4.574460400396669,0.0625,0.14285714285714285
S1,1,W04_C7,20260903,3,W03_C7,0.0,4.7461721855822905,0.0,4.985051666671922,0.0,0.14285714285714285
S1,1,W04_C7,20260903,4,W05_C6,0.0,4.112113456937451,0.0,4.381115762988542,0.0,0.14285714285714285
S1,1,W04_C7,20260903,5,W05_C8,0.0,4.757093851012165,0.0,3.7470721318689084,0.07692307692307693,0.14285714285714285
S1,1,W04_C7,20260903,6,W03_C6,0.0,4.446005473393509,0.0,5.398820088735215,0.08333333333333333,0.14285714285714285
S1,1,W04_C7,20260903,7,W03_C8,0.0,6.753732284662827,0.0,6.368272585992169,0.08333333333333333,0.14285714285714285
S1,1,W04_C7,7,0,W04_C6,0.0,6.001979675385637,0.0,6.603546204031056,0.07142857142857142,0.14285714285714285
S1,1,W04_C7,7,1,W04_C8,0.0,6.616513655321667,0.0,7.378171774826316,0.07142857142857142,0.14285714285714285
S1,1,W04_C7,7,2,W05_C7,0.0,3.854829078614247,0.14285714285714285,4.574460400396669,0.07142857142857142,0.14285714285714285
S1,1,W04_C7,7,3,W03_C7,0.0,4.298861350102386,0.0,4.985051666671922,0.07142857142857142,0.14285714285714285
S1,1,W04_C7,7,4,W05_C6,0.07142857142857142,4.014947851764291,0.0,4.381115762988542,0.07142857142857142,0.14285714285714285
S1,1,W04_C7,7,5,W05_C8,0.0,4.165129551913263,0.0,3.7470721318689084,0.07142857142857142,0.14285714285714285
S1,1,W04_C7,7,6,W03_C6,0.0,5.032284610411701,0.0,5.398820088735215,0.0,0.14285714285714285
S1,1,W04_C7,7,7,W03_C8,0.0,6.932355810949796,0.0,6.368272585992169,0.07142857142857142,0.14285714285714285
S1,2,W01_C2,1337,0,W01_C1,0.0,5.707362361148723,0.0,6.699042471967824,0.1111111111111111,0.1
S1,2,W01_C2,1337,1,W01_C3,0.0,6.6132060213304085,0.0,6.239643626900795,0.0,0.1
S1,2,W01_C2,1337,2,W00_C2,0.0,4.067548069779578,0.0,4.3492403785634846,0.0,0.1
S1,2,W01_C2,1337,3,W02_C2,0.0,6.461225224491368,0.0,5.664906938972015,0.0,0.1
S1,2,W01_C2,1337,4,W00_C1,0.0,3.936230703580999,0.0,4.19289090536278,0.05263157894736842,0.1
S1,2,W01_C2,1337,5,W00_C3,0.0,6.011083280780826,0.0,5.206319510501677,0.08333333333333333,0.1
S1,2,W01_C2,1337,6,W02_C1,0.0,5.7483450329773875,0.0,5.1416917028543985,0.07692307692307693,0.1
S1,2,W01_C2,1337,7,W02_C3,0.0,6.017279909381909,0.0,4.856837682096151,0.0,0.1
S1,2,W01_C2,20260903,0,W01_C1,0.0,6.012359540214561,0.0,6.699042471967824,0.0,0.1
S1,2,W01_C2,20260903,1,W01_C3,0.0,6.326763686312413,0.0,6.239643626900795,0.07692307692307693,0.1
S1,2,W01_C2,20260903,2,W00_C2,0.0,4.1303801565616185,0.0,4.3492403785634846,0.058823529411764705,0.1
S1,2,W01_C2,20260903,3,W02_C2,0.0,6.990994860349084,0.0,5.664906938972015,0.07142857142857142,0.1
S1,2,W01_C2,20260903,4,W00_C1,0.0,4.403095447445418,0.0,4.19289090536278,0.0,0.1
S1,2,W01_C2,20260903,5,W00_C3,0.0,5.248526185604115,0.0,5.206319510501677,0.0,0.1
S1,2,W01_C2,20260903,6,W02_C1,0.0,6.1270803373652845,0.0,5.1416917028543985,0.0,0.1
S1,2,W01_C2,20260903,7,W02_C3,0.0,4.978161012863826,0.0,4.856837682096151,0.0,0.1
S1,2,W01_C2,7,0,W01_C1,0.0,5.978807073876787,0.0,6.699042471967824,0.0,0.1
S1,2,W01_C2,7,1,W01_C3,0.0,6.421780707093556,0.0,6.239643626900795,0.0,0.1
S1,2,W01_C2,7,2,W00_C2,0.0,3.7829328688011294,0.0,4.3492403785634846,0.058823529411764705,0.1
S1,2,W01_C2,7,3,W02_C2,0.0,6.466746265937106,0.0,5.664906938972015,0.07692307692307693,0.1
S1,2,W01_C2,7,4,W00_C1,0.0,4.47728994996427,0.0,4.19289090536278,0.0,0.1
S1,2,W01_C2,7,5,W00_C3,0.0,5.058395847964216,0.0,5.206319510501677,0.0,0.1
S1,2,W01_C2,7,6,W02_C1,0.0,5.392919023671591,0.0,5.1416917028543985,0.0,0.1
S1,2,W01_C2,7,7,W02_C3,0.0,5.202154948088565,0.0,4.856837682096151,0.0,0.1
S1,2,W03_C2,1337,0,W03_C1,0.08333333333333333,4.805006143334466,0.0,5.330517715211375,0.08333333333333333,0.0
S1,2,W03_C2,1337,1,W03_C3,0.0,4.361166220861983,0.0,5.301480169038819,0.09090909090909091,0.0
S1,2,W03_C2,1337,2,W04_C2,0.0,5.063043491762363,0.0,5.7898990266243215,0.07142857142857142,0.0
S1,2,W03_C2,1337,3,W02_C2,0.0,6.873226997261952,0.0,7.770479623582882,0.08333333333333333,0.0
S1,2,W03_C2,1337,4,W04_C1,0.0,4.97767329537385,0.0,5.132475480181314,0.0,0.0
S1,2,W03_C2,1337,5,W04_C3,0.0,3.615872191487328,0.0,4.6575007061959575,0.05263157894736842,0.0
S1,2,W03_C2,1337,6,W02_C1,0.0,5.451096834474206,0.0,6.02528974115593,0.0,0.0
S1,2,W03_C2,1337,7,W02_C3,0.0,5.490945163033804,0.0,5.254705586441926,0.0,0.0
S1,2,W03_C2,20260903,0,W03_C1,0.0,5.184417168443541,0.0,5.330517715211375,0.0,0.0
S1,2,W03_C2,20260903,1,W03_C3,0.0,5.181813893973408,0.0,5.301480169038819,0.0,0.0
S1,2,W03_C2,20260903,2,W04_C2,0.0,6.059986051153364,0.0,5.7898990266243215,0.07692307692307693,0.0
S1,2,W03_C2,20260903,3,W02_C2,0.0,6.745424826165968,0.0,7.770479623582882,0.0,0.0
S1,2,W03_C2,20260903,4,W04_C1,0.0,4.3039279566935535,0.0,5.132475480181314,0.0,0.0
S1,2,W03_C2,20260903,5,W04_C3,0.0,4.711652846792971,0.0,4.6575007061959575,0.0,0.0
S1,2,W03_C2,20260903,6,W02_C1,0.0,6.670175377727482,0.0,6.02528974115593,0.07142857142857142,0.0
S1,2,W03_C2,20260903,7,W02_C3,0.0,4.9174740868258064,0.0,5.254705586441926,0.0,0.0
S1,2,W03_C2,7,0,W03_C1,0.0,5.404308794319689,0.0,5.330517715211375,0.07142857142857142,0.0
S1,2,W03_C2,7,1,W03_C3,0.0,5.496007458920707,0.0,5.301480169038819,0.0,0.0
S1,2,W03_C2,7,2,W04_C2,0.0,4.6642084511671635,0.0,5.7898990266243215,0.0,0.0
S1,2,W03_C2,7,3,W02_C2,0.0,6.502164838139669,0.0,7.770479623582882,0.07142857142857142,0.0
S1,2,W03_C2,7,4,W04_C1,0.0,5.074385242401378,0.0,5.132475480181314,0.06666666666666667,0.0
S1,2,W03_C2,7,5,W04_C3,0.0,4.074304883087611,0.0,4.6575007061959575,0.0,0.0
S1,2,W03_C2,7,6,W02_C1,0.0,5.671664472165271,0.0,6.02528974115593,0.07142857142857142,0.0
S1,2,W03_C2,7,7,W02_C3,0.0,5.227596116179247,0.0,5.254705586441926,0.0,0.0
S1,2,W03_C4,1337,0,W03_C3,0.0,4.526334530821886,0.0,4.236099379793979,0.0,0.0625
S1,2,W03_C4,1337,1,W03_C5,0.0,5.654633417575796,0.0,4.755370861658309,0.0,0.0625
S1,2,W03_C4,1337,2,W04_C4,0.0,5.087489498275928,0.0,4.547334548251405,0.0,0.0625
S1,2,W03_C4,1337,3,W02_C4,0.0,5.706001350317149,0.0,5.982332985796269,0.0,0.0625
S1,2,W03_C4,1337,4,W04_C3,0.0,4.013199407983728,0.0,4.256522786026354,0.05555555555555555,0.0625
S1,2,W03_C4,1337,5,W04_C5,0.0,4.954313786259798,0.0,5.629058979773371,0.0,0.0625
S1,2,W03_C4,1337,6,W02_C3,0.0,5.83447869328549,0.0,4.606355566866312,0.0,0.0625
S1,2,W03_C4,1337,7,W02_C5,0.0,4.294048985677621,0.0,4.373918518251321,0.05263157894736842,0.0625
S1,2,W03_C4,20260903,0,W03_C3,0.0,5.406186017797754,0.0,4.236099379793979,0.058823529411764705,0.0625
S1,2,W03_C4,20260903,1,W03_C5,0.0,5.512432001616917,0.0,4.755370861658309,0.0,0.0625
S1,2,W03_C4,20260903,2,W04_C4,0.0,5.312726895179117,0.0,4.547334548251405,0.0,0.0625
S1,2,W03_C4,20260903,3,W02_C4,0.0,5.818824975714655,0.0,5.982332985796269,0.0,0.0625
S1,2,W03_C4,20260903,4,W04_C3,0.0,4.702558178126322,0.0,4.256522786026354,0.0,0.0625
S1,2,W03_C4,20260903,5,W04_C5,0.0,4.56034947219169,0.0,5.629058979773371,0.0,0.0625
S1,2,W03_C4,20260903,6,W02_C3,0.0,4.848880086364604,0.0,4.606355566866312,0.08333333333333333,0.0625
S1,2,W03_C4,20260903,7,W02_C5,0.0,3.9870839134679845,0.0,4.373918518251321,0.07142857142857142,0.0625
S1,2,W03_C4,7,0,W03_C3,0.0,5.471694645958208,0.0,4.236099379793979,0.06666666666666667,0.0625
S1,2,W03_C4,7,1,W03_C5,0.0,6.10105732885293,0.0,4.755370861658309,0.07142857142857142,0.0625
S1,2,W03_C4,7,2,W04_C4,0.0,4.9527617772559855,0.0,4.547334548251405,0.07142857142857142,0.0625
S1,2,W03_C4,7,3,W02_C4,0.0,4.972145902928838,0.0,5.982332985796269,0.07692307692307693,0.0625
S1,2,W03_C4,7,4,W04_C3,0.0,4.01810883739851,0.0,4.256522786026354,0.07142857142857142,0.0625
S1,2,W03_C4,7,5,W04_C5,0.0,4.862915575495224,0.0,5.629058979773371,0.07142857142857142,0.0625
S1,2,W03_C4,7,6,W02_C3,0.0,5.153507995548056,0.0,4.606355566866312,0.0,0.0625
S1,2,W03_C4,7,7,W02_C5,0.0,4.282276412340625,0.0,4.373918518251321,0.07692307692307693,0.0625
S1,2,W05_C2,1337,0,W05_C1,0.0,4.205512911784248,0.0,5.005559251112983,0.0,0.05
S1,2,W05_C2,1337,1,W05_C3,0.0,5.406170767786599,0.0,5.083599517031615,0.0,0.05
S1,2,W05_C2,1337,2,W06_C2,0.0,4.159550922397683,0.0,4.209997208220096,0.05263157894736842,0.05
S1,2,W05_C2,1337,3,W04_C2,0.0,5.301121366238809,0.0,5.057930642113979,0.07142857142857142,0.05
S1,2,W05_C2,1337,4,W06_C1,0.0,3.4104601785647803,0.05,3.8100676203233164,0.05263157894736842,0.05
S1,2,W05_C2,1337,5,W06_C3,0.0,4.813219942344034,0.0,4.578413150098148,0.05555555555555555,0.05
S1,2,W05_C2,1337,6,W04_C1,0.0,5.252264167628021,0.0,5.343248054222526,0.07692307692307693,0.05
S1,2,W05_C2,1337,7,W04_C3,0.0,4.253127379493338,0.0,4.195832587330509,0.1111111111111111,0.05
S1,2,W05_C2,20260903,0,W05_C1,0.0,4.806786210023885,0.0,5.005559251112983,0.0,0.05
S1,2,W05_C2,20260903,1,W05_C3,0.0,5.208249942121913,0.0,5.083599517031615,0.0,0.05
S1,2,W05_C2,20260903,2,W06_C2,0.0,4.3034119487336255,0.0,4.209997208220096,0.08333333333333333,0.05
S1,2,W05_C2,20260903,3,W04_C2,0.0,6.029558243201841,0.0,5.057930642113979,0.0,0.05
S1,2,W05_C2,20260903,4,W06_C1,0.0,3.9213325739759433,0.05,3.8100676203233164,0.0,0.05
S1,2,W05_C2,20260903,5,W06_C3,0.0,4.195897856538301,0.0,4.578413150098148,0.0,0.05
S1,2,W05_C2,20260903,6,W04_C1,0.0,4.378412028173085,0.0,5.343248054222526,0.0,0.05
S1,2,W05_C2,20260903,7,W04_C3,0.0,4.930714612038084,0.0,4.195832587330509,0.08333333333333333,0.05
S1,2,W05_C2,7,0,W05_C1,0.0,4.450835787485483,0.0,5.005559251112983,0.06666666666666667,0.05
S1,2,W05_C2,7,1,W05_C3,0.0,5.391576722960028,0.0,5.083599517031615,0.0,0.05
S1,2,W05_C2,7,2,W06_C2,0.0,3.7343217985400945,0.0,4.209997208220096,0.0,0.05
S1,2,W05_C2,7,3,W04_C2,0.0,5.071638890948487,0.0,5.057930642113979,0.0,0.05
S1,2,W05_C2,7,4,W06_C1,0.0,3.5576719995451365,0.05,3.8100676203233164,0.0,0.05
S1,2,W05_C2,7,5,W06_C3,0.0,4.322784422945375,0.0,4.578413150098148,0.0,0.05
S1,2,W05_C2,7,6,W04_C1,0.0,5.199825377699751,0.0,5.343248054222526,0.0,0.05
S1,2,W05_C2,7,7,W04_C3,0.0,4.217991097533951,0.0,4.195832587330509,0.058823529411764705,0.05
S1,2,W05_C4,1337,0,W05_C3,0.0,5.293630180181667,0.0,4.732279877748935,0.09090909090909091,0.058823529411764705
S1,2,W05_C4,1337,1,W05_C5,0.0,5.56176209885969,0.0,5.2389353955489915,0.07692307692307693,0.058823529411764705
S1,2,W05_C4,1337,2,W06_C4,0.0,4.590463297232174,0.0,4.781081798454416,0.0,0.058823529411764705
S1,2,W05_C4,1337,3,W04_C4,0.0,5.120163661338336,0.0,4.942932036533014,0.0,0.058823529411764705
S1,2,W05_C4,1337,4,W06_C3,0.0,4.623747609429971,0.0,4.419738361950545,0.0,0.058823529411764705
S1,2,W05_C4,1337,5,W06_C5,0.0,4.122394328085453,0.0,5.114127692470706,0.0,0.058823529411764705
S1,2,W05_C4,1337,6,W04_C3,0.0,3.861844774778966,0.0,3.77348615915121,0.05555555555555555,0.058823529411764705
S1,2,W05_C4,1337,7,W04_C5,0.0,5.347710696573905,0.0,5.259993058582554,0.0,0.058823529411764705
S1,2,W05_C4,20260903,0,W05_C3,0.0,4.885425498776018,0.0,4.732279877748935,0.0,0.058823529411764705
S1,2,W05_C4,20260903,1,W05_C5,0.0,5.594587020122619,0.0,5.2389353955489915,0.0,0.058823529411764705
S1,2,W05_C4,20260903,2,W06_C4,0.0,3.8284849709462465,0.0,4.781081798454416,0.0,0.058823529411764705
S1,2,W05_C4,20260903,3,W04_C4,0.0,5.857396963566469,0.0,4.942932036533014,0.0,0.058823529411764705
S1,2,W05_C4,20260903,4,W06_C3,0.0,4.61582111399915,0.0,4.419738361950545,0.0,0.058823529411764705
S1,2,W05_C4,20260903,5,W06_C5,0.0,4.362420450268018,0.0,5.114127692470706,0.0,0.058823529411764705
S1,2,W05_C4,20260903,6,W04_C3,0.0,4.8423253086846,0.0,3.77348615915121,0.0,0.058823529411764705
S1,2,W05_C4,20260903,7,W04_C5,0.0,5.0987089801456476,0.0,5.259993058582554,0.08333333333333333,0.058823529411764705
S1,2,W05_C4,7,0,W05_C3,0.0,4.861411809885499,0.0,4.732279877748935,0.0,0.058823529411764705
S1,2,W05_C4,7,1,W05_C5,0.0,5.513737005120916,0.0,5.2389353955489915,0.0,0.058823529411764705
S1,2,W05_C4,7,2,W06_C4,0.0,4.573444393417652,0.0,4.781081798454416,0.05555555555555555,0.058823529411764705
S1,2,W05_C4,7,3,W04_C4,0.0,5.565797208069407,0.0,4.942932036533014,0.0,0.058823529411764705
S1,2,W05_C4,7,4,W06_C3,0.0,4.887012674476693,0.0,4.419738361950545,0.06666666666666667,0.058823529411764705
S1,2,W05_C4,7,5,W06_C5,0.0,4.287819545546123,0.0,5.114127692470706,0.0,0.058823529411764705
S1,2,W05_C4,7,6,W04_C3,0.0,3.9424673891605013,0.0,3.77348615915121,0.0,0.058823529411764705
S1,2,W05_C4,7,7,W04_C5,0.0,4.629605801459938,0.0,5.259993058582554,0.0,0.058823529411764705
S1,2,W05_C6,1337,0,W05_C5,0.0,5.632534251762432,0.0,5.357745510435949,0.0,0.05555555555555555
S1,2,W05_C6,1337,1,W05_C7,0.0,5.303387720301735,0.0,5.124038579790222,0.058823529411764705,0.05555555555555555
S1,2,W05_C6,1337,2,W06_C6,0.0,5.068437250287711,0.0,5.963990739912491,0.0,0.05555555555555555
S1,2,W05_C6,1337,3,W04_C6,0.0,5.009762212995628,0.0,5.052650183331683,0.0,0.05555555555555555
S1,2,W05_C6,1337,4,W06_C5,0.0,3.9494714162074316,0.0,4.829568377490049,0.0,0.05555555555555555
S1,2,W05_C6,1337,5,W06_C7,0.0,4.869966931187666,0.0,4.7363890032577,0.0625,0.05555555555555555
S1,2,W05_C6,1337,6,W04_C5,0.0,5.15468837508194,0.0,4.7111955170086555,0.0,0.05555555555555555
S1,2,W05_C6,1337,7,W04_C7,0.0,7.157825145159602,0.0,5.776035441081163,0.0,0.05555555555555555
S1,2,W05_C6,20260903,0,W05_C5,0.0,5.544139109155243,0.0,5.357745510435949,0.08333333333333333,0.05555555555555555
S1,2,W05_C6,20260903,1,W05_C7,0.0,4.69620521560333,0.0,5.124038579790222,0.0,0.05555555555555555
S1,2,W05_C6,20260903,2,W06_C6,0.0,5.206704954727888,0.0,5.963990739912491,0.07692307692307693,0.05555555555555555
S1,2,W05_C6,20260903,3,W04_C6,0.0,4.202634407894307,0.0,5.052650183331683,0.08333333333333333,0.05555555555555555
S1,2,W05_C6,20260903,4,W06_C5,0.07142857142857142,4.365389224013311,0.0,4.829568377490049,0.07142857142857142,0.05555555555555555
S1,2,W05_C6,20260903,5,W06_C7,0.0,4.863172034022143,0.0,4.7363890032577,0.0,0.05555555555555555
S1,2,W05_C6,20260903,6,W04_C5,0.0,4.674891420721627,0.0,4.7111955170086555,0.0,0.05555555555555555
S1,2,W05_C6,20260903,7,W04_C7,0.0,6.32443412339665,0.0,5.776035441081163,0.0,0.05555555555555555
S1,2,W05_C6,7,0,W05_C5,0.0,5.623458560387813,0.0,5.357745510435949,0.07142857142857142,0.05555555555555555
S1,2,W05_C6,7,1,W05_C7,0.0,4.676232020591768,0.0,5.124038579790222,0.0,0.05555555555555555
S1,2,W05_C6,7,2,W06_C6,0.0,5.158266859872067,0.0,5.963990739912491,0.0,0.05555555555555555
S1,2,W05_C6,7,3,W04_C6,0.0,4.587125522256504,0.0,5.052650183331683,0.0,0.05555555555555555
S1,2,W05_C6,7,4,W06_C5,0.0,4.427096313328026,0.0,4.829568377490049,0.0,0.05555555555555555
S1,2,W05_C6,7,5,W06_C7,0.0,5.142235951201942,0.0,4.7363890032577,0.0,0.05555555555555555
S1,2,W05_C6,7,6,W04_C5,0.0,4.769212863051179,0.0,4.7111955170086555,0.0,0.05555555555555555
S1,2,W05_C6,7,7,W04_C7,0.0,6.482688510946751,0.0,5.776035441081163,0.07142857142857142,0.05555555555555555
S1,3,W01_C3,1337,0,W01_C4,0.0,7.012948739053008,0.0,8.2034139091327,0.09090909090909091,0.0
S1,3,W01_C3,1337,1,W01_C2,0.0,5.593629161146386,0.0,6.194235014682214,0.08333333333333333,0.0
S1,3,W01_C3,1337,2,W00_C3,0.0,5.6701619822486755,0.0,7.349900830497454,0.09090909090909091,0.0
S1,3,W01_C3,1337,3,W02_C3,0.0,5.389043811237709,0.0,5.899877252246803,0.09090909090909091,0.0
S1,3,W01_C3,1337,4,W00_C2,0.0,3.8806692965781666,0.0,5.215921883538368,0.0625,0.0
S1,3,W01_C3,1337,5,W00_C4,0.0,4.813654781030145,0.0,5.633017333182298,0.07692307692307693,0.0
S1,3,W01_C3,1337,6,W02_C4,0.0,5.504649701837277,0.0,6.350323739535091,0.0,0.0
S1,3,W01_C3,1337,7,W02_C2,0.0,6.829379806855283,0.0,6.59467423910115,0.09090909090909091,0.0
S1,3,W01_C3,20260903,0,W01_C4,0.0,8.417211704161447,0.0,8.2034139091327,0.0,0.0
S1,3,W01_C3,20260903,1,W01_C2,0.0,5.8696823860424825,0.0,6.194235014682214,0.0625,0.0
S1,3,W01_C3,20260903,2,W00_C3,0.0,5.571333228017138,0.0,7.349900830497454,0.0,0.0
S1,3,W01_C3,20260903,3,W02_C3,0.0,5.100831281219482,0.0,5.899877252246803,0.0,0.0
S1,3,W01_C3,20260903,4,W00_C2,0.0,4.218278249224125,0.0,5.215921883538368,0.0,0.0
S1,3,W01_C3,20260903,5,W00_C4,0.0,5.1899369344960045,0.0,5.633017333182298,0.0,0.0
S1,3,W01_C3,20260903,6,W02_C4,0.0,5.421297165221721,0.0,6.350323739535091,0.0,0.0
S1,3,W01_C3,20260903,7,W02_C2,0.0,6.464975309042937,0.0,6.59467423910115,0.0,0.0
S1,3,W01_C3,7,0,W01_C4,0.0,6.532012065735836,0.0,8.2034139091327,0.0625,0.0
S1,3,W01_C3,7,1,W01_C2,0.0,5.495228916981948,0.0,6.194235014682214,0.06666666666666667,0.0
S1,3,W01_C3,7,2,W00_C3,0.0,4.7248760747086465,0.0,7.349900830497454,0.07692307692307693,0.0
S1,3,W01_C3,7,3,W02_C3,0.0,5.403184372053851,0.0,5.899877252246803,0.0,0.0
S1,3,W01_C3,7,4,W00_C2,0.0,4.411959586784961,0.0,5.215921883538368,0.0,0.0
S1,3,W01_C3,7,5,W00_C4,0.0,5.307923252619721,0.0,5.633017333182298,0.07142857142857142,0.0
S1,3,W01_C3,7,6,W02_C4,0.0,5.5336820132452065,0.0,6.350323739535091,0.07692307692307693,0.0
S1,3,W01_C3,7,7,W02_C2,0.0,6.077497372760125,0.0,6.59467423910115,0.07142857142857142,0.0
S1,3,W03_C3,1337,0,W03_C4,0.0,6.443203922651299,0.0,5.498168478402139,0.18181818181818182,0.05555555555555555
S1,3,W03_C3,1337,1,W03_C2,0.0,5.699638680218915,0.0,4.781644754716606,0.0,0.05555555555555555
S1,3,W03_C3,1337,2,W04_C3,0.0,4.018803644486586,0.0,4.608959875776379,0.05555555555555555,0.05555555555555555
S1,3,W03_C3,1337,3,W02_C3,0.0,5.356306295657606,0.0,5.381350922275674,0.09090909090909091,0.05555555555555555
S1,3,W03_C3,1337,4,W04_C4,0.0,3.9540971319241054,0.05555555555555555,4.616697437976992,0.07692307692307693,0.05555555555555555
S1,3,W03_C3,1337,5,W04_C2,0.0,5.056234643079082,0.0,5.891718639222329,0.07142857142857142,0.05555555555555555
S1,3,W03_C3,1337,6,W02_C4,0.0,4.977799514022995,0.0,5.372472626677396,0.0,0.05555555555555555
S1,3,W03_C3,1337,7,W02_C2,0.0,6.638704769402006,0.0,7.339703617678631,0.1,0.05555555555555555
S1,3,W03_C3,20260903,0,W03_C4,0.0,7.123293893355716,0.0,5.498168478402139,0.0,0.05555555555555555
S1,3,W03_C3,20260903,1,W03_C2,0.0,5.088994343143071,0.0,4.781644754716606,0.0,0.05555555555555555
S1,3,W03_C3,20260903,2,W04_C3,0.0,4.105041363653431,0.0,4.608959875776379,0.0,0.05555555555555555
S1,3,W03_C3,20260903,3,W02_C3,0.0,5.3456917281349305,0.0,5.381350922275674,0.0,0.05555555555555555
S1,3,W03_C3,20260903,4,W04_C4,0.0,4.549598855899053,0.05555555555555555,4.616697437976992,0.07142857142857142,0.05555555555555555
S1,3,W03_C3,20260903,5,W04_C2,0.0,5.256618938989293,0.0,5.891718639222329,0.0,0.05555555555555555
S1,3,W03_C3,20260903,6,W02_C4,0.0,5.542150386475854,0.0,5.372472626677396,0.0,0.05555555555555555
S1,3,W03_C3,20260903,7,W02_C2,0.0,6.481373324345371,0.0,7.339703617678631,0.0,0.05555555555555555
S1,3,W03_C3,7,0,W03_C4,0.0,6.214872182075079,0.0,5.498168478402139,0.0625,0.05555555555555555
S1,3,W03_C3,7,1,W03_C2,0.0,5.125617599229798,0.0,4.781644754716606,0.0,0.05555555555555555
S1,3,W03_C3,7,2,W04_C3,0.0,3.942953086063138,0.0,4.608959875776379,0.0,0.05555555555555555
S1,3,W03_C3,7,3,W02_C3,0.0,5.53742144294003,0.0,5.381350922275674,0.0,0.05555555555555555
S1,3,W03_C3,7,4,W04_C4,0.0,4.970767448506146,0.05555555555555555,4.616697437976992,0.0,0.05555555555555555
S1,3,W03_C3,7,5,W04_C2,0.0,5.537389393756494,0.0,5.891718639222329,0.0,0.05555555555555555
S1,3,W03_C3,7,6,W02_C4,0.0,5.984504682720882,0.0,5.372472626677396,0.07692307692307693,0.05555555555555555
S1,3,W03_C3,7,7,W02_C2,0.0,6.064515296149161,0.0,7.339703617678631,0.0,0.05555555555555555
S1,3,W03_C5,1337,0,W03_C4,0.0,7.049955822937596,0.0,6.122544408972947,0.09090909090909091,0.0
S1,3,W03_C5,1337,1,W03_C6,0.0,5.002139051561862,0.0,5.258333700630485,0.0,0.0
S1,3,W03_C5,1337,2,W04_C5,0.0,5.7576086829011786,0.0,5.58231366071385,0.0,0.0
S1,3,W03_C5,1337,3,W02_C5,0.0,4.512883504465792,0.0,4.955147749879421,0.06666666666666667,0.0
S1,3,W03_C5,1337,4,W04_C4,0.0,3.918015057345281,0.0,5.01596591265909,0.09090909090909091,0.0
S1,3,W03_C5,1337,5,W04_C6,0.0,4.591946342865007,0.0,4.71178556643033,0.08333333333333333,0.0
S1,3,W03_C5,1337,6,W02_C4,0.0,5.46068244487232,0.0,5.148377824341152,0.0,0.0
S1,3,W03_C5,1337,7,W02_C6,0.0,4.509328463921693,0.0,4.653762556974029,0.08333333333333333,0.0
S1,3,W03_C5,20260903,0,W03_C4,0.0,7.112531266039147,0.0,6.122544408972947,0.0,0.0
S1,3,W03_C5,20260903,1,W03_C6,0.0,5.608085094376017,0.0,5.258333700630485,0.06666666666666667,0.0
S1,3,W03_C5,20260903,2,W04_C5,0.0,5.117524852859306,0.0,5.58231366071385,0.07142857142857142,0.0
S1,3,W03_C5,20260903,3,W02_C5,0.0,4.5402596299509534,0.0,4.955147749879421,0.0,0.0
S1,3,W03_C5,20260903,4,W04_C4,0.0,4.552998686698929,0.0,5.01596591265909,0.07692307692307693,0.0
S1,3,W03_C5,20260903,5,W04_C6,0.0,4.419265621237532,0.0,4.71178556643033,0.0,0.0
S1,3,W03_C5,20260903,6,W02_C4,0.0,5.79602821012478,0.0,5.148377824341152,0.0,0.0
S1,3,W03_C5,20260903,7,W02_C6,0.0,4.866545057505356,0.0,4.653762556974029,0.0,0.0
S1,3,W03_C5,7,0,W03_C4,0.0,6.035804331747415,0.0,6.122544408972947,0.07142857142857142,0.0
S1,3,W03_C5,7,1,W03_C6,0.0,5.4252923791739525,0.0,5.258333700630485,0.07142857142857142,0.0
S1,3,W03_C5,7,2,W04_C5,0.07142857142857142,5.039637743479875,0.0,5.58231366071385,0.07142857142857142,0.0
S1,3,W03_C5,7,3,W02_C5,0.0,4.726602981452731,0.0,4.955147749879421,0.07142857142857142,0.0
S1,3,W03_C5,7,4,W04_C4,0.0,4.942998140292112,0.0,5.01596591265909,0.07142857142857142,0.0
S1,3,W03_C5,7,5,W04_C6,0.0,4.888902587275534,0.0,4.71178556643033,0.0,0.0
S1,3,W03_C5,7,6,W02_C4,0.0,5.5101194862723455,0.0,5.148377824341152,0.07142857142857142,0.0
S1,3,W03_C5,7,7,W02_C6,0.0,4.268832647880318,0.0,4.653762556974029,0.0,0.0
S1,3,W05_C3,1337,0,W05_C4,0.0,5.3014337412651615,0.0,5.791562473530401,0.0,0.0
S1,3,W05_C3,1337,1,W05_C2,0.0,4.6498597300934685,0.0,4.3846021144857374,0.0625,0.0
S1,3,W05_C3,1337,2,W06_C3,0.0,4.077863493380928,0.0,4.749030749655456,0.0,0.0
S1,3,W05_C3,1337,3,W04_C3,0.06666666666666667,3.710807508312606,0.0,4.667792196823079,0.06666666666666667,0.0
S1,3,W05_C3,1337,4,W06_C4,0.0,4.240522935929728,0.0,4.474909523214511,0.0,0.0
S1,3,W05_C3,1337,5,W06_C2,0.0,4.11586708019154,0.0,4.456056764727514,0.05263157894736842,0.0
S1,3,W05_C3,1337,6,W04_C2,0.0,4.894245513501732,0.0,5.606842377120944,0.07142857142857142,0.0
S1,3,W05_C3,1337,7,W04_C4,0.0,3.88559500131367,0.0,4.790424908375101,0.0,0.0
S1,3,W05_C3,20260903,0,W05_C4,0.0,6.031316971713128,0.0,5.791562473530401,0.0,0.0
S1,3,W05_C3,20260903,1,W05_C2,0.0,5.252322140482017,0.0,4.3846021144857374,0.0,0.0
S1,3,W05_C3,20260903,2,W06_C3,0.0,4.546298385891152,0.0,4.749030749655456,0.0,0.0
S1,3,W05_C3,20260903,3,W04_C3,0.0,4.356768534105001,0.0,4.667792196823079,0.0,0.0
S1,3,W05_C3,20260903,4,W06_C4,0.0,4.561136568742328,0.0,4.474909523214511,0.0,0.0
S1,3,W05_C3,20260903,5,W06_C2,0.0,4.496689481748543,0.0,4.456056764727514,0.0,0.0
S1,3,W05_C3,20260903,6,W04_C2,0.0,5.155339098177928,0.0,5.606842377120944,0.0,0.0
S1,3,W05_C3,20260903,7,W04_C4,0.0,4.446973697087774,0.0,4.790424908375101,0.0,0.0
S1,3,W05_C3,7,0,W05_C4,0.0,6.217584076295393,0.0,5.791562473530401,0.07142857142857142,0.0
S1,3,W05_C3,7,1,W05_C2,0.0,5.149224366280855,0.0,4.3846021144857374,0.0,0.0
S1,3,W05_C3,7,2,W06_C3,0.0,4.910383206709204,0.0,4.749030749655456,0.05555555555555555,0.0
S1,3,W05_C3,7,3,W04_C3,0.0,3.9015886278595264,0.0,4.667792196823079,0.0,0.0
S1,3,W05_C3,7,4,W06_C4,0.0,4.654235375087436,0.0,4.474909523214511,0.058823529411764705,0.0
S1,3,W05_C3,7,5,W06_C2,0.0,4.158101757305337,0.0,4.456056764727514,0.0,0.0
S1,3,W05_C3,7,6,W04_C2,0.0,5.5198543684946975,0.0,5.606842377120944,0.0,0.0
S1,3,W05_C3,7,7,W04_C4,0.0,4.641340436263434,0.0,4.790424908375101,0.07142857142857142,0.0
S1,3,W05_C5,1337,0,W05_C4,0.0,6.270793433170042,0.0,5.246244064793412,0.18181818181818182,0.058823529411764705
S1,3,W05_C5,1337,1,W05_C6,0.0,5.403381033531076,0.0,5.005827061660796,0.0,0.058823529411764705
S1,3,W05_C5,1337,2,W06_C5,0.0,4.492436614361127,0.0,5.051536619781375,0.0,0.058823529411764705
S1,3,W05_C5,1337,3,W04_C5,0.0,5.54821046372503,0.0,5.566187833859825,0.0,0.058823529411764705
S1,3,W05_C5,1337,4,W06_C4,0.0,4.431904669603884,0.0,4.83902642425504,0.05555555555555555,0.058823529411764705
S1,3,W05_C5,1337,5,W06_C6,0.0,5.464145857593916,0.0,6.583210342005927,0.09090909090909091,0.058823529411764705
S1,3,W05_C5,1337,6,W04_C4,0.0,3.9049206884180854,0.0,5.133853679918133,0.16666666666666666,0.058823529411764705
S1,3,W05_C5,1337,7,W04_C6,0.0,4.588475438942601,0.0,3.88374243172105,0.08333333333333333,0.058823529411764705
S1,3,W05_C5,20260903,0,W05_C4,0.0,5.680795386603809,0.0,5.246244064793412,0.0,0.058823529411764705
S1,3,W05_C5,20260903,1,W05_C6,0.0,4.958646058392662,0.0,5.005827061660796,0.0,0.058823529411764705
S1,3,W05_C5,20260903,2,W06_C5,0.0,5.327475886009499,0.0,5.051536619781375,0.0,0.058823529411764705
S1,3,W05_C5,20260903,3,W04_C5,0.0,4.95705916697978,0.0,5.566187833859825,0.0,0.058823529411764705
S1,3,W05_C5,20260903,4,W06_C4,0.0,4.659886492223532,0.0,4.83902642425504,0.06666666666666667,0.058823529411764705
S1,3,W05_C5,20260903,5,W06_C6,0.0,5.553062579476501,0.0,6.583210342005927,0.0,0.058823529411764705
S1,3,W05_C5,20260903,6,W04_C4,0.0,4.499185806473692,0.0,5.133853679918133,0.07142857142857142,0.058823529411764705
S1,3,W05_C5,20260903,7,W04_C6,0.0,4.277346234570889,0.0,3.88374243172105,0.07142857142857142,0.058823529411764705
S1,3,W05_C5,7,0,W05_C4,0.0,6.004148516036143,0.0,5.246244064793412,0.07142857142857142,0.058823529411764705
S1,3,W05_C5,7,1,W05_C6,0.0,5.398458994522507,0.0,5.005827061660796,0.07142857142857142,0.058823529411764705
S1,3,W05_C5,7,2,W06_C5,0.0,4.522765401224014,0.0,5.051536619781375,0.0,0.058823529411764705
S1,3,W05_C5,7,3,W04_C5,0.0,5.159058108824515,0.0,5.566187833859825,0.0,0.058823529411764705
S1,3,W05_C5,7,4,W06_C4,0.0,4.24142601200277,0.0,4.83902642425504,0.058823529411764705,0.058823529411764705
S1,3,W05_C5,7,5,W06_C6,0.0,5.496892286135095,0.0,6.583210342005927,0.0,0.058823529411764705
S1,3,W05_C5,7,6,W04_C4,0.0,4.774609949905356,0.0,5.133853679918133,0.0,0.058823529411764705
S1,3,W05_C5,7,7,W04_C6,0.0,4.471597877984065,0.0,3.88374243172105,0.07142857142857142,0.058823529411764705
S1,3,W05_C7,1337,0,W05_C6,0.0,5.3550200234365555,0.0,5.218799982980394,0.08333333333333333,0.05555555555555555
S1,3,W05_C7,1337,1,W05_C8,0.0,4.929167336453223,0.0,4.6292779109117905,0.08333333333333333,0.05555555555555555
S1,3,W05_C7,1337,2,W06_C7,0.0,5.09488535184392,0.0,4.954961296540486,0.0,0.05555555555555555
S1,3,W05_C7,1337,3,W04_C7,0.0,6.530608297512533,0.05555555555555555,6.223779410901778,0.09090909090909091,0.05555555555555555
S1,3,W05_C7,1337,4,W06_C6,0.0,5.265913264087529,0.0,5.553466848493212,0.0,0.05555555555555555
S1,3,W05_C7,1337,5,W06_C8,0.0,6.090711669757287,0.0,6.381629263199277,0.08333333333333333,0.05555555555555555
S1,3,W05_C7,1337,6,W04_C6,0.0,4.596307899475783,0.0,4.847897001599467,0.08333333333333333,0.05555555555555555
S1,3,W05_C7,1337,7,W04_C8,0.0,5.593005159902053,0.0,6.49253297195149,0.0,0.05555555555555555
S1,3,W05_C7,20260903,0,W05_C6,0.0,5.059088164734367,0.0,5.218799982980394,0.0,0.05555555555555555
S1,3,W05_C7,20260903,1,W05_C8,0.0,4.8156328254387395,0.0,4.6292779109117905,0.0,0.05555555555555555
S1,3,W05_C7,20260903,2,W06_C7,0.0,4.854519947868746,0.0,4.954961296540486,0.0,0.05555555555555555
S1,3,W05_C7,20260903,3,W04_C7,0.0,6.055559407763867,0.05555555555555555,6.223779410901778,0.0,0.05555555555555555
S1,3,W05_C7,20260903,4,W06_C6,0.0,4.949333364714629,0.0,5.553466848493212,0.0,0.05555555555555555
S1,3,W05_C7,20260903,5,W06_C8,0.0,5.843220412760119,0.0,6.381629263199277,0.0,0.05555555555555555
S1,3,W05_C7,20260903,6,W04_C6,0.0,4.525628670352498,0.0,4.847897001599467,0.0,0.05555555555555555
S1,3,W05_C7,20260903,7,W04_C8,0.0,5.712879142024349,0.0,6.49253297195149,0.0,0.05555555555555555
S1,3,W05_C7,7,0,W05_C6,0.0,5.533421162586381,0.0,5.218799982980394,0.0,0.05555555555555555
S1,3,W05_C7,7,1,W05_C8,0.0,4.115773190692294,0.0,4.6292779109117905,0.07142857142857142,0.05555555555555555
S1,3,W05_C7,7,2,W06_C7,0.0,4.665075792533619,0.0,4.954961296540486,0.06666666666666667,0.05555555555555555
S1,3,W05_C7,7,3,W04_C7,0.0,6.241602745552231,0.05555555555555555,6.223779410901778,0.07142857142857142,0.05555555555555555
S1,3,W05_C7,7,4,W06_C6,0.0,5.336050249405721,0.0,5.553466848493212,0.07142857142857142,0.05555555555555555
S1,3,W05_C7,7,5,W06_C8,0.0,5.528481696875455,0.0,6.381629263199277,0.07142857142857142,0.05555555555555555
S1,3,W05_C7,7,6,W04_C6,0.0,4.881104884843295,0.0,4.847897001599467,0.0,0.05555555555555555
S1,3,W05_C7,7,7,W04_C8,0.0,5.323393014184854,0.0,6.49253297195149,0.07142857142857142,0.05555555555555555
S2,0,W00_C1,1337,0,W01_C1,0.0,5.871225744810061,0.0,5.783482552483889,0.0,0.0
S2,0,W00_C1,1337,1,W01_C2,0.0,5.126902551465646,0.0,5.204007176170699,0.1,0.0
S2,0,W00_C1,1337,2,W01_C3,0.0,4.931075207172379,0.0,6.8049694563615715,0.0,0.0
S2,0,W00_C1,1337,3,W02_C1,0.0,5.519218990535589,0.0,5.794546542811688,0.0,0.0
S2,0,W00_C1,1337,4,W02_C2,0.0,6.627644408435224,0.0,7.671047831271417,0.0,0.0
S2,0,W00_C1,1337,5,W01_C4,0.0,6.038597690166525,0.0,6.025596914388389,0.0,0.0
S2,0,W00_C1,1337,6,W02_C3,0.0,5.321533465615557,0.0,4.859199926237039,0.0,0.0
S2,0,W00_C1,1337,7,W02_C4,0.0,5.03650154601367,0.0,6.113644405245125,0.0,0.0
S2,0,W00_C1,20260903,0,W01_C1,0.0,5.920121566147372,0.0,5.783482552483889,0.0,0.0
S2,0,W00_C1,20260903,1,W01_C2,0.0,4.323817246108799,0.0,5.204007176170699,0.0,0.0
S2,0,W00_C1,20260903,2,W01_C3,0.0,5.761238060225862,0.0,6.8049694563615715,0.0,0.0
S2,0,W00_C1,20260903,3,W02_C1,0.0,6.029734413106028,0.0,5.794546542811688,0.0,0.0
S2,0,W00_C1,20260903,4,W02_C2,0.0,6.967920068518819,0.0,7.671047831271417,0.0,0.0
S2,0,W00_C1,20260903,5,W01_C4,0.0,6.531854810803681,0.0,6.025596914388389,0.0,0.0
S2,0,W00_C1,20260903,6,W02_C3,0.0,4.874740782967179,0.0,4.859199926237039,0.0,0.0
S2,0,W00_C1,20260903,7,W02_C4,0.0,5.6282863772362015,0.0,6.113644405245125,0.0,0.0
S2,0,W00_C1,7,0,W01_C1,0.0,5.618033961281326,0.0,5.783482552483889,0.0,0.0
S2,0,W00_C1,7,1,W01_C2,0.0,4.871520813107053,0.0,5.204007176170699,0.0,0.0
S2,0,W00_C1,7,2,W01_C3,0.0,6.1477810121279255,0.0,6.8049694563615715,0.0,0.0
S2,0,W00_C1,7,3,W02_C1,0.0,5.626996517292203,0.0,5.794546542811688,0.0,0.0
S2,0,W00_C1,7,4,W02_C2,0.0,6.836353069166253,0.0,7.671047831271417,0.0,0.0
S2,0,W00_C1,7,5,W01_C4,0.0,4.914786696868701,0.0,6.025596914388389,0.0,0.0
S2,0,W00_C1,7,6,W02_C3,0.0,5.18872734132082,0.0,4.859199926237039,0.0,0.0
S2,0,W00_C1,7,7,W02_C4,0.0,5.335632342171883,0.0,6.113644405245125,0.0,0.0
S2,0,W00_C2,1337,0,W01_C2,0.0,4.771397390258823,0.0,5.566230140529923,0.1111111111111111,0.05
S2,0,W00_C2,1337,1,W01_C1,0.0,6.178213598109415,0.0,5.916341415526459,0.0,0.05
S2,0,W00_C2,1337,2,W01_C3,0.0,5.0984323651090735,0.0,5.810240169640741,0.0,0.05
S2,0,W00_C2,1337,3,W01_C4,0.0,5.9278790292209695,0.0,6.661990140728706,0.0,0.05
S2,0,W00_C2,1337,4,W02_C2,0.0,6.8448163308879195,0.0,7.76269159549572,0.09090909090909091,0.05
S2,0,W00_C2,1337,5,W02_C1,0.0,5.420473264937873,0.0,6.014955845834515,0.0,0.05
S2,0,W00_C2,1337,6,W02_C3,0.0,5.190211229257387,0.0,4.465432505425495,0.09090909090909091,0.05
S2,0,W00_C2,1337,7,W02_C4,0.0,5.7325871236271375,0.0,4.9461750462161245,0.0,0.05
S2,0,W00_C2,20260903,0,W01_C2,0.0,4.13975831054667,0.0,5.566230140529923,0.0,0.05
S2,0,W00_C2,20260903,1,W01_C1,0.0,6.12207477864122,0.0,5.916341415526459,0.0,0.05
S2,0,W00_C2,20260903,2,W01_C3,0.0,5.546912556105493,0.0,5.810240169640741,0.0,0.05
S2,0,W00_C2,20260903,3,W01_C4,0.0,6.9422451078136636,0.0,6.661990140728706,0.0,0.05
S2,0,W00_C2,20260903,4,W02_C2,0.0,6.900383047145497,0.0,7.76269159549572,0.0,0.05
S2,0,W00_C2,20260903,5,W02_C1,0.0,5.903408707735244,0.0,6.014955845834515,0.0,0.05
S2,0,W00_C2,20260903,6,W02_C3,0.0,4.995793030363045,0.0,4.465432505425495,0.0,0.05
S2,0,W00_C2,20260903,7,W02_C4,0.0,5.60215984686049,0.0,4.9461750462161245,0.0,0.05
S2,0,W00_C2,7,0,W01_C2,0.0,5.185653018162811,0.0,5.566230140529923,0.0,0.05
S2,0,W00_C2,7,1,W01_C1,0.0,5.828852239133113,0.0,5.916341415526459,0.0,0.05
S2,0,W00_C2,7,2,W01_C3,0.0,6.021216584424426,0.0,5.810240169640741,0.0,0.05
S2,0,W00_C2,7,3,W01_C4,0.0,6.712953850477134,0.0,6.661990140728706,0.0,0.05
S2,0,W00_C2,7,4,W02_C2,0.0,7.153548495830869,0.0,7.76269159549572,0.0,0.05
S2,0,W00_C2,7,5,W02_C1,0.0,5.800866633245118,0.0,6.014955845834515,0.0,0.05
S2,0,W00_C2,7,6,W02_C3,0.0,5.1928511932642225,0.0,4.465432505425495,0.0,0.05
S2,0,W00_C2,7,7,W02_C4,0.0,6.165777493584605,0.0,4.9461750462161245,0.0,0.05
S2,0,W00_C3,1337,0,W01_C3,0.0,5.03842412448963,0.0,6.845542738063269,0.0,0.0
S2,0,W00_C3,1337,1,W01_C2,0.0,4.9889991083614635,0.0,6.0075002298561655,0.0,0.0
S2,0,W00_C3,1337,2,W01_C4,0.0,6.0315214417011385,0.0,6.318894648386692,0.0,0.0
S2,0,W00_C3,1337,3,W01_C1,0.0,6.044311549820011,0.0,5.348711985060489,0.0,0.0
S2,0,W00_C3,1337,4,W02_C3,0.0,5.229319225390754,0.0,5.52416575038781,0.0,0.0
S2,0,W00_C3,1337,5,W02_C2,0.0,6.7691437394783245,0.0,8.549963862131868,0.0,0.0
S2,0,W00_C3,1337,6,W02_C4,0.0,5.468489200686773,0.0,5.3188894667193605,0.0,0.0
S2,0,W00_C3,1337,7,W02_C1,0.0,5.355967355570505,0.0,6.35761099194437,0.0,0.0
S2,0,W00_C3,20260903,0,W01_C3,0.0,5.593649091409451,0.0,6.845542738063269,0.0,0.0
S2,0,W00_C3,20260903,1,W01_C2,0.0,4.663980495660087,0.0,6.0075002298561655,0.0,0.0
S2,0,W00_C3,20260903,2,W01_C4,0.0,6.938438053280035,0.0,6.318894648386692,0.0,0.0
S2,0,W00_C3,20260903,3,W01_C1,0.0,5.735717827963384,0.0,5.348711985060489,0.0,0.0
S2,0,W00_C3,20260903,4,W02_C3,0.0,4.917988078881745,0.0,5.52416575038781,0.0,0.0
S2,0,W00_C3,20260903,5,W02_C2,0.0,6.903922415688602,0.0,8.549963862131868,0.0,0.0
S2,0,W00_C3,20260903,6,W02_C4,0.0,5.846954651362528,0.0,5.3188894667193605,0.0,0.0
S2,0,W00_C3,20260903,7,W02_C1,0.0,5.854667251810647,0.0,6.35761099194437,0.0,0.0
S2,0,W00_C3,7,0,W01_C3,0.0,6.203271769969483,0.0,6.845542738063269,0.0,0.0
S2,0,W00_C3,7,1,W01_C2,0.0,5.329159604916599,0.0,6.0075002298561655,0.125,0.0
S2,0,W00_C3,7,2,W01_C4,0.0,5.527111219044367,0.0,6.318894648386692,0.0,0.0
S2,0,W00_C3,7,3,W01_C1,0.0,5.921973160417823,0.0,5.348711985060489,0.0,0.0
S2,0,W00_C3,7,4,W02_C3,0.0,5.1079983968091875,0.0,5.52416575038781,0.0,0.0
S2,0,W00_C3,7,5,W02_C2,0.0,7.402506537486521,0.0,8.549963862131868,0.0,0.0
S2,0,W00_C3,7,6,W02_C4,0.0,5.626230343563636,0.0,5.3188894667193605,0.0,0.0
S2,0,W00_C3,7,7,W02_C1,0.0,5.938743008324736,0.0,6.35761099194437,0.0,0.0
S2,0,W00_C4,1337,0,W01_C4,0.0,6.283343745167404,0.0,5.984458466483674,0.0,0.0
S2,0,W00_C4,1337,1,W01_C3,0.0,4.712039813503149,0.0,4.836600107391746,0.0,0.0
S2,0,W00_C4,1337,2,W01_C2,0.0,4.74028293064986,0.0,6.418436360605384,0.0,0.0
S2,0,W00_C4,1337,3,W02_C4,0.0,5.5032249638931505,0.0,5.80230757352773,0.0,0.0
S2,0,W00_C4,1337,4,W02_C3,0.0,5.049149913956672,0.0,5.090324073328715,0.0,0.0
S2,0,W00_C4,1337,5,W02_C5,0.0,4.2950176465651975,0.0,3.5775457905011354,0.07142857142857142,0.0
S2,0,W00_C4,1337,6,W01_C1,0.0,6.158075322519454,0.0,4.660503371355173,0.0,0.0
S2,0,W00_C4,1337,7,W02_C2,0.0,6.568118477279075,0.0,7.777035923494831,0.0,0.0
S2,0,W00_C4,20260903,0,W01_C4,0.0,6.838812229524551,0.0,5.984458466483674,0.0,0.0
S2,0,W00_C4,20260903,1,W01_C3,0.0,5.454130049187241,0.0,4.836600107391746,0.0,0.0
S2,0,W00_C4,20260903,2,W01_C2,0.0,4.69842434133864,0.0,6.418436360605384,0.0,0.0
S2,0,W00_C4,20260903,3,W02_C4,0.0,5.613228076074272,0.0,5.80230757352773,0.0,0.0
S2,0,W00_C4,20260903,4,W02_C3,0.0,4.735197789794476,0.0,5.090324073328715,0.0,0.0
S2,0,W00_C4,20260903,5,W02_C5,0.0,4.75340704384068,0.0,3.5775457905011354,0.0,0.0
S2,0,W00_C4,20260903,6,W01_C1,0.0,5.576910445238428,0.0,4.660503371355173,0.0,0.0
S2,0,W00_C4,20260903,7,W02_C2,0.0,6.841801237481903,0.0,7.777035923494831,0.0,0.0
S2,0,W00_C4,7,0,W01_C4,0.0,5.866348812953863,0.0,5.984458466483674,0.0,0.0
S2,0,W00_C4,7,1,W01_C3,0.0,6.168473239830792,0.0,4.836600107391746,0.09090909090909091,0.0
S2,0,W00_C4,7,2,W01_C2,0.0,5.1906925528251735,0.0,6.418436360605384,0.0,0.0
S2,0,W00_C4,7,3,W02_C4,0.0,5.96384148918678,0.0,5.80230757352773,0.0,0.0
S2,0,W00_C4,7,4,W02_C3,0.0,5.318110148595154,0.0,5.090324073328715,0.0,0.0
S2,0,W00_C4,7,5,W02_C5,0.0,4.375005681841077,0.0,3.5775457905011354,0.1111111111111111,0.0
S2,0,W00_C4,7,6,W01_C1,0.0,5.892727854495541,0.0,4.660503371355173,0.06666666666666667,0.0
S2,0,W00_C4,7,7,W02_C2,0.0,7.7219373930280755,0.0,7.777035923494831,0.0,0.0
S2,0,W00_C5,1337,0,W01_C4,0.0,6.073287768320827,0.0,5.134294405485253,0.0,0.09090909090909091
S2,0,W00_C5,1337,1,W01_C3,0.0,4.929360007037124,0.0,5.884782006400612,0.0,0.09090909090909091
S2,0,W00_C5,1337,2,W02_C5,0.0,4.758209600253213,0.0,3.85778764410019,0.0,0.09090909090909091
S2,0,W00_C5,1337,3,W02_C4,0.0,5.359397073631763,0.0,5.211926474725242,0.0,0.09090909090909091
S2,0,W00_C5,1337,4,W02_C6,0.0,4.687715084384011,0.0,3.9491031654077116,0.0,0.09090909090909091
S2,0,W00_C5,1337,5,W01_C2,0.0,4.8975698972120325,0.0,6.2006102536165635,0.0,0.09090909090909091
S2,0,W00_C5,1337,6,W02_C3,0.0,4.985074383020801,0.0,4.593057073397421,0.0,0.09090909090909091
S2,0,W00_C5,1337,7,W01_C1,0.0,5.9407458050842195,0.0,5.506812824634808,0.0,0.09090909090909091
S2,0,W00_C5,20260903,0,W01_C4,0.0,6.4950018987947935,0.0,5.134294405485253,0.0,0.09090909090909091
S2,0,W00_C5,20260903,1,W01_C3,0.0,6.145327408003853,0.0,5.884782006400612,0.0,0.09090909090909091
S2,0,W00_C5,20260903,2,W02_C5,0.0,4.45050048785086,0.0,3.85778764410019,0.0,0.09090909090909091
S2,0,W00_C5,20260903,3,W02_C4,0.0,5.479843603039979,0.0,5.211926474725242,0.0,0.09090909090909091
S2,0,W00_C5,20260903,4,W02_C6,0.0,4.919205173315717,0.0,3.9491031654077116,0.0,0.09090909090909091
S2,0,W00_C5,20260903,5,W01_C2,0.0,4.320942098208153,0.0,6.2006102536165635,0.0,0.09090909090909091
S2,0,W00_C5,20260903,6,W02_C3,0.0,4.490439310147506,0.0,4.593057073397421,0.0,0.09090909090909091
S2,0,W00_C5,20260903,7,W01_C1,0.0,6.677748409991548,0.0,5.506812824634808,0.0,0.09090909090909091
S2,0,W00_C5,7,0,W01_C4,0.0,5.551117559889856,0.0,5.134294405485253,0.0,0.09090909090909091
S2,0,W00_C5,7,1,W01_C3,0.0,5.196040454909722,0.0,5.884782006400612,0.0,0.09090909090909091
S2,0,W00_C5,7,2,W02_C5,0.0,4.286589383013824,0.0,3.85778764410019,0.1,0.09090909090909091
S2,0,W00_C5,7,3,W02_C4,0.0,5.47520148874746,0.0,5.211926474725242,0.0,0.09090909090909091
S2,0,W00_C5,7,4,W02_C6,0.0,4.257970961360899,0.0,3.9491031654077116,0.0,0.09090909090909091
S2,0,W00_C5,7,5,W01_C2,0.0,5.48431807765443,0.0,6.2006102536165635,0.0,0.09090909090909091
S2,0,W00_C5,7,6,W02_C3,0.0,5.046144102043353,0.0,4.593057073397421,0.0,0.09090909090909091
S2,0,W00_C5,7,7,W01_C1,0.0,6.330309963398747,0.0,5.506812824634808,0.0,0.09090909090909091
S2,0,W00_C6,1337,0,W01_C4,0.0,6.014847966616586,0.0,5.15320862423407,0.0,0.0
S2,0,W00_C6,1337,1,W02_C6,0.0,4.541272830027555,0.0,3.8469835703681876,0.0,0.0
S2,0,W00_C6,1337,2,W02_C5,0.0,5.24332879743658,0.0,4.085483932224836,0.0,0.0
S2,0,W00_C6,1337,3,W01_C3,0.0,4.9865015578169425,0.0,5.261622327207749,0.09090909090909091,0.0
S2,0,W00_C6,1337,4,W02_C4,0.0,5.7057826313799955,0.0,4.911714477110682,0.0,0.0
S2,0,W00_C6,1337,5,W01_C2,0.0,4.7359514028263145,0.0,4.366435489548242,0.125,0.0
S2,0,W00_C6,1337,6,W02_C3,0.0,4.786736531631488,0.0,4.928035345245453,0.0,0.0
S2,0,W00_C6,1337,7,W03_C6,0.0,5.062061831486689,0.0,4.4420255477374715,0.0,0.0
S2,0,W00_C6,20260903,0,W01_C4,0.0,6.707871815913659,0.0,5.15320862423407,0.0,0.0
S2,0,W00_C6,20260903,1,W02_C6,0.0,4.486962875147334,0.0,3.8469835703681876,0.0,0.0
S2,0,W00_C6,20260903,2,W02_C5,0.0,4.62852547859195,0.0,4.085483932224836,0.0,0.0
S2,0,W00_C6,20260903,3,W01_C3,0.0,5.910444759845131,0.0,5.261622327207749,0.09090909090909091,0.0
S2,0,W00_C6,20260903,4,W02_C4,0.0,6.026110965934415,0.0,4.911714477110682,0.0,0.0
S2,0,W00_C6,20260903,5,W01_C2,0.0,4.589962729221624,0.0,4.366435489548242,0.0,0.0
S2,0,W00_C6,20260903,6,W02_C3,0.0,5.026445273573054,0.0,4.928035345245453,0.08333333333333333,0.0
S2,0,W00_C6,20260903,7,W03_C6,0.0,4.354574861943665,0.0,4.4420255477374715,0.0,0.0
S2,0,W00_C6,7,0,W01_C4,0.0,6.706585091646781,0.0,5.15320862423407,0.0,0.0
S2,0,W00_C6,7,1,W02_C6,0.0,4.364559793389084,0.0,3.8469835703681876,0.09090909090909091,0.0
S2,0,W00_C6,7,2,W02_C5,0.0,4.573545003986888,0.0,4.085483932224836,0.0,0.0
S2,0,W00_C6,7,3,W01_C3,0.0,5.766882969068893,0.0,5.261622327207749,0.0,0.0
S2,0,W00_C6,7,4,W02_C4,0.0,5.801826924366809,0.0,4.911714477110682,0.0,0.0
S2,0,W00_C6,7,5,W01_C2,0.0,5.5101890135912335,0.0,4.366435489548242,0.0,0.0
S2,0,W00_C6,7,6,W02_C3,0.0,5.23689498091488,0.0,4.928035345245453,0.0,0.0
S2,0,W00_C6,7,7,W03_C6,0.1111111111111111,5.026839171329424,0.0,4.4420255477374715,0.1111111111111111,0.0
S2,0,W00_C7,1337,0,W02_C6,0.0,4.3812727832062475,0.0,3.5841508587025492,0.0,0.0
S2,0,W00_C7,1337,1,W01_C4,0.0,6.564523932919046,0.0,5.110978690233439,0.0,0.0
S2,0,W00_C7,1337,2,W02_C5,0.0,4.8914934028757795,0.0,3.7195618059134667,0.0,0.0
S2,0,W00_C7,1337,3,W01_C3,0.0,5.437423042076946,0.0,6.270628668265216,0.09090909090909091,0.0
S2,0,W00_C7,1337,4,W02_C4,0.0,5.403744570953149,0.0,4.582020666678021,0.0,0.0
S2,0,W00_C7,1337,5,W03_C7,0.0,4.393615602841725,0.0,3.5130338226553146,0.0,0.0
S2,0,W00_C7,1337,6,W03_C6,0.0,4.595736806354718,0.0,4.753502824132857,0.0,0.0
S2,0,W00_C7,1337,7,W03_C8,0.0,5.770259675892587,0.0,7.6206284135812945,0.0,0.0
S2,0,W00_C7,20260903,0,W02_C6,0.0,4.778230842352129,0.0,3.5841508587025492,0.0,0.0
S2,0,W00_C7,20260903,1,W01_C4,0.0,6.278248962834846,0.0,5.110978690233439,0.0,0.0
S2,0,W00_C7,20260903,2,W02_C5,0.0,4.583052051761883,0.0,3.7195618059134667,0.0,0.0
S2,0,W00_C7,20260903,3,W01_C3,0.0,5.763716336118326,0.0,6.270628668265216,0.0,0.0
S2,0,W00_C7,20260903,4,W02_C4,0.0,6.174464635892605,0.0,4.582020666678021,0.0,0.0
S2,0,W00_C7,20260903,5,W03_C7,0.0,4.88837670909986,0.0,3.5130338226553146,0.0,0.0
S2,0,W00_C7,20260903,6,W03_C6,0.0,4.238520744127926,0.0,4.753502824132857,0.0,0.0
S2,0,W00_C7,20260903,7,W03_C8,0.0,6.815505859755256,0.0,7.6206284135812945,0.0,0.0
S2,0,W00_C7,7,0,W02_C6,0.0,4.053717917143199,0.0,3.5841508587025492,0.0,0.0
S2,0,W00_C7,7,1,W01_C4,0.0,6.5070601215830886,0.0,5.110978690233439,0.0,0.0
S2,0,W00_C7,7,2,W02_C5,0.0,4.211308196134864,0.0,3.7195618059134667,0.1111111111111111,0.0
S2,0,W00_C7,7,3,W01_C3,0.0,6.004958652079802,0.0,6.270628668265216,0.0,0.0
S2,0,W00_C7,7,4,W02_C4,0.0,5.213551352246407,0.0,4.582020666678021,0.0,0.0
S2,0,W00_C7,7,5,W03_C7,0.0,5.065783126388666,0.0,3.5130338226553146,0.0,0.0
S2,0,W00_C7,7,6,W03_C6,0.0,4.666155554581296,0.0,4.753502824132857,0.0,0.0
S2,0,W00_C7,7,7,W03_C8,0.0,6.763922400398911,0.0,7.6206284135812945,0.0,0.0
S2,0,W00_C8,1337,0,W02_C6,0.0,4.587314068433828,0.0,4.2073827977737475,0.0,0.0
S2,0,W00_C8,1337,1,W01_C4,0.0,5.700187478205304,0.0,5.420999420394138,0.1111111111111111,0.0
S2,0,W00_C8,1337,2,W02_C5,0.0,5.16878859326314,0.0,4.41033910362146,0.0,0.0
S2,0,W00_C8,1337,3,W03_C8,0.0,5.877889104928022,0.0,6.5609791012336,0.0,0.0
S2,0,W00_C8,1337,4,W03_C7,0.0,3.8826290312347442,0.0,4.087148864521494,0.0,0.0
S2,0,W00_C8,1337,5,W03_C6,0.0,4.66226378229876,0.0,5.381911237430273,0.0,0.0
S2,0,W00_C8,1337,6,W02_C4,0.0,5.327651384052877,0.0,5.945083770143369,0.0,0.0
S2,0,W00_C8,1337,7,W01_C3,0.0,5.522299720047053,0.0,5.089556495568404,0.0,0.0
S2,0,W00_C8,20260903,0,W02_C6,0.0,4.895399815460076,0.0,4.2073827977737475,0.0,0.0
S2,0,W00_C8,20260903,1,W01_C4,0.0,6.857936277844094,0.0,5.420999420394138,0.0,0.0
S2,0,W00_C8,20260903,2,W02_C5,0.0,4.981631305502539,0.0,4.41033910362146,0.0,0.0
S2,0,W00_C8,20260903,3,W03_C8,0.0,6.104760228318536,0.0,6.5609791012336,0.0,0.0
S2,0,W00_C8,20260903,4,W03_C7,0.0,4.901121251885106,0.0,4.087148864521494,0.0,0.0
S2,0,W00_C8,20260903,5,W03_C6,0.0,4.247179931024245,0.0,5.381911237430273,0.0,0.0
S2,0,W00_C8,20260903,6,W02_C4,0.0,6.176497159499398,0.0,5.945083770143369,0.0,0.0
S2,0,W00_C8,20260903,7,W01_C3,0.0,5.81014406447833,0.0,5.089556495568404,0.0,0.0
S2,0,W00_C8,7,0,W02_C6,0.0,4.092544594286625,0.0,4.2073827977737475,0.0,0.0
S2,0,W00_C8,7,1,W01_C4,0.0,5.359551977090371,0.0,5.420999420394138,0.0,0.0
S2,0,W00_C8,7,2,W02_C5,0.0,4.167560131903335,0.0,4.41033910362146,0.14285714285714285,0.0
S2,0,W00_C8,7,3,W03_C8,0.0,6.596264862805092,0.0,6.5609791012336,0.1111111111111111,0.0
S2,0,W00_C8,7,4,W03_C7,0.0,4.281419842280638,0.0,4.087148864521494,0.1111111111111111,0.0
S2,0,W00_C8,7,5,W03_C6,0.0,4.937181228772544,0.0,5.381911237430273,0.0,0.0
S2,0,W00_C8,7,6,W02_C4,0.0,5.216908733829015,0.0,5.945083770143369,0.0,0.0
S2,0,W00_C8,7,7,W01_C3,0.0,5.795110181002248,0.0,5.089556495568404,0.14285714285714285,0.0
S2,1,W01_C1,1337,0,W00_C1,0.0,3.6444249345617186,0.0,5.581038928541786,0.0,0.09090909090909091
S2,1,W01_C1,1337,1,W02_C1,0.0,5.190178475358886,0.0,6.03905383696947,0.06666666666666667,0.09090909090909091
S2,1,W01_C1,1337,2,W00_C2,0.0,4.485867144585805,0.0,5.668918935942209,0.06666666666666667,0.09090909090909091
S2,1,W01_C1,1337,3,W02_C2,0.0,6.521078331326587,0.0,7.416511049275011,0.07142857142857142,0.09090909090909091
S2,1,W01_C1,1337,4,W00_C3,0.0,5.3955665965376545,0.0,5.500582736864427,0.06666666666666667,0.09090909090909091
S2,1,W01_C1,1337,5,W02_C3,0.0,5.144626266126364,0.0,5.1754107929055015,0.07142857142857142,0.09090909090909091
S2,1,W01_C1,1337,6,W03_C1,0.0,5.206307851557798,0.0,4.666050134659231,0.0625,0.09090909090909091
S2,1,W01_C1,1337,7,W03_C2,0.0,3.9772684607402042,0.0,4.5852655438169805,0.0625,0.09090909090909091
S2,1,W01_C1,20260903,0,W00_C1,0.0,4.7614718837004375,0.0,5.581038928541786,0.05555555555555555,0.09090909090909091
S2,1,W01_C1,20260903,1,W02_C1,0.0,5.657923710704142,0.0,6.03905383696947,0.0,0.09090909090909091
S2,1,W01_C1,20260903,2,W00_C2,0.0,5.021863809302827,0.0,5.668918935942209,0.06666666666666667,0.09090909090909091
S2,1,W01_C1,20260903,3,W02_C2,0.0,6.433182223390137,0.0,7.416511049275011,0.06666666666666667,0.09090909090909091
S2,1,W01_C1,20260903,4,W00_C3,0.0,5.197375928351113,0.0,5.500582736864427,0.06666666666666667,0.09090909090909091
S2,1,W01_C1,20260903,5,W02_C3,0.0,5.414027103907826,0.0,5.1754107929055015,0.06666666666666667,0.09090909090909091
S2,1,W01_C1,20260903,6,W03_C1,0.0,4.832668861885134,0.0,4.666050134659231,0.06666666666666667,0.09090909090909091
S2,1,W01_C1,20260903,7,W03_C2,0.0,4.260245424335066,0.0,4.5852655438169805,0.0,0.09090909090909091
S2,1,W01_C1,7,0,W00_C1,0.0,5.109980099262892,0.0,5.581038928541786,0.11764705882352941,0.09090909090909091
S2,1,W01_C1,7,1,W02_C1,0.0,5.776565296715381,0.0,6.03905383696947,0.07142857142857142,0.09090909090909091
S2,1,W01_C1,7,2,W00_C2,0.0,4.548346516471247,0.0,5.668918935942209,0.06666666666666667,0.09090909090909091
S2,1,W01_C1,7,3,W02_C2,0.0,6.256176570518554,0.0,7.416511049275011,0.0,0.09090909090909091
S2,1,W01_C1,7,4,W00_C3,0.0,5.931243394253379,0.0,5.500582736864427,0.07142857142857142,0.09090909090909091
S2,1,W01_C1,7,5,W02_C3,0.0,5.367100968996897,0.0,5.1754107929055015,0.0,0.09090909090909091
S2,1,W01_C1,7,6,W03_C1,0.0,5.215371923933452,0.0,4.666050134659231,0.06666666666666667,0.09090909090909091
S2,1,W01_C1,7,7,W03_C2,0.0,4.229939051406571,0.0,4.5852655438169805,0.0625,0.09090909090909091
S2,1,W01_C2,1337,0,W00_C2,0.0,5.02749174663438,0.0,4.3492403785634846,0.06666666666666667,0.1
S2,1,W01_C2,1337,1,W02_C2,0.0,7.32873071339162,0.0,5.664906938972015,0.13333333333333333,0.1
S2,1,W01_C2,1337,2,W00_C1,0.0,3.7555635541163097,0.0,4.19289090536278,0.0625,0.1
S2,1,W01_C2,1337,3,W00_C3,0.0,5.669834292063227,0.0,5.206319510501677,0.07142857142857142,0.1
S2,1,W01_C2,1337,4,W02_C1,0.0,4.941720361481146,0.0,5.1416917028543985,0.07142857142857142,0.1
S2,1,W01_C2,1337,5,W02_C3,0.0,5.033218576035649,0.0,4.856837682096151,0.07142857142857142,0.1
S2,1,W01_C2,1337,6,W00_C4,0.0,4.925558805250844,0.0,5.288882228346036,0.07142857142857142,0.1
S2,1,W01_C2,1337,7,W02_C4,0.0,6.110535694269645,0.0,5.559364402226143,0.07142857142857142,0.1
S2,1,W01_C2,20260903,0,W00_C2,0.0,4.97177004553538,0.0,4.3492403785634846,0.0,0.1
S2,1,W01_C2,20260903,1,W02_C2,0.0,6.4760706887589325,0.0,5.664906938972015,0.0,0.1
S2,1,W01_C2,20260903,2,W00_C1,0.0,4.508392626296178,0.0,4.19289090536278,0.058823529411764705,0.1
S2,1,W01_C2,20260903,3,W00_C3,0.0,4.9959366051646255,0.0,5.206319510501677,0.0,0.1
S2,1,W01_C2,20260903,4,W02_C1,0.0,6.074934108846671,0.0,5.1416917028543985,0.0625,0.1
S2,1,W01_C2,20260903,5,W02_C3,0.0,5.451862400072258,0.0,4.856837682096151,0.07142857142857142,0.1
S2,1,W01_C2,20260903,6,W00_C4,0.0,5.116337896677806,0.0,5.288882228346036,0.0,0.1
S2,1,W01_C2,20260903,7,W02_C4,0.0,5.364131824824094,0.0,5.559364402226143,0.0,0.1
S2,1,W01_C2,7,0,W00_C2,0.0,4.711824569608977,0.0,4.3492403785634846,0.0625,0.1
S2,1,W01_C2,7,1,W02_C2,0.0,6.496142089871981,0.0,5.664906938972015,0.0625,0.1
S2,1,W01_C2,7,2,W00_C1,0.0,5.04797813755503,0.0,4.19289090536278,0.0,0.1
S2,1,W01_C2,7,3,W00_C3,0.0,5.66673128516813,0.0,5.206319510501677,0.06666666666666667,0.1
S2,1,W01_C2,7,4,W02_C1,0.0,5.705174376421259,0.0,5.1416917028543985,0.06666666666666667,0.1
S2,1,W01_C2,7,5,W02_C3,0.0,5.535285501213246,0.0,4.856837682096151,0.07142857142857142,0.1
S2,1,W01_C2,7,6,W00_C4,0.0,5.412754772096347,0.0,5.288882228346036,0.0,0.1
S2,1,W01_C2,7,7,W02_C4,0.0,5.945511383012208,0.0,5.559364402226143,0.06666666666666667,0.1
S2,1,W01_C3,1337,0,W00_C3,0.0,5.629833930636054,0.0,7.349900830497454,0.0,0.0
S2,1,W01_C3,1337,1,W02_C3,0.07142857142857142,4.9567121013773345,0.0,5.899877252246803,0.07142857142857142,0.0
S2,1,W01_C3,1337,2,W00_C2,0.0,4.739359586497775,0.0,5.215921883538368,0.06666666666666667,0.0
S2,1,W01_C3,1337,3,W00_C4,0.0,4.6914938016042935,0.0,5.633017333182298,0.07142857142857142,0.0
S2,1,W01_C3,1337,4,W02_C4,0.0,5.363778356901267,0.0,6.350323739535091,0.06666666666666667,0.0
S2,1,W01_C3,1337,5,W02_C2,0.0,7.122326746845842,0.0,6.59467423910115,0.07142857142857142,0.0
S2,1,W01_C3,1337,6,W00_C5,0.0,5.744202946077069,0.0,5.828555988052729,0.07142857142857142,0.0
S2,1,W01_C3,1337,7,W00_C1,0.0,3.6025336590349326,0.0,5.867486059936014,0.0,0.0
S2,1,W01_C3,20260903,0,W00_C3,0.0,5.3503046842849376,0.0,7.349900830497454,0.06666666666666667,0.0
S2,1,W01_C3,20260903,1,W02_C3,0.0,5.701818286383399,0.0,5.899877252246803,0.0,0.0
S2,1,W01_C3,20260903,2,W00_C2,0.0,4.828968697428025,0.0,5.215921883538368,0.0,0.0
S2,1,W01_C3,20260903,3,W00_C4,0.0,4.9286435486124445,0.0,5.633017333182298,0.0,0.0
S2,1,W01_C3,20260903,4,W02_C4,0.0,5.5734134311372,0.0,6.350323739535091,0.0,0.0
S2,1,W01_C3,20260903,5,W02_C2,0.0,6.601619837822478,0.0,6.59467423910115,0.06666666666666667,0.0
S2,1,W01_C3,20260903,6,W00_C5,0.0,5.253892419589859,0.0,5.828555988052729,0.0,0.0
S2,1,W01_C3,20260903,7,W00_C1,0.0,4.455740610554595,0.0,5.867486059936014,0.0,0.0
S2,1,W01_C3,7,0,W00_C3,0.0,5.947816783184103,0.0,7.349900830497454,0.0,0.0
S2,1,W01_C3,7,1,W02_C3,0.0,5.356727495001805,0.0,5.899877252246803,0.0,0.0
S2,1,W01_C3,7,2,W00_C2,0.0,4.655144271592955,0.0,5.215921883538368,0.0625,0.0
S2,1,W01_C3,7,3,W00_C4,0.0,5.66221045498501,0.0,5.633017333182298,0.0,0.0
S2,1,W01_C3,7,4,W02_C4,0.0,5.4704010182572675,0.0,6.350323739535091,0.0,0.0
S2,1,W01_C3,7,5,W02_C2,0.0,6.489367956018517,0.0,6.59467423910115,0.0,0.0
S2,1,W01_C3,7,6,W00_C5,0.0,5.743861437452007,0.0,5.828555988052729,0.0,0.0
S2,1,W01_C3,7,7,W00_C1,0.0,5.000967965296283,0.0,5.867486059936014,0.05555555555555555,0.0
S2,1,W01_C4,1337,0,W00_C4,0.0,5.165536265883402,0.0,5.624301394077428,0.07142857142857142,0.0
S2,1,W01_C4,1337,1,W02_C4,0.0,5.755978519494454,0.0,4.46460093148074,0.07142857142857142,0.0
S2,1,W01_C4,1337,2,W00_C3,0.0,5.48070116370574,0.0,5.640169810440027,0.07142857142857142,0.0
S2,1,W01_C4,1337,3,W00_C5,0.0,5.416935056244523,0.0,4.6721097169646315,0.06666666666666667,0.0
S2,1,W01_C4,1337,4,W02_C3,0.0,5.48384854450142,0.0,5.433527303115726,0.07142857142857142,0.0
S2,1,W01_C4,1337,5,W02_C5,0.0,4.30762420377946,0.0,4.2639972841772815,0.06666666666666667,0.0
S2,1,W01_C4,1337,6,W00_C2,0.0,4.571612775103986,0.0,4.3276812055572025,0.0625,0.0
S2,1,W01_C4,1337,7,W00_C6,0.0,4.730377241701193,0.0,4.476489828204605,0.07142857142857142,0.0
S2,1,W01_C4,20260903,0,W00_C4,0.0,4.8797309475637825,0.0,5.624301394077428,0.0,0.0
S2,1,W01_C4,20260903,1,W02_C4,0.0,5.4756720631848275,0.0,4.46460093148074,0.06666666666666667,0.0
S2,1,W01_C4,20260903,2,W00_C3,0.06666666666666667,5.188403962552128,0.0,5.640169810440027,0.06666666666666667,0.0
S2,1,W01_C4,20260903,3,W00_C5,0.0,5.425560845420508,0.0,4.6721097169646315,0.0,0.0
S2,1,W01_C4,20260903,4,W02_C3,0.0,5.155271467257295,0.0,5.433527303115726,0.07142857142857142,0.0
S2,1,W01_C4,20260903,5,W02_C5,0.0,4.599723001498998,0.0,4.2639972841772815,0.06666666666666667,0.0
S2,1,W01_C4,20260903,6,W00_C2,0.0,4.73131319931918,0.0,4.3276812055572025,0.06666666666666667,0.0
S2,1,W01_C4,20260903,7,W00_C6,0.0,5.192957541862043,0.0,4.476489828204605,0.07142857142857142,0.0
S2,1,W01_C4,7,0,W00_C4,0.0,5.333285675097389,0.0,5.624301394077428,0.07142857142857142,0.0
S2,1,W01_C4,7,1,W02_C4,0.0,5.587048122073036,0.0,4.46460093148074,0.0,0.0
S2,1,W01_C4,7,2,W00_C3,0.0,5.548005776857317,0.0,5.640169810440027,0.06666666666666667,0.0
S2,1,W01_C4,7,3,W00_C5,0.0,5.915847033935279,0.0,4.6721097169646315,0.0,0.0
S2,1,W01_C4,7,4,W02_C3,0.0,5.393374749367967,0.0,5.433527303115726,0.06666666666666667,0.0
S2,1,W01_C4,7,5,W02_C5,0.0,4.720003390271787,0.0,4.2639972841772815,0.06666666666666667,0.0
S2,1,W01_C4,7,6,W00_C2,0.0,4.750694323629366,0.0,4.3276812055572025,0.0625,0.0
S2,1,W01_C4,7,7,W00_C6,0.0,5.922391519251536,0.0,4.476489828204605,0.06666666666666667,0.0
S2,2,W02_C1,1337,0,W03_C1,0.0,5.711739407603938,0.0,6.433415097170432,0.07692307692307693,0.07142857142857142
S2,2,W02_C1,1337,1,W01_C1,0.0,5.424785172030448,0.0,6.267842232770012,0.08333333333333333,0.07142857142857142
S2,2,W02_C1,1337,2,W03_C2,0.0,3.9059390966628245,0.0,5.6609766346147135,0.06666666666666667,0.07142857142857142
S2,2,W02_C1,1337,3,W01_C2,0.0,5.286443018880141,0.0,5.076620365644073,0.0,0.07142857142857142
S2,2,W02_C1,1337,4,W03_C3,0.0,4.810784900269296,0.0,5.2590490509893995,0.0,0.07142857142857142
S2,2,W02_C1,1337,5,W01_C3,0.0,6.276971027913463,0.0,7.081000049178086,0.0,0.07142857142857142
S2,2,W02_C1,1337,6,W04_C1,0.0,4.861472473426636,0.0,5.116445411987015,0.0,0.07142857142857142
S2,2,W02_C1,1337,7,W04_C2,0.0,5.526671309845021,0.0,3.89908135419029,0.07142857142857142,0.07142857142857142
S2,2,W02_C1,20260903,0,W03_C1,0.0,5.422652567966151,0.0,6.433415097170432,0.07142857142857142,0.07142857142857142
S2,2,W02_C1,20260903,1,W01_C1,0.0,5.6823233748010145,0.0,6.267842232770012,0.07142857142857142,0.07142857142857142
S2,2,W02_C1,20260903,2,W03_C2,0.0,4.365453544688024,0.0,5.6609766346147135,0.0,0.07142857142857142
S2,2,W02_C1,20260903,3,W01_C2,0.0,5.441007448333608,0.0,5.076620365644073,0.0,0.07142857142857142
S2,2,W02_C1,20260903,4,W03_C3,0.0,4.71659449025929,0.0,5.2590490509893995,0.07142857142857142,0.07142857142857142
S2,2,W02_C1,20260903,5,W01_C3,0.0,6.67718248266282,0.0,7.081000049178086,0.07142857142857142,0.07142857142857142
S2,2,W02_C1,20260903,6,W04_C1,0.0,4.855391186117222,0.0,5.116445411987015,0.07142857142857142,0.07142857142857142
S2,2,W02_C1,20260903,7,W04_C2,0.0,4.378253896969064,0.0,3.89908135419029,0.0,0.07142857142857142
S2,2,W02_C1,7,0,W03_C1,0.0,4.5742311549299774,0.0,6.433415097170432,0.058823529411764705,0.07142857142857142
S2,2,W02_C1,7,1,W01_C1,0.0,4.997792309063836,0.0,6.267842232770012,0.07692307692307693,0.07142857142857142
S2,2,W02_C1,7,2,W03_C2,0.0,4.287604389706508,0.0,5.6609766346147135,0.0625,0.07142857142857142
S2,2,W02_C1,7,3,W01_C2,0.0,5.547570346166533,0.0,5.076620365644073,0.07142857142857142,0.07142857142857142
S2,2,W02_C1,7,4,W03_C3,0.0,4.51366552308777,0.0,5.2590490509893995,0.0,0.07142857142857142
S2,2,W02_C1,7,5,W01_C3,0.0,6.017905993119785,0.0,7.081000049178086,0.0,0.07142857142857142
S2,2,W02_C1,7,6,W04_C1,0.0,5.3322154542787334,0.0,5.116445411987015,0.07692307692307693,0.07142857142857142
S2,2,W02_C1,7,7,W04_C2,0.0,5.042900725371639,0.0,3.89908135419029,0.07692307692307693,0.07142857142857142
S2,2,W02_C2,1337,0,W03_C2,0.0,4.565088584808782,0.0,5.347441749431825,0.07692307692307693,0.0
S2,2,W02_C2,1337,1,W01_C2,0.07142857142857142,5.101858927582753,0.0,5.045174992531973,0.07142857142857142,0.0
S2,2,W02_C2,1337,2,W03_C1,0.0,4.789843983562137,0.0,4.898883416372845,0.0,0.0
S2,2,W02_C2,1337,3,W03_C3,0.0,5.046380912222718,0.0,5.692874608959742,0.0,0.0
S2,2,W02_C2,1337,4,W01_C1,0.0,5.405101432410553,0.0,6.249594760589833,0.0,0.0
S2,2,W02_C2,1337,5,W01_C3,0.0,6.495184183018066,0.0,6.391668868012393,0.0,0.0
S2,2,W02_C2,1337,6,W03_C4,0.0,4.7714122820194556,0.0,6.450897402347701,0.0,0.0
S2,2,W02_C2,1337,7,W01_C4,0.0,6.1529214040548315,0.0,8.198629966225344,0.0,0.0
S2,2,W02_C2,20260903,0,W03_C2,0.0,4.688929711545694,0.0,5.347441749431825,0.0,0.0
S2,2,W02_C2,20260903,1,W01_C2,0.0,5.753685812442635,0.0,5.045174992531973,0.0,0.0
S2,2,W02_C2,20260903,2,W03_C1,0.0,5.041423207790041,0.0,4.898883416372845,0.0,0.0
S2,2,W02_C2,20260903,3,W03_C3,0.0,4.685391879233273,0.0,5.692874608959742,0.0,0.0
S2,2,W02_C2,20260903,4,W01_C1,0.0,5.838887571520033,0.0,6.249594760589833,0.0,0.0
S2,2,W02_C2,20260903,5,W01_C3,0.0,6.279853420222836,0.0,6.391668868012393,0.0,0.0
S2,2,W02_C2,20260903,6,W03_C4,0.0,5.084536340334209,0.0,6.450897402347701,0.0,0.0
S2,2,W02_C2,20260903,7,W01_C4,0.0,7.62178965723633,0.0,8.198629966225344,0.06666666666666667,0.0
S2,2,W02_C2,7,0,W03_C2,0.0,4.4069643576501765,0.0,5.347441749431825,0.0,0.0
S2,2,W02_C2,7,1,W01_C2,0.0,5.356025062912928,0.0,5.045174992531973,0.07692307692307693,0.0
S2,2,W02_C2,7,2,W03_C1,0.0,4.839820882118601,0.0,4.898883416372845,0.05263157894736842,0.0
S2,2,W02_C2,7,3,W03_C3,0.0,4.745203429066751,0.0,5.692874608959742,0.0,0.0
S2,2,W02_C2,7,4,W01_C1,0.0,5.663936256325265,0.0,6.249594760589833,0.0,0.0
S2,2,W02_C2,7,5,W01_C3,0.0,6.057755305650046,0.0,6.391668868012393,0.0,0.0
S2,2,W02_C2,7,6,W03_C4,0.0,4.433620974623286,0.0,6.450897402347701,0.0,0.0
S2,2,W02_C2,7,7,W01_C4,0.0,6.4266230583646005,0.0,8.198629966225344,0.06666666666666667,0.0
S2,2,W02_C3,1337,0,W03_C3,0.0,4.734532823664696,0.0,5.006679114809478,0.06666666666666667,0.0
S2,2,W02_C3,1337,1,W01_C3,0.0,6.248573952320145,0.0,6.114376028874759,0.0,0.0
S2,2,W02_C3,1337,2,W03_C4,0.0,4.625477706352906,0.0,5.011147212104455,0.0,0.0
S2,2,W02_C3,1337,3,W03_C2,0.0,4.268010265365942,0.0,4.7536786218053475,0.0,0.0
S2,2,W02_C3,1337,4,W01_C4,0.0,5.455550887082505,0.0,7.014087588032798,0.0,0.0
S2,2,W02_C3,1337,5,W01_C2,0.0,4.806535467782233,0.0,5.2431131764152,0.0,0.0
S2,2,W02_C3,1337,6,W03_C5,0.0,4.586707713093397,0.0,4.557493343701957,0.0,0.0
S2,2,W02_C3,1337,7,W03_C1,0.0,5.230637261055921,0.0,5.318484749236861,0.0,0.0
S2,2,W02_C3,20260903,0,W03_C3,0.0,4.852673607001449,0.0,5.006679114809478,0.07142857142857142,0.0
S2,2,W02_C3,20260903,1,W01_C3,0.0,6.568784654993398,0.0,6.114376028874759,0.0,0.0
S2,2,W02_C3,20260903,2,W03_C4,0.0,5.634797313163521,0.0,5.011147212104455,0.0,0.0
S2,2,W02_C3,20260903,3,W03_C2,0.0,4.521106982432886,0.0,4.7536786218053475,0.0,0.0
S2,2,W02_C3,20260903,4,W01_C4,0.0,7.7053595973946365,0.0,7.014087588032798,0.06666666666666667,0.0
S2,2,W02_C3,20260903,5,W01_C2,0.0,5.837294931308729,0.0,5.2431131764152,0.0,0.0
S2,2,W02_C3,20260903,6,W03_C5,0.0,4.307973329788604,0.0,4.557493343701957,0.07142857142857142,0.0
S2,2,W02_C3,20260903,7,W03_C1,0.0,5.382031764202627,0.0,5.318484749236861,0.07142857142857142,0.0
S2,2,W02_C3,7,0,W03_C3,0.0,4.691864095992333,0.0,5.006679114809478,0.0625,0.0
S2,2,W02_C3,7,1,W01_C3,0.0,6.138595592898152,0.0,6.114376028874759,0.0,0.0
S2,2,W02_C3,7,2,W03_C4,0.0,4.43235857834139,0.0,5.011147212104455,0.0,0.0
S2,2,W02_C3,7,3,W03_C2,0.0,4.5112846863353635,0.0,4.7536786218053475,0.0625,0.0
S2,2,W02_C3,7,4,W01_C4,0.0,7.069014893345132,0.0,7.014087588032798,0.07142857142857142,0.0
S2,2,W02_C3,7,5,W01_C2,0.0,5.901338149385856,0.0,5.2431131764152,0.07692307692307693,0.0
S2,2,W02_C3,7,6,W03_C5,0.0,4.703669120830279,0.0,4.557493343701957,0.0625,0.0
S2,2,W02_C3,7,7,W03_C1,0.0,4.791254915231154,0.0,5.318484749236861,0.0,0.0
S2,2,W02_C4,1337,0,W03_C4,0.0,4.903321941552229,0.0,6.1068260916554955,0.0,0.0
S2,2,W02_C4,1337,1,W01_C4,0.0,5.338920607108616,0.0,6.826894803661057,0.0,0.0
S2,2,W02_C4,1337,2,W03_C3,0.0,4.681320878671221,0.0,5.839800341032958,0.0,0.0
S2,2,W02_C4,1337,3,W03_C5,0.0,4.734749302547364,0.0,4.795812926195253,0.07142857142857142,0.0
S2,2,W02_C4,1337,4,W01_C3,0.0,6.385018668602687,0.0,7.031949682935589,0.0,0.0
S2,2,W02_C4,1337,5,W03_C2,0.0,4.163386547960843,0.0,4.865834018449165,0.07142857142857142,0.0
S2,2,W02_C4,1337,6,W03_C6,0.0,5.007571201477039,0.0,5.388296914145659,0.0,0.0
S2,2,W02_C4,1337,7,W01_C2,0.0,5.383418750075829,0.0,5.700998480316182,0.0,0.0
S2,2,W02_C4,20260903,0,W03_C4,0.0,4.984072947731991,0.0,6.1068260916554955,0.0,0.0
S2,2,W02_C4,20260903,1,W01_C4,0.0,8.234010758754595,0.0,6.826894803661057,0.06666666666666667,0.0
S2,2,W02_C4,20260903,2,W03_C3,0.0,5.05140441446491,0.0,5.839800341032958,0.0625,0.0
S2,2,W02_C4,20260903,3,W03_C5,0.07142857142857142,4.340375456233714,0.0,4.795812926195253,0.07142857142857142,0.0
S2,2,W02_C4,20260903,4,W01_C3,0.07692307692307693,6.31763780568527,0.0,7.031949682935589,0.07692307692307693,0.0
S2,2,W02_C4,20260903,5,W03_C2,0.0,4.496579865457177,0.0,4.865834018449165,0.0,0.0
S2,2,W02_C4,20260903,6,W03_C6,0.0,4.5052853604136125,0.0,5.388296914145659,0.0,0.0
S2,2,W02_C4,20260903,7,W01_C2,0.0,5.876709109855513,0.0,5.700998480316182,0.0,0.0
S2,2,W02_C4,7,0,W03_C4,0.0,4.54873005519431,0.0,6.1068260916554955,0.0,0.0
S2,2,W02_C4,7,1,W01_C4,0.0,6.489364807593331,0.0,6.826894803661057,0.07142857142857142,0.0
S2,2,W02_C4,7,2,W03_C3,0.0,4.535884133931437,0.0,5.839800341032958,0.05555555555555555,0.0
S2,2,W02_C4,7,3,W03_C5,0.0,4.824515275413317,0.0,4.795812926195253,0.0625,0.0
S2,2,W02_C4,7,4,W01_C3,0.0,6.21298502503374,0.0,7.031949682935589,0.0,0.0
S2,2,W02_C4,7,5,W03_C2,0.0,4.147254571186522,0.0,4.865834018449165,0.0,0.0
S2,2,W02_C4,7,6,W03_C6,0.0,4.196675199518963,0.0,5.388296914145659,0.06666666666666667,0.0
S2,2,W02_C4,7,7,W01_C2,0.0,5.123295425877955,0.0,5.700998480316182,0.08333333333333333,0.0
S2,2,W02_C5,1337,0,W03_C5,0.0,4.55041484024864,0.0,4.964242821226265,0.0,0.0625
S2,2,W02_C5,1337,1,W03_C4,0.0,4.451359773611699,0.0,4.14868399157376,0.0,0.0625
S2,2,W02_C5,1337,2,W03_C6,0.0,4.877034452779855,0.0,4.533496783358725,0.0,0.0625
S2,2,W02_C5,1337,3,W01_C4,0.0,5.393398658549491,0.0,6.168397575310962,0.0,0.0625
S2,2,W02_C5,1337,4,W03_C3,0.0,4.684127134149116,0.0,4.295625150526751,0.0,0.0625
S2,2,W02_C5,1337,5,W03_C7,0.0,4.579069554088194,0.0625,4.10311841333495,0.0,0.0625
S2,2,W02_C5,1337,6,W01_C3,0.0,6.4274747844537,0.0,6.529848078918339,0.08333333333333333,0.0625
S2,2,W02_C5,1337,7,W04_C5,0.0,5.62325757527743,0.0,4.71009630284033,0.0,0.0625
S2,2,W02_C5,20260903,0,W03_C5,0.0,4.528210396725855,0.0,4.964242821226265,0.0,0.0625
S2,2,W02_C5,20260903,1,W03_C4,0.0,5.023258705519962,0.0,4.14868399157376,0.0625,0.0625
S2,2,W02_C5,20260903,2,W03_C6,0.0,4.420167750544741,0.0,4.533496783358725,0.0,0.0625
S2,2,W02_C5,20260903,3,W01_C4,0.0,7.810297292359195,0.0,6.168397575310962,0.0,0.0625
S2,2,W02_C5,20260903,4,W03_C3,0.0,4.835587991929842,0.0,4.295625150526751,0.0625,0.0625
S2,2,W02_C5,20260903,5,W03_C7,0.0,5.661994329419438,0.0625,4.10311841333495,0.0,0.0625
S2,2,W02_C5,20260903,6,W01_C3,0.0,6.325432508376248,0.0,6.529848078918339,0.0,0.0625
S2,2,W02_C5,20260903,7,W04_C5,0.0,4.950792604169971,0.0,4.71009630284033,0.07692307692307693,0.0625
S2,2,W02_C5,7,0,W03_C5,0.0,4.719609456644355,0.0,4.964242821226265,0.06666666666666667,0.0625
S2,2,W02_C5,7,1,W03_C4,0.0,4.434262452044056,0.0,4.14868399157376,0.0,0.0625
S2,2,W02_C5,7,2,W03_C6,0.0,4.530707058547572,0.0,4.533496783358725,0.07142857142857142,0.0625
S2,2,W02_C5,7,3,W01_C4,0.0,7.4287857805856445,0.0,6.168397575310962,0.0,0.0625
S2,2,W02_C5,7,4,W03_C3,0.0,4.648906996518336,0.0,4.295625150526751,0.0,0.0625
S2,2,W02_C5,7,5,W03_C7,0.0,4.788758335880782,0.0625,4.10311841333495,0.0,0.0625
S2,2,W02_C5,7,6,W01_C3,0.0,5.786788007565283,0.0,6.529848078918339,0.0,0.0625
S2,2,W02_C5,7,7,W04_C5,0.0,5.9398159590081,0.0,4.71009630284033,0.0,0.0625
S2,2,W02_C6,1337,0,W03_C6,0.0,4.5182081626600095,0.0,5.178493228446711,0.07142857142857142,0.07142857142857142
S2,2,W02_C6,1337,1,W03_C5,0.0,4.620628177921788,0.0,4.436408361096138,0.07142857142857142,0.07142857142857142
S2,2,W02_C6,1337,2,W03_C7,0.0,4.859225762896192,0.0,4.2569778704004895,0.0,0.07142857142857142
S2,2,W02_C6,1337,3,W03_C4,0.0,4.796218713180273,0.0,4.832469368297763,0.0,0.07142857142857142
S2,2,W02_C6,1337,4,W03_C8,0.0,7.530966533138296,0.0,6.337677148233358,0.0,0.07142857142857142
S2,2,W02_C6,1337,5,W01_C4,0.0,5.306975455321884,0.0,6.800435712654006,0.0,0.07142857142857142
S2,2,W02_C6,1337,6,W04_C6,0.0,5.00973544732622,0.0,4.53232072970632,0.07692307692307693,0.07142857142857142
S2,2,W02_C6,1337,7,W04_C5,0.0,5.6319140065120745,0.0,5.594578878709904,0.07692307692307693,0.07142857142857142
S2,2,W02_C6,20260903,0,W03_C6,0.0,5.124036276074478,0.0,5.178493228446711,0.07692307692307693,0.07142857142857142
S2,2,W02_C6,20260903,1,W03_C5,0.07142857142857142,4.29711704086698,0.0,4.436408361096138,0.07142857142857142,0.07142857142857142
S2,2,W02_C6,20260903,2,W03_C7,0.0,5.549320755428874,0.0,4.2569778704004895,0.0,0.07142857142857142
S2,2,W02_C6,20260903,3,W03_C4,0.0,5.002217712052797,0.0,4.832469368297763,0.0625,0.07142857142857142
S2,2,W02_C6,20260903,4,W03_C8,0.0,6.09228132833646,0.0,6.337677148233358,0.0,0.07142857142857142
S2,2,W02_C6,20260903,5,W01_C4,0.0,7.547017142491934,0.0,6.800435712654006,0.06666666666666667,0.07142857142857142
S2,2,W02_C6,20260903,6,W04_C6,0.0,4.346553463592779,0.0,4.53232072970632,0.08333333333333333,0.07142857142857142
S2,2,W02_C6,20260903,7,W04_C5,0.0,5.389396475068351,0.0,5.594578878709904,0.0,0.07142857142857142
S2,2,W02_C6,7,0,W03_C6,0.0,4.526464976050532,0.0,5.178493228446711,0.0,0.07142857142857142
S2,2,W02_C6,7,1,W03_C5,0.0,4.656025380375659,0.0,4.436408361096138,0.07142857142857142,0.07142857142857142
S2,2,W02_C6,7,2,W03_C7,0.0,4.72954818478488,0.0,4.2569778704004895,0.0,0.07142857142857142
S2,2,W02_C6,7,3,W03_C4,0.058823529411764705,3.9555524192183666,0.0,4.832469368297763,0.058823529411764705,0.07142857142857142
S2,2,W02_C6,7,4,W03_C8,0.0,6.486542984154657,0.0,6.337677148233358,0.07142857142857142,0.07142857142857142
S2,2,W02_C6,7,5,W01_C4,0.0,7.383028352030649,0.0,6.800435712654006,0.08333333333333333,0.07142857142857142
S2,2,W02_C6,7,6,W04_C6,0.0,4.807475550850743,0.0,4.53232072970632,0.0,0.07142857142857142
S2,2,W02_C6,7,7,W04_C5,0.0,5.658600206858098,0.0,5.594578878709904,0.07142857142857142,0.07142857142857142
S2,3,W03_C1,1337,0,W04_C1,0.0,4.9953168261759755,0.0,5.346203867004162,0.08333333333333333,0.0625
S2,3,W03_C1,1337,1,W02_C1,0.0,5.611516990416647,0.0,6.913975747345385,0.0,0.0625
S2,3,W03_C1,1337,2,W04_C2,0.0,5.064731341462274,0.0,5.334139412391829,0.06666666666666667,0.0625
S2,3,W03_C1,1337,3,W02_C2,0.0,6.174439209889436,0.0,5.901563321149839,0.0,0.0625
S2,3,W03_C1,1337,4,W04_C3,0.0,3.9250312898642115,0.0,3.8543407795586235,0.058823529411764705,0.0625
S2,3,W03_C1,1337,5,W02_C3,0.0,6.063536779690993,0.0,5.586638111561129,0.07142857142857142,0.0625
S2,3,W03_C1,1337,6,W05_C1,0.0,4.835101058300344,0.0,4.932376853226762,0.058823529411764705,0.0625
S2,3,W03_C1,1337,7,W05_C2,0.0,3.8238718255476627,0.0,4.8179484727415325,0.05555555555555555,0.0625
S2,3,W03_C1,20260903,0,W04_C1,0.0,5.13688656930954,0.0,5.346203867004162,0.07692307692307693,0.0625
S2,3,W03_C1,20260903,1,W02_C1,0.0,6.203287805540121,0.0,6.913975747345385,0.0,0.0625
S2,3,W03_C1,20260903,2,W04_C2,0.0,5.069191599615007,0.0,5.334139412391829,0.0,0.0625
S2,3,W03_C1,20260903,3,W02_C2,0.0,7.040200426639664,0.0,5.901563321149839,0.0,0.0625
S2,3,W03_C1,20260903,4,W04_C3,0.0,4.3667132974464105,0.0,3.8543407795586235,0.0,0.0625
S2,3,W03_C1,20260903,5,W02_C3,0.0,5.100978937644507,0.0,5.586638111561129,0.07692307692307693,0.0625
S2,3,W03_C1,20260903,6,W05_C1,0.0,4.176686174381739,0.0,4.932376853226762,0.05555555555555555,0.0625
S2,3,W03_C1,20260903,7,W05_C2,0.0,3.976811027204508,0.0,4.8179484727415325,0.0,0.0625
S2,3,W03_C1,7,0,W04_C1,0.0,4.559260729482801,0.0,5.346203867004162,0.08333333333333333,0.0625
S2,3,W03_C1,7,1,W02_C1,0.0,5.55975991109489,0.0,6.913975747345385,0.0625,0.0625
S2,3,W03_C1,7,2,W04_C2,0.0,5.033549214604801,0.0,5.334139412391829,0.07142857142857142,0.0625
S2,3,W03_C1,7,3,W02_C2,0.0,6.578148707648128,0.0,5.901563321149839,0.0,0.0625
S2,3,W03_C1,7,4,W04_C3,0.0,4.057738228914363,0.0,3.8543407795586235,0.0,0.0625
S2,3,W03_C1,7,5,W02_C3,0.0,5.706914143398876,0.0,5.586638111561129,0.0,0.0625
S2,3,W03_C1,7,6,W05_C1,0.0,3.986826865105096,0.0,4.932376853226762,0.058823529411764705,0.0625
S2,3,W03_C1,7,7,W05_C2,0.0,3.754557647995565,0.0,4.8179484727415325,0.0,0.0625
S2,3,W03_C2,1337,0,W04_C2,0.0,5.569498416485424,0.0,5.7898990266243215,0.07142857142857142,0.0
S2,3,W03_C2,1337,1,W02_C2,0.0,5.994267392118968,0.0,7.770479623582882,0.0,0.0
S2,3,W03_C2,1337,2,W04_C1,0.0,4.970621766747258,0.0,5.132475480181314,0.0,0.0
S2,3,W03_C2,1337,3,W04_C3,0.0,4.075319983079643,0.0,4.6575007061959575,0.0,0.0
S2,3,W03_C2,1337,4,W02_C1,0.0,5.530266969836445,0.0,6.02528974115593,0.058823529411764705,0.0
S2,3,W03_C2,1337,5,W02_C3,0.0,5.83456736616726,0.0,5.254705586441926,0.0,0.0
S2,3,W03_C2,1337,6,W04_C4,0.07142857142857142,5.734294125524154,0.0,5.482245886437958,0.07142857142857142,0.0
S2,3,W03_C2,1337,7,W02_C4,0.0,5.679452717979647,0.0,5.49534883355594,0.0,0.0
S2,3,W03_C2,20260903,0,W04_C2,0.0,5.001776743829533,0.0,5.7898990266243215,0.0,0.0
S2,3,W03_C2,20260903,1,W02_C2,0.0,7.0221714346289,0.0,7.770479623582882,0.0,0.0
S2,3,W03_C2,20260903,2,W04_C1,0.0,5.036213319769283,0.0,5.132475480181314,0.0625,0.0
S2,3,W03_C2,20260903,3,W04_C3,0.0,4.402870364365719,0.0,4.6575007061959575,0.05555555555555555,0.0
S2,3,W03_C2,20260903,4,W02_C1,0.0,5.778923907394039,0.0,6.02528974115593,0.0625,0.0
S2,3,W03_C2,20260903,5,W02_C3,0.0,4.654390355627292,0.0,5.254705586441926,0.0,0.0
S2,3,W03_C2,20260903,6,W04_C4,0.0,4.918926492477417,0.0,5.482245886437958,0.07692307692307693,0.0
S2,3,W03_C2,20260903,7,W02_C4,0.0,5.450458767444903,0.0,5.49534883355594,0.0,0.0
S2,3,W03_C2,7,0,W04_C2,0.0,5.131493556728549,0.0,5.7898990266243215,0.07142857142857142,0.0
S2,3,W03_C2,7,1,W02_C2,0.0,6.821132576952039,0.0,7.770479623582882,0.08333333333333333,0.0
S2,3,W03_C2,7,2,W04_C1,0.0,4.569026376382454,0.0,5.132475480181314,0.0,0.0
S2,3,W03_C2,7,3,W04_C3,0.0,4.560101298562389,0.0,4.6575007061959575,0.058823529411764705,0.0
S2,3,W03_C2,7,4,W02_C1,0.07142857142857142,5.697650041785932,0.0,6.02528974115593,0.07142857142857142,0.0
S2,3,W03_C2,7,5,W02_C3,0.0,5.276679301238601,0.0,5.254705586441926,0.0,0.0
S2,3,W03_C2,7,6,W04_C4,0.0,4.754415299962074,0.0,5.482245886437958,0.0,0.0
S2,3,W03_C2,7,7,W02_C4,0.0,5.4112007314852155,0.0,5.49534883355594,0.0,0.0
S2,3,W03_C3,1337,0,W04_C3,0.0,4.334482884361919,0.0,4.608959875776379,0.0,0.05555555555555555
S2,3,W03_C3,1337,1,W02_C3,0.0,5.339919492171781,0.0,5.381350922275674,0.0,0.05555555555555555
S2,3,W03_C3,1337,2,W04_C4,0.0625,4.9819491440593,0.05555555555555555,4.616697437976992,0.0625,0.05555555555555555
S2,3,W03_C3,1337,3,W04_C2,0.0,5.524767275464242,0.0,5.891718639222329,0.058823529411764705,0.05555555555555555
S2,3,W03_C3,1337,4,W02_C4,0.0,5.071970697781665,0.0,5.372472626677396,0.0,0.05555555555555555
S2,3,W03_C3,1337,5,W02_C2,0.0,5.917085493825687,0.0,7.339703617678631,0.0,0.05555555555555555
S2,3,W03_C3,1337,6,W04_C5,0.0,6.100566466634324,0.0,5.626980359713693,0.08333333333333333,0.05555555555555555
S2,3,W03_C3,1337,7,W04_C1,0.0,4.769290064084176,0.0,3.761906806857313,0.07692307692307693,0.05555555555555555
S2,3,W03_C3,20260903,0,W04_C3,0.05555555555555555,4.2852297686031156,0.0,4.608959875776379,0.05555555555555555,0.05555555555555555
S2,3,W03_C3,20260903,1,W02_C3,0.0,5.1643918588249935,0.0,5.381350922275674,0.0,0.05555555555555555
S2,3,W03_C3,20260903,2,W04_C4,0.0,4.6355669067270355,0.05555555555555555,4.616697437976992,0.0,0.05555555555555555
S2,3,W03_C3,20260903,3,W04_C2,0.0,5.146230432684912,0.0,5.891718639222329,0.0,0.05555555555555555
S2,3,W03_C3,20260903,4,W02_C4,0.0,5.527378290938448,0.0,5.372472626677396,0.0,0.05555555555555555
S2,3,W03_C3,20260903,5,W02_C2,0.0,6.3450102030363835,0.0,7.339703617678631,0.0,0.05555555555555555
S2,3,W03_C3,20260903,6,W04_C5,0.0,5.0429483841385485,0.0,5.626980359713693,0.0,0.05555555555555555
S2,3,W03_C3,20260903,7,W04_C1,0.0,5.232049879985643,0.0,3.761906806857313,0.0,0.05555555555555555
S2,3,W03_C3,7,0,W04_C3,0.0,3.9679739621477563,0.0,4.608959875776379,0.058823529411764705,0.05555555555555555
S2,3,W03_C3,7,1,W02_C3,0.0,5.532896214966373,0.0,5.381350922275674,0.0,0.05555555555555555
S2,3,W03_C3,7,2,W04_C4,0.0,4.911334854446825,0.05555555555555555,4.616697437976992,0.0,0.05555555555555555
S2,3,W03_C3,7,3,W04_C2,0.0,5.118295127274541,0.0,5.891718639222329,0.07142857142857142,0.05555555555555555
S2,3,W03_C3,7,4,W02_C4,0.0,4.872541244668686,0.0,5.372472626677396,0.08333333333333333,0.05555555555555555
S2,3,W03_C3,7,5,W02_C2,0.0,6.325986311151803,0.0,7.339703617678631,0.0,0.05555555555555555
S2,3,W03_C3,7,6,W04_C5,0.0,4.632186808066496,0.0,5.626980359713693,0.07692307692307693,0.05555555555555555
S2,3,W03_C3,7,7,W04_C1,0.0,4.569154189708139,0.0,3.761906806857313,0.09090909090909091,0.05555555555555555
S2,3,W03_C4,1337,0,W04_C4,0.0,5.37871343267924,0.0,4.547334548251405,0.0,0.0625
S2,3,W03_C4,1337,1,W02_C4,0.0,5.4835899135084745,0.0,5.982332985796269,0.0,0.0625
S2,3,W03_C4,1337,2,W04_C3,0.0,3.852036462985893,0.0,4.256522786026354,0.05263157894736842,0.0625
S2,3,W03_C4,1337,3,W04_C5,0.0,5.6879869068377245,0.0,5.629058979773371,0.0,0.0625
S2,3,W03_C4,1337,4,W02_C3,0.0,6.079734662507803,0.0,4.606355566866312,0.0,0.0625
S2,3,W03_C4,1337,5,W02_C5,0.0,4.492331901823796,0.0,4.373918518251321,0.0,0.0625
S2,3,W03_C4,1337,6,W04_C2,0.0,5.751146312873955,0.0,5.531530618592724,0.058823529411764705,0.0625
S2,3,W03_C4,1337,7,W04_C6,0.0,4.441168812033346,0.0,4.856369605676019,0.0,0.0625
S2,3,W03_C4,20260903,0,W04_C4,0.0,4.524619199787334,0.0,4.547334548251405,0.0,0.0625
S2,3,W03_C4,20260903,1,W02_C4,0.0,5.80119646335745,0.0,5.982332985796269,0.0,0.0625
S2,3,W03_C4,20260903,2,W04_C3,0.05555555555555555,4.288229944277622,0.0,4.256522786026354,0.05555555555555555,0.0625
S2,3,W03_C4,20260903,3,W04_C5,0.0,5.139707140172107,0.0,5.629058979773371,0.07692307692307693,0.0625
S2,3,W03_C4,20260903,4,W02_C3,0.0,5.017302261337064,0.0,4.606355566866312,0.0,0.0625
S2,3,W03_C4,20260903,5,W02_C5,0.0,4.300846460298476,0.0,4.373918518251321,0.0,0.0625
S2,3,W03_C4,20260903,6,W04_C2,0.0,4.951891980215039,0.0,5.531530618592724,0.0,0.0625
S2,3,W03_C4,20260903,7,W04_C6,0.0,4.225841045677014,0.0,4.856369605676019,0.07692307692307693,0.0625
S2,3,W03_C4,7,0,W04_C4,0.0,5.186025200712359,0.0,4.547334548251405,0.07692307692307693,0.0625
S2,3,W03_C4,7,1,W02_C4,0.0,5.590736969509388,0.0,5.982332985796269,0.0,0.0625
S2,3,W03_C4,7,2,W04_C3,0.0,4.458591963555069,0.0,4.256522786026354,0.058823529411764705,0.0625
S2,3,W03_C4,7,3,W04_C5,0.0,4.8006484310279385,0.0,5.629058979773371,0.08333333333333333,0.0625
S2,3,W03_C4,7,4,W02_C3,0.0,5.513248354093589,0.0,4.606355566866312,0.07142857142857142,0.0625
S2,3,W03_C4,7,5,W02_C5,0.0,4.568835602757603,0.0,4.373918518251321,0.0,0.0625
S2,3,W03_C4,7,6,W04_C2,0.0,5.074646196614061,0.0,5.531530618592724,0.07142857142857142,0.0625
S2,3,W03_C4,7,7,W04_C6,0.0,5.272757131248006,0.0,4.856369605676019,0.0,0.0625
S2,3,W03_C5,1337,0,W04_C5,0.0,5.774515882068439,0.0,5.58231366071385,0.0,0.0
S2,3,W03_C5,1337,1,W02_C5,0.0,4.653414775748607,0.0,4.955147749879421,0.06666666666666667,0.0
S2,3,W03_C5,1337,2,W04_C4,0.0,5.791901263534173,0.0,5.01596591265909,0.0,0.0
S2,3,W03_C5,1337,3,W04_C6,0.0,5.151371992492714,0.0,4.71178556643033,0.0,0.0
S2,3,W03_C5,1337,4,W02_C4,0.0,5.9336826277954,0.0,5.148377824341152,0.07692307692307693,0.0
S2,3,W03_C5,1337,5,W02_C6,0.0,4.027643575702393,0.0,4.653762556974029,0.0,0.0
S2,3,W03_C5,1337,6,W04_C3,0.0,3.891909377092425,0.0,4.04014115501652,0.05555555555555555,0.0
S2,3,W03_C5,1337,7,W04_C7,0.0,6.168746917757027,0.0,6.197978324598188,0.0,0.0
S2,3,W03_C5,20260903,0,W04_C5,0.0,4.96703889721742,0.0,5.58231366071385,0.0,0.0
S2,3,W03_C5,20260903,1,W02_C5,0.0,5.026424346383349,0.0,4.955147749879421,0.0,0.0
S2,3,W03_C5,20260903,2,W04_C4,0.0,4.425001887541028,0.0,5.01596591265909,0.07692307692307693,0.0
S2,3,W03_C5,20260903,3,W04_C6,0.0,4.7812446651558265,0.0,4.71178556643033,0.0,0.0
S2,3,W03_C5,20260903,4,W02_C4,0.0,5.114723887364155,0.0,5.148377824341152,0.0,0.0
S2,3,W03_C5,20260903,5,W02_C6,0.0,4.968624993721359,0.0,4.653762556974029,0.07692307692307693,0.0
S2,3,W03_C5,20260903,6,W04_C3,0.05263157894736842,4.341489589730618,0.0,4.04014115501652,0.05263157894736842,0.0
S2,3,W03_C5,20260903,7,W04_C7,0.0,5.507305103999666,0.0,6.197978324598188,0.0,0.0
S2,3,W03_C5,7,0,W04_C5,0.0,4.901047033320447,0.0,5.58231366071385,0.0,0.0
S2,3,W03_C5,7,1,W02_C5,0.0,4.658000927717149,0.0,4.955147749879421,0.0625,0.0
S2,3,W03_C5,7,2,W04_C4,0.0,4.582316239638517,0.0,5.01596591265909,0.07692307692307693,0.0
S2,3,W03_C5,7,3,W04_C6,0.0,4.925549661874654,0.0,4.71178556643033,0.08333333333333333,0.0
S2,3,W03_C5,7,4,W02_C4,0.0,5.630505451200883,0.0,5.148377824341152,0.0,0.0
S2,3,W03_C5,7,5,W02_C6,0.0,4.2326795879269605,0.0,4.653762556974029,0.0,0.0
S2,3,W03_C5,7,6,W04_C3,0.0,3.865095548223045,0.0,4.04014115501652,0.06666666666666667,0.0
S2,3,W03_C5,7,7,W04_C7,0.0,6.291310107556401,0.0,6.197978324598188,0.08333333333333333,0.0
S2,3,W03_C6,1337,0,W04_C6,0.0,5.165795900385042,0.0,4.773562822350086,0.0,0.07692307692307693
S2,3,W03_C6,1337,1,W02_C6,0.0,4.184462482580921,0.0,4.411830651065613,0.0,0.07692307692307693
S2,3,W03_C6,1337,2,W04_C5,0.0,5.6730475676949945,0.07692307692307693,4.211753600854845,0.08333333333333333,0.07692307692307693
S2,3,W03_C6,1337,3,W04_C7,0.0,5.959276044632817,0.0,6.458882832997961,0.0,0.07692307692307693
S2,3,W03_C6,1337,4,W02_C5,0.0,4.58136879208814,0.0,4.636259866007483,0.0,0.07692307692307693
S2,3,W03_C6,1337,5,W04_C4,0.0,5.179835341525774,0.0,4.766452613329656,0.07692307692307693,0.07692307692307693
S2,3,W03_C6,1337,6,W04_C8,0.0,5.412994449524457,0.0,5.86076201882477,0.07692307692307693,0.07692307692307693
S2,3,W03_C6,1337,7,W02_C4,0.0,5.671452686532356,0.0,6.042718748072516,0.08333333333333333,0.07692307692307693
S2,3,W03_C6,20260903,0,W04_C6,0.0,4.71931473325106,0.0,4.773562822350086,0.0,0.07692307692307693
S2,3,W03_C6,20260903,1,W02_C6,0.0,4.933705143609881,0.0,4.411830651065613,0.07692307692307693,0.07692307692307693
S2,3,W03_C6,20260903,2,W04_C5,0.0,5.123346336462005,0.07692307692307693,4.211753600854845,0.0,0.07692307692307693
S2,3,W03_C6,20260903,3,W04_C7,0.0,5.755036228792387,0.0,6.458882832997961,0.07692307692307693,0.07692307692307693
S2,3,W03_C6,20260903,4,W02_C5,0.0,4.836656911563434,0.0,4.636259866007483,0.06666666666666667,0.07692307692307693
S2,3,W03_C6,20260903,5,W04_C4,0.0,4.737884979161452,0.0,4.766452613329656,0.0,0.07692307692307693
S2,3,W03_C6,20260903,6,W04_C8,0.0,4.9740789575050615,0.0,5.86076201882477,0.0,0.07692307692307693
S2,3,W03_C6,20260903,7,W02_C4,0.0,5.767847277636137,0.0,6.042718748072516,0.0,0.07692307692307693
S2,3,W03_C6,7,0,W04_C6,0.0,5.25248587420554,0.0,4.773562822350086,0.0,0.07692307692307693
S2,3,W03_C6,7,1,W02_C6,0.0,4.225739729022045,0.0,4.411830651065613,0.0,0.07692307692307693
S2,3,W03_C6,7,2,W04_C5,0.0,5.061015303307434,0.07692307692307693,4.211753600854845,0.0,0.07692307692307693
S2,3,W03_C6,7,3,W04_C7,0.0,6.319584853647768,0.0,6.458882832997961,0.0,0.07692307692307693
S2,3,W03_C6,7,4,W02_C5,0.0,4.365001561387002,0.0,4.636259866007483,0.0,0.07692307692307693
S2,3,W03_C6,7,5,W04_C4,0.0,4.822545525564446,0.0,4.766452613329656,0.0,0.07692307692307693
S2,3,W03_C6,7,6,W04_C8,0.0,6.036982894177345,0.0,5.86076201882477,0.09090909090909091,0.07692307692307693
S2,3,W03_C6,7,7,W02_C4,0.0,5.387280551637692,0.0,6.042718748072516,0.0,0.07692307692307693
S2,3,W03_C7,1337,0,W04_C7,0.0,5.459747799601005,0.0,6.209396395575051,0.09090909090909091,0.07142857142857142
S2,3,W03_C7,1337,1,W04_C6,0.0,5.0317932688330735,0.07142857142857142,4.5071938216158305,0.0,0.07142857142857142
S2,3,W03_C7,1337,2,W04_C8,0.0,5.756013125360127,0.0,5.605772173458184,0.0,0.07142857142857142
S2,3,W03_C7,1337,3,W02_C6,0.08333333333333333,3.7891242563997225,0.0,3.827998337496464,0.08333333333333333,0.07142857142857142
S2,3,W03_C7,1337,4,W04_C5,0.0,5.88191190026528,0.0,5.098021537771554,0.0,0.07142857142857142
S2,3,W03_C7,1337,5,W02_C5,0.0,4.731824386561428,0.07142857142857142,4.1814482524003544,0.0,0.07142857142857142
S2,3,W03_C7,1337,6,W05_C7,0.0,4.163932457882215,0.0,3.9860175909045266,0.0,0.07142857142857142
S2,3,W03_C7,1337,7,W05_C6,0.0,4.294487221220249,0.0,4.7475862855424955,0.058823529411764705,0.07142857142857142
S2,3,W03_C7,20260903,0,W04_C7,0.0,5.926227130045055,0.0,6.209396395575051,0.0,0.07142857142857142
S2,3,W03_C7,20260903,1,W04_C6,0.0,4.5352074056295955,0.07142857142857142,4.5071938216158305,0.0,0.07142857142857142
S2,3,W03_C7,20260903,2,W04_C8,0.0,5.127358255842998,0.0,5.605772173458184,0.07692307692307693,0.07142857142857142
S2,3,W03_C7,20260903,3,W02_C6,0.0,5.001848681387718,0.0,3.827998337496464,0.0,0.07142857142857142
S2,3,W03_C7,20260903,4,W04_C5,0.0,5.139668414883396,0.0,5.098021537771554,0.0,0.07142857142857142
S2,3,W03_C7,20260903,5,W02_C5,0.0,4.999186830830802,0.07142857142857142,4.1814482524003544,0.0,0.07142857142857142
S2,3,W03_C7,20260903,6,W05_C7,0.0,4.5529947603529,0.0,3.9860175909045266,0.05555555555555555,0.07142857142857142
S2,3,W03_C7,20260903,7,W05_C6,0.0,4.766259711878916,0.0,4.7475862855424955,0.05555555555555555,0.07142857142857142
S2,3,W03_C7,7,0,W04_C7,0.0,6.291104555878838,0.0,6.209396395575051,0.0,0.07142857142857142
S2,3,W03_C7,7,1,W04_C6,0.0,5.401915722247185,0.07142857142857142,4.5071938216158305,0.07692307692307693,0.07142857142857142
S2,3,W03_C7,7,2,W04_C8,0.0,6.033304863100785,0.0,5.605772173458184,0.0,0.07142857142857142
S2,3,W03_C7,7,3,W02_C6,0.0,4.341631855957906,0.0,3.827998337496464,0.0,0.07142857142857142
S2,3,W03_C7,7,4,W04_C5,0.0,4.600064385507518,0.0,5.098021537771554,0.0,0.07142857142857142
S2,3,W03_C7,7,5,W02_C5,0.0,4.787963889059205,0.07142857142857142,4.1814482524003544,0.06666666666666667,0.07142857142857142
S2,3,W03_C7,7,6,W05_C7,0.0,3.963513577570146,0.0,3.9860175909045266,0.0,0.07142857142857142
S2,3,W03_C7,7,7,W05_C6,0.0,3.914453656375385,0.0,4.7475862855424955,0.05555555555555555,0.07142857142857142
S2,3,W03_C8,1337,0,W04_C8,0.0,5.740916343556013,0.0,6.726651037219787,0.0,0.07692307692307693
S2,3,W03_C8,1337,1,W04_C7,0.0,5.389960256940225,0.0,6.629265109096778,0.0,0.07692307692307693
S2,3,W03_C8,1337,2,W04_C6,0.0,4.95134547246122,0.0,4.793875414199482,0.0,0.07692307692307693
S2,3,W03_C8,1337,3,W02_C6,0.0,4.40974935740547,0.0,4.35118077332775,0.07142857142857142,0.07692307692307693
S2,3,W03_C8,1337,4,W05_C8,0.0,3.9523375963200995,0.0,4.78959549853797,0.05263157894736842,0.07692307692307693
S2,3,W03_C8,1337,5,W05_C7,0.0,4.257140415911463,0.0,4.362770612678013,0.058823529411764705,0.07692307692307693
S2,3,W03_C8,1337,6,W04_C5,0.0,5.70855308546095,0.0,6.0340190291212945,0.07692307692307693,0.07692307692307693
S2,3,W03_C8,1337,7,W02_C5,0.0,4.627713333826304,0.0,5.566128833012257,0.0,0.07692307692307693
S2,3,W03_C8,20260903,0,W04_C8,0.0,5.32018872324229,0.0,6.726651037219787,0.0,0.07692307692307693
S2,3,W03_C8,20260903,1,W04_C7,0.0,5.97589264891064,0.0,6.629265109096778,0.0,0.07692307692307693
S2,3,W03_C8,20260903,2,W04_C6,0.0,4.436693429605255,0.0,4.793875414199482,0.0,0.07692307692307693
S2,3,W03_C8,20260903,3,W02_C6,0.0,5.1766857055182705,0.0,4.35118077332775,0.07692307692307693,0.07692307692307693
S2,3,W03_C8,20260903,4,W05_C8,0.0,4.712809105053975,0.0,4.78959549853797,0.0,0.07692307692307693
S2,3,W03_C8,20260903,5,W05_C7,0.0,4.767330802125973,0.0,4.362770612678013,0.06666666666666667,0.07692307692307693
S2,3,W03_C8,20260903,6,W04_C5,0.0,4.824978863012495,0.0,6.0340190291212945,0.07692307692307693,0.07692307692307693
S2,3,W03_C8,20260903,7,W02_C5,0.0,5.019522315902837,0.0,5.566128833012257,0.0625,0.07692307692307693
S2,3,W03_C8,7,0,W04_C8,0.0,6.167222536066578,0.0,6.726651037219787,0.0,0.07692307692307693
S2,3,W03_C8,7,1,W04_C7,0.0,6.268421270458647,0.0,6.629265109096778,0.09090909090909091,0.07692307692307693
S2,3,W03_C8,7,2,W04_C6,0.0,5.590566768020294,0.0,4.793875414199482,0.0,0.07692307692307693
S2,3,W03_C8,7,3,W02_C6,0.0,4.102701086921333,0.0,4.35118077332775,0.0,0.07692307692307693
S2,3,W03_C8,7,4,W05_C8,0.0,4.574798025358324,0.0,4.78959549853797,0.05555555555555555,0.07692307692307693
S2,3,W03_C8,7,5,W05_C7,0.0,3.960010002308079,0.0,4.362770612678013,0.05555555555555555,0.07692307692307693
S2,3,W03_C8,7,6,W04_C5,0.0,4.953415475836265,0.0,6.0340190291212945,0.0,0.07692307692307693
S2,3,W03_C8,7,7,W02_C5,0.0,4.794432265833387,0.0,5.566128833012257,0.07142857142857142,0.07692307692307693
S2,4,W04_C1,1337,0,W05_C1,0.0,4.0869258479159605,0.0,3.276163384746927,0.0625,0.0
S2,4,W04_C1,1337,1,W03_C1,0.0,5.045985990856913,0.0,5.05303900816247,0.0,0.0
S2,4,W04_C1,1337,2,W05_C2,0.0,4.159686153364413,0.0,4.2058512212145995,0.0,0.0
S2,4,W04_C1,1337,3,W03_C2,0.0,4.441136168223838,0.0,4.154854459993083,0.05555555555555555,0.0
S2,4,W04_C1,1337,4,W05_C3,0.0,4.3942481271172245,0.0,4.173369314896566,0.05555555555555555,0.0
S2,4,W04_C1,1337,5,W03_C3,0.0,4.585364306520021,0.0,4.0731069600937095,0.05555555555555555,0.0
S2,4,W04_C1,1337,6,W06_C1,0.0,3.8954969203492777,0.0,3.6127201465579373,0.0,0.0
S2,4,W04_C1,1337,7,W06_C2,0.0,3.9318446738745045,0.0,4.11459678719281,0.0,0.0
S2,4,W04_C1,20260903,0,W05_C1,0.0,4.301020729026789,0.0,3.276163384746927,0.0,0.0
S2,4,W04_C1,20260903,1,W03_C1,0.0,4.751442691395546,0.0,5.05303900816247,0.0625,0.0
S2,4,W04_C1,20260903,2,W05_C2,0.0,3.992223941564992,0.0,4.2058512212145995,0.0625,0.0
S2,4,W04_C1,20260903,3,W03_C2,0.0,4.18879368263126,0.0,4.154854459993083,0.06666666666666667,0.0
S2,4,W04_C1,20260903,4,W05_C3,0.0,3.8078834200771725,0.0,4.173369314896566,0.0625,0.0
S2,4,W04_C1,20260903,5,W03_C3,0.0,4.613590981741219,0.0,4.0731069600937095,0.0,0.0
S2,4,W04_C1,20260903,6,W06_C1,0.0,3.791619817142168,0.0,3.6127201465579373,0.0,0.0
S2,4,W04_C1,20260903,7,W06_C2,0.0,4.128358106065589,0.0,4.11459678719281,0.0,0.0
S2,4,W04_C1,7,0,W05_C1,0.0,4.985661817319785,0.0,3.276163384746927,0.05555555555555555,0.0
S2,4,W04_C1,7,1,W03_C1,0.05555555555555555,4.784329254953779,0.0,5.05303900816247,0.05555555555555555,0.0
S2,4,W04_C1,7,2,W05_C2,0.0,4.090092959049416,0.0,4.2058512212145995,0.05555555555555555,0.0
S2,4,W04_C1,7,3,W03_C2,0.0,4.012483109777923,0.0,4.154854459993083,0.05555555555555555,0.0
S2,4,W04_C1,7,4,W05_C3,0.0,4.548980238939945,0.0,4.173369314896566,0.05555555555555555,0.0
S2,4,W04_C1,7,5,W03_C3,0.0,4.55731424426099,0.0,4.0731069600937095,0.05555555555555555,0.0
S2,4,W04_C1,7,6,W06_C1,0.0625,4.226151243926976,0.0,3.6127201465579373,0.0625,0.0
S2,4,W04_C1,7,7,W06_C2,0.0,4.506834748872503,0.0,4.11459678719281,0.0,0.0
S2,4,W04_C2,1337,0,W05_C2,0.0,4.0337197165151855,0.0,4.754421216997572,0.058823529411764705,0.0
S2,4,W04_C2,1337,1,W03_C2,0.0,4.32898344339689,0.0,5.070323297839808,0.0,0.0
S2,4,W04_C2,1337,2,W05_C1,0.0,4.375356115921154,0.0,3.6960810730553972,0.058823529411764705,0.0
S2,4,W04_C2,1337,3,W05_C3,0.0,4.434075453846906,0.0,5.447705890645189,0.0,0.0
S2,4,W04_C2,1337,4,W03_C1,0.0,4.935675490724814,0.0,5.865759269814453,0.07692307692307693,0.0
S2,4,W04_C2,1337,5,W03_C3,0.0,4.925682489087938,0.0,5.436206646079874,0.0625,0.0
S2,4,W04_C2,1337,6,W05_C4,0.0,4.24336160887319,0.0,4.425348894625387,0.0,0.0
S2,4,W04_C2,1337,7,W03_C4,0.0,4.830580491744499,0.0,6.561427624778545,0.07142857142857142,0.0
S2,4,W04_C2,20260903,0,W05_C2,0.0,3.9264171993482666,0.0,4.754421216997572,0.0625,0.0
S2,4,W04_C2,20260903,1,W03_C2,0.0,4.3305730762712535,0.0,5.070323297839808,0.0625,0.0
S2,4,W04_C2,20260903,2,W05_C1,0.0,4.745779095896123,0.0,3.6960810730553972,0.0625,0.0
S2,4,W04_C2,20260903,3,W05_C3,0.0,4.003484317674143,0.0,5.447705890645189,0.0625,0.0
S2,4,W04_C2,20260903,4,W03_C1,0.0,4.359148038510539,0.0,5.865759269814453,0.058823529411764705,0.0
S2,4,W04_C2,20260903,5,W03_C3,0.0,4.690801802929444,0.0,5.436206646079874,0.05555555555555555,0.0
S2,4,W04_C2,20260903,6,W05_C4,0.0,4.934678344775184,0.0,4.425348894625387,0.0625,0.0
S2,4,W04_C2,20260903,7,W03_C4,0.0,4.210702425234997,0.0,6.561427624778545,0.0,0.0
S2,4,W04_C2,7,0,W05_C2,0.0,4.035458477179201,0.0,4.754421216997572,0.05555555555555555,0.0
S2,4,W04_C2,7,1,W03_C2,0.0,3.982689302198147,0.0,5.070323297839808,0.05555555555555555,0.0
S2,4,W04_C2,7,2,W05_C1,0.0,4.938613507417756,0.0,3.6960810730553972,0.05555555555555555,0.0
S2,4,W04_C2,7,3,W05_C3,0.0,4.4033534762615725,0.0,5.447705890645189,0.05555555555555555,0.0
S2,4,W04_C2,7,4,W03_C1,0.058823529411764705,5.034956071347571,0.0,5.865759269814453,0.058823529411764705,0.0
S2,4,W04_C2,7,5,W03_C3,0.0,4.728468083973391,0.0,5.436206646079874,0.058823529411764705,0.0
S2,4,W04_C2,7,6,W05_C4,0.0,5.109115193234741,0.0,4.425348894625387,0.05555555555555555,0.0
S2,4,W04_C2,7,7,W03_C4,0.0,5.142516591176927,0.0,6.561427624778545,0.05555555555555555,0.0
S2,4,W04_C3,1337,0,W05_C3,0.0,4.253704176969951,0.0,4.34739303286004,0.05555555555555555,0.05263157894736842
S2,4,W04_C3,1337,1,W03_C3,0.0,4.584879504711079,0.0,5.218640656845089,0.0,0.05263157894736842
S2,4,W04_C3,1337,2,W05_C2,0.0,4.164118027553231,0.0,4.166868605728101,0.0,0.05263157894736842
S2,4,W04_C3,1337,3,W05_C4,0.0,4.177939919033175,0.0,4.332337664131571,0.058823529411764705,0.05263157894736842
S2,4,W04_C3,1337,4,W03_C4,0.0,4.838908199104483,0.0,5.352531445035502,0.0,0.05263157894736842
S2,4,W04_C3,1337,5,W03_C2,0.0,4.522384722216067,0.0,4.620859366662342,0.058823529411764705,0.05263157894736842
S2,4,W04_C3,1337,6,W05_C5,0.0,4.677878199429838,0.05263157894736842,4.486092897642701,0.05555555555555555,0.05263157894736842
S2,4,W04_C3,1337,7,W05_C1,0.0,4.279851106156523,0.0,4.710118691080501,0.0625,0.05263157894736842
S2,4,W04_C3,20260903,0,W05_C3,0.0,4.099308510835051,0.0,4.34739303286004,0.0,0.05263157894736842
S2,4,W04_C3,20260903,1,W03_C3,0.0,4.909126369564715,0.0,5.218640656845089,0.058823529411764705,0.05263157894736842
S2,4,W04_C3,20260903,2,W05_C2,0.0,4.028038839301276,0.0,4.166868605728101,0.0625,0.05263157894736842
S2,4,W04_C3,20260903,3,W05_C4,0.0,5.063031308215955,0.0,4.332337664131571,0.0625,0.05263157894736842
S2,4,W04_C3,20260903,4,W03_C4,0.0,4.583005394557732,0.0,5.352531445035502,0.0,0.05263157894736842
S2,4,W04_C3,20260903,5,W03_C2,0.0,4.336340808510662,0.0,4.620859366662342,0.0625,0.05263157894736842
S2,4,W04_C3,20260903,6,W05_C5,0.0,4.596996936623604,0.05263157894736842,4.486092897642701,0.0625,0.05263157894736842
S2,4,W04_C3,20260903,7,W05_C1,0.0,4.747476807089374,0.0,4.710118691080501,0.0625,0.05263157894736842
S2,4,W04_C3,7,0,W05_C3,0.0,4.357544612125206,0.0,4.34739303286004,0.05555555555555555,0.05263157894736842
S2,4,W04_C3,7,1,W03_C3,0.0,4.53907282398989,0.0,5.218640656845089,0.05555555555555555,0.05263157894736842
S2,4,W04_C3,7,2,W05_C2,0.0,4.194633053374274,0.0,4.166868605728101,0.05555555555555555,0.05263157894736842
S2,4,W04_C3,7,3,W05_C4,0.0,5.076642446609418,0.0,4.332337664131571,0.05555555555555555,0.05263157894736842
S2,4,W04_C3,7,4,W03_C4,0.0,5.234446220219921,0.0,5.352531445035502,0.0625,0.05263157894736842
S2,4,W04_C3,7,5,W03_C2,0.0,3.477263760836011,0.0,4.620859366662342,0.05555555555555555,0.05263157894736842
S2,4,W04_C3,7,6,W05_C5,0.0,4.490579271646287,0.05263157894736842,4.486092897642701,0.05555555555555555,0.05263157894736842
S2,4,W04_C3,7,7,W05_C1,0.0,5.126319501664461,0.0,4.710118691080501,0.05555555555555555,0.05263157894736842
S2,4,W04_C4,1337,0,W05_C4,0.0,4.328409456239003,0.0,4.695614519529346,0.0,0.1
S2,4,W04_C4,1337,1,W03_C4,0.0,5.435327446925696,0.0,4.737544630008587,0.0625,0.1
S2,4,W04_C4,1337,2,W05_C3,0.0,4.459673530346868,0.0,4.055333686925627,0.05555555555555555,0.1
S2,4,W04_C4,1337,3,W05_C5,0.0,4.596413630238942,0.0,4.198166728787329,0.05555555555555555,0.1
S2,4,W04_C4,1337,4,W03_C3,0.0,4.75666751068333,0.1,4.388722800185036,0.06666666666666667,0.1
S2,4,W04_C4,1337,5,W03_C5,0.0,4.803207074201509,0.0,4.631538074384515,0.07142857142857142,0.1
S2,4,W04_C4,1337,6,W05_C2,0.058823529411764705,4.138120328322235,0.0,3.976550643466365,0.058823529411764705,0.1
S2,4,W04_C4,1337,7,W05_C6,0.0,4.068089215489517,0.0,4.957666600137773,0.0625,0.1
S2,4,W04_C4,20260903,0,W05_C4,0.0,4.728711134692039,0.0,4.695614519529346,0.0,0.1
S2,4,W04_C4,20260903,1,W03_C4,0.058823529411764705,4.281106331529473,0.0,4.737544630008587,0.058823529411764705,0.1
S2,4,W04_C4,20260903,2,W05_C3,0.0,3.9413366732723243,0.0,4.055333686925627,0.0,0.1
S2,4,W04_C4,20260903,3,W05_C5,0.0,4.781292592888439,0.0,4.198166728787329,0.0,0.1
S2,4,W04_C4,20260903,4,W03_C3,0.0,4.76531966784682,0.1,4.388722800185036,0.058823529411764705,0.1
S2,4,W04_C4,20260903,5,W03_C5,0.0,4.891111626910234,0.0,4.631538074384515,0.0625,0.1
S2,4,W04_C4,20260903,6,W05_C2,0.0,4.353289099910451,0.0,3.976550643466365,0.0625,0.1
S2,4,W04_C4,20260903,7,W05_C6,0.0,4.43891449015865,0.0,4.957666600137773,0.0,0.1
S2,4,W04_C4,7,0,W05_C4,0.0,5.14516810229223,0.0,4.695614519529346,0.05555555555555555,0.1
S2,4,W04_C4,7,1,W03_C4,0.0,5.171886057853029,0.0,4.737544630008587,0.0625,0.1
S2,4,W04_C4,7,2,W05_C3,0.0,4.577470656646318,0.0,4.055333686925627,0.05555555555555555,0.1
S2,4,W04_C4,7,3,W05_C5,0.0,4.990775069786411,0.0,4.198166728787329,0.05555555555555555,0.1
S2,4,W04_C4,7,4,W03_C3,0.0,4.633406988329979,0.1,4.388722800185036,0.05555555555555555,0.1
S2,4,W04_C4,7,5,W03_C5,0.0,5.164545725680948,0.0,4.631538074384515,0.058823529411764705,0.1
S2,4,W04_C4,7,6,W05_C2,0.0,4.142877919152447,0.0,3.976550643466365,0.05555555555555555,0.1
S2,4,W04_C4,7,7,W05_C6,0.0,4.073261308451361,0.0,4.957666600137773,0.05555555555555555,0.1
S2,4,W04_C5,1337,0,W05_C5,0.0,4.611918090346954,0.0,5.0259365684648305,0.0,0.07142857142857142
S2,4,W04_C5,1337,1,W03_C5,0.0,4.743202194181639,0.0,4.98686301828972,0.07142857142857142,0.07142857142857142
S2,4,W04_C5,1337,2,W05_C4,0.058823529411764705,4.032421101029577,0.0,5.011727079672411,0.058823529411764705,0.07142857142857142
S2,4,W04_C5,1337,3,W05_C6,0.0,4.357038718232161,0.0,4.498660411512646,0.058823529411764705,0.07142857142857142
S2,4,W04_C5,1337,4,W03_C4,0.0,4.932555815912746,0.0,5.2437026632107555,0.06666666666666667,0.07142857142857142
S2,4,W04_C5,1337,5,W03_C6,0.0,4.435391291676938,0.07142857142857142,4.185231907697373,0.07692307692307693,0.07142857142857142
S2,4,W04_C5,1337,6,W05_C3,0.0,4.147512176712869,0.0,4.857962026007443,0.05555555555555555,0.07142857142857142
S2,4,W04_C5,1337,7,W05_C7,0.0,4.9253750781994015,0.0,4.762188136731399,0.05555555555555555,0.07142857142857142
S2,4,W04_C5,20260903,0,W05_C5,0.0625,4.636076813142365,0.0,5.0259365684648305,0.0625,0.07142857142857142
S2,4,W04_C5,20260903,1,W03_C5,0.0,5.054693649957395,0.0,4.98686301828972,0.0625,0.07142857142857142
S2,4,W04_C5,20260903,2,W05_C4,0.0,4.922549541737852,0.0,5.011727079672411,0.0625,0.07142857142857142
S2,4,W04_C5,20260903,3,W05_C6,0.0,4.345498325847837,0.0,4.498660411512646,0.0,0.07142857142857142
S2,4,W04_C5,20260903,4,W03_C4,0.0,4.189436266131035,0.0,5.2437026632107555,0.0625,0.07142857142857142
S2,4,W04_C5,20260903,5,W03_C6,0.0,4.38395586287794,0.07142857142857142,4.185231907697373,0.06666666666666667,0.07142857142857142
S2,4,W04_C5,20260903,6,W05_C3,0.0,3.8119983667609114,0.0,4.857962026007443,0.0625,0.07142857142857142
S2,4,W04_C5,20260903,7,W05_C7,0.0,4.435949061322596,0.0,4.762188136731399,0.0625,0.07142857142857142
S2,4,W04_C5,7,0,W05_C5,0.0,4.315417886150845,0.0,5.0259365684648305,0.058823529411764705,0.07142857142857142
S2,4,W04_C5,7,1,W03_C5,0.0,5.230551299119832,0.0,4.98686301828972,0.058823529411764705,0.07142857142857142
S2,4,W04_C5,7,2,W05_C4,0.0,5.255453405313542,0.0,5.011727079672411,0.05555555555555555,0.07142857142857142
S2,4,W04_C5,7,3,W05_C6,0.0,4.17763792344136,0.0,4.498660411512646,0.058823529411764705,0.07142857142857142
S2,4,W04_C5,7,4,W03_C4,0.0,5.07727345622009,0.0,5.2437026632107555,0.058823529411764705,0.07142857142857142
S2,4,W04_C5,7,5,W03_C6,0.0,5.462957813812837,0.07142857142857142,4.185231907697373,0.0625,0.07142857142857142
S2,4,W04_C5,7,6,W05_C3,0.0,4.415086401879801,0.0,4.857962026007443,0.05555555555555555,0.07142857142857142
S2,4,W04_C5,7,7,W05_C7,0.05555555555555555,3.3226569871003075,0.0,4.762188136731399,0.05555555555555555,0.07142857142857142
S2,4,W04_C6,1337,0,W05_C6,0.0,3.934973867485405,0.0,4.553116499520711,0.06666666666666667,0.07142857142857142
S2,4,W04_C6,1337,1,W03_C6,0.0,4.2645226188280745,0.0,4.90910392852193,0.06666666666666667,0.07142857142857142
S2,4,W04_C6,1337,2,W05_C5,0.0,4.5752660124397035,0.0,3.863564635991278,0.0,0.07142857142857142
S2,4,W04_C6,1337,3,W05_C7,0.0,4.733737410001528,0.0,4.734877304514808,0.0,0.07142857142857142
S2,4,W04_C6,1337,4,W03_C5,0.0,4.852715647507768,0.0,5.071060504879541,0.07692307692307693,0.07142857142857142
S2,4,W04_C6,1337,5,W03_C7,0.0,4.604375110377821,0.07142857142857142,4.879506313690156,0.06666666666666667,0.07142857142857142
S2,4,W04_C6,1337,6,W05_C4,0.0,4.194850477613639,0.0,4.723172766844776,0.0,0.07142857142857142
S2,4,W04_C6,1337,7,W05_C8,0.0,4.228514125429526,0.0,4.366971338320675,0.0,0.07142857142857142
S2,4,W04_C6,20260903,0,W05_C6,0.0,4.364903785415912,0.0,4.553116499520711,0.0,0.07142857142857142
S2,4,W04_C6,20260903,1,W03_C6,0.0,4.444174596981818,0.0,4.90910392852193,0.06666666666666667,0.07142857142857142
S2,4,W04_C6,20260903,2,W05_C5,0.0,4.693881604986469,0.0,3.863564635991278,0.0625,0.07142857142857142
S2,4,W04_C6,20260903,3,W05_C7,0.0,4.608437587564761,0.0,4.734877304514808,0.0,0.07142857142857142
S2,4,W04_C6,20260903,4,W03_C5,0.0,4.71938895437508,0.0,5.071060504879541,0.07142857142857142,0.07142857142857142
S2,4,W04_C6,20260903,5,W03_C7,0.0,4.520404183231633,0.07142857142857142,4.879506313690156,0.0,0.07142857142857142
S2,4,W04_C6,20260903,6,W05_C4,0.0,5.002743876121151,0.0,4.723172766844776,0.0625,0.07142857142857142
S2,4,W04_C6,20260903,7,W05_C8,0.0,4.438344998983878,0.0,4.366971338320675,0.058823529411764705,0.07142857142857142
S2,4,W04_C6,7,0,W05_C6,0.0,4.192053249451918,0.0,4.553116499520711,0.05555555555555555,0.07142857142857142
S2,4,W04_C6,7,1,W03_C6,0.0,5.290960434228496,0.0,4.90910392852193,0.058823529411764705,0.07142857142857142
S2,4,W04_C6,7,2,W05_C5,0.0,4.4055792257739625,0.0,3.863564635991278,0.058823529411764705,0.07142857142857142
S2,4,W04_C6,7,3,W05_C7,0.05555555555555555,3.7623901421976305,0.0,4.734877304514808,0.05555555555555555,0.07142857142857142
S2,4,W04_C6,7,4,W03_C5,0.0,4.835052711278011,0.0,5.071060504879541,0.05555555555555555,0.07142857142857142
S2,4,W04_C6,7,5,W03_C7,0.0,4.592144798183276,0.07142857142857142,4.879506313690156,0.058823529411764705,0.07142857142857142
S2,4,W04_C6,7,6,W05_C4,0.0,5.330797064435905,0.0,4.723172766844776,0.05555555555555555,0.07142857142857142
S2,4,W04_C6,7,7,W05_C8,0.0,4.12307806374261,0.0,4.366971338320675,0.05555555555555555,0.07142857142857142
S2,4,W04_C7,1337,0,W05_C7,0.0,4.7591858620542755,0.14285714285714285,4.574460400396669,0.0625,0.14285714285714285
S2,4,W04_C7,1337,1,W03_C7,0.0,4.702531769499621,0.0,4.985051666671922,0.07142857142857142,0.14285714285714285
S2,4,W04_C7,1337,2,W05_C6,0.0,4.499666708080026,0.0,4.381115762988542,0.0,0.14285714285714285
S2,4,W04_C7,1337,3,W05_C8,0.0,4.3829624716617035,0.0,3.7470721318689084,0.05555555555555555,0.14285714285714285
S2,4,W04_C7,1337,4,W03_C6,0.0,4.128628758302672,0.0,5.398820088735215,0.06666666666666667,0.14285714285714285
S2,4,W04_C7,1337,5,W03_C8,0.0,6.342470625293354,0.0,6.368272585992169,0.0,0.14285714285714285
S2,4,W04_C7,1337,6,W05_C5,0.058823529411764705,4.78554633849417,0.0,5.589368703452934,0.058823529411764705,0.14285714285714285
S2,4,W04_C7,1337,7,W03_C5,0.0,4.719935417077152,0.0,5.295658037517716,0.07142857142857142,0.14285714285714285
S2,4,W04_C7,20260903,0,W05_C7,0.0,4.130893169854895,0.14285714285714285,4.574460400396669,0.0,0.14285714285714285
S2,4,W04_C7,20260903,1,W03_C7,0.0,4.41751790434759,0.0,4.985051666671922,0.07142857142857142,0.14285714285714285
S2,4,W04_C7,20260903,2,W05_C6,0.0,4.457551809605437,0.0,4.381115762988542,0.0,0.14285714285714285
S2,4,W04_C7,20260903,3,W05_C8,0.0,4.7124011494515265,0.0,3.7470721318689084,0.06666666666666667,0.14285714285714285
S2,4,W04_C7,20260903,4,W03_C6,0.07142857142857142,4.211751691492478,0.0,5.398820088735215,0.07142857142857142,0.14285714285714285
S2,4,W04_C7,20260903,5,W03_C8,0.0,5.5756961148880135,0.0,6.368272585992169,0.07692307692307693,0.14285714285714285
S2,4,W04_C7,20260903,6,W05_C5,0.06666666666666667,4.511653676853893,0.0,5.589368703452934,0.06666666666666667,0.14285714285714285
S2,4,W04_C7,20260903,7,W03_C5,0.0,4.6936232933991615,0.0,5.295658037517716,0.0625,0.14285714285714285
S2,4,W04_C7,7,0,W05_C7,0.05555555555555555,3.567522295283153,0.14285714285714285,4.574460400396669,0.05555555555555555,0.14285714285714285
S2,4,W04_C7,7,1,W03_C7,0.0,4.966841329967631,0.0,4.985051666671922,0.0625,0.14285714285714285
S2,4,W04_C7,7,2,W05_C6,0.0,4.156685788973196,0.0,4.381115762988542,0.05555555555555555,0.14285714285714285
S2,4,W04_C7,7,3,W05_C8,0.0,4.1649909759608175,0.0,3.7470721318689084,0.05555555555555555,0.14285714285714285
S2,4,W04_C7,7,4,W03_C6,0.0,5.398916158936977,0.0,5.398820088735215,0.05555555555555555,0.14285714285714285
S2,4,W04_C7,7,5,W03_C8,0.0,7.724335876867928,0.0,6.368272585992169,0.058823529411764705,0.14285714285714285
S2,4,W04_C7,7,6,W05_C5,0.0,4.673728265515198,0.0,5.589368703452934,0.05555555555555555,0.14285714285714285
S2,4,W04_C7,7,7,W03_C5,0.0,4.871599088671816,0.0,5.295658037517716,0.06666666666666667,0.14285714285714285
S2,4,W04_C8,1337,0,W05_C8,0.0,4.335296973501266,0.0,4.199173762680323,0.05263157894736842,0.125
S2,4,W04_C8,1337,1,W03_C8,0.0,5.821284141925413,0.0,6.638170515924748,0.0,0.125
S2,4,W04_C8,1337,2,W05_C7,0.05555555555555555,4.5741228925515545,0.0,5.140799627489121,0.05555555555555555,0.125
S2,4,W04_C8,1337,3,W03_C7,0.0,4.5103767892085935,0.0,4.865230133642918,0.0,0.125
S2,4,W04_C8,1337,4,W05_C6,0.0,4.209499026301428,0.0,4.2810600701579435,0.0625,0.125
S2,4,W04_C8,1337,5,W03_C6,0.0,4.206953658789847,0.0,5.240712689996973,0.07142857142857142,0.125
S2,4,W04_C8,1337,6,W06_C8,0.0,6.428197337435263,0.0,5.67550374976362,0.1,0.125
S2,4,W04_C8,1337,7,W06_C7,0.0,4.437054559229092,0.0,3.9735003109441047,0.07142857142857142,0.125
S2,4,W04_C8,20260903,0,W05_C8,0.0,4.319475270458441,0.0,4.199173762680323,0.06666666666666667,0.125
S2,4,W04_C8,20260903,1,W03_C8,0.0,5.2592385395272,0.0,6.638170515924748,0.0,0.125
S2,4,W04_C8,20260903,2,W05_C7,0.0,4.067276073924359,0.0,5.140799627489121,0.058823529411764705,0.125
S2,4,W04_C8,20260903,3,W03_C7,0.0,4.753839061433162,0.0,4.865230133642918,0.07142857142857142,0.125
S2,4,W04_C8,20260903,4,W05_C6,0.0,4.144661792025541,0.0,4.2810600701579435,0.058823529411764705,0.125
S2,4,W04_C8,20260903,5,W03_C6,0.07142857142857142,4.316182765917455,0.0,5.240712689996973,0.07142857142857142,0.125
S2,4,W04_C8,20260903,6,W06_C8,0.0,6.115009005735735,0.0,5.67550374976362,0.0,0.125
S2,4,W04_C8,20260903,7,W06_C7,0.06666666666666667,4.738238067154827,0.0,3.9735003109441047,0.06666666666666667,0.125
S2,4,W04_C8,7,0,W05_C8,0.0,4.453579330925674,0.0,4.199173762680323,0.05555555555555555,0.125
S2,4,W04_C8,7,1,W03_C8,0.0,7.4609342367507265,0.0,6.638170515924748,0.058823529411764705,0.125
S2,4,W04_C8,7,2,W05_C7,0.05555555555555555,3.419590645376262,0.0,5.140799627489121,0.05555555555555555,0.125
S2,4,W04_C8,7,3,W03_C7,0.0,4.687567809337522,0.0,4.865230133642918,0.05555555555555555,0.125
S2,4,W04_C8,7,4,W05_C6,0.0,4.055368351299272,0.0,4.2810600701579435,0.11764705882352941,0.125
S2,4,W04_C8,7,5,W03_C6,0.0,5.304702013003685,0.0,5.240712689996973,0.0,0.125
S2,4,W04_C8,7,6,W06_C8,0.0,6.165278561124138,0.0,5.67550374976362,0.05555555555555555,0.125
S2,4,W04_C8,7,7,W06_C7,0.0,5.030891834104784,0.0,3.9735003109441047,0.05555555555555555,0.125
S2,5,W05_C1,1337,0,W06_C1,0.0,3.662494383930155,0.0,3.8204855111991205,0.05,0.05555555555555555
S2,5,W05_C1,1337,1,W04_C1,0.0,5.2295881140270115,0.0,3.8216100686838086,0.08333333333333333,0.05555555555555555
S2,5,W05_C1,1337,2,W06_C2,0.0,4.425640327400365,0.0,3.911640517980678,0.05,0.05555555555555555
S2,5,W05_C1,1337,3,W04_C2,0.0,5.2224510003485065,0.0,4.085882355888732,0.07142857142857142,0.05555555555555555
S2,5,W05_C1,1337,4,W06_C3,0.0,4.731876962969821,0.0,4.358241632143011,0.058823529411764705,0.05555555555555555
S2,5,W05_C1,1337,5,W04_C3,0.0,4.7040821455290285,0.0,4.799641111832763,0.07142857142857142,0.05555555555555555
S2,5,W05_C1,1337,6,W03_C1,0.0,4.6831590632611535,0.0,5.957980403814871,0.0,0.05555555555555555
S2,5,W05_C1,1337,7,W03_C2,0.0,5.140350954407594,0.0,4.387934817307469,0.058823529411764705,0.05555555555555555
S2,5,W05_C1,20260903,0,W06_C1,0.0,3.630807416078282,0.0,3.8204855111991205,0.0,0.05555555555555555
S2,5,W05_C1,20260903,1,W04_C1,0.0,4.805296913520261,0.0,3.8216100686838086,0.07142857142857142,0.05555555555555555
S2,5,W05_C1,20260903,2,W06_C2,0.0,3.8958468853887362,0.0,3.911640517980678,0.0,0.05555555555555555
S2,5,W05_C1,20260903,3,W04_C2,0.0,5.562965001141872,0.0,4.085882355888732,0.07142857142857142,0.05555555555555555
S2,5,W05_C1,20260903,4,W06_C3,0.0,4.221761994366876,0.0,4.358241632143011,0.0,0.05555555555555555
S2,5,W05_C1,20260903,5,W04_C3,0.0,4.11097560052903,0.0,4.799641111832763,0.0,0.05555555555555555
S2,5,W05_C1,20260903,6,W03_C1,0.0,4.78381347468798,0.0,5.957980403814871,0.0,0.05555555555555555
S2,5,W05_C1,20260903,7,W03_C2,0.0,4.050675181317816,0.0,4.387934817307469,0.0,0.05555555555555555
S2,5,W05_C1,7,0,W06_C1,0.0,3.720381881305839,0.0,3.8204855111991205,0.0,0.05555555555555555
S2,5,W05_C1,7,1,W04_C1,0.0,4.723710598485612,0.0,3.8216100686838086,0.0,0.05555555555555555
S2,5,W05_C1,7,2,W06_C2,0.0,4.287094080961837,0.0,3.911640517980678,0.0,0.05555555555555555
S2,5,W05_C1,7,3,W04_C2,0.0,5.204596913519306,0.0,4.085882355888732,0.07692307692307693,0.05555555555555555
S2,5,W05_C1,7,4,W06_C3,0.0,4.919880714436624,0.0,4.358241632143011,0.0,0.05555555555555555
S2,5,W05_C1,7,5,W04_C3,0.0,4.008640672754917,0.0,4.799641111832763,0.08333333333333333,0.05555555555555555
S2,5,W05_C1,7,6,W03_C1,0.0,4.82840082855657,0.0,5.957980403814871,0.0,0.05555555555555555
S2,5,W05_C1,7,7,W03_C2,0.0,4.341415101948174,0.0,4.387934817307469,0.0625,0.05555555555555555
S2,5,W05_C2,1337,0,W06_C2,0.0,4.866328400140827,0.0,4.209997208220096,0.058823529411764705,0.05
S2,5,W05_C2,1337,1,W04_C2,0.0,5.30965576016664,0.0,5.057930642113979,0.07142857142857142,0.05
S2,5,W05_C2,1337,2,W06_C1,0.0,3.6656348818343347,0.05,3.8100676203233164,0.05,0.05
S2,5,W05_C2,1337,3,W06_C3,0.0,4.648619601380838,0.0,4.578413150098148,0.058823529411764705,0.05
S2,5,W05_C2,1337,4,W04_C1,0.0,5.323700218202045,0.0,5.343248054222526,0.0,0.05
S2,5,W05_C2,1337,5,W04_C3,0.0,4.562377420038746,0.0,4.195832587330509,0.0,0.05
S2,5,W05_C2,1337,6,W06_C4,0.0,4.348251079434197,0.0,4.315206696820654,0.05,0.05
S2,5,W05_C2,1337,7,W04_C4,0.0,5.221402694753868,0.0,5.053014755763362,0.07692307692307693,0.05
S2,5,W05_C2,20260903,0,W06_C2,0.0,4.103680605975181,0.0,4.209997208220096,0.0,0.05
S2,5,W05_C2,20260903,1,W04_C2,0.0,5.525888770928725,0.0,5.057930642113979,0.0,0.05
S2,5,W05_C2,20260903,2,W06_C1,0.0,3.6512558145068845,0.05,3.8100676203233164,0.05555555555555555,0.05
S2,5,W05_C2,20260903,3,W06_C3,0.0,4.245706076389596,0.0,4.578413150098148,0.0,0.05
S2,5,W05_C2,20260903,4,W04_C1,0.0,5.176095198771782,0.0,5.343248054222526,0.0,0.05
S2,5,W05_C2,20260903,5,W04_C3,0.0,4.138485524641785,0.0,4.195832587330509,0.0,0.05
S2,5,W05_C2,20260903,6,W06_C4,0.0,4.395737174342944,0.0,4.315206696820654,0.05263157894736842,0.05
S2,5,W05_C2,20260903,7,W04_C4,0.0,5.4945756106677655,0.0,5.053014755763362,0.0,0.05
S2,5,W05_C2,7,0,W06_C2,0.0,3.938992565931595,0.0,4.209997208220096,0.0,0.05
S2,5,W05_C2,7,1,W04_C2,0.0,5.546003210594599,0.0,5.057930642113979,0.07692307692307693,0.05
S2,5,W05_C2,7,2,W06_C1,0.0,3.723259343367846,0.05,3.8100676203233164,0.058823529411764705,0.05
S2,5,W05_C2,7,3,W06_C3,0.0,5.33347443736268,0.0,4.578413150098148,0.0,0.05
S2,5,W05_C2,7,4,W04_C1,0.0,4.591310707063564,0.0,5.343248054222526,0.0,0.05
S2,5,W05_C2,7,5,W04_C3,0.0,4.191411814441143,0.0,4.195832587330509,0.0,0.05
S2,5,W05_C2,7,6,W06_C4,0.0,4.349136620158568,0.0,4.315206696820654,0.0,0.05
S2,5,W05_C2,7,7,W04_C4,0.0,5.127037112559092,0.0,5.053014755763362,0.07692307692307693,0.05
S2,5,W05_C3,1337,0,W06_C3,0.0,4.896364379842323,0.0,4.749030749655456,0.07142857142857142,0.0
S2,5,W05_C3,1337,1,W04_C3,0.0,4.365239053328716,0.0,4.667792196823079,0.07142857142857142,0.0
S2,5,W05_C3,1337,2,W06_C4,0.0,4.143081927219517,0.0,4.474909523214511,0.058823529411764705,0.0
S2,5,W05_C3,1337,3,W06_C2,0.0,4.525805313623345,0.0,4.456056764727514,0.05555555555555555,0.0
S2,5,W05_C3,1337,4,W04_C2,0.0,5.358210985612633,0.0,5.606842377120944,0.08333333333333333,0.0
S2,5,W05_C3,1337,5,W04_C4,0.0,5.315108790256154,0.0,4.790424908375101,0.08333333333333333,0.0
S2,5,W05_C3,1337,6,W06_C5,0.0,5.023600384833865,0.0,4.859512206788586,0.0,0.0
S2,5,W05_C3,1337,7,W06_C1,0.0,3.588947809175405,0.0,3.6275554496845377,0.047619047619047616,0.0
S2,5,W05_C3,20260903,0,W06_C3,0.0,4.339016001477653,0.0,4.749030749655456,0.0,0.0
S2,5,W05_C3,20260903,1,W04_C3,0.0,4.678232039768223,0.0,4.667792196823079,0.0,0.0
S2,5,W05_C3,20260903,2,W06_C4,0.0,4.008457327088388,0.0,4.474909523214511,0.0,0.0
S2,5,W05_C3,20260903,3,W06_C2,0.0,3.898662052655369,0.0,4.456056764727514,0.0,0.0
S2,5,W05_C3,20260903,4,W04_C2,0.0,5.533297844848824,0.0,5.606842377120944,0.07692307692307693,0.0
S2,5,W05_C3,20260903,5,W04_C4,0.0,5.991446724789359,0.0,4.790424908375101,0.0,0.0
S2,5,W05_C3,20260903,6,W06_C5,0.0,4.24520228420016,0.0,4.859512206788586,0.07692307692307693,0.0
S2,5,W05_C3,20260903,7,W06_C1,0.0,3.7722044173750398,0.0,3.6275554496845377,0.05263157894736842,0.0
S2,5,W05_C3,7,0,W06_C3,0.0,5.318796563881152,0.0,4.749030749655456,0.0,0.0
S2,5,W05_C3,7,1,W04_C3,0.0,4.052412008439863,0.0,4.667792196823079,0.08333333333333333,0.0
S2,5,W05_C3,7,2,W06_C4,0.0,4.2991657064669235,0.0,4.474909523214511,0.0,0.0
S2,5,W05_C3,7,3,W06_C2,0.0,4.325562538460542,0.0,4.456056764727514,0.0,0.0
S2,5,W05_C3,7,4,W04_C2,0.0,5.255931279004931,0.0,5.606842377120944,0.07692307692307693,0.0
S2,5,W05_C3,7,5,W04_C4,0.0,5.210832778765229,0.0,4.790424908375101,0.0,0.0
S2,5,W05_C3,7,6,W06_C5,0.0,4.249563078654651,0.0,4.859512206788586,0.07692307692307693,0.0
S2,5,W05_C3,7,7,W06_C1,0.0,3.740657440409854,0.0,3.6275554496845377,0.0,0.0
S2,5,W05_C4,1337,0,W06_C4,0.0,4.240698534240828,0.0,4.781081798454416,0.0,0.058823529411764705
S2,5,W05_C4,1337,1,W04_C4,0.0,5.170482572518208,0.0,4.942932036533014,0.0,0.058823529411764705
S2,5,W05_C4,1337,2,W06_C3,0.0,4.694272058728324,0.0,4.419738361950545,0.058823529411764705,0.058823529411764705
S2,5,W05_C4,1337,3,W06_C5,0.0,5.37111779174753,0.0,5.114127692470706,0.0,0.058823529411764705
S2,5,W05_C4,1337,4,W04_C3,0.0,4.63110345844903,0.0,3.77348615915121,0.058823529411764705,0.058823529411764705
S2,5,W05_C4,1337,5,W04_C5,0.0,4.812565641400008,0.0,5.259993058582554,0.0,0.058823529411764705
S2,5,W05_C4,1337,6,W06_C2,0.0,4.587992396385149,0.0,4.519887596279425,0.058823529411764705,0.058823529411764705
S2,5,W05_C4,1337,7,W06_C6,0.0,6.058587321590438,0.0,6.272445657330555,0.08333333333333333,0.058823529411764705
S2,5,W05_C4,20260903,0,W06_C4,0.0,4.353521471275865,0.0,4.781081798454416,0.0,0.058823529411764705
S2,5,W05_C4,20260903,1,W04_C4,0.0,5.842398724376552,0.0,4.942932036533014,0.07692307692307693,0.058823529411764705
S2,5,W05_C4,20260903,2,W06_C3,0.0,3.9781831146976674,0.0,4.419738361950545,0.0,0.058823529411764705
S2,5,W05_C4,20260903,3,W06_C5,0.0,4.275505811953454,0.0,5.114127692470706,0.0,0.058823529411764705
S2,5,W05_C4,20260903,4,W04_C3,0.0,4.225366519352478,0.0,3.77348615915121,0.0,0.058823529411764705
S2,5,W05_C4,20260903,5,W04_C5,0.0,5.958814058588999,0.0,5.259993058582554,0.07142857142857142,0.058823529411764705
S2,5,W05_C4,20260903,6,W06_C2,0.0,4.102022989498619,0.0,4.519887596279425,0.0,0.058823529411764705
S2,5,W05_C4,20260903,7,W06_C6,0.0,5.686182961567185,0.0,6.272445657330555,0.07692307692307693,0.058823529411764705
S2,5,W05_C4,7,0,W06_C4,0.0,4.504865317858061,0.0,4.781081798454416,0.0,0.058823529411764705
S2,5,W05_C4,7,1,W04_C4,0.0,5.185263833302982,0.0,4.942932036533014,0.0,0.058823529411764705
S2,5,W05_C4,7,2,W06_C3,0.0,5.272476284765892,0.0,4.419738361950545,0.0,0.058823529411764705
S2,5,W05_C4,7,3,W06_C5,0.0,4.474901472651339,0.0,5.114127692470706,0.07692307692307693,0.058823529411764705
S2,5,W05_C4,7,4,W04_C3,0.0,4.386596768176343,0.0,3.77348615915121,0.07692307692307693,0.058823529411764705
S2,5,W05_C4,7,5,W04_C5,0.0,5.3108843147844675,0.0,5.259993058582554,0.0,0.058823529411764705
S2,5,W05_C4,7,6,W06_C2,0.0,4.173687273476963,0.0,4.519887596279425,0.0,0.058823529411764705
S2,5,W05_C4,7,7,W06_C6,0.0,5.444981318126529,0.0,6.272445657330555,0.0,0.058823529411764705
S2,5,W05_C5,1337,0,W06_C5,0.0,5.041872740155313,0.0,5.051536619781375,0.08333333333333333,0.058823529411764705
S2,5,W05_C5,1337,1,W04_C5,0.0,5.071225607001313,0.0,5.566187833859825,0.0,0.058823529411764705
S2,5,W05_C5,1337,2,W06_C4,0.0,4.16178908363651,0.0,4.83902642425504,0.058823529411764705,0.058823529411764705
S2,5,W05_C5,1337,3,W06_C6,0.0,5.724474769499743,0.0,6.583210342005927,0.08333333333333333,0.058823529411764705
S2,5,W05_C5,1337,4,W04_C4,0.0,5.522933203557588,0.0,5.133853679918133,0.07142857142857142,0.058823529411764705
S2,5,W05_C5,1337,5,W04_C6,0.0,5.256212216732856,0.0,3.88374243172105,0.0,0.058823529411764705
S2,5,W05_C5,1337,6,W06_C3,0.0,4.530174704469006,0.0,6.141936661885045,0.0625,0.058823529411764705
S2,5,W05_C5,1337,7,W06_C7,0.0,4.738885027699045,0.0,5.848598584872065,0.07692307692307693,0.058823529411764705
S2,5,W05_C5,20260903,0,W06_C5,0.0,4.369440146689192,0.0,5.051536619781375,0.0,0.058823529411764705
S2,5,W05_C5,20260903,1,W04_C5,0.0,5.731098345833408,0.0,5.566187833859825,0.0,0.058823529411764705
S2,5,W05_C5,20260903,2,W06_C4,0.0,4.07349331365364,0.0,4.83902642425504,0.0,0.058823529411764705
S2,5,W05_C5,20260903,3,W06_C6,0.0,5.432506162218161,0.0,6.583210342005927,0.0,0.058823529411764705
S2,5,W05_C5,20260903,4,W04_C4,0.0,5.743408432494305,0.0,5.133853679918133,0.0,0.058823529411764705
S2,5,W05_C5,20260903,5,W04_C6,0.0,4.199468772843056,0.0,3.88374243172105,0.07692307692307693,0.058823529411764705
S2,5,W05_C5,20260903,6,W06_C3,0.0,4.2909491701690285,0.0,6.141936661885045,0.058823529411764705,0.058823529411764705
S2,5,W05_C5,20260903,7,W06_C7,0.0,4.980175039154053,0.0,5.848598584872065,0.0,0.058823529411764705
S2,5,W05_C5,7,0,W06_C5,0.0,4.468497572345355,0.0,5.051536619781375,0.07692307692307693,0.058823529411764705
S2,5,W05_C5,7,1,W04_C5,0.0,5.593974365970396,0.0,5.566187833859825,0.0,0.058823529411764705
S2,5,W05_C5,7,2,W06_C4,0.0,4.743462729407294,0.0,4.83902642425504,0.07692307692307693,0.058823529411764705
S2,5,W05_C5,7,3,W06_C6,0.0,5.319697836248242,0.0,6.583210342005927,0.0,0.058823529411764705
S2,5,W05_C5,7,4,W04_C4,0.0,5.228842326487534,0.0,5.133853679918133,0.0,0.058823529411764705
S2,5,W05_C5,7,5,W04_C6,0.0,4.113668309119463,0.0,3.88374243172105,0.0,0.058823529411764705
S2,5,W05_C5,7,6,W06_C3,0.0,5.12553808132505,0.0,6.141936661885045,0.0,0.058823529411764705
S2,5,W05_C5,7,7,W06_C7,0.0,4.466454504102445,0.0,5.848598584872065,0.0,0.058823529411764705
S2,5,W05_C6,1337,0,W06_C6,0.0,5.7198993427737586,0.0,5.963990739912491,0.0,0.05555555555555555
S2,5,W05_C6,1337,1,W04_C6,0.0,5.1341605233358685,0.0,5.052650183331683,0.08333333333333333,0.05555555555555555
S2,5,W05_C6,1337,2,W06_C5,0.0,4.786840150864543,0.0,4.829568377490049,0.07142857142857142,0.05555555555555555
S2,5,W05_C6,1337,3,W06_C7,0.0,4.259116940238227,0.0,4.7363890032577,0.08333333333333333,0.05555555555555555
S2,5,W05_C6,1337,4,W04_C5,0.0,5.193389461620968,0.0,4.7111955170086555,0.0,0.05555555555555555
S2,5,W05_C6,1337,5,W04_C7,0.0,6.263705584576339,0.0,5.776035441081163,0.08333333333333333,0.05555555555555555
S2,5,W05_C6,1337,6,W06_C4,0.0,4.172939809801869,0.0,4.412608110179085,0.058823529411764705,0.05555555555555555
S2,5,W05_C6,1337,7,W06_C8,0.0,6.004268359201965,0.0,5.230859309961758,0.0,0.05555555555555555
S2,5,W05_C6,20260903,0,W06_C6,0.0,5.557989714542383,0.0,5.963990739912491,0.07692307692307693,0.05555555555555555
S2,5,W05_C6,20260903,1,W04_C6,0.0,4.3710442253694595,0.0,5.052650183331683,0.0,0.05555555555555555
S2,5,W05_C6,20260903,2,W06_C5,0.0,4.377446553185864,0.0,4.829568377490049,0.07692307692307693,0.05555555555555555
S2,5,W05_C6,20260903,3,W06_C7,0.0,4.895721664945878,0.0,4.7363890032577,0.0,0.05555555555555555
S2,5,W05_C6,20260903,4,W04_C5,0.0,5.835823743687527,0.0,4.7111955170086555,0.07692307692307693,0.05555555555555555
S2,5,W05_C6,20260903,5,W04_C7,0.0,6.856734365501514,0.0,5.776035441081163,0.07692307692307693,0.05555555555555555
S2,5,W05_C6,20260903,6,W06_C4,0.0,4.502869048159229,0.0,4.412608110179085,0.0,0.05555555555555555
S2,5,W05_C6,20260903,7,W06_C8,0.0,5.791670453708948,0.0,5.230859309961758,0.0,0.05555555555555555
S2,5,W05_C6,7,0,W06_C6,0.058823529411764705,4.973858207925879,0.0,5.963990739912491,0.058823529411764705,0.05555555555555555
S2,5,W05_C6,7,1,W04_C6,0.07692307692307693,3.7362647312998094,0.0,5.052650183331683,0.07692307692307693,0.05555555555555555
S2,5,W05_C6,7,2,W06_C5,0.0,4.468122424604679,0.0,4.829568377490049,0.0,0.05555555555555555
S2,5,W05_C6,7,3,W06_C7,0.0,5.392405061317935,0.0,4.7363890032577,0.0,0.05555555555555555
S2,5,W05_C6,7,4,W04_C5,0.0,5.384755106257925,0.0,4.7111955170086555,0.07692307692307693,0.05555555555555555
S2,5,W05_C6,7,5,W04_C7,0.0,6.566775201243427,0.0,5.776035441081163,0.0,0.05555555555555555
S2,5,W05_C6,7,6,W06_C4,0.0,4.993663165033398,0.0,4.412608110179085,0.07692307692307693,0.05555555555555555
S2,5,W05_C6,7,7,W06_C8,0.0,5.98619460529342,0.0,5.230859309961758,0.0,0.05555555555555555
S2,5,W05_C7,1337,0,W06_C7,0.0,4.606396528374795,0.0,4.954961296540486,0.0,0.05555555555555555
S2,5,W05_C7,1337,1,W04_C7,0.0,6.473938429420206,0.05555555555555555,6.223779410901778,0.08333333333333333,0.05555555555555555
S2,5,W05_C7,1337,2,W06_C6,0.0,6.072003271107243,0.0,5.553466848493212,0.08333333333333333,0.05555555555555555
S2,5,W05_C7,1337,3,W06_C8,0.0,5.864270334961006,0.0,6.381629263199277,0.08333333333333333,0.05555555555555555
S2,5,W05_C7,1337,4,W04_C6,0.0,5.427817202004429,0.0,4.847897001599467,0.0,0.05555555555555555
S2,5,W05_C7,1337,5,W04_C8,0.0,6.130321041950843,0.0,6.49253297195149,0.08333333333333333,0.05555555555555555
S2,5,W05_C7,1337,6,W06_C5,0.0,4.765176435054729,0.0,4.328723648690649,0.0,0.05555555555555555
S2,5,W05_C7,1337,7,W04_C5,0.0,4.784531227624193,0.0,4.7036927082497435,0.08333333333333333,0.05555555555555555
S2,5,W05_C7,20260903,0,W06_C7,0.0,4.761319309892624,0.0,4.954961296540486,0.0,0.05555555555555555
S2,5,W05_C7,20260903,1,W04_C7,0.0,6.29775625200398,0.05555555555555555,6.223779410901778,0.0,0.05555555555555555
S2,5,W05_C7,20260903,2,W06_C6,0.0,5.520515988560755,0.0,5.553466848493212,0.07142857142857142,0.05555555555555555
S2,5,W05_C7,20260903,3,W06_C8,0.0,5.719581686128989,0.0,6.381629263199277,0.07692307692307693,0.05555555555555555
S2,5,W05_C7,20260903,4,W04_C6,0.0,4.079261811122014,0.0,4.847897001599467,0.0,0.05555555555555555
S2,5,W05_C7,20260903,5,W04_C8,0.0,5.634306376396505,0.0,6.49253297195149,0.07692307692307693,0.05555555555555555
S2,5,W05_C7,20260903,6,W06_C5,0.0,4.219058763572501,0.0,4.328723648690649,0.07692307692307693,0.05555555555555555
S2,5,W05_C7,20260903,7,W04_C5,0.0,6.054189125683136,0.0,4.7036927082497435,0.07692307692307693,0.05555555555555555
S2,5,W05_C7,7,0,W06_C7,0.0,5.185644036774475,0.0,4.954961296540486,0.07142857142857142,0.05555555555555555
S2,5,W05_C7,7,1,W04_C7,0.0,6.587918854912974,0.05555555555555555,6.223779410901778,0.0,0.05555555555555555
S2,5,W05_C7,7,2,W06_C6,0.0,5.457011648886333,0.0,5.553466848493212,0.0,0.05555555555555555
S2,5,W05_C7,7,3,W06_C8,0.0,6.089997527517259,0.0,6.381629263199277,0.0,0.05555555555555555
S2,5,W05_C7,7,4,W04_C6,0.0,3.8801214180835624,0.0,4.847897001599467,0.0,0.05555555555555555
S2,5,W05_C7,7,5,W04_C8,0.0,6.075376569761934,0.0,6.49253297195149,0.0,0.05555555555555555
S2,5,W05_C7,7,6,W06_C5,0.0,4.590064850033645,0.0,4.328723648690649,0.07692307692307693,0.05555555555555555
S2,5,W05_C7,7,7,W04_C5,0.0,5.2737070156608326,0.0,4.7036927082497435,0.0,0.05555555555555555
S2,5,W05_C8,1337,0,W06_C8,0.0,6.140875149622054,0.0,6.209771127601137,0.08333333333333333,0.0
S2,5,W05_C8,1337,1,W04_C8,0.0,5.966734410253618,0.0,5.428326072915665,0.0,0.0
S2,5,W05_C8,1337,2,W06_C7,0.0,4.7915512392308885,0.0,4.352192301871209,0.0,0.0
S2,5,W05_C8,1337,3,W04_C7,0.0,6.494259016285105,0.0,5.965525664828753,0.0,0.0
S2,5,W05_C8,1337,4,W06_C6,0.0,5.972739178771117,0.0,5.542732172973721,0.08333333333333333,0.0
S2,5,W05_C8,1337,5,W04_C6,0.0,4.905542659280976,0.0,4.554972236010707,0.0,0.0
S2,5,W05_C8,1337,6,W03_C8,0.0,6.231033401787545,0.0,6.047447116477829,0.0,0.0
S2,5,W05_C8,1337,7,W03_C7,0.0,4.385394510704652,0.0,4.354103686167615,0.0,0.0
S2,5,W05_C8,20260903,0,W06_C8,0.0,5.234518569335042,0.0,6.209771127601137,0.0,0.0
S2,5,W05_C8,20260903,1,W04_C8,0.0,5.905306446418222,0.0,5.428326072915665,0.0,0.0
S2,5,W05_C8,20260903,2,W06_C7,0.0,5.0228037458044605,0.0,4.352192301871209,0.0,0.0
S2,5,W05_C8,20260903,3,W04_C7,0.0,6.728552971154936,0.0,5.965525664828753,0.0,0.0
S2,5,W05_C8,20260903,4,W06_C6,0.0,5.7089507311161185,0.0,5.542732172973721,0.07692307692307693,0.0
S2,5,W05_C8,20260903,5,W04_C6,0.0,4.211220418229596,0.0,4.554972236010707,0.0,0.0
S2,5,W05_C8,20260903,6,W03_C8,0.0,7.2517701546801945,0.0,6.047447116477829,0.08333333333333333,0.0
S2,5,W05_C8,20260903,7,W03_C7,0.0,5.033390145371053,0.0,4.354103686167615,0.0,0.0
S2,5,W05_C8,7,0,W06_C8,0.0,5.750866279639849,0.0,6.209771127601137,0.0,0.0
S2,5,W05_C8,7,1,W04_C8,0.0,6.414854370288264,0.0,5.428326072915665,0.0,0.0
S2,5,W05_C8,7,2,W06_C7,0.0,4.860706473564305,0.0,4.352192301871209,0.05555555555555555,0.0
S2,5,W05_C8,7,3,W04_C7,0.0,7.166464591943878,0.0,5.965525664828753,0.0,0.0
S2,5,W05_C8,7,4,W06_C6,0.0,5.3303031995214925,0.0,5.542732172973721,0.0,0.0
S2,5,W05_C8,7,5,W04_C6,0.0,4.060197668259866,0.0,4.554972236010707,0.0,0.0
S2,5,W05_C8,7,6,W03_C8,0.0,7.070739130163525,0.0,6.047447116477829,0.07142857142857142,0.0
S2,5,W05_C8,7,7,W03_C7,0.0,5.041360530563706,0.0,4.354103686167615,0.07692307692307693,0.0
S2,6,W06_C1,1337,0,W05_C1,0.0,4.650637785025561,0.0,3.929323397865371,0.0,0.041666666666666664
S2,6,W06_C1,1337,1,W05_C2,0.0,3.754653270156933,0.041666666666666664,4.113351672476372,0.0,0.041666666666666664
S2,6,W06_C1,1337,2,W05_C3,0.0,4.991125658306883,0.0,3.989986291902634,0.0,0.041666666666666664
S2,6,W06_C1,1337,3,W04_C1,0.0,5.242762407917007,0.0,4.404890764273376,0.0,0.041666666666666664
S2,6,W06_C1,1337,4,W04_C2,0.0,5.896645168826872,0.0,4.8900602690139285,0.08333333333333333,0.041666666666666664
S2,6,W06_C1,1337,5,W05_C4,0.0,4.346780208009455,0.0,3.9788483876624046,0.0,0.041666666666666664
S2,6,W06_C1,1337,6,W04_C3,0.0,4.56660827417127,0.0,3.9245875815764233,0.07142857142857142,0.041666666666666664
S2,6,W06_C1,1337,7,W04_C4,0.0,4.835937392412466,0.0,5.191111400221483,0.08333333333333333,0.041666666666666664
S2,6,W06_C1,20260903,0,W05_C1,0.0,3.9825805346471044,0.0,3.929323397865371,0.06666666666666667,0.041666666666666664
S2,6,W06_C1,20260903,1,W05_C2,0.0,3.930399210637989,0.041666666666666664,4.113351672476372,0.0,0.041666666666666664
S2,6,W06_C1,20260903,2,W05_C3,0.0,4.204510816152366,0.0,3.989986291902634,0.0,0.041666666666666664
S2,6,W06_C1,20260903,3,W04_C1,0.0,4.835901113582488,0.0,4.404890764273376,0.1,0.041666666666666664
S2,6,W06_C1,20260903,4,W04_C2,0.0,5.688535517363099,0.0,4.8900602690139285,0.0,0.041666666666666664
S2,6,W06_C1,20260903,5,W05_C4,0.0,3.845472911805198,0.0,3.9788483876624046,0.0,0.041666666666666664
S2,6,W06_C1,20260903,6,W04_C3,0.0,4.614472684021307,0.0,3.9245875815764233,0.0,0.041666666666666664
S2,6,W06_C1,20260903,7,W04_C4,0.0,4.404252167232446,0.0,5.191111400221483,0.09090909090909091,0.041666666666666664
S2,6,W06_C1,7,0,W05_C1,0.0,4.69530044336747,0.0,3.929323397865371,0.0,0.041666666666666664
S2,6,W06_C1,7,1,W05_C2,0.0,4.231691488252122,0.041666666666666664,4.113351672476372,0.07142857142857142,0.041666666666666664
S2,6,W06_C1,7,2,W05_C3,0.0,4.192383386379069,0.0,3.989986291902634,0.058823529411764705,0.041666666666666664
S2,6,W06_C1,7,3,W04_C1,0.0,4.559232732995248,0.0,4.404890764273376,0.0,0.041666666666666664
S2,6,W06_C1,7,4,W04_C2,0.0,5.284978165929755,0.0,4.8900602690139285,0.0,0.041666666666666664
S2,6,W06_C1,7,5,W05_C4,0.0,4.746210240353699,0.0,3.9788483876624046,0.07142857142857142,0.041666666666666664
S2,6,W06_C1,7,6,W04_C3,0.0,4.172861458126596,0.0,3.9245875815764233,0.07142857142857142,0.041666666666666664
S2,6,W06_C1,7,7,W04_C4,0.0,5.998697671502194,0.0,5.191111400221483,0.07692307692307693,0.041666666666666664
S2,6,W06_C2,1337,0,W05_C2,0.0,3.8080555779579384,0.0,3.9857861821021436,0.0,0.047619047619047616
S2,6,W06_C2,1337,1,W05_C1,0.0,4.6959142499828195,0.0,3.63783024865989,0.08333333333333333,0.047619047619047616
S2,6,W06_C2,1337,2,W05_C3,0.0,5.0032947206364575,0.0,4.228705923546494,0.06666666666666667,0.047619047619047616
S2,6,W06_C2,1337,3,W05_C4,0.0,4.4415646344335915,0.0,4.440343341784687,0.0,0.047619047619047616
S2,6,W06_C2,1337,4,W04_C2,0.0,5.625442713587606,0.0,4.815870962214643,0.08333333333333333,0.047619047619047616
S2,6,W06_C2,1337,5,W04_C1,0.0,5.320483666451409,0.0,4.484507215083661,0.07692307692307693,0.047619047619047616
S2,6,W06_C2,1337,6,W04_C3,0.0,3.941774672027089,0.0,4.652382766018816,0.0,0.047619047619047616
S2,6,W06_C2,1337,7,W05_C5,0.0,5.36237772855549,0.0,4.976916144561788,0.08333333333333333,0.047619047619047616
S2,6,W06_C2,20260903,0,W05_C2,0.0,3.5648898044694755,0.0,3.9857861821021436,0.0,0.047619047619047616
S2,6,W06_C2,20260903,1,W05_C1,0.0,4.016558342225628,0.0,3.63783024865989,0.08333333333333333,0.047619047619047616
S2,6,W06_C2,20260903,2,W05_C3,0.0,4.309464675818157,0.0,4.228705923546494,0.0,0.047619047619047616
S2,6,W06_C2,20260903,3,W05_C4,0.0,3.7804677127916997,0.0,4.440343341784687,0.08333333333333333,0.047619047619047616
S2,6,W06_C2,20260903,4,W04_C2,0.0,5.7843430680529755,0.0,4.815870962214643,0.0,0.047619047619047616
S2,6,W06_C2,20260903,5,W04_C1,0.0,4.447280273196958,0.0,4.484507215083661,0.0,0.047619047619047616
S2,6,W06_C2,20260903,6,W04_C3,0.0,4.44838024300147,0.0,4.652382766018816,0.07692307692307693,0.047619047619047616
S2,6,W06_C2,20260903,7,W05_C5,0.08333333333333333,4.169266226893257,0.0,4.976916144561788,0.08333333333333333,0.047619047619047616
S2,6,W06_C2,7,0,W05_C2,0.0,4.308154429157788,0.0,3.9857861821021436,0.08333333333333333,0.047619047619047616
S2,6,W06_C2,7,1,W05_C1,0.0,4.682876154103178,0.0,3.63783024865989,0.0,0.047619047619047616
S2,6,W06_C2,7,2,W05_C3,0.0,4.183407523666785,0.0,4.228705923546494,0.07142857142857142,0.047619047619047616
S2,6,W06_C2,7,3,W05_C4,0.0,4.923391114196407,0.0,4.440343341784687,0.0,0.047619047619047616
S2,6,W06_C2,7,4,W04_C2,0.0,5.3234691105647896,0.0,4.815870962214643,0.0,0.047619047619047616
S2,6,W06_C2,7,5,W04_C1,0.0,4.446676542331416,0.0,4.484507215083661,0.08333333333333333,0.047619047619047616
S2,6,W06_C2,7,6,W04_C3,0.0,3.8877420369816433,0.0,4.652382766018816,0.0,0.047619047619047616
S2,6,W06_C2,7,7,W05_C5,0.0,5.091276810116702,0.0,4.976916144561788,0.0,0.047619047619047616
S2,6,W06_C3,1337,0,W05_C3,0.0,4.691799428330634,0.0,4.629641240372647,0.0625,0.05263157894736842
S2,6,W06_C3,1337,1,W05_C4,0.0,4.428275788437375,0.0,4.881054785482699,0.07692307692307693,0.05263157894736842
S2,6,W06_C3,1337,2,W05_C2,0.0,3.8773976076672394,0.0,4.146330191733242,0.07692307692307693,0.05263157894736842
S2,6,W06_C3,1337,3,W05_C5,0.0,5.4438816775608,0.0,5.822482064014989,0.07692307692307693,0.05263157894736842
S2,6,W06_C3,1337,4,W05_C1,0.0,4.780279334970438,0.0,4.882352109360389,0.08333333333333333,0.05263157894736842
S2,6,W06_C3,1337,5,W04_C3,0.0,4.116758115473048,0.0,4.563982600301138,0.07142857142857142,0.05263157894736842
S2,6,W06_C3,1337,6,W04_C2,0.0,5.859279053444014,0.0,5.612860735782137,0.08333333333333333,0.05263157894736842
S2,6,W06_C3,1337,7,W04_C4,0.0,4.813887966877007,0.0,4.247498174630898,0.08333333333333333,0.05263157894736842
S2,6,W06_C3,20260903,0,W05_C3,0.0,4.159367970151222,0.0,4.629641240372647,0.0,0.05263157894736842
S2,6,W06_C3,20260903,1,W05_C4,0.0,3.9393464184852083,0.0,4.881054785482699,0.08333333333333333,0.05263157894736842
S2,6,W06_C3,20260903,2,W05_C2,0.0,3.7815628872412343,0.0,4.146330191733242,0.0,0.05263157894736842
S2,6,W06_C3,20260903,3,W05_C5,0.0,4.3265328944248305,0.0,5.822482064014989,0.09090909090909091,0.05263157894736842
S2,6,W06_C3,20260903,4,W05_C1,0.0,4.323261617085726,0.0,4.882352109360389,0.07692307692307693,0.05263157894736842
S2,6,W06_C3,20260903,5,W04_C3,0.0,4.176350170877449,0.0,4.563982600301138,0.09090909090909091,0.05263157894736842
S2,6,W06_C3,20260903,6,W04_C2,0.0,5.600576466838527,0.0,5.612860735782137,0.0,0.05263157894736842
S2,6,W06_C3,20260903,7,W04_C4,0.0,4.644791823338204,0.0,4.247498174630898,0.09090909090909091,0.05263157894736842
S2,6,W06_C3,7,0,W05_C3,0.0,4.3239636355830315,0.0,4.629641240372647,0.0,0.05263157894736842
S2,6,W06_C3,7,1,W05_C4,0.0,4.823219643999123,0.0,4.881054785482699,0.07142857142857142,0.05263157894736842
S2,6,W06_C3,7,2,W05_C2,0.0,4.202575253044218,0.0,4.146330191733242,0.08333333333333333,0.05263157894736842
S2,6,W06_C3,7,3,W05_C5,0.0,4.8144280448024555,0.0,5.822482064014989,0.0,0.05263157894736842
S2,6,W06_C3,7,4,W05_C1,0.0,4.446528628912928,0.0,4.882352109360389,0.07692307692307693,0.05263157894736842
S2,6,W06_C3,7,5,W04_C3,0.0,4.245789528288816,0.0,4.563982600301138,0.07142857142857142,0.05263157894736842
S2,6,W06_C3,7,6,W04_C2,0.0,5.16048742053809,0.0,5.612860735782137,0.0,0.05263157894736842
S2,6,W06_C3,7,7,W04_C4,0.0,5.59078974505993,0.0,4.247498174630898,0.0,0.05263157894736842
S2,6,W06_C4,1337,0,W05_C4,0.0,4.924307896997977,0.0,4.241613487643764,0.07692307692307693,0.05263157894736842
S2,6,W06_C4,1337,1,W05_C3,0.0,4.7751424052683324,0.0,4.3684598289283585,0.058823529411764705,0.05263157894736842
S2,6,W06_C4,1337,2,W05_C5,0.0,5.430534855504405,0.0,4.9675895057400625,0.0,0.05263157894736842
S2,6,W06_C4,1337,3,W05_C2,0.0,3.827293570801897,0.0,4.423652276841689,0.07692307692307693,0.05263157894736842
S2,6,W06_C4,1337,4,W05_C6,0.0,4.0396619972195404,0.0,4.33290947049024,0.0,0.05263157894736842
S2,6,W06_C4,1337,5,W04_C4,0.0,4.911372861000538,0.0,5.947343535769927,0.08333333333333333,0.05263157894736842
S2,6,W06_C4,1337,6,W04_C3,0.0,4.020613470072887,0.0,4.970636447589071,0.08333333333333333,0.05263157894736842
S2,6,W06_C4,1337,7,W04_C5,0.0,4.664140033045526,0.0,5.405273242483177,0.0,0.05263157894736842
S2,6,W06_C4,20260903,0,W05_C4,0.0,4.152827549115437,0.0,4.241613487643764,0.0,0.05263157894736842
S2,6,W06_C4,20260903,1,W05_C3,0.0,4.403955272080977,0.0,4.3684598289283585,0.07692307692307693,0.05263157894736842
S2,6,W06_C4,20260903,2,W05_C5,0.08333333333333333,4.607719053919646,0.0,4.9675895057400625,0.08333333333333333,0.05263157894736842
S2,6,W06_C4,20260903,3,W05_C2,0.0,3.7031774961157176,0.0,4.423652276841689,0.07142857142857142,0.05263157894736842
S2,6,W06_C4,20260903,4,W05_C6,0.0,4.134282356661671,0.0,4.33290947049024,0.0,0.05263157894736842
S2,6,W06_C4,20260903,5,W04_C4,0.0,4.652747465877559,0.0,5.947343535769927,0.0,0.05263157894736842
S2,6,W06_C4,20260903,6,W04_C3,0.0,4.57712509914938,0.0,4.970636447589071,0.0,0.05263157894736842
S2,6,W06_C4,20260903,7,W04_C5,0.0,4.947125307005686,0.0,5.405273242483177,0.08333333333333333,0.05263157894736842
S2,6,W06_C4,7,0,W05_C4,0.0,4.5060788135864405,0.0,4.241613487643764,0.07142857142857142,0.05263157894736842
S2,6,W06_C4,7,1,W05_C3,0.0,4.360690663873078,0.0,4.3684598289283585,0.0,0.05263157894736842
S2,6,W06_C4,7,2,W05_C5,0.0,5.153182864500221,0.0,4.9675895057400625,0.0,0.05263157894736842
S2,6,W06_C4,7,3,W05_C2,0.0,4.3146106436331655,0.0,4.423652276841689,0.0,0.05263157894736842
S2,6,W06_C4,7,4,W05_C6,0.0,4.204529337743718,0.0,4.33290947049024,0.05555555555555555,0.05263157894736842
S2,6,W06_C4,7,5,W04_C4,0.0,5.400745315055231,0.0,5.947343535769927,0.0,0.05263157894736842
S2,6,W06_C4,7,6,W04_C3,0.0,4.106601263707192,0.0,4.970636447589071,0.07692307692307693,0.05263157894736842
S2,6,W06_C4,7,7,W04_C5,0.0,4.866904386084932,0.0,5.405273242483177,0.07142857142857142,0.05263157894736842
S2,6,W06_C5,1337,0,W05_C5,0.0,5.889563920760099,0.0,5.111454762760554,0.0,0.0
S2,6,W06_C5,1337,1,W05_C4,0.0,4.546199486796374,0.0,4.626569389000759,0.0,0.0
S2,6,W06_C5,1337,2,W05_C6,0.0,4.238506614819294,0.0,4.379927543908432,0.0,0.0
S2,6,W06_C5,1337,3,W05_C3,0.0,4.875815697555216,0.0,4.172293448259962,0.0,0.0
S2,6,W06_C5,1337,4,W05_C7,0.0,4.204029655261072,0.0,3.925390073323698,0.0,0.0
S2,6,W06_C5,1337,5,W04_C5,0.0,5.222023552781646,0.0,5.268630516296546,0.08333333333333333,0.0
S2,6,W06_C5,1337,6,W04_C4,0.0,4.992450553852745,0.0,5.264449486321861,0.0,0.0
S2,6,W06_C5,1337,7,W04_C6,0.0,5.459927086991666,0.0,4.400232102638508,0.08333333333333333,0.0
S2,6,W06_C5,20260903,0,W05_C5,0.08333333333333333,4.1905050857522825,0.0,5.111454762760554,0.08333333333333333,0.0
S2,6,W06_C5,20260903,1,W05_C4,0.0,3.928302533628489,0.0,4.626569389000759,0.07692307692307693,0.0
S2,6,W06_C5,20260903,2,W05_C6,0.0,4.051369890069519,0.0,4.379927543908432,0.0,0.0
S2,6,W06_C5,20260903,3,W05_C3,0.0,4.212341445736821,0.0,4.172293448259962,0.08333333333333333,0.0
S2,6,W06_C5,20260903,4,W05_C7,0.0,4.482995179915474,0.0,3.925390073323698,0.07692307692307693,0.0
S2,6,W06_C5,20260903,5,W04_C5,0.0,4.890684400639184,0.0,5.268630516296546,0.0,0.0
S2,6,W06_C5,20260903,6,W04_C4,0.0,4.645825802989175,0.0,5.264449486321861,0.0,0.0
S2,6,W06_C5,20260903,7,W04_C6,0.0,5.655709141308025,0.0,4.400232102638508,0.0,0.0
S2,6,W06_C5,7,0,W05_C5,0.0,4.929101023642209,0.0,5.111454762760554,0.07692307692307693,0.0
S2,6,W06_C5,7,1,W05_C4,0.0,4.905740365235056,0.0,4.626569389000759,0.07142857142857142,0.0
S2,6,W06_C5,7,2,W05_C6,0.0,3.9960080875011856,0.0,4.379927543908432,0.0,0.0
S2,6,W06_C5,7,3,W05_C3,0.0,4.504734542139091,0.0,4.172293448259962,0.07142857142857142,0.0
S2,6,W06_C5,7,4,W05_C7,0.0,4.514373733401243,0.0,3.925390073323698,0.0,0.0
S2,6,W06_C5,7,5,W04_C5,0.0,4.7881015599540095,0.0,5.268630516296546,0.08333333333333333,0.0
S2,6,W06_C5,7,6,W04_C4,0.0,5.286663113698495,0.0,5.264449486321861,0.0,0.0
S2,6,W06_C5,7,7,W04_C6,0.0,5.068706187999632,0.0,4.400232102638508,0.0,0.0
S2,6,W06_C6,1337,0,W05_C6,0.0,4.126115220870508,0.0,5.284823414862962,0.0,0.0
S2,6,W06_C6,1337,1,W05_C5,0.0,5.342755464215904,0.0,5.498741396516528,0.08333333333333333,0.0
S2,6,W06_C6,1337,2,W05_C7,0.0,4.020960209880159,0.0,4.723240615973327,0.0625,0.0
S2,6,W06_C6,1337,3,W05_C4,0.0,4.490394517844062,0.0,5.612968233382265,0.07692307692307693,0.0
S2,6,W06_C6,1337,4,W05_C8,0.0,4.649595786875413,0.0,4.595161412160421,0.0625,0.0
S2,6,W06_C6,1337,5,W04_C6,0.0,5.323630256042064,0.0,5.532212764937454,0.08333333333333333,0.0
S2,6,W06_C6,1337,6,W04_C5,0.0,4.832264178124415,0.0,5.3096374835224855,0.0,0.0
S2,6,W06_C6,1337,7,W04_C7,0.0,6.27387298597239,0.0,6.332833727271409,0.0,0.0
S2,6,W06_C6,20260903,0,W05_C6,0.0,4.127076935885529,0.0,5.284823414862962,0.0,0.0
S2,6,W06_C6,20260903,1,W05_C5,0.0,4.468208452008434,0.0,5.498741396516528,0.0,0.0
S2,6,W06_C6,20260903,2,W05_C7,0.0,3.651812854412921,0.0,4.723240615973327,0.0,0.0
S2,6,W06_C6,20260903,3,W05_C4,0.0,3.940552049774833,0.0,5.612968233382265,0.0,0.0
S2,6,W06_C6,20260903,4,W05_C8,0.0,4.722245312741387,0.0,4.595161412160421,0.08333333333333333,0.0
S2,6,W06_C6,20260903,5,W04_C6,0.0,4.555931483916163,0.0,5.532212764937454,0.09090909090909091,0.0
S2,6,W06_C6,20260903,6,W04_C5,0.0,5.133783236837129,0.0,5.3096374835224855,0.09090909090909091,0.0
S2,6,W06_C6,20260903,7,W04_C7,0.0,6.111106243069164,0.0,6.332833727271409,0.0,0.0
S2,6,W06_C6,7,0,W05_C6,0.0,4.065901025859954,0.0,5.284823414862962,0.0,0.0
S2,6,W06_C6,7,1,W05_C5,0.0,4.937560648612769,0.0,5.498741396516528,0.07692307692307693,0.0
S2,6,W06_C6,7,2,W05_C7,0.0,4.2581476908706355,0.0,4.723240615973327,0.0,0.0
S2,6,W06_C6,7,3,W05_C4,0.0,4.652729422478664,0.0,5.612968233382265,0.07692307692307693,0.0
S2,6,W06_C6,7,4,W05_C8,0.0,4.018395662792518,0.0,4.595161412160421,0.0,0.0
S2,6,W06_C6,7,5,W04_C6,0.0,4.546842991996955,0.0,5.532212764937454,0.07692307692307693,0.0
S2,6,W06_C6,7,6,W04_C5,0.0,4.97854347974478,0.0,5.3096374835224855,0.0,0.0
S2,6,W06_C6,7,7,W04_C7,0.0,5.828519460911626,0.0,6.332833727271409,0.0,0.0
S2,6,W06_C7,1337,0,W05_C7,0.0,4.18154310163184,0.0,4.562291518550844,0.0625,0.0
S2,6,W06_C7,1337,1,W05_C6,0.0,4.002587756861035,0.0,4.303752879880823,0.0625,0.0
S2,6,W06_C7,1337,2,W05_C8,0.0,4.640247766921884,0.0,4.174622882593579,0.0625,0.0
S2,6,W06_C7,1337,3,W05_C5,0.0,5.294026623210246,0.0,4.978631279324321,0.0,0.0
S2,6,W06_C7,1337,4,W04_C7,0.0,5.930235592587532,0.0,6.014701780870461,0.0,0.0
S2,6,W06_C7,1337,5,W04_C6,0.0,5.209147657913937,0.0,5.513331530898082,0.0,0.0
S2,6,W06_C7,1337,6,W04_C8,0.0,5.711545679196899,0.0,5.30984610415081,0.0,0.0
S2,6,W06_C7,1337,7,W05_C4,0.0,4.597427890162459,0.0,5.0558723004435695,0.07142857142857142,0.0
S2,6,W06_C7,20260903,0,W05_C7,0.0,3.8249176662170994,0.0,4.562291518550844,0.0,0.0
S2,6,W06_C7,20260903,1,W05_C6,0.0,3.814556496262994,0.0,4.303752879880823,0.07142857142857142,0.0
S2,6,W06_C7,20260903,2,W05_C8,0.08333333333333333,4.416662083642881,0.0,4.174622882593579,0.08333333333333333,0.0
S2,6,W06_C7,20260903,3,W05_C5,0.0,4.60665729695412,0.0,4.978631279324321,0.08333333333333333,0.0
S2,6,W06_C7,20260903,4,W04_C7,0.0,6.089240009779397,0.0,6.014701780870461,0.09090909090909091,0.0
S2,6,W06_C7,20260903,5,W04_C6,0.0,5.359382233872929,0.0,5.513331530898082,0.0,0.0
S2,6,W06_C7,20260903,6,W04_C8,0.0,5.653297070743924,0.0,5.30984610415081,0.0,0.0
S2,6,W06_C7,20260903,7,W05_C4,0.0,3.8263414385810335,0.0,5.0558723004435695,0.0,0.0
S2,6,W06_C7,7,0,W05_C7,0.0,4.1562167523056806,0.0,4.562291518550844,0.0,0.0
S2,6,W06_C7,7,1,W05_C6,0.0,4.142395118185075,0.0,4.303752879880823,0.0,0.0
S2,6,W06_C7,7,2,W05_C8,0.0,4.085300090042693,0.0,4.174622882593579,0.058823529411764705,0.0
S2,6,W06_C7,7,3,W05_C5,0.0,4.784246895002327,0.0,4.978631279324321,0.07692307692307693,0.0
S2,6,W06_C7,7,4,W04_C7,0.0,6.439072254334399,0.0,6.014701780870461,0.08333333333333333,0.0
S2,6,W06_C7,7,5,W04_C6,0.0,4.716803417649359,0.0,5.513331530898082,0.07692307692307693,0.0
S2,6,W06_C7,7,6,W04_C8,0.0,4.771524341340007,0.0,5.30984610415081,0.08333333333333333,0.0
S2,6,W06_C7,7,7,W05_C4,0.0,4.4037343824619795,0.0,5.0558723004435695,0.06666666666666667,0.0
S2,6,W06_C8,1337,0,W05_C8,0.0,4.510743131777198,0.0,4.445722933534827,0.0,0.0
S2,6,W06_C8,1337,1,W05_C7,0.0,4.018149832094343,0.0,4.695772225135783,0.0,0.0
S2,6,W06_C8,1337,2,W05_C6,0.0,3.9902419789745585,0.0,3.8390667460741548,0.0,0.0
S2,6,W06_C8,1337,3,W04_C8,0.0,5.871527827019677,0.0,6.330168554367652,0.0,0.0
S2,6,W06_C8,1337,4,W04_C7,0.0,5.699270476419837,0.0,6.098076188366064,0.08333333333333333,0.0
S2,6,W06_C8,1337,5,W05_C5,0.0,5.5796178325333985,0.0,4.2994164667750425,0.0,0.0
S2,6,W06_C8,1337,6,W04_C6,0.0,5.372391038365379,0.0,5.110647568792843,0.0,0.0
S2,6,W06_C8,1337,7,W04_C5,0.0,4.872355203527541,0.0,5.907085048831433,0.0,0.0
S2,6,W06_C8,20260903,0,W05_C8,0.0,4.287136094087287,0.0,4.445722933534827,0.07692307692307693,0.0
S2,6,W06_C8,20260903,1,W05_C7,0.0,3.9054353153679267,0.0,4.695772225135783,0.07692307692307693,0.0
S2,6,W06_C8,20260903,2,W05_C6,0.0,4.463828553143329,0.0,3.8390667460741548,0.08333333333333333,0.0
S2,6,W06_C8,20260903,3,W04_C8,0.0,5.5744959801943965,0.0,6.330168554367652,0.0,0.0
S2,6,W06_C8,20260903,4,W04_C7,0.0,6.037191011012955,0.0,6.098076188366064,0.1,0.0
S2,6,W06_C8,20260903,5,W05_C5,0.0,4.283904129498574,0.0,4.2994164667750425,0.08333333333333333,0.0
S2,6,W06_C8,20260903,6,W04_C6,0.0,4.842078455489715,0.0,5.110647568792843,0.08333333333333333,0.0
S2,6,W06_C8,20260903,7,W04_C5,0.0,5.036519101847078,0.0,5.907085048831433,0.09090909090909091,0.0
S2,6,W06_C8,7,0,W05_C8,0.0,4.191434318677953,0.0,4.445722933534827,0.0,0.0
S2,6,W06_C8,7,1,W05_C7,0.0,4.479027610995921,0.0,4.695772225135783,0.0,0.0
S2,6,W06_C8,7,2,W05_C6,0.0,4.015792636958802,0.0,3.8390667460741548,0.05263157894736842,0.0
S2,6,W06_C8,7,3,W04_C8,0.0,4.897699493856809,0.0,6.330168554367652,0.0,0.0
S2,6,W06_C8,7,4,W04_C7,0.0,5.829810780862815,0.0,6.098076188366064,0.07692307692307693,0.0
S2,6,W06_C8,7,5,W05_C5,0.0,5.290703727262665,0.0,4.2994164667750425,0.0,0.0
S2,6,W06_C8,7,6,W04_C6,0.0,4.845532032917072,0.0,5.110647568792843,0.0,0.0
S2,6,W06_C8,7,7,W04_C5,0.0,4.810133659628405,0.0,5.907085048831433,0.08333333333333333,0.0
S3,0,W00_C1,1337,0,W00_C3,0.0,5.619611843128644,0.038461538461538464,5.085527355696728,0.09090909090909091,0.0
S3,0,W00_C1,1337,1,W01_C3,0.0,6.7575371713527455,0.0,7.445053706620103,0.0,0.0
S3,0,W00_C1,1337,2,W00_C4,0.0,3.943601150365836,0.0,3.8243479587411993,0.0,0.0
S3,0,W00_C1,1337,3,W01_C4,0.0,5.88344745112749,0.0,6.025596914388389,0.0,0.0
S3,0,W00_C1,1337,4,W02_C3,0.0,4.76358714721595,0.0,4.859199926237039,0.0,0.0
S3,0,W00_C1,1337,5,W00_C5,0.0,3.789713086768843,0.0,3.961242932152653,0.0,0.0
S3,0,W00_C1,1337,6,W02_C4,0.0,4.896160374949481,0.0,6.113644405245125,0.0,0.0
S3,0,W00_C1,1337,7,W03_C3,0.0,4.631306892337831,0.0,4.432646560241159,0.0,0.0
S3,0,W00_C1,20260903,0,W00_C3,0.0,6.218100427118495,0.038461538461538464,5.085527355696728,0.0,0.0
S3,0,W00_C1,20260903,1,W01_C3,0.0,6.257564279484771,0.0,7.445053706620103,0.0,0.0
S3,0,W00_C1,20260903,2,W00_C4,0.0,4.413392955894458,0.0,3.8243479587411993,0.0,0.0
S3,0,W00_C1,20260903,3,W01_C4,0.0,5.881692957373412,0.0,6.025596914388389,0.0,0.0
S3,0,W00_C1,20260903,4,W02_C3,0.0,4.766245052823883,0.0,4.859199926237039,0.0,0.0
S3,0,W00_C1,20260903,5,W00_C5,0.0,3.808914515979293,0.0,3.961242932152653,0.0,0.0
S3,0,W00_C1,20260903,6,W02_C4,0.0,5.13374780569702,0.0,6.113644405245125,0.1111111111111111,0.0
S3,0,W00_C1,20260903,7,W03_C3,0.0,4.929231407476005,0.0,4.432646560241159,0.0,0.0
S3,0,W00_C1,7,0,W00_C3,0.0,5.315717046061079,0.038461538461538464,5.085527355696728,0.0,0.0
S3,0,W00_C1,7,1,W01_C3,0.0,6.308642276508192,0.0,7.445053706620103,0.0,0.0
S3,0,W00_C1,7,2,W00_C4,0.0,4.516381233615374,0.0,3.8243479587411993,0.0,0.0
S3,0,W00_C1,7,3,W01_C4,0.0,6.033478940500361,0.0,6.025596914388389,0.0,0.0
S3,0,W00_C1,7,4,W02_C3,0.0,4.598760368407087,0.0,4.859199926237039,0.1,0.0
S3,0,W00_C1,7,5,W00_C5,0.0,4.079132394879131,0.0,3.961242932152653,0.0,0.0
S3,0,W00_C1,7,6,W02_C4,0.0,5.749631980420069,0.0,6.113644405245125,0.0,0.0
S3,0,W00_C1,7,7,W03_C3,0.0,4.756281146426382,0.0,4.432646560241159,0.0,0.0
S3,0,W00_C2,1337,0,W00_C3,0.0,5.99100704395833,0.0,4.97019680687694,0.0,0.0
S3,0,W00_C2,1337,1,W01_C3,0.0,6.587470086972862,0.0,6.208559694626052,0.0,0.0
S3,0,W00_C2,1337,2,W00_C4,0.0,4.010957212117558,0.0,3.9319933856986466,0.0,0.0
S3,0,W00_C2,1337,3,W01_C4,0.0,6.2934868973721185,0.0,6.661990140728706,0.0,0.0
S3,0,W00_C2,1337,4,W00_C5,0.0,3.658505094807593,0.0,3.448594297135518,0.0,0.0
S3,0,W00_C2,1337,5,W02_C3,0.0,4.731077935016054,0.0,4.465432505425495,0.0,0.0
S3,0,W00_C2,1337,6,W02_C4,0.0,4.660928147019818,0.0,4.9461750462161245,0.0,0.0
S3,0,W00_C2,1337,7,W00_C6,0.0,3.7130873874818104,0.0,3.834064544308781,0.0,0.0
S3,0,W00_C2,20260903,0,W00_C3,0.0,5.981062471071398,0.0,4.97019680687694,0.0,0.0
S3,0,W00_C2,20260903,1,W01_C3,0.0,5.924011994224161,0.0,6.208559694626052,0.0,0.0
S3,0,W00_C2,20260903,2,W00_C4,0.0,4.017520049007883,0.0,3.9319933856986466,0.0,0.0
S3,0,W00_C2,20260903,3,W01_C4,0.0,5.758580424979497,0.0,6.661990140728706,0.1111111111111111,0.0
S3,0,W00_C2,20260903,4,W00_C5,0.0,3.9191086705715525,0.0,3.448594297135518,0.0,0.0
S3,0,W00_C2,20260903,5,W02_C3,0.0,5.58318289453621,0.0,4.465432505425495,0.0,0.0
S3,0,W00_C2,20260903,6,W02_C4,0.0,5.235768788455609,0.0,4.9461750462161245,0.0,0.0
S3,0,W00_C2,20260903,7,W00_C6,0.0,4.320106626146084,0.0,3.834064544308781,0.0,0.0
S3,0,W00_C2,7,0,W00_C3,0.0,5.458022172985308,0.0,4.97019680687694,0.0,0.0
S3,0,W00_C2,7,1,W01_C3,0.0,5.857448703539436,0.0,6.208559694626052,0.0,0.0
S3,0,W00_C2,7,2,W00_C4,0.0,4.661220758489228,0.0,3.9319933856986466,0.0,0.0
S3,0,W00_C2,7,3,W01_C4,0.0,6.59205246496951,0.0,6.661990140728706,0.1,0.0
S3,0,W00_C2,7,4,W00_C5,0.0,3.680861542587871,0.0,3.448594297135518,0.0,0.0
S3,0,W00_C2,7,5,W02_C3,0.0,4.438572300490423,0.0,4.465432505425495,0.0,0.0
S3,0,W00_C2,7,6,W02_C4,0.0,5.355050941534116,0.0,4.9461750462161245,0.0,0.0
S3,0,W00_C2,7,7,W00_C6,0.0,4.5667506126297175,0.0,3.834064544308781,0.0,0.0
S3,0,W01_C1,1337,0,W01_C3,0.0,6.159481370191577,0.0,6.7261637136075505,0.08333333333333333,0.0
S3,0,W01_C1,1337,1,W00_C3,0.0,6.5676548625065925,0.0,5.711442087914833,0.0,0.0
S3,0,W01_C1,1337,2,W02_C3,0.0,5.278630573053787,0.0,5.1754107929055015,0.07692307692307693,0.0
S3,0,W01_C1,1337,3,W01_C4,0.08333333333333333,5.864476754287956,0.0,4.856990606082082,0.08333333333333333,0.0
S3,0,W01_C1,1337,4,W00_C4,0.0,5.249191890926622,0.0,5.4985372257076435,0.0,0.0
S3,0,W01_C1,1337,5,W02_C4,0.0,5.339585288286427,0.0,4.934793973753471,0.07692307692307693,0.0
S3,0,W01_C1,1337,6,W03_C3,0.0,5.142326388834563,0.0,5.967217121507715,0.07692307692307693,0.0
S3,0,W01_C1,1337,7,W00_C5,0.0,4.997295034982079,0.0,6.288017396186203,0.0,0.0
S3,0,W01_C1,20260903,0,W01_C3,0.0,6.379060380222996,0.0,6.7261637136075505,0.09090909090909091,0.0
S3,0,W01_C1,20260903,1,W00_C3,0.0,6.28516136355415,0.0,5.711442087914833,0.0,0.0
S3,0,W01_C1,20260903,2,W02_C3,0.0,6.021469942737688,0.0,5.1754107929055015,0.0,0.0
S3,0,W01_C1,20260903,3,W01_C4,0.0,5.844448021820162,0.0,4.856990606082082,0.0,0.0
S3,0,W01_C1,20260903,4,W00_C4,0.0,5.387908176628134,0.0,5.4985372257076435,0.0,0.0
S3,0,W01_C1,20260903,5,W02_C4,0.0,4.781041220941052,0.0,4.934793973753471,0.09090909090909091,0.0
S3,0,W01_C1,20260903,6,W03_C3,0.0,4.73721165621616,0.0,5.967217121507715,0.0,0.0
S3,0,W01_C1,20260903,7,W00_C5,0.0,5.024508427504331,0.0,6.288017396186203,0.0,0.0
S3,0,W01_C1,7,0,W01_C3,0.0,5.892790756531168,0.0,6.7261637136075505,0.0,0.0
S3,0,W01_C1,7,1,W00_C3,0.0,5.900060921938426,0.0,5.711442087914833,0.0,0.0
S3,0,W01_C1,7,2,W02_C3,0.0,4.479934442911176,0.0,5.1754107929055015,0.07142857142857142,0.0
S3,0,W01_C1,7,3,W01_C4,0.0,7.025761050628406,0.0,4.856990606082082,0.0,0.0
S3,0,W01_C1,7,4,W00_C4,0.0,5.349732958592655,0.0,5.4985372257076435,0.0,0.0
S3,0,W01_C1,7,5,W02_C4,0.0,5.231909127777129,0.0,4.934793973753471,0.0,0.0
S3,0,W01_C1,7,6,W03_C3,0.0,5.161159903898386,0.0,5.967217121507715,0.0,0.0
S3,0,W01_C1,7,7,W00_C5,0.0,4.818630739987877,0.0,6.288017396186203,0.0,0.0
S3,0,W01_C2,1337,0,W01_C3,0.0,6.517849090878504,0.0,6.239643626900795,0.08333333333333333,0.1
S3,0,W01_C2,1337,1,W00_C3,0.0,6.486947654590129,0.0,6.654103333319962,0.0,0.1
S3,0,W01_C2,1337,2,W02_C3,0.0,5.358666265226915,0.0,4.856837682096151,0.07692307692307693,0.1
S3,0,W01_C2,1337,3,W01_C4,0.0,5.945030718349054,0.0,6.293632906614905,0.0,0.1
S3,0,W01_C2,1337,4,W00_C4,0.0,4.850873931868688,0.0,5.288882228346036,0.07692307692307693,0.1
S3,0,W01_C2,1337,5,W02_C4,0.0,5.155605838783629,0.0,5.559364402226143,0.07692307692307693,0.1
S3,0,W01_C2,1337,6,W03_C3,0.0,4.89634100313558,0.0,5.369264298959881,0.0,0.1
S3,0,W01_C2,1337,7,W00_C5,0.0,5.105111006886382,0.0,5.485359302774476,0.0,0.1
S3,0,W01_C2,20260903,0,W01_C3,0.0,6.177989886544046,0.0,6.239643626900795,0.0,0.1
S3,0,W01_C2,20260903,1,W00_C3,0.0,6.1791086081466,0.0,6.654103333319962,0.0,0.1
S3,0,W01_C2,20260903,2,W02_C3,0.0,5.469023505705164,0.0,4.856837682096151,0.0,0.1
S3,0,W01_C2,20260903,3,W01_C4,0.0,5.845734264628342,0.0,6.293632906614905,0.0,0.1
S3,0,W01_C2,20260903,4,W00_C4,0.0,5.114479476829269,0.0,5.288882228346036,0.0,0.1
S3,0,W01_C2,20260903,5,W02_C4,0.0,5.051372770467363,0.0,5.559364402226143,0.0,0.1
S3,0,W01_C2,20260903,6,W03_C3,0.0,4.420900168067018,0.0,5.369264298959881,0.0,0.1
S3,0,W01_C2,20260903,7,W00_C5,0.0,5.035708528491197,0.0,5.485359302774476,0.0,0.1
S3,0,W01_C2,7,0,W01_C3,0.0,5.833194285252103,0.0,6.239643626900795,0.0,0.1
S3,0,W01_C2,7,1,W00_C3,0.0,5.941409205646204,0.0,6.654103333319962,0.0,0.1
S3,0,W01_C2,7,2,W02_C3,0.0,4.064371144595833,0.0,4.856837682096151,0.0,0.1
S3,0,W01_C2,7,3,W01_C4,0.0,6.84854907573228,0.0,6.293632906614905,0.0,0.1
S3,0,W01_C2,7,4,W00_C4,0.0,5.337368456701434,0.0,5.288882228346036,0.0,0.1
S3,0,W01_C2,7,5,W02_C4,0.0,4.886641066992192,0.0,5.559364402226143,0.07142857142857142,0.1
S3,0,W01_C2,7,6,W03_C3,0.0,4.924733246228427,0.0,5.369264298959881,0.0,0.1
S3,0,W01_C2,7,7,W00_C5,0.0,4.685256388599397,0.0,5.485359302774476,0.0,0.1
S3,0,W02_C1,1337,0,W02_C3,0.0,5.042712829444621,0.0,5.677134678281145,0.0,0.07142857142857142
S3,0,W02_C1,1337,1,W03_C3,0.0,4.687251772518358,0.0,5.609446536836252,0.0,0.07142857142857142
S3,0,W02_C1,1337,2,W01_C3,0.0,6.223470254731894,0.0,7.536304721161669,0.0,0.07142857142857142
S3,0,W02_C1,1337,3,W02_C4,0.0,5.138734317630953,0.0,6.049208338225253,0.0,0.07142857142857142
S3,0,W02_C1,1337,4,W03_C4,0.0,4.8551971421093185,0.0,6.073936696323672,0.0,0.07142857142857142
S3,0,W02_C1,1337,5,W01_C4,0.0,6.453512435292749,0.0,7.568801604809678,0.0,0.07142857142857142
S3,0,W02_C1,1337,6,W04_C3,0.0,4.254623435435116,0.0,5.321994110045041,0.0,0.07142857142857142
S3,0,W02_C1,1337,7,W00_C3,0.0,6.929180360360889,0.0,7.61187087542404,0.08333333333333333,0.07142857142857142
S3,0,W02_C1,20260903,0,W02_C3,0.0,5.576517088305391,0.0,5.677134678281145,0.0,0.07142857142857142
S3,0,W02_C1,20260903,1,W03_C3,0.0,4.657234264085841,0.0,5.609446536836252,0.0,0.07142857142857142
S3,0,W02_C1,20260903,2,W01_C3,0.0,6.589234991963815,0.0,7.536304721161669,0.0,0.07142857142857142
S3,0,W02_C1,20260903,3,W02_C4,0.0,5.272646575652187,0.0,6.049208338225253,0.0,0.07142857142857142
S3,0,W02_C1,20260903,4,W03_C4,0.0,4.97389507585815,0.0,6.073936696323672,0.0,0.07142857142857142
S3,0,W02_C1,20260903,5,W01_C4,0.0,6.942565510569419,0.0,7.568801604809678,0.0,0.07142857142857142
S3,0,W02_C1,20260903,6,W04_C3,0.0,4.209672162985277,0.0,5.321994110045041,0.0,0.07142857142857142
S3,0,W02_C1,20260903,7,W00_C3,0.0,5.845730631936888,0.0,7.61187087542404,0.0,0.07142857142857142
S3,0,W02_C1,7,0,W02_C3,0.0,4.712869301950738,0.0,5.677134678281145,0.0,0.07142857142857142
S3,0,W02_C1,7,1,W03_C3,0.0,4.953837356600497,0.0,5.609446536836252,0.0,0.07142857142857142
S3,0,W02_C1,7,2,W01_C3,0.0,6.17412903221716,0.0,7.536304721161669,0.0,0.07142857142857142
S3,0,W02_C1,7,3,W02_C4,0.0,5.184187270008549,0.0,6.049208338225253,0.0,0.07142857142857142
S3,0,W02_C1,7,4,W03_C4,0.0,5.224300020428002,0.0,6.073936696323672,0.07142857142857142,0.07142857142857142
S3,0,W02_C1,7,5,W01_C4,0.0,7.203553491126862,0.0,7.568801604809678,0.0,0.07142857142857142
S3,0,W02_C1,7,6,W04_C3,0.0,4.801087217097941,0.0,5.321994110045041,0.0,0.07142857142857142
S3,0,W02_C1,7,7,W00_C3,0.0,6.519905432728569,0.0,7.61187087542404,0.0,0.07142857142857142
S3,0,W02_C2,1337,0,W02_C3,0.0,5.352050154545766,0.0,5.515920767219932,0.0,0.0
S3,0,W02_C2,1337,1,W03_C3,0.0,5.021928799023279,0.0,5.927644380571592,0.0,0.0
S3,0,W02_C2,1337,2,W01_C3,0.0,6.279947208438798,0.0,6.44959534649343,0.0,0.0
S3,0,W02_C2,1337,3,W02_C4,0.0,5.321635512303835,0.0,5.292522503694104,0.07692307692307693,0.0
S3,0,W02_C2,1337,4,W03_C4,0.0,5.059294999580001,0.0,6.450897402347701,0.0,0.0
S3,0,W02_C2,1337,5,W01_C4,0.0,5.990229062244606,0.0,8.198629966225344,0.08333333333333333,0.0
S3,0,W02_C2,1337,6,W04_C3,0.0,4.369825328337156,0.0,4.814698729086308,0.0,0.0
S3,0,W02_C2,1337,7,W02_C5,0.0,4.963817027179975,0.0,6.710639282958451,0.0,0.0
S3,0,W02_C2,20260903,0,W02_C3,0.0,5.42834736461046,0.0,5.515920767219932,0.0,0.0
S3,0,W02_C2,20260903,1,W03_C3,0.0,4.400537858505731,0.0,5.927644380571592,0.0,0.0
S3,0,W02_C2,20260903,2,W01_C3,0.0,6.816521749625702,0.0,6.44959534649343,0.0,0.0
S3,0,W02_C2,20260903,3,W02_C4,0.0,5.095306564263985,0.0,5.292522503694104,0.0,0.0
S3,0,W02_C2,20260903,4,W03_C4,0.0,4.571979908265707,0.0,6.450897402347701,0.0,0.0
S3,0,W02_C2,20260903,5,W01_C4,0.0,5.917762170628378,0.0,8.198629966225344,0.0,0.0
S3,0,W02_C2,20260903,6,W04_C3,0.0,4.409039165237737,0.0,4.814698729086308,0.0,0.0
S3,0,W02_C2,20260903,7,W02_C5,0.0,4.485312761643145,0.0,6.710639282958451,0.0,0.0
S3,0,W02_C2,7,0,W02_C3,0.0,4.656008215671015,0.0,5.515920767219932,0.07142857142857142,0.0
S3,0,W02_C2,7,1,W03_C3,0.0,4.895800627197457,0.0,5.927644380571592,0.0,0.0
S3,0,W02_C2,7,2,W01_C3,0.0,6.089926792907293,0.0,6.44959534649343,0.0,0.0
S3,0,W02_C2,7,3,W02_C4,0.0,5.047423742105666,0.0,5.292522503694104,0.0,0.0
S3,0,W02_C2,7,4,W03_C4,0.0,5.579629897718224,0.0,6.450897402347701,0.0,0.0
S3,0,W02_C2,7,5,W01_C4,0.0,6.964057718854753,0.0,8.198629966225344,0.0,0.0
S3,0,W02_C2,7,6,W04_C3,0.0,4.762293472377542,0.0,4.814698729086308,0.0,0.0
S3,0,W02_C2,7,7,W02_C5,0.0,5.403820649278916,0.0,6.710639282958451,0.0,0.0
S3,0,W03_C1,1337,0,W03_C3,0.0,5.585953032519545,0.0,4.858899822616294,0.0,0.0625
S3,0,W03_C1,1337,1,W04_C3,0.0,4.266814104480384,0.0,4.1512742644197695,0.0,0.0625
S3,0,W03_C1,1337,2,W02_C3,0.0,5.329780333638367,0.0,5.586638111561129,0.0,0.0625
S3,0,W03_C1,1337,3,W03_C4,0.0,4.846109564079768,0.0,4.864989931056053,0.07142857142857142,0.0625
S3,0,W03_C1,1337,4,W04_C4,0.0,5.416492831368916,0.0,4.422937159155579,0.0,0.0625
S3,0,W03_C1,1337,5,W02_C4,0.0,5.332726664297213,0.0,5.156222698386745,0.0,0.0625
S3,0,W03_C1,1337,6,W05_C3,0.0,4.995942077095926,0.0,4.4497116933443,0.0,0.0625
S3,0,W03_C1,1337,7,W01_C3,0.0,6.215061540203444,0.0,5.8483834829872965,0.08333333333333333,0.0625
S3,0,W03_C1,20260903,0,W03_C3,0.0,4.476948215934389,0.0,4.858899822616294,0.06666666666666667,0.0625
S3,0,W03_C1,20260903,1,W04_C3,0.0,4.680911843213974,0.0,4.1512742644197695,0.0,0.0625
S3,0,W03_C1,20260903,2,W02_C3,0.0,5.143974470995576,0.0,5.586638111561129,0.0,0.0625
S3,0,W03_C1,20260903,3,W03_C4,0.0,4.200169449794602,0.0,4.864989931056053,0.0,0.0625
S3,0,W03_C1,20260903,4,W04_C4,0.0,4.988740912504249,0.0,4.422937159155579,0.0,0.0625
S3,0,W03_C1,20260903,5,W02_C4,0.0,4.532861332856141,0.0,5.156222698386745,0.0,0.0625
S3,0,W03_C1,20260903,6,W05_C3,0.0,4.66641338556651,0.0,4.4497116933443,0.0,0.0625
S3,0,W03_C1,20260903,7,W01_C3,0.0,6.275409612765711,0.0,5.8483834829872965,0.09090909090909091,0.0625
S3,0,W03_C1,7,0,W03_C3,0.0,4.975384760139154,0.0,4.858899822616294,0.0,0.0625
S3,0,W03_C1,7,1,W04_C3,0.0,5.063920176521892,0.0,4.1512742644197695,0.0,0.0625
S3,0,W03_C1,7,2,W02_C3,0.0,4.463436224309697,0.0,5.586638111561129,0.0,0.0625
S3,0,W03_C1,7,3,W03_C4,0.07142857142857142,5.089369322944826,0.0,4.864989931056053,0.07142857142857142,0.0625
S3,0,W03_C1,7,4,W04_C4,0.0,5.163758026186686,0.0,4.422937159155579,0.0,0.0625
S3,0,W03_C1,7,5,W02_C4,0.0,5.135920576856212,0.0,5.156222698386745,0.0,0.0625
S3,0,W03_C1,7,6,W05_C3,0.0,5.367903553309275,0.0,4.4497116933443,0.07142857142857142,0.0625
S3,0,W03_C1,7,7,W01_C3,0.0,6.198172638436721,0.0,5.8483834829872965,0.0,0.0625
S3,0,W03_C2,1337,0,W03_C3,0.0,5.203840010912744,0.0,4.175428436326079,0.07692307692307693,0.0
S3,0,W03_C2,1337,1,W04_C3,0.0,4.5329075466991355,0.0,4.901719853179425,0.0,0.0
S3,0,W03_C2,1337,2,W02_C3,0.0,4.838110159634014,0.0,5.254705586441926,0.0,0.0
S3,0,W03_C2,1337,3,W03_C4,0.0,4.583381745566397,0.0,4.928586066501722,0.0,0.0
S3,0,W03_C2,1337,4,W04_C4,0.0,5.268405369239063,0.0,5.482245886437958,0.0,0.0
S3,0,W03_C2,1337,5,W02_C4,0.0,5.401387062512709,0.0,5.49534883355594,0.0,0.0
S3,0,W03_C2,1337,6,W05_C3,0.0,4.984131860141346,0.0,5.37113310760304,0.0,0.0
S3,0,W03_C2,1337,7,W03_C5,0.0,4.697675029335323,0.0,4.929554024432817,0.0,0.0
S3,0,W03_C2,20260903,0,W03_C3,0.0,5.0069494046467105,0.0,4.175428436326079,0.07142857142857142,0.0
S3,0,W03_C2,20260903,1,W04_C3,0.0,4.070343821971508,0.0,4.901719853179425,0.0,0.0
S3,0,W03_C2,20260903,2,W02_C3,0.0,5.819667067031878,0.0,5.254705586441926,0.0,0.0
S3,0,W03_C2,20260903,3,W03_C4,0.0,4.440899849897917,0.0,4.928586066501722,0.0,0.0
S3,0,W03_C2,20260903,4,W04_C4,0.0,4.93759828982028,0.0,5.482245886437958,0.0,0.0
S3,0,W03_C2,20260903,5,W02_C4,0.0,5.427434932799705,0.0,5.49534883355594,0.0,0.0
S3,0,W03_C2,20260903,6,W05_C3,0.0,4.55067373234752,0.0,5.37113310760304,0.0,0.0
S3,0,W03_C2,20260903,7,W03_C5,0.0,4.598316860816578,0.0,4.929554024432817,0.0,0.0
S3,0,W03_C2,7,0,W03_C3,0.0,5.0106447138244485,0.0,4.175428436326079,0.0,0.0
S3,0,W03_C2,7,1,W04_C3,0.0,4.718042247844649,0.0,4.901719853179425,0.0,0.0
S3,0,W03_C2,7,2,W02_C3,0.0,4.531079267585961,0.0,5.254705586441926,0.0,0.0
S3,0,W03_C2,7,3,W03_C4,0.0,5.221763607795494,0.0,4.928586066501722,0.07142857142857142,0.0
S3,0,W03_C2,7,4,W04_C4,0.0,5.287574478673861,0.0,5.482245886437958,0.0,0.0
S3,0,W03_C2,7,5,W02_C4,0.0,5.058314687166818,0.0,5.49534883355594,0.0,0.0
S3,0,W03_C2,7,6,W05_C3,0.0,5.400464042144114,0.0,5.37113310760304,0.0,0.0
S3,0,W03_C2,7,7,W03_C5,0.0,4.857440768902843,0.0,4.929554024432817,0.0,0.0
S3,0,W04_C1,1337,0,W04_C3,0.0,4.255795468241724,0.0,4.851626155113158,0.0,0.0
S3,0,W04_C1,1337,1,W05_C3,0.0,4.812372461644438,0.0,4.287297045301124,0.0,0.0
S3,0,W04_C1,1337,2,W03_C3,0.0,5.297523606199201,0.0,4.098967350189352,0.0,0.0
S3,0,W04_C1,1337,3,W04_C4,0.0,5.062004277665361,0.0,4.887627919736807,0.07692307692307693,0.0
S3,0,W04_C1,1337,4,W06_C3,0.0,4.949409163505468,0.0,4.378329159814949,0.0,0.0
S3,0,W04_C1,1337,5,W05_C4,0.0,4.358372473089332,0.0,4.415602643592549,0.0,0.0
S3,0,W04_C1,1337,6,W03_C4,0.0,4.697855823027572,0.0,4.301429925761102,0.0,0.0
S3,0,W04_C1,1337,7,W02_C3,0.0,4.861036299646202,0.0,4.777307289283644,0.0,0.0
S3,0,W04_C1,20260903,0,W04_C3,0.0,4.271046677007877,0.0,4.851626155113158,0.0,0.0
S3,0,W04_C1,20260903,1,W05_C3,0.0,4.767229775736684,0.0,4.287297045301124,0.09090909090909091,0.0
S3,0,W04_C1,20260903,2,W03_C3,0.0,4.520885750553881,0.0,4.098967350189352,0.07142857142857142,0.0
S3,0,W04_C1,20260903,3,W04_C4,0.0,4.767429800932081,0.0,4.887627919736807,0.0,0.0
S3,0,W04_C1,20260903,4,W06_C3,0.0,4.653887101825827,0.0,4.378329159814949,0.0,0.0
S3,0,W04_C1,20260903,5,W05_C4,0.0,4.507805590435786,0.0,4.415602643592549,0.0,0.0
S3,0,W04_C1,20260903,6,W03_C4,0.0,4.676002642882357,0.0,4.301429925761102,0.0,0.0
S3,0,W04_C1,20260903,7,W02_C3,0.0,5.868847019767958,0.0,4.777307289283644,0.0,0.0
S3,0,W04_C1,7,0,W04_C3,0.0,4.559944656151428,0.0,4.851626155113158,0.0,0.0
S3,0,W04_C1,7,1,W05_C3,0.0,5.363165628622071,0.0,4.287297045301124,0.07142857142857142,0.0
S3,0,W04_C1,7,2,W03_C3,0.0,5.014052670381366,0.0,4.098967350189352,0.07142857142857142,0.0
S3,0,W04_C1,7,3,W04_C4,0.0,5.321755731221542,0.0,4.887627919736807,0.0,0.0
S3,0,W04_C1,7,4,W06_C3,0.0,5.516736433996145,0.0,4.378329159814949,0.0,0.0
S3,0,W04_C1,7,5,W05_C4,0.0,4.640613677679625,0.0,4.415602643592549,0.0,0.0
S3,0,W04_C1,7,6,W03_C4,0.0,5.280792318328055,0.0,4.301429925761102,0.0,0.0
S3,0,W04_C1,7,7,W02_C3,0.0,4.54668216707227,0.0,4.777307289283644,0.0,0.0
S3,0,W04_C2,1337,0,W04_C3,0.0,4.414104321550303,0.0,5.083588011851964,0.0,0.0
S3,0,W04_C2,1337,1,W05_C3,0.0,4.649762587941742,0.0,5.625139104035056,0.0,0.0
S3,0,W04_C2,1337,2,W03_C3,0.0,4.871338899949781,0.0,5.617437833846422,0.0,0.0
S3,0,W04_C2,1337,3,W04_C4,0.0,5.155224292214942,0.0,6.197392238796487,0.0,0.0
S3,0,W04_C2,1337,4,W05_C4,0.0,4.472652692931023,0.0,4.425348894625387,0.0,0.0
S3,0,W04_C2,1337,5,W03_C4,0.0,4.674104250673154,0.0,6.561427624778545,0.0,0.0
S3,0,W04_C2,1337,6,W06_C3,0.0,4.982604274921904,0.0,6.27532377896825,0.0,0.0
S3,0,W04_C2,1337,7,W02_C3,0.0,5.415092991801556,0.0,5.500047279787482,0.0,0.0
S3,0,W04_C2,20260903,0,W04_C3,0.0,4.22660918321853,0.0,5.083588011851964,0.0,0.0
S3,0,W04_C2,20260903,1,W05_C3,0.0,4.488769790373692,0.0,5.625139104035056,0.07142857142857142,0.0
S3,0,W04_C2,20260903,2,W03_C3,0.0,4.269190786665655,0.0,5.617437833846422,0.0,0.0
S3,0,W04_C2,20260903,3,W04_C4,0.0,4.715440023700817,0.0,6.197392238796487,0.0,0.0
S3,0,W04_C2,20260903,4,W05_C4,0.0,5.166136466643696,0.0,4.425348894625387,0.0,0.0
S3,0,W04_C2,20260903,5,W03_C4,0.0,4.367023918673031,0.0,6.561427624778545,0.0,0.0
S3,0,W04_C2,20260903,6,W06_C3,0.0,4.793245458669945,0.0,6.27532377896825,0.0,0.0
S3,0,W04_C2,20260903,7,W02_C3,0.0,5.409904127304158,0.0,5.500047279787482,0.0,0.0
S3,0,W04_C2,7,0,W04_C3,0.0,4.707228641953999,0.0,5.083588011851964,0.07142857142857142,0.0
S3,0,W04_C2,7,1,W05_C3,0.0,5.463119160874847,0.0,5.625139104035056,0.0,0.0
S3,0,W04_C2,7,2,W03_C3,0.0,5.0451739288884365,0.0,5.617437833846422,0.06666666666666667,0.0
S3,0,W04_C2,7,3,W04_C4,0.0,5.260788806883608,0.0,6.197392238796487,0.0,0.0
S3,0,W04_C2,7,4,W05_C4,0.0,4.866005945193881,0.0,4.425348894625387,0.0,0.0
S3,0,W04_C2,7,5,W03_C4,0.0,5.6248883741478455,0.0,6.561427624778545,0.07142857142857142,0.0
S3,0,W04_C2,7,6,W06_C3,0.0,5.604347442861491,0.0,6.27532377896825,0.0,0.0
S3,0,W04_C2,7,7,W02_C3,0.0,4.343941240976737,0.0,5.500047279787482,0.07142857142857142,0.0
S3,0,W05_C1,1337,0,W05_C3,0.0,5.039411484727386,0.0,4.718593728272524,0.0,0.05555555555555555
S3,0,W05_C1,1337,1,W06_C3,0.0,4.904402672535426,0.0,4.970383966460357,0.0,0.05555555555555555
S3,0,W05_C1,1337,2,W04_C3,0.0,4.2434632976345315,0.0,5.079438338926845,0.0,0.05555555555555555
S3,0,W05_C1,1337,3,W05_C4,0.0,4.404529414586327,0.0,4.699400158645992,0.0,0.05555555555555555
S3,0,W05_C1,1337,4,W06_C4,0.0,4.960906401138746,0.05555555555555555,4.304813089580357,0.0,0.05555555555555555
S3,0,W05_C1,1337,5,W04_C4,0.0,5.216734054742366,0.0,5.525341064274887,0.0,0.05555555555555555
S3,0,W05_C1,1337,6,W03_C3,0.0,4.940235090961257,0.0,4.833210561002921,0.0,0.05555555555555555
S3,0,W05_C1,1337,7,W05_C5,0.0,5.21361352859454,0.0,4.217445875408989,0.07142857142857142,0.05555555555555555
S3,0,W05_C1,20260903,0,W05_C3,0.0,4.798697932169004,0.0,4.718593728272524,0.0,0.05555555555555555
S3,0,W05_C1,20260903,1,W06_C3,0.0,4.793359582195933,0.0,4.970383966460357,0.0,0.05555555555555555
S3,0,W05_C1,20260903,2,W04_C3,0.0,4.382656804685729,0.0,5.079438338926845,0.0,0.05555555555555555
S3,0,W05_C1,20260903,3,W05_C4,0.0,4.510793845172557,0.0,4.699400158645992,0.07142857142857142,0.05555555555555555
S3,0,W05_C1,20260903,4,W06_C4,0.0,4.515985647470337,0.05555555555555555,4.304813089580357,0.0,0.05555555555555555
S3,0,W05_C1,20260903,5,W04_C4,0.0,4.798722174018818,0.0,5.525341064274887,0.0,0.05555555555555555
S3,0,W05_C1,20260903,6,W03_C3,0.0,4.476987244091922,0.0,4.833210561002921,0.0,0.05555555555555555
S3,0,W05_C1,20260903,7,W05_C5,0.0,4.812391042645254,0.0,4.217445875408989,0.0,0.05555555555555555
S3,0,W05_C1,7,0,W05_C3,0.0,5.479840687141406,0.0,4.718593728272524,0.0,0.05555555555555555
S3,0,W05_C1,7,1,W06_C3,0.0,5.639557960871723,0.0,4.970383966460357,0.0,0.05555555555555555
S3,0,W05_C1,7,2,W04_C3,0.0,4.862566684954876,0.0,5.079438338926845,0.0,0.05555555555555555
S3,0,W05_C1,7,3,W05_C4,0.0,4.5306237645423595,0.0,4.699400158645992,0.0,0.05555555555555555
S3,0,W05_C1,7,4,W06_C4,0.0,4.221306222447827,0.05555555555555555,4.304813089580357,0.07142857142857142,0.05555555555555555
S3,0,W05_C1,7,5,W04_C4,0.0,5.228677593234029,0.0,5.525341064274887,0.07692307692307693,0.05555555555555555
S3,0,W05_C1,7,6,W03_C3,0.0,4.964318904615568,0.0,4.833210561002921,0.0,0.05555555555555555
S3,0,W05_C1,7,7,W05_C5,0.0,4.531273634392072,0.0,4.217445875408989,0.07142857142857142,0.05555555555555555
S3,0,W05_C2,1337,0,W05_C3,0.0,5.202743103319718,0.0,4.6986735078619075,0.0,0.05
S3,0,W05_C2,1337,1,W06_C3,0.0,5.037295578303756,0.0,4.881820389201617,0.0,0.05
S3,0,W05_C2,1337,2,W04_C3,0.0,4.375572799420797,0.0,4.578780922050878,0.0,0.05
S3,0,W05_C2,1337,3,W05_C4,0.0,4.301820647950646,0.0,4.717867204896537,0.0,0.05
S3,0,W05_C2,1337,4,W06_C4,0.0,4.760310439111291,0.0,4.315206696820654,0.0,0.05
S3,0,W05_C2,1337,5,W04_C4,0.0,5.420608049314135,0.0,5.053014755763362,0.0,0.05
S3,0,W05_C2,1337,6,W03_C3,0.0,5.369716760145286,0.0,5.186714761980328,0.0,0.05
S3,0,W05_C2,1337,7,W05_C5,0.0,5.438121514982425,0.0,5.124744450673465,0.0,0.05
S3,0,W05_C2,20260903,0,W05_C3,0.0,4.828407267351812,0.0,4.6986735078619075,0.07692307692307693,0.05
S3,0,W05_C2,20260903,1,W06_C3,0.0,4.65745031516287,0.0,4.881820389201617,0.0,0.05
S3,0,W05_C2,20260903,2,W04_C3,0.0,4.201920607115097,0.0,4.578780922050878,0.0,0.05
S3,0,W05_C2,20260903,3,W05_C4,0.0,4.803129613404178,0.0,4.717867204896537,0.0,0.05
S3,0,W05_C2,20260903,4,W06_C4,0.0,4.27035820136685,0.0,4.315206696820654,0.0625,0.05
S3,0,W05_C2,20260903,5,W04_C4,0.0,4.71251189368584,0.0,5.053014755763362,0.0,0.05
S3,0,W05_C2,20260903,6,W03_C3,0.0,4.384465799748727,0.0,5.186714761980328,0.0,0.05
S3,0,W05_C2,20260903,7,W05_C5,0.0,4.787549751205425,0.0,5.124744450673465,0.0,0.05
S3,0,W05_C2,7,0,W05_C3,0.0,5.486132902714123,0.0,4.6986735078619075,0.0,0.05
S3,0,W05_C2,7,1,W06_C3,0.0,5.478644538644476,0.0,4.881820389201617,0.0,0.05
S3,0,W05_C2,7,2,W04_C3,0.0,4.84012392448359,0.0,4.578780922050878,0.0,0.05
S3,0,W05_C2,7,3,W05_C4,0.0,4.677938340494089,0.0,4.717867204896537,0.0,0.05
S3,0,W05_C2,7,4,W06_C4,0.0,4.442729660786148,0.0,4.315206696820654,0.0,0.05
S3,0,W05_C2,7,5,W04_C4,0.0,5.142495058418005,0.0,5.053014755763362,0.0,0.05
S3,0,W05_C2,7,6,W03_C3,0.0,4.92692616147521,0.0,5.186714761980328,0.0,0.05
S3,0,W05_C2,7,7,W05_C5,0.0,4.785063451687167,0.0,5.124744450673465,0.0,0.05
S3,0,W06_C1,1337,0,W06_C3,0.0,4.635266241947199,0.0,4.275402559480937,0.0,0.0
S3,0,W06_C1,1337,1,W05_C3,0.0,4.7589730665577985,0.0,4.470147242995768,0.0,0.0
S3,0,W06_C1,1337,2,W06_C4,0.0,4.461893157065184,0.0,3.4891604971509076,0.0,0.0
S3,0,W06_C1,1337,3,W05_C4,0.0,4.474270796973652,0.0,3.9788483876624046,0.0,0.0
S3,0,W06_C1,1337,4,W04_C3,0.0,4.715656473650169,0.0,4.464272629572551,0.0,0.0
S3,0,W06_C1,1337,5,W04_C4,0.0,5.4615264852631755,0.0,5.191111400221483,0.0,0.0
S3,0,W06_C1,1337,6,W06_C5,0.0,4.179690654763468,0.0,3.876916620380842,0.09090909090909091,0.0
S3,0,W06_C1,1337,7,W05_C5,0.0,5.355884331762,0.0,4.935706574825963,0.07692307692307693,0.0
S3,0,W06_C1,20260903,0,W06_C3,0.0,4.705622127927083,0.0,4.275402559480937,0.0,0.0
S3,0,W06_C1,20260903,1,W05_C3,0.0,4.757379352190686,0.0,4.470147242995768,0.0,0.0
S3,0,W06_C1,20260903,2,W06_C4,0.0,4.225169691634592,0.0,3.4891604971509076,0.0,0.0
S3,0,W06_C1,20260903,3,W05_C4,0.0,4.805368848498842,0.0,3.9788483876624046,0.0,0.0
S3,0,W06_C1,20260903,4,W04_C3,0.0,4.409608340937192,0.0,4.464272629572551,0.0,0.0
S3,0,W06_C1,20260903,5,W04_C4,0.0,4.799643025374033,0.0,5.191111400221483,0.0,0.0
S3,0,W06_C1,20260903,6,W06_C5,0.08333333333333333,3.6816407892570546,0.0,3.876916620380842,0.08333333333333333,0.0
S3,0,W06_C1,20260903,7,W05_C5,0.0,4.991082018402509,0.0,4.935706574825963,0.0,0.0
S3,0,W06_C1,7,0,W06_C3,0.0,5.1000618921210705,0.0,4.275402559480937,0.0,0.0
S3,0,W06_C1,7,1,W05_C3,0.0,5.26807108373712,0.0,4.470147242995768,0.0,0.0
S3,0,W06_C1,7,2,W06_C4,0.0,4.428779705608685,0.0,3.4891604971509076,0.0,0.0
S3,0,W06_C1,7,3,W05_C4,0.0,4.286872616602843,0.0,3.9788483876624046,0.0,0.0
S3,0,W06_C1,7,4,W04_C3,0.0,4.82720938540809,0.0,4.464272629572551,0.0,0.0
S3,0,W06_C1,7,5,W04_C4,0.0,4.987496628732542,0.0,5.191111400221483,0.0,0.0
S3,0,W06_C1,7,6,W06_C5,0.0,4.013053278125485,0.0,3.876916620380842,0.0,0.0
S3,0,W06_C1,7,7,W05_C5,0.0,4.286978910237475,0.0,4.935706574825963,0.07142857142857142,0.0
S3,0,W06_C2,1337,0,W06_C3,0.0,4.535630845129335,0.0,4.591823779156794,0.0,0.0
S3,0,W06_C2,1337,1,W05_C3,0.0,4.859374061228546,0.0,4.487545041510547,0.0,0.0
S3,0,W06_C2,1337,2,W06_C4,0.0,4.41078282230469,0.0,3.847637309322226,0.0,0.0
S3,0,W06_C2,1337,3,W05_C4,0.0,4.05541832915294,0.0,4.440343341784687,0.0,0.0
S3,0,W06_C2,1337,4,W04_C3,0.0,4.4232838332084095,0.0,5.0035183792473905,0.0,0.0
S3,0,W06_C2,1337,5,W06_C5,0.0,4.193466644574109,0.0,4.230943944181407,0.0,0.0
S3,0,W06_C2,1337,6,W05_C5,0.0,5.561994708205638,0.0,4.976916144561788,0.0,0.0
S3,0,W06_C2,1337,7,W04_C4,0.0,5.247060668708015,0.0,5.396029019381378,0.0,0.0
S3,0,W06_C2,20260903,0,W06_C3,0.0,4.348803234283061,0.0,4.591823779156794,0.0,0.0
S3,0,W06_C2,20260903,1,W05_C3,0.0,4.778189671832491,0.0,4.487545041510547,0.0,0.0
S3,0,W06_C2,20260903,2,W06_C4,0.0,4.15504650586829,0.0,3.847637309322226,0.0,0.0
S3,0,W06_C2,20260903,3,W05_C4,0.0,4.70936785299758,0.0,4.440343341784687,0.0,0.0
S3,0,W06_C2,20260903,4,W04_C3,0.0,4.355303952534231,0.0,5.0035183792473905,0.0,0.0
S3,0,W06_C2,20260903,5,W06_C5,0.0,4.275552096647529,0.0,4.230943944181407,0.0,0.0
S3,0,W06_C2,20260903,6,W05_C5,0.0,4.497750784832109,0.0,4.976916144561788,0.0,0.0
S3,0,W06_C2,20260903,7,W04_C4,0.0,4.621970459570742,0.0,5.396029019381378,0.0,0.0
S3,0,W06_C2,7,0,W06_C3,0.0,5.158938201751431,0.0,4.591823779156794,0.0,0.0
S3,0,W06_C2,7,1,W05_C3,0.0,5.408173765626535,0.0,4.487545041510547,0.0,0.0
S3,0,W06_C2,7,2,W06_C4,0.0,4.208555208410602,0.0,3.847637309322226,0.06666666666666667,0.0
S3,0,W06_C2,7,3,W05_C4,0.0,4.499155146076924,0.0,4.440343341784687,0.0,0.0
S3,0,W06_C2,7,4,W04_C3,0.0,4.772047925142552,0.0,5.0035183792473905,0.0,0.0
S3,0,W06_C2,7,5,W06_C5,0.0,4.299997973016188,0.0,4.230943944181407,0.0,0.0
S3,0,W06_C2,7,6,W05_C5,0.0,4.678337635846409,0.0,4.976916144561788,0.0,0.0
S3,0,W06_C2,7,7,W04_C4,0.0,5.230642478116462,0.0,5.396029019381378,0.0,0.0
S3,1,W00_C3,1337,0,W00_C2,0.0,4.267590266410144,0.0,4.788078608263972,0.0,0.09090909090909091
S3,1,W00_C3,1337,1,W01_C2,0.0,5.0836287027630345,0.0,6.138853981866527,0.1111111111111111,0.09090909090909091
S3,1,W00_C3,1337,2,W00_C5,0.0,4.220221394214478,0.0,4.898486595412512,0.1,0.09090909090909091
S3,1,W00_C3,1337,3,W00_C1,0.0,3.2456312046300706,0.09090909090909091,3.2745244479550135,0.05263157894736842,0.09090909090909091
S3,1,W00_C3,1337,4,W01_C1,0.0,5.811152344728246,0.0,5.348711985060489,0.125,0.09090909090909091
S3,1,W00_C3,1337,5,W00_C6,0.0,4.581106150780413,0.0,4.0257480121833025,0.1111111111111111,0.09090909090909091
S3,1,W00_C3,1337,6,W02_C2,0.0,8.415019395039527,0.0,8.549963862131868,0.0,0.09090909090909091
S3,1,W00_C3,1337,7,W02_C1,0.0,5.502102987463157,0.0,6.35761099194437,0.1111111111111111,0.09090909090909091
S3,1,W00_C3,20260903,0,W00_C2,0.0,3.5518460602758024,0.0,4.788078608263972,0.0,0.09090909090909091
S3,1,W00_C3,20260903,1,W01_C2,0.0,5.580909729084708,0.0,6.138853981866527,0.0,0.09090909090909091
S3,1,W00_C3,20260903,2,W00_C5,0.0,4.063687497647468,0.0,4.898486595412512,0.0,0.09090909090909091
S3,1,W00_C3,20260903,3,W00_C1,0.0,3.1985638577576716,0.09090909090909091,3.2745244479550135,0.0,0.09090909090909091
S3,1,W00_C3,20260903,4,W01_C1,0.0,5.949470878936474,0.0,5.348711985060489,0.0,0.09090909090909091
S3,1,W00_C3,20260903,5,W00_C6,0.0,3.7908347948729197,0.0,4.0257480121833025,0.1111111111111111,0.09090909090909091
S3,1,W00_C3,20260903,6,W02_C2,0.0,6.51835531198095,0.0,8.549963862131868,0.0,0.09090909090909091
S3,1,W00_C3,20260903,7,W02_C1,0.0,5.575604377469817,0.0,6.35761099194437,0.0,0.09090909090909091
S3,1,W00_C3,7,0,W00_C2,0.0,3.8141421784785976,0.0,4.788078608263972,0.07142857142857142,0.09090909090909091
S3,1,W00_C3,7,1,W01_C2,0.0,5.54586218961368,0.0,6.138853981866527,0.0,0.09090909090909091
S3,1,W00_C3,7,2,W00_C5,0.0,3.9694493388499428,0.0,4.898486595412512,0.0,0.09090909090909091
S3,1,W00_C3,7,3,W00_C1,0.0,3.4595832703781824,0.09090909090909091,3.2745244479550135,0.0,0.09090909090909091
S3,1,W00_C3,7,4,W01_C1,0.0,5.377879847694105,0.0,5.348711985060489,0.0,0.09090909090909091
S3,1,W00_C3,7,5,W00_C6,0.0,4.430792594014346,0.0,4.0257480121833025,0.0,0.09090909090909091
S3,1,W00_C3,7,6,W02_C2,0.0,7.816977011297396,0.0,8.549963862131868,0.0,0.09090909090909091
S3,1,W00_C3,7,7,W02_C1,0.0,5.333590867047163,0.0,6.35761099194437,0.0,0.09090909090909091
S3,1,W00_C4,1337,0,W00_C5,0.0,3.9021395466716076,0.0,4.112306486319427,0.0,0.0
S3,1,W00_C4,1337,1,W00_C2,0.0,4.41572283993649,0.0,3.8474176915558775,0.06666666666666667,0.0
S3,1,W00_C4,1337,2,W00_C6,0.0,4.865752411637086,0.0,4.46817458670474,0.0,0.0
S3,1,W00_C4,1337,3,W01_C2,0.0,4.740614400170295,0.0,6.418436360605384,0.1,0.0
S3,1,W00_C4,1337,4,W00_C1,0.0,3.547351724610911,0.0,3.6653315809757703,0.05263157894736842,0.0
S3,1,W00_C4,1337,5,W00_C7,0.0,4.229259090687697,0.0,4.138067282158269,0.07692307692307693,0.0
S3,1,W00_C4,1337,6,W02_C5,0.0,5.045114254218393,0.0,4.688493452528892,0.0,0.0
S3,1,W00_C4,1337,7,W01_C1,0.0,5.207582217856938,0.0,4.660503371355173,0.0,0.0
S3,1,W00_C4,20260903,0,W00_C5,0.0,4.525481501361667,0.0,4.112306486319427,0.09090909090909091,0.0
S3,1,W00_C4,20260903,1,W00_C2,0.0,3.8086690916343646,0.0,3.8474176915558775,0.06666666666666667,0.0
S3,1,W00_C4,20260903,2,W00_C6,0.0,3.9805857803882745,0.0,4.46817458670474,0.0,0.0
S3,1,W00_C4,20260903,3,W01_C2,0.0,5.381811058482148,0.0,6.418436360605384,0.0,0.0
S3,1,W00_C4,20260903,4,W00_C1,0.0,3.413745106301559,0.0,3.6653315809757703,0.0,0.0
S3,1,W00_C4,20260903,5,W00_C7,0.0,4.376277161330625,0.0,4.138067282158269,0.0,0.0
S3,1,W00_C4,20260903,6,W02_C5,0.0,4.87593420116237,0.0,4.688493452528892,0.0,0.0
S3,1,W00_C4,20260903,7,W01_C1,0.0,5.309413192571432,0.0,4.660503371355173,0.0,0.0
S3,1,W00_C4,7,0,W00_C5,0.0,4.2773815883754605,0.0,4.112306486319427,0.0,0.0
S3,1,W00_C4,7,1,W00_C2,0.0,3.8332077902689585,0.0,3.8474176915558775,0.0,0.0
S3,1,W00_C4,7,2,W00_C6,0.0,4.21929787150978,0.0,4.46817458670474,0.0,0.0
S3,1,W00_C4,7,3,W01_C2,0.0,6.033239483035442,0.0,6.418436360605384,0.0,0.0
S3,1,W00_C4,7,4,W00_C1,0.0,3.3473826711951804,0.0,3.6653315809757703,0.0,0.0
S3,1,W00_C4,7,5,W00_C7,0.0,3.71360236558601,0.0,4.138067282158269,0.07142857142857142,0.0
S3,1,W00_C4,7,6,W02_C5,0.0,5.562981528285251,0.0,4.688493452528892,0.0,0.0
S3,1,W00_C4,7,7,W01_C1,0.0,5.130277696881411,0.0,4.660503371355173,0.0,0.0
S3,1,W01_C3,1337,0,W01_C2,0.0,5.3855856482575994,0.0,6.194235014682214,0.08333333333333333,0.0
S3,1,W01_C3,1337,1,W00_C2,0.0,5.156759403470458,0.0,5.481609852352581,0.0,0.0
S3,1,W01_C3,1337,2,W02_C2,0.0,6.779820318703394,0.0,6.59467423910115,0.07692307692307693,0.0
S3,1,W01_C3,1337,3,W01_C1,0.0,4.604286070974675,0.0,6.263239991292039,0.07692307692307693,0.0
S3,1,W01_C3,1337,4,W00_C5,0.0,5.105295238595476,0.0,5.828555988052729,0.07692307692307693,0.0
S3,1,W01_C3,1337,5,W00_C1,0.0,4.039328700094497,0.0,5.867486059936014,0.0,0.0
S3,1,W01_C3,1337,6,W02_C1,0.0,6.048416273331299,0.0,6.7609467956495966,0.07692307692307693,0.0
S3,1,W01_C3,1337,7,W02_C5,0.0,5.839414732059191,0.0,7.014460189754715,0.0,0.0
S3,1,W01_C3,20260903,0,W01_C2,0.08333333333333333,5.321690981420457,0.0,6.194235014682214,0.08333333333333333,0.0
S3,1,W01_C3,20260903,1,W00_C2,0.0,4.605659726455033,0.0,5.481609852352581,0.0,0.0
S3,1,W01_C3,20260903,2,W02_C2,0.0,5.709915769168685,0.0,6.59467423910115,0.0,0.0
S3,1,W01_C3,20260903,3,W01_C1,0.0,4.797542119604899,0.0,6.263239991292039,0.09090909090909091,0.0
S3,1,W01_C3,20260903,4,W00_C5,0.0,6.10372606779624,0.0,5.828555988052729,0.07692307692307693,0.0
S3,1,W01_C3,20260903,5,W00_C1,0.0,4.344856235430335,0.0,5.867486059936014,0.0,0.0
S3,1,W01_C3,20260903,6,W02_C1,0.0,5.232789813201287,0.0,6.7609467956495966,0.0,0.0
S3,1,W01_C3,20260903,7,W02_C5,0.0,5.864427121479644,0.0,7.014460189754715,0.08333333333333333,0.0
S3,1,W01_C3,7,0,W01_C2,0.0,5.330870277677893,0.0,6.194235014682214,0.0,0.0
S3,1,W01_C3,7,1,W00_C2,0.0,4.278822783214126,0.0,5.481609852352581,0.0625,0.0
S3,1,W01_C3,7,2,W02_C2,0.0,7.101381078861493,0.0,6.59467423910115,0.07692307692307693,0.0
S3,1,W01_C3,7,3,W01_C1,0.0,4.868932263472593,0.0,6.263239991292039,0.0,0.0
S3,1,W01_C3,7,4,W00_C5,0.0,4.87205169080009,0.0,5.828555988052729,0.07692307692307693,0.0
S3,1,W01_C3,7,5,W00_C1,0.0,4.185560575304512,0.0,5.867486059936014,0.0,0.0
S3,1,W01_C3,7,6,W02_C1,0.0,5.513982604733615,0.0,6.7609467956495966,0.0625,0.0
S3,1,W01_C3,7,7,W02_C5,0.0,6.227272286853928,0.0,7.014460189754715,0.0,0.0
S3,1,W01_C4,1337,0,W00_C5,0.0,5.113646568658281,0.0,4.6721097169646315,0.0,0.0
S3,1,W01_C4,1337,1,W02_C5,0.0,5.6091350150930275,0.0,6.36224693971777,0.07692307692307693,0.0
S3,1,W01_C4,1337,2,W01_C2,0.0,4.9938947729358745,0.0,6.233407961213265,0.06666666666666667,0.0
S3,1,W01_C4,1337,3,W00_C2,0.0,4.582071699713564,0.0,4.895775893519735,0.06666666666666667,0.0
S3,1,W01_C4,1337,4,W00_C6,0.0,5.811967624002573,0.0,4.476489828204605,0.0,0.0
S3,1,W01_C4,1337,5,W02_C2,0.0,6.8516007602789,0.0,6.865696540202196,0.0,0.0
S3,1,W01_C4,1337,6,W02_C6,0.0,4.735801039560105,0.0,4.5453119894612435,0.0,0.0
S3,1,W01_C4,1337,7,W01_C1,0.0,4.528761009118193,0.0,4.470740945762762,0.0,0.0
S3,1,W01_C4,20260903,0,W00_C5,0.0,5.638627923341625,0.0,4.6721097169646315,0.07692307692307693,0.0
S3,1,W01_C4,20260903,1,W02_C5,0.0,5.735929199589603,0.0,6.36224693971777,0.08333333333333333,0.0
S3,1,W01_C4,20260903,2,W01_C2,0.0,5.028862750536389,0.0,6.233407961213265,0.0,0.0
S3,1,W01_C4,20260903,3,W00_C2,0.0,4.6280918446665185,0.0,4.895775893519735,0.0,0.0
S3,1,W01_C4,20260903,4,W00_C6,0.0,4.815484149045894,0.0,4.476489828204605,0.08333333333333333,0.0
S3,1,W01_C4,20260903,5,W02_C2,0.0,5.903673347529463,0.0,6.865696540202196,0.0,0.0
S3,1,W01_C4,20260903,6,W02_C6,0.0,4.882438228200997,0.0,4.5453119894612435,0.0,0.0
S3,1,W01_C4,20260903,7,W01_C1,0.0,4.798457846044744,0.0,4.470740945762762,0.0,0.0
S3,1,W01_C4,7,0,W00_C5,0.0,5.022747241010505,0.0,4.6721097169646315,0.0,0.0
S3,1,W01_C4,7,1,W02_C5,0.0,6.403198749065741,0.0,6.36224693971777,0.0,0.0
S3,1,W01_C4,7,2,W01_C2,0.0,5.369935391090448,0.0,6.233407961213265,0.0625,0.0
S3,1,W01_C4,7,3,W00_C2,0.0,4.297309851764999,0.0,4.895775893519735,0.125,0.0
S3,1,W01_C4,7,4,W00_C6,0.0,4.911329561871937,0.0,4.476489828204605,0.09090909090909091,0.0
S3,1,W01_C4,7,5,W02_C2,0.0,7.259670285829031,0.0,6.865696540202196,0.07692307692307693,0.0
S3,1,W01_C4,7,6,W02_C6,0.0,3.945612061221135,0.0,4.5453119894612435,0.0,0.0
S3,1,W01_C4,7,7,W01_C1,0.0,4.466272705934508,0.0,4.470740945762762,0.07692307692307693,0.0
S3,1,W02_C3,1337,0,W02_C2,0.0,7.093919769431706,0.0,6.166188908575926,0.07692307692307693,0.0
S3,1,W02_C3,1337,1,W03_C2,0.0,4.228227977664645,0.0,5.156815587396268,0.0,0.0
S3,1,W02_C3,1337,2,W01_C2,0.0,4.857270233998827,0.0,5.841541046466581,0.06666666666666667,0.0
S3,1,W02_C3,1337,3,W02_C5,0.0,5.590040593860435,0.0,5.042545149044105,0.0,0.0
S3,1,W02_C3,1337,4,W02_C1,0.0,6.07332496379945,0.0,6.001528380942862,0.07692307692307693,0.0
S3,1,W02_C3,1337,5,W03_C5,0.0,5.993344028798513,0.0,4.808559814083016,0.07692307692307693,0.0
S3,1,W02_C3,1337,6,W03_C1,0.0,4.993084674571066,0.0,5.318484749236861,0.0,0.0
S3,1,W02_C3,1337,7,W01_C1,0.0,4.7502062188159915,0.0,5.198770185669762,0.07692307692307693,0.0
S3,1,W02_C3,20260903,0,W02_C2,0.0,5.781064374368682,0.0,6.166188908575926,0.0,0.0
S3,1,W02_C3,20260903,1,W03_C2,0.0,4.552305456886793,0.0,5.156815587396268,0.0,0.0
S3,1,W02_C3,20260903,2,W01_C2,0.0,4.6920108338316915,0.0,5.841541046466581,0.0,0.0
S3,1,W02_C3,20260903,3,W02_C5,0.0,5.823625597083486,0.0,5.042545149044105,0.08333333333333333,0.0
S3,1,W02_C3,20260903,4,W02_C1,0.0,5.636594884367004,0.0,6.001528380942862,0.0,0.0
S3,1,W02_C3,20260903,5,W03_C5,0.0,5.203548273235225,0.0,4.808559814083016,0.08333333333333333,0.0
S3,1,W02_C3,20260903,6,W03_C1,0.0,4.932889736172942,0.0,5.318484749236861,0.058823529411764705,0.0
S3,1,W02_C3,20260903,7,W01_C1,0.0,4.814282034064996,0.0,5.198770185669762,0.0,0.0
S3,1,W02_C3,7,0,W02_C2,0.0,7.416776067983963,0.0,6.166188908575926,0.0,0.0
S3,1,W02_C3,7,1,W03_C2,0.0,4.335084936612597,0.0,5.156815587396268,0.0,0.0
S3,1,W02_C3,7,2,W01_C2,0.0,5.37575786776055,0.0,5.841541046466581,0.0625,0.0
S3,1,W02_C3,7,3,W02_C5,0.0,6.805756781670891,0.0,5.042545149044105,0.0,0.0
S3,1,W02_C3,7,4,W02_C1,0.0,5.490720174195804,0.0,6.001528380942862,0.0625,0.0
S3,1,W02_C3,7,5,W03_C5,0.0,6.2956441342813685,0.0,4.808559814083016,0.07692307692307693,0.0
S3,1,W02_C3,7,6,W03_C1,0.0,4.520361718392793,0.0,5.318484749236861,0.0625,0.0
S3,1,W02_C3,7,7,W01_C1,0.0,4.718087971646664,0.0,5.198770185669762,0.0,0.0
S3,1,W02_C4,1337,0,W02_C5,0.0,5.6051038864090055,0.0,6.11859260633884,0.0,0.0
S3,1,W02_C4,1337,1,W03_C5,0.0,5.748166233997757,0.0,5.8441116839529235,0.07692307692307693,0.0
S3,1,W02_C4,1337,2,W02_C2,0.0,6.722685484012455,0.0,6.3911230172464375,0.0,0.0
S3,1,W02_C4,1337,3,W02_C6,0.0,4.769626392883434,0.0,4.944867610980572,0.07692307692307693,0.0
S3,1,W02_C4,1337,4,W03_C2,0.0,4.358941000638676,0.0,5.9812585128666775,0.0,0.0
S3,1,W02_C4,1337,5,W03_C6,0.0,5.019686657626884,0.0,5.388296914145659,0.0,0.0
S3,1,W02_C4,1337,6,W01_C2,0.0,4.984653932041747,0.0,6.943722898225994,0.0,0.0
S3,1,W02_C4,1337,7,W04_C5,0.0,5.7745964684079345,0.0,5.464100003545001,0.0,0.0
S3,1,W02_C4,20260903,0,W02_C5,0.0,5.805866255247454,0.0,6.11859260633884,0.0,0.0
S3,1,W02_C4,20260903,1,W03_C5,0.0,5.452899728041227,0.0,5.8441116839529235,0.08333333333333333,0.0
S3,1,W02_C4,20260903,2,W02_C2,0.0,5.987484627805568,0.0,6.3911230172464375,0.09090909090909091,0.0
S3,1,W02_C4,20260903,3,W02_C6,0.0,5.061795678764661,0.0,4.944867610980572,0.0,0.0
S3,1,W02_C4,20260903,4,W03_C2,0.0,4.88764826691463,0.0,5.9812585128666775,0.0,0.0
S3,1,W02_C4,20260903,5,W03_C6,0.0,4.341632234652739,0.0,5.388296914145659,0.0,0.0
S3,1,W02_C4,20260903,6,W01_C2,0.0625,5.171444815476095,0.0,6.943722898225994,0.0625,0.0
S3,1,W02_C4,20260903,7,W04_C5,0.0,6.975087032789527,0.0,5.464100003545001,0.0,0.0
S3,1,W02_C4,7,0,W02_C5,0.0,6.82119089607457,0.0,6.11859260633884,0.08333333333333333,0.0
S3,1,W02_C4,7,1,W03_C5,0.0,6.143620013294929,0.0,5.8441116839529235,0.07692307692307693,0.0
S3,1,W02_C4,7,2,W02_C2,0.0,8.094472851812249,0.0,6.3911230172464375,0.0,0.0
S3,1,W02_C4,7,3,W02_C6,0.0,4.056462639736597,0.0,4.944867610980572,0.07692307692307693,0.0
S3,1,W02_C4,7,4,W03_C2,0.0,4.279054318740915,0.0,5.9812585128666775,0.06666666666666667,0.0
S3,1,W02_C4,7,5,W03_C6,0.0,4.691170677582762,0.0,5.388296914145659,0.0,0.0
S3,1,W02_C4,7,6,W01_C2,0.0,5.654295378423759,0.0,6.943722898225994,0.0,0.0
S3,1,W02_C4,7,7,W04_C5,0.0,6.839999677013874,0.0,5.464100003545001,0.0,0.0
S3,1,W03_C3,1337,0,W03_C2,0.058823529411764705,4.080490562826869,0.0,4.781644754716606,0.058823529411764705,0.0
S3,1,W03_C3,1337,1,W04_C2,0.0,6.316879329854523,0.0,7.398425930399231,0.07692307692307693,0.0
S3,1,W03_C3,1337,2,W02_C2,0.0,6.568522057971701,0.0,7.339703617678631,0.15384615384615385,0.0
S3,1,W03_C3,1337,3,W03_C5,0.0,5.872069722091425,0.0,5.384427049252362,0.07692307692307693,0.0
S3,1,W03_C3,1337,4,W03_C1,0.058823529411764705,4.565936642319484,0.0,4.4929913528511,0.058823529411764705,0.0
S3,1,W03_C3,1337,5,W04_C5,0.06666666666666667,5.860594559433177,0.0,5.634043771437199,0.06666666666666667,0.0
S3,1,W03_C3,1337,6,W04_C1,0.0,5.086950008063904,0.0,3.761906806857313,0.07692307692307693,0.0
S3,1,W03_C3,1337,7,W02_C5,0.0,5.421442969881157,0.0,5.019102910768911,0.07692307692307693,0.0
S3,1,W03_C3,20260903,0,W03_C2,0.0,4.707323572268628,0.0,4.781644754716606,0.0,0.0
S3,1,W03_C3,20260903,1,W04_C2,0.0,6.047273115044343,0.0,7.398425930399231,0.0,0.0
S3,1,W03_C3,20260903,2,W02_C2,0.0,5.857509057816242,0.0,7.339703617678631,0.09090909090909091,0.0
S3,1,W03_C3,20260903,3,W03_C5,0.0,5.2451764124808244,0.0,5.384427049252362,0.08333333333333333,0.0
S3,1,W03_C3,20260903,4,W03_C1,0.0,4.677680561252552,0.0,4.4929913528511,0.0,0.0
S3,1,W03_C3,20260903,5,W04_C5,0.0,7.119437258212866,0.0,5.634043771437199,0.08333333333333333,0.0
S3,1,W03_C3,20260903,6,W04_C1,0.0,5.397924868236099,0.0,3.761906806857313,0.0,0.0
S3,1,W03_C3,20260903,7,W02_C5,0.0,6.03258554258236,0.0,5.019102910768911,0.0,0.0
S3,1,W03_C3,7,0,W03_C2,0.0,4.054725182692439,0.0,4.781644754716606,0.06666666666666667,0.0
S3,1,W03_C3,7,1,W04_C2,0.0,7.1567934987668025,0.0,7.398425930399231,0.07692307692307693,0.0
S3,1,W03_C3,7,2,W02_C2,0.0,7.4973217782360635,0.0,7.339703617678631,0.08333333333333333,0.0
S3,1,W03_C3,7,3,W03_C5,0.0,5.815010159155743,0.0,5.384427049252362,0.07692307692307693,0.0
S3,1,W03_C3,7,4,W03_C1,0.0,4.294262165977536,0.0,4.4929913528511,0.0625,0.0
S3,1,W03_C3,7,5,W04_C5,0.0,6.506524309411286,0.0,5.634043771437199,0.0,0.0
S3,1,W03_C3,7,6,W04_C1,0.0,5.2444115142012855,0.0,3.761906806857313,0.07692307692307693,0.0
S3,1,W03_C3,7,7,W02_C5,0.0,6.755825446970593,0.0,5.019102910768911,0.08333333333333333,0.0
S3,1,W03_C4,1337,0,W03_C5,0.0,5.949872920082826,0.0,4.755370861658309,0.0,0.0625
S3,1,W03_C4,1337,1,W04_C5,0.0,5.616629582230089,0.0,5.738027258583958,0.07692307692307693,0.0625
S3,1,W03_C4,1337,2,W02_C5,0.0,6.065929845141279,0.0,5.379704869644531,0.08333333333333333,0.0625
S3,1,W03_C4,1337,3,W03_C2,0.058823529411764705,4.345853690321395,0.0,4.121582991115649,0.058823529411764705,0.0625
S3,1,W03_C4,1337,4,W03_C6,0.0,5.127664793334611,0.0,4.448186238703942,0.0,0.0625
S3,1,W03_C4,1337,5,W04_C2,0.0,6.072461154536896,0.0,6.90356917851783,0.07692307692307693,0.0625
S3,1,W03_C4,1337,6,W04_C6,0.0,4.469995123984878,0.0,4.856369605676019,0.07692307692307693,0.0625
S3,1,W03_C4,1337,7,W02_C2,0.0,6.130463132613454,0.0,7.498318254498654,0.08333333333333333,0.0625
S3,1,W03_C4,20260903,0,W03_C5,0.0,5.62854297368456,0.0,4.755370861658309,0.08333333333333333,0.0625
S3,1,W03_C4,20260903,1,W04_C5,0.0,6.865920832328272,0.0,5.738027258583958,0.08333333333333333,0.0625
S3,1,W03_C4,20260903,2,W02_C5,0.0,5.799447764818674,0.0,5.379704869644531,0.0,0.0625
S3,1,W03_C4,20260903,3,W03_C2,0.0,4.8199654372320575,0.0,4.121582991115649,0.0,0.0625
S3,1,W03_C4,20260903,4,W03_C6,0.09090909090909091,4.497147178927599,0.0,4.448186238703942,0.09090909090909091,0.0625
S3,1,W03_C4,20260903,5,W04_C2,0.0,6.447426995957348,0.0,6.90356917851783,0.0,0.0625
S3,1,W03_C4,20260903,6,W04_C6,0.0,3.906161725882119,0.0,4.856369605676019,0.07692307692307693,0.0625
S3,1,W03_C4,20260903,7,W02_C2,0.0,5.7578557503791155,0.0,7.498318254498654,0.0,0.0625
S3,1,W03_C4,7,0,W03_C5,0.0,6.671291489270581,0.0,4.755370861658309,0.07692307692307693,0.0625
S3,1,W03_C4,7,1,W04_C5,0.0,6.687555660440699,0.0,5.738027258583958,0.07692307692307693,0.0625
S3,1,W03_C4,7,2,W02_C5,0.0,6.6474258957924235,0.0,5.379704869644531,0.08333333333333333,0.0625
S3,1,W03_C4,7,3,W03_C2,0.0,4.312177385770287,0.0,4.121582991115649,0.0625,0.0625
S3,1,W03_C4,7,4,W03_C6,0.0,4.856652660361097,0.0,4.448186238703942,0.07692307692307693,0.0625
S3,1,W03_C4,7,5,W04_C2,0.0,7.133502134911167,0.0,6.90356917851783,0.07692307692307693,0.0625
S3,1,W03_C4,7,6,W04_C6,0.0,4.769980675320235,0.0,4.856369605676019,0.07692307692307693,0.0625
S3,1,W03_C4,7,7,W02_C2,0.0,7.157034650153356,0.0,7.498318254498654,0.0,0.0625
S3,1,W04_C3,1337,0,W04_C2,0.0,6.339187590752209,0.0,5.4781604316772725,0.07692307692307693,0.05263157894736842
S3,1,W04_C3,1337,1,W05_C2,0.0,4.252893439239655,0.0,4.56837698680805,0.0,0.05263157894736842
S3,1,W04_C3,1337,2,W03_C2,0.0,4.499766564598573,0.0,5.297486070732169,0.0,0.05263157894736842
S3,1,W04_C3,1337,3,W04_C5,0.0,5.938657779151345,0.0,6.743387807900234,0.07692307692307693,0.05263157894736842
S3,1,W04_C3,1337,4,W04_C1,0.0,5.142279821005671,0.0,5.2261998723487215,0.0,0.05263157894736842
S3,1,W04_C3,1337,5,W05_C5,0.0,5.376959126778219,0.05263157894736842,4.551946661786281,0.07692307692307693,0.05263157894736842
S3,1,W04_C3,1337,6,W05_C1,0.0,4.415324393731685,0.0,4.710118691080501,0.07142857142857142,0.05263157894736842
S3,1,W04_C3,1337,7,W03_C5,0.0,6.12795356915842,0.0,5.817878849915151,0.07692307692307693,0.05263157894736842
S3,1,W04_C3,20260903,0,W04_C2,0.0,6.034822974138866,0.0,5.4781604316772725,0.0,0.05263157894736842
S3,1,W04_C3,20260903,1,W05_C2,0.0,4.27750255528532,0.0,4.56837698680805,0.07692307692307693,0.05263157894736842
S3,1,W04_C3,20260903,2,W03_C2,0.0,4.099256213034402,0.0,5.297486070732169,0.0,0.05263157894736842
S3,1,W04_C3,20260903,3,W04_C5,0.0,6.893221872258349,0.0,6.743387807900234,0.09090909090909091,0.05263157894736842
S3,1,W04_C3,20260903,4,W04_C1,0.0,4.730679084979189,0.0,5.2261998723487215,0.08333333333333333,0.05263157894736842
S3,1,W04_C3,20260903,5,W05_C5,0.0,4.85648804020693,0.05263157894736842,4.551946661786281,0.0625,0.05263157894736842
S3,1,W04_C3,20260903,6,W05_C1,0.0,4.138738160401327,0.0,4.710118691080501,0.0,0.05263157894736842
S3,1,W04_C3,20260903,7,W03_C5,0.0,5.8896609002619105,0.0,5.817878849915151,0.09090909090909091,0.05263157894736842
S3,1,W04_C3,7,0,W04_C2,0.0,7.357537319205061,0.0,5.4781604316772725,0.07692307692307693,0.05263157894736842
S3,1,W04_C3,7,1,W05_C2,0.0,4.283442533617184,0.0,4.56837698680805,0.0,0.05263157894736842
S3,1,W04_C3,7,2,W03_C2,0.0,4.34081247353883,0.0,5.297486070732169,0.07142857142857142,0.05263157894736842
S3,1,W04_C3,7,3,W04_C5,0.0,6.643250502687021,0.0,6.743387807900234,0.0,0.05263157894736842
S3,1,W04_C3,7,4,W04_C1,0.0,5.083647916982788,0.0,5.2261998723487215,0.07692307692307693,0.05263157894736842
S3,1,W04_C3,7,5,W05_C5,0.0,5.187070442350744,0.05263157894736842,4.551946661786281,0.0625,0.05263157894736842
S3,1,W04_C3,7,6,W05_C1,0.0,4.453698586012164,0.0,4.710118691080501,0.0625,0.05263157894736842
S3,1,W04_C3,7,7,W03_C5,0.0,6.098250118200688,0.0,5.817878849915151,0.07692307692307693,0.05263157894736842
S3,1,W04_C4,1337,0,W04_C5,0.0,5.771679806785712,0.0,6.003888206544928,0.07692307692307693,0.0
S3,1,W04_C4,1337,1,W05_C5,0.0,5.394343140995868,0.0,4.198166728787329,0.0,0.0
S3,1,W04_C4,1337,2,W03_C5,0.0,6.007127328492059,0.0,5.38316073203768,0.07692307692307693,0.0
S3,1,W04_C4,1337,3,W04_C2,0.0,6.207174831803944,0.0,6.426082219003969,0.08333333333333333,0.0
S3,1,W04_C4,1337,4,W04_C6,0.0,4.483814045847768,0.0,4.538411641608578,0.0,0.0
S3,1,W04_C4,1337,5,W05_C2,0.0,4.457764452851982,0.0,4.238496213879055,0.0,0.0
S3,1,W04_C4,1337,6,W05_C6,0.06666666666666667,3.9877555726475333,0.0,4.957666600137773,0.06666666666666667,0.0
S3,1,W04_C4,1337,7,W03_C2,0.0,4.4755750943414165,0.0,5.557212821263071,0.0625,0.0
S3,1,W04_C4,20260903,0,W04_C5,0.0,7.024985882204073,0.0,6.003888206544928,0.08333333333333333,0.0
S3,1,W04_C4,20260903,1,W05_C5,0.0,4.442516065006743,0.0,4.198166728787329,0.0,0.0
S3,1,W04_C4,20260903,2,W03_C5,0.0,5.345002253766321,0.0,5.38316073203768,0.0,0.0
S3,1,W04_C4,20260903,3,W04_C2,0.0,6.338143811722616,0.0,6.426082219003969,0.0,0.0
S3,1,W04_C4,20260903,4,W04_C6,0.0,4.2141671771932305,0.0,4.538411641608578,0.0,0.0
S3,1,W04_C4,20260903,5,W05_C2,0.0,4.2155467944217655,0.0,4.238496213879055,0.07692307692307693,0.0
S3,1,W04_C4,20260903,6,W05_C6,0.0,4.151287171319396,0.0,4.957666600137773,0.0625,0.0
S3,1,W04_C4,20260903,7,W03_C2,0.0,4.774175230019297,0.0,5.557212821263071,0.0625,0.0
S3,1,W04_C4,7,0,W04_C5,0.0,6.571217609565656,0.0,6.003888206544928,0.07692307692307693,0.0
S3,1,W04_C4,7,1,W05_C5,0.0,5.657983003706587,0.0,4.198166728787329,0.0625,0.0
S3,1,W04_C4,7,2,W03_C5,0.0,6.469411140987479,0.0,5.38316073203768,0.07692307692307693,0.0
S3,1,W04_C4,7,3,W04_C2,0.0,6.878660588342742,0.0,6.426082219003969,0.07692307692307693,0.0
S3,1,W04_C4,7,4,W04_C6,0.0,4.533438730340808,0.0,4.538411641608578,0.07692307692307693,0.0
S3,1,W04_C4,7,5,W05_C2,0.0,4.1596755779745935,0.0,4.238496213879055,0.07142857142857142,0.0
S3,1,W04_C4,7,6,W05_C6,0.0,4.266508602159802,0.0,4.957666600137773,0.0,0.0
S3,1,W04_C4,7,7,W03_C2,0.0,4.700912769943658,0.0,5.557212821263071,0.0625,0.0
S3,1,W05_C3,1337,0,W05_C2,0.0,4.231888757706928,0.0,4.3846021144857374,0.0,0.058823529411764705
S3,1,W05_C3,1337,1,W06_C2,0.0,4.637557707958347,0.0,4.625111005971362,0.058823529411764705,0.058823529411764705
S3,1,W05_C3,1337,2,W04_C2,0.0,5.753595602930092,0.0,6.559662245114641,0.07692307692307693,0.058823529411764705
S3,1,W05_C3,1337,3,W05_C5,0.0,5.339522019596595,0.0,5.569186798302372,0.07692307692307693,0.058823529411764705
S3,1,W05_C3,1337,4,W05_C1,0.0,4.4088258231043,0.0,4.628480862963748,0.06666666666666667,0.058823529411764705
S3,1,W05_C3,1337,5,W06_C5,0.0,5.139755011857773,0.0,4.972422012591845,0.07692307692307693,0.058823529411764705
S3,1,W05_C3,1337,6,W06_C1,0.0,3.7396630300278213,0.0,3.6275554496845377,0.043478260869565216,0.058823529411764705
S3,1,W05_C3,1337,7,W04_C5,0.0,6.0202203540091315,0.0,6.079233232380383,0.07692307692307693,0.058823529411764705
S3,1,W05_C3,20260903,0,W05_C2,0.0,4.219902222519516,0.0,4.3846021144857374,0.07692307692307693,0.058823529411764705
S3,1,W05_C3,20260903,1,W06_C2,0.0,4.390311868608039,0.0,4.625111005971362,0.0,0.058823529411764705
S3,1,W05_C3,20260903,2,W04_C2,0.0,6.255847540711735,0.0,6.559662245114641,0.07692307692307693,0.058823529411764705
S3,1,W05_C3,20260903,3,W05_C5,0.0,4.395640602788169,0.0,5.569186798302372,0.07692307692307693,0.058823529411764705
S3,1,W05_C3,20260903,4,W05_C1,0.0,4.16327390143381,0.0,4.628480862963748,0.0,0.058823529411764705
S3,1,W05_C3,20260903,5,W06_C5,0.0,5.4408095934230305,0.0,4.972422012591845,0.07692307692307693,0.058823529411764705
S3,1,W05_C3,20260903,6,W06_C1,0.0,3.470962932269358,0.0,3.6275554496845377,0.058823529411764705,0.058823529411764705
S3,1,W05_C3,20260903,7,W04_C5,0.0,6.740028885110709,0.0,6.079233232380383,0.0,0.058823529411764705
S3,1,W05_C3,7,0,W05_C2,0.0,4.3763836149879785,0.0,4.3846021144857374,0.0,0.058823529411764705
S3,1,W05_C3,7,1,W06_C2,0.0,4.323199077145348,0.0,4.625111005971362,0.0625,0.058823529411764705
S3,1,W05_C3,7,2,W04_C2,0.0,7.319877724215937,0.0,6.559662245114641,0.07692307692307693,0.058823529411764705
S3,1,W05_C3,7,3,W05_C5,0.0,5.465462999973737,0.0,5.569186798302372,0.0,0.058823529411764705
S3,1,W05_C3,7,4,W05_C1,0.0,4.359689593679109,0.0,4.628480862963748,0.0,0.058823529411764705
S3,1,W05_C3,7,5,W06_C5,0.0,4.7111755742665915,0.0,4.972422012591845,0.07692307692307693,0.058823529411764705
S3,1,W05_C3,7,6,W06_C1,0.0,3.6309055716477054,0.0,3.6275554496845377,0.0625,0.058823529411764705
S3,1,W05_C3,7,7,W04_C5,0.0,6.589134740147626,0.0,6.079233232380383,0.07692307692307693,0.058823529411764705
S3,1,W05_C4,1337,0,W05_C5,0.0,5.37104363053018,0.0,5.1470817592193825,0.0,0.058823529411764705
S3,1,W05_C4,1337,1,W06_C5,0.0,4.821157713493582,0.0,5.505912709244454,0.07692307692307693,0.058823529411764705
S3,1,W05_C4,1337,2,W04_C5,0.0,5.902017157124358,0.0,5.556978022592138,0.0,0.058823529411764705
S3,1,W05_C4,1337,3,W05_C2,0.0,4.441894657518361,0.0,4.550465576004316,0.07692307692307693,0.058823529411764705
S3,1,W05_C4,1337,4,W05_C6,0.0,4.222370983319949,0.0,5.021461559275964,0.0,0.058823529411764705
S3,1,W05_C4,1337,5,W06_C2,0.0,4.446020663127556,0.0,4.519887596279425,0.0,0.058823529411764705
S3,1,W05_C4,1337,6,W06_C6,0.0,5.948764083581506,0.0,6.272445657330555,0.08333333333333333,0.058823529411764705
S3,1,W05_C4,1337,7,W04_C2,0.0,5.8749661869791705,0.0,5.589222457679629,0.07692307692307693,0.058823529411764705
S3,1,W05_C4,20260903,0,W05_C5,0.0,4.778061433775127,0.0,5.1470817592193825,0.0,0.058823529411764705
S3,1,W05_C4,20260903,1,W06_C5,0.0,5.746053760053343,0.0,5.505912709244454,0.08333333333333333,0.058823529411764705
S3,1,W05_C4,20260903,2,W04_C5,0.0,6.925124972288139,0.0,5.556978022592138,0.08333333333333333,0.058823529411764705
S3,1,W05_C4,20260903,3,W05_C2,0.0,4.286998203173946,0.0,4.550465576004316,0.07692307692307693,0.058823529411764705
S3,1,W05_C4,20260903,4,W05_C6,0.0,4.42353021203596,0.0,5.021461559275964,0.0,0.058823529411764705
S3,1,W05_C4,20260903,5,W06_C2,0.0,4.650692421341352,0.0,4.519887596279425,0.058823529411764705,0.058823529411764705
S3,1,W05_C4,20260903,6,W06_C6,0.0,6.495752696845452,0.0,6.272445657330555,0.09090909090909091,0.058823529411764705
S3,1,W05_C4,20260903,7,W04_C2,0.0,6.140221257322205,0.0,5.589222457679629,0.07692307692307693,0.058823529411764705
S3,1,W05_C4,7,0,W05_C5,0.0,5.358773192545584,0.0,5.1470817592193825,0.0,0.058823529411764705
S3,1,W05_C4,7,1,W06_C5,0.0,4.65381182222089,0.0,5.505912709244454,0.0,0.058823529411764705
S3,1,W05_C4,7,2,W04_C5,0.0,6.668363499413318,0.0,5.556978022592138,0.0,0.058823529411764705
S3,1,W05_C4,7,3,W05_C2,0.0,4.274236812563397,0.0,4.550465576004316,0.0,0.058823529411764705
S3,1,W05_C4,7,4,W05_C6,0.0,4.37844720388739,0.0,5.021461559275964,0.0,0.058823529411764705
S3,1,W05_C4,7,5,W06_C2,0.0,4.2961970791381,0.0,4.519887596279425,0.0625,0.058823529411764705
S3,1,W05_C4,7,6,W06_C6,0.0,5.4535462675078925,0.0,6.272445657330555,0.07692307692307693,0.058823529411764705
S3,1,W05_C4,7,7,W04_C2,0.0,7.335267669458346,0.0,5.589222457679629,0.08333333333333333,0.058823529411764705
S3,1,W06_C3,1337,0,W06_C2,0.0,3.947679912015157,0.0,4.391120298112569,0.0,0.0
S3,1,W06_C3,1337,1,W05_C2,0.0,3.93774027087477,0.0,5.37465478400195,0.0,0.0
S3,1,W06_C3,1337,2,W06_C5,0.0,4.812588549420427,0.0,4.44999585850053,0.0,0.0
S3,1,W06_C3,1337,3,W06_C1,0.0,3.320033327440615,0.0,3.5600993793751967,0.0,0.0
S3,1,W06_C3,1337,4,W05_C5,0.0,4.843893717424414,0.0,5.822482064014989,0.0,0.0
S3,1,W06_C3,1337,5,W05_C1,0.0,4.854089384463432,0.0,4.882352109360389,0.07692307692307693,0.0
S3,1,W06_C3,1337,6,W04_C2,0.0,6.514670006978814,0.0,7.925608670448509,0.0,0.0
S3,1,W06_C3,1337,7,W06_C6,0.0,5.5344174520108975,0.0,4.4414166712490015,0.0,0.0
S3,1,W06_C3,20260903,0,W06_C2,0.0,4.052986283073931,0.0,4.391120298112569,0.0,0.0
S3,1,W06_C3,20260903,1,W05_C2,0.0,4.395017919573926,0.0,5.37465478400195,0.08333333333333333,0.0
S3,1,W06_C3,20260903,2,W06_C5,0.0,4.692294173151278,0.0,4.44999585850053,0.09090909090909091,0.0
S3,1,W06_C3,20260903,3,W06_C1,0.0,2.9830734863621147,0.0,3.5600993793751967,0.0,0.0
S3,1,W06_C3,20260903,4,W05_C5,0.0,4.376744906306392,0.0,5.822482064014989,0.0,0.0
S3,1,W06_C3,20260903,5,W05_C1,0.0,3.767385398771415,0.0,4.882352109360389,0.0625,0.0
S3,1,W06_C3,20260903,6,W04_C2,0.0,5.9785145933474935,0.0,7.925608670448509,0.08333333333333333,0.0
S3,1,W06_C3,20260903,7,W06_C6,0.0,5.1250809005831846,0.0,4.4414166712490015,0.0,0.0
S3,1,W06_C3,7,0,W06_C2,0.0,3.9207582454657746,0.0,4.391120298112569,0.06666666666666667,0.0
S3,1,W06_C3,7,1,W05_C2,0.0,4.3529923743657655,0.0,5.37465478400195,0.0,0.0
S3,1,W06_C3,7,2,W06_C5,0.0,4.6287537554680105,0.0,4.44999585850053,0.08333333333333333,0.0
S3,1,W06_C3,7,3,W06_C1,0.0,3.4963759182281047,0.0,3.5600993793751967,0.06666666666666667,0.0
S3,1,W06_C3,7,4,W05_C5,0.0,5.40527506959064,0.0,5.822482064014989,0.0,0.0
S3,1,W06_C3,7,5,W05_C1,0.0,4.394756961232974,0.0,4.882352109360389,0.0,0.0
S3,1,W06_C3,7,6,W04_C2,0.0,7.228763391147475,0.0,7.925608670448509,0.0,0.0
S3,1,W06_C3,7,7,W06_C6,0.0,5.431550213568097,0.0,4.4414166712490015,0.0,0.0
S3,1,W06_C4,1337,0,W06_C5,0.0,5.223996821090876,0.0,4.634071679644174,0.0,0.05263157894736842
S3,1,W06_C4,1337,1,W05_C5,0.0,5.3063552932795846,0.0,5.086417664523707,0.07692307692307693,0.05263157894736842
S3,1,W06_C4,1337,2,W06_C2,0.0,3.9158212315421457,0.0,3.833778490147085,0.0,0.05263157894736842
S3,1,W06_C4,1337,3,W06_C6,0.0,5.524311548491538,0.0,5.500189365072229,0.0,0.05263157894736842
S3,1,W06_C4,1337,4,W05_C2,0.0,4.225796952764665,0.0,4.650433050448219,0.0,0.05263157894736842
S3,1,W06_C4,1337,5,W05_C6,0.0,3.940053376005295,0.0,4.33290947049024,0.0,0.05263157894736842
S3,1,W06_C4,1337,6,W04_C5,0.08333333333333333,5.93379116119404,0.0,5.531445896154992,0.08333333333333333,0.05263157894736842
S3,1,W06_C4,1337,7,W06_C1,0.0,3.6058227443754842,0.0,3.2637670790128355,0.05263157894736842,0.05263157894736842
S3,1,W06_C4,20260903,0,W06_C5,0.0,5.097356646401943,0.0,4.634071679644174,0.1,0.05263157894736842
S3,1,W06_C4,20260903,1,W05_C5,0.0,4.31813007560189,0.0,5.086417664523707,0.0,0.05263157894736842
S3,1,W06_C4,20260903,2,W06_C2,0.0,4.199928230405853,0.0,3.833778490147085,0.0,0.05263157894736842
S3,1,W06_C4,20260903,3,W06_C6,0.0,5.159378960667366,0.0,5.500189365072229,0.0,0.05263157894736842
S3,1,W06_C4,20260903,4,W05_C2,0.0,4.744886911419031,0.0,4.650433050448219,0.08333333333333333,0.05263157894736842
S3,1,W06_C4,20260903,5,W05_C6,0.0,4.1219996384294335,0.0,4.33290947049024,0.0,0.05263157894736842
S3,1,W06_C4,20260903,6,W04_C5,0.0,6.5557880304459255,0.0,5.531445896154992,0.09090909090909091,0.05263157894736842
S3,1,W06_C4,20260903,7,W06_C1,0.0,3.224791513924313,0.0,3.2637670790128355,0.0,0.05263157894736842
S3,1,W06_C4,7,0,W06_C5,0.0,4.273938844395241,0.0,4.634071679644174,0.0,0.05263157894736842
S3,1,W06_C4,7,1,W05_C5,0.0,5.2636187333999285,0.0,5.086417664523707,0.0,0.05263157894736842
S3,1,W06_C4,7,2,W06_C2,0.0,4.1768737417170145,0.0,3.833778490147085,0.0,0.05263157894736842
S3,1,W06_C4,7,3,W06_C6,0.0,5.427710892995452,0.0,5.500189365072229,0.0,0.05263157894736842
S3,1,W06_C4,7,4,W05_C2,0.0,4.227707176415767,0.0,4.650433050448219,0.08333333333333333,0.05263157894736842
S3,1,W06_C4,7,5,W05_C6,0.0,4.654533021110163,0.0,4.33290947049024,0.0625,0.05263157894736842
S3,1,W06_C4,7,6,W04_C5,0.0,5.587608407138958,0.0,5.531445896154992,0.0,0.05263157894736842
S3,1,W06_C4,7,7,W06_C1,0.0,3.4481789573041315,0.0,3.2637670790128355,0.06666666666666667,0.05263157894736842
S3,2,W00_C5,1337,0,W00_C4,0.0,4.641697787466044,0.0,3.6037025714578945,0.0,0.0
S3,2,W00_C5,1337,1,W01_C4,0.0,5.870231363449682,0.0,5.134294405485253,0.1111111111111111,0.0
S3,2,W00_C5,1337,2,W00_C3,0.0,4.925472783331335,0.0,4.611685355238076,0.0,0.0
S3,2,W00_C5,1337,3,W00_C7,0.0,4.740031838325994,0.0,3.2390100759456146,0.0,0.0
S3,2,W00_C5,1337,4,W01_C3,0.0,5.930205367718611,0.0,5.884782006400612,0.0,0.0
S3,2,W00_C5,1337,5,W00_C2,0.0,3.7342757744117665,0.0,2.602560030467111,0.06666666666666667,0.0
S3,2,W00_C5,1337,6,W00_C8,0.0,4.25709827284736,0.0,4.2773211859655165,0.0,0.0
S3,2,W00_C5,1337,7,W02_C4,0.0,5.828861359840498,0.0,6.735101636186879,0.0,0.0
S3,2,W00_C5,20260903,0,W00_C4,0.0,3.9937642592602627,0.0,3.6037025714578945,0.09090909090909091,0.0
S3,2,W00_C5,20260903,1,W01_C4,0.0,6.313402074079434,0.0,5.134294405485253,0.0,0.0
S3,2,W00_C5,20260903,2,W00_C3,0.0,5.060407902353667,0.0,4.611685355238076,0.1111111111111111,0.0
S3,2,W00_C5,20260903,3,W00_C7,0.0,4.6003454308121725,0.0,3.2390100759456146,0.0625,0.0
S3,2,W00_C5,20260903,4,W01_C3,0.0,5.857303673235691,0.0,5.884782006400612,0.0,0.0
S3,2,W00_C5,20260903,5,W00_C2,0.0,4.188444941232977,0.0,2.602560030467111,0.0,0.0
S3,2,W00_C5,20260903,6,W00_C8,0.0,4.842663393167337,0.0,4.2773211859655165,0.1,0.0
S3,2,W00_C5,20260903,7,W02_C4,0.0,7.1270263450405125,0.0,6.735101636186879,0.0,0.0
S3,2,W00_C5,7,0,W00_C4,0.0,4.517030129030922,0.0,3.6037025714578945,0.0,0.0
S3,2,W00_C5,7,1,W01_C4,0.0,6.7853286188088875,0.0,5.134294405485253,0.0,0.0
S3,2,W00_C5,7,2,W00_C3,0.0,4.862373340553534,0.0,4.611685355238076,0.0,0.0
S3,2,W00_C5,7,3,W00_C7,0.0,4.308519915211213,0.0,3.2390100759456146,0.0,0.0
S3,2,W00_C5,7,4,W01_C3,0.0,5.910816448241028,0.0,5.884782006400612,0.0,0.0
S3,2,W00_C5,7,5,W00_C2,0.0,3.102983346225709,0.0,2.602560030467111,0.0,0.0
S3,2,W00_C5,7,6,W00_C8,0.0,3.983986035781243,0.0,4.2773211859655165,0.0,0.0
S3,2,W00_C5,7,7,W02_C4,0.0,5.966123814072972,0.0,6.735101636186879,0.0,0.0
S3,2,W00_C6,1337,0,W00_C7,0.0,4.749347268699111,0.0,4.045031089113903,0.0,0.0
S3,2,W00_C6,1337,1,W00_C4,0.0,4.251495315484681,0.0,3.6015524056685,0.0,0.0
S3,2,W00_C6,1337,2,W00_C8,0.0,4.2031718653448005,0.0,4.692592240567799,0.0,0.0
S3,2,W00_C6,1337,3,W01_C4,0.0,6.1355218940183605,0.0,5.15320862423407,0.0,0.0
S3,2,W00_C6,1337,4,W00_C3,0.0,4.692764123796009,0.0,3.4445418408404618,0.0,0.0
S3,2,W00_C6,1337,5,W01_C3,0.0,5.342029547007913,0.0,5.261622327207749,0.0,0.0
S3,2,W00_C6,1337,6,W02_C4,0.0,6.547879489218945,0.0,6.258768523892063,0.0,0.0
S3,2,W00_C6,1337,7,W00_C2,0.0,3.8432970244558415,0.0,2.720982717899615,0.0,0.0
S3,2,W00_C6,20260903,0,W00_C7,0.0,4.37536749192863,0.0,4.045031089113903,0.0,0.0
S3,2,W00_C6,20260903,1,W00_C4,0.0,3.878869005680729,0.0,3.6015524056685,0.0,0.0
S3,2,W00_C6,20260903,2,W00_C8,0.0,5.117948824604564,0.0,4.692592240567799,0.125,0.0
S3,2,W00_C6,20260903,3,W01_C4,0.0,5.90960579783718,0.0,5.15320862423407,0.0,0.0
S3,2,W00_C6,20260903,4,W00_C3,0.0,4.1083827243744135,0.0,3.4445418408404618,0.1,0.0
S3,2,W00_C6,20260903,5,W01_C3,0.0,5.688642576495529,0.0,5.261622327207749,0.0,0.0
S3,2,W00_C6,20260903,6,W02_C4,0.0,7.0187619202309595,0.0,6.258768523892063,0.14285714285714285,0.0
S3,2,W00_C6,20260903,7,W00_C2,0.0,3.757254879504037,0.0,2.720982717899615,0.0,0.0
S3,2,W00_C6,7,0,W00_C7,0.0,4.222373379918457,0.0,4.045031089113903,0.0,0.0
S3,2,W00_C6,7,1,W00_C4,0.0,4.663666810602269,0.0,3.6015524056685,0.0,0.0
S3,2,W00_C6,7,2,W00_C8,0.0,4.324988781319884,0.0,4.692592240567799,0.0,0.0
S3,2,W00_C6,7,3,W01_C4,0.0,5.62230136609138,0.0,5.15320862423407,0.0,0.0
S3,2,W00_C6,7,4,W00_C3,0.0,4.567626499309139,0.0,3.4445418408404618,0.0,0.0
S3,2,W00_C6,7,5,W01_C3,0.0,5.891088833418135,0.0,5.261622327207749,0.08333333333333333,0.0
S3,2,W00_C6,7,6,W02_C4,0.0,6.057531331806809,0.0,6.258768523892063,0.0,0.0
S3,2,W00_C6,7,7,W00_C2,0.0,3.1411127926342326,0.0,2.720982717899615,0.0,0.0
S3,2,W02_C5,1337,0,W02_C4,0.0,5.296244630397052,0.0,7.228876153917868,0.0,0.0
S3,2,W02_C5,1337,1,W03_C4,0.0,5.733259046298262,0.0,5.3770230791904154,0.07692307692307693,0.0
S3,2,W02_C5,1337,2,W01_C4,0.1,6.102147455181963,0.0,6.168397575310962,0.1,0.0
S3,2,W02_C5,1337,3,W02_C3,0.0,4.637684859788715,0.0,5.035825907957251,0.0,0.0
S3,2,W02_C5,1337,4,W03_C3,0.0,4.774123514231988,0.0,4.295625150526751,0.0,0.0
S3,2,W02_C5,1337,5,W03_C7,0.0,5.560530888136668,0.0,4.718995730727651,0.06666666666666667,0.0
S3,2,W02_C5,1337,6,W01_C3,0.0,5.652863808018771,0.0,6.529848078918339,0.0,0.0
S3,2,W02_C5,1337,7,W04_C4,0.0,5.522886900820325,0.0,5.925210941968306,0.0,0.0
S3,2,W02_C5,20260903,0,W02_C4,0.0,6.525750345708649,0.0,7.228876153917868,0.1111111111111111,0.0
S3,2,W02_C5,20260903,1,W03_C4,0.0,7.287210347021584,0.0,5.3770230791904154,0.0,0.0
S3,2,W02_C5,20260903,2,W01_C4,0.0,5.571075678176287,0.0,6.168397575310962,0.125,0.0
S3,2,W02_C5,20260903,3,W02_C3,0.0,6.0301223689447845,0.0,5.035825907957251,0.0,0.0
S3,2,W02_C5,20260903,4,W03_C3,0.0,4.735058201221778,0.0,4.295625150526751,0.0,0.0
S3,2,W02_C5,20260903,5,W03_C7,0.0,4.95069165123466,0.0,4.718995730727651,0.15384615384615385,0.0
S3,2,W02_C5,20260903,6,W01_C3,0.0,5.986308586222299,0.0,6.529848078918339,0.1,0.0
S3,2,W02_C5,20260903,7,W04_C4,0.0,4.233322283053338,0.0,5.925210941968306,0.07692307692307693,0.0
S3,2,W02_C5,7,0,W02_C4,0.0,6.436780784765542,0.0,7.228876153917868,0.09090909090909091,0.0
S3,2,W02_C5,7,1,W03_C4,0.0,6.500586513111651,0.0,5.3770230791904154,0.0,0.0
S3,2,W02_C5,7,2,W01_C4,0.0,6.545078791275968,0.0,6.168397575310962,0.0,0.0
S3,2,W02_C5,7,3,W02_C3,0.0,5.264023029777062,0.0,5.035825907957251,0.07142857142857142,0.0
S3,2,W02_C5,7,4,W03_C3,0.0,5.058505781386264,0.0,4.295625150526751,0.0,0.0
S3,2,W02_C5,7,5,W03_C7,0.0,4.786972358111799,0.0,4.718995730727651,0.07142857142857142,0.0
S3,2,W02_C5,7,6,W01_C3,0.0,5.655857547747249,0.0,6.529848078918339,0.0,0.0
S3,2,W02_C5,7,7,W04_C4,0.0,5.387091446058075,0.0,5.925210941968306,0.07142857142857142,0.0
S3,2,W02_C6,1337,0,W03_C7,0.0,5.456755078751538,0.0,4.520734664197355,0.0,0.0
S3,2,W02_C6,1337,1,W02_C4,0.0,5.7634120699080436,0.0,6.51289459613138,0.0,0.0
S3,2,W02_C6,1337,2,W03_C4,0.0,5.550980123132215,0.0,6.317185476451569,0.0,0.0
S3,2,W02_C6,1337,3,W03_C8,0.0,6.638840203430874,0.0,6.337677148233358,0.0,0.0
S3,2,W02_C6,1337,4,W01_C4,0.1111111111111111,6.505334910415623,0.0,6.800435712654006,0.1111111111111111,0.0
S3,2,W02_C6,1337,5,W04_C7,0.0,7.004722196990106,0.0,7.5466298825519385,0.0,0.0
S3,2,W02_C6,1337,6,W02_C3,0.0,4.477682049909903,0.0,5.214667966735779,0.0,0.0
S3,2,W02_C6,1337,7,W00_C7,0.0,5.567416452843156,0.0,4.476791329748695,0.07692307692307693,0.0
S3,2,W02_C6,20260903,0,W03_C7,0.0,5.092950723051285,0.0,4.520734664197355,0.07692307692307693,0.0
S3,2,W02_C6,20260903,1,W02_C4,0.0,7.431011891210019,0.0,6.51289459613138,0.1,0.0
S3,2,W02_C6,20260903,2,W03_C4,0.0,7.035557284975667,0.0,6.317185476451569,0.0,0.0
S3,2,W02_C6,20260903,3,W03_C8,0.0,7.5825058121068665,0.0,6.337677148233358,0.0,0.0
S3,2,W02_C6,20260903,4,W01_C4,0.0,5.5011031511371975,0.0,6.800435712654006,0.125,0.0
S3,2,W02_C6,20260903,5,W04_C7,0.0,7.714272683416008,0.0,7.5466298825519385,0.1,0.0
S3,2,W02_C6,20260903,6,W02_C3,0.0,4.502665024381298,0.0,5.214667966735779,0.0,0.0
S3,2,W02_C6,20260903,7,W00_C7,0.0,5.541828016077207,0.0,4.476791329748695,0.0,0.0
S3,2,W02_C6,7,0,W03_C7,0.0,4.348417336133812,0.0,4.520734664197355,0.0,0.0
S3,2,W02_C6,7,1,W02_C4,0.0,5.777264279574118,0.0,6.51289459613138,0.07142857142857142,0.0
S3,2,W02_C6,7,2,W03_C4,0.0,6.159271223347843,0.0,6.317185476451569,0.07142857142857142,0.0
S3,2,W02_C6,7,3,W03_C8,0.0,6.214219082168618,0.0,6.337677148233358,0.0,0.0
S3,2,W02_C6,7,4,W01_C4,0.0,6.714992080122405,0.0,6.800435712654006,0.07142857142857142,0.0
S3,2,W02_C6,7,5,W04_C7,0.0,8.057450655525097,0.0,7.5466298825519385,0.0,0.0
S3,2,W02_C6,7,6,W02_C3,0.0,5.137205759956494,0.0,5.214667966735779,0.0,0.0
S3,2,W02_C6,7,7,W00_C7,0.0,5.153548825323548,0.0,4.476791329748695,0.07142857142857142,0.0
S3,2,W03_C5,1337,0,W03_C4,0.0,6.349723061535155,0.0,5.489004275312253,0.0,0.0
S3,2,W03_C5,1337,1,W04_C4,0.0,5.305499770299207,0.0,5.408898797020707,0.0,0.0
S3,2,W03_C5,1337,2,W02_C4,0.0,5.601152343445331,0.0,5.574183646451737,0.0,0.0
S3,2,W03_C5,1337,3,W03_C3,0.0,4.848322579060278,0.0,4.532102695103421,0.0,0.0
S3,2,W03_C5,1337,4,W03_C7,0.0,5.351342538443491,0.0,5.175913407578628,0.0,0.0
S3,2,W03_C5,1337,5,W04_C3,0.0,4.8809911184086525,0.0,4.04014115501652,0.058823529411764705,0.0
S3,2,W03_C5,1337,6,W04_C7,0.0,6.555256757020745,0.0,7.494910734226956,0.0,0.0
S3,2,W03_C5,1337,7,W02_C3,0.0,4.774249780565687,0.0,4.42521823616623,0.0,0.0
S3,2,W03_C5,20260903,0,W03_C4,0.0,7.208866512895792,0.0,5.489004275312253,0.0,0.0
S3,2,W03_C5,20260903,1,W04_C4,0.0,4.251899836154158,0.0,5.408898797020707,0.09090909090909091,0.0
S3,2,W03_C5,20260903,2,W02_C4,0.0,6.338590394390369,0.0,5.574183646451737,0.0,0.0
S3,2,W03_C5,20260903,3,W03_C3,0.0,5.059545733752385,0.0,4.532102695103421,0.0,0.0
S3,2,W03_C5,20260903,4,W03_C7,0.0,4.921466607916597,0.0,5.175913407578628,0.0,0.0
S3,2,W03_C5,20260903,5,W04_C3,0.0,4.503340601673163,0.0,4.04014115501652,0.0,0.0
S3,2,W03_C5,20260903,6,W04_C7,0.0,7.438623869501226,0.0,7.494910734226956,0.1,0.0
S3,2,W03_C5,20260903,7,W02_C3,0.0,5.3123464699756875,0.0,4.42521823616623,0.0,0.0
S3,2,W03_C5,7,0,W03_C4,0.0,6.585093171751841,0.0,5.489004275312253,0.0,0.0
S3,2,W03_C5,7,1,W04_C4,0.0,5.337959482992146,0.0,5.408898797020707,0.0,0.0
S3,2,W03_C5,7,2,W02_C4,0.0,6.193887431678097,0.0,5.574183646451737,0.0,0.0
S3,2,W03_C5,7,3,W03_C3,0.0,5.129182843986799,0.0,4.532102695103421,0.06666666666666667,0.0
S3,2,W03_C5,7,4,W03_C7,0.0,4.597844299060929,0.0,5.175913407578628,0.0,0.0
S3,2,W03_C5,7,5,W04_C3,0.0,4.644679924618053,0.0,4.04014115501652,0.058823529411764705,0.0
S3,2,W03_C5,7,6,W04_C7,0.0,8.280940078969987,0.0,7.494910734226956,0.07142857142857142,0.0
S3,2,W03_C5,7,7,W02_C3,0.0,5.374903189842352,0.0,4.42521823616623,0.0,0.0
S3,2,W03_C6,1337,0,W03_C7,0.0,5.66992647498883,0.0,5.4829865561667805,0.0,0.07692307692307693
S3,2,W03_C6,1337,1,W04_C7,0.0,7.430804971931908,0.0,7.2476344324899635,0.1111111111111111,0.07692307692307693
S3,2,W03_C6,1337,2,W03_C4,0.0,6.045252692776573,0.0,5.331137698024356,0.0,0.07692307692307693
S3,2,W03_C6,1337,3,W03_C8,0.0,6.005373378162853,0.0,8.256771271982482,0.0,0.07692307692307693
S3,2,W03_C6,1337,4,W04_C4,0.0,5.3551875596941105,0.0,4.878418513960849,0.0,0.07692307692307693
S3,2,W03_C6,1337,5,W04_C8,0.0,5.966354994749483,0.0,5.86076201882477,0.0,0.07692307692307693
S3,2,W03_C6,1337,6,W02_C4,0.0,5.220013919838882,0.0,7.531906800803441,0.0,0.07692307692307693
S3,2,W03_C6,1337,7,W05_C7,0.0,5.191626249670958,0.0,4.808147673555381,0.0,0.07692307692307693
S3,2,W03_C6,20260903,0,W03_C7,0.0,4.677134438145977,0.0,5.4829865561667805,0.0,0.07692307692307693
S3,2,W03_C6,20260903,1,W04_C7,0.0,7.7151031665226055,0.0,7.2476344324899635,0.1,0.07692307692307693
S3,2,W03_C6,20260903,2,W03_C4,0.0,6.459395163701144,0.0,5.331137698024356,0.0,0.07692307692307693
S3,2,W03_C6,20260903,3,W03_C8,0.0,7.995711472132418,0.0,8.256771271982482,0.16666666666666666,0.07692307692307693
S3,2,W03_C6,20260903,4,W04_C4,0.0,4.112041035174252,0.0,4.878418513960849,0.09090909090909091,0.07692307692307693
S3,2,W03_C6,20260903,5,W04_C8,0.0,5.59098040077881,0.0,5.86076201882477,0.1,0.07692307692307693
S3,2,W03_C6,20260903,6,W02_C4,0.0,6.106895272755216,0.0,7.531906800803441,0.0,0.07692307692307693
S3,2,W03_C6,20260903,7,W05_C7,0.0,4.4141995522022945,0.0,4.808147673555381,0.06666666666666667,0.07692307692307693
S3,2,W03_C6,7,0,W03_C7,0.0,4.895932223107464,0.0,5.4829865561667805,0.07142857142857142,0.07692307692307693
S3,2,W03_C6,7,1,W04_C7,0.0,7.859643280185037,0.0,7.2476344324899635,0.09090909090909091,0.07692307692307693
S3,2,W03_C6,7,2,W03_C4,0.0,6.568789969034209,0.0,5.331137698024356,0.07692307692307693,0.07692307692307693
S3,2,W03_C6,7,3,W03_C8,0.0,6.204123024948932,0.0,8.256771271982482,0.0,0.07692307692307693
S3,2,W03_C6,7,4,W04_C4,0.0,5.475785741735797,0.0,4.878418513960849,0.0,0.07692307692307693
S3,2,W03_C6,7,5,W04_C8,0.0,5.946015271858599,0.0,5.86076201882477,0.0,0.07692307692307693
S3,2,W03_C6,7,6,W02_C4,0.0,5.866535760841339,0.0,7.531906800803441,0.0,0.07692307692307693
S3,2,W03_C6,7,7,W05_C7,0.0,5.606785316927424,0.0,4.808147673555381,0.0,0.07692307692307693
S3,2,W04_C5,1337,0,W04_C4,0.0,5.355979375566014,0.0,5.28695251237509,0.0,0.07142857142857142
S3,2,W04_C5,1337,1,W05_C4,0.0,4.497864183659562,0.0,5.193769908130386,0.0,0.07142857142857142
S3,2,W04_C5,1337,2,W03_C4,0.0,5.648266451777877,0.0,6.984055346375475,0.0,0.07142857142857142
S3,2,W04_C5,1337,3,W04_C3,0.0,4.599350831681095,0.0,5.0682951108087275,0.0,0.07142857142857142
S3,2,W04_C5,1337,4,W04_C7,0.0,6.541941951441856,0.0,6.479968748026377,0.0,0.07142857142857142
S3,2,W04_C5,1337,5,W05_C3,0.0,4.252684640497273,0.0,4.857962026007443,0.0,0.07142857142857142
S3,2,W04_C5,1337,6,W05_C7,0.0,5.38698504582087,0.0,5.015953568524639,0.0,0.07142857142857142
S3,2,W04_C5,1337,7,W03_C3,0.0,4.949855584431071,0.0,5.789375473521365,0.0,0.07142857142857142
S3,2,W04_C5,20260903,0,W04_C4,0.0,4.616408125714036,0.0,5.28695251237509,0.15384615384615385,0.07142857142857142
S3,2,W04_C5,20260903,1,W05_C4,0.0,5.067426178432621,0.0,5.193769908130386,0.058823529411764705,0.07142857142857142
S3,2,W04_C5,20260903,2,W03_C4,0.0,7.139866814958244,0.0,6.984055346375475,0.0,0.07142857142857142
S3,2,W04_C5,20260903,3,W04_C3,0.0,4.867855285478146,0.0,5.0682951108087275,0.058823529411764705,0.07142857142857142
S3,2,W04_C5,20260903,4,W04_C7,0.0,7.482696651288194,0.0,6.479968748026377,0.1111111111111111,0.07142857142857142
S3,2,W04_C5,20260903,5,W05_C3,0.0,3.891555365078465,0.0,4.857962026007443,0.0,0.07142857142857142
S3,2,W04_C5,20260903,6,W05_C7,0.0,4.088161944759587,0.0,5.015953568524639,0.0,0.07142857142857142
S3,2,W04_C5,20260903,7,W03_C3,0.0,4.707182147922384,0.0,5.789375473521365,0.0,0.07142857142857142
S3,2,W04_C5,7,0,W04_C4,0.0,5.337660049744707,0.0,5.28695251237509,0.0,0.07142857142857142
S3,2,W04_C5,7,1,W05_C4,0.0,4.918246669453643,0.0,5.193769908130386,0.0,0.07142857142857142
S3,2,W04_C5,7,2,W03_C4,0.0,6.469650493808632,0.0,6.984055346375475,0.0,0.07142857142857142
S3,2,W04_C5,7,3,W04_C3,0.0,4.669469072832204,0.0,5.0682951108087275,0.0,0.07142857142857142
S3,2,W04_C5,7,4,W04_C7,0.0,8.487179533580973,0.0,6.479968748026377,0.08333333333333333,0.07142857142857142
S3,2,W04_C5,7,5,W05_C3,0.0,4.235868894123112,0.0,4.857962026007443,0.0,0.07142857142857142
S3,2,W04_C5,7,6,W05_C7,0.0,5.7003198403209465,0.0,5.015953568524639,0.0,0.07142857142857142
S3,2,W04_C5,7,7,W03_C3,0.0,5.160374680269071,0.0,5.789375473521365,0.0,0.07142857142857142
S3,2,W04_C6,1337,0,W04_C7,0.0,6.616694432811622,0.0,8.183231071725105,0.0,0.07142857142857142
S3,2,W04_C6,1337,1,W05_C7,0.0,5.9971388230575675,0.0,5.871962253302406,0.09090909090909091,0.07142857142857142
S3,2,W04_C6,1337,2,W03_C7,0.0,6.306826475174693,0.0,6.100144807060123,0.07142857142857142,0.07142857142857142
S3,2,W04_C6,1337,3,W04_C4,0.0,5.522749944329092,0.0,5.640741297914166,0.0,0.07142857142857142
S3,2,W04_C6,1337,4,W04_C8,0.0,6.34225518552839,0.0,6.1590017840998526,0.0,0.07142857142857142
S3,2,W04_C6,1337,5,W05_C4,0.0,4.366429049697976,0.0,4.874210228863879,0.0,0.07142857142857142
S3,2,W04_C6,1337,6,W05_C8,0.0,4.319447163452152,0.0,4.366971338320675,0.0,0.07142857142857142
S3,2,W04_C6,1337,7,W03_C4,0.0,6.400939400400977,0.0,7.125455191174638,0.0,0.07142857142857142
S3,2,W04_C6,20260903,0,W04_C7,0.0,7.641570128879532,0.0,8.183231071725105,0.0,0.07142857142857142
S3,2,W04_C6,20260903,1,W05_C7,0.0,4.138215750571886,0.0,5.871962253302406,0.0,0.07142857142857142
S3,2,W04_C6,20260903,2,W03_C7,0.0,5.212058335783724,0.0,6.100144807060123,0.0,0.07142857142857142
S3,2,W04_C6,20260903,3,W04_C4,0.0,4.735025780349695,0.0,5.640741297914166,0.0,0.07142857142857142
S3,2,W04_C6,20260903,4,W04_C8,0.0,5.217559844840011,0.0,6.1590017840998526,0.0,0.07142857142857142
S3,2,W04_C6,20260903,5,W05_C4,0.0,5.140390349076876,0.0,4.874210228863879,0.0,0.07142857142857142
S3,2,W04_C6,20260903,6,W05_C8,0.0,4.862056647035291,0.0,4.366971338320675,0.0,0.07142857142857142
S3,2,W04_C6,20260903,7,W03_C4,0.0,7.547665039616466,0.0,7.125455191174638,0.0625,0.07142857142857142
S3,2,W04_C6,7,0,W04_C7,0.0,7.948898344388089,0.0,8.183231071725105,0.0,0.07142857142857142
S3,2,W04_C6,7,1,W05_C7,0.0,5.715293795611515,0.0,5.871962253302406,0.07142857142857142,0.07142857142857142
S3,2,W04_C6,7,2,W03_C7,0.0,4.479357462910157,0.0,6.100144807060123,0.0,0.07142857142857142
S3,2,W04_C6,7,3,W04_C4,0.0,5.379414471062545,0.0,5.640741297914166,0.0,0.07142857142857142
S3,2,W04_C6,7,4,W04_C8,0.0,6.015860424546583,0.0,6.1590017840998526,0.0,0.07142857142857142
S3,2,W04_C6,7,5,W05_C4,0.0,5.1363893686089455,0.0,4.874210228863879,0.0625,0.07142857142857142
S3,2,W04_C6,7,6,W05_C8,0.0,4.0229615712883415,0.0,4.366971338320675,0.0,0.07142857142857142
S3,2,W04_C6,7,7,W03_C4,0.0,6.578590931774156,0.0,7.125455191174638,0.07142857142857142,0.07142857142857142
S3,2,W05_C5,1337,0,W05_C4,0.0,4.675349762647192,0.0,4.724420987621884,0.06666666666666667,0.058823529411764705
S3,2,W05_C5,1337,1,W06_C4,0.0,4.022977544817826,0.0,4.958655911753297,0.0,0.058823529411764705
S3,2,W05_C5,1337,2,W04_C4,0.0,5.611909455659025,0.0,5.365389283563036,0.0,0.058823529411764705
S3,2,W05_C5,1337,3,W05_C3,0.0,4.579485150120268,0.0,4.952125294002659,0.0,0.058823529411764705
S3,2,W05_C5,1337,4,W05_C7,0.0,5.921947464504646,0.0,5.51564474673728,0.0,0.058823529411764705
S3,2,W05_C5,1337,5,W06_C3,0.0,4.316428055125411,0.0,6.141936661885045,0.0,0.058823529411764705
S3,2,W05_C5,1337,6,W06_C7,0.0,4.026672433887569,0.0,5.848598584872065,0.09090909090909091,0.058823529411764705
S3,2,W05_C5,1337,7,W04_C3,0.0,4.919195560142066,0.058823529411764705,4.153537318483837,0.0,0.058823529411764705
S3,2,W05_C5,20260903,0,W05_C4,0.0,5.258169182792487,0.0,4.724420987621884,0.0,0.058823529411764705
S3,2,W05_C5,20260903,1,W06_C4,0.0,4.5987438597668095,0.0,4.958655911753297,0.0,0.058823529411764705
S3,2,W05_C5,20260903,2,W04_C4,0.0,4.183767481940067,0.0,5.365389283563036,0.09090909090909091,0.058823529411764705
S3,2,W05_C5,20260903,3,W05_C3,0.0,3.8268146245146664,0.0,4.952125294002659,0.0,0.058823529411764705
S3,2,W05_C5,20260903,4,W05_C7,0.0,4.087557966062937,0.0,5.51564474673728,0.0,0.058823529411764705
S3,2,W05_C5,20260903,5,W06_C3,0.0,4.5985057603963435,0.0,6.141936661885045,0.0,0.058823529411764705
S3,2,W05_C5,20260903,6,W06_C7,0.0,5.551401738464505,0.0,5.848598584872065,0.06666666666666667,0.058823529411764705
S3,2,W05_C5,20260903,7,W04_C3,0.0,4.757061418742151,0.058823529411764705,4.153537318483837,0.0,0.058823529411764705
S3,2,W05_C5,7,0,W05_C4,0.0,5.037689143746298,0.0,4.724420987621884,0.0,0.058823529411764705
S3,2,W05_C5,7,1,W06_C4,0.0,4.5615820566075165,0.0,4.958655911753297,0.0,0.058823529411764705
S3,2,W05_C5,7,2,W04_C4,0.0,5.40924710427747,0.0,5.365389283563036,0.0,0.058823529411764705
S3,2,W05_C5,7,3,W05_C3,0.0,4.327111739895275,0.0,4.952125294002659,0.0,0.058823529411764705
S3,2,W05_C5,7,4,W05_C7,0.0,5.343984345164797,0.0,5.51564474673728,0.0,0.058823529411764705
S3,2,W05_C5,7,5,W06_C3,0.0,4.257968872128854,0.0,6.141936661885045,0.0,0.058823529411764705
S3,2,W05_C5,7,6,W06_C7,0.0,5.063301256638658,0.0,5.848598584872065,0.07142857142857142,0.058823529411764705
S3,2,W05_C5,7,7,W04_C3,0.0,4.791148921691586,0.058823529411764705,4.153537318483837,0.0,0.058823529411764705
S3,2,W05_C6,1337,0,W05_C7,0.0,6.116943738631073,0.0,5.124038579790222,0.09090909090909091,0.05555555555555555
S3,2,W05_C6,1337,1,W06_C7,0.0,4.185336351798903,0.0,4.937791298601023,0.09090909090909091,0.05555555555555555
S3,2,W05_C6,1337,2,W04_C7,0.0,6.722160682214315,0.0,6.357843990488269,0.09090909090909091,0.05555555555555555
S3,2,W05_C6,1337,3,W05_C4,0.0,4.445707908574274,0.0,5.151470027694304,0.0,0.05555555555555555
S3,2,W05_C6,1337,4,W05_C8,0.0,4.292341600558166,0.0,4.304967057504028,0.0,0.05555555555555555
S3,2,W05_C6,1337,5,W06_C4,0.0,4.085853081436014,0.0,4.654391767577895,0.0,0.05555555555555555
S3,2,W05_C6,1337,6,W06_C8,0.0,5.632524374782083,0.0,5.230859309961758,0.09090909090909091,0.05555555555555555
S3,2,W05_C6,1337,7,W04_C4,0.0,5.356177012674999,0.0,5.239509431075167,0.0,0.05555555555555555
S3,2,W05_C6,20260903,0,W05_C7,0.0,4.087650488813912,0.0,5.124038579790222,0.0,0.05555555555555555
S3,2,W05_C6,20260903,1,W06_C7,0.0,5.193748910735923,0.0,4.937791298601023,0.0,0.05555555555555555
S3,2,W05_C6,20260903,2,W04_C7,0.0,7.348869518643021,0.0,6.357843990488269,0.0,0.05555555555555555
S3,2,W05_C6,20260903,3,W05_C4,0.0,5.4133043310374775,0.0,5.151470027694304,0.05555555555555555,0.05555555555555555
S3,2,W05_C6,20260903,4,W05_C8,0.0,4.474462020378237,0.0,4.304967057504028,0.0,0.05555555555555555
S3,2,W05_C6,20260903,5,W06_C4,0.0,4.704108008562233,0.0,4.654391767577895,0.05555555555555555,0.05555555555555555
S3,2,W05_C6,20260903,6,W06_C8,0.0,4.872327800010622,0.0,5.230859309961758,0.0,0.05555555555555555
S3,2,W05_C6,20260903,7,W04_C4,0.0,4.318383585042094,0.0,5.239509431075167,0.09090909090909091,0.05555555555555555
S3,2,W05_C6,7,0,W05_C7,0.0,5.828094960037389,0.0,5.124038579790222,0.07142857142857142,0.05555555555555555
S3,2,W05_C6,7,1,W06_C7,0.0,4.913334783020891,0.0,4.937791298601023,0.0,0.05555555555555555
S3,2,W05_C6,7,2,W04_C7,0.0,7.566630804173634,0.0,6.357843990488269,0.0,0.05555555555555555
S3,2,W05_C6,7,3,W05_C4,0.0,4.981343737060108,0.0,5.151470027694304,0.0625,0.05555555555555555
S3,2,W05_C6,7,4,W05_C8,0.0,4.209361799796196,0.0,4.304967057504028,0.0,0.05555555555555555
S3,2,W05_C6,7,5,W06_C4,0.0,4.688622639149546,0.0,4.654391767577895,0.0,0.05555555555555555
S3,2,W05_C6,7,6,W06_C8,0.0,6.311931999125129,0.0,5.230859309961758,0.07142857142857142,0.05555555555555555
S3,2,W05_C6,7,7,W04_C4,0.0,5.197223219488601,0.0,5.239509431075167,0.0,0.05555555555555555
S3,2,W06_C5,1337,0,W06_C4,0.0,3.9331792617795656,0.0,4.091114256043591,0.0,0.0
S3,2,W06_C5,1337,1,W05_C4,0.0,4.611325107933437,0.0,4.905701506382665,0.0,0.0
S3,2,W06_C5,1337,2,W06_C3,0.0,4.386379085468367,0.0,4.4200304388979434,0.0,0.0
S3,2,W06_C5,1337,3,W06_C7,0.0,3.6542690238113384,0.0,4.5387983851457365,0.0,0.0
S3,2,W06_C5,1337,4,W05_C3,0.0,4.361864886875044,0.0,4.172293448259962,0.0,0.0
S3,2,W06_C5,1337,5,W05_C7,0.0,5.857638845358175,0.0,5.342231357707085,0.0,0.0
S3,2,W06_C5,1337,6,W04_C4,0.0,5.084446975063468,0.0,5.542297333977638,0.0,0.0
S3,2,W06_C5,1337,7,W06_C2,0.0,4.072495015916984,0.0,3.796275473371815,0.0,0.0
S3,2,W06_C5,20260903,0,W06_C4,0.0,4.581009735786198,0.0,4.091114256043591,0.058823529411764705,0.0
S3,2,W06_C5,20260903,1,W05_C4,0.0,5.321099893372927,0.0,4.905701506382665,0.07142857142857142,0.0
S3,2,W06_C5,20260903,2,W06_C3,0.0,4.152087451791509,0.0,4.4200304388979434,0.058823529411764705,0.0
S3,2,W06_C5,20260903,3,W06_C7,0.0,4.797457794015772,0.0,4.5387983851457365,0.0,0.0
S3,2,W06_C5,20260903,4,W05_C3,0.0,4.012300605816104,0.0,4.172293448259962,0.0,0.0
S3,2,W06_C5,20260903,5,W05_C7,0.0,4.336344304052156,0.0,5.342231357707085,0.0,0.0
S3,2,W06_C5,20260903,6,W04_C4,0.0,4.484305952297723,0.0,5.542297333977638,0.08333333333333333,0.0
S3,2,W06_C5,20260903,7,W06_C2,0.0,3.9167122829816474,0.0,3.796275473371815,0.0,0.0
S3,2,W06_C5,7,0,W06_C4,0.0,4.359784415938401,0.0,4.091114256043591,0.058823529411764705,0.0
S3,2,W06_C5,7,1,W05_C4,0.0,4.543275297256422,0.0,4.905701506382665,0.0,0.0
S3,2,W06_C5,7,2,W06_C3,0.0,4.1893386249671485,0.0,4.4200304388979434,0.0,0.0
S3,2,W06_C5,7,3,W06_C7,0.0,4.9470505456635365,0.0,4.5387983851457365,0.07142857142857142,0.0
S3,2,W06_C5,7,4,W05_C3,0.0,4.478424751533591,0.0,4.172293448259962,0.0,0.0
S3,2,W06_C5,7,5,W05_C7,0.0,5.9747946679322395,0.0,5.342231357707085,0.0,0.0
S3,2,W06_C5,7,6,W04_C4,0.0,5.431022956189491,0.0,5.542297333977638,0.0,0.0
S3,2,W06_C5,7,7,W06_C2,0.0,4.335247046779564,0.0,3.796275473371815,0.0,0.0
S3,2,W06_C6,1337,0,W06_C7,0.0,3.842605000457046,0.0,4.999443655624211,0.0,0.0
S3,2,W06_C6,1337,1,W05_C7,0.0,5.728599014932097,0.0,5.246671628239128,0.0,0.0
S3,2,W06_C6,1337,2,W06_C4,0.0,3.907032848428239,0.0,5.0875565391015165,0.0,0.0
S3,2,W06_C6,1337,3,W06_C8,0.0,5.161255358889964,0.0,5.768105969219994,0.0,0.0
S3,2,W06_C6,1337,4,W05_C4,0.0,4.523417615285458,0.0,5.800030269575948,0.0,0.0
S3,2,W06_C6,1337,5,W05_C8,0.0,3.968114643251652,0.0,4.595161412160421,0.0,0.0
S3,2,W06_C6,1337,6,W04_C7,0.0,6.53872944901516,0.0,7.127817786327358,0.0,0.0
S3,2,W06_C6,1337,7,W06_C3,0.0,4.287307813458841,0.0,4.387992735622188,0.0,0.0
S3,2,W06_C6,20260903,0,W06_C7,0.0,4.772860981730847,0.0,4.999443655624211,0.0,0.0
S3,2,W06_C6,20260903,1,W05_C7,0.0,4.64424630870843,0.0,5.246671628239128,0.0,0.0
S3,2,W06_C6,20260903,2,W06_C4,0.0,4.605610200439735,0.0,5.0875565391015165,0.058823529411764705,0.0
S3,2,W06_C6,20260903,3,W06_C8,0.0,4.921009679445351,0.0,5.768105969219994,0.0,0.0
S3,2,W06_C6,20260903,4,W05_C4,0.0,5.3199840710263135,0.0,5.800030269575948,0.0,0.0
S3,2,W06_C6,20260903,5,W05_C8,0.0625,4.529637092824553,0.0,4.595161412160421,0.0625,0.0
S3,2,W06_C6,20260903,6,W04_C7,0.0,6.6730952035197575,0.0,7.127817786327358,0.0,0.0
S3,2,W06_C6,20260903,7,W06_C3,0.0,4.000635728389348,0.0,4.387992735622188,0.0,0.0
S3,2,W06_C6,7,0,W06_C7,0.0,4.982602279803005,0.0,4.999443655624211,0.0,0.0
S3,2,W06_C6,7,1,W05_C7,0.0,5.910075293007917,0.0,5.246671628239128,0.0,0.0
S3,2,W06_C6,7,2,W06_C4,0.0,4.4986556967532865,0.0,5.0875565391015165,0.0,0.0
S3,2,W06_C6,7,3,W06_C8,0.0,6.249392440237427,0.0,5.768105969219994,0.0,0.0
S3,2,W06_C6,7,4,W05_C4,0.0,4.765694608541168,0.0,5.800030269575948,0.0,0.0
S3,2,W06_C6,7,5,W05_C8,0.0,3.8312278773867763,0.0,4.595161412160421,0.0,0.0
S3,2,W06_C6,7,6,W04_C7,0.0,7.635835961031218,0.0,7.127817786327358,0.0,0.0
S3,2,W06_C6,7,7,W06_C3,0.0625,4.308596794945639,0.0,4.387992735622188,0.0625,0.0
S3,3,W00_C7,1337,0,W00_C6,0.0,6.651457872146619,0.0,6.389186422182752,0.0,0.0
S3,3,W00_C7,1337,1,W00_C5,0.0,4.344801127550198,0.0,3.5577825851253033,0.06666666666666667,0.0
S3,3,W00_C7,1337,2,W00_C4,0.0,4.378800348124877,0.0,3.6732908408909406,0.05555555555555555,0.0
S3,3,W00_C7,1337,3,W02_C6,0.0,4.890476569723441,0.0,3.5841508587025492,0.05555555555555555,0.0
S3,3,W00_C7,1337,4,W01_C4,0.0,6.980695930800297,0.0,5.110978690233439,0.0,0.0
S3,3,W00_C7,1337,5,W02_C5,0.0,4.215056844702764,0.0,3.7195618059134667,0.0,0.0
S3,3,W00_C7,1337,6,W00_C3,0.0,4.801897436616482,0.0,4.204102242372154,0.0,0.0
S3,3,W00_C7,1337,7,W01_C3,0.0,6.143669068774192,0.0,6.270628668265216,0.0,0.0
S3,3,W00_C7,20260903,0,W00_C6,0.0,6.050603950683532,0.0,6.389186422182752,0.0,0.0
S3,3,W00_C7,20260903,1,W00_C5,0.0,5.08937298213471,0.0,3.5577825851253033,0.08333333333333333,0.0
S3,3,W00_C7,20260903,2,W00_C4,0.0,4.364242803067435,0.0,3.6732908408909406,0.0,0.0
S3,3,W00_C7,20260903,3,W02_C6,0.0,4.18756266985796,0.0,3.5841508587025492,0.0,0.0
S3,3,W00_C7,20260903,4,W01_C4,0.0,6.2551944694737625,0.0,5.110978690233439,0.1,0.0
S3,3,W00_C7,20260903,5,W02_C5,0.0,3.7235645436413924,0.0,3.7195618059134667,0.0,0.0
S3,3,W00_C7,20260903,6,W00_C3,0.0,4.622172191493458,0.0,4.204102242372154,0.0,0.0
S3,3,W00_C7,20260903,7,W01_C3,0.0,6.276472920637563,0.0,6.270628668265216,0.09090909090909091,0.0
S3,3,W00_C7,7,0,W00_C6,0.0,6.333654958500819,0.0,6.389186422182752,0.0,0.0
S3,3,W00_C7,7,1,W00_C5,0.0,4.184090551236963,0.0,3.5577825851253033,0.06666666666666667,0.0
S3,3,W00_C7,7,2,W00_C4,0.0,3.7020880466480306,0.0,3.6732908408909406,0.0625,0.0
S3,3,W00_C7,7,3,W02_C6,0.0,4.567987116100245,0.0,3.5841508587025492,0.0,0.0
S3,3,W00_C7,7,4,W01_C4,0.0,6.966318757966206,0.0,5.110978690233439,0.07692307692307693,0.0
S3,3,W00_C7,7,5,W02_C5,0.0,3.9709287785941756,0.0,3.7195618059134667,0.0,0.0
S3,3,W00_C7,7,6,W00_C3,0.0,4.6291735568303745,0.0,4.204102242372154,0.06666666666666667,0.0
S3,3,W00_C7,7,7,W01_C3,0.0,6.0433186734135145,0.0,6.270628668265216,0.0,0.0
S3,3,W00_C8,1337,0,W00_C6,0.0,6.450925630116612,0.0,5.403700008045817,0.0,0.0
S3,3,W00_C8,1337,1,W00_C5,0.0,4.170505232322209,0.0,4.491350815785333,0.0,0.0
S3,3,W00_C8,1337,2,W02_C6,0.0,4.918569878475759,0.0,4.2073827977737475,0.058823529411764705,0.0
S3,3,W00_C8,1337,3,W00_C4,0.0,4.258506769034652,0.0,4.29654472250109,0.058823529411764705,0.0
S3,3,W00_C8,1337,4,W01_C4,0.0,7.72572869867258,0.0,5.420999420394138,0.0,0.0
S3,3,W00_C8,1337,5,W02_C5,0.0,4.197034539108281,0.0,4.41033910362146,0.0,0.0
S3,3,W00_C8,1337,6,W03_C6,0.0,5.4418363500600435,0.0,5.868547458183864,0.0,0.0
S3,3,W00_C8,1337,7,W00_C3,0.0,4.710125803769211,0.0,5.490913389989732,0.0,0.0
S3,3,W00_C8,20260903,0,W00_C6,0.0,5.602738319196554,0.0,5.403700008045817,0.1111111111111111,0.0
S3,3,W00_C8,20260903,1,W00_C5,0.0,5.456335156478908,0.0,4.491350815785333,0.09090909090909091,0.0
S3,3,W00_C8,20260903,2,W02_C6,0.0,4.19819121123542,0.0,4.2073827977737475,0.06666666666666667,0.0
S3,3,W00_C8,20260903,3,W00_C4,0.0,3.862229948103968,0.0,4.29654472250109,0.0625,0.0
S3,3,W00_C8,20260903,4,W01_C4,0.0,5.99921282359943,0.0,5.420999420394138,0.0,0.0
S3,3,W00_C8,20260903,5,W02_C5,0.0,3.8438009599210576,0.0,4.41033910362146,0.1111111111111111,0.0
S3,3,W00_C8,20260903,6,W03_C6,0.0,5.5280333292077986,0.0,5.868547458183864,0.0,0.0
S3,3,W00_C8,20260903,7,W00_C3,0.0,4.766246213637371,0.0,5.490913389989732,0.09090909090909091,0.0
S3,3,W00_C8,7,0,W00_C6,0.0,5.695035112328581,0.0,5.403700008045817,0.0,0.0
S3,3,W00_C8,7,1,W00_C5,0.0,4.1477087078809305,0.0,4.491350815785333,0.06666666666666667,0.0
S3,3,W00_C8,7,2,W02_C6,0.0,4.734418014139414,0.0,4.2073827977737475,0.0,0.0
S3,3,W00_C8,7,3,W00_C4,0.0,3.7255370155739684,0.0,4.29654472250109,0.0625,0.0
S3,3,W00_C8,7,4,W01_C4,0.0,6.515159119388459,0.0,5.420999420394138,0.06666666666666667,0.0
S3,3,W00_C8,7,5,W02_C5,0.0,4.235802709308432,0.0,4.41033910362146,0.0625,0.0
S3,3,W00_C8,7,6,W03_C6,0.0,4.811399162904735,0.0,5.868547458183864,0.0,0.0
S3,3,W00_C8,7,7,W00_C3,0.0,4.7007162906898685,0.0,5.490913389989732,0.0,0.0
S3,3,W03_C7,1337,0,W03_C6,0.0,5.26363060259435,0.0,5.263412929843809,0.05555555555555555,0.07142857142857142
S3,3,W03_C7,1337,1,W04_C6,0.0,5.413402318985304,0.07142857142857142,5.032084263164392,0.0,0.07142857142857142
S3,3,W03_C7,1337,2,W02_C6,0.0,4.641258061472744,0.0,3.827998337496464,0.0,0.07142857142857142
S3,3,W03_C7,1337,3,W03_C5,0.0,5.090821591126312,0.0,4.871259918861829,0.0625,0.07142857142857142
S3,3,W03_C7,1337,4,W04_C5,0.0,4.469858181376642,0.0,5.098021537771554,0.0,0.07142857142857142
S3,3,W03_C7,1337,5,W02_C5,0.0,4.208752358856977,0.07142857142857142,4.1814482524003544,0.09090909090909091,0.07142857142857142
S3,3,W03_C7,1337,6,W05_C6,0.0,4.694213793301166,0.0,5.130746129728577,0.058823529411764705,0.07142857142857142
S3,3,W03_C7,1337,7,W03_C4,0.0,5.100515505973692,0.0,4.652065832784353,0.0,0.07142857142857142
S3,3,W03_C7,20260903,0,W03_C6,0.0,5.10292221755212,0.0,5.263412929843809,0.0,0.07142857142857142
S3,3,W03_C7,20260903,1,W04_C6,0.0,4.68979283323037,0.07142857142857142,5.032084263164392,0.0,0.07142857142857142
S3,3,W03_C7,20260903,2,W02_C6,0.0,4.8530781948333646,0.0,3.827998337496464,0.0625,0.07142857142857142
S3,3,W03_C7,20260903,3,W03_C5,0.0,4.50943821588768,0.0,4.871259918861829,0.0,0.07142857142857142
S3,3,W03_C7,20260903,4,W04_C5,0.0,4.952924783027114,0.0,5.098021537771554,0.0,0.07142857142857142
S3,3,W03_C7,20260903,5,W02_C5,0.0,3.940669738278269,0.07142857142857142,4.1814482524003544,0.08333333333333333,0.07142857142857142
S3,3,W03_C7,20260903,6,W05_C6,0.0,4.898075509911864,0.0,5.130746129728577,0.07692307692307693,0.07142857142857142
S3,3,W03_C7,20260903,7,W03_C4,0.0,5.1678045092065314,0.0,4.652065832784353,0.09090909090909091,0.07142857142857142
S3,3,W03_C7,7,0,W03_C6,0.0,5.179903586802028,0.0,5.263412929843809,0.0,0.07142857142857142
S3,3,W03_C7,7,1,W04_C6,0.0,5.601216322413235,0.07142857142857142,5.032084263164392,0.0,0.07142857142857142
S3,3,W03_C7,7,2,W02_C6,0.0,4.6995632125346685,0.0,3.827998337496464,0.0,0.07142857142857142
S3,3,W03_C7,7,3,W03_C5,0.0,4.364725947419499,0.0,4.871259918861829,0.0625,0.07142857142857142
S3,3,W03_C7,7,4,W04_C5,0.0,5.481051631627993,0.0,5.098021537771554,0.0625,0.07142857142857142
S3,3,W03_C7,7,5,W02_C5,0.0,4.353638799897833,0.07142857142857142,4.1814482524003544,0.0,0.07142857142857142
S3,3,W03_C7,7,6,W05_C6,0.0,4.504647142523103,0.0,5.130746129728577,0.0,0.07142857142857142
S3,3,W03_C7,7,7,W03_C4,0.0,4.567772747479777,0.0,4.652065832784353,0.0625,0.07142857142857142
S3,3,W03_C8,1337,0,W03_C6,0.0,5.087769432605773,0.0,5.737742220779132,0.0,0.07692307692307693
S3,3,W03_C8,1337,1,W04_C6,0.0,4.7691900952656585,0.0,4.839137036917375,0.0,0.07692307692307693
S3,3,W03_C8,1337,2,W02_C6,0.0,4.704604292579715,0.0,4.35118077332775,0.0625,0.07692307692307693
S3,3,W03_C8,1337,3,W03_C5,0.0,5.0381166100034624,0.0,4.930573440350782,0.0,0.07692307692307693
S3,3,W03_C8,1337,4,W04_C5,0.0,4.865677255989613,0.0,6.0340190291212945,0.0,0.07692307692307693
S3,3,W03_C8,1337,5,W02_C5,0.0,4.668295156333597,0.0,5.566128833012257,0.0,0.07692307692307693
S3,3,W03_C8,1337,6,W05_C6,0.0,4.564217441275412,0.0,4.636411730513015,0.0,0.07692307692307693
S3,3,W03_C8,1337,7,W03_C4,0.0,5.19542004789563,0.0,5.679778584812224,0.09090909090909091,0.07692307692307693
S3,3,W03_C8,20260903,0,W03_C6,0.0,4.8504032408752735,0.0,5.737742220779132,0.058823529411764705,0.07692307692307693
S3,3,W03_C8,20260903,1,W04_C6,0.0,4.42220772921276,0.0,4.839137036917375,0.07692307692307693,0.07692307692307693
S3,3,W03_C8,20260903,2,W02_C6,0.0,4.7206595466204,0.0,4.35118077332775,0.0,0.07692307692307693
S3,3,W03_C8,20260903,3,W03_C5,0.0,4.765436156233348,0.0,4.930573440350782,0.0,0.07692307692307693
S3,3,W03_C8,20260903,4,W04_C5,0.0,5.383377201537152,0.0,6.0340190291212945,0.0,0.07692307692307693
S3,3,W03_C8,20260903,5,W02_C5,0.0,4.570550711576924,0.0,5.566128833012257,0.0,0.07692307692307693
S3,3,W03_C8,20260903,6,W05_C6,0.0,4.785862419637212,0.0,4.636411730513015,0.058823529411764705,0.07692307692307693
S3,3,W03_C8,20260903,7,W03_C4,0.0,5.1854450618979,0.0,5.679778584812224,0.0,0.07692307692307693
S3,3,W03_C8,7,0,W03_C6,0.0,5.1418352665568285,0.0,5.737742220779132,0.0,0.07692307692307693
S3,3,W03_C8,7,1,W04_C6,0.0,5.0602602108747945,0.0,4.839137036917375,0.0625,0.07692307692307693
S3,3,W03_C8,7,2,W02_C6,0.0,4.686603321028682,0.0,4.35118077332775,0.058823529411764705,0.07692307692307693
S3,3,W03_C8,7,3,W03_C5,0.0,4.57657567052526,0.0,4.930573440350782,0.0625,0.07692307692307693
S3,3,W03_C8,7,4,W04_C5,0.0,5.638218710052983,0.0,6.0340190291212945,0.0,0.07692307692307693
S3,3,W03_C8,7,5,W02_C5,0.0,4.376741848632941,0.0,5.566128833012257,0.0625,0.07692307692307693
S3,3,W03_C8,7,6,W05_C6,0.0,4.637668687053273,0.0,4.636411730513015,0.058823529411764705,0.07692307692307693
S3,3,W03_C8,7,7,W03_C4,0.0,4.466683173170917,0.0,5.679778584812224,0.0,0.07692307692307693
S3,3,W04_C7,1337,0,W04_C6,0.0,5.139572443738207,0.0,5.6645629535031725,0.09090909090909091,0.0
S3,3,W04_C7,1337,1,W05_C6,0.0,4.637640778352788,0.0,4.9721563317257536,0.0625,0.0
S3,3,W04_C7,1337,2,W03_C6,0.0,5.264450293551678,0.0,6.521182920677461,0.0,0.0
S3,3,W04_C7,1337,3,W04_C5,0.0,4.683683545647239,0.0,4.971540487380331,0.0,0.0
S3,3,W04_C7,1337,4,W05_C5,0.0,4.300101493540373,0.0,5.589368703452934,0.0,0.0
S3,3,W04_C7,1337,5,W03_C5,0.0,4.981241216446532,0.0,5.295658037517716,0.058823529411764705,0.0
S3,3,W04_C7,1337,6,W06_C6,0.0,4.8791934723919255,0.0,4.974791888168366,0.0,0.0
S3,3,W04_C7,1337,7,W02_C6,0.0,4.766578341207844,0.0,4.938217990710201,0.05263157894736842,0.0
S3,3,W04_C7,20260903,0,W04_C6,0.0,4.237271123227322,0.0,5.6645629535031725,0.0,0.0
S3,3,W04_C7,20260903,1,W05_C6,0.0,4.744228568458897,0.0,4.9721563317257536,0.0,0.0
S3,3,W04_C7,20260903,2,W03_C6,0.0,4.863204723672622,0.0,6.521182920677461,0.0,0.0
S3,3,W04_C7,20260903,3,W04_C5,0.0,5.188983362056528,0.0,4.971540487380331,0.0,0.0
S3,3,W04_C7,20260903,4,W05_C5,0.0,4.021993847393738,0.0,5.589368703452934,0.05263157894736842,0.0
S3,3,W04_C7,20260903,5,W03_C5,0.0,4.78757738903008,0.0,5.295658037517716,0.0625,0.0
S3,3,W04_C7,20260903,6,W06_C6,0.0,5.891093807261144,0.0,4.974791888168366,0.0,0.0
S3,3,W04_C7,20260903,7,W02_C6,0.0,4.6137733184425835,0.0,4.938217990710201,0.058823529411764705,0.0
S3,3,W04_C7,7,0,W04_C6,0.0,5.161076535844135,0.0,5.6645629535031725,0.058823529411764705,0.0
S3,3,W04_C7,7,1,W05_C6,0.0,4.626669699764365,0.0,4.9721563317257536,0.0,0.0
S3,3,W04_C7,7,2,W03_C6,0.0,5.147368579429744,0.0,6.521182920677461,0.0,0.0
S3,3,W04_C7,7,3,W04_C5,0.0,5.617924245370228,0.0,4.971540487380331,0.0,0.0
S3,3,W04_C7,7,4,W05_C5,0.0,4.756892138196551,0.0,5.589368703452934,0.0,0.0
S3,3,W04_C7,7,5,W03_C5,0.0,4.406192563313096,0.0,5.295658037517716,0.0,0.0
S3,3,W04_C7,7,6,W06_C6,0.0,5.614640641171352,0.0,4.974791888168366,0.0625,0.0
S3,3,W04_C7,7,7,W02_C6,0.0,4.631473588217845,0.0,4.938217990710201,0.0,0.0
S3,3,W04_C8,1337,0,W04_C6,0.0,4.56164931571688,0.0,5.011835449234709,0.09090909090909091,0.125
S3,3,W04_C8,1337,1,W05_C6,0.0,4.583590746997601,0.0,4.594943351189008,0.0625,0.125
S3,3,W04_C8,1337,2,W03_C6,0.0,5.192449287015732,0.0,5.240712689996973,0.0,0.125
S3,3,W04_C8,1337,3,W04_C5,0.0,4.707299154686851,0.0,6.149777720549926,0.0,0.125
S3,3,W04_C8,1337,4,W06_C6,0.0,4.570839668590916,0.0,6.36964400001866,0.09090909090909091,0.125
S3,3,W04_C8,1337,5,W05_C5,0.0,4.337171834139463,0.0,4.774730264199265,0.0,0.125
S3,3,W04_C8,1337,6,W03_C5,0.0,4.875682744541921,0.0,4.238081718568709,0.0,0.125
S3,3,W04_C8,1337,7,W02_C6,0.0,4.616855230504108,0.0,4.879605539795232,0.0625,0.125
S3,3,W04_C8,20260903,0,W04_C6,0.0,4.778636130904872,0.0,5.011835449234709,0.07692307692307693,0.125
S3,3,W04_C8,20260903,1,W05_C6,0.0,4.93978384079186,0.0,4.594943351189008,0.07142857142857142,0.125
S3,3,W04_C8,20260903,2,W03_C6,0.0,5.266032643649475,0.0,5.240712689996973,0.058823529411764705,0.125
S3,3,W04_C8,20260903,3,W04_C5,0.0,5.5618945533623,0.0,6.149777720549926,0.0,0.125
S3,3,W04_C8,20260903,4,W06_C6,0.0,6.186681272160252,0.0,6.36964400001866,0.0,0.125
S3,3,W04_C8,20260903,5,W05_C5,0.0,4.117292055276938,0.0,4.774730264199265,0.05555555555555555,0.125
S3,3,W04_C8,20260903,6,W03_C5,0.0,4.607864921977821,0.0,4.238081718568709,0.0,0.125
S3,3,W04_C8,20260903,7,W02_C6,0.0,4.648985083449177,0.0,4.879605539795232,0.0625,0.125
S3,3,W04_C8,7,0,W04_C6,0.0,5.215738531699261,0.0,5.011835449234709,0.0,0.125
S3,3,W04_C8,7,1,W05_C6,0.0,4.560087830380539,0.0,4.594943351189008,0.0,0.125
S3,3,W04_C8,7,2,W03_C6,0.0,5.063236477062537,0.0,5.240712689996973,0.0,0.125
S3,3,W04_C8,7,3,W04_C5,0.0,5.7442542971543,0.0,6.149777720549926,0.0,0.125
S3,3,W04_C8,7,4,W06_C6,0.0,6.215266642559435,0.0,6.36964400001866,0.0,0.125
S3,3,W04_C8,7,5,W05_C5,0.0,4.504099390577978,0.0,4.774730264199265,0.05555555555555555,0.125
S3,3,W04_C8,7,6,W03_C5,0.0,4.291920867054192,0.0,4.238081718568709,0.0625,0.125
S3,3,W04_C8,7,7,W02_C6,0.0,4.67241384374965,0.0,4.879605539795232,0.0625,0.125
S3,3,W05_C7,1337,0,W05_C6,0.0,4.624444948737545,0.0,4.927764104817282,0.08333333333333333,0.05555555555555555
S3,3,W05_C7,1337,1,W06_C6,0.0,6.004984759362387,0.0,6.3601656740617205,0.09090909090909091,0.05555555555555555
S3,3,W05_C7,1337,2,W04_C6,0.0,4.893158238699351,0.0,5.912263019715462,0.09090909090909091,0.05555555555555555
S3,3,W05_C7,1337,3,W05_C5,0.0,4.411005452300616,0.0,5.466804946663925,0.0,0.05555555555555555
S3,3,W05_C7,1337,4,W06_C5,0.0,5.059527142587874,0.0,4.328723648690649,0.0625,0.05555555555555555
S3,3,W05_C7,1337,5,W04_C5,0.0,4.381369365904765,0.0,4.7036927082497435,0.0,0.05555555555555555
S3,3,W05_C7,1337,6,W03_C6,0.0,5.190991153982091,0.0,6.062173679010261,0.058823529411764705,0.05555555555555555
S3,3,W05_C7,1337,7,W05_C4,0.0,4.845980863987632,0.0,5.340428020804635,0.05555555555555555,0.05555555555555555
S3,3,W05_C7,20260903,0,W05_C6,0.0,4.457310800153069,0.0,4.927764104817282,0.05555555555555555,0.05555555555555555
S3,3,W05_C7,20260903,1,W06_C6,0.0,5.9300042089730445,0.0,6.3601656740617205,0.0,0.05555555555555555
S3,3,W05_C7,20260903,2,W04_C6,0.0,4.56080042942488,0.0,5.912263019715462,0.07692307692307693,0.05555555555555555
S3,3,W05_C7,20260903,3,W05_C5,0.0,3.689430151903288,0.0,5.466804946663925,0.0,0.05555555555555555
S3,3,W05_C7,20260903,4,W06_C5,0.0,5.049525420826613,0.0,4.328723648690649,0.07692307692307693,0.05555555555555555
S3,3,W05_C7,20260903,5,W04_C5,0.0,5.3044476322803,0.0,4.7036927082497435,0.0,0.05555555555555555
S3,3,W05_C7,20260903,6,W03_C6,0.0,5.1005807671442565,0.0,6.062173679010261,0.0,0.05555555555555555
S3,3,W05_C7,20260903,7,W05_C4,0.0,4.3765277587278595,0.0,5.340428020804635,0.058823529411764705,0.05555555555555555
S3,3,W05_C7,7,0,W05_C6,0.0,4.692988163636364,0.0,4.927764104817282,0.0625,0.05555555555555555
S3,3,W05_C7,7,1,W06_C6,0.0,5.273584214219184,0.0,6.3601656740617205,0.0,0.05555555555555555
S3,3,W05_C7,7,2,W04_C6,0.0,5.308891514876757,0.0,5.912263019715462,0.0,0.05555555555555555
S3,3,W05_C7,7,3,W05_C5,0.0,4.614484663806088,0.0,5.466804946663925,0.0,0.05555555555555555
S3,3,W05_C7,7,4,W06_C5,0.0,4.6543421431096865,0.0,4.328723648690649,0.0,0.05555555555555555
S3,3,W05_C7,7,5,W04_C5,0.0625,5.197014350068514,0.0,4.7036927082497435,0.0625,0.05555555555555555
S3,3,W05_C7,7,6,W03_C6,0.0,5.129941864967648,0.0,6.062173679010261,0.0,0.05555555555555555
S3,3,W05_C7,7,7,W05_C4,0.0,4.722670688904335,0.0,5.340428020804635,0.0,0.05555555555555555
S3,3,W05_C8,1337,0,W05_C6,0.0,4.367808730896007,0.0,4.614999691093596,0.07142857142857142,0.05263157894736842
S3,3,W05_C8,1337,1,W06_C6,0.0,5.924618383138436,0.0,5.918158246124396,0.09090909090909091,0.05263157894736842
S3,3,W05_C8,1337,2,W04_C6,0.0,4.987942522632678,0.0,5.169068950032,0.09090909090909091,0.05263157894736842
S3,3,W05_C8,1337,3,W05_C5,0.0,4.248586278825985,0.0,5.3146125546409015,0.0625,0.05263157894736842
S3,3,W05_C8,1337,4,W06_C5,0.0,5.107664047745353,0.0,4.310394731114342,0.0,0.05263157894736842
S3,3,W05_C8,1337,5,W04_C5,0.0,4.752132435303302,0.0,5.342606343542076,0.0,0.05263157894736842
S3,3,W05_C8,1337,6,W03_C6,0.0,5.140081622412453,0.0,5.428624916196864,0.0,0.05263157894736842
S3,3,W05_C8,1337,7,W05_C4,0.05263157894736842,4.7060873147265765,0.0,4.730383360687391,0.05263157894736842,0.05263157894736842
S3,3,W05_C8,20260903,0,W05_C6,0.0,4.549177625054891,0.0,4.614999691093596,0.0,0.05263157894736842
S3,3,W05_C8,20260903,1,W06_C6,0.0,5.803729150113315,0.0,5.918158246124396,0.0,0.05263157894736842
S3,3,W05_C8,20260903,2,W04_C6,0.0,4.3777328872852745,0.0,5.169068950032,0.0,0.05263157894736842
S3,3,W05_C8,20260903,3,W05_C5,0.0,3.883260148413721,0.0,5.3146125546409015,0.05555555555555555,0.05263157894736842
S3,3,W05_C8,20260903,4,W06_C5,0.0,4.98820267545998,0.0,4.310394731114342,0.07692307692307693,0.05263157894736842
S3,3,W05_C8,20260903,5,W04_C5,0.0,4.968903709019456,0.0,5.342606343542076,0.0,0.05263157894736842
S3,3,W05_C8,20260903,6,W03_C6,0.0,5.08607669037869,0.0,5.428624916196864,0.0,0.05263157894736842
S3,3,W05_C8,20260903,7,W05_C4,0.0,4.494212500696256,0.0,4.730383360687391,0.0,0.05263157894736842
S3,3,W05_C8,7,0,W05_C6,0.0,4.838623584795384,0.0,4.614999691093596,0.0,0.05263157894736842
S3,3,W05_C8,7,1,W06_C6,0.0,5.733853414812536,0.0,5.918158246124396,0.0625,0.05263157894736842
S3,3,W05_C8,7,2,W04_C6,0.0,5.440679573697833,0.0,5.169068950032,0.0625,0.05263157894736842
S3,3,W05_C8,7,3,W05_C5,0.0,4.641713497824015,0.0,5.3146125546409015,0.058823529411764705,0.05263157894736842
S3,3,W05_C8,7,4,W06_C5,0.0,4.923511751079468,0.0,4.310394731114342,0.0625,0.05263157894736842
S3,3,W05_C8,7,5,W04_C5,0.0,5.647380248361064,0.0,5.342606343542076,0.0625,0.05263157894736842
S3,3,W05_C8,7,6,W03_C6,0.0,5.11782812164614,0.0,5.428624916196864,0.0,0.05263157894736842
S3,3,W05_C8,7,7,W05_C4,0.058823529411764705,5.167837558436908,0.0,4.730383360687391,0.058823529411764705,0.05263157894736842
S3,3,W06_C7,1337,0,W06_C6,0.0,5.073808500800366,0.0,5.264926960799352,0.0,0.0
S3,3,W06_C7,1337,1,W05_C6,0.0,4.714867241492121,0.0,4.753606873606524,0.0,0.0
S3,3,W06_C7,1337,2,W06_C5,0.0,4.870335613181713,0.0,4.4008246472242165,0.0625,0.0
S3,3,W06_C7,1337,3,W05_C5,0.0,4.44156365292615,0.0,4.978631279324321,0.05555555555555555,0.0
S3,3,W06_C7,1337,4,W04_C6,0.0,5.192074897800787,0.0,6.061190259107598,0.0,0.0
S3,3,W06_C7,1337,5,W06_C4,0.0,3.9721526512468714,0.0,4.0110084123609395,0.0,0.0
S3,3,W06_C7,1337,6,W05_C4,0.0,4.650021182787158,0.0,5.0558723004435695,0.05263157894736842,0.0
S3,3,W06_C7,1337,7,W04_C5,0.0,4.43789844160606,0.0,5.8233365796466465,0.0,0.0
S3,3,W06_C7,20260903,0,W06_C6,0.0,5.309011175494034,0.0,5.264926960799352,0.0,0.0
S3,3,W06_C7,20260903,1,W05_C6,0.0,4.728692705793529,0.0,4.753606873606524,0.0,0.0
S3,3,W06_C7,20260903,2,W06_C5,0.0,4.775831304566241,0.0,4.4008246472242165,0.0,0.0
S3,3,W06_C7,20260903,3,W05_C5,0.0,4.388478646739897,0.0,4.978631279324321,0.0,0.0
S3,3,W06_C7,20260903,4,W04_C6,0.0,4.3545887409465935,0.0,6.061190259107598,0.0,0.0
S3,3,W06_C7,20260903,5,W06_C4,0.0,4.184080143586981,0.0,4.0110084123609395,0.058823529411764705,0.0
S3,3,W06_C7,20260903,6,W05_C4,0.0,4.086975194252384,0.0,5.0558723004435695,0.058823529411764705,0.0
S3,3,W06_C7,20260903,7,W04_C5,0.0,5.402130743383008,0.0,5.8233365796466465,0.0,0.0
S3,3,W06_C7,7,0,W06_C6,0.0,4.917787303759964,0.0,5.264926960799352,0.058823529411764705,0.0
S3,3,W06_C7,7,1,W05_C6,0.0,4.664702677425771,0.0,4.753606873606524,0.058823529411764705,0.0
S3,3,W06_C7,7,2,W06_C5,0.0,4.880696228855661,0.0,4.4008246472242165,0.0625,0.0
S3,3,W06_C7,7,3,W05_C5,0.0,4.950908220825477,0.0,4.978631279324321,0.0625,0.0
S3,3,W06_C7,7,4,W04_C6,0.0,5.159808527737589,0.0,6.061190259107598,0.0,0.0
S3,3,W06_C7,7,5,W06_C4,0.058823529411764705,4.188361240622178,0.0,4.0110084123609395,0.058823529411764705,0.0
S3,3,W06_C7,7,6,W05_C4,0.0,4.560678470801021,0.0,5.0558723004435695,0.0,0.0
S3,3,W06_C7,7,7,W04_C5,0.0,5.445607663289865,0.0,5.8233365796466465,0.0,0.0
S3,3,W06_C8,1337,0,W06_C6,0.0,5.167955007654124,0.0,5.030218058279421,0.0,0.0
S3,3,W06_C8,1337,1,W05_C6,0.0,4.6273004267531785,0.0,4.287080214975217,0.0,0.0
S3,3,W06_C8,1337,2,W06_C5,0.0,4.944590284292532,0.0,4.9764932428003075,0.058823529411764705,0.0
S3,3,W06_C8,1337,3,W05_C5,0.0,4.139658187208966,0.0,4.2994164667750425,0.058823529411764705,0.0
S3,3,W06_C8,1337,4,W04_C6,0.0,5.363999600770155,0.0,6.0194290116799145,0.0,0.0
S3,3,W06_C8,1337,5,W04_C5,0.0,4.4181587256439245,0.0,5.907085048831433,0.0,0.0
S3,3,W06_C8,1337,6,W06_C4,0.0,4.404683772303698,0.0,4.4321798083068265,0.05263157894736842,0.0
S3,3,W06_C8,1337,7,W05_C4,0.058823529411764705,4.3420382297603,0.0,4.790585388629757,0.058823529411764705,0.0
S3,3,W06_C8,20260903,0,W06_C6,0.0,5.616005106179823,0.0,5.030218058279421,0.0,0.0
S3,3,W06_C8,20260903,1,W05_C6,0.0,5.048900321983381,0.0,4.287080214975217,0.0,0.0
S3,3,W06_C8,20260903,2,W06_C5,0.0,4.979226299625814,0.0,4.9764932428003075,0.0,0.0
S3,3,W06_C8,20260903,3,W05_C5,0.0,4.44537768491126,0.0,4.2994164667750425,0.0625,0.0
S3,3,W06_C8,20260903,4,W04_C6,0.0,4.708418421788605,0.0,6.0194290116799145,0.08333333333333333,0.0
S3,3,W06_C8,20260903,5,W04_C5,0.08333333333333333,5.183464717198006,0.0,5.907085048831433,0.08333333333333333,0.0
S3,3,W06_C8,20260903,6,W06_C4,0.0,3.8240182547095887,0.0,4.4321798083068265,0.0625,0.0
S3,3,W06_C8,20260903,7,W05_C4,0.0,3.7686709945138643,0.0,4.790585388629757,0.0625,0.0
S3,3,W06_C8,7,0,W06_C6,0.0,5.589046881372928,0.0,5.030218058279421,0.0625,0.0
S3,3,W06_C8,7,1,W05_C6,0.0,4.74370136828191,0.0,4.287080214975217,0.0625,0.0
S3,3,W06_C8,7,2,W06_C5,0.0,4.709526777214083,0.0,4.9764932428003075,0.0625,0.0
S3,3,W06_C8,7,3,W05_C5,0.0,5.299176492167345,0.0,4.2994164667750425,0.0625,0.0
S3,3,W06_C8,7,4,W04_C6,0.0,5.309724087862726,0.0,6.0194290116799145,0.0,0.0
S3,3,W06_C8,7,5,W04_C5,0.0,5.516082623715484,0.0,5.907085048831433,0.0625,0.0
S3,3,W06_C8,7,6,W06_C4,0.0625,4.1964139236779,0.0,4.4321798083068265,0.0625,0.0
S3,3,W06_C8,7,7,W05_C4,0.0,5.118204896401681,0.0,4.790585388629757,0.0,0.0
