scheme,fold,box,method,orient_w1_deg,oc1_w1_deg,oc2_w1_deg,oc3_w1_deg,oc4_w1_deg,oc1_centre_err_deg,oc1_spread_err_deg,oc1_share_err,oc2_centre_err_deg,oc2_spread_err_deg,oc2_share_err,oc3_centre_err_deg,oc3_spread_err_deg,oc3_share_err,oc4_centre_err_deg,oc4_spread_err_deg,oc4_share_err,unclustered_share_err,cluster_share_tv,len_w1_m,len_med_err_m,len_p90_err_m,oc1_len_w1_m,oc2_len_w1_m,oc3_len_w1_m,oc4_len_w1_m,P20_relerr,P21_relerr,P22_relerr,nn_w1_m,cluster_vmr_err,oc1_count_relerr,oc2_count_relerr,oc3_count_relerr,oc4_count_relerr,term_share_err,CL_err,node_tv
S1,0,W02_C2,ADFNE,9.284902102027464,5.154623430688565,5.547817356625952,4.954570036178131,n.d.,2.6937290910284135,1.9532482494222432,0.0499999999999999,3.7155506210100286,4.18056934784456,0.1875,2.9657736429101575,2.2955978004611577,0.075,n.d.,n.d.,0.09375,0.03125,0.2,4.553360079346227,5.765412387259845,5.569239302217962,4.128842300023505,5.726475773349149,4.410500343476494,n.d.,0.6,0.1701868035771852,0.4,0.8437846912635685,0.18749999999999994,0.6666666666666666,0.2,0.5,n.d.,0.1091269841269841,1.0144300144300145,0.21254708780063744
S1,0,W02_C2,EVAE,11.239197752126103,6.87318045538232,6.751176736684226,6.848903592177894,n.d.,5.034354519013556,2.894504037413005,0.14523809523809522,2.9053886718304023,4.959552081625738,0.1666666666666666,4.782081738594304,2.5566573039153773,0.10859728506787325,n.d.,n.d.,0.1651785714285714,0.0625,0.30625,4.148216812281673,5.093480317190749,4.522089335132371,4.351824625225106,5.430077219630455,4.746002369353223,n.d.,0.4,0.13628838630515355,0.4,1.2530849477509338,0.20654761904761898,0.5,0.30000000000000004,0.75,n.d.,0.10818713450292394,1.3663869819476229,0.2204968944099378
S1,0,W02_C2,KDE,10.961244934317735,5.382944966582787,6.554168419327217,5.365296171880194,n.d.,4.171280902431151,1.7247885643374614,0.075,2.9931200195517356,5.735670531720589,0.25,3.454207537516618,3.294759791898449,0.062499999999999944,n.d.,n.d.,0.125,0.0,0.2625,4.363250384804415,4.780173956421237,6.654262678053377,4.307398336121032,5.798796616337855,4.180987167721825,n.d.,0.6,0.12426047547217814,0.4,0.8226715865762737,0.2249999999999999,1.0,0.2,1.0,n.d.,0.15099715099715094,0.7891737891737891,0.20504201680672265
S1,0,W04_C2,ADFNE,11.703029725017926,5.375344933034191,4.6013698210436065,8.061932355757305,n.d.,3.3383072834893204,3.4979326301454696,0.1875,2.2460158361097324,1.4837926143971263,0.0625,8.061468151120428,5.879168212942794,0.0803571428571428,n.d.,n.d.,0.0535714285714285,0.0625,0.2053571428571428,3.3581527651446805,2.6764209452025662,5.316902587152064,5.1115950956042004,1.6624770431025429,6.522763696945956,n.d.,0.1428571428571428,0.30418423149522955,0.1666666666666666,0.7607642568036996,0.1875,0.2857142857142857,0.25,0.5,1.0,0.0965934065934065,1.263736263736264,0.171505376344086
S1,0,W04_C2,EVAE,10.29850198657213,5.657008253756982,6.697160836817037,3.964937844689838,n.d.,3.632534913527501,2.6712033688924732,0.1153846153846153,6.46117536885153,3.1952922849695797,0.09230769230769226,3.251188195991394,2.99963352467052,0.06868131868131865,n.d.,n.d.,0.0714285714285714,0.0714285714285714,0.19780219780219777,2.7030360237068987,1.6721436307045816,4.366164347429334,4.376039285344451,1.7030395434285919,6.783073839127395,n.d.,0.0714285714285714,0.2774951990804314,0.5,1.254762244119704,0.5416666666666666,0.21428571428571425,0.25,0.5,1.0,0.13261904761904755,1.6984126984126986,0.26009615384615375
S1,0,W04_C2,KDE,11.84964089385382,5.213267105892948,6.570517449925562,7.107212226782984,n.d.,3.1542184167976783,1.435325951164752,0.1875,3.4940014497638776,2.8900095765961895,0.0892857142857143,4.257898075789347,5.274964054463497,0.09374999999999994,n.d.,n.d.,0.0535714285714285,0.0625,0.2321428571428571,2.8075068122288065,1.7081192631373165,5.637731838877226,4.588366479736667,1.503743408931706,6.326782311147287,n.d.,0.1428571428571428,0.19985127553265414,0.3333333333333333,0.6739350556986725,0.25,0.2857142857142857,0.375,0.75,1.0,0.0965934065934065,0.8271756978653533,0.1296218487394957
S1,0,W04_C4,ADFNE,17.231910927307048,6.685168454231882,7.0837229968587305,n.d.,n.d.,5.75004451589707,3.490196052310912,0.2875,3.480950978755559,5.489258558292361,0.075,n.d.,n.d.,0.0375,n.d.,n.d.,0.125,0.0625,0.2875,2.2444513012179987,1.4196793061613624,4.280386667548481,3.95134418319501,2.707020191661986,n.d.,n.d.,0.6,0.1616951394132392,5.0,2.574122541335971,0.625,0.1666666666666666,0.6666666666666666,1.0,n.d.,0.15192307692307688,1.3444816053511706,0.255952380952381
S1,0,W04_C4,EVAE,14.263619883662557,7.96799998722657,5.7533505320294775,n.d.,n.d.,3.935627726860299,4.489427163464509,0.24102564102564095,1.9646852663459433,4.864137434676604,0.10833333333333335,n.d.,n.d.,0.0538461538461538,n.d.,n.d.,0.1538461538461538,0.0,0.31919191919191914,1.5958576384054997,0.9591890844233103,3.270742578084732,2.607616290216287,2.6081180914913453,n.d.,n.d.,0.4,0.1141156606361817,2.0,1.1325739085160365,0.1785714285714286,0.3333333333333333,0.3333333333333333,1.0,n.d.,0.0952380952380952,0.6032807771938207,0.1247252747252747
S1,0,W04_C4,KDE,17.191999499440556,6.016022384624634,6.408991652020948,n.d.,n.d.,3.140188041687811,4.993671911225482,0.2249999999999999,3.829129791938823,4.027544184689235,0.075,n.d.,n.d.,0.0875,n.d.,n.d.,0.125,0.0,0.2875,2.2000916686948937,1.2414771818521215,5.090372646664317,3.3534020746135162,3.027140356365445,n.d.,n.d.,0.6,0.16230160882708472,5.0,2.631156322225091,0.625,0.0,0.6666666666666666,2.0,n.d.,0.1483516483516483,1.10224558050645,0.22142857142857145
S1,0,W04_C6,ADFNE,11.559162134762456,4.5505726823000865,5.297022115512497,5.90724614189876,n.d.,1.7545134052578306,1.6085599012168572,0.0892857142857143,2.9565831423224056,3.0391715286254657,0.0357142857142857,4.603097718080011,2.228271235177785,0.1294642857142857,n.d.,n.d.,0.0714285714285714,0.062499999999999944,0.2098214285714285,2.391149143519676,2.3726506900868722,1.0243911840792985,7.628798102416862,2.1837794659228607,1.4014942760718307,n.d.,0.1428571428571428,0.2049478623249052,1.0,1.4284318327420529,0.1785714285714286,0.5,0.25,0.5,1.0,0.05480295566502455,0.4415584415584416,0.1071428571428571
S1,0,W04_C6,EVAE,12.626174932623075,5.241791590718201,6.286105735128058,5.222083792135043,n.d.,3.5955204246161876,2.5487905892722695,0.10897435897435895,3.670654101457647,3.884329493173822,0.119047619047619,3.7007327968717916,2.13191922033763,0.119047619047619,n.d.,n.d.,0.14682539682539675,0.046626984126984045,0.27976190476190477,1.9130329097266348,1.2267773175720076,1.5300280762632688,5.9716235531768564,2.46384816581915,2.035741073819492,n.d.,0.1071428571428571,0.1929155464852557,0.5,0.7213272714962111,0.1428571428571428,0.25,0.5,0.25,2.0,0.06743421052631575,0.3333333333333332,0.07523809523809516
S1,0,W04_C6,KDE,9.530149211256713,4.587316127353626,5.293310538999339,5.915317183547082,n.d.,1.6969422884651049,2.285735662398568,0.0892857142857143,1.6481046210573795,3.7368886248941973,0.0625,3.6069670914142984,1.9621234510106624,0.0982142857142857,n.d.,n.d.,0.0535714285714285,0.062499999999999944,0.1741071428571428,2.4372057066842716,1.6796682582664388,1.5689155927657938,7.134595378112335,1.9832356715907657,1.4285014881976097,n.d.,0.1428571428571428,0.16694596051558158,2.0,1.4356008340752884,0.1964285714285714,0.5,0.25,0.25,1.0,0.0535714285714285,0.45622119815668205,0.09760032264569465
S1,1,W02_C3,ADFNE,14.532422739657083,n.d.,5.780788608745533,6.019882861687944,2.694560218528144,n.d.,n.d.,0.4,3.0739142230587237,1.6227418371165605,0.0833333333333333,3.986304612063959,3.4472577883193614,0.1166666666666666,2.062595562782236,0.7147213231071494,0.25,0.1833333333333333,0.4833333333333333,2.2904629441568902,1.2019675389674769,1.780247149369321,n.d.,5.4570922752847615,5.723127831016415,3.0009041867101267,0.25,0.1396191326031711,n.d.,1.0266357500648957,0.5791666666666666,n.d.,0.6666666666666666,0.3333333333333333,1.0,0.0644444444444444,0.9698067632850242,0.1944444444444444
S1,1,W02_C3,EVAE,13.860464533138398,n.d.,5.687320614915434,6.022580728936218,3.876204850255207,n.d.,n.d.,0.25,2.2650336711369876,1.1628101071293253,0.11038961038961034,4.142178682368255,1.777071396637373,0.1071428571428571,3.7783379712568816,1.7883712881794673,0.1785714285714285,0.1698717948717948,0.4083333333333333,1.5506459100890662,0.26056975126266535,0.9166311679908389,n.d.,5.38042466731598,6.153084083332788,4.973169163108525,0.1666666666666666,0.07760618538534055,n.d.,0.6105169683473926,0.1369047619047619,n.d.,0.6666666666666666,0.3333333333333333,0.6666666666666666,0.0444444444444444,0.6274018379281536,0.14040404040404036
S1,1,W02_C3,KDE,14.11067839681028,n.d.,6.395476814755389,4.840270737004132,2.87398303493655,n.d.,n.d.,0.3333333333333333,2.825426799455645,2.1446814165074795,0.0833333333333333,3.746755430900522,2.3793686405522045,0.1166666666666666,1.7490203134529683,2.139803143346262,0.1833333333333333,0.1833333333333333,0.45833333333333326,1.961076978461017,0.9505224040410757,1.7674987289400856,n.d.,5.59546669604136,6.145271057458944,2.1297555409479276,0.25,0.14092968745221124,n.d.,1.268151252086691,0.5791666666666666,n.d.,0.6666666666666666,0.5,0.6666666666666666,0.0555555555555555,1.1367521367521367,0.22300047892720298
S1,1,W04_C3,ADFNE,13.717369835796465,6.712061216760684,7.149770993794467,6.887578382655334,2.163353959776893,4.507985761434176,2.15330208027569,0.0736842105263157,5.488974172032508,5.2800328634083975,0.1421052631578947,6.702110286312146,3.284680111858388,0.0666666666666666,1.260946385072565,1.3698583407781606,0.0912280701754385,0.0526315789473684,0.231578947368421,1.5079877779427862,1.3714630199943827,2.1826193186240994,2.4070067975291063,2.553413912451272,2.1817663922927863,1.3449277558597552,0.2105263157894736,0.28896716075948237,4.0,0.7490231709363845,0.2078947368421053,0.3333333333333333,0.5,0.3333333333333333,0.6666666666666666,0.0615384615384615,0.2944664031620553,0.12968515742128933
S1,1,W04_C3,EVAE,11.563073010667871,7.052607431163461,7.499067878852495,2.8336574828043872,3.455027293695704,3.2196526204117326,3.1273141657738703,0.0717703349282296,4.868689797833052,7.39216713398862,0.175438596491228,2.6461752171371264,1.575379755321682,0.06168831168831165,1.255777956362162,1.2859237863273827,0.0912280701754385,0.0526315789473684,0.24506578947368415,1.0395830493441163,0.6229067875409156,2.742540677824799,2.373040604770179,2.7075239547805836,1.510418161420337,1.853132751123325,0.2105263157894736,0.26755064869993017,1.0,1.0079858161506172,0.1921052631578946,0.3333333333333333,0.6666666666666666,0.3333333333333333,0.6666666666666666,0.08195187165775394,0.2647058823529411,0.09159420289855069
S1,1,W04_C3,KDE,12.682497308620135,6.201014151333549,7.272060223786957,7.758677146390226,1.8153375993280805,4.423405390158232,2.041329452088149,0.1403508771929824,3.912726382881631,6.362343856039471,0.175438596491228,7.44604229512571,2.780345506136028,0.0421052631578947,1.5892203254770227,1.2883534536004095,0.0912280701754385,0.0526315789473684,0.29122807017543856,1.5814509999343347,1.261007171050185,4.038038539850325,2.863102446395508,2.930249514226106,1.9961698769476903,3.7954717018606963,0.2105263157894736,0.29374013681652744,4.0,0.9561259524049766,0.2078947368421053,0.4444444444444444,0.6666666666666666,0.3333333333333333,0.6666666666666666,0.0339262187088274,0.5793939393939394,0.1359280037400654
S1,1,W04_C5,ADFNE,12.064529485980223,6.612297038798268,n.d.,5.422217029557796,n.d.,3.412689215548112,3.2760086052706523,0.0428571428571428,n.d.,n.d.,0.2619047619047618,3.706785002479492,4.1024937617810515,0.2285714285714285,n.d.,n.d.,0.0714285714285714,0.0047619047619047,0.31428571428571417,2.0667502354670892,1.2127362736746399,4.374619716162477,4.292332066690597,n.d.,2.376993678271022,n.d.,0.0714285714285714,0.17802465417901794,4.0,1.0656365689137277,0.4517857142857143,0.2,4.0,0.5,1.0,0.0803571428571428,0.8323076923076923,0.1684321238073773
S1,1,W04_C5,EVAE,11.95063786365353,6.639782461311057,n.d.,4.602238933035936,n.d.,4.5164923863071005,2.9047037233275512,0.1083333333333333,n.d.,n.d.,0.2738095238095237,2.945308278865352,3.389842009912377,0.2857142857142857,n.d.,n.d.,0.0714285714285714,0.0714285714285714,0.3957875457875457,1.672398704421954,0.46257346029464186,5.311749922041729,3.323712558439852,n.d.,1.8526284077734565,n.d.,0.0714285714285714,0.1913057290030788,1.0,0.9258314569062076,0.08688186813186816,0.30000000000000004,3.5,0.6666666666666666,1.0,0.0351190476190476,0.3,0.07499999999999996
S1,1,W04_C5,KDE,11.382908203102243,6.87467214919003,n.d.,5.483177362958819,n.d.,4.760738618110715,3.8293941156631117,0.0428571428571428,n.d.,n.d.,0.2619047619047618,4.13191284306895,1.944122936677683,0.2285714285714285,n.d.,n.d.,0.0619047619047619,0.0714285714285714,0.3238095238095237,1.8764278985690748,0.645553480113425,5.6409941629833895,3.4561088012656747,n.d.,1.6819184678686194,n.d.,0.0714285714285714,0.18717984434202056,5.0,1.331828988031826,0.5851190476190476,0.2,4.0,0.5,1.0,0.05999999999999995,1.1,0.20540796963946867
S1,1,W04_C7,ADFNE,17.07460312454028,9.510653989710802,5.6999584013977085,8.469575045697555,n.d.,8.363441032338692,4.9686130596751426,0.08095238095238094,2.840382979362642,2.625931651861584,0.0476190476190476,8.195047288559564,3.585950452581966,0.26190476190476186,n.d.,n.d.,0.0666666666666666,0.0666666666666666,0.2952380952380952,2.403797188605516,1.0293028306521212,5.37834482105656,2.8335618113743997,11.155372577470091,1.7192079918660927,n.d.,1.1428571428571428,0.5492382163072071,n.d.,2.616428522725496,0.36666666666666664,1.75,1.25,0.3333333333333333,n.d.,0.13929146537842185,1.5119047619047619,0.3015151515151515
S1,1,W04_C7,EVAE,15.876134539844792,9.788582435160965,5.751724285094123,11.6619511151257,n.d.,8.55329061318407,5.779655871747727,0.0714285714285714,3.452819813023149,2.5851549486509926,0.1114718614718614,11.683196313423153,3.4810886652260122,0.12946428571428564,n.d.,n.d.,0.02777777777777775,0.11858974358974356,0.2738095238095237,2.016710651695337,0.3668028039094984,5.604086471313929,1.679395912101346,11.411381417302628,2.720580705047435,n.d.,1.0,0.5130214690040499,n.d.,1.107623933767107,0.09326923076923069,0.5,0.5,0.3333333333333333,n.d.,0.060661764705882346,0.5352941176470588,0.1237373737373737
S1,1,W04_C7,KDE,15.786735955457745,8.736452892222474,5.670953388803381,8.014954353638917,n.d.,7.643270662126588,5.735351297159809,0.0476190476190476,2.9015455770272416,2.225044114449818,0.0666666666666666,8.013275033806487,2.209285220694485,0.2285714285714285,n.d.,n.d.,0.0666666666666666,0.0666666666666666,0.2476190476190475,2.5997304032122424,0.8493737191989534,5.611794698783005,2.0434404479661517,10.56847842378941,2.5548686987531983,n.d.,1.1428571428571428,0.6674230147586505,n.d.,2.7173142618603863,0.5666666666666667,1.5,1.5,0.3333333333333333,n.d.,0.15099715099715094,1.6333333333333333,0.3279569892473118
S1,2,W01_C2,ADFNE,16.465609016453882,n.d.,4.9278111640604365,5.601928689328686,8.733094445766303,n.d.,n.d.,0.3333333333333333,3.6492024033303454,1.713174775923643,0.1333333333333333,3.4251121430557427,2.5355009565914517,0.0666666666666666,8.529383577410881,2.8891025037602764,0.1666666666666666,0.0333333333333333,0.38333333333333325,1.9548480001275952,0.5425259627424248,5.67823203642323,n.d.,1.498239754361768,2.0992570910796227,7.266324809945742,0.5,0.21226450683285705,n.d.,1.7429260748974986,0.1541666666666666,n.d.,0.25,0.5,0.3333333333333333,0.0416666666666666,0.7676767676767677,0.1623563218390804
S1,2,W01_C2,EVAE,15.6213082164294,n.d.,6.162128586456191,4.8311863332844025,6.276656227793404,n.d.,n.d.,0.2857142857142857,4.46704218830101,3.0365814390700185,0.1692307692307692,4.160799783040171,1.9416784969642824,0.09022556390977435,6.169010635065605,2.415063162107164,0.16752136752136745,0.047511312217194554,0.36992481203007516,1.5372492086508815,0.6890496832170747,4.500027602770489,n.d.,1.7861340622221022,2.602642862645965,7.779545558440269,0.35,0.23546811892970135,n.d.,0.8272293956829901,0.0822649572649572,n.d.,0.5,0.5,0.6666666666666666,0.0693473193473193,0.5720375106564365,0.1481481481481481
S1,2,W01_C2,KDE,15.779644095091477,n.d.,4.827825079821338,5.5099933932556695,9.694550607249877,n.d.,n.d.,0.3333333333333333,3.609520844271843,1.8016862834458167,0.1333333333333333,4.660820256997839,1.6892279257918614,0.0666666666666666,9.100363402738683,3.191863594111866,0.19999999999999996,0.0333333333333333,0.39999999999999997,2.0631949143135193,0.7076850750157813,5.393122268111287,n.d.,1.8403311082497464,2.3717612971423123,7.421756917645628,0.5,0.3279695919220013,n.d.,1.7381259127389659,0.2875000000000001,n.d.,0.25,0.5,0.5,0.042499999999999954,1.0546265328874025,0.21922348484848475
S1,2,W03_C2,ADFNE,8.670743456463754,5.76675076173408,5.461991873933628,4.066957811729735,n.d.,2.7453462787649965,3.1880986657916006,0.0111111111111111,4.3463591268965125,2.4897398217042674,0.1777777777777777,2.65645836516694,1.810310848746628,0.06666666666666665,n.d.,n.d.,0.0777777777777777,0.0,0.22777777777777775,1.4252039330667836,0.5555288021003615,2.263110941338299,1.8489973159393007,3.118193879152217,2.1261093884226865,n.d.,0.1666666666666666,0.3228701963516939,1.0,0.9608686185220929,0.2319444444444445,0.1428571428571428,0.5,0.5,1.0,0.0833333333333333,0.8879164313946923,0.1858974358974359
S1,2,W03_C2,EVAE,11.93033961683436,6.234656097201111,5.749482503593447,4.027737466138861,n.d.,4.003106194880355,3.8737373389585645,0.09218559218559215,3.175483275086462,3.53105813279047,0.17658730158730154,2.063268358861789,3.048501291993558,0.1111111111111111,n.d.,n.d.,0.0416666666666666,0.0263157894736842,0.2541771094402673,1.1118802191089885,1.2018104852445655,0.8229023064305829,2.992792289180822,3.104516512146836,1.5174860463849136,n.d.,0.2222222222222222,0.2388666249027421,0.75,0.8847457037989501,0.14770299145299132,0.2857142857142857,0.5,0.5,0.5,0.1333333333333333,0.5423465423465423,0.1441622103386809
S1,2,W03_C2,KDE,9.5824411859173,6.3410706343100784,5.726275379528198,5.47756908636952,n.d.,4.424165553364249,3.3081661480504367,0.0333333333333333,2.973335713401977,3.6633140500925863,0.2444444444444444,4.001247369125736,3.148429716575067,0.0888888888888889,n.d.,n.d.,0.0777777777777777,0.0,0.2444444444444444,1.4961144547586316,0.5978078833199707,2.4745855041698066,1.4936301654405917,3.630709741875317,2.081428483918984,n.d.,0.1666666666666666,0.2880106893720732,2.0,0.9584003957382206,0.16527777777777786,0.21428571428571425,0.625,0.5,1.0,0.13657407407407407,1.0786713286713285,0.2072916666666666
S1,2,W03_C4,ADFNE,11.663400587295136,10.571649271238432,5.379337872501786,6.642862404560718,7.420474820017408,10.189438057172207,6.041419982094593,0.0875,3.983677801399393,1.4145600023101288,0.13749999999999996,5.708935568361158,3.566628483382836,0.075,4.724517722110575,3.5034492008921205,0.0583333333333333,0.0,0.1833333333333333,1.6550949909002264,1.4367520739143838,1.1167322485512114,3.5231597126132432,1.7171728915009048,1.58034958031224,3.3747870783129867,0.0625,0.1870930685001988,n.d.,0.6352678665631051,0.2875,0.2,0.3571428571428571,0.5,0.5,0.0583333333333333,0.9333333333333332,0.18375
S1,2,W03_C4,EVAE,15.24844906203383,10.850985667150422,7.60331635081865,6.417959580134193,5.907699804230552,10.81427827950914,5.1072667140271975,0.1160714285714285,7.335417578230995,1.6046597150839275,0.19711538461538458,5.983587796928566,2.562296352303056,0.125,2.429593400017715,3.9180446910685087,0.0535714285714285,0.0,0.2767857142857143,1.1886559576195115,0.33015682632266063,0.6665868025967747,2.986539161546666,1.4028420537571935,2.4542414806553436,2.5545165679359956,0.1875,0.1359645748644969,n.d.,1.2894321595482994,0.1009615384615384,0.2,0.5714285714285714,0.75,0.5,0.0472222222222222,0.5467787114845938,0.1396103896103896
S1,2,W03_C4,KDE,11.20654211389778,9.2286963986316,5.393564484593755,5.022253819309739,6.220902131351356,8.301423684678358,5.7280909941472355,0.0333333333333333,4.731796850451431,1.5969636084818104,0.1708333333333333,3.315258648217913,1.6944188512380713,0.075,2.700474442026685,2.4042922540823315,0.06666666666666665,0.0,0.1708333333333333,1.3159383183129778,0.7449504894066985,1.5779725192695482,2.766152356443786,1.6800097016415876,1.812329563338427,2.860180710940443,0.0625,0.137581965158448,n.d.,0.6005775378665186,0.2458333333333333,0.1,0.4285714285714285,0.5,0.5,0.06410256410256404,1.0606060606060606,0.21651785714285715
S1,2,W05_C2,ADFNE,17.416991522333568,7.266395203119979,8.062976405103068,6.067475827923421,n.d.,6.4496776472806,1.9116130523793866,0.1999999999999999,6.884957896649533,4.106290083526266,0.09999999999999995,5.317580837553255,3.3743472238076038,0.0333333333333333,n.d.,n.d.,0.1333333333333333,0.05,0.2833333333333333,1.3202084759862973,0.8020052475410006,1.5273697348878317,1.9542214420598083,5.102836520402434,4.605540931919822,n.d.,0.25,0.24895432455171673,1.75,0.7175605035529324,0.2541666666666666,0.5,0.2,0.5,n.d.,0.1225,1.1478260869565218,0.21437229437229435
S1,2,W05_C2,EVAE,11.474367678625136,4.7299680343793185,6.72653904473315,5.061032216455258,n.d.,2.5299751482530946,2.229307648009408,0.14700854700854696,5.663330354089439,3.920195336137936,0.0499999999999999,3.253313866517802,1.9088540218187378,0.04201680672268905,n.d.,n.d.,0.16228070175438591,0.04166666666666665,0.269047619047619,1.1149960552536697,0.3319668684639626,0.5745568910085408,2.1011515405941457,5.869180207063284,5.15779720809318,n.d.,0.3,0.29017597593199085,0.75,1.0451169580657016,0.2666666666666666,0.4166666666666667,0.4,0.5,n.d.,0.1225,0.8161524076671343,0.1768067226890756
S1,2,W05_C2,KDE,15.726528900703993,4.678198459595952,6.070640443556396,5.238464615360352,n.d.,3.6236141746865016,1.9905338290897627,0.1999999999999999,3.479881285933367,3.1587950613468383,0.0833333333333333,3.0823872803912256,2.840341130772856,0.1,n.d.,n.d.,0.1333333333333333,0.05,0.3083333333333333,1.6216478843104138,0.9875759589446982,2.345343716267468,1.632665926460807,6.111262048381065,4.380976387204771,n.d.,0.25,0.3573741945328392,1.5,0.8166593064081848,0.1458333333333333,0.5,0.2,0.5,n.d.,0.1225,0.806935817805383,0.1662121212121212
S1,2,W05_C4,ADFNE,13.758178631095465,5.509324592350453,5.773431325607607,n.d.,n.d.,3.5800422548840745,1.9128611627733552,0.22156862745098035,3.7405469290153754,3.1714329633395213,0.0392156862745097,n.d.,n.d.,0.10784313725490194,n.d.,n.d.,0.0745098039215686,0.0,0.2549019607843137,2.4904180330676144,1.6776683101565983,3.7650187126331724,3.6430883620448355,2.286343162397941,n.d.,n.d.,0.1176470588235294,0.37345818834153066,1.0,0.7968574388195813,0.1495098039215686,0.45,0.2,1.5,1.0,0.06869565217391295,0.37565217391304345,0.0909090909090909
S1,2,W05_C4,EVAE,11.466138753202554,5.746236143704995,4.915641714879746,n.d.,n.d.,2.996038841193,1.9589601912247885,0.19379084967320254,3.3964626594307763,2.635934867044053,0.0633484162895927,n.d.,n.d.,0.1078431372549019,n.d.,n.d.,0.07927170868347336,0.0263157894736842,0.2156862745098039,1.523294145440434,0.39185077300318116,1.1738580190650305,2.4986627110129422,1.9662853888220941,n.d.,n.d.,0.20588235294117646,0.2507495103937367,0.5,1.2730114521472249,0.28909313725490193,0.4,0.4,2.0,1.0,0.06980676328502411,0.4928571428571429,0.107031857031857
S1,2,W05_C4,KDE,13.62086997903063,4.818620060464529,4.1646466829526965,n.d.,n.d.,2.8735891850921687,1.5122535904913024,0.2549019607843137,2.4374630585217587,1.9748472236161732,0.0392156862745097,n.d.,n.d.,0.0745098039215686,n.d.,n.d.,0.10784313725490194,0.0,0.2823529411764706,2.1150162695090375,0.8360535859363569,3.570355076279549,3.3784633615187003,1.7360291793108957,n.d.,n.d.,0.1176470588235294,0.2585233558976197,1.75,0.7258373664380662,0.2504901960784313,0.5,0.2,1.0,1.5,0.04999999999999995,0.5057142857142857,0.1071022727272727
S1,2,W05_C6,ADFNE,14.885498626107697,6.691667703202031,4.07093347551179,7.810076555573598,8.66266350317931,4.232952411903279,1.7023243254200464,0.1666666666666666,2.989550469599758,1.7686585443258158,0.2333333333333333,3.870688741061594,6.797491535730602,0.0888888888888889,6.6141716152648815,2.688508741503945,0.0888888888888888,0.0,0.3222222222222222,1.5602442129517928,0.969978085126193,1.372281643763698,2.8255928608112586,3.7357968787162616,2.6114312921472598,2.848205479648378,0.1666666666666666,0.2731280679350883,1.0,0.6169981801378703,0.3208333333333334,0.6666666666666666,0.5555555555555556,0.5,0.5,0.031590909090909,0.40415584415584416,0.09528985507246375
S1,2,W05_C6,EVAE,17.00479303145056,7.71322513770562,5.989436156149687,8.820203317304268,6.777420312833898,6.3799586608584855,2.7640391880047175,0.119047619047619,3.67752014338708,3.5127043225676573,0.27521008403361347,4.609183610303795,7.5685991736603535,0.1746031746031746,3.9964199751423344,5.175201376613074,0.1388888888888889,0.0357142857142857,0.376984126984127,1.0815762838531007,0.5750929428845009,1.224957282944787,4.162994713238357,3.642320507868097,2.4834251193653016,2.019199510678062,0.2222222222222222,0.2778541447364889,1.0,1.239637585254509,0.1547619047619047,0.3333333333333333,0.6666666666666666,1.0,0.625,0.049169960474308244,0.4282828282828282,0.0833333333333333
S1,2,W05_C6,KDE,14.709241751191598,6.949770300028696,4.46464767401852,8.053334808145573,6.887168610290335,3.261388670614884,2.5848967570597248,0.1666666666666666,3.04161945148906,2.2810041612338683,0.2333333333333333,2.254667072097793,7.023963564071336,0.06666666666666665,5.648515902936877,3.233784734794898,0.0888888888888888,0.0333333333333333,0.3222222222222222,1.414308658206981,0.7428632207165847,1.750969618908313,2.348445698879736,3.491422690981552,1.6674550110070383,1.5731488561942641,0.1666666666666666,0.2878664513938945,1.25,0.5758658039913516,0.3208333333333334,0.6666666666666666,0.5555555555555556,0.5,0.5,0.054843304843304796,0.606060606060606,0.11911962365591394
S1,3,W01_C3,ADFNE,11.509893379113635,11.983823849351326,7.465148932110861,5.650705184450927,n.d.,11.742257114578338,5.70895884036432,0.0333333333333333,6.955243789331849,2.6432925106213863,0.0833333333333333,3.3007675919989614,3.988272163363611,0.1166666666666666,n.d.,n.d.,0.1333333333333333,0.125,0.2166666666666666,3.218368440581175,1.9901688440554017,6.2434960500717835,2.9711661999504324,11.84034050630368,2.594870869813501,n.d.,0.875,0.2681058618002832,2.0,3.004547322183551,0.3625,0.8333333333333333,1.5,0.5,n.d.,0.125,0.5192307692307693,0.12546296296296294
S1,3,W01_C3,EVAE,14.839897876021649,10.464365478372512,8.213672976919142,4.295247976417523,n.d.,10.456860205025167,6.111626435787305,0.15247252747252743,6.988319540586034,1.6639684876475278,0.12171052631578945,2.3856055173538127,2.625449577907512,0.11038961038961034,n.d.,n.d.,0.1428571428571428,0.125,0.30048076923076916,2.8856579568020035,1.4001591250501848,6.797011880885962,3.661355892377869,12.236307785818397,1.4986431336079096,n.d.,0.625,0.13625218035596248,1.0,1.360718656433675,0.1191620879120879,0.3333333333333333,1.25,0.5,n.d.,0.08893280632411066,0.2121212121212121,0.11388888888888885
S1,3,W01_C3,KDE,11.62516090616209,14.049370652650635,7.819521953523598,4.990385280196458,n.d.,14.046200220269114,5.37708242153199,0.0416666666666666,7.246003774502855,1.8612169670137662,0.0833333333333333,3.2429581855975855,2.678436733048687,0.0833333333333333,n.d.,n.d.,0.09999999999999995,0.09166666666666665,0.2249999999999999,3.6352711444350714,1.29431091977884,7.276561602718845,3.0087762661839927,11.797646117222104,1.7009153932139145,n.d.,0.875,0.1529924687775875,2.0,3.214459915880107,0.5625,0.6666666666666666,1.5,0.5,n.d.,0.11769230769230765,0.584045584045584,0.1353767560664112
S1,3,W03_C3,ADFNE,9.389762382184987,6.4512588227487555,4.001893444824234,5.669162682992306,8.265492523892519,5.345086976865039,3.161952477930952,0.0666666666666667,2.775323376220992,2.4954947797779496,0.1333333333333333,4.081628190952555,2.7485923020874714,0.06666666666666665,5.714584385603487,5.923129400927522,0.0444444444444444,0.0333333333333333,0.17777777777777776,1.7202525863140243,1.2903967696643013,2.11301244193403,2.4302232554316694,2.288319741761516,3.0452446825166235,2.648094580737974,0.1666666666666666,0.3612222819547618,1.25,0.7288534495262842,0.3430555555555555,0.1666666666666666,0.375,0.5,0.5,0.0492424242424242,0.6883794466403161,0.13521080368906452
S1,3,W03_C3,EVAE,13.490680044205071,9.28457125847084,6.362466804991219,5.470390412810091,7.201564066451725,7.987788375773445,2.9945415433393903,0.08928571428571425,4.430519671804872,2.0842242517781067,0.14774114774114772,4.449842147952467,1.3951264494132516,0.07979797979797981,4.446194216853733,3.8258138763616154,0.041208791208791146,0.0,0.23730158730158724,1.0077249684793772,0.38327217216009846,1.491943054260596,2.205960564118013,2.4858537494110307,2.3044752433835587,2.8838779356036834,0.2222222222222222,0.2842916776862183,0.5,1.4140251312366967,0.20624999999999996,0.3333333333333333,0.5,0.5,0.5,0.04166666666666665,0.3781818181818182,0.0833333333333333
S1,3,W03_C3,KDE,9.935085771485362,5.8711013778325984,5.9774896038761645,5.180493501239562,7.248037877220507,4.515788337748939,2.577420899342311,0.0666666666666667,5.026929247583357,2.152076884235389,0.1444444444444444,3.7222450096918474,1.906992692986498,0.0888888888888889,5.655071232928869,1.7537770270299573,0.0444444444444444,0.0,0.17777777777777776,1.2014792533875576,1.128236653720308,2.4989414027614827,2.327726608428297,2.0872956766760584,2.727853025391964,3.449013315029311,0.1666666666666666,0.2882495562877913,2.0,0.6016943051775718,0.27638888888888885,0.0,0.4375,0.5,0.5,0.05291005291005285,0.9336959336959336,0.1666666666666667
S1,3,W03_C5,ADFNE,10.424897222293028,10.25182789087468,7.800102137905746,5.800236986310118,7.606768824326302,10.233409959925197,1.830426017647805,0.0285714285714285,3.1805347273270996,8.2718329838981,0.09999999999999995,4.401415872345732,4.18489946206298,0.0809523809523809,4.990234314337493,4.967872994985677,0.0666666666666666,0.0,0.1761904761904761,1.6994023428302483,1.802622878953613,1.9427871635722882,2.838562394532902,2.824899930704577,2.2192099627285646,2.7900680985099298,0.0714285714285714,0.1093245096225221,n.d.,0.8828307706072663,0.2666666666666666,0.0,0.5,0.3333333333333333,0.5,0.12,1.2727272727272727,0.26296296296296295
S1,3,W03_C5,EVAE,11.925430348571592,12.458607709989453,8.809078072909713,5.801894358607313,8.60666384088054,12.531987804790614,3.121466784197226,0.16720779220779214,4.8728832391025385,8.721427892843096,0.0824175824175824,4.544306629844857,3.822395701010016,0.119047619047619,6.268728897026773,7.246000355557593,0.06547619047619045,0.0,0.22619047619047616,0.9900388158046654,0.6368842124100726,0.6994010366231329,3.0637966926921045,1.8888185972960323,1.5363988220460567,2.616742033014007,0.0714285714285714,0.0823054567452283,n.d.,1.0970672170537914,0.2797619047619047,0.5,0.3333333333333333,0.3333333333333333,0.5,0.0526315789473684,0.6357894736842105,0.1428571428571428
S1,3,W03_C5,KDE,9.740180176705163,9.095864488322409,7.947939153946219,5.609019108627711,6.416439935374267,9.252556367267925,2.513431179554689,0.0952380952380952,3.7674096866857383,6.884886505551443,0.0666666666666666,3.665685114409615,2.2557965580565837,0.0523809523809523,4.128834036924922,1.9131849020707603,0.0571428571428571,0.0,0.119047619047619,1.118994798083215,1.410946529226104,0.7403034407739539,2.9183321653478007,1.9372100098289051,1.7036787561281237,1.8255711918450832,0.0714285714285714,0.1130719105644914,n.d.,0.9481997948270839,0.2994047619047619,0.1666666666666666,0.3333333333333333,0.3333333333333333,0.5,0.13068181818181815,1.4423076923076923,0.2834224598930481
S1,3,W05_C3,ADFNE,13.318362505806096,9.011041898812953,5.104505737107788,6.72289985609319,n.d.,8.92803536572082,2.6080101901905763,0.0784313725490196,2.867527730348871,3.1844832172185846,0.0470588235294117,6.588435207646426,1.6057199568997669,0.0156862745098039,n.d.,n.d.,0.1333333333333333,0.1176470588235294,0.196078431372549,1.8875166567812873,1.2828899902957134,1.6342084042920924,3.352974901514603,2.914270314731245,2.789982574320628,n.d.,0.1176470588235294,0.26458205690158726,1.0,0.6745924457373236,0.3524509803921568,0.2857142857142857,0.1666666666666666,0.0,n.d.,0.0833333333333333,0.5599999999999999,0.11379310344827584
S1,3,W05_C3,EVAE,13.905838630075994,6.455061653129493,5.823665086781994,7.32866206999706,n.d.,5.648326532417718,4.418780707124202,0.0833333333333333,3.3415476117157064,2.3988504354148663,0.10597761371755175,6.068999353939612,1.5348914038442287,0.053063725490196056,n.d.,n.d.,0.1538461538461538,0.1176470588235294,0.2542016806722689,1.1797946081618689,0.3843728068605884,1.504653850011216,2.2536905038577713,2.4679436005922843,1.9374144831384634,n.d.,0.1176470588235294,0.15077571618398627,0.3333333333333333,1.1418445084830253,0.21977124183006536,0.21428571428571425,0.3333333333333333,0.5,n.d.,0.0555555555555555,0.31481481481481477,0.08504398826979465
S1,3,W05_C3,KDE,13.225335451904469,8.424790877895518,5.2689061671690505,5.952154855772567,n.d.,7.9263021557633895,4.149671047800958,0.0784313725490196,3.3433519825107085,3.339450385298452,0.0862745098039216,3.6006579057046246,3.7901990795329152,0.1490196078431372,n.d.,n.d.,0.09999999999999995,0.1176470588235294,0.2313725490196078,1.6859138736496213,1.201985379581263,2.7040215173514603,2.9000250182047607,2.3550732621859787,1.7230895426765207,n.d.,0.1176470588235294,0.2953618355242895,0.6666666666666666,0.8419652040409482,0.3524509803921568,0.2857142857142857,0.3333333333333333,1.0,n.d.,0.07652173913043475,0.5201465201465201,0.0959051724137931
S1,3,W05_C5,ADFNE,8.37838615769368,5.229985669852312,5.454703405427895,6.25413697889915,7.754098869900384,3.9245429223593113,1.7149722544677841,0.0470588235294117,3.5958886785570816,2.7349580074160427,0.0980392156862745,3.48208920086226,4.892162127113761,0.06666666666666665,5.850625817070715,2.525543861916545,0.0764705882352941,0.0,0.1647058823529412,1.8419780060574173,1.3252682999130425,2.2838733112384517,4.307201282017138,2.7039984463700524,2.3934681664061035,3.045196393463683,0.1176470588235294,0.2984191998896597,4.0,0.7324992762132513,0.3333333333333333,0.1666666666666666,0.25,0.25,0.5,0.19372294372294366,0.4782608695652174,0.2168350168350168
S1,3,W05_C5,EVAE,11.1424124752351,6.235724051553812,5.424621397746489,5.31963505254576,6.984037119904326,3.50905337362264,4.000305758184953,0.09157754010695185,3.728898731249975,3.1927064168675545,0.0656108597285067,2.574680932235185,4.008911757242939,0.11974789915966386,2.5924414154828934,6.185383155474554,0.04047619047619045,0.06349206349206345,0.20891690009337066,1.3321135074276682,0.4725280309960827,1.0382554157821067,3.429915379036025,2.923254485847786,2.215167811996513,2.7130595342346386,0.1764705882352941,0.24148133956828574,1.0,1.261595032445965,0.589588720103426,0.3333333333333333,0.25,0.25,0.3333333333333333,0.2444005270092226,0.6265664160401002,0.24080086580086574
S1,3,W05_C5,KDE,8.08931963226522,5.099356516440612,5.57072022824479,5.858384214676823,6.026418407974079,4.03118862580386,1.4454054478808471,0.0470588235294117,4.744557599585607,1.636659185224313,0.0980392156862745,4.13087592151426,2.88145771971978,0.0980392156862745,2.697055806799163,5.80476481772671,0.0431372549019608,0.0,0.1450980392156862,1.729791412671456,0.7583048370234116,2.441263466384606,3.5386526289339866,2.9101665742805647,2.071539864443725,3.198683593538329,0.1176470588235294,0.25264349990791324,4.0,0.8147567301702012,0.3333333333333333,0.1666666666666666,0.25,0.25,0.3333333333333333,0.1904761904761904,0.34824434824434825,0.2016659810777458
S1,3,W05_C7,ADFNE,17.184561532725752,10.202420205232425,5.4267346961675464,6.404727171832748,n.d.,9.534959587016576,3.0689705332583763,0.14444444444444446,3.5881608287265276,2.5895092279857996,0.0777777777777777,4.963239504777035,2.1511076124926705,0.1333333333333333,n.d.,n.d.,0.0555555555555555,0.0333333333333333,0.2555555555555556,1.3976895428474845,1.0743601599291157,1.1272917157564795,4.260878880700925,1.99853541465827,2.2970473843014734,n.d.,0.1666666666666666,0.19089440150124776,1.5,0.6669482971814191,0.4541666666666667,0.5,0.2857142857142857,0.5,1.0,0.05652173913043475,0.5176190476190476,0.10981767180925664
S1,3,W05_C7,EVAE,13.090051043465804,11.20292801931628,5.289279329126506,5.020626950848027,n.d.,10.377664311697504,4.105673861838945,0.06593406593406585,3.2670517047555085,2.771071343545983,0.09603174603174605,2.133514253530534,2.548175829090619,0.12727272727272726,n.d.,n.d.,0.0825396825396825,0.0,0.2222222222222222,1.1651082833193587,0.5123794379700994,0.7372602926120392,3.883904388149644,1.8457324381120306,1.5488430270880862,n.d.,0.3055555555555556,0.2701741246045919,0.5,1.5746212656824488,0.1279761904761904,0.25,0.3571428571428571,0.5,1.0,0.0902255639097744,0.3809523809523809,0.09925558312655086
S1,3,W05_C7,KDE,16.12412242276107,8.909811954164413,6.540890442677196,6.224785602383793,n.d.,8.767339986487228,2.58238050718421,0.1111111111111111,3.939297602067185,2.1728135016367283,0.0777777777777777,5.920133138726462,2.260304054870549,0.1333333333333333,n.d.,n.d.,0.0555555555555555,0.0,0.24999999999999994,1.5803146447186571,0.8435205339475191,1.7987698239024774,4.70413383809088,2.047369754852095,1.6889002062480785,n.d.,0.1666666666666666,0.23194556174263625,1.75,0.6335603289783225,0.3208333333333334,0.25,0.2857142857142857,0.5,1.0,0.0461538461538461,0.6062397372742201,0.10842015628130636
S2,0,W00_C1,ADFNE,9.991910738366354,9.956956791229974,4.326594507951395,6.936095555664913,4.800713496915378,9.91610508114184,2.4848640740625676,0.0174825174825175,2.9804209839254163,1.9170610715328986,0.0979020979020979,2.2331989319788805,5.458864010142845,0.1048951048951049,4.800713496915375,2.771747853139809,0.0769230769230769,0.0384615384615384,0.2132867132867132,1.5130230537606602,1.1563809260711266,1.739594432107473,2.1923058342396846,1.698072004021351,2.1930790198013006,3.175363418197933,0.5769230769230769,0.4735469832658287,0.5,0.8089192782447846,0.5157342657342658,0.5555555555555556,0.6666666666666666,0.5,0.75,0.0652173913043478,0.676328502415459,0.1639254385964912
S2,0,W00_C1,EVAE,14.148852520600713,11.231759476694911,5.482978940864088,5.1018351514575935,5.015263948696419,9.349549270076928,5.13718909346083,0.10576923076923075,3.768931182235768,3.1968473825130377,0.20752776635129574,3.880606711348546,2.201125003417177,0.18444055944055934,3.197120776716914,1.6786942967168024,0.0769230769230769,0.0384615384615384,0.30594405594405594,1.8733550360490114,1.7065102311837232,1.4145969276644852,3.2933147738217787,2.230431209716801,1.5359387246644884,3.257346894748306,0.5961538461538461,0.4494855820178838,0.5,2.0786868186202043,0.2051282051282051,0.6666666666666666,0.7916666666666667,0.5,0.5,0.0652173913043478,0.5652173913043479,0.12141531713900135
S2,0,W00_C1,KDE,9.295191502706167,9.618786085495977,5.192700327655335,6.622155897605048,3.777078393694712,9.218736510865273,3.6639728085708034,0.0174825174825175,3.660084553788884,2.884202807645437,0.0979020979020979,2.885141422378835,2.742144908633073,0.1048951048951049,3.777078393694712,1.2906856518476988,0.0769230769230769,0.0384615384615384,0.1363636363636363,1.6668389934667114,1.4367332933630843,1.1885300816671935,2.6394943541653006,1.5783460854884492,1.252549811573433,3.395878056141186,0.5769230769230769,0.4229334547977569,1.0,0.7196624598138337,0.6975524475524475,0.5555555555555556,0.6666666666666666,0.5,0.5,0.06666666666666665,0.8985507246376812,0.1786361283643892
S2,0,W00_C2,ADFNE,13.688629909349654,13.716870028767207,7.616544479566724,n.d.,9.330121276714834,11.324420564509124,6.811507112987382,0.1136363636363636,7.746565676655076,2.5097992557048814,0.1863636363636364,n.d.,n.d.,0.05,9.330121276714848,0.3099920439319884,0.0818181818181818,0.05,0.2454545454545455,1.3394439699324996,0.6973376398830422,2.6726743603306646,1.9039783993685933,1.6579049408598023,n.d.,2.103424257232005,0.45,0.3984902989298725,0.3333333333333333,0.605263374368886,0.5590909090909092,0.2,0.6363636363636364,1.0,0.5,0.06045751633986925,0.4747162022703818,0.1094594594594594
S2,0,W00_C2,EVAE,17.824015031277597,11.333768629528953,9.915067871118692,n.d.,5.185562816224795,11.302324680907942,4.406587175689005,0.13194444444444445,9.487481893500082,3.7411902789245897,0.34285714285714286,n.d.,n.d.,0.253030303030303,2.5585352333918907,5.206079327140749,0.0818181818181818,0.05,0.40992063492063496,1.4263889494158473,1.1960463887212645,2.9382146682286923,3.0406125912578297,2.5062224589797144,n.d.,2.5240460257201756,0.45,0.3248674038218968,0.3333333333333333,1.5003893513083852,0.09999999999999995,0.4,0.8181818181818182,1.5,0.5,0.06323529411764704,0.3025210084033614,0.108108108108108
S2,0,W00_C2,KDE,14.04482639950854,13.47194741308701,7.235440785371161,n.d.,6.278018683081111,13.369405974130972,6.965462106580939,0.1136363636363636,4.587588803065884,2.431776314724836,0.2772727272727273,n.d.,n.d.,0.17727272727272725,4.073878232858005,5.508725321261122,0.0818181818181818,0.05,0.2863636363636364,1.371260893681793,1.2468842094461974,1.8411319143239473,1.652080486440385,1.747717920806051,n.d.,1.3570468674765297,0.45,0.3721602935057621,0.6666666666666666,0.59173851125195,0.37727272727272754,0.2,0.7272727272727273,1.5,0.5,0.06045751633986925,0.5098039215686274,0.13287772898756878
S2,0,W00_C3,ADFNE,16.077662767372438,10.599795147026402,7.303509719752088,9.867691736332006,n.d.,10.22996061594886,5.307614689241231,0.1818181818181818,3.428408435172288,4.148978900690921,0.0909090909090909,9.07547473293435,2.2408014729192822,0.0909090909090909,n.d.,n.d.,0.0,0.1818181818181818,0.2727272727272727,1.6938919507462968,1.0567483525901653,2.364470946474111,3.789642169721734,2.0821658860860746,2.247749167365476,n.d.,0.0,0.15008277343667759,2.0,1.0451853520604542,0.3636363636363636,1.0,0.3333333333333333,0.25,n.d.,0.07179487179487175,1.0666666666666669,0.20796783625730994
S2,0,W00_C3,EVAE,19.38704642982374,15.293866253721898,7.18855929761918,8.605254101474612,n.d.,15.220445115690792,9.245216529815202,0.1348484848484848,3.544715552538072,5.274622812399314,0.12307692307692304,8.282424858659756,2.606808215129261,0.1136363636363636,n.d.,n.d.,0.1,0.1818181818181818,0.3221153846153846,1.8956394222988653,1.1253150592723764,1.95555391300552,3.189839075080929,3.1281807230638368,2.363816360888425,n.d.,0.0909090909090909,0.15590170907900286,1.5,1.3317382504586568,0.14722222222222214,0.5,0.3333333333333333,0.25,n.d.,0.0769230769230769,0.8920634920634921,0.17979691876750697
S2,0,W00_C3,KDE,15.672601688158462,13.330044521388352,7.899425846790836,6.795771008892702,n.d.,12.578222081897463,5.718784524139162,0.1818181818181818,5.453231785097271,5.606511191230257,0.0909090909090909,6.158444601123829,1.5111186292931755,0.0909090909090909,n.d.,n.d.,0.0909090909090909,0.1818181818181818,0.2727272727272727,2.0916440163555032,0.8834395685849472,3.3702954847305335,4.337436296085566,1.88514637306654,2.23485236319434,n.d.,0.0,0.1053238868406549,3.0,1.1355346208638113,0.1818181818181818,1.0,0.3333333333333333,0.25,n.d.,0.13809523809523805,1.288888888888889,0.2503019323671497
S2,0,W00_C4,ADFNE,21.014265529807556,12.553656459390176,6.376325904992518,9.112023888513495,n.d.,12.45116147380536,2.801533338184604,0.0969696969696969,4.409772559552238,1.9964908947799405,0.2303030303030303,9.122317106129449,2.8736655432249414,0.23939393939393935,n.d.,n.d.,0.0,0.1333333333333333,0.3272727272727272,1.5983116983248502,1.0940556266155665,2.4838543419079704,3.9921737516946774,2.7451195368772936,2.1967675515993,n.d.,0.2666666666666666,0.3189636375717779,0.5,0.7763585494740837,0.35151515151515156,0.0,1.0,0.6428571428571428,n.d.,0.0783653846153846,0.5666666666666667,0.1271739130434782
S2,0,W00_C4,EVAE,22.52330388323382,15.859902236397843,6.034441361550185,8.909660670609028,n.d.,15.683107680020616,3.8771830743611537,0.0969696969696969,3.7292126150369223,2.2265955250284186,0.1393939393939393,8.909865307888598,1.8580861042683776,0.18744588744588742,n.d.,n.d.,0.0909090909090909,0.1333333333333333,0.3126984126984127,1.3984105318435098,1.9648873834910563,0.8660896601902257,2.7904258300815865,3.1618965428851595,1.822968040346781,n.d.,0.3333333333333333,0.2725252652502568,0.5,1.7963060396791866,0.11818181818181815,0.5,0.5,0.6428571428571428,n.d.,0.0664335664335664,0.49743589743589733,0.12499999999999994
S2,0,W00_C4,KDE,23.15944470254755,13.556704554025348,8.166223721855983,7.9441838991715965,n.d.,13.424166006278696,4.4465756044266636,0.0969696969696969,6.311037708225045,3.0034040158032376,0.1393939393939393,7.544190994963818,2.8245194823140363,0.23939393939393935,n.d.,n.d.,0.0909090909090909,0.1333333333333333,0.3272727272727272,1.524188104091185,0.3592333490014473,2.8647738203425837,4.107568644120981,2.18062545587185,1.719731830823251,n.d.,0.2666666666666666,0.3436132985874981,1.0,0.6817362675745862,0.2606060606060607,0.0,0.5,0.6428571428571428,n.d.,0.05472285067873295,0.4549019607843137,0.11547619047619045
S2,0,W00_C5,ADFNE,16.567446618551664,11.802329568485723,8.571080879192596,5.1410754363532805,6.2168677917467345,10.114639244066062,3.6881991128453064,0.0909090909090908,8.702767887455229,1.500892013590244,0.1818181818181818,3.8029963254909,1.6040473585667452,0.09090909090909086,6.216867791746722,4.300601821550477,0.13636363636363635,0.0,0.2727272727272727,1.7974523041845671,1.064712723089019,3.4079161433967022,2.389539614447088,2.4810825831123258,2.0608915593828154,2.7884004590762963,0.0,0.12672819110749795,2.0,0.7893664620974358,0.3636363636363637,0.2,1.0,0.5,0.75,0.05882352941176465,0.5789473684210527,0.11240601503759395
S2,0,W00_C5,EVAE,18.573431559500477,10.584089798473777,9.337635322186054,4.103120528752218,5.7987790034942766,10.130700026610224,3.362355692152006,0.14615384615384608,9.355893454891682,2.549702499930091,0.0818181818181818,3.1072883290558257,2.144467511228388,0.1181818181818181,4.206639383939779,3.6739858639363594,0.0818181818181818,0.0,0.2363636363636363,1.9393839979072944,1.3605946670633984,3.6882247647799273,4.405038463947179,1.5121231557295425,1.6888122667737941,3.3878441625820486,0.0909090909090909,0.2337032831864092,1.0,1.2010959466138518,0.13636363636363624,0.4,0.5,0.5,0.5,0.0526315789473684,0.4285714285714285,0.11228070175438595
S2,0,W00_C5,KDE,14.190253405891337,9.608581062283402,7.1298685067600545,7.00726981015334,5.766874017477118,9.162157827593198,2.297995947345562,0.0909090909090908,6.514588969948948,3.157922053795291,0.0909090909090909,3.228178086121297,6.885702653788926,0.0909090909090909,4.364965043270833,4.627998190491125,0.0909090909090909,0.0,0.22727272727272724,1.6683515669174869,0.7677627835925638,2.944312122448019,2.98130507665262,1.914463258484136,1.6587694893175098,2.396518360815367,0.0,0.28425575688446414,2.0,0.8444076297724386,0.36363636363636376,0.2,0.5,0.5,0.5,0.0650154798761609,0.912280701754386,0.1786377708978328
S2,0,W00_C6,ADFNE,12.255024821159545,9.597845819025142,8.032835071703353,5.774185974367067,n.d.,2.171453858816937,7.967035147473189,0.1136363636363636,5.275255862204196,5.100460996218147,0.09090909090909086,5.496247513040553,1.9333960595330018,0.0681818181818181,n.d.,n.d.,0.0833333333333333,0.1666666666666666,0.2348484848484848,1.6376621953095323,1.9619742506739435,2.14211960547076,2.6497055757019625,1.6535136108605055,2.502830825818447,n.d.,0.0833333333333333,0.221634196769431,2.0,0.7703880315268371,0.3257575757575759,0.3333333333333333,0.3333333333333333,0.3333333333333333,1.0,0.1271069831441348,0.35130718954248363,0.1720969089390142
S2,0,W00_C6,EVAE,13.736851212281003,8.045235156255266,5.992568511720697,4.22081809796862,n.d.,7.186881131667374,4.012502059910517,0.0833333333333333,1.83566287244425,4.181353368983945,0.0681818181818181,2.7875524329288788,1.4382850226108015,0.1136363636363636,n.d.,n.d.,0.0277777777777777,0.1666666666666666,0.23106060606060602,2.378283067220921,3.0267335257254677,2.3417785845122996,2.635737066868323,2.341040092327504,2.9155115921227948,n.d.,0.0833333333333333,0.2963931065664953,1.0,1.095743718764463,0.1805555555555556,0.3333333333333333,0.3333333333333333,0.3333333333333333,0.0,0.16111829347123463,0.37352941176470583,0.18849206349206343
S2,0,W00_C6,KDE,12.453468694033628,9.597034056731466,5.814269687818001,6.1928240235654135,n.d.,4.545125165205002,8.273802286880997,0.1136363636363636,2.243296691147756,3.773578631952581,0.0681818181818181,5.359074284092977,1.762954545322469,0.0681818181818181,n.d.,n.d.,0.0833333333333333,0.12121212121212116,0.2348484848484848,1.6651951419339932,1.9762683933282483,1.4361635756478202,2.674439501316884,2.6680831975183628,3.0553624005895363,n.d.,0.0833333333333333,0.2402984095281239,2.0,0.8035158065032678,0.2727272727272727,0.3333333333333333,0.3333333333333333,0.3333333333333333,1.0,0.12091503267973855,0.5413533834586466,0.1734126984126984
S2,0,W00_C7,ADFNE,11.10989956675921,9.3645848847761,5.542978480459455,6.671798333650549,3.978956182696219,6.917889150507143,5.020124318540444,0.196969696969697,5.186020196793909,2.6097996544316837,0.0606060606060606,6.438874471625836,3.3861014563729803,0.106060606060606,3.3548325694296963,2.428880861048092,0.1313131313131313,0.1111111111111111,0.303030303030303,1.4462342440879636,1.2262092252375403,2.614204127830603,2.3477401009022603,1.821954620163911,2.1124092327201542,2.0337773417620197,0.3888888888888889,0.31386679444880083,0.3333333333333333,0.8729705723450994,0.24494949494949475,0.3333333333333333,0.41666666666666663,0.3333333333333333,0.75,0.04772072168250235,0.5809523809523809,0.12291666666666665
S2,0,W00_C7,EVAE,12.69381806331666,11.705398099243917,5.752138296436506,5.895924171095474,6.331825199681581,4.154601438229339,10.40849960742274,0.2333333333333333,3.91948188623454,2.7682690218155277,0.1333333333333333,3.430060896807796,4.286409424632246,0.1333333333333333,4.403272242490717,3.7553689700988464,0.1222222222222222,0.1111111111111111,0.3333333333333333,1.773944958835687,1.0591759078955616,3.6572118524673503,4.424014954139615,1.9613071849309471,1.8829324428107364,2.3812472353162204,0.4444444444444444,0.25856164017994643,0.3333333333333333,2.407901551754817,0.5534188034188033,0.3333333333333333,0.6666666666666666,0.3333333333333333,0.75,0.08553981937602625,0.4649122807017544,0.10625
S2,0,W00_C7,KDE,11.599352930437785,9.041958636358288,5.5106133534968,6.127507108019348,3.8213697631445687,6.963983201777441,7.6219549500433885,0.196969696969697,4.757995830360795,2.471405586748066,0.13636363636363635,4.854905168481418,3.506134106036282,0.0454545454545454,3.040253021889293,3.250679110191009,0.1313131313131313,0.1111111111111111,0.303030303030303,1.121149302445707,0.7671179140363554,1.8499236263228136,2.2836641678577356,1.944919956315108,1.6204625007665674,2.3335272724880394,0.3888888888888889,0.30361809019530617,0.3333333333333333,0.9735007409829421,0.2727272727272727,0.3333333333333333,0.5,0.3333333333333333,0.75,0.0429802955665024,0.6092558983666061,0.11463815789473686
S2,0,W00_C8,ADFNE,22.6604559843201,n.d.,7.793551926656951,7.2748896842483255,4.482423763862102,n.d.,n.d.,0.3636363636363636,6.885622330918755,1.8602509351589385,0.1888111888111888,6.9932643548924425,2.426709621668885,0.1363636363636363,4.474129391197137,2.3723126313359657,0.1398601398601398,0.0769230769230769,0.4195804195804196,1.5233966966779793,1.0453803990880508,1.5175696552120672,n.d.,3.280877161502953,3.0939425282945883,1.5377434972039632,0.1538461538461538,0.291450887815417,n.d.,0.809466566738271,0.4324009324009325,n.d.,0.5,0.5,0.6666666666666666,0.06805555555555555,1.05,0.2272727272727272
S2,0,W00_C8,EVAE,18.678363850828383,n.d.,8.89341247650055,6.724648099439592,5.903024249683101,n.d.,n.d.,0.3333333333333333,8.236046523482814,2.5201714549217935,0.23888888888888885,5.843441172417544,1.5103977360109742,0.1025641025641025,5.102894539812684,0.7297403653697432,0.15338827838827834,0.0769230769230769,0.4423076923076923,1.331968623934619,0.6993968245628157,1.1674919744311683,n.d.,2.7682014287805816,3.784118865983325,4.070239425344309,0.2307692307692307,0.295140905874607,n.d.,0.981808838361694,0.10515873015873015,n.d.,0.6666666666666666,0.3333333333333333,0.6666666666666666,0.05,0.8882352941176471,0.18611111111111106
S2,0,W00_C8,KDE,21.898213724575353,n.d.,6.937877777868539,7.29012476989757,6.091996789721251,n.d.,n.d.,0.3636363636363636,6.811852455158746,2.1285221524673297,0.1888111888111888,4.669246388321339,3.8642265944704013,0.1328671328671328,6.050329976123194,1.163601832560349,0.1398601398601398,0.0769230769230769,0.40559440559440557,1.442913796577356,1.1560639838530675,2.3140424395373005,n.d.,3.3841968251546803,2.831740626624846,1.967278977994797,0.1538461538461538,0.26732794278128713,n.d.,0.9455174741825656,0.6142191142191142,n.d.,0.5,0.3333333333333333,0.6666666666666666,0.058187134502923954,1.211764705882353,0.22752525252525246
S2,1,W01_C1,ADFNE,23.221016289592445,n.d.,5.972361097745106,5.975407301977006,n.d.,n.d.,n.d.,0.284090909090909,3.8805780364945486,2.4132354379823733,0.0511363636363636,3.4891073135123305,3.1266971962038284,0.2670454545454545,n.d.,n.d.,0.0625,0.0909090909090909,0.3579545454545454,3.5119962495915624,4.168252062905056,2.9633467960426163,n.d.,2.0255179318492718,7.765066185307638,n.d.,0.4545454545454545,0.140987512232962,n.d.,1.6954524684530952,0.5056818181818181,5.0,0.5,0.4,n.d.,0.1225,1.3866666666666667,0.28516129032258064
S2,1,W01_C1,EVAE,21.64544167417221,n.d.,7.7908606679176895,5.275491240271737,n.d.,n.d.,n.d.,0.2424242424242424,5.204203585127343,3.751545489994262,0.0969696969696969,3.6194800089506076,3.655289500308931,0.2402597402597402,n.d.,n.d.,0.0666666666666666,0.02632575757575755,0.35006313131313127,2.5461866247595877,2.7028954810784427,1.4012744495538942,n.d.,2.9002100103513,7.102126837856514,n.d.,0.3636363636363636,0.07277298803183554,n.d.,0.7119531021455585,0.13888888888888884,4.0,0.25,0.4,n.d.,0.1317663817663817,1.4772727272727273,0.3015151515151515
S2,1,W01_C1,KDE,23.03559325796624,n.d.,5.506953099989004,6.534936850698367,n.d.,n.d.,n.d.,0.2215909090909091,2.8411858849031297,2.7374049977163537,0.0738636363636363,4.283466155769877,2.492577366364518,0.3295454545454545,n.d.,n.d.,0.0625,0.034090909090909,0.3522727272727273,3.2955500865196123,3.0978064317092064,3.249179243783268,n.d.,1.273325516796572,7.672010222440949,n.d.,0.4545454545454545,0.14219125615906206,n.d.,1.6518836220890374,0.5056818181818181,4.0,0.5,0.6,n.d.,0.1111111111111111,1.4363929146537842,0.2834224598930481
S2,1,W01_C2,ADFNE,13.72317605655286,n.d.,6.521869843143133,6.374691758658686,n.d.,n.d.,n.d.,0.34375,4.133679957247246,3.21985213233844,0.062499999999999944,4.098812277333309,2.10457617094397,0.0499999999999999,n.d.,n.d.,0.1,0.2375,0.375,2.0346290799662534,1.0640796432680166,4.767324993352572,n.d.,1.6491760715028914,3.0125697701562077,n.d.,0.6,0.2098823554055401,n.d.,1.8388567909349103,0.3625,n.d.,0.5,0.75,1.0,0.045584045584045496,1.028985507246377,0.20643580012650214
S2,1,W01_C2,EVAE,17.279145586853094,n.d.,6.03106461540201,5.138846614834737,n.d.,n.d.,n.d.,0.32291666666666663,4.745879833674258,2.392282980313776,0.15,3.472488635214841,2.0664612567745904,0.09910714285714275,n.d.,n.d.,0.0375,0.17083333333333328,0.4142857142857143,1.2952098368327882,0.5777640109087232,3.681981062748593,n.d.,3.2988243156545103,3.535646215117744,n.d.,0.5,0.3476839579954957,n.d.,0.760824557516814,0.1642857142857142,n.d.,0.25,1.0,0.0,0.038866930171277944,0.9710144927536233,0.1927339901477832
S2,1,W01_C2,KDE,14.83529099351794,n.d.,5.147877165617798,4.34816824515019,n.d.,n.d.,n.d.,0.34375,3.6974484793546116,2.4538121364047294,0.0875,2.570121788958443,3.048880717500479,0.0499999999999999,n.d.,n.d.,0.0375,0.26875,0.4,2.0837869258747412,0.49068985117981356,6.034719904032725,n.d.,2.2228206338368315,1.711095856568264,n.d.,0.6,0.2481007916683392,n.d.,2.0658155157995353,0.55,n.d.,0.25,0.5,1.0,0.0833333333333333,1.1142857142857143,0.2307347670250896
S2,1,W01_C3,ADFNE,11.753616714051674,10.036148953714335,7.324537115652744,4.788848067301795,n.d.,9.820379015204118,4.068257830324201,0.03125,6.563868994689866,1.2920479229208652,0.125,1.9127538534787487,2.6178081854523008,0.0625,n.d.,n.d.,0.0625,0.0625,0.1875,3.8127684668928055,2.2910581070218066,7.005693211577023,2.6237594825549593,12.480546397255397,1.8923293523523184,n.d.,1.0,0.15736263816019705,2.0,3.139575054162866,0.5,1.0,2.0,0.5,n.d.,0.13188405797101443,0.4399999999999999,0.12310606060606061
S2,1,W01_C3,EVAE,12.390459600711011,11.940215678184824,8.917921313138018,4.757916774683142,n.d.,11.095316165935603,3.989913171703255,0.07589285714285715,7.015171305458574,2.978144902115382,0.07291666666666666,2.4511772964877907,3.0724137504137508,0.0499999999999999,n.d.,n.d.,0.069047619047619,0.0583333333333333,0.1857142857142857,2.824635546821449,1.7349001324527538,6.612021250040083,3.3174403925708544,9.868156885676422,1.795568375628918,n.d.,0.875,0.27904481031709344,1.0,1.423374183970943,0.0892857142857143,0.6666666666666666,1.0,0.5,n.d.,0.10317460317460315,0.3623188405797101,0.11485507246376805
S2,1,W01_C3,KDE,11.145182528958227,10.09642570786357,7.609640930643371,5.822002430724767,n.d.,9.785607022542855,3.652777841841031,0.0,7.215420641109729,1.8310566113383615,0.0625,4.5424437569214025,3.6965441490568685,0.0625,n.d.,n.d.,0.09375,0.0625,0.125,3.380331660080313,1.440820930712528,7.509989143873921,2.9657961635938763,11.986060907928627,2.0080724002464967,n.d.,1.0,0.2947030389656914,2.5,3.2072646166571905,0.25,1.0,1.5,0.5,n.d.,0.16,0.5692307692307692,0.14260670731707314
S2,1,W01_C4,ADFNE,21.926098461128547,n.d.,7.041854305475083,n.d.,n.d.,n.d.,n.d.,0.25,6.746862685219512,1.8450926615346732,0.3125,n.d.,n.d.,0.0625,n.d.,n.d.,0.0625,0.0625,0.34375,2.3006310986469773,2.580299841334576,2.010091600513239,n.d.,1.9248758909534016,n.d.,n.d.,1.0,0.46052289682878356,n.d.,3.1477759324286763,0.3125,5.0,0.2,2.0,1.0,0.12771739130434778,1.2606896551724138,0.2792207792207792
S2,1,W01_C4,EVAE,26.441542980743176,n.d.,9.712617270743657,n.d.,n.d.,n.d.,n.d.,0.22023809523809518,9.321325346644104,5.357941474200183,0.425,n.d.,n.d.,0.1416666666666666,n.d.,n.d.,0.0583333333333333,0.0714285714285714,0.4833333333333333,1.7992945281365105,2.257863632850634,0.8285330513723221,n.d.,3.38675054014315,n.d.,n.d.,0.875,0.5107939262974434,n.d.,1.316130224633146,0.3392857142857143,4.0,0.5,3.0,1.0,0.08514492753623185,0.9808612440191388,0.21286231884057966
S2,1,W01_C4,KDE,22.029577039977,n.d.,8.227291259496742,n.d.,n.d.,n.d.,n.d.,0.25,8.013543938895683,2.908252025565817,0.375,n.d.,n.d.,0.125,n.d.,n.d.,0.0625,0.0625,0.375,2.025083358798714,2.077336049295959,1.4753976322009756,n.d.,1.9316614211046748,n.d.,n.d.,1.0,0.6049791625860905,n.d.,3.428995640664114,0.3125,5.0,0.2,3.0,1.0,0.1633333333333333,1.8516483516483517,0.36313364055299535
S2,2,W02_C1,ADFNE,17.295602608352567,8.74745855083108,8.157692618378908,n.d.,n.d.,5.042146537122155,6.457078127721828,0.125,5.057973183696248,2.3681771524740896,0.1294642857142857,n.d.,n.d.,0.062499999999999944,n.d.,n.d.,0.0535714285714285,0.0803571428571428,0.2767857142857143,4.388162300944124,5.87253472565813,4.520442723068678,5.048849969538976,4.353985098056074,n.d.,n.d.,0.1428571428571428,0.3692866301623743,0.4,0.6220470353874459,0.3035714285714286,0.1428571428571428,0.8333333333333333,1.0,1.0,0.08675213675213675,0.9092530657748048,0.1543103448275862
S2,2,W02_C1,EVAE,15.754407452306872,8.813671218797563,8.640085244399202,n.d.,n.d.,5.893956145344284,6.971019530813245,0.17708333333333331,6.143651466863719,3.0157816467018277,0.0714285714285714,n.d.,n.d.,0.1428571428571428,n.d.,n.d.,0.0714285714285714,0.0714285714285714,0.2681197478991596,3.3262065517608796,5.044971911782382,2.4519929830132634,3.3988511967335544,4.228932591857793,n.d.,n.d.,0.0714285714285714,0.31622041102383536,0.30000000000000004,1.4360385145038892,0.2012362637362637,0.2857142857142857,0.3333333333333333,2.0,1.0,0.13522267206477728,1.224242424242424,0.21125356125356126
S2,2,W02_C1,KDE,17.711963011304135,9.589130233218128,8.623078078397672,n.d.,n.d.,7.909121276463255,5.677156463059955,0.15625,4.9433282328779,2.439887904053672,0.1607142857142857,n.d.,n.d.,0.1160714285714285,n.d.,n.d.,0.0535714285714285,0.0803571428571428,0.2767857142857143,4.0708564455073155,5.365098376891749,4.84924102618357,4.693929537019169,4.722800075400368,n.d.,n.d.,0.1428571428571428,0.28234308140153797,0.4,0.7663684718665961,0.1875,0.21428571428571425,1.0,2.0,1.0,0.0775,0.6068783068783069,0.1071428571428571
S2,2,W02_C2,ADFNE,10.334479628409728,7.169064629464373,7.307194423375117,5.238475649991951,n.d.,5.735607844261111,1.9731095013259834,0.075,4.01730555717017,5.0849031004615215,0.1875,4.073470530490607,2.289547435059544,0.062499999999999944,n.d.,n.d.,0.0625,0.0625,0.2,4.638150738252345,5.663702394879826,5.712276803120682,4.616654095763224,5.6043495946793005,4.835709160700511,n.d.,0.6,0.13963737143854224,0.4,0.8842364070898422,0.2249999999999999,1.0,0.2,0.5,n.d.,0.1304347826086956,0.7257187257187258,0.18347338935574226
S2,2,W02_C2,EVAE,10.55253759505361,7.430963270592064,5.531438630553116,5.217133363920803,n.d.,6.024902042624981,3.6625528706045696,0.0798076923076923,2.786252915522137,3.773992822827571,0.1666666666666666,3.8537019181866077,1.9260837060858418,0.07867647058823529,n.d.,n.d.,0.0769230769230769,0.0645833333333333,0.21764705882352942,3.8100231660223143,5.085067967989485,4.420037202605226,3.3708328253675037,5.540817522416147,5.414612993585349,n.d.,0.45,0.14517398674946755,0.4,1.3641171900646407,0.2107142857142857,0.6666666666666666,0.4,0.5,n.d.,0.08545454545454545,1.2422222222222223,0.2410714285714285
S2,2,W02_C2,KDE,11.240882653062805,5.757162864498083,6.88312230098032,5.2505002551058695,n.d.,3.9227555939193404,1.799853510599862,0.075,2.904788722595541,5.02283003248154,0.1875,3.3052892914134997,2.7417590553865323,0.075,n.d.,n.d.,0.0625,0.0,0.2,4.417380373200943,5.420986589889965,6.038876478997283,4.133501682986209,5.224251692996871,4.69658284799794,n.d.,0.6,0.1229928383304382,0.4,0.9597637190850563,0.24999999999999994,1.0,0.30000000000000004,0.5,n.d.,0.15099715099715094,0.71360153256705,0.1876026272577996
S2,2,W02_C3,ADFNE,13.522929064820898,n.d.,5.486081804607732,5.136415757156757,2.836399251993875,n.d.,n.d.,0.2916666666666667,2.356069291720739,1.952892790518526,0.125,3.7419684091870566,2.1164172303529405,0.09375,2.008924470861716,1.594954267114899,0.21875,0.1041666666666666,0.4166666666666667,2.0726284335172114,1.0072577855669467,1.1074067953301117,n.d.,5.576089745266881,5.603012619603193,1.4301938657625588,0.3333333333333333,0.09572655863205125,n.d.,1.3200041858146925,0.4583333333333333,5.0,1.0,0.3333333333333333,0.8333333333333333,0.06896057347670245,1.1657376439985137,0.2424740010946907
S2,2,W02_C3,EVAE,13.026281541222378,n.d.,6.249702435045148,4.549534625500836,3.577912807204042,n.d.,n.d.,0.2291666666666666,2.2658449935884413,2.4156200937249217,0.07575757575757569,3.077888722761185,2.2671142263699284,0.1071428571428571,3.3574938431641925,0.7051368900733375,0.1875,0.09249084249084245,0.3333333333333333,1.5467589874946266,0.4985887828839014,1.3192575241045819,n.d.,5.17247177768448,7.2979701039818385,1.7059719804897289,0.1666666666666666,0.1150655109241682,n.d.,0.6636172946457126,0.0833333333333333,4.0,0.3333333333333333,0.3333333333333333,0.6666666666666666,0.0555555555555555,0.6767676767676767,0.14861111111111108
S2,2,W02_C3,KDE,12.653993333096512,n.d.,5.820208139601961,6.16988071054606,3.0652617006575347,n.d.,n.d.,0.2291666666666666,3.186468494004881,2.2307883722351356,0.0625,5.6205516978184304,2.754409612825148,0.0625,1.932734269131779,1.788553697182581,0.15625,0.1041666666666666,0.3541666666666667,1.9067146246373436,0.834368186883232,1.4530725231083796,n.d.,4.7552317279299015,5.386558444625065,1.0374108314518224,0.3333333333333333,0.06374554738528404,n.d.,1.2109471642961647,0.4583333333333333,4.0,0.6666666666666666,0.3333333333333333,0.5,0.10842293906810035,1.28639846743295,0.2566738816738816
S2,2,W02_C4,ADFNE,15.756328022943638,12.767001985690325,n.d.,9.947786575493158,2.9622212040327076,12.58943277923419,7.463474630919477,0.1306818181818181,n.d.,n.d.,0.284090909090909,9.98900548573193,2.3123122321762573,0.2982954545454545,2.393390086811763,1.2991095869416736,0.1818181818181818,0.034090909090909,0.46306818181818177,2.691247885313251,2.1184692119134603,1.6970753004375232,3.1980313993715495,n.d.,5.016287427996088,4.9185864024557455,0.4545454545454545,0.1151713618012208,6.0,1.8519661638764453,0.5056818181818181,1.5,5.0,0.5,1.0,0.1339285714285714,1.343822843822844,0.2461117511520738
S2,2,W02_C4,EVAE,16.54359595485619,17.280852398764463,n.d.,11.598271785163778,2.5936080492858227,17.273656767622036,7.74845906275644,0.15090240641711225,n.d.,n.d.,0.2215909090909091,10.951562992001126,2.2556502361535227,0.2391608391608391,1.353567455707521,2.1259206154645933,0.1103896103896104,0.0693473193473193,0.378030303030303,2.494650426041586,1.329716923613463,1.5693134556975408,4.415231218797008,n.d.,5.133330633945008,7.293008389223501,0.2727272727272727,0.07202090585056409,2.0,1.02623779888789,0.0684523809523809,1.5,4.0,0.4,0.5,0.054411764705882354,0.6628959276018099,0.13295138145213103
S2,2,W02_C4,KDE,15.003733721254518,13.324358391917695,n.d.,7.74348809805949,2.886934749374852,13.263555574650432,5.888767592807343,0.1306818181818181,n.d.,n.d.,0.2215909090909091,7.15251809124361,2.1543699588516025,0.2670454545454545,2.8765264060418523,0.8320898157922088,0.1193181818181818,0.062499999999999944,0.4147727272727273,2.428605007274178,1.2914928107330448,2.5619085897680187,2.1796358368822677,n.d.,3.677958453480743,6.557934356682961,0.4545454545454545,0.0591499143221423,5.0,1.9732181641782849,0.5056818181818181,1.5,4.0,0.4,0.5,0.14303959131545335,1.1948717948717948,0.23759920634920634
S2,2,W02_C5,ADFNE,11.224013546883162,8.33016535844323,6.995094861675116,4.590502188535044,n.d.,7.365202419626529,4.267664918796146,0.0625,3.7403552129663673,2.900465876324179,0.15625,3.776316206432716,1.7947837570819947,0.09375,n.d.,n.d.,0.03125,0.125,0.25,1.2732343398415373,0.6796064816086145,2.2590158580629605,2.3744225251411955,1.7984823695635872,2.0665363053158883,n.d.,0.0,0.14406452862617894,1.5,0.5783992363759873,0.1875,0.2,0.8333333333333333,0.30000000000000004,n.d.,0.07508581235697935,0.7550877192982456,0.14999999999999997
S2,2,W02_C5,EVAE,14.21071899113992,14.683555326480676,7.200658340313108,4.845670167369992,n.d.,14.709671360627407,3.671504466544993,0.054166666666666655,2.3476848659416434,4.962660753954385,0.0707417582417582,2.989865380002485,4.61655716670443,0.0817307692307692,n.d.,n.d.,0.0666666666666666,0.0833333333333333,0.19436813186813184,1.568585807718668,0.3568696846701682,3.933692447293132,5.438370870245951,2.0642528834013154,1.7425921141150238,n.d.,0.125,0.0594420007692478,0.5,1.5703867775054818,0.1298076923076923,0.2,0.3333333333333333,0.4,n.d.,0.0473684210526315,0.3151997641161728,0.0760423786739576
S2,2,W02_C5,KDE,13.271625038844041,11.582916104761328,6.81557353955325,5.542482090633744,n.d.,10.975965055276987,3.8344517203967516,0.0625,3.769751052522712,3.346524724830756,0.15625,3.0754856619410917,3.483742860528974,0.1875,n.d.,n.d.,0.0625,0.125,0.3125,1.0801322127913653,0.6356598049752338,1.9196843721791024,2.3325626216935875,1.9172809942315183,1.4712017768106018,n.d.,0.0,0.12402386592475455,2.5,0.6077777404023865,0.4375,0.2,0.8333333333333333,0.6,n.d.,0.09095816464237515,0.9689501531606795,0.1696741854636591
S2,2,W02_C6,ADFNE,11.549756424151788,5.580998876362267,n.d.,5.077303690680907,n.d.,4.087751852131577,2.846237221622628,0.0535714285714285,n.d.,n.d.,0.2410714285714285,3.8866597581458846,2.4427462989806967,0.2410714285714285,n.d.,n.d.,0.0089285714285714,0.0625,0.3303571428571428,2.0037338328415757,2.38845349763137,1.8205935569853156,2.1316360589449665,n.d.,2.554596792221526,n.d.,0.1428571428571428,0.16327169292534488,n.d.,1.4686453581190482,0.6071428571428572,0.0,4.0,0.5,0.0,0.0769230769230769,1.105072463768116,0.22777777777777775
S2,2,W02_C6,EVAE,11.467670255372205,6.433570959230358,n.d.,5.243114300056099,n.d.,3.172034978503992,3.815986096218849,0.1208791208791208,n.d.,n.d.,0.1785714285714285,3.118025916377915,4.615451445086881,0.20604395604395595,n.d.,n.d.,0.0714285714285714,0.0714285714285714,0.3184981684981685,1.7977946830455638,0.8666271517885532,3.5835483232585132,3.8478591726515305,n.d.,2.601302774734704,n.d.,0.0714285714285714,0.046546718035307647,n.d.,0.8636046957674269,0.2273351648351648,0.3333333333333333,2.0,0.5,1.0,0.08893280632411066,0.8695652173913043,0.18874643874643876
S2,2,W02_C6,KDE,12.243001628827805,6.38586175958552,n.d.,5.131440954134687,n.d.,4.862781037441485,1.5783808320261103,0.0535714285714285,n.d.,n.d.,0.2410714285714285,3.672618943623702,3.497205869077073,0.2410714285714285,n.d.,n.d.,0.0535714285714285,0.0,0.3035714285714285,1.3929048298347335,0.8138482138934228,1.144411277828166,2.282290659739854,n.d.,2.069579564217958,n.d.,0.1428571428571428,0.17477274128354092,n.d.,1.450125978822577,0.7321428571428572,0.0,4.0,0.5,1.0,0.1225,1.5348148148148146,0.2996957403651115
S2,3,W03_C1,ADFNE,13.80902414234119,6.016420875615107,4.441960634610139,5.453677601342378,n.d.,2.7247864162333792,3.3804744796937674,0.15,2.8496390551508424,1.967913385020248,0.19583333333333325,5.253751741473173,2.3615358726664457,0.0583333333333333,n.d.,n.d.,0.0666666666666666,0.0625,0.2833333333333333,1.7634806219198538,3.1576175212719924,1.741487227770091,2.6283394109634926,2.745310629043808,3.257855354405529,n.d.,0.0625,0.2117084199972592,4.0,0.8819036282954466,0.1999999999999999,0.5,0.38888888888888884,0.5,n.d.,0.07091503267973855,0.3351871657754011,0.13078703703703698
S2,3,W03_C1,EVAE,17.914311687600385,5.452372953888416,4.63082455954502,5.056501295272988,n.d.,2.6736436055303,2.064995042415142,0.2205882352941176,2.3823292337983024,2.3307976575580778,0.2928030303030303,5.056501295273,2.883307306845296,0.0416666666666666,n.d.,n.d.,0.07738095238095236,0.05555555555555555,0.35625000000000007,1.373426051958093,2.013355804897918,1.0756904498745934,2.2193034824305204,2.09486622160508,5.175863851573501,n.d.,0.125,0.1122948282311452,2.0,1.4037578969223299,0.5052447552447552,1.0,0.5555555555555556,0.25,n.d.,0.0783844638333802,0.3086956521739131,0.11254084967320255
S2,3,W03_C1,KDE,12.931484424524978,5.987137372992956,5.367050883943302,5.6622090145692825,n.d.,3.554111251361289,2.8765912492174652,0.11666666666666664,3.4479186224145906,2.817510288580464,0.2291666666666666,5.53081958219119,3.78785901903378,0.075,n.d.,n.d.,0.1333333333333333,0.0625,0.29374999999999996,1.5981295321083477,2.3009080880680735,1.304922660025521,2.504212015280559,2.0925285835587952,2.7651765916659428,n.d.,0.0625,0.1583072099037719,4.5,0.9179338139842229,0.2624999999999999,0.375,0.4444444444444444,0.5,n.d.,0.06091503267973855,0.7069716775599129,0.1515522875816993
S2,3,W03_C2,ADFNE,9.964878599815343,5.944715283165911,5.610361087011398,4.406130948489428,n.d.,2.991006657364841,3.056401319336877,0.0111111111111111,3.1702238473679305,1.9153366641890903,0.1666666666666666,2.6167110057093628,1.6513368269325372,0.0444444444444444,n.d.,n.d.,0.0666666666666666,0.0666666666666666,0.22777777777777775,1.4950844089213988,0.6601573900608779,2.5306268787973725,1.8335078263040847,3.221856059309985,1.8942538868874377,n.d.,0.1666666666666666,0.297719311756522,1.25,0.8987130713010084,0.2319444444444445,0.1428571428571428,0.4444444444444444,0.5,n.d.,0.0834782608695652,0.7148821548821549,0.15099268547544403
S2,3,W03_C2,EVAE,12.839348790028527,5.632707919643708,5.265214202736246,3.4280977741606375,n.d.,4.451096974830962,2.5148336738437678,0.1111111111111111,2.1608173285049945,2.120894785313869,0.23863636363636365,2.209365114020482,2.0866111092166273,0.1111111111111111,n.d.,n.d.,0.0909090909090909,0.0588235294117647,0.27350427350427353,1.046770056685899,1.1502005718367954,0.48569216600573895,1.9909220086030683,2.710062190315055,2.6472341844875644,n.d.,0.2777777777777778,0.20834537621084565,0.5,1.0270559024046613,0.2686965811965811,0.1428571428571428,0.5555555555555556,0.5,n.d.,0.12132352941176469,0.6626794258373205,0.14871794871794866
S2,3,W03_C2,KDE,8.270619935108389,6.664754392077351,5.155832986529863,4.693589159216877,n.d.,4.124317482033666,4.688784493626518,0.0111111111111111,2.279588133446123,3.471123293528745,0.1666666666666666,3.811096896699863,3.0009406162018686,0.06666666666666665,n.d.,n.d.,0.09999999999999995,0.0,0.2222222222222222,1.3882008422665182,0.6915116812758249,1.9230683628041005,1.861615196447263,3.1371838851418445,2.02290486215378,n.d.,0.1666666666666666,0.20916983558541818,2.5,1.1043330029607832,0.2319444444444445,0.1428571428571428,0.4444444444444444,0.5,n.d.,0.1538461538461538,1.4817742643829601,0.25476190476190474
S2,3,W03_C3,ADFNE,9.232107960096586,5.953418411317651,4.146394947405836,6.2385269202413545,7.757673809836346,4.8047533558975015,2.435703892688008,0.0666666666666667,3.199710310396428,1.8269796170524195,0.1111111111111111,2.835245373935782,2.8947396511209087,0.0888888888888889,6.226178483905196,3.653935999976637,0.0444444444444444,0.0,0.1555555555555555,1.5375680742993687,0.8169918926133912,2.202097297382746,2.2460372814072462,1.9966200295701253,1.819275363846657,3.259130418703179,0.1666666666666666,0.31225560804851055,1.75,0.532841591635627,0.27638888888888885,0.0,0.375,0.5,0.5,0.05007575757575755,0.606060606060606,0.13277777777777774
S2,3,W03_C3,EVAE,14.275663737310857,7.401974429721683,5.885342190058179,4.977608621923313,8.654495644287076,5.465745512912161,3.320367068822894,0.1282051282051282,4.753234206374462,3.0814335270524253,0.1717171717171717,4.10038493954655,1.1835015639388065,0.0555555555555555,8.115439217675238,5.963960457746936,0.041208791208791146,0.057189542483660094,0.2588522588522588,0.9849181099748212,0.3139633540758785,0.9247018139593155,2.4435682260426246,2.221457234540145,2.782875337219278,3.8437547159100593,0.2777777777777778,0.27827864708569944,0.5,1.3048033312631966,0.15758547008547,0.3333333333333333,0.5625,0.5,0.5,0.0382775119617224,0.18787878787878787,0.0681818181818181
S2,3,W03_C3,KDE,10.634148922352345,5.7188998874797115,4.675811435252147,3.687031477585143,8.88833507023463,4.497711094486807,2.3547096557633944,0.0666666666666666,3.7630315763261786,1.2980621409574313,0.1777777777777777,2.027019174737048,1.9521120423891567,0.0888888888888889,8.889200295459343,2.342643597468732,0.0888888888888889,0.0666666666666666,0.17777777777777776,1.484222595925715,0.8198506641527028,2.6135332729965683,2.5129250792440097,2.1102047421910823,2.5983298758507534,3.4549547042162065,0.1666666666666666,0.2942913556307708,2.0,0.4820207854844491,0.2097222222222222,0.1666666666666666,0.5,0.5,0.5,0.0574425574425574,0.8584415584415584,0.1612903225806452
S2,3,W03_C4,ADFNE,11.515251282713287,10.41228284187841,5.344785273292018,7.301189507664443,6.113924651354491,9.330305438440064,7.437392825528683,0.0875,4.126271938394967,2.513158495388601,0.1041666666666666,7.343947145749937,2.346020507578057,0.075,3.750506486131536,4.432105078903826,0.0583333333333333,0.0,0.1708333333333333,1.4826304026833432,1.2819986683460245,1.5215677202667321,3.287450026341242,1.5812720898406785,2.618165927194983,2.397482383937999,0.0625,0.22858539174381248,n.d.,0.712201150359508,0.2458333333333333,0.2,0.2857142857142857,0.5,0.5,0.05192307692307685,0.9066666666666666,0.1858333333333333
S2,3,W03_C4,EVAE,16.36786167100663,12.274169151351549,7.679304609626609,6.93503738988653,6.9695768492105765,9.129822171289383,7.92868907828212,0.1041666666666666,5.291238089069937,3.290780655290102,0.1695574162679426,6.704479484185547,3.163463560698978,0.08082706766917286,5.789413893301608,5.325117957409326,0.04656862745098035,0.054093567251461944,0.25,1.0967410033084093,0.5395694817435415,0.5812684250131928,3.607134225640433,2.124462947133028,1.5629051120556752,2.5176863132306835,0.1875,0.13317635920664106,n.d.,1.4613138035047917,0.2556818181818182,0.4,0.49999999999999994,0.5,0.5,0.039338235294117646,0.5307359307359307,0.1301470588235294
S2,3,W03_C4,KDE,12.43979615171878,10.332971659153895,5.7770585879087,4.796773667463864,5.849413265928797,9.99410870732913,5.738659896423322,0.0875,3.1730389617601533,1.828545333035012,0.13749999999999996,3.9165556566974056,2.04381848741245,0.075,2.3790065747475015,4.3477653239728795,0.0583333333333333,0.0,0.1708333333333333,1.5602045709960763,0.5106752433031853,1.596762882359808,3.691003775706549,1.6817042684557362,1.518222071840282,2.4380831009739437,0.0625,0.14002317644024564,n.d.,0.6662411701527676,0.31249999999999994,0.2,0.3571428571428571,0.5,0.5,0.056923076923076896,1.0123076923076924,0.22066532258064514
S2,3,W03_C5,ADFNE,10.245347003905177,7.879641220017452,9.045355789180167,7.720537880430586,6.915603407918827,7.759030043831423,0.8941369829751462,0.0285714285714285,4.91277652534373,7.763840883705328,0.119047619047619,5.560103154256181,5.640134781551646,0.0809523809523809,6.690051460843075,5.567673591574492,0.0761904761904761,0.0333333333333333,0.18571428571428567,1.4281597992415591,1.5819336921647142,1.3741518774876926,2.322407114738226,2.5648367780110677,1.586019195307791,2.68997511529646,0.0714285714285714,0.11918529851194401,n.d.,0.706095057697224,0.1660714285714286,0.0,0.6666666666666666,0.3333333333333333,0.5,0.11805555555555555,1.2727272727272727,0.2592592592592593
S2,3,W03_C5,EVAE,12.617070869763564,9.374988391164065,10.415231018084157,5.8749996042749935,8.535089278422268,9.215211091212616,2.652154112643556,0.13562753036437245,7.715651774816816,7.422401363504212,0.0659340659340659,4.1030079187187445,3.879605097521617,0.1012145748987854,8.526679028557567,1.650669807278028,0.0659340659340659,0.0769230769230769,0.23214285714285704,1.0604217366540944,0.7810131458213315,1.1018950533401128,2.819584715293944,2.0623132752269764,1.484308654143024,1.67732376497307,0.0714285714285714,0.07363244203434675,n.d.,0.98953966476267,0.2016733266733266,0.5,0.3333333333333333,0.3333333333333333,0.5,0.07989417989417985,0.734006734006734,0.1666666666666666
S2,3,W03_C5,KDE,10.995567770688965,10.89358336775469,8.584402936498758,7.506276968553319,5.92670610270339,11.088942364625977,2.4669604869245236,0.0285714285714285,6.7797933482312995,7.829623359203097,0.119047619047619,5.612347160755682,6.105419642215226,0.0809523809523809,5.917554392271146,1.8656192611605174,0.0761904761904761,0.0,0.1857142857142857,1.2493039803115775,0.9502728585388631,1.3993133069687569,2.943578890385589,1.6729651193412378,2.432549792795926,2.2806615731162383,0.0714285714285714,0.0873632868939904,n.d.,0.8605831007122426,0.2666666666666666,0.0,0.6666666666666666,0.3333333333333333,0.5,0.1225,1.358974358974359,0.27849462365591393
S2,3,W03_C6,ADFNE,11.426530575398779,5.734057195456286,10.112848614838624,10.621151645773997,n.d.,3.4752327080402,2.2703885936625863,0.0333333333333333,2.420317791660609,9.536391248481749,0.1794871794871794,10.155828468969514,4.165005807797204,0.0461538461538461,n.d.,n.d.,0.0564102564102564,0.1641025641025641,0.2512820512820513,1.3980103967310695,1.8656111569793654,1.9270931123341737,3.606896530622312,2.5020429769649226,3.340424637826687,n.d.,0.1538461538461538,0.24593098753360487,n.d.,1.706854530154077,0.2070512820512821,0.2,1.5,0.5,1.0,0.05820105820105815,0.6353623188405798,0.16397849462365585
S2,3,W03_C6,EVAE,11.557444722095546,5.730037567295076,9.596047090810572,8.202801760318936,n.d.,4.029885949686944,3.3788418087833083,0.0769230769230769,4.102262452197995,8.67450681865661,0.1363636363636363,8.20280176031893,4.160231188285251,0.07918552036199089,n.d.,n.d.,0.0769230769230769,0.1538461538461538,0.2722473604826545,1.5220806204841582,0.7060753952711818,2.349034011121387,3.493064773321501,3.748088576104408,4.781021778430606,n.d.,0.0769230769230769,0.1921374669571289,n.d.,1.0454529654477889,0.2636217948717948,0.2,1.0,0.5,1.0,0.07267156862745094,0.3333333333333333,0.13188405797101443
S2,3,W03_C6,KDE,9.854603671866954,5.110273680308546,7.475630726361267,8.968400719764478,n.d.,3.548474763432285,2.3631403568727807,0.0153846153846153,3.1967095841944118,7.983932714857486,0.1794871794871794,8.721631169542983,3.7507845069220136,0.0461538461538461,n.d.,n.d.,0.0564102564102564,0.2307692307692307,0.2512820512820513,1.3238446168053315,0.8911266530708378,1.8569407089800931,2.800793554622517,3.1306718764357626,4.016560987398728,n.d.,0.1538461538461538,0.26759038229406135,n.d.,1.7355635153142464,0.2070512820512821,0.2,1.5,0.5,1.0,0.05,0.7999999999999999,0.1935483870967742
S2,3,W03_C7,ADFNE,14.338226587638324,12.950195513447197,8.795403299385697,5.192977158215797,4.407556488011917,12.730680521236886,6.898506692027982,0.1857142857142857,5.357261239796884,5.336882574066472,0.119047619047619,3.9130599085303923,4.067738607674023,0.0857142857142856,4.045627261778035,2.437580834840221,0.0761904761904761,0.1428571428571428,0.2928571428571428,1.3489234789065976,0.7161426313442559,1.4152776751840324,2.3014041711452187,1.9162043277451115,2.516062738898074,2.8036856734885567,0.0714285714285714,0.08495420643423995,2.5,1.0638208626429075,0.19999999999999996,1.0,0.6666666666666666,0.25,0.5,0.0541666666666666,0.4285714285714286,0.1227272727272727
S2,3,W03_C7,EVAE,13.500441891496866,10.59825645807034,7.450022743111004,4.684061106885146,5.588672083145463,10.30323796738766,7.202181841870387,0.0934065934065934,4.878323112740167,5.170127669531375,0.0934065934065934,2.790729961581744,2.8413511493219197,0.0549450549450549,5.592866497296892,2.6829205895041954,0.0519480519480519,0.0557359307359307,0.20585317460317454,0.9682018175639437,0.5025463846102616,1.9503394914124716,2.4491099285634546,3.3847789596423823,2.253686047951708,0.843957034105759,0.1428571428571428,0.1201724858842647,1.0,0.7407401395535974,0.2409361471861471,0.3333333333333333,0.3333333333333333,0.25,0.5,0.03124999999999995,0.3194444444444444,0.0743540669856459
S2,3,W03_C7,KDE,14.196921591144035,14.200864339135547,6.113051036589324,4.475039441802895,4.891820278811923,13.774097933935863,6.420910686225873,0.119047619047619,5.811898809501871,3.822134617040475,0.0523809523809523,2.4347089773645942,2.7442249639841894,0.0857142857142856,3.258114047704629,3.262545011279311,0.0571428571428571,0.0761904761904761,0.238095238095238,1.1409873328453755,0.6494908954553438,1.7711230597481962,2.216302378929908,2.177094039685668,2.1063918510615096,1.6114085138522325,0.0714285714285714,0.13253685103731816,5.0,1.2645921265002817,0.2994047619047619,0.6666666666666666,0.3333333333333333,0.25,0.5,0.06809523809523804,0.987192118226601,0.18822624743677369
S2,3,W03_C8,ADFNE,11.877649892430846,5.713329823413984,14.291434188369067,5.060828805504762,n.d.,5.089434261987279,2.841450777958949,0.0153846153846153,13.906900867280857,4.887646992107108,0.2461538461538461,3.761006340276264,3.0484925951704445,0.1743589743589743,n.d.,n.d.,0.0564102564102564,0.0769230769230769,0.2615384615384615,1.4097822257440924,1.050601280350143,1.334760690931946,2.1320044928186688,2.740963797075504,4.563714947025861,n.d.,0.1538461538461538,0.10076361904509984,3.5,0.7746213312011903,0.4019230769230768,0.2,2.0,0.5,1.0,0.1452173913043478,1.2685185185185184,0.2425753927301914
S2,3,W03_C8,EVAE,11.723682676091594,6.292035347831478,14.037451350800044,5.468452785775685,n.d.,4.653774204231841,1.8604848295643626,0.06169871794871795,13.809033409836402,6.508421188259044,0.1428571428571428,3.351523864200601,3.2817192775669364,0.13344988344988346,n.d.,n.d.,0.0769230769230769,0.0526315789473684,0.2692307692307693,1.0212854393896722,1.2331652918164004,2.2861124324890136,3.161410341906423,3.222251164660755,3.610541867807661,n.d.,0.0769230769230769,0.12617270211788495,1.0,1.5215607618202414,0.8520456259426847,0.2,1.25,0.375,1.0,0.0976190476190476,0.7995169082125604,0.173864147548358
S2,3,W03_C8,KDE,11.53912799197294,7.0590140935736105,13.12229624915184,5.013850516631323,n.d.,6.587549341824669,1.8305713109077903,0.0153846153846153,13.114231692686296,3.8725304410999986,0.1794871794871794,3.590593746254489,2.278478651982345,0.1076923076923077,n.d.,n.d.,0.06666666666666665,0.0769230769230769,0.24871794871794872,1.3675309753554021,1.2252508215969613,1.3657039748237454,1.5040127001241186,2.5908148191791787,4.138794777611718,n.d.,0.1538461538461538,0.1269245570155528,6.0,0.7198496428341323,0.33333333333333337,0.2,1.5,0.25,1.0,0.13664596273291918,1.347008547008547,0.2655502392344497
S2,4,W04_C1,ADFNE,16.09584848243303,5.3637103731304965,8.419083236456906,n.d.,n.d.,2.0309969982414326,3.8200382050714667,0.1160714285714285,8.301589004849191,2.366277248173928,0.1875,n.d.,n.d.,0.21875,n.d.,n.d.,0.0089285714285714,0.125,0.3125,2.360125596220973,2.063344868852447,1.0035561443099392,3.7634995711350703,2.8212358212477833,n.d.,n.d.,0.1428571428571428,0.1627282958690961,n.d.,1.0409010242355512,0.4285714285714286,0.1666666666666666,0.2857142857142857,n.d.,0.0,0.0955165692007797,1.410214424951267,0.2745592482434587
S2,4,W04_C1,EVAE,15.443255320589186,7.264006030280309,9.533868567958873,n.d.,n.d.,4.282008743569667,4.739075322945471,0.0833333333333333,9.523792603229293,2.321864643449454,0.1666666666666666,n.d.,n.d.,0.1111111111111111,n.d.,n.d.,0.0396825396825396,0.1111111111111111,0.2633053221288515,1.6267432597622986,1.165256127607874,0.34538101205716654,3.2950214129033997,2.1426127367290784,n.d.,n.d.,0.24999999999999994,0.033916657932264796,n.d.,0.8606420909120565,0.376984126984127,0.3333333333333333,0.21428571428571425,n.d.,1.0,0.06061628430049475,0.8949282296650718,0.18578947368421045
S2,4,W04_C1,KDE,15.490303876575886,5.662951984244543,9.51130791681194,n.d.,n.d.,3.265981034432061,4.355899043235546,0.0535714285714285,9.508273142590689,1.6656757013888077,0.125,n.d.,n.d.,0.1875,n.d.,n.d.,0.0089285714285714,0.0625,0.25,1.8878359178091069,1.409305983243994,1.5625821390928656,3.371954051493944,2.333563116410593,n.d.,n.d.,0.1428571428571428,0.10997532657902631,n.d.,1.166138617659072,0.25,0.0,0.1428571428571428,n.d.,0.0,0.0698684210526315,1.4817813765182186,0.2807017543859649
S2,4,W04_C2,ADFNE,12.015012208258646,5.291112142747819,4.698487018706929,4.431204593763636,n.d.,3.3696851687304057,2.0305896194786213,0.125,3.261012324495698,2.1210513504441177,0.0625,2.796050424811201,2.9967620735531386,0.0446428571428571,n.d.,n.d.,0.0089285714285714,0.09375,0.2142857142857143,3.5381024348327754,3.063945632036323,5.540252917174177,5.780722965811671,1.664528414659523,6.856651291856784,n.d.,0.1428571428571428,0.3289792359977862,0.3333333333333333,0.6888554585649223,0.25,0.1428571428571428,0.375,0.5,0.0,0.1089901477832512,1.3214285714285716,0.18523523523523516
S2,4,W04_C2,EVAE,10.275934326672663,5.083523537650294,6.899109791218329,4.994966559293676,n.d.,3.784388048063312,1.8372003003512156,0.17708333333333331,6.717403052800102,3.106942773506052,0.08035714285714285,2.3327727279431443,5.3810711056366785,0.06868131868131865,n.d.,n.d.,0.0714285714285714,0.1176470588235294,0.24107142857142855,2.700864094246027,1.6870062160648935,4.683173133120565,4.6817648376713175,2.4401404295516356,6.440941967451739,n.d.,0.2142857142857142,0.15999892267158294,0.41666666666666663,1.2936287960327961,0.75,0.2857142857142857,0.5,0.5,1.0,0.09409340659340651,1.5714285714285716,0.2305555555555555
S2,4,W04_C2,KDE,11.975018937319344,5.526327683925333,6.994858353167166,6.129182658697028,n.d.,3.537975156474758,1.841708581995996,0.1875,6.206064210903584,2.7406150656111574,0.0892857142857143,5.667679094758366,4.722137592872651,0.0446428571428571,n.d.,n.d.,0.0535714285714285,0.09375,0.2142857142857143,3.1807673108000483,1.8063899002506445,6.046245160658498,4.882950080345982,1.5060261823727528,7.1227784572202895,n.d.,0.1428571428571428,0.2711451723674878,0.24999999999999994,0.7215058575946265,0.375,0.2857142857142857,0.375,0.5,1.0,0.0989010989010988,1.3131868131868134,0.19041218637992824
S2,4,W04_C3,ADFNE,13.14570428533698,6.735818566909205,7.323888051388174,6.091433053314392,3.0629905239661284,2.6979487972893748,2.6603259775535317,0.1611842105263157,2.969487266265953,7.914036937954877,0.2171052631578947,3.643987703400091,3.4973740769159662,0.0328947368421052,1.8673340092162332,0.6767225342144119,0.1480263157894736,0.125,0.3421052631578947,1.5576609217849957,1.9689404643656139,2.9129795015761117,2.7168439413197047,2.9229320932520517,2.447020562822442,2.22504831860482,0.1578947368421052,0.299119044311176,4.0,0.9893411211556538,0.3453947368421053,0.4444444444444444,1.0,0.3333333333333333,0.75,0.0636363636363636,0.5227272727272727,0.12968515742128933
S2,4,W04_C3,EVAE,12.370617575696336,6.311638447903944,7.337869788095024,5.093456278730548,3.0888351878745075,3.012895477992803,2.9138245294926346,0.0986842105263157,3.0497083903845335,7.445053254179808,0.13724415204678359,5.027198044875229,3.165377108565985,0.0467836257309941,2.667045508244236,1.0539562896604466,0.1549707602339181,0.125,0.30478238866396756,1.0105617321123472,0.7654729121306131,2.4298589469875918,2.4074826275167696,2.342114287727677,2.02977510167581,2.4538913440841936,0.1052631578947368,0.14745122257867022,3.0,0.5763966517611472,0.2796052631578947,0.2777777777777778,0.6666666666666666,0.3333333333333333,0.75,0.0563636363636363,0.5822510822510822,0.12556935817805379
S2,4,W04_C3,KDE,14.51989010571102,7.001304049649114,6.5375177078644855,6.999787241273671,3.655410000383716,3.307400679411679,2.323382295701699,0.1611842105263157,3.6698791516379154,5.4870206432982975,0.1546052631578947,6.479236055111823,1.9455052320262376,0.0921052631578947,2.8562230573008875,2.206899701698431,0.1480263157894736,0.0625,0.3092105263157895,1.3198217015330282,1.2678082986628398,2.843510227122122,2.5755118123357486,2.8147456448209773,1.603911814811093,1.9561776717648376,0.1578947368421052,0.2430566798737718,5.0,0.8475152822614067,0.3453947368421053,0.4444444444444444,0.6666666666666666,0.3333333333333333,0.75,0.0488215488215488,0.7277537277537277,0.1605351170568562
S2,4,W04_C4,ADFNE,17.44298445689617,5.337659375432078,7.671960946031177,n.d.,n.d.,3.4456350647904497,4.156464859346164,0.2875,3.9093564358342894,4.887699697414647,0.09374999999999994,n.d.,n.d.,0.0625,n.d.,n.d.,0.0625,0.0625,0.2875,2.281950186629637,1.9365183666424621,4.303282098164221,3.517802479730578,3.328487951888163,n.d.,n.d.,0.6,0.16309461409796966,4.0,2.580153696886529,0.3125,0.1666666666666666,0.6666666666666666,1.0,n.d.,0.1132478632478632,0.8676923076923078,0.18214285714285716
S2,4,W04_C4,EVAE,15.44653450955267,7.883895929613255,6.368048652967525,n.d.,n.d.,4.998162729166172,3.386497920317976,0.24495798319327725,3.1618133232602013,5.704818648161816,0.07638888888888884,n.d.,n.d.,0.0411764705882353,n.d.,n.d.,0.057189542483660094,0.1176470588235294,0.28194444444444433,1.8161103434818262,0.8720210654983751,3.9645423926963543,2.5842756474986586,2.3566683285240275,n.d.,n.d.,0.7,0.3302188820688423,3.0,1.3871811295833005,0.03440126050420165,0.3333333333333333,1.0,1.0,n.d.,0.1240409207161125,0.8394648829431438,0.17549261083743845
S2,4,W04_C4,KDE,17.562991741763998,7.118081878331209,6.11499047722471,n.d.,n.d.,4.250108343743088,4.548651331551466,0.2249999999999999,3.206760079712392,4.715180754752383,0.075,n.d.,n.d.,0.0875,n.d.,n.d.,0.0,0.0625,0.26874999999999993,2.1320871927449,1.455679162286117,3.7751020685157104,2.934275376915692,2.7969977588367723,n.d.,n.d.,0.6,0.18588969056949273,6.5,2.835880749358738,0.625,0.0,0.8333333333333333,2.0,n.d.,0.12,1.2637362637362637,0.23286435786435783
S2,4,W04_C5,ADFNE,10.280040669767931,5.718132527093227,8.514153701699417,5.122597561781398,n.d.,3.3369643238002635,3.461138529629305,0.03125,8.386577402867257,2.3899270289715204,0.1696428571428571,3.558963573290176,2.825435141247179,0.1696428571428571,n.d.,n.d.,0.0535714285714285,0.0803571428571428,0.3035714285714286,2.4515679087295723,1.3353861753816831,5.297189387234003,6.486266569272383,2.185807324370285,2.237225367386611,n.d.,0.1428571428571428,0.19729434380977465,4.0,1.1531564519660127,0.5267857142857143,0.25,1.5,0.4,1.0,0.0507478632478632,0.7553846153846154,0.14471853257432
S2,4,W04_C5,EVAE,13.217991111715051,5.697608972966759,9.882556931926297,4.850710111548414,n.d.,3.5111492556975508,3.8277844477157963,0.12605042016806714,9.58341623738621,2.36670550240504,0.1696428571428571,3.477675602547597,2.558550754262517,0.1968864468864469,n.d.,n.d.,0.0396825396825396,0.08219537815126045,0.30784313725490187,1.6757410936529757,0.4497343962926048,4.5601777144319025,4.978656925813552,1.8827047941496193,2.279157269355112,n.d.,0.1785714285714285,0.048177975717766344,3.0,0.7585206023683599,0.08541666666666664,0.5,1.5,0.5,1.0,0.0625,0.5639730639730639,0.11568627450980384
S2,4,W04_C5,KDE,10.302474486819708,5.2895600953018675,8.403445860187553,4.902718848433842,n.d.,4.005312314091599,2.514436728682599,0.0357142857142857,7.77804656811086,1.7828125333090226,0.2321428571428571,3.3000892383982157,1.8455621050315447,0.1696428571428571,n.d.,n.d.,0.03124999999999995,0.0803571428571428,0.2589285714285714,1.987385658415492,0.8812188583553213,5.307609034472973,5.069759952590411,1.8123042035430244,1.589434364018183,n.d.,0.1428571428571428,0.1494995534527692,5.0,1.3245402252170222,0.5892857142857143,0.25,2.0,0.4,0.5,0.0625,0.9342857142857143,0.17854761782655515
S2,4,W04_C6,ADFNE,8.99022116992278,5.5839942276178895,6.049244141418912,4.862530004670948,n.d.,3.4312662469309974,1.6082274482647732,0.0357142857142857,3.501413555159548,3.915330831307692,0.0892857142857143,2.014797450953407,2.1964114235265475,0.0982142857142857,n.d.,n.d.,0.062499999999999944,0.0535714285714285,0.1785714285714285,2.305975311480079,1.7469211508243698,1.4011630234100725,6.391887081174677,2.2863854735876115,2.063229714496601,n.d.,0.1428571428571428,0.09824939089004435,2.0,1.490866452260657,0.3035714285714286,0.25,0.5,0.25,1.0,0.0524737631184407,0.6007905138339922,0.1111111111111111
S2,4,W04_C6,EVAE,10.692481208265736,6.4373392914228855,5.606849020041537,6.424374146914721,n.d.,4.322052237467523,2.139420618773751,0.09375,3.906268698590783,4.14384538141327,0.06932773109243695,5.210949551868613,3.0981703282254927,0.1308123249299719,n.d.,n.d.,0.04295051353874875,0.0833333333333333,0.1904761904761904,1.9469210134594177,1.233187849261645,0.9224011789491271,7.059745003826425,1.8249152331737302,2.814504070565839,n.d.,0.2142857142857142,0.05126936637900545,1.0,0.7357014108395812,0.34434523809523804,0.375,0.25,0.375,1.0,0.0380434782608695,0.2277432712215321,0.0584291187739463
S2,4,W04_C6,KDE,9.451234291684885,6.026331523664346,5.2642968844049305,5.281305710818607,n.d.,4.810692203885992,1.125066850013953,0.0357142857142857,3.3714522140519794,3.2849218953717365,0.0892857142857143,3.014800002530417,1.8157057567185613,0.0982142857142857,n.d.,n.d.,0.0535714285714285,0.0089285714285714,0.1785714285714285,2.2888799412589513,1.3883426128264302,1.5053894027720087,7.0002455133916595,2.0161588916135473,2.302320583280352,n.d.,0.1428571428571428,0.15063386010635316,2.5,1.599299816914257,0.1785714285714286,0.25,0.5,0.25,1.0,0.05124223602484465,0.5603864734299517,0.11673464343097265
S2,4,W04_C7,ADFNE,17.22207064275024,10.456686998971389,5.383511616740927,10.878552376735025,n.d.,10.444713637826727,4.927840421039729,0.0267857142857143,3.683329200172581,1.7233676199774024,0.09375,10.876751371494716,1.3666314347073891,0.2410714285714285,n.d.,n.d.,0.0625,0.0625,0.2767857142857143,2.3687930963672006,0.7368157020569377,4.698069169253678,2.74521455779729,10.445472107703873,2.4525234712268187,n.d.,1.2857142857142858,0.6305640203759608,n.d.,2.689330612222551,0.3125,1.5,1.5,0.3333333333333333,n.d.,0.16,1.4423076923076923,0.300333704115684
S2,4,W04_C7,EVAE,17.346139633147995,9.839760598502764,5.945361814889774,8.360611708302635,n.d.,8.60810520831016,5.375966507593023,0.08749999999999995,3.2915801160657807,2.3547942584588712,0.0634920634920634,8.358883679639893,1.752643231738186,0.2410714285714285,n.d.,n.d.,0.094017094017094,0.12916666666666665,0.2817460317460317,1.8183517104791893,0.5528133083019199,4.528583244353298,2.6584263206138194,10.253034346356976,2.7541711956397426,n.d.,1.2142857142857144,0.7718409909084986,n.d.,1.3351588693129557,0.1875,1.75,1.0,0.3333333333333333,n.d.,0.10357142857142855,1.0,0.217391304347826
S2,4,W04_C7,KDE,16.107797268243843,9.036901866960132,6.1856425853324595,8.838993336734179,n.d.,8.976373494088431,4.150943618849918,0.0580357142857143,3.0438028216165436,2.033419174008131,0.09375,6.928468701319985,2.8055422808414345,0.2098214285714285,n.d.,n.d.,0.0625,0.0625,0.2767857142857143,2.4448686405096103,0.7510107598317752,5.622641251555786,2.126699174109859,10.116867241594463,2.936318880400578,n.d.,1.2857142857142858,0.7317570674000495,n.d.,2.7736883791647355,0.3125,1.75,1.5,0.3333333333333333,n.d.,0.1666666666666666,1.6904761904761905,0.34384236453201966
S2,4,W04_C8,ADFNE,15.201589593220833,6.6633361121204775,6.0631812327677554,11.093636773907107,n.d.,3.3313890913993,2.8923192413704313,0.0,2.9052913787032293,5.661442520348281,0.125,10.829799783406605,4.200938839429381,0.125,n.d.,n.d.,0.0625,0.0625,0.21875,1.6952618203551135,1.331481964620406,1.5780173206747032,4.689433584360371,2.283497360192503,2.346511304593262,n.d.,1.0,0.5957712231613282,6.0,1.9515914708416364,0.25,1.0,2.0,0.5,n.d.,0.0433333333333333,0.6794871794871795,0.1129032258064516
S2,4,W04_C8,EVAE,14.68176474919056,6.012025976443431,8.149486740614375,11.227554376455656,n.d.,4.77982928106561,2.6909485815439416,0.1397058823529411,2.8154694924429657,6.514027559378721,0.10504201680672265,11.231919094446315,2.3598180207375803,0.047058823529411695,n.d.,n.d.,0.0666666666666666,0.0352564102564102,0.2208333333333333,1.4091084028948437,0.6579214672920458,0.33060676470885175,4.78066087244596,2.20282237239139,2.084359857510521,n.d.,1.0,0.7236758869117471,2.0,1.1021672778588734,0.3584558823529411,0.3333333333333333,1.75,1.0,n.d.,0.0611471861471861,0.30952380952380953,0.07523148148148145
S2,4,W04_C8,KDE,13.794384133254669,6.886259973402138,7.45019063197244,9.366970630213046,n.d.,4.8850443575363265,3.1947455051394007,0.0,3.1834595102200973,7.414717814263025,0.125,9.373575585835649,2.451319043836491,0.0625,n.d.,n.d.,0.0625,0.0625,0.1875,1.6451045228734276,1.252067847728445,1.6110738110460932,4.673973286757265,1.7070236827643792,1.9548223844132844,n.d.,1.0,0.653094850714395,6.0,2.153868175580521,0.25,1.0,2.0,0.5,n.d.,0.0465384615384615,0.554945054945055,0.1111111111111111
S2,5,W05_C1,ADFNE,17.664279114623668,5.025846598961934,5.685133426661982,7.462251448966997,13.52993709707218,2.9903086682639284,1.3578581522027773,0.0999999999999999,3.187294173969298,2.1309195251527226,0.1555555555555555,7.462251448966986,1.4383353775755958,0.0444444444444444,13.5289080213606,2.260302894526723,0.1555555555555555,0.0555555555555555,0.2555555555555555,2.0820026817754247,2.1648027279583397,1.641263726900174,4.155713233362091,1.7724536217443863,2.888913131276283,1.8266451934363488,0.1666666666666666,0.37446314155198523,0.8333333333333333,0.629497940613361,0.3013888888888888,0.3333333333333333,1.0,0.5,0.75,0.03985507246376805,0.5445134575569358,0.11666666666666665
S2,5,W05_C1,EVAE,14.042491652090767,5.628617640333772,6.358849178607102,4.2863847017194505,9.13138517553234,3.934265201517773,2.5452255099274756,0.1018099547511312,4.908240249240027,2.808934878473086,0.1388888888888889,3.6438761561450423,2.205649256938571,0.0384615384615384,8.782914668837785,4.338551609041682,0.10089869281045749,0.0555555555555555,0.2222222222222222,1.5348849437412841,1.0136571438721764,0.41731797798849274,3.175862953709464,1.9973325471634715,4.318238045052031,1.2519274466878945,0.1111111111111111,0.26482516992331284,0.6666666666666666,0.9240011179683743,0.37234477124182996,0.3333333333333333,1.0,0.25,0.5,0.06433823529411764,0.38095238095238093,0.1041666666666666
S2,5,W05_C1,KDE,18.03202614800891,5.458884099934252,5.571953473170952,6.485177777350615,8.112795468132404,4.761931037152592,1.4381648270087855,0.1666666666666666,3.566066678467883,2.1412866389219833,0.1555555555555555,6.4753555730011065,1.6328792901050544,0.0888888888888889,7.6572663055764325,2.8233166863521157,0.0888888888888888,0.0555555555555555,0.3222222222222222,2.0917768449302665,1.3754638605374732,1.21984253522149,3.664827890561812,1.932743967576771,3.340083551081138,1.6661543856181327,0.1666666666666666,0.3758863931821751,0.6666666666666666,0.6628099232828781,0.2319444444444445,0.4444444444444444,1.0,0.5,0.5,0.0509259259259259,0.3333333333333332,0.0947712418300653
S2,5,W05_C2,ADFNE,15.825799923484047,5.181036764550177,5.200411425601626,5.5930948856186475,n.d.,4.124862390338013,1.585787079968389,0.23333333333333325,3.0337136122553536,2.6022427345398897,0.0833333333333333,4.216692510144387,2.0492356070893116,0.1,n.d.,n.d.,0.1333333333333333,0.05,0.3083333333333333,1.304053125251255,1.0814033986804144,1.3809050476091433,1.791084959079018,5.839257688661824,4.199819289736352,n.d.,0.25,0.309350800320559,1.75,0.7466439360562236,0.1458333333333333,0.5416666666666667,0.30000000000000004,0.5,n.d.,0.12290969899665544,1.0846681922196795,0.2070238095238095
S2,5,W05_C2,EVAE,12.079478314973313,5.39086592700998,6.698771907717,5.558311818280292,n.d.,4.1296467825069545,1.7444422154549901,0.1384615384615384,3.2016683649137248,3.182450667554096,0.06561085972850675,4.221489959109529,2.2758176363789566,0.0538461538461538,n.d.,n.d.,0.15192307692307688,0.05,0.22608359133126932,1.0997417266517178,0.4338187251736342,0.47069055989459874,1.9872600923690857,4.82755404533327,3.8239145350394734,n.d.,0.3,0.2784826645508163,1.25,1.11194012158705,0.4405987394957983,0.45833333333333337,0.4,0.25,n.d.,0.1111111111111111,0.915720711073035,0.1771428571428571
S2,5,W05_C2,KDE,16.192296848331893,7.8050182230949705,6.592981979146508,4.258686824807678,n.d.,7.620372603808718,1.6680462711118564,0.1999999999999999,5.5430302294117375,3.0372016398991595,0.0499999999999999,2.306853363516569,1.698948456494482,0.1,n.d.,n.d.,0.1333333333333333,0.05,0.29999999999999993,1.3535851698404255,0.9951040595524074,0.8320390831003377,1.810521984370912,4.9129599721693715,4.533212645807238,n.d.,0.25,0.2969548358258921,2.0,0.7137771051317873,0.1458333333333333,0.5,0.2,0.5,n.d.,0.11769230769230765,1.2560700169395822,0.23875000000000002
S2,5,W05_C3,ADFNE,13.363193897918016,11.609788809425995,4.546856887144941,6.59887806357877,n.d.,11.6176487301676,3.17162608192635,0.0549019607843137,3.5436170660566013,2.6060080786690776,0.0862745098039216,3.222515584453524,5.4558513476924055,0.0823529411764706,n.d.,n.d.,0.1333333333333333,0.0509803921568627,0.203921568627451,2.1320729766863744,1.7873818183335581,2.394944312765477,2.7650023133240262,2.9268339155485963,2.738633340825314,n.d.,0.1176470588235294,0.3301382004072586,0.6666666666666666,0.7367492623575823,0.2857843137254901,0.1428571428571428,0.1666666666666666,0.5,n.d.,0.0797101449275362,0.4347826086956521,0.1064814814814814
S2,5,W05_C3,EVAE,12.676085854618023,7.397287855538888,4.384438278326181,6.271783206593645,n.d.,6.834269064854174,3.9797337304625264,0.0833333333333333,2.555872750252412,2.6512452686261216,0.08905228758169931,4.2915698243929885,2.2372828725570617,0.0490196078431372,n.d.,n.d.,0.125,0.08760683760683755,0.21446078431372545,1.2491391396122495,0.5881249722610798,0.5309483875785947,2.0644785458991226,2.505946684988896,2.3521330041245756,n.d.,0.2352941176470588,0.2732401410735632,0.5,1.2186954269113333,0.1481900452488688,0.1428571428571428,0.3333333333333333,0.5,n.d.,0.07121212121212114,0.5032258064516129,0.11666666666666664
S2,5,W05_C3,KDE,13.740810391625088,10.215843973106107,4.506519723210135,5.056954638213346,n.d.,10.290152575506472,3.3995144389779135,0.0117647058823529,2.90095773356643,3.2768554704006903,0.0862745098039216,3.7317067082492743,2.46139213454993,0.1,n.d.,n.d.,0.1333333333333333,0.1176470588235294,0.2156862745098039,2.007465665352926,1.6337482210499752,2.955005300974894,2.6685508233358917,2.5508996030194253,1.9643999973908317,n.d.,0.1176470588235294,0.358542106538157,0.6666666666666666,0.7829814536962512,0.3524509803921568,0.1428571428571428,0.3333333333333333,0.75,n.d.,0.061912225705329144,0.5885057471264367,0.10095579450418155
S2,5,W05_C4,ADFNE,14.81122119707058,5.476851739809858,4.963816457775163,n.d.,n.d.,4.2359299693387955,2.2872722223431223,0.188235294117647,3.48852775773366,1.8394759332073045,0.0941176470588235,n.d.,n.d.,0.10784313725490194,n.d.,n.d.,0.0588235294117647,0.0666666666666666,0.26862745098039215,2.2673858707212453,1.4284519241321583,2.722763725494555,3.3822071638417532,2.5887363178771965,n.d.,n.d.,0.1176470588235294,0.2978340005662155,1.25,0.5917789529183792,0.2504901960784313,0.4,0.2,1.5,1.0,0.06485507246376805,0.5961538461538461,0.12339273629596206
S2,5,W05_C4,EVAE,12.63520770419288,5.066317449265107,5.802764562551989,n.d.,n.d.,2.8759419074577375,1.578686885003079,0.21945701357466058,4.348698947493742,1.4845454735639434,0.0514705882352941,n.d.,n.d.,0.1078431372549019,n.d.,n.d.,0.0588235294117647,0.0588235294117647,0.25565610859728505,1.7535555053307745,0.3563509050772806,0.8891724371425025,2.522149410970868,1.8676214964168625,n.d.,n.d.,0.2352941176470588,0.2361210608089918,0.75,1.4202444215395942,0.4705882352941176,0.4,0.4,1.0,1.0,0.0758928571428571,0.4907407407407407,0.12126962221838875
S2,5,W05_C4,KDE,15.327212835197447,5.737549137557084,4.991981244907758,n.d.,n.d.,3.6390895881424092,2.9818649680464233,0.2549019607843137,3.3293718309951528,1.1222471842406927,0.0392156862745097,n.d.,n.d.,0.1411764705882353,n.d.,n.d.,0.0078431372549019,0.0666666666666666,0.2823529411764706,1.9496201270496627,0.9301395042497901,3.041364023553033,3.212160266948147,1.8121696372918945,n.d.,n.d.,0.1176470588235294,0.3152349500878955,1.5,0.6518551470385552,0.2504901960784313,0.5,0.2,2.0,0.0,0.0666666666666666,0.4772727272727273,0.12199413489736065
S2,5,W05_C5,ADFNE,8.384960143747039,5.065889929699894,4.464836025002716,5.1430700771307905,11.017698607535351,2.586672321399211,2.533822245713627,0.0470588235294117,2.5941716521165583,1.5560754377203008,0.0313725490196078,2.448713914518742,3.6609991428735826,0.0352941176470588,9.322417123049496,2.2318769717804243,0.0431372549019608,0.0333333333333333,0.1450980392156863,1.787321778914359,1.3682796606779442,2.3522726071871576,3.5213468654336593,2.8630799914611518,2.636186686047566,2.609769474366464,0.1176470588235294,0.28372730739302976,3.0,0.8055444549857721,0.2666666666666666,0.1666666666666666,0.0,0.25,0.3333333333333333,0.2108333333333333,0.4803312629399585,0.22272727272727272
S2,5,W05_C5,EVAE,9.100161425664115,5.898561968047354,4.607212783195582,6.801692938957118,9.34855789177616,5.266692654797282,1.8974162179691767,0.0649038461538461,2.947890889837998,3.2920287765488196,0.0723981900452488,3.552240160303172,6.537557003387683,0.07692307692307684,7.734482592920012,3.227089883575341,0.0542986425339366,0.06971153846153845,0.17873303167420812,1.3337061872933793,0.5219894043934159,0.45529258713350007,2.969812477296267,3.219277279475623,2.921228299199675,2.730714707897583,0.2352941176470588,0.22749076525420736,2.0,1.1089893918454972,0.6187782805429864,0.3333333333333333,0.25,0.375,0.3333333333333333,0.2583333333333333,0.6464646464646464,0.2572345072345072
S2,5,W05_C5,KDE,8.97390776480188,5.632119383902037,4.660023484638878,5.9386140604964694,9.949548766690553,4.30724438822772,2.2645944417500043,0.0196078431372549,3.680593010412097,2.335483554863909,0.0980392156862745,3.5201436406306987,4.164949160340919,0.06666666666666665,9.460532113975905,5.115929877107935,0.1098039215686274,0.0666666666666666,0.1725490196078431,1.7627290574089653,0.7146046342118695,1.8733489354641082,3.3654284524420826,3.3152546048795584,1.8596757370227732,2.387490585644204,0.1176470588235294,0.23087469987536663,4.0,0.8274881357303813,0.2666666666666666,0.1666666666666666,0.25,0.25,0.6666666666666666,0.1969696969696969,0.4327122153209111,0.211038961038961
S2,5,W05_C6,ADFNE,13.412862795546426,7.05306331069036,4.89039848563034,7.475936449353551,7.123653932953278,5.292501763878429,2.7273345011417454,0.2333333333333333,4.002771584485428,2.3261573698391853,0.2333333333333333,1.980012716685888,6.746762766800818,0.0444444444444444,5.130045347302715,1.9926880641801692,0.0888888888888888,0.0666666666666666,0.3222222222222222,1.5418398666695128,0.774490173084304,1.720666414167269,2.6836379808772564,3.7008358048394205,1.3082736128305354,2.220207550808981,0.1666666666666666,0.2733246225517183,1.5,0.7008351767462089,0.3208333333333334,1.0,0.5555555555555556,0.5,0.5,0.048181818181818145,0.6327272727272727,0.12797619047619047
S2,5,W05_C6,EVAE,15.320046451519762,8.418274908850082,5.843705924163939,7.609728907808865,5.968620019477839,5.892022753298024,2.347141558504495,0.141025641025641,4.395895869739963,2.895956909482498,0.2692307692307692,3.8744117384608057,6.280062444700086,0.1388888888888889,5.681514793229609,2.538908826053736,0.0683760683760683,0.0833333333333333,0.41452991452991456,1.281091681896398,1.035446989342391,0.7419453596165748,3.363981462102661,3.206574231608724,3.008097969491297,2.2974405682071453,0.2777777777777778,0.24013709768103708,0.5,1.3282359965039157,0.0769230769230769,0.3333333333333333,0.6666666666666666,1.0,0.5,0.0353535353535353,0.4027777777777778,0.1
S2,5,W05_C6,KDE,12.32799710231282,6.870844689194641,4.895331717613001,9.157946851869186,9.715502821311869,5.050133408142283,1.5088423360135934,0.2333333333333333,2.3669435474952576,2.1341025792238146,0.2333333333333333,3.79782545340478,8.42935831522269,0.0888888888888889,9.562299830632512,1.66765100284311,0.12222222222222215,0.0666666666666666,0.3222222222222222,1.4257425336372982,0.9000531691702199,1.522016259722589,2.2468075884867322,3.1936586865061685,1.6325466290325168,2.2031417510630584,0.1666666666666666,0.2446124485020444,2.5,0.7816410814504283,0.5875,1.0,0.5555555555555556,0.5,0.625,0.054308300395256845,0.9988811188811189,0.17401960784313725
S2,5,W05_C7,ADFNE,18.054147500670574,14.622724709756593,6.497096433403557,5.392803503219083,4.6074197710616644,14.626457670415235,2.944812611178752,0.14444444444444446,6.068917104375585,1.6876336997119044,0.0666666666666666,2.651170988177484,2.44693648953875,0.1999999999999999,2.2247336985808044,3.0748874644344033,0.0444444444444444,0.0666666666666666,0.2666666666666666,1.4114014501425451,1.2250380323440944,1.764903576699135,3.8300804317449044,2.55681869854631,2.1508673856482936,2.2101167762663945,0.1666666666666666,0.2456428874341537,2.25,0.6307049944568326,0.3208333333333334,0.375,0.3333333333333333,0.6666666666666666,0.5,0.0476190476190476,0.698005698005698,0.1448470209339774
S2,5,W05_C7,EVAE,13.035822165481871,13.455761244974465,5.823219224717091,4.90534472109343,5.504076061052419,13.523110882125168,3.6012407439584493,0.0854700854700855,5.3470077459361525,1.4353384720567357,0.09890109890109886,1.950227723605089,2.952669820510117,0.058974358974358945,2.6033137687157284,2.8247882613237003,0.0555555555555555,0.0714285714285714,0.21001221001221,1.2544958549098764,0.5388995260000229,0.708247001868344,4.674743788270927,2.3197187449905465,1.7508632834682285,2.2879451534004502,0.2777777777777778,0.20899212911102344,1.0,1.3765486069714339,0.1279761904761904,0.125,0.5,0.3333333333333333,0.5,0.0856676003734827,0.3157894736842105,0.09218227424749155
S2,5,W05_C7,KDE,17.30270433817941,12.121002246131578,6.495552778485029,6.399932831917158,5.5867736840024484,12.132190418178507,2.3601251646099417,0.14444444444444446,6.464843093136066,2.667774541113374,0.0666666666666666,3.8996694213137926,3.5389306320518914,0.1666666666666666,3.3186384206924187,2.9700077563239597,0.0444444444444444,0.0333333333333333,0.2,1.5224213098757844,0.7383684276679098,1.3428243740520862,4.533048949708574,2.0031504285126376,1.946652439983024,2.610312602923194,0.1666666666666666,0.1846859515870459,2.0,0.6423378942858471,0.3208333333333334,0.375,0.1666666666666666,0.5833333333333333,0.5,0.04978354978354975,0.5883597883597884,0.11943293059352675
S2,5,W05_C8,ADFNE,12.565747550302337,5.845995880982201,5.100725314881222,5.104212508843528,6.1085974528975555,2.6035617496689145,2.0843552120588775,0.1894736842105263,4.852152483060929,1.7190558747081317,0.0561403508771929,4.115022577433191,2.270579676923913,0.1157894736842105,4.540635649820407,5.277140494640446,0.0912280701754385,0.0385964912280701,0.2666666666666666,1.4070323965461968,2.147025677343571,1.3071218344423097,2.5667663629683863,2.191349363615396,2.9636867709971373,6.688983455510314,0.2105263157894736,0.3019224975436364,0.6666666666666666,0.6594851061921222,0.1921052631578946,0.5,0.25,0.5,0.6666666666666666,0.15106719367588925,0.4955555555555555,0.1508928571428571
S2,5,W05_C8,EVAE,11.666210041676795,7.7298430675519905,6.187829334115429,4.914961638429387,5.544302599277172,4.737077215581793,3.0527345493898608,0.0714285714285714,4.312900207109607,1.7653176756897562,0.0566801619433198,3.766606134758559,3.016729655522416,0.06730769230769229,4.206066349399023,3.4285131633712886,0.0745614035087719,0.0555555555555555,0.1902834008097166,0.9621542200653757,0.6805615385355313,1.2215232921508856,2.95118011755816,1.4634476091445574,2.9139121385845512,5.989423876012756,0.3157894736842105,0.30067179277259093,0.3333333333333333,1.43928688422357,0.1594129554655869,0.25,0.5,0.3333333333333333,0.3333333333333333,0.16113095238095235,0.5410101010101009,0.1591478696741854
S2,5,W05_C8,KDE,10.437509806762309,5.208479138611094,6.596436699211712,5.336999809643566,5.437540973500253,2.2573302032536158,2.3697574494989615,0.15614035087719294,5.922253598469521,2.555504485373396,0.08947368421052625,3.475842304943908,3.360444481571924,0.1157894736842105,4.596940965536531,3.87269007069468,0.0421052631578947,0.0385964912280701,0.2403508771929824,1.1954057344925435,1.4910061266568797,1.348445536110754,2.3770463614559043,1.4313092654035668,2.7784516905205727,7.677445668176983,0.2105263157894736,0.27674953295754534,1.0,0.675273583573764,0.2078947368421053,0.375,0.25,0.5,0.3333333333333333,0.13642857142857134,0.46464646464646464,0.1502100840336134
S2,6,W06_C1,ADFNE,14.551750468912205,6.8851015024559885,6.873203779897526,n.d.,5.963186487011598,4.446471439311946,3.8894954419618886,0.0737179487179486,5.489494790233338,3.179745638783003,0.1025641025641025,n.d.,n.d.,0.1121794871794872,3.944231686411901,3.4569038153842344,0.0897435897435897,0.0769230769230769,0.2467948717948718,1.5607383203239005,1.134503808894825,2.422639512003898,2.596568560250007,1.8150759042529476,n.d.,3.0573193802795013,0.4583333333333333,0.4483364827186478,0.375,0.8621176906297437,0.1842948717948718,0.5454545454545454,0.5625,1.0,0.75,0.0636474908200734,0.4008859357696566,0.1169468829043297
S2,6,W06_C1,EVAE,12.260096013715614,6.867932148207705,9.10653983212719,n.d.,5.73273141673834,3.865433570273769,3.5714253465954906,0.0801282051282051,8.085520832223201,3.449547448904462,0.1025641025641025,n.d.,n.d.,0.11309523809523805,3.473508411728596,2.9023348457475775,0.0641025641025641,0.0,0.2083333333333333,1.2198646994344458,0.5094845011046767,3.156103874868127,1.9125221488369584,1.943415174284541,n.d.,1.90711056848593,0.4583333333333333,0.390834919863955,0.375,1.7353874746619367,0.2213141025641026,0.49999999999999994,0.625,1.0,0.5,0.034096870082182096,0.34334625322997414,0.09150010745755416
S2,6,W06_C1,KDE,14.024764667559108,6.601632227938104,7.214560247936295,n.d.,5.465329408966658,3.3309930489163753,3.875012977570944,0.0737179487179486,4.7855861900702745,2.4720576965584957,0.1025641025641025,n.d.,n.d.,0.1891025641025641,2.3226214099790354,3.8933708469331663,0.0641025641025641,0.0,0.2532051282051282,1.2284682262162665,0.699742620713234,1.380168488282036,2.573335803473478,1.5780278695245575,n.d.,2.412819055407384,0.4583333333333333,0.4815831737700828,0.625,0.8147011795257868,0.2772435897435897,0.5454545454545454,0.5625,2.0,0.5,0.0708245243128964,0.6272727272727272,0.14127202013269263
S2,6,W06_C2,ADFNE,12.745752149387126,6.629882949715647,6.467426073968394,8.232091855837822,n.d.,3.328360610133311,4.464069733461748,0.2252747252747252,5.327509530803429,2.301040402298313,0.0512820512820513,5.140956842552039,5.902213441286413,0.1355311355311355,n.d.,n.d.,0.11538461538461535,0.0,0.2728937728937728,1.2741164350968184,1.004214426096285,2.2112547290942164,1.7823021645940214,1.7560134645858518,2.322237834940097,n.d.,0.3809523809523809,0.3920497140988596,0.3333333333333333,0.5751259087292439,0.3168498168498169,0.625,0.3571428571428571,0.5,n.d.,0.04740259740259735,0.3488721804511278,0.12499999999999994
S2,6,W06_C2,EVAE,10.988919387094997,5.550854455601423,6.706601674016904,9.1130219462686,n.d.,1.9815958204713309,2.539854826928728,0.1547619047619047,4.364775287681588,4.217981515197575,0.0833333333333333,8.289479254347835,2.853179313539123,0.0714285714285714,n.d.,n.d.,0.1666666666666666,0.0333333333333333,0.25595238095238093,1.6732151132072448,1.1862925839020566,4.5477523660329755,2.383020067632648,2.120605615177045,1.8540860213644133,n.d.,0.4285714285714285,0.25544716120471994,0.3333333333333333,1.2884342285728745,0.1101190476190476,0.5833333333333334,0.5714285714285714,0.5,n.d.,0.0803571428571428,0.25490196078431376,0.08779904306220096
S2,6,W06_C2,KDE,14.023393438085545,6.5669019573919325,5.759235070747502,7.206738574615254,n.d.,4.724686316715772,3.237082326694015,0.1868131868131867,3.687576824435772,3.8141028641254917,0.11538461538461535,5.312027395599738,4.390548784002391,0.1355311355311355,n.d.,n.d.,0.0769230769230769,0.0,0.31501831501831495,1.1672080172826775,0.8922206799165672,2.075467361348584,1.870184862992162,1.621243157043271,2.4298538209691687,n.d.,0.3809523809523809,0.3657641230823302,0.8333333333333333,0.7655380188050045,0.4706959706959708,0.5833333333333334,0.5714285714285714,0.5,n.d.,0.0545454545454545,0.6019047619047619,0.13345864661654128
S2,6,W06_C3,ADFNE,14.590248806960112,6.0131751581837944,6.096273131997296,n.d.,n.d.,5.133892713712317,3.0215202791056015,0.2712550607287449,3.412209296089716,2.9811012974917634,0.0931174089068826,n.d.,n.d.,0.19230769230769224,n.d.,n.d.,0.0769230769230769,0.0526315789473684,0.3319838056680162,3.012659237007018,2.594206722884465,5.479925212110173,3.474780118342293,3.2722990138331474,n.d.,n.d.,0.3157894736842105,0.5697070197299875,0.4285714285714285,0.8349009671941217,0.2160931174089069,0.6363636363636364,0.4285714285714285,n.d.,n.d.,0.1604454685099846,0.735483870967742,0.1681618819776714
S2,6,W06_C3,EVAE,10.166902123473529,5.673804496004054,5.171424531493461,n.d.,n.d.,3.3345365171573578,2.511395005008553,0.1622807017543859,2.862379128255373,2.0562898842197948,0.1184210526315789,n.d.,n.d.,0.1538461538461538,n.d.,n.d.,0.1483516483516483,0.0526315789473684,0.31983805668016196,2.0174462820648964,1.092444724396557,3.720720465161774,2.1099778266506384,3.1151934500622245,n.d.,n.d.,0.3157894736842105,0.47535616501693057,0.5714285714285714,1.4674023007301922,0.2160931174089069,0.5454545454545454,0.5714285714285714,n.d.,n.d.,0.1709433040078201,0.8828522920203736,0.16571586308428404
S2,6,W06_C3,KDE,13.991434386109319,6.403619113540544,5.174809921733419,n.d.,n.d.,4.709477039991295,2.8535848970866162,0.194331983805668,3.133557461206722,1.7801291083242576,0.1376518218623481,n.d.,n.d.,0.2307692307692307,n.d.,n.d.,0.1538461538461538,0.0526315789473684,0.3663967611336032,2.2496351552427303,1.6958484862619967,5.1752007967867115,3.296606444127276,3.0041732521114586,n.d.,n.d.,0.3157894736842105,0.5010025543593815,0.49999999999999994,0.625846266507996,0.2454453441295546,0.5454545454545454,0.49999999999999994,n.d.,n.d.,0.14987738162610825,0.663904923599321,0.14732854864433806
S2,6,W06_C4,ADFNE,11.263303154900143,7.799529591284616,5.832856412553895,6.493532858567336,7.650786998133125,4.24090647670058,4.734345321566797,0.0890688259109311,3.445838796403992,1.8080022761092884,0.1093117408906882,3.523985805213323,4.314469855642391,0.1255060728744939,5.921358978459801,3.4995960568065376,0.048582995951417,0.0526315789473684,0.1983805668016194,1.6344892494927676,1.4703825228347598,1.6174858512092878,2.248281205772823,2.062725030990228,1.819192590431467,2.7069831088304213,0.3157894736842105,0.38427071105117355,0.4285714285714285,0.9254846855652928,0.2727732793522266,0.4444444444444444,0.2,0.5,0.5,0.0548764960529666,0.3095975232198142,0.07499999999999996
S2,6,W06_C4,EVAE,10.199052870694938,6.7634085986996215,6.969143995491706,6.034962683730436,5.7708850206609705,4.280206570789889,3.603204261848745,0.1130952380952381,3.072807917169965,3.4870109921840977,0.0701754385964912,4.138715250775267,2.7584062560387226,0.0338345864661654,4.881899675404874,3.6879082374412375,0.037593984962406,0.0526315789473684,0.17199248120300745,1.011961517102167,0.6380023401885904,1.5801560999306885,1.3906046502492448,2.035770472810503,1.3951127517444277,2.0634001588433,0.3157894736842105,0.3197917927369305,0.5714285714285714,1.698199414671977,0.4029243782533255,0.3333333333333333,0.4,0.5,0.5,0.11874999999999994,0.5995670995670995,0.1380434782608695
S2,6,W06_C4,KDE,11.28223189799213,7.642212807238795,6.698810145056072,7.267202691189444,6.75252317241647,4.98104377568777,4.317287658271109,0.0890688259109311,3.3171481555585105,4.1227127455376005,0.1093117408906882,6.1095042502966,3.908998847028114,0.1255060728744939,6.780408956222375,2.035108676548993,0.1052631578947368,0.0526315789473684,0.2510121457489878,1.3350426370196162,1.0724263443685433,1.463960671212342,2.3193420797409847,2.326959881776969,1.845394378579552,2.3776437869338283,0.3157894736842105,0.41901902197418556,0.4285714285714285,0.707920368366568,0.23076923076923073,0.4444444444444444,0.4,0.5,0.5,0.12740641711229944,0.6909090909090908,0.14999999999999997
S2,6,W06_C5,ADFNE,12.324400225970443,5.496758326566213,7.138168438160964,5.5211602685705525,9.53358391993544,2.924486810365728,2.04892492802988,0.0989010989010989,6.910724632501802,1.37277996636075,0.1648351648351648,2.976385111159577,2.3314052345242606,0.2032967032967033,8.652387487333538,5.909518481320897,0.0659340659340659,0.0714285714285714,0.2747252747252747,1.0993729267097656,0.5687633172235842,1.5426367533967307,2.012546558033402,1.7918027243745813,2.091553797070249,2.7406471493620357,0.0714285714285714,0.10553746574661041,n.d.,0.7989447716047839,0.46909340659340665,0.25,1.0,0.6,0.5,0.059722885809842294,1.0546265328874025,0.21309125656951744
S2,6,W06_C5,EVAE,12.702392024302458,7.585817857455144,6.968983861880695,4.534492176116165,8.071786755372043,4.766875789574703,4.132488749584569,0.08181818181818176,4.732981024977492,2.2067003373914096,0.16098901098901097,2.602496119901769,2.2002953219254193,0.14999999999999997,6.379375143489231,4.607440533373078,0.0627289377289377,0.0714285714285714,0.27472527472527475,1.512535325332403,1.411297203137576,2.2879540814124537,2.8284381296043937,2.848023253145881,2.562711667643497,2.014923321536752,0.1428571428571428,0.10977849322917105,n.d.,1.2021093562545153,0.25187312687312685,0.25,1.0,0.5,0.5,0.0714285714285714,0.836098541980895,0.18019480519480519
S2,6,W06_C5,KDE,10.981076052453005,6.1946578533028855,7.652588915301239,4.675618289154679,7.356258170671261,4.198534023811067,3.2318940772627434,0.0769230769230769,6.76950711952255,1.732457256078387,0.1648351648351648,3.620452646601678,2.2439941143418363,0.1648351648351648,7.154344497712829,3.2821468833928797,0.0659340659340659,0.0714285714285714,0.228021978021978,1.3706705484902435,0.6317998754765695,2.086130587344277,2.143545129764094,1.6173114484716384,1.739904967314099,2.191068445579564,0.0714285714285714,0.14922405584074966,n.d.,0.8609750360154378,0.5460164835164836,0.25,1.0,0.5,0.5,0.0594405594405594,1.2473316157526684,0.2422281167108753
S2,6,W06_C6,ADFNE,11.86896682968921,8.037642021162597,7.272023233331921,6.682800181942165,n.d.,7.695064992496125,4.257422877775429,0.0384615384615384,4.070461610488206,4.547753406378957,0.0559440559440559,6.249526942770707,2.7389703015000624,0.1188811188811188,n.d.,n.d.,0.0769230769230769,0.0,0.1748251748251748,3.9840403030037503,3.3624230727557687,5.713549447429667,4.283111418865254,4.737474451658764,2.4417575160746328,n.d.,0.1818181818181818,0.318787333700972,0.3333333333333333,0.5246189280668927,0.23076923076923064,0.25,0.25,0.3333333333333333,n.d.,0.059090909090909,0.6888888888888889,0.11203379953379945
S2,6,W06_C6,EVAE,14.254541832128764,11.787172548014013,9.104346094100991,7.4141663441914805,n.d.,11.801673287302714,4.011576186449025,0.1136363636363636,3.843369664326576,7.189052362663947,0.1004784688995215,6.793696263062133,3.657824791319885,0.1243756243756243,n.d.,n.d.,0.1538461538461538,0.02777777777777775,0.275974025974026,3.2173341481907025,2.596653903105178,4.64312093621637,3.0565365223543575,4.298302117921828,2.3363702217156037,n.d.,0.13636363636363635,0.2248890294124633,0.5,1.4362483672151636,0.3907342657342657,0.25,0.25,0.6666666666666666,n.d.,0.062406015037593895,0.8,0.13557933294775393
S2,6,W06_C6,KDE,11.12788348332915,9.580085461199305,7.0917674202987335,7.345487335942212,n.d.,7.106222520192301,4.399338432174391,0.0209790209790209,3.7946002969064443,6.162848104524331,0.0559440559440559,6.6971843428572555,3.4256124681717806,0.1188811188811188,n.d.,n.d.,0.0769230769230769,0.0,0.1643356643356643,3.9573642094052186,3.5409955048778174,7.692693639614947,4.653263643451346,4.809073082952638,2.5203557348638244,n.d.,0.1818181818181818,0.30771066829155147,0.5,0.547466724488167,0.2368881118881118,0.25,0.25,0.3333333333333333,n.d.,0.06178489702517155,0.7012531328320801,0.0991379310344827
S2,6,W06_C7,ADFNE,14.461431085303575,10.594061872175867,6.295391519609632,3.7406243502834022,7.090446284038774,10.619423193338562,1.6843311109711276,0.1179487179487179,4.658936195347252,2.704428023951305,0.0769230769230769,2.758617836402019,1.6041422170300026,0.0461538461538461,6.7440307798338734,6.333595402043905,0.0564102564102564,0.0,0.1948717948717948,1.3745498000543597,1.2268730279773918,1.6031616537341424,2.097932339578729,2.8945683108637796,2.8112218632851675,2.3216073776440647,0.1333333333333333,0.19131363629442522,1.0,0.6459163198190925,0.439102564102564,0.25,0.24999999999999994,0.3333333333333333,0.5,0.1061447811447811,1.1754385964912282,0.20948878707499397
S2,6,W06_C7,EVAE,12.362461595786977,10.202242275361474,5.322233725550422,4.8775077664495186,6.454018590709572,9.738478028662335,2.4912337154684785,0.09242424242424241,3.999272995083861,2.4543989256704144,0.11363636363636359,4.363749465972619,1.6877238139722048,0.0535714285714285,5.398783216960715,2.819429712513153,0.06428571428571425,0.05902777777777775,0.2318181818181818,1.2468381320664026,0.29256685685663525,0.3590743833420096,2.4069776939537872,2.6848527551575896,2.4480036556358415,2.407770157260171,0.2,0.18407119660506743,0.5,1.0937332832368192,0.8422619047619047,0.375,0.3333333333333333,0.3333333333333333,0.5,0.07115009746588691,0.6343434343434343,0.141551724137931
S2,6,W06_C7,KDE,13.13758251189267,8.200296205746056,5.455134072634827,9.856999956680827,6.234924397382775,8.073774956500646,2.6229324139401315,0.1179487179487179,4.083970815675708,2.670069112722597,0.0923076923076923,9.710665349418157,2.5414197113343064,0.0461538461538461,4.02812573641541,2.596299774363163,0.0564102564102564,0.0,0.1692307692307692,1.280030993696753,0.8328779719247759,1.70768802194672,1.4859357823058417,2.7193086452599893,2.3930452227030257,2.7525205725612336,0.1333333333333333,0.2738024149339787,1.0,0.6123224333500059,0.439102564102564,0.25,0.3333333333333333,0.3333333333333333,0.5,0.051895769287073595,0.6825396825396826,0.146551724137931
S2,6,W06_C8,ADFNE,21.507676418536747,n.d.,5.8918064616054835,7.4737539105067885,5.340774179837365,n.d.,n.d.,0.3846153846153846,3.480102846020792,2.687572203000946,0.0512820512820513,4.0663705115852595,6.303064323601353,0.1794871794871794,2.5593581063063247,3.6760209698338713,0.2564102564102564,0.0,0.4358974358974359,3.257173621893299,3.076219654538819,3.437848755524934,n.d.,2.876991498230739,9.549442789331199,2.0367209186491344,1.1666666666666667,0.3829707571838099,3.0,3.0025893242828716,0.1554487179487179,n.d.,1.5,0.5,0.5,0.10263157894736841,0.8888888888888888,0.17097902097902096
S2,6,W06_C8,EVAE,17.870167685790076,n.d.,6.185549487008071,6.530515947533004,6.663202933879645,n.d.,n.d.,0.25,4.141121407390811,2.7874060154991263,0.10336538461538455,2.7757661922858086,5.668502382560343,0.0833333333333333,3.943810685536513,2.70365438160088,0.1710526315789473,0.0,0.3565705128205128,2.455590936679242,1.7945435452981195,2.683637817486942,n.d.,2.488027769477745,8.822422912730204,2.042913569310512,1.0833333333333335,0.49459920818551995,2.0,3.0747659221550445,0.35416666666666663,n.d.,0.5,0.5,0.0,0.10882352941176471,0.715219421101774,0.1426470588235294
S2,6,W06_C8,KDE,21.77383177439384,n.d.,6.344960505943722,7.858181924185225,4.315240907204738,n.d.,n.d.,0.3076923076923077,3.7987895049623863,2.489991892044939,0.1025641025641025,4.135210469708374,6.748053937231094,0.1025641025641025,1.1282379583171624,3.025740157392957,0.2564102564102564,0.0,0.3846153846153846,3.439334581589541,2.283631669531701,4.688944605480893,n.d.,2.758878384325061,7.597776159376912,2.5287762875694293,1.1666666666666667,0.32156674247812767,4.0,3.1477956902046538,0.1554487179487179,n.d.,0.5,0.5,0.5,0.1,1.0174603174603174,0.18846153846153846
S3,0,W00_C1,ADFNE,10.160154414341132,9.745803440928203,4.929938853598214,7.407335115241294,3.596518032317358,6.061080451538324,4.66128008731505,0.0559440559440559,3.4900372835182756,2.359727519286044,0.14335664335664336,2.996075531899839,5.4763774677477,0.1048951048951049,2.844051825957929,2.164453461769536,0.0769230769230769,0.0769230769230769,0.2377622377622378,1.3676630659473776,0.9470725814422507,2.233349698411904,2.551564228920962,2.021843856577105,1.8840762294525812,3.5156665206539244,0.5769230769230769,0.4486993243965245,0.75,0.9554367494098912,0.5157342657342658,0.5,0.7083333333333333,0.5,0.5,0.0292397660818713,0.5063938618925832,0.125
S3,0,W00_C1,EVAE,13.517772397127592,12.68925397332852,5.311637357209741,5.692735240540646,5.629989061081904,12.66462469949816,2.4438790919061537,0.0923076923076923,3.307336775971323,1.8888039777325911,0.2115384615384615,4.019729656603252,4.1565005057674025,0.0973193473193473,3.952361702512757,1.8869999078181068,0.0897435897435897,0.0769230769230769,0.31546231546231546,1.522030761805989,0.6247094613272641,1.1997784097010467,2.5644146636596683,1.6300211705946397,1.8451024566299208,2.9366571169948568,0.5769230769230769,0.45185936353535006,0.5,2.1379915903420055,0.1647241647241648,0.625,0.75,0.5,0.5,0.0652173913043478,0.4882943143812709,0.11948529411764705
S3,0,W00_C1,KDE,11.308617978021243,9.827960892738696,4.988458036248831,6.974587490022176,4.192031991483887,9.549130756702493,3.720051276799837,0.13636363636363635,3.964552559010924,3.0445988930665253,0.1888111888111888,3.21792753083602,4.951212129360103,0.1048951048951049,4.192031991483887,1.3293109170059032,0.0769230769230769,0.0769230769230769,0.2657342657342657,1.279432662016414,1.0388022013484541,1.4975718595916299,1.6723637241975864,1.7382854067533384,1.5417065754051409,2.5019080931041926,0.5769230769230769,0.4833908057466215,0.5,0.9009899714793321,0.515734265734266,0.5,0.75,0.5,0.5,0.0652173913043478,0.7902173913043479,0.15784706331045
S3,0,W00_C2,ADFNE,14.529279402093199,11.590691570106664,7.824849173340552,n.d.,7.225047757196769,12.276237882428326,5.497294700852179,0.1636363636363636,7.220293227807888,2.349069879984736,0.1818181818181818,n.d.,n.d.,0.1318181818181818,7.087545300847316,7.6597331172655885,0.059090909090909,0.1,0.2954545454545454,1.2389478727583703,0.7994125837503135,2.537747451572333,2.1348098622921476,1.85668556591278,n.d.,1.45160182027394,0.45,0.3957308752661146,0.6666666666666666,0.6447503816567471,0.3772727272727275,0.25,0.6499999999999999,1.0,0.6666666666666666,0.06045751633986925,0.6191950464396285,0.1315315315315315
S3,0,W00_C2,EVAE,14.82190470113365,15.246350070087807,8.036372248375214,n.d.,6.332536652778965,13.3459286684748,7.020430969715633,0.0999999999999999,7.328267614925459,3.276925230371626,0.2272727272727273,n.d.,n.d.,0.1318181818181818,2.5262266487940623,3.8721679450990805,0.05,0.09090909090909091,0.3,1.3924938892021053,0.30617492707588456,2.866778834795084,2.60753882222923,1.34840461819852,n.d.,2.54909647250747,0.5,0.3890093484796108,0.6666666666666666,1.833628990217378,0.1333333333333332,0.25,0.7,1.0,0.3333333333333333,0.0551470588235294,0.3653846153846154,0.08468468468468471
S3,0,W00_C2,KDE,15.355646051684396,13.467522127935798,7.985517077186497,n.d.,6.662892142462614,9.90133250902548,6.4644776306530165,0.1636363636363636,6.232928521596783,4.984342607368782,0.2272727272727273,n.d.,n.d.,0.2227272727272727,1.214569406792169,7.207792207859429,0.059090909090909,0.1,0.3863636363636363,1.3184887918216648,0.994235931387494,2.0532430844736522,1.8901999440306945,1.5710941947560957,n.d.,1.397881021282958,0.45,0.33327178465362917,0.6666666666666666,0.603807194300275,0.5590909090909093,0.25,0.7,2.0,0.6666666666666666,0.0619195046439628,0.7264705882352942,0.16296653796653793
S3,0,W01_C1,ADFNE,23.06165501641513,n.d.,7.358806756383838,4.812236347224824,n.d.,n.d.,n.d.,0.2662337662337662,5.742375974700016,1.3711856247395922,0.0844155844155844,2.9557495697799894,1.8445537598567512,0.3311688311688311,n.d.,n.d.,0.0714285714285714,0.0909090909090909,0.42207792207792205,2.9644000380696,2.4688999974271715,1.9978362713680509,n.d.,2.7499303421550647,5.60935397135734,n.d.,0.2727272727272727,0.1303129615041648,n.d.,1.5135431647488735,0.4878246753246752,4.0,0.6666666666666666,0.5,n.d.,0.1225,1.3956521739130434,0.2774725274725275
S3,0,W01_C1,EVAE,19.403700391658298,n.d.,6.408758588912412,4.383037696135803,n.d.,n.d.,n.d.,0.0693473193473193,4.607836461902248,2.561108441751884,0.0606060606060606,1.95413320281028,2.834121081097498,0.2121212121212121,n.d.,n.d.,0.1742424242424242,0.0519480519480519,0.3538961038961038,2.432795369623549,2.9439858470711897,3.0597935983804914,n.d.,2.147064864933005,5.599669373527734,n.d.,0.22727272727272724,0.1859401479651983,n.d.,0.6820089528213561,0.0806277056277056,1.0,0.3333333333333333,0.3333333333333333,n.d.,0.060661764705882346,0.8,0.17914438502673796
S3,0,W01_C1,KDE,20.395740430546915,n.d.,6.385938796693169,5.693871568118967,n.d.,n.d.,n.d.,0.1948051948051948,4.610752015213143,3.612728515659706,0.0584415584415584,4.864437677745558,1.9380889050475911,0.2597402597402597,n.d.,n.d.,0.1428571428571428,0.0909090909090909,0.3506493506493506,3.040257150775571,2.5761643569059975,3.6362787085928536,n.d.,2.070345598033004,6.069420536000204,n.d.,0.2727272727272727,0.1674468376821986,n.d.,1.49791708028748,0.4163961038961038,3.0,0.3333333333333333,0.3333333333333333,n.d.,0.12771739130434778,1.1314285714285715,0.25
S3,0,W01_C2,ADFNE,14.766942675904975,n.d.,5.489440045685117,6.280918041025534,4.624888991165158,n.d.,n.d.,0.3571428571428571,3.2377115652087487,3.602947556367172,0.1142857142857143,3.686329696999297,2.5823597778106464,0.07142857142857136,2.003941827341584,3.623649328077167,0.2285714285714285,0.1,0.4142857142857142,1.9185144462588097,0.637270912105618,5.244346952885865,n.d.,2.187037110326456,3.070757206004495,5.729303433508112,0.4,0.2123233018641219,n.d.,1.583879192829716,0.2642857142857143,n.d.,0.25,0.5,0.6666666666666666,0.038866930171277944,0.8840579710144929,0.1891025641025641
S3,0,W01_C2,EVAE,12.425274936284112,n.d.,4.830876695154046,5.579012699026016,5.985734983007128,n.d.,n.d.,0.2582417582417582,2.805820563015761,3.0026072528263814,0.15,3.071857996892146,2.611151629203558,0.07922077922077915,6.036598983416581,2.140922946963543,0.1397435897435897,0.1,0.3384615384615385,1.5720708356280424,0.35620641883641835,5.263127277195179,n.d.,2.0022968541456323,2.381716276880007,6.262509098621216,0.3,0.1540302137717024,n.d.,0.6692319501423288,0.1297348484848484,n.d.,0.25,0.75,0.3333333333333333,0.04076086956521735,0.3832442067736186,0.08712121212121204
S3,0,W01_C2,KDE,14.465662705931834,n.d.,3.9198741777626775,5.628168177934075,6.177786011128251,n.d.,n.d.,0.2857142857142857,2.448110102123497,1.6932672581077162,0.1142857142857143,2.851776706020938,2.7264990839617296,0.0857142857142856,6.228650011537703,2.7581278845805404,0.1571428571428571,0.1,0.37142857142857144,2.1092178214865194,0.7297344156536234,5.868981939848002,n.d.,1.9060232421712895,2.555584355399575,7.416159348472156,0.4,0.16648330950881596,n.d.,1.5172467022088707,0.1428571428571428,n.d.,0.25,0.5,0.3333333333333333,0.0716666666666666,1.0,0.21651785714285704
S3,0,W02_C1,ADFNE,16.845837718942484,9.141736786986709,7.584285075935416,n.d.,4.4065680414672705,3.443601235006648,7.0954556674203015,0.1428571428571428,2.922498391543944,7.520423006091131,0.17857142857142855,n.d.,n.d.,0.1071428571428571,4.159487679564091,2.9336040415453613,0.1428571428571428,0.0714285714285714,0.3571428571428571,3.9482742544976546,5.3540750243384,3.825130667619683,5.253770860218296,3.4299262528510557,n.d.,4.8238408748829364,0.0,0.38186673922339465,0.4,0.6599228119233055,0.1428571428571429,0.2857142857142857,1.25,1.5,0.6666666666666666,0.1090909090909091,0.7453734671125976,0.13767806267806265
S3,0,W02_C1,EVAE,20.454739863628706,9.734384352778175,7.256260934480632,n.d.,6.290840550102816,7.7329990656966,6.125230485657851,0.2238095238095238,3.1677184504620137,6.14547991191049,0.1363636363636363,n.d.,n.d.,0.1785714285714285,5.375693818847124,2.5206756231743865,0.0714285714285714,0.06666666666666665,0.33484848484848484,3.7311782143312096,5.138723455979806,4.521498177220549,3.4505444467643684,4.110762795266142,n.d.,3.798396138539069,0.0,0.38155546733265255,0.6,1.5201060460146354,0.18138111888111885,0.4285714285714285,1.0,2.0,0.3333333333333333,0.13212669683257916,1.436591478696742,0.2416149068322981
S3,0,W02_C1,KDE,18.70839096459366,7.3668674978819535,5.972053274461306,n.d.,6.067400494647119,3.7311956318533595,5.167785116851234,0.2142857142857143,2.7751296945647796,5.655893411457476,0.1428571428571428,n.d.,n.d.,0.2142857142857142,5.71972037613802,1.6558186166793318,0.1428571428571428,0.0714285714285714,0.3571428571428571,4.244923822079539,5.19042891309201,4.367296233816706,5.179340034027681,3.245375895964414,n.d.,4.533055450382301,0.0,0.4075827967917996,0.4,0.6050866725933375,0.2857142857142857,0.4285714285714285,1.0,3.0,0.6666666666666666,0.1069264069264069,0.8,0.13443738656987292
S3,0,W02_C2,ADFNE,10.278000881504232,6.615474679003884,7.7463096503908435,6.815466601690083,n.d.,4.570759160559343,3.1475203777786565,0.0571428571428571,3.714051319683058,5.894895317735647,0.25,4.42716840507469,3.258925591135662,0.0857142857142856,n.d.,n.d.,0.0714285714285714,0.0714285714285714,0.2785714285714286,4.488512789987552,5.433323538755593,5.773868983786527,4.019379932789125,5.70470273961198,4.51582103485366,n.d.,0.4,0.2263030225581666,0.4,0.7410730691666841,0.2214285714285714,0.6666666666666666,0.30000000000000004,0.75,n.d.,0.1178489702517162,1.01921470342523,0.1904761904761904
S3,0,W02_C2,EVAE,11.669815841917297,6.591288343177259,8.243344502494006,5.311143021628697,n.d.,2.1534867903501533,4.1379791811052415,0.0535714285714285,3.8381253636321615,7.544107778899529,0.2512820512820513,3.1214407257098182,3.243468273727672,0.0857142857142856,n.d.,n.d.,0.13809523809523805,0.0714285714285714,0.31666666666666665,3.9140134355773997,5.243518940038875,5.862008991647494,3.4428490630687962,6.115256850834268,4.019935990855251,n.d.,0.4,0.1981315078173826,0.6,1.512501651356104,0.33541666666666664,0.3333333333333333,0.30000000000000004,0.5,n.d.,0.051315789473684204,1.6365079365079365,0.264069264069264
S3,0,W02_C2,KDE,10.598974485157314,6.437586233543579,8.190341705112838,6.460418885111471,n.d.,4.768422416746226,1.9291263418670672,0.0571428571428571,2.880593873659304,7.697093329682845,0.2142857142857143,3.167636281222524,3.1522535961165703,0.0571428571428571,n.d.,n.d.,0.1428571428571428,0.0357142857142857,0.2785714285714286,4.326140360454863,5.2595578236996,6.63919623331131,4.538393703048424,5.109751078754843,4.175071415796426,n.d.,0.4,0.2031163195161545,0.5,0.9747395817636004,0.2214285714285714,0.3333333333333333,0.2,0.5,n.d.,0.12771739130434778,0.8026418026418027,0.19817927170868344
S3,0,W03_C1,ADFNE,11.308739576836864,7.269464511173448,5.820867517731136,5.015266033140127,n.d.,6.256461804047665,2.8269684708787257,0.1071428571428571,3.0789506251390737,4.662499977233832,0.2767857142857143,4.196550787702549,4.8089620606634575,0.0892857142857142,n.d.,n.d.,0.0714285714285714,0.0625,0.2767857142857143,1.8860006436087255,3.5717011191542527,1.8075745195507054,2.6806848247637127,3.011916435688816,3.704266379289432,n.d.,0.125,0.2834906715410296,2.0,0.7752542909453239,0.2678571428571428,0.25,0.5555555555555556,0.5,n.d.,0.0931372549019608,0.45565217391304347,0.13138888888888883
S3,0,W03_C1,EVAE,12.973461945823601,6.765720848873919,7.341467462905947,6.559119040430616,n.d.,5.496814873802324,2.573072478582464,0.11038961038961034,6.136760040423387,5.093479479749234,0.30113636363636365,5.162654959515456,2.648381965291233,0.125,n.d.,n.d.,0.1333333333333333,0.0625,0.34821428571428564,1.5754061998197701,2.9308176012703147,0.9444152201912648,1.9386762710837844,3.402713720812733,3.096485843883144,n.d.,0.125,0.2234805975280574,1.0,1.4797435191559214,0.4464285714285714,0.25,0.6666666666666666,0.5,n.d.,0.1139705882352941,0.36666666666666664,0.1201298701298701
S3,0,W03_C1,KDE,12.606518334815643,6.297451230790255,6.344763608666625,6.722374398817552,n.d.,4.017105851034433,1.9852101081027025,0.1071428571428571,3.9246349030732497,3.586048984005318,0.2767857142857143,6.429660172655582,4.075780783161703,0.14285714285714285,n.d.,n.d.,0.1428571428571428,0.0625,0.3392857142857143,1.6493402177832506,2.8116305368985084,1.1243095288841791,2.5341249377497057,2.815361673087003,3.0346502346774336,n.d.,0.125,0.20423296315846778,3.0,0.8620363507033983,0.2678571428571428,0.25,0.5555555555555556,1.0,n.d.,0.08753778191118344,0.25085251491901117,0.1282051282051282
S3,0,W03_C2,ADFNE,9.986421800147129,6.5104399382994345,4.721057496225481,7.221744901211618,n.d.,5.642458972937203,2.3798443659237023,0.0396825396825396,2.990548875612743,1.8379295070014208,0.1071428571428571,7.290316268010097,1.9838114884898905,0.0634920634920634,n.d.,n.d.,0.1071428571428571,0.0555555555555555,0.2063492063492063,1.3177495915009372,0.888898944941427,1.2321036601959323,2.424774005671184,4.2793231190867145,2.0543802983864325,n.d.,0.2222222222222222,0.28080491702788013,1.0,0.8317694423171015,0.2182539682539682,0.2857142857142857,0.3333333333333333,0.25,n.d.,0.0976190476190476,0.7418181818181818,0.1527409372236958
S3,0,W03_C2,EVAE,10.153336373475046,6.700584206982216,5.635550641269117,8.151980900189464,n.d.,6.112301057154864,3.1271052746186685,0.0396825396825396,3.545361158814673,2.6820757245815123,0.0833333333333333,8.10944134297287,2.1118236385475497,0.0738705738705738,n.d.,n.d.,0.1428571428571428,0.0555555555555555,0.22619047619047616,1.017521754493967,0.48161999829631763,1.6959478105237529,2.5252209464238065,3.9079130851060624,1.4494527889545685,n.d.,0.2222222222222222,0.2948874294229753,0.0,1.1518920948916938,0.2103174603174602,0.3571428571428571,0.3333333333333333,0.25,n.d.,0.054093567251461944,0.2521531100478468,0.0733333333333333
S3,0,W03_C2,KDE,9.875094785449654,7.903880419438517,6.273981951126009,10.611007483499783,n.d.,5.445754958412568,4.143267264184531,0.1031746031746032,4.644549953427283,1.879291831644979,0.0476190476190476,10.667841374442895,2.082612993202273,0.0634920634920634,n.d.,n.d.,0.1428571428571428,0.0555555555555555,0.2222222222222222,1.5062320786883516,1.04254567975586,2.112414042703874,2.1589472921075057,3.9288936177580505,1.7676057419460256,n.d.,0.2222222222222222,0.24943853162595386,2.25,1.0549022368004235,0.1428571428571428,0.4285714285714285,0.3333333333333333,0.25,n.d.,0.13068181818181815,1.261077595173705,0.23051282051282046
S3,0,W04_C1,ADFNE,15.95813642579411,7.011609541543619,9.141461658855325,n.d.,8.80359704833286,3.528240568432966,4.6270905893276995,0.0714285714285714,8.92666649548223,2.406628007946806,0.1428571428571428,n.d.,n.d.,0.2142857142857142,8.803597048332852,3.214098531135021,0.0714285714285714,0.0714285714285714,0.2857142857142857,2.2426269883201497,2.059841237259698,1.718325321416144,4.228923236377693,2.774836678412604,n.d.,2.4045116467623777,0.0,0.2826266318744438,n.d.,0.8792780873582134,0.2857142857142857,0.1666666666666666,0.3333333333333333,n.d.,0.5,0.0404420141262246,0.7456641604010025,0.15713248638838465
S3,0,W04_C1,EVAE,14.517104511136147,6.2804796197127075,6.585937164035804,n.d.,5.7342541945517445,3.7839668792903476,2.6580355787234033,0.06818181818181815,6.567540697313883,2.384060658832394,0.1978021978021977,n.d.,n.d.,0.2142857142857142,5.634912582335563,2.1812193900389127,0.0659340659340659,0.0333333333333333,0.2857142857142857,1.7490330895866895,1.8620711255926374,1.2164398478448062,2.503504419154229,3.2016335708445007,n.d.,2.1578308822042813,0.0,0.2394892526405969,n.d.,1.1149219430433026,0.18138111888111885,0.1666666666666666,0.5,n.d.,0.5,0.04999999999999995,0.5270302452964992,0.1222856091277143
S3,0,W04_C1,KDE,17.322717448443164,6.8143120700390725,7.314016578280525,n.d.,8.570510272035193,4.006845269991713,5.393241473450059,0.0714285714285714,7.312665416291232,1.9483051542112,0.2142857142857142,n.d.,n.d.,0.2142857142857142,8.620795841538344,1.579350591331529,0.0714285714285714,0.0714285714285714,0.2857142857142857,2.025028944397473,1.2958853393907277,2.073518299706122,4.002787998855038,2.884078020957141,n.d.,1.9405851823249924,0.0,0.24511323911710484,n.d.,0.8146534029678603,0.2857142857142857,0.1666666666666666,0.5,n.d.,0.5,0.09247331615752664,1.2993551071354275,0.25623085491506536
S3,0,W04_C2,ADFNE,12.271776216886561,6.831808853229624,5.955065662190398,7.28115674924252,n.d.,6.535409416077659,2.307348043093061,0.1428571428571428,2.522851817151178,2.8068349593064,0.0714285714285714,3.4452159435547,5.418112295463536,0.0714285714285714,n.d.,n.d.,0.0714285714285714,0.0,0.2857142857142857,3.4296756573395664,2.905019571836013,5.850041434593242,6.002797911072701,2.249849639948405,7.511645221307814,n.d.,0.0,0.40020464388340227,0.5,0.7253650913441307,0.28571428571428575,0.2857142857142857,0.25,0.5,1.0,0.09906832298136639,1.3929670329670332,0.1819444444444444
S3,0,W04_C2,EVAE,11.30675481798078,5.667024681435864,5.8388315015640035,6.861925759999405,n.d.,3.4863974819362724,2.7683284266952946,0.1428571428571428,4.122065895014416,2.7978501335763672,0.06318681318681316,3.549701955570997,5.624498431390776,0.0714285714285714,n.d.,n.d.,0.0714285714285714,0.0333333333333333,0.2142857142857142,2.5305488548685613,2.2601572560656593,5.409168426185017,3.9047846171204745,1.7875962046659803,6.5533055186258355,n.d.,0.0,0.3227506639603651,0.6666666666666666,1.5445127492975221,0.6625,0.2857142857142857,0.25,0.5,1.0,0.16150793650793643,1.8599661208356861,0.2899999999999999
S3,0,W04_C2,KDE,12.830506910651586,6.300955021194017,6.97578237569982,6.870152482086808,n.d.,3.8098950685008113,1.691831250026059,0.2142857142857143,4.835482525902492,5.03860980641149,0.0714285714285714,5.106072332640197,7.14461554372053,0.1428571428571428,n.d.,n.d.,0.0714285714285714,0.0,0.25,2.8944929610572863,1.793950937277922,6.254404175280547,5.47294250297972,1.5329895908544209,6.282385149890431,n.d.,0.0,0.31183058922884455,0.3333333333333333,0.6236571573928656,0.28571428571428575,0.4285714285714285,0.25,1.0,1.0,0.1233766233766233,1.428095238095238,0.2166666666666666
S3,0,W05_C1,ADFNE,20.520919712137157,6.253532006192947,6.139886785314843,7.793674964673658,5.591603949997519,4.461413737068705,2.906965559746588,0.17857142857142855,3.913620157951332,2.0799328899834864,0.1746031746031746,7.192265925487811,2.544043364011966,0.1031746031746031,4.171501200345787,2.586934090774885,0.0793650793650793,0.0555555555555555,0.33333333333333326,2.349343160655091,1.8772406867161084,1.915743627528486,4.2530119959904615,2.12511800922418,3.781996957950117,1.923580570606371,0.2222222222222222,0.43666047320352763,0.6666666666666666,0.6900556048541706,0.2142857142857142,0.5,1.0,0.5,0.5,0.035,0.4142857142857143,0.10515873015873015
S3,0,W05_C1,EVAE,17.137730699393355,5.194043795056139,5.7404871381332185,8.041343973650253,7.228665358165852,2.3285097208579253,1.966500870134361,0.1428571428571428,3.4976703170535712,1.4862373193500913,0.15025252525252525,8.000559491500907,2.7413755903008603,0.0735479797979798,6.45045800465792,4.680740802710576,0.0793650793650793,0.0555555555555555,0.26686507936507936,2.00238159470709,1.8246967520401574,1.695849392862221,3.1396701072164497,1.6342159088382537,3.436085670840389,2.0381801922284786,0.2222222222222222,0.41344774623615804,0.5,1.3471160891261522,0.32430555555555546,0.4444444444444444,0.5,0.5,0.5,0.057544757033248045,0.40153452685422,0.07977207977207976
S3,0,W05_C1,KDE,21.325645072316,6.003837402433046,6.27649131379106,9.171021204744884,3.505025174746096,4.3318550279579835,3.0887285834555245,0.1428571428571428,3.785050443358109,2.747290706774804,0.1746031746031746,9.17074475716013,3.8964204904433526,0.1746031746031746,3.506050166705036,0.9130082368934972,0.1507936507936507,0.0555555555555555,0.3492063492063492,2.207348150344169,1.3409932897004195,2.2141019367195085,4.252342525375937,1.6467512309791568,3.5450036933800897,1.7822755657012712,0.2222222222222222,0.4248809404498012,0.3333333333333333,0.7747676128663866,0.1428571428571428,0.4444444444444444,1.0,1.0,0.75,0.0528656126482213,0.466403162055336,0.0925324675324675
S3,0,W05_C2,ADFNE,18.93602479638964,6.55415891150497,7.312130170463243,5.330779856133634,n.d.,6.119824555585111,2.163384538277099,0.2428571428571428,5.810720575133143,3.19227707138807,0.0357142857142857,3.1708451573586567,2.4380611449033083,0.1857142857142857,n.d.,n.d.,0.0714285714285714,0.05,0.32857142857142857,1.5055378860097415,1.4011989662153472,1.4451864309946556,2.0041435893247637,6.360334034774417,3.792959393705156,n.d.,0.3,0.3690450027076242,1.5,0.6097429878745195,0.1535714285714285,0.5833333333333334,0.4,1.0,n.d.,0.0834782608695652,0.8636024844720498,0.16441687344913147
S3,0,W05_C2,EVAE,15.263819327431715,6.7677740305268905,6.228135923385629,4.923657643278869,n.d.,5.999193030418022,2.4437255556040087,0.20769230769230762,4.823618513070471,2.1769686458774196,0.0357142857142857,2.5672326476739737,3.196257359121997,0.1,n.d.,n.d.,0.125,0.05,0.26428571428571423,1.1903346740892475,0.8922402201377796,0.9620596170425411,2.410607616349807,6.155039174052369,4.376425289181436,n.d.,0.3,0.3530503990613476,0.5,1.3831377941003362,0.3874999999999999,0.5,0.2,0.5,n.d.,0.08893280632411066,0.4034966643662295,0.10646464646464646
S3,0,W05_C2,KDE,19.053204925080095,6.122616051177046,8.309902878269856,5.425319855108433,n.d.,5.117188939437561,2.345768329457452,0.3142857142857143,5.335438876577893,4.8119067073447805,0.1071428571428571,3.662741743428818,1.9947926832075569,0.1142857142857142,n.d.,n.d.,0.1428571428571428,0.05,0.33928571428571425,1.5932609156145943,1.1241840239114036,1.7575347751247068,1.745128389920469,5.137753294803968,3.992499377812067,n.d.,0.3,0.35231501895079315,1.5,0.7227935682930815,0.1535714285714285,0.6666666666666666,0.2,0.5,n.d.,0.09307359307359306,0.8670861937452328,0.17112443778110947
S3,0,W06_C1,ADFNE,15.702209088571028,6.869893265961304,8.919264440939843,n.d.,5.244181075552804,5.495213843174248,3.362803376657382,0.125,8.068105378104182,5.008666347222487,0.0833333333333333,n.d.,n.d.,0.125,2.590449297590531,3.707124868403798,0.0416666666666666,0.0416666666666666,0.2083333333333333,1.6626961018713091,1.5730889975428202,2.032378950504147,2.9851611039622954,1.656659513602585,n.d.,3.0856022844510083,0.5,0.5554231180688869,0.625,0.8872631159496889,0.4166666666666666,0.6363636363636364,0.5,1.0,0.6666666666666666,0.062185502515979846,0.39138886888904895,0.10744680851063826
S3,0,W06_C1,EVAE,12.162024407214856,6.284754210434209,5.395324424012688,n.d.,5.066978363217312,5.361382503037054,1.2063099242246471,0.0946969696969696,4.220743649856636,3.840107511250124,0.07196969696969695,n.d.,n.d.,0.15638528138528135,2.3681488897747496,3.21958481658142,0.048076923076923,0.0416666666666666,0.2023809523809523,1.153480293202335,1.0292605461201705,1.5141081003529218,2.7664794396476817,1.5886071706313096,n.d.,2.3971115525355886,0.4375,0.49555824851722363,0.5,1.946922920925634,0.2541666666666667,0.5454545454545454,0.625,1.5,0.6666666666666666,0.0496124031007751,0.3038759689922481,0.07711027673480736
S3,0,W06_C1,KDE,17.062494962291588,6.084415606990638,10.332078952841478,n.d.,4.688720933412983,3.308047524858172,2.9855531183263526,0.125,7.305815914013856,5.374465052507575,0.0833333333333333,n.d.,n.d.,0.2083333333333333,2.898445156743772,1.7084288455040024,0.0833333333333333,0.0416666666666666,0.27083333333333326,1.1965374679064125,0.5309420485619099,1.4553563980464084,2.65426472804195,1.7715745057788377,n.d.,2.434508218625425,0.5,0.480040486311519,0.25,0.9139084051259923,0.2499999999999999,0.6363636363636364,0.625,2.0,0.3333333333333333,0.043233082706766846,0.3065815473476212,0.0764532220299297
S3,0,W06_C2,ADFNE,14.818434882884354,6.300395944672379,5.5239711053171385,10.613074312351364,n.d.,4.9580571564935685,1.9288274029417174,0.1904761904761905,4.448409353538255,1.8725055367548489,0.0833333333333333,9.583122040475413,4.077762044886912,0.1547619047619047,n.d.,n.d.,0.0833333333333333,0.0476190476190476,0.29761904761904756,1.311053358056616,0.5830795505720221,3.114056050068629,2.169883489447037,2.102894719428071,2.7860229675705845,n.d.,0.4285714285714285,0.36440617565370886,0.3333333333333333,0.6185416784232902,0.4434523809523809,0.6363636363636364,0.5714285714285714,0.5,n.d.,0.07827380952380944,0.47619047619047616,0.131578947368421
S3,0,W06_C2,EVAE,11.088758468096763,5.554559772781586,6.238344064318358,6.22225414942635,n.d.,3.8593337297916275,3.2790803723160313,0.1529304029304029,5.210128521347641,2.1259661858044048,0.0476190476190476,5.009980638600955,1.5766948938089502,0.06709956709956705,n.d.,n.d.,0.1428571428571428,0.0476190476190476,0.24761904761904763,1.2672989364446527,0.7235871242541891,2.7343758030954364,2.11858342403211,1.4646870433622468,1.858376548931921,n.d.,0.3333333333333333,0.2922857435676147,0.6666666666666666,1.2766628612400588,0.09821428571428564,0.5454545454545454,0.4285714285714285,0.5,n.d.,0.0583333333333333,0.4142857142857142,0.09614723082215335
S3,0,W06_C2,KDE,14.226969705433895,6.63222588771072,5.777970501473845,7.123379138648334,n.d.,4.514592446300714,2.570473649104615,0.1904761904761905,4.072625627322935,2.842723727948184,0.0833333333333333,5.634123070201513,3.8157247969945143,0.1547619047619047,n.d.,n.d.,0.0833333333333333,0.0476190476190476,0.3214285714285714,1.0600354077669618,0.520788475354596,1.7722794902029428,1.8614814407584253,1.723346948308779,2.8541016332291584,n.d.,0.4285714285714285,0.35789573624817794,0.3333333333333333,0.7311464416419533,0.2767857142857143,0.6363636363636364,0.4285714285714285,0.5,n.d.,0.0428571428571428,0.3157894736842105,0.0932723112128146
S3,1,W00_C3,ADFNE,18.277949360846634,11.495322307971058,7.533234916003626,7.882736994721869,n.d.,9.552699409806227,9.027675436440521,0.1818181818181818,4.924497147095128,3.995809905145533,0.09090909090909086,7.854242953147275,2.800234351173965,0.1818181818181818,n.d.,n.d.,0.0909090909090909,0.1818181818181818,0.3636363636363636,1.8395619607343474,1.4903786358394657,3.18239539052787,4.359849231210291,1.8952241076281229,2.5476038938931826,n.d.,0.0,0.21156285947186476,2.0,1.0403055972926192,0.1818181818181818,1.0,0.3333333333333333,0.5,n.d.,0.1111111111111111,0.9555555555555557,0.1898809523809524
S3,1,W00_C3,EVAE,24.42247904926124,13.524156188588108,7.173236572418757,7.064590421215043,n.d.,11.616582260645249,7.359828142057612,0.2181818181818182,4.192634028587642,4.171670138871128,0.0606060606060606,7.110313836708294,3.13504117347402,0.2525252525252525,n.d.,n.d.,0.1111111111111111,0.1818181818181818,0.4151515151515151,1.7568052273883206,0.6508756969753743,2.4632931501318067,3.89789321494892,1.4754056980965524,2.692723943041578,n.d.,0.1818181818181818,0.19939911345552255,1.0,1.1226606700081745,0.2563519813519814,1.5,0.3333333333333333,0.75,n.d.,0.09545454545454546,0.7333333333333334,0.14692982456140344
S3,1,W00_C3,KDE,16.27696721112403,13.860947558153356,4.879284043555878,7.152195792951564,n.d.,12.531900711379123,8.379961984921044,0.1818181818181818,2.11116021738846,3.650719893040833,0.0909090909090908,6.745644148610677,2.428086986216406,0.13636363636363635,n.d.,n.d.,0.0909090909090909,0.1818181818181818,0.2727272727272727,2.2619539517414697,0.8371711909809467,3.947517594250625,4.764730912337147,1.9773008013541884,2.3194128292954903,n.d.,0.0,0.2055431369869907,1.0,1.1108324236340863,0.1818181818181818,1.0,0.3333333333333333,0.375,n.d.,0.0588235294117647,0.3824561403508771,0.10263157894736835
S3,1,W00_C4,ADFNE,24.28433368862739,10.0372973339896,6.920761987532046,12.45615994554092,n.d.,9.986109907933669,3.672927057403256,0.0969696969696969,5.800137018905576,1.4888368135424197,0.2303030303030303,12.466453163156874,3.4518337608526575,0.2848484848484848,n.d.,n.d.,0.0909090909090909,0.1333333333333333,0.4151515151515151,1.3179974524189222,1.2797610676263935,1.7894300651612678,4.198400039879924,2.9757110852181228,2.6687198751559187,n.d.,0.2666666666666666,0.28121138242761745,1.0,0.8448669584323276,0.44242424242424244,0.0,1.0,0.7142857142857143,n.d.,0.05882352941176465,0.6866515837104072,0.1328947368421052
S3,1,W00_C4,EVAE,27.62235434689112,12.836933453302585,8.123697398029599,13.732352544933072,n.d.,12.41462851480188,4.978304691604,0.1333333333333333,8.06526694348431,3.3006965031419586,0.1333333333333333,13.750604212127044,3.2497984568405105,0.2666666666666666,n.d.,n.d.,0.1111111111111111,0.1333333333333333,0.4,1.185874176968416,0.8862137661551522,0.9654869673473793,4.213145101805645,2.3052366715824517,1.7197638349587132,n.d.,0.2666666666666666,0.2804803807178818,0.5,1.6098637334010526,0.1717948717948718,0.375,0.5,0.7142857142857143,n.d.,0.052083333333333245,0.2833333333333333,0.1006493506493506
S3,1,W00_C4,KDE,23.13148312175356,12.875556132601012,6.348331714917058,10.96251429209302,n.d.,12.836133672688453,3.224578956725458,0.0454545454545454,4.697862593173868,2.791126274810729,0.1393939393939393,10.972807509708977,3.235369979290704,0.1939393939393939,n.d.,n.d.,0.0909090909090909,0.1333333333333333,0.3272727272727272,1.4769454738150234,1.257557443507966,2.2676633684702177,3.9898690382081954,2.432246648096052,1.5059586629483777,n.d.,0.2666666666666666,0.31877572047368585,0.5,0.7325935004759583,0.18181818181818182,0.25,0.5,0.5714285714285714,n.d.,0.0598290598290598,0.48734817813765174,0.12579365079365074
S3,1,W01_C3,ADFNE,12.17137575217587,9.696938973603121,6.915011443418345,6.6733314544603015,n.d.,8.531434115494172,5.991226956150378,0.0178571428571428,6.407481487141042,1.9225138455029493,0.0714285714285714,2.440772011704009,5.766226773037008,0.1071428571428571,n.d.,n.d.,0.0714285714285714,0.125,0.1785714285714286,3.745052356212434,1.7016783679006386,7.237532924191397,3.128533239219035,11.919324077123559,2.0073366538095563,n.d.,0.75,0.12344831464441791,1.25,2.7925560605430575,0.3392857142857143,0.6666666666666666,1.0,0.5,n.d.,0.0976190476190476,0.41428571428571426,0.1225806451612903
S3,1,W01_C3,EVAE,14.176468223987172,11.52281409105385,5.155444496704893,5.3167131360847995,n.d.,11.062174151805184,4.882022876786677,0.0865384615384615,4.161336811430144,1.9155551803070239,0.0833333333333333,1.7585368228582525,4.469427749077546,0.0961538461538461,n.d.,n.d.,0.0909090909090909,0.125,0.2788461538461538,2.9946913725699154,1.3361519259844201,7.183747700276436,2.777889055672479,12.043579003057108,1.4155332798298939,n.d.,0.625,0.11807476936871204,0.5,1.536857056617891,0.1519648829431438,0.6666666666666666,0.75,0.5,n.d.,0.057189542483660094,0.4847058823529411,0.13541666666666663
S3,1,W01_C3,KDE,11.612410366791822,10.981027970353882,5.68349481034455,5.124138595514466,n.d.,10.507065882310162,3.289760207844373,0.0892857142857143,5.432805673097865,1.8405409794518093,0.0714285714285714,3.5560701348626136,3.9483830049159887,0.1071428571428571,n.d.,n.d.,0.1071428571428571,0.08928571428571425,0.1964285714285714,3.7225644809885683,1.2980311059091654,7.74133441212031,3.2361216393558294,11.021932633018565,2.1786655195118545,n.d.,0.75,0.13449233863008545,1.5,2.945762897750911,0.3392857142857143,0.3333333333333333,1.0,0.5,n.d.,0.13339920948616596,0.51,0.12962962962962954
S3,1,W01_C4,ADFNE,20.316809373983027,n.d.,7.604050040725577,n.d.,n.d.,n.d.,n.d.,0.2321428571428571,7.287574598115844,2.912783282974502,0.30357142857142855,n.d.,n.d.,0.0892857142857142,n.d.,n.d.,0.0535714285714285,0.0714285714285714,0.33035714285714285,2.2750997633323964,2.7365100075689464,1.5614679105849643,n.d.,2.0220576370776753,n.d.,n.d.,0.75,0.256102020003238,n.d.,3.119241291144587,0.21428571428571425,4.0,0.2,2.0,0.5,0.1152173913043478,1.6,0.30536130536130535
S3,1,W01_C4,EVAE,22.746118475145835,n.d.,8.117193400473703,n.d.,n.d.,n.d.,n.d.,0.2548076923076923,7.2406336864707885,3.599807490077748,0.3942307692307692,n.d.,n.d.,0.125,n.d.,n.d.,0.050824175824175755,0.0,0.44230769230769235,2.263034356853138,2.41437164957584,1.843306427211635,n.d.,1.984252614620354,n.d.,n.d.,0.625,0.2937005980010369,n.d.,1.6017835775458082,0.35714285714285715,4.0,0.4,2.0,1.0,0.10818713450292394,0.9251336898395721,0.20526315789473676
S3,1,W01_C4,KDE,19.801075230178085,n.d.,6.738128053508229,n.d.,n.d.,n.d.,n.d.,0.2321428571428571,6.634552528090767,2.3960356488605226,0.2678571428571428,n.d.,n.d.,0.0892857142857142,n.d.,n.d.,0.0535714285714285,0.0,0.3214285714285714,2.0283348133205017,1.9291625905834586,2.3409664854060774,n.d.,1.745844509320209,n.d.,n.d.,0.75,0.28679545891408004,n.d.,3.1299733357486925,0.2321428571428571,4.0,0.2,2.0,1.0,0.12019230769230765,1.36231884057971,0.2899159663865546
S3,1,W02_C3,ADFNE,13.89026817830892,22.531567901250728,5.286092596990339,6.87750924585372,5.490427736775002,22.579885933441208,8.010357951551326,0.1904761904761905,2.7128998836727654,1.5479250440094603,0.1785714285714285,5.59560592282156,1.436505062091367,0.1071428571428571,4.843360302470554,1.19278927498228,0.1785714285714285,0.0595238095238095,0.3571428571428571,2.2199323933562054,0.7755429674604009,1.4926323853504053,2.370994540391713,5.16040229092546,5.805577410050042,4.151756687931246,0.1666666666666666,0.17664020486845572,n.d.,1.2643174866378981,0.4226190476190476,1.5,0.8333333333333333,0.3333333333333333,0.6666666666666666,0.0555555555555555,0.9047619047619048,0.1831313131313131
S3,1,W02_C3,EVAE,14.255354572941718,21.66372550523476,6.462472822243056,6.491374702926259,3.515402240327657,21.51229097687716,10.25146035731476,0.15624999999999994,2.970665858973397,2.163979733062657,0.06534090909090905,4.963362386822125,1.9481030982658571,0.0833333333333333,2.571181275475938,1.7476892680887814,0.1666666666666666,0.0769230769230769,0.2708333333333333,1.5606118527620765,0.5835248529911043,1.2580364513748106,4.374388680592356,5.873468399213994,5.773691836526459,2.115093604563941,0.0833333333333333,0.1494653248029949,n.d.,0.5462485026984857,0.08541666666666664,1.0,0.3333333333333333,0.3333333333333333,0.6666666666666666,0.0555555555555555,0.6483660130718955,0.14021739130434774
S3,1,W02_C3,KDE,13.133383497779114,21.355222082609707,6.16929682171078,6.114687892270423,3.377932052474369,21.351749826921026,9.71964555820248,0.1904761904761905,3.6475299464016553,1.6796585856795154,0.1071428571428571,4.206498562188189,2.5901010656100976,0.0357142857142857,1.7642466685211198,1.6760009712845374,0.1785714285714285,0.0357142857142857,0.2976190476190475,1.8520648939562177,0.7692489933906482,1.5058955109609706,2.479190060940943,4.731219177059963,6.1450630778815905,2.1823341344263216,0.1666666666666666,0.08357101304720524,n.d.,1.310415079088223,0.4226190476190476,1.5,0.6666666666666666,0.3333333333333333,0.6666666666666666,0.0652173913043478,1.0018580453363062,0.2074074074074074
S3,1,W02_C4,ADFNE,16.877786769244324,11.638978328958377,n.d.,13.042830624869897,5.083475967043639,5.418731066194571,8.144814928416318,0.0844155844155844,n.d.,n.d.,0.1948051948051948,13.10609006825494,3.777691424205663,0.1688311688311688,5.083475967043646,2.395444124991833,0.1103896103896104,0.0,0.3441558441558441,2.8192790325124477,1.9514289884864329,2.0302722365269155,2.513000117485441,n.d.,3.817069130309704,5.700963703444039,0.2727272727272727,0.1585110471873062,2.0,1.6903550367994709,0.4878246753246752,0.6666666666666666,3.0,0.2,0.5,0.10263157894736841,0.6923076923076923,0.1483781918564527
S3,1,W02_C4,EVAE,16.45818926019713,11.01082286158222,n.d.,11.836846521719348,3.675876573090065,5.541070490184689,8.292247510815315,0.0880681818181818,n.d.,n.d.,0.11538461538461534,11.780301207608543,2.661927443166035,0.2045454545454545,2.940096145588491,2.950287459459034,0.11002331002331,0.0,0.3188811188811188,2.747504131838802,1.5243102776190596,2.108959574279006,3.424824950137106,n.d.,3.3981064875036013,7.35011235615368,0.1818181818181818,0.1293777403368944,1.0,0.9061903103385651,0.10416666666666666,0.5,1.5,0.4,0.5,0.11239495798319324,0.534412955465587,0.13773069036226926
S3,1,W02_C4,KDE,15.774680523950806,11.511265926736113,n.d.,10.33534329215932,5.085032148343489,4.9655156509152825,8.937689588191187,0.0584415584415584,n.d.,n.d.,0.1948051948051948,9.60300023896674,3.814754144726442,0.2045454545454545,4.40160301756251,1.5403289228932702,0.1103896103896104,0.0,0.3149350649350649,2.650254016260498,1.711944703261832,2.486076347450202,2.058435887740612,n.d.,4.252443928789865,6.709136939598394,0.2727272727272727,0.138416234920681,4.0,1.7526860057312166,0.4878246753246752,0.3333333333333333,3.0,0.30000000000000004,0.5,0.12019230769230765,0.7849002849002849,0.1646825396825397
S3,1,W03_C3,ADFNE,10.27084717338003,6.349626981134701,4.949257207399809,6.600097638830415,8.635157022474711,5.205520836765086,3.3759373608394245,0.0476190476190476,3.270329644845875,2.2410528167622683,0.12301587301587294,4.194887865529165,3.519565760883077,0.1746031746031746,8.087894300639373,4.184110122503064,0.1071428571428571,0.0714285714285714,0.23809523809523803,1.5518295402531843,1.1217331671886313,1.1301250040950872,2.502295431579523,2.118794309567675,3.0179217590475464,1.469343301324887,0.2222222222222222,0.33068850913274134,1.25,0.6189643528560589,0.1865079365079365,0.3333333333333333,0.4375,1.0,0.75,0.0524475524475524,0.606060606060606,0.13492063492063489
S3,1,W03_C3,EVAE,11.571006499555143,6.407442775296571,6.2629089958566615,7.503466168916157,4.525477747215448,5.146254492347099,3.4626643686097633,0.1003016591251885,4.713435766648414,3.0933919703201846,0.1367521367521367,6.597417962876512,2.629812422320348,0.1241830065359477,4.525477747215448,0.7967324055222377,0.0341880341880341,0.0,0.21367521367521364,1.2905523489085695,0.6014687143406922,2.7910193730014417,2.50292584980855,2.709933206755002,2.3038740814376544,2.5344172495697928,0.2777777777777778,0.3400237398437744,0.5,1.3045140321126512,0.15758547008547,0.1666666666666666,0.5,0.5,0.5,0.06916996047430825,0.2727272727272727,0.0833333333333333
S3,1,W03_C3,KDE,10.738467049567884,6.327694537441671,5.899978790395788,7.303193549791183,7.313870797475196,5.9513875144149875,2.253346875697149,0.0238095238095238,4.360576951415934,3.7349346728449895,0.1944444444444444,4.059592096419983,4.152880137133151,0.1746031746031746,7.312562931029803,1.1492662625589418,0.0396825396825396,0.0,0.2301587301587301,1.4791264653966012,0.8597009994273173,2.5354177697893983,2.7677698732526252,2.330006596586926,2.279563079037654,2.7823257196669893,0.2222222222222222,0.34447965764012334,1.0,0.6098178157166837,0.3293650793650793,0.1666666666666666,0.5625,1.0,0.5,0.0509090909090909,0.606060606060606,0.1133333333333333
S3,1,W03_C4,ADFNE,9.961599130341805,9.054997858943663,4.5869505984537335,8.984416471229666,n.d.,6.599533624409682,5.923188436423281,0.0446428571428571,2.7299021070643557,1.780441625641413,0.1428571428571428,8.026058886771889,2.906990151731626,0.0892857142857142,n.d.,n.d.,0.0625,0.0714285714285714,0.18749999999999994,1.537452444000636,1.2308111456109656,1.7207880398630806,3.6979289462237324,1.7414325453788952,2.361426898138791,n.d.,0.125,0.20411648849295633,n.d.,0.6310673200286032,0.2321428571428571,0.2,0.375,0.5,1.0,0.05119047619047615,1.0035087719298244,0.20128824476650564
S3,1,W03_C4,EVAE,15.211431725711911,11.671466222545547,5.462046447847058,7.811608931455737,n.d.,9.550488893225056,4.240354416460537,0.1041666666666666,2.38207814173043,2.189734534147658,0.2692307692307692,7.8655650684119935,2.392429501199332,0.125,n.d.,n.d.,0.0625,0.0,0.32211538461538464,1.54688139634001,0.76385342628873,1.4386048596701855,3.5931612156100834,2.1154879696931626,1.756990098608057,n.d.,0.1875,0.25504778592370664,n.d.,1.4214378503989753,0.2548076923076923,0.2,0.625,0.75,1.0,0.08198529411764705,0.3058823529411765,0.1052631578947368
S3,1,W03_C4,KDE,10.163301016383292,11.254214983801988,5.4889248441988805,7.494309563687752,n.d.,10.576024715430924,6.124855899262483,0.0446428571428571,3.4418935782492617,2.753901405599139,0.2142857142857143,7.172940470295931,3.118176550400809,0.0892857142857142,n.d.,n.d.,0.0089285714285714,0.0,0.2142857142857142,1.5593015037279025,0.6620340785297357,1.8157180280723462,2.945696203486795,1.8307868662310316,1.3223280350281978,n.d.,0.125,0.19828719114302976,n.d.,0.6980216088700893,0.375,0.0,0.5,0.5,0.0,0.058947368421052596,1.2025641025641025,0.2238095238095238
S3,1,W04_C3,ADFNE,16.908096624678628,7.069906728823841,7.650864638722417,7.314990856989998,4.566095559727543,5.20952275711379,2.735523157670905,0.18796992481203,5.657847455279777,5.364882011801597,0.1992481203007519,6.644508642796699,4.748946367433032,0.0864661654135338,2.4205873010246295,2.070066562815481,0.1390977443609022,0.0,0.3270676691729323,1.5211116711696482,1.7650923353775627,3.620091301460625,3.0556873524081807,2.9254213342073756,2.1419768003809776,2.566964543362408,0.2631578947368421,0.39373157195003683,3.0,0.9844174938607075,0.2142857142857143,0.5555555555555556,0.6666666666666666,0.3333333333333333,0.75,0.0552380952380952,0.4901185770750988,0.13607085346215775
S3,1,W04_C3,EVAE,10.661633607414615,6.768472327830184,7.480258474533176,7.4929410088026405,3.641832763850073,4.727007262917648,3.64485579480282,0.0890688259109311,4.978074309980594,7.270622770340058,0.09374999999999994,4.748618626148651,2.8655793032534653,0.0809716599190283,2.4677656983352354,2.715361126612676,0.1336032388663967,0.0,0.22191295546558698,1.232466123908139,0.7729546574844998,3.4593255609635607,2.1781404301297593,3.1752413935860857,1.808003553666369,1.9232571963506544,0.3157894736842105,0.31462807998731235,1.0,0.8676783118723082,0.3132591093117408,0.3333333333333333,0.3333333333333333,0.3333333333333333,0.75,0.0775401069518716,0.33333333333333326,0.0881006864988558
S3,1,W04_C3,KDE,15.009939601494953,6.439296235698793,6.2671471232952065,6.628294475402303,3.3655111240144975,3.684100436609909,2.5452437171942357,0.18796992481203,1.5219836350210825,5.1445927264422995,0.1278195488721804,4.038257079009514,4.119698086127148,0.1071428571428571,2.481337011337506,2.029162500392534,0.1390977443609022,0.0,0.2631578947368421,1.5343296151108476,1.3455595557084603,3.591653279457735,2.7364270854530064,2.7472399360493176,1.5816451765832118,2.5070771668519463,0.2631578947368421,0.32832871092135885,3.0,0.9799305280014783,0.3275375939849624,0.5555555555555556,0.3333333333333333,0.3333333333333333,0.75,0.059326599326599255,0.5490909090909091,0.1258234519104084
S3,1,W04_C4,ADFNE,17.19252249207094,6.010704245844655,6.579727846394277,n.d.,n.d.,3.5372628896423866,2.9872055128611334,0.2428571428571428,3.512220636228843,4.882086686915309,0.1285714285714285,n.d.,n.d.,0.0428571428571428,n.d.,n.d.,0.0714285714285714,0.0,0.2714285714285714,2.5729237206758517,1.7301319169672364,4.977442692013929,3.6639005743259165,2.519464117515012,n.d.,n.d.,0.4,0.1148011608553891,2.0,2.3270887166399943,0.4642857142857143,0.1666666666666666,1.0,1.0,n.d.,0.08893280632411066,0.7832167832167831,0.16062271062271055
S3,1,W04_C4,EVAE,14.75640900083085,7.520797822237695,6.140260356557591,n.d.,n.d.,3.699159130960058,5.222593514587524,0.2201923076923076,3.905150899799122,5.433703724508097,0.0769230769230769,n.d.,n.d.,0.09375,n.d.,n.d.,0.0801282051282051,0.0,0.2846153846153846,1.6716903786185555,0.7971856623479612,4.674734277633503,2.110915598833129,3.0679163441975925,n.d.,n.d.,0.3,0.08817710689935385,1.5,1.2053441673857743,0.1201923076923077,0.1666666666666666,0.3333333333333333,2.0,n.d.,0.1111111111111111,0.5732600732600732,0.137012987012987
S3,1,W04_C4,KDE,18.401125030307483,5.466213012753487,6.618928235495881,n.d.,n.d.,3.290570553450217,3.8000255929988205,0.2785714285714285,4.576312438078838,5.409086588589822,0.0571428571428571,n.d.,n.d.,0.14999999999999994,n.d.,n.d.,0.1428571428571428,0.0,0.3285714285714285,2.26311605978069,1.552540002419287,5.172956932890222,3.0799698906398465,3.19038215494422,n.d.,n.d.,0.4,0.07508072566350191,3.0,2.4280719218132507,0.5357142857142857,0.24999999999999994,0.6666666666666666,2.5,n.d.,0.125,0.912004662004662,0.19150246305418722
S3,1,W05_C3,ADFNE,13.426748734544542,8.721712911477137,4.573670550399142,5.145659276377,n.d.,8.330380038733283,4.515531384544666,0.0546218487394957,2.381729741733769,2.056406012454138,0.0714285714285714,3.215858278420998,1.8516947039206166,0.0714285714285714,n.d.,n.d.,0.0714285714285714,0.1176470588235294,0.180672268907563,1.99513643611543,1.5370767922581914,2.3142982503313556,2.846875071448462,2.781347649313381,2.359791620737834,n.d.,0.1764705882352941,0.3942206310140378,0.8333333333333333,0.8384310228551036,0.3387605042016806,0.2857142857142857,0.2,0.3333333333333333,n.d.,0.0714285714285714,0.4886128364389234,0.11474654377880185
S3,1,W05_C3,EVAE,14.770856124606404,8.076830989075571,6.181859300352229,5.514481725371572,n.d.,6.946512621590966,4.204744104248279,0.0690045248868778,5.039295913368046,2.7147946008824717,0.1066176470588235,4.438424815540026,4.218172760756089,0.07918552036199095,n.d.,n.d.,0.1204013377926421,0.0588235294117647,0.24509803921568624,1.2334999995879958,0.9360145001601705,2.7731681973130895,1.9064939635745297,2.5731377732419745,1.4411715112064232,n.d.,0.2352941176470588,0.32882517109752396,0.6666666666666666,1.0630505629618052,0.25052521008403367,0.2857142857142857,0.5,0.3333333333333333,n.d.,0.1111111111111111,0.7809523809523808,0.15231507622811963
S3,1,W05_C3,KDE,13.83254480294824,9.5711668527281,5.218809801990952,5.430862612344407,n.d.,8.26045900912551,3.8793786502801044,0.1260504201680672,4.237666318372116,2.8524665791152755,0.0798319327731092,3.1947184240487054,2.1285128787074417,0.1092436974789915,n.d.,n.d.,0.1428571428571428,0.08193277310924366,0.22899159663865543,1.6377695891735617,0.9002205977506422,2.8835124468808138,2.9516192786692845,2.3060627359855577,1.9895627755301213,n.d.,0.1764705882352941,0.3474660202143701,0.3333333333333333,0.6556914357799632,0.1959033613445377,0.4285714285714285,0.2,0.3333333333333333,n.d.,0.0636363636363636,0.3771428571428571,0.0783699059561128
S3,1,W05_C4,ADFNE,18.022651837287135,6.322272378863014,7.299095530501519,n.d.,n.d.,3.9814370580683685,2.6151740143352544,0.3025210084033614,7.248202213306899,2.1083084666267147,0.0798319327731092,n.d.,n.d.,0.0840336134453781,n.d.,n.d.,0.0840336134453781,0.0,0.3067226890756303,2.228283899499232,1.2178209566651934,2.004481967854185,3.498750859029356,2.6157807458895954,n.d.,n.d.,0.1764705882352941,0.33044218629501165,1.25,0.7650886574277619,0.1822478991596638,0.6,0.2,1.0,1.0,0.0632411067193675,0.33333333333333326,0.09927572427572426
S3,1,W05_C4,EVAE,13.776812976843072,6.020384128275738,7.445359026716945,n.d.,n.d.,4.234561795294363,1.8124272033053348,0.17401960784313725,7.215142815100739,2.830400607755837,0.1065233785822021,n.d.,n.d.,0.13492647058823526,n.d.,n.d.,0.0588235294117647,0.0,0.251131221719457,1.4399331424733985,0.5396981411099322,3.210404231988035,3.081471810762601,2.080644529416705,n.d.,n.d.,0.2352941176470588,0.3091120415978724,0.5,1.322339534216099,0.4828431372549019,0.5,0.4,2.0,1.0,0.08333333333333326,0.5233265720081135,0.09387351778656125
S3,1,W05_C4,KDE,18.439837600879404,7.059034090176011,7.055831559958832,n.d.,n.d.,4.319314411231289,1.8136855807198344,0.3025210084033614,7.112332929609952,1.8768045731352734,0.0630252100840336,n.d.,n.d.,0.1911764705882352,n.d.,n.d.,0.0588235294117647,0.0714285714285714,0.3697478991596639,1.8631457521628065,0.6124018775398216,2.372682812108693,3.3983381652314133,2.2409305861582434,n.d.,n.d.,0.1764705882352941,0.2510875587740291,2.0,0.8116771817826212,0.21428571428571425,0.6,0.2,2.5,1.0,0.0409090909090909,0.6195652173913043,0.1363636363636363
S3,1,W06_C3,ADFNE,14.4195188969986,5.789918671564187,5.6812722416179575,n.d.,n.d.,3.0206167750551556,2.6898717470650038,0.194331983805668,3.144352640945484,3.2042330757184745,0.0850202429149797,n.d.,n.d.,0.1012145748987854,n.d.,n.d.,0.0769230769230769,0.0526315789473684,0.3238866396761134,2.6413614064472735,2.208112552937244,4.790178481131104,3.4365821281589266,3.170647899932667,n.d.,n.d.,0.3157894736842105,0.5383204563520608,0.5714285714285714,0.6914814755298722,0.2160931174089069,0.5454545454545454,0.3333333333333333,1.0,n.d.,0.14368543116171195,0.9253828608667318,0.1994987468671679
S3,1,W06_C3,EVAE,10.040347490284933,5.688067371332062,6.367587475919459,n.d.,n.d.,3.9084898227507736,1.5740331872075988,0.0789473684210526,3.522317266404162,3.23806309447528,0.08676849466323144,n.d.,n.d.,0.0765350877192982,n.d.,n.d.,0.0871212121212121,0.0526315789473684,0.21750398724082934,2.5861190951633755,1.736522390710365,5.689418640257229,2.6567242580194197,3.7715299855331517,n.d.,n.d.,0.3157894736842105,0.5048046593280617,0.7142857142857143,1.2342292906941292,0.4484649122807018,0.3636363636363636,0.41666666666666663,1.0,n.d.,0.1604454685099846,1.0562568178276455,0.1947368421052631
S3,1,W06_C3,KDE,15.831188046353397,6.358898277962706,5.931211152740277,n.d.,n.d.,4.615704178407849,3.3640466493662036,0.2712550607287449,4.1296509120580165,2.6264106363682505,0.0850202429149797,n.d.,n.d.,0.1781376518218623,n.d.,n.d.,0.0769230769230769,0.0526315789473684,0.3319838056680162,2.6410894863460292,2.0084762153883013,6.031541866974119,2.801024228002552,3.396562838967643,n.d.,n.d.,0.3157894736842105,0.5365773922485075,0.4285714285714285,0.6512761344851874,0.2160931174089069,0.6363636363636364,0.3333333333333333,2.0,n.d.,0.12466530664286625,0.6577540106951872,0.1279384231329311
S3,1,W06_C4,ADFNE,10.914663149323083,5.895486325775604,7.516107991183122,6.8146566939786055,n.d.,3.646193183898857,1.5691729301688362,0.03846153846153845,2.801204616284433,4.991631947599545,0.0688259109311741,4.231915095706891,4.0105314600062325,0.1255060728744939,n.d.,n.d.,0.0526315789473684,0.1052631578947368,0.2267206477732793,1.4503299314293407,1.1255294384930452,1.7728692945391966,1.8850955666461515,2.357234431472984,1.9834976115185028,n.d.,0.3157894736842105,0.3802394485014158,0.4285714285714285,0.8216788218247426,0.2727732793522266,0.375,0.3333333333333333,0.5,1.0,0.0865800865800865,0.5995670995670995,0.1166666666666666
S3,1,W06_C4,EVAE,10.344644358445791,5.94917583990329,8.473869079869832,6.730342607768094,n.d.,4.201583217422572,2.1700900610897103,0.0789473684210526,4.685267920750264,6.7685595649185615,0.13131313131313127,2.401455301117494,5.467080611742064,0.0456730769230769,n.d.,n.d.,0.0526315789473684,0.1052631578947368,0.18070175438596492,1.2019318822615883,1.1283754280117093,0.6763479736875366,1.956273848895437,2.607085697529836,1.5728087124776793,n.d.,0.3421052631578947,0.41989660675784085,0.7142857142857143,1.5516089507976765,0.6589912280701753,0.3125,0.5833333333333333,0.5,1.0,0.1055555555555555,0.712403538490495,0.13240740740740736
S3,1,W06_C4,KDE,11.231396017346713,6.233527518942555,7.448874489674886,6.879497399490877,n.d.,4.234186887696175,1.8477648890412794,0.1133603238866396,2.9915475703622643,5.159865400913615,0.0769230769230769,4.247845120054521,6.488052628277314,0.1255060728744939,n.d.,n.d.,0.0526315789473684,0.0769230769230769,0.2267206477732793,1.4666388550284668,1.6392654677119545,1.1456107041383061,2.5265069767465107,1.9802455805345716,1.4293252995546863,n.d.,0.3157894736842105,0.4495216999077657,0.5714285714285714,0.6150505681927271,0.2727732793522266,0.5,0.3333333333333333,0.5,1.0,0.08636363636363635,0.5995670995670995,0.1133333333333333
S3,2,W00_C5,ADFNE,15.323954063933126,14.796609264926179,n.d.,4.602696695749593,8.877876137447252,15.089222050225278,2.2304861269848213,0.0909090909090908,n.d.,n.d.,0.2727272727272727,4.230547509724336,1.552619521129898,0.0909090909090909,6.520960107892601,7.096767332839335,0.1363636363636363,0.0,0.2727272727272727,1.385972583862278,0.8799914806607265,2.4965952572910535,1.6235273681865467,n.d.,1.8353827114441508,2.4852321298268985,0.0,0.1976456527257148,2.0,0.9990564589595043,0.3636363636363637,0.2,3.0,0.5,0.5,0.05882352941176465,0.8338493292053664,0.17233201581027663
S3,2,W00_C5,EVAE,17.34028219748479,8.628546696079168,n.d.,3.5968882236866593,5.944551339643751,8.641494933492393,2.9651231373961107,0.2045454545454545,n.d.,n.d.,0.26948051948051943,3.028385571863652,2.025002292866798,0.0909090909090908,2.634330956043846,2.855260983576146,0.1124708624708624,0.0,0.3636363636363636,1.5895928268216273,0.4337923849612907,4.3126795187887765,2.487830690701492,n.d.,2.248651642175888,2.2224012463310667,0.13636363636363635,0.2582877023474333,1.5,0.8457957844604789,0.085081585081585,0.4,3.0,0.5,0.3333333333333333,0.0526315789473684,0.4210526315789473,0.11228070175438595
S3,2,W00_C5,KDE,17.246086865913355,12.907644329864436,n.d.,3.1298971444656827,6.368498715353923,12.863490543163294,3.194305632094426,0.0909090909090908,n.d.,n.d.,0.22727272727272724,2.3821238568285716,1.9642602084444654,0.0909090909090909,3.0519155662177417,4.412077479587438,0.1818181818181818,0.0,0.2727272727272727,1.478654556396561,0.7475876623657196,3.065363115652368,2.4667937234068686,n.d.,1.8633106119203418,2.6355456870519505,0.0,0.2112634243532347,3.0,0.8750055797848525,0.4545454545454546,0.2,2.5,0.5,0.6666666666666666,0.0526315789473684,0.9991154356479435,0.2
S3,2,W00_C6,ADFNE,12.846916414333357,8.142839835723013,6.448515037655128,4.935206125985294,n.d.,7.990585195250674,4.244145811350801,0.196969696969697,4.6123768905526505,3.861645520804947,0.1136363636363636,4.4306791993151124,2.414062055827383,0.13636363636363635,n.d.,n.d.,0.0909090909090909,0.25,0.4015151515151515,1.4071028349939194,2.0277980707576013,1.693562412269927,3.2336628891642714,1.7538511812868425,3.010164083985117,n.d.,0.0833333333333333,0.22673805404543174,2.0,0.8866948480136093,0.1439393939393941,1.0,0.3333333333333333,0.5,1.0,0.1551659125188537,0.5610859728506787,0.17355889724310775
S3,2,W00_C6,EVAE,15.949395781330267,10.194402247825836,8.696024642169068,3.896116177140076,n.d.,8.981036015300326,6.447657225380786,0.1666666666666666,4.463732206573135,5.644591809357791,0.14685314685314685,2.3024711165866,2.293966726750013,0.11607142857142855,n.d.,n.d.,0.0833333333333333,0.25,0.36805555555555547,1.8995101276912618,2.1813736188667336,2.7936685801140615,3.748671606122821,1.7659951370115134,4.188433537002261,n.d.,0.1666666666666666,0.32976371688454964,2.0,0.7924882206236497,0.16666666666666666,1.0,0.3333333333333333,0.3333333333333333,1.0,0.1519607843137255,0.5140056022408963,0.16261722080136398
S3,2,W00_C6,KDE,12.112726752382564,9.390012279840516,7.893186339496991,3.2085569642047846,n.d.,7.815571652154802,5.438814773742221,0.196969696969697,4.228190665438357,5.286783473795707,0.1136363636363636,2.5289600979542195,1.744600068518393,0.13636363636363635,n.d.,n.d.,0.0833333333333333,0.25,0.4015151515151515,1.9019488620605878,2.364996652991176,1.6584338671314391,4.0602064590704074,1.6782867324884303,2.7647494509590818,n.d.,0.0833333333333333,0.2749313467768697,2.0,0.7297922414740768,0.1439393939393941,1.0,0.3333333333333333,0.5,1.0,0.1139705882352941,0.5892857142857143,0.1825396825396825
S3,2,W02_C5,ADFNE,13.871070954370357,10.815772361011351,8.344605370996492,5.216180731449043,n.d.,9.90944481772932,4.93083901838308,0.0446428571428571,6.478525525819597,2.2473681088030633,0.1071428571428571,4.604252031967619,1.741666858730453,0.0982142857142857,n.d.,n.d.,0.0625,0.08928571428571425,0.2276785714285714,1.2353340161745008,0.8025391408788818,2.4589718534716134,1.7756339643906847,2.3096919600547903,1.7249194095015647,n.d.,0.125,0.13374647643929455,1.25,0.6194970817739687,0.2857142857142857,0.0,0.2,0.3333333333333333,1.0,0.0681413679125349,0.6437833714721587,0.11809523809523806
S3,2,W02_C5,EVAE,17.84196867944432,14.540648636442818,6.925035325545869,3.8123268109153083,n.d.,13.856710369082377,4.611238352273797,0.0982142857142857,4.7418657968486695,2.738073161141525,0.07070707070707065,2.526779859063854,1.8976342382278824,0.1160714285714285,n.d.,n.d.,0.0625,0.0535714285714285,0.2475961538461538,1.4312165604173335,0.756495794942772,2.5341320271069643,3.7593967177720304,2.196300009283749,1.9040852950105491,n.d.,0.15625,0.09930870100746385,0.5,1.5782526807060209,0.17499999999999993,0.4,0.30000000000000004,0.6666666666666666,1.0,0.0526315789473684,0.3333333333333333,0.0695488721804511
S3,2,W02_C5,KDE,12.99916744832227,10.321681819288647,10.35914279613849,3.181550869957255,n.d.,9.82519703591064,2.8764570506752607,0.0446428571428571,8.479218236224908,3.5356121455122276,0.0982142857142857,2.268775619247841,2.29265102506647,0.1160714285714285,n.d.,n.d.,0.0625,0.125,0.20982142857142855,1.158345725895473,0.6955269315259027,1.5196799879669127,2.122872275012608,2.2427704971962132,2.4264086413518755,n.d.,0.125,0.07322699766597754,1.5,0.6230741154971842,0.2857142857142857,0.0,0.2,0.6666666666666666,1.0,0.0454545454545454,0.7597254004576659,0.1383928571428571
S3,2,W02_C6,ADFNE,11.26830875393651,6.83751717161171,12.402179734929952,6.247112759721707,n.d.,5.464134731615235,1.1609401091753626,0.0714285714285714,12.330854563973851,4.780108284273559,0.1428571428571428,5.3696317435074965,2.1159401392338637,0.1428571428571428,n.d.,n.d.,0.0714285714285714,0.0,0.2142857142857142,1.6030805786764082,1.439142014530486,2.5009283605430066,2.3229529403892943,2.0562163416897885,2.5548708718598263,n.d.,0.0,0.08317549225951545,n.d.,1.40052260729941,0.5714285714285714,0.1666666666666666,0.6666666666666666,0.5,1.0,0.16228070175438591,1.5445134575569357,0.31625000000000003
S3,2,W02_C6,EVAE,17.14977122961878,7.466421955948409,11.179317432458966,5.105045346577101,n.d.,2.983661477644446,4.928913317844646,0.22767857142857134,11.079297789621531,3.555220411328117,0.1598401598401598,5.019423745866168,1.8557409342640123,0.1142857142857143,n.d.,n.d.,0.0714285714285714,0.060661764705882346,0.3571428571428571,1.5542911453332573,0.9823822685725119,2.343678082725378,3.23353445940366,1.4596127068543465,3.0559940880384997,n.d.,0.0714285714285714,0.1191943547861817,n.d.,0.8599029611606808,0.1415441176470588,0.5,0.6666666666666666,0.5,1.0,0.0208333333333333,0.8633540372670807,0.18082788671023964
S3,2,W02_C6,KDE,11.718302771960841,7.287022632169441,13.016659367130053,5.013358959318596,n.d.,6.130641551456724,2.7572848754635126,0.0714285714285714,12.971014776672112,4.2368063642722245,0.1428571428571428,4.6632889723403625,2.433091052103351,0.1428571428571428,n.d.,n.d.,0.0714285714285714,0.0714285714285714,0.24999999999999994,1.072736395615327,0.88951398500892,1.2452329530993111,1.9311426134637135,1.6484450811732092,1.983686252773869,n.d.,0.0,0.10723733186939996,n.d.,1.3361285027945775,0.5714285714285714,0.1666666666666666,0.6666666666666666,0.5,1.0,0.13961038961038955,1.55,0.31646273637374855
S3,2,W03_C5,ADFNE,11.71823713609483,12.442502085533317,8.049331252203531,8.586384391929034,6.252757104756077,12.246424071478497,2.148946756650962,0.0714285714285714,4.903292497351865,1.9591309581842289,0.0714285714285714,8.586384391929037,1.8422731801784555,0.0714285714285714,2.156757976527377,5.141238628236886,0.0714285714285714,0.0357142857142857,0.1428571428571428,1.4770431540715827,1.6084180792361524,1.4710845432198705,2.6797100000294494,2.4159958360644618,2.801614322553129,2.3499989126760874,0.0,0.17440209517590272,n.d.,0.6867662044176803,0.1428571428571429,0.1666666666666666,0.25,0.5,0.5,0.1619565217391304,1.6473429951690821,0.3205128205128205
S3,2,W03_C5,EVAE,11.29805415349011,9.367115456453115,6.961725502470688,8.988765669462913,5.580020319290674,8.755107040263335,3.037698215980231,0.1493506493506493,5.747186370044043,1.9616392998343215,0.0714285714285714,8.984480475930972,2.05141138884838,0.048051948051948,3.048902954666004,4.780770536908802,0.0571428571428571,0.0,0.21363930187459595,0.9991486237696054,0.819366746913347,0.9949892635317348,2.879690020059063,1.5544355215479164,2.2364304686940075,1.8273663716845496,0.2142857142857142,0.15652600347088935,n.d.,0.7845364078623429,0.24642857142857133,0.3333333333333333,0.25,0.5,0.5,0.0769230769230769,0.9561904761904763,0.2034482758620689
S3,2,W03_C5,KDE,10.64363037972776,9.46354749265986,7.144100500215324,7.849159393110622,6.296023822467623,9.59230956808159,1.6210942919238223,0.0714285714285714,5.541630484801543,1.8824952014351048,0.0714285714285714,7.849159393110627,1.8270211917948047,0.0714285714285714,4.249067296320629,3.918193617203016,0.0714285714285714,0.0,0.1428571428571428,1.1774935959812223,0.8543272420150932,1.5778567584130072,2.6023717198064196,1.7936797226380807,1.4289607580494603,2.196494905171636,0.0,0.14874570114978736,n.d.,0.9132634707346152,0.2857142857142857,0.1666666666666666,0.25,0.5,0.5,0.12521739130434778,1.3636363636363638,0.28285714285714286
S3,2,W03_C6,ADFNE,12.84473935835959,7.916739310382296,7.8984321214310365,n.d.,n.d.,5.9541450606938024,6.664342350779501,0.1043956043956044,6.76921404085539,1.9304106894468314,0.1071428571428571,n.d.,n.d.,0.0659340659340659,n.d.,n.d.,0.0659340659340659,0.0769230769230769,0.1868131868131868,1.338632769335054,1.2772833006526074,2.152999795511491,3.4068131700772724,3.8788760057859224,n.d.,n.d.,0.0769230769230769,0.18023314827483775,n.d.,1.6051186953092422,0.1792582417582416,0.1666666666666666,0.375,1.0,1.0,0.06282051282051275,0.9315496098104794,0.19077750206782465
S3,2,W03_C6,EVAE,15.805562144532114,5.998475244255496,7.086506033877821,n.d.,n.d.,3.6408299579611096,4.263926699802839,0.239010989010989,3.4439266272138127,2.711606535341615,0.11428571428571424,n.d.,n.d.,0.0714285714285714,n.d.,n.d.,0.0769230769230769,0.0769230769230769,0.3006993006993006,1.4923074520191704,0.8049035651916914,2.1923474134611824,3.5974333942877585,4.355811954210571,n.d.,n.d.,0.0769230769230769,0.18948695301517998,n.d.,1.0256000565701755,0.32403846153846155,0.5,0.5,1.0,1.0,0.0564102564102564,0.5,0.1476190476190476
S3,2,W03_C6,KDE,10.831196055690441,7.685320237240015,8.383699922265206,n.d.,n.d.,5.288466391763327,3.4697944634926916,0.1043956043956044,8.158995898771714,2.8490420593486885,0.0494505494505494,n.d.,n.d.,0.1373626373626373,n.d.,n.d.,0.0659340659340659,0.0769230769230769,0.1868131868131868,1.253267396790775,0.9182781137253054,2.440655339992946,2.497764960619013,4.046696689537431,n.d.,n.d.,0.0769230769230769,0.26977088495648166,n.d.,1.7136889221073663,0.2506868131868131,0.1666666666666666,0.25,2.0,1.0,0.06190476190476185,0.7456521739130435,0.1787994891443167
S3,2,W04_C5,ADFNE,10.674476792605557,6.006005854440314,9.22468225882212,5.05797980085401,4.723351680604997,4.020276275982177,2.289591113438867,0.0714285714285714,9.066331182810854,2.397418418719119,0.1428571428571428,2.9989368846530446,2.8013275626628653,0.1428571428571428,2.6697633801032845,3.7046434906733285,0.0714285714285714,0.0357142857142857,0.2142857142857142,1.9181616417254186,0.8209981079788489,4.437855830053616,3.0813895600158334,2.025950500483779,2.277793893969501,5.444278648472846,0.0,0.20738711457450226,3.0,1.0890986222608068,0.4285714285714286,0.2,0.6666666666666666,0.5,0.5,0.0463235294117647,0.6596638655462185,0.13235294117647056
S3,2,W04_C5,EVAE,15.990255427470213,7.013088429402013,8.422094754875824,4.921136649768577,6.564028272145537,5.432726472863811,1.6615107760599042,0.1428571428571428,8.524506470234689,2.189999593256698,0.1428571428571428,4.440714292739763,2.3256342740621125,0.1972527472527472,5.20700396281065,2.63295728509871,0.08219537815126045,0.057189542483660094,0.3072478991596639,1.4555165139612596,0.5673007309783556,4.6076557741822395,3.6780608308598097,1.7570484608767802,2.0342897928362187,5.752590587521807,0.1785714285714285,0.1113559589686427,3.5,0.7710219669804943,0.11764705882352935,0.5,0.6666666666666666,0.75,0.5,0.0625,0.6287878787878788,0.13638519924098666
S3,2,W04_C5,KDE,11.660116849967995,7.189934131050091,10.947850497278141,4.452268080972187,5.892087549690724,5.9514060571797565,2.0394260086179434,0.0,10.849437959434642,2.1451064070273347,0.1428571428571428,2.0630009188763125,2.318536982617984,0.1428571428571428,3.2704549427531253,4.888516485680453,0.0714285714285714,0.0,0.2142857142857142,1.6618710535181256,0.4647449094776346,5.150797357786294,3.7347488277792564,1.8238023870241526,1.470998130251916,4.453039332701395,0.0,0.19879205914451845,3.0,1.2867518284747008,0.4285714285714286,0.0,0.6666666666666666,0.5,0.5,0.0769230769230769,0.75,0.14196832579185514
S3,2,W04_C6,ADFNE,10.765772642943102,5.082149837865369,5.3681111894781655,5.172760689671794,n.d.,4.167430075033609,1.6068490691916202,0.0714285714285714,3.974378550448895,2.6584794363542086,0.0714285714285714,3.3062088835731984,2.843849197573462,0.1428571428571428,n.d.,n.d.,0.0714285714285714,0.0714285714285714,0.25,2.2493918466287983,2.0528357585719927,1.4345499016540786,7.213264699636563,1.9841626333802795,2.287454899078047,n.d.,0.0,0.2508405973489999,1.0,1.2663819821767917,0.1428571428571429,0.25,0.25,0.5,1.0,0.0659090909090909,0.5652173913043479,0.1111111111111111
S3,2,W04_C6,EVAE,14.61951162016544,7.10933739921356,5.934464737897077,4.395522287692308,n.d.,3.9266244509848116,2.713903537147239,0.1233766233766233,4.068268109450518,4.0283063719095695,0.09375,1.8287068091374223,3.088626823142927,0.1428571428571428,n.d.,n.d.,0.0714285714285714,0.0714285714285714,0.27083333333333326,1.6982723373620796,1.0888559541328195,0.6973457086778467,6.462076699545978,1.9810676011457928,2.377798418738688,n.d.,0.1428571428571428,0.15990738871357324,0.5,0.7643044414391962,0.27281746031746024,0.5,0.25,0.5,1.0,0.0639880952380952,0.2727272727272727,0.07007575757575756
S3,2,W04_C6,KDE,10.286681283233548,5.372281760929848,5.3639267425172115,4.677548906854663,n.d.,4.215649732111209,2.42412408131349,0.0714285714285714,3.848836480350845,3.5734622329996615,0.0714285714285714,2.268630926847617,1.1676491218721488,0.1428571428571428,n.d.,n.d.,0.0714285714285714,0.0714285714285714,0.25,2.006653188160279,1.4599301170873202,0.7216830927184115,6.967069488844389,1.8474497922580322,1.8967776957561064,n.d.,0.0,0.21326172408698918,2.0,1.5777128413686934,0.2142857142857143,0.25,0.25,0.5,1.0,0.0528656126482213,0.6040100250626566,0.122066570881226
S3,2,W05_C5,ADFNE,8.95721879338862,5.503559518212399,5.389744762670478,6.062048125420567,7.626451336585991,2.9765847927771185,3.0194232811505564,0.0042016806722688,3.8299415135454016,1.1646120990751445,0.0714285714285714,4.140872371187086,5.662228896730267,0.1050420168067227,7.2456385482584675,5.4799937313542895,0.1050420168067227,0.0,0.15966386554621845,2.101998795562083,1.6478370151639221,3.0489582574753062,4.508370488417219,2.528989810991573,2.2093726243501504,4.148166006611854,0.1764705882352941,0.35681976321977604,2.0,0.7219866271646255,0.2746848739495798,0.1666666666666666,0.2,0.3333333333333333,0.6666666666666666,0.22321428571428564,0.7738095238095237,0.2399475524475524
S3,2,W05_C5,EVAE,12.747858835082601,5.734767163689523,4.594305292575681,6.709941240976788,8.202297418402583,4.400412233036475,1.641287874746416,0.1470588235294117,2.9752914754436692,1.1125746220611692,0.0630252100840336,4.499958624304373,5.829162033204856,0.11188725490196075,6.137904936549649,6.294214540396845,0.062091503267973844,0.0555555555555555,0.22689075630252098,1.221160247984745,0.33450394868850597,1.0855716171397711,2.7214022343762254,2.7247558142784505,1.449860389031064,3.289236601402912,0.08823529411764705,0.12764484412774746,3.0,1.0762059153471235,0.6834150326797386,0.5,0.2,0.6666666666666666,0.3333333333333333,0.22713032581453624,0.5020703933747411,0.23106060606060605
S3,2,W05_C5,KDE,10.07093403389039,6.368447977588163,6.013632828655765,6.33055654963701,9.625677084508222,4.974032803367603,1.540677972101106,0.0042016806722688,5.230664850859556,2.6373948382120185,0.0714285714285714,2.9178882507243635,4.137435961061624,0.1050420168067227,5.365292193520322,6.748515769048759,0.1050420168067227,0.0357142857142857,0.1386554621848739,1.853200216936558,0.9564161262767013,2.020963950403506,4.058334859063307,2.876530441175984,2.1594094669521806,2.5603302051348105,0.1764705882352941,0.22751876043095426,6.0,0.9145542356996784,0.2142857142857142,0.1666666666666666,0.2,0.3333333333333333,0.3333333333333333,0.19668737060041402,0.6723602484472049,0.2394781144781144
S3,2,W05_C6,ADFNE,13.464999309840675,6.543926606393863,4.7414743803669435,n.d.,10.169023818039856,2.707119688509727,2.278036272294001,0.1904761904761905,3.148036294837886,2.362221025463217,0.1984126984126984,n.d.,n.d.,0.0555555555555555,9.790119288701227,1.5376971803335238,0.0793650793650793,0.0714285714285714,0.3373015873015873,1.6433470550035256,1.028404354498948,1.7477877616994473,2.4390003777505074,3.561067277775767,n.d.,2.5115515187836635,0.2222222222222222,0.3779140059910642,0.5,0.5878473432224345,0.2976190476190476,0.6666666666666666,0.5,1.0,0.5,0.05999999999999994,0.5406698564593301,0.10794871794871795
S3,2,W05_C6,EVAE,14.67716430871331,6.5417783352969945,4.410543248754256,n.d.,7.543031580193412,4.219588841394893,2.2753337512515373,0.11507936507936506,2.8469906057499283,1.3074883991718451,0.1919191919191919,n.d.,n.d.,0.0620915032679738,5.9710841418974665,1.8501323048182168,0.1111111111111111,0.0,0.3282828282828283,0.9507229101741625,0.8036862749868212,0.35805908907568185,2.9406880495566368,2.625989806979636,n.d.,2.435691040261852,0.2222222222222222,0.21237434027514807,1.0,1.1857889893069684,0.1309523809523809,0.6666666666666666,0.5,1.0,0.5,0.0757575757575757,0.445141065830721,0.09913793103448275
S3,2,W05_C6,KDE,12.65447715891841,6.82961952398046,4.666535968150652,n.d.,8.393314429611594,3.293491830648252,2.29313468511882,0.1904761904761905,3.1356704518428886,2.0760989327326795,0.1984126984126984,n.d.,n.d.,0.0873015873015873,5.990907440484796,2.460989590402525,0.0793650793650793,0.0,0.2777777777777778,1.361800310245688,0.9232215179578979,1.610242643187488,2.3233895630180963,2.7469305896327914,n.d.,2.4374717505216807,0.2222222222222222,0.2699953742933594,1.5,0.6726775004752285,0.2976190476190476,0.6666666666666666,0.5,1.0,0.5,0.0474308300395256,0.782608695652174,0.13981481481481478
S3,2,W06_C5,ADFNE,14.079185208253914,6.1369826426789285,7.567323217549596,5.153248406057859,n.d.,2.972432372438123,3.3647561810650277,0.0989010989010989,6.408694450832463,2.332130920740103,0.1648351648351648,3.011796032803029,4.262510265709871,0.2032967032967033,n.d.,n.d.,0.0824175824175824,0.1428571428571428,0.3489010989010989,1.327890720176133,0.8089641740675624,2.105676104839902,2.2210184337382177,1.930106865678233,2.702309320705445,n.d.,0.0714285714285714,0.15237741716514108,n.d.,0.6899401936247537,0.6998626373626374,0.25,1.0,0.6,1.0,0.0288220551378446,0.7399267399267399,0.17349498327759194
S3,2,W06_C5,EVAE,15.767543852527526,6.377422614963956,6.885281040621097,4.705931582792033,n.d.,5.770136368825671,1.6682634116853716,0.2436974789915966,5.009369000467247,2.6301874778492556,0.1512605042016807,3.44160581643077,3.073290944651815,0.2394957983193277,n.d.,n.d.,0.0714285714285714,0.1428571428571428,0.399859943977591,1.1998862761491198,0.9768309234950012,1.3694763906015561,2.264755799295779,1.9888532275463817,2.267695930385633,n.d.,0.2142857142857142,0.3393409625739964,n.d.,1.0111171554119762,0.14074248120300745,1.0,1.0,0.6,1.0,0.0769230769230769,1.0256410256410255,0.21729883020205598
S3,2,W06_C5,KDE,14.19841695126436,5.961358340715739,7.35685665515687,4.068210413968631,n.d.,3.5060566351992764,3.561323215689582,0.0989010989010989,6.289212648741648,2.1181151388162993,0.1648351648351648,2.263076593449564,2.572149801279509,0.24175824175824176,n.d.,n.d.,0.0824175824175824,0.1428571428571428,0.3461538461538461,1.1481285251912339,1.3156968167003191,1.0732970763083316,2.2271840787957897,1.9664347100696808,1.9527144233379954,n.d.,0.0714285714285714,0.08967720972295405,n.d.,0.9582187739251822,0.6229395604395604,0.25,1.0,0.7,1.0,0.07499999999999996,1.352594773647405,0.25641025641025644
S3,2,W06_C6,ADFNE,12.978265703011916,8.97284238676,8.133458421138469,8.978817231193114,n.d.,7.329323640685143,5.530539298487295,0.0209790209790209,3.2225426025463366,6.234313575686672,0.0559440559440559,8.979216185725672,1.5118128267084583,0.1958041958041957,n.d.,n.d.,0.0769230769230769,0.03846153846153845,0.1958041958041958,3.518196437919154,3.9301263042331014,5.609959357913717,5.387149628022299,4.549216043285561,3.0216846551796817,n.d.,0.1818181818181818,0.260252783220575,0.41666666666666663,0.7430505807151903,0.2368881118881118,0.25,0.25,0.6666666666666666,n.d.,0.06100478468899515,0.536842105263158,0.10691391941391934
S3,2,W06_C6,EVAE,15.425145493264392,8.83085815343877,7.61939966393904,5.2541026135746485,n.d.,4.6705189281748885,6.268884863757817,0.1428571428571428,3.3724389312368093,6.821966177717782,0.1136363636363636,5.162282698804058,3.0888444303129754,0.19155844155844148,n.d.,n.d.,0.12916666666666665,0.0588235294117647,0.3238636363636363,3.492984692242495,3.22437925098173,5.724114707126211,3.9183470118616945,4.199648472001081,2.052325234642759,n.d.,0.40909090909090906,0.11495326356479305,0.5,1.1450224032036767,0.6482286096256684,0.75,0.25,0.6666666666666666,n.d.,0.04999999999999995,0.591304347826087,0.0961538461538461
S3,2,W06_C6,KDE,14.922535130908994,10.24682917837869,6.878035338242864,9.51079723061906,n.d.,8.392717939347861,4.134485595551624,0.0209790209790209,2.707606170207765,6.6938306856400125,0.0559440559440559,9.51119618515163,4.230784736966161,0.1188811188811188,n.d.,n.d.,0.1538461538461538,0.03846153846153845,0.21328671328671325,3.457032505770426,2.987661867592247,6.613844536541541,4.706161853678038,4.7952951948917635,2.2696668585206607,n.d.,0.1818181818181818,0.25143013725703167,0.41666666666666663,0.6249386174894123,0.2368881118881118,0.25,0.25,0.3333333333333333,n.d.,0.05238095238095235,0.5017543859649124,0.0884115884115884
S3,3,W00_C7,ADFNE,10.48167791201998,9.667214391031399,6.574260733925268,n.d.,8.229657137587703,5.45921532697465,8.243410384689467,0.25,6.383882952477623,2.870567085258682,0.1111111111111111,n.d.,n.d.,0.0555555555555555,6.393484614781553,2.880815699850209,0.1388888888888889,0.0555555555555555,0.3055555555555556,1.3052648413901915,0.9681744739316378,3.2171807314771845,2.625758124388704,1.852651894937932,n.d.,1.7695823562736348,0.3333333333333333,0.2481410026311006,0.5,0.9638984355582545,0.2777777777777777,0.6666666666666666,0.5,1.0,0.75,0.07363505747126434,0.592292089249493,0.12432065217391305
S3,3,W00_C7,EVAE,12.528095292052484,7.497366903339728,5.372720797926932,n.d.,6.983449219232426,3.190897178878367,6.961992129884326,0.2333333333333333,4.3296694348101,2.5325370298854235,0.1777777777777777,n.d.,n.d.,0.10486111111111104,5.487899321971248,2.72499076841247,0.07863247863247855,0.1111111111111111,0.3729166666666667,1.7210206236905132,0.7159451564523134,3.9080987338787203,4.383287728236299,1.987149878262935,n.d.,2.089181449113242,0.2222222222222222,0.13818186187158799,0.3333333333333333,1.6963623593369868,0.5055555555555555,0.6666666666666666,0.625,1.0,0.5,0.07569610916466896,0.37777777777777777,0.0982862903225806
S3,3,W00_C7,KDE,12.089480883906315,9.180523589327269,6.390060841744918,n.d.,5.500371133517756,4.265663228975512,8.652226083894103,0.1666666666666666,6.024983458712252,1.6200635172678073,0.1111111111111111,n.d.,n.d.,0.1111111111111111,3.9361083349455317,1.9364714496761444,0.125,0.1111111111111111,0.36111111111111105,1.3218768805869794,0.4721302871885147,2.6373636699526637,1.9977328868275785,1.5660613250420132,n.d.,1.7050461111790363,0.3333333333333333,0.2030409185253188,0.5,0.9831612137112842,0.3888888888888889,0.3333333333333333,0.5,1.0,0.625,0.05513784461152875,0.6151382513077827,0.13352272727272724
S3,3,W00_C8,ADFNE,23.100452469109904,n.d.,7.225888956247485,5.492694652559285,3.514533204703133,n.d.,n.d.,0.4166666666666667,4.932375470299929,3.318667846254371,0.1282051282051282,4.252471965468254,1.8936844651915488,0.1474358974358974,1.9164542049475588,3.254656686117644,0.1474358974358974,0.0064102564102564,0.4166666666666667,1.6546137105208598,1.2617444224251355,1.1619333102300844,n.d.,3.977797805949654,3.5757237093424363,3.624830361851129,0.0769230769230769,0.2586300479269714,n.d.,0.8913840671057005,0.4551282051282051,n.d.,0.3333333333333333,0.6666666666666666,0.6666666666666666,0.0928571428571428,0.9596638655462185,0.21363636363636357
S3,3,W00_C8,EVAE,24.47248936482174,n.d.,5.522575998801733,5.753394823127851,5.412829068495515,n.d.,n.d.,0.36931818181818177,5.508821786781109,2.8353675886487126,0.1948717948717949,5.414872865031674,0.975716451321099,0.08482142857142855,4.984492664749016,2.109462306342152,0.10160256410256405,0.0714285714285714,0.4230769230769231,1.6446866472734922,1.5689665675724942,0.6949691625310006,n.d.,4.195457720339978,5.278755995301128,2.5755669077194314,0.1538461538461538,0.13926220572187994,n.d.,0.5263640707738906,0.1694139194139194,n.d.,0.3333333333333333,0.3333333333333333,0.3333333333333333,0.0777173913043478,0.8909090909090909,0.1949999999999999
S3,3,W00_C8,KDE,24.030591541375664,n.d.,7.097454103010198,3.823917108936043,5.630540806095455,n.d.,n.d.,0.4166666666666667,7.092433704868778,2.9141398168224923,0.1282051282051282,2.738917247393075,1.2348733093148354,0.1025641025641025,5.010790534269939,2.908284098984011,0.12499999999999996,0.0769230769230769,0.41666666666666663,1.8513241549781179,1.2902382178632987,2.5370684447926983,n.d.,3.861616264956424,3.755851497500128,2.340238787036328,0.0769230769230769,0.3142194256566959,n.d.,1.0298088575988786,0.4551282051282051,n.d.,0.3333333333333333,0.3333333333333333,0.5,0.10394736842105254,1.4235294117647057,0.2699999999999999
S3,3,W03_C7,ADFNE,14.877774994814214,11.520888144831527,8.542752472482071,3.5283922705437196,5.540603336055077,11.276990098178395,7.189297245007506,0.1607142857142857,7.283772935236592,4.592041034699748,0.0982142857142857,3.233394353549454,1.7046370967993925,0.0892857142857142,5.475436044496046,3.672567999429003,0.0178571428571428,0.1517857142857142,0.31249999999999994,1.3776921315880304,0.7913990473109667,1.7443796571360166,2.409475597045904,2.162427950698623,2.6601539384360193,2.4867315313522464,0.1428571428571428,0.13846887996331253,5.0,1.2743356252829452,0.25,1.0,0.6666666666666666,0.3333333333333333,0.0,0.0756709956709956,1.0674603174603177,0.2008212375859434
S3,3,W03_C7,EVAE,15.331533436421473,16.345011417193028,10.42188682839248,3.5394175382268642,5.0674943990354295,16.030096364826612,6.5936483371943275,0.1440030557677616,8.642538534163936,4.727129996912966,0.0913461538461538,2.4882112727726398,1.3984226466453658,0.053030303030303,3.6003476789377062,2.5464175250239505,0.0519480519480519,0.15362394957983183,0.2628205128205128,0.9819343059132468,0.8229268609937423,2.11465249213311,3.3005146175558604,1.915937984189108,2.035219185473213,3.0528007585418795,0.1428571428571428,0.2079313783133534,2.5,0.8287999510503354,0.3048844537815125,0.6666666666666666,0.3333333333333333,0.3333333333333333,0.5,0.03888888888888885,0.4710162503031773,0.09295541623127825
S3,3,W03_C7,KDE,16.269537443050044,14.520914092060067,7.7501034396197905,5.718236659225461,5.037617631537473,14.024103984314571,4.013696300730931,0.1607142857142857,6.0112392085595,3.993168345913095,0.0982142857142857,5.563338024317125,1.9751814573551656,0.0892857142857142,4.298971305148971,1.524340489905339,0.0803571428571428,0.1517857142857142,0.2991071428571428,1.1405629038888205,0.8146211521737643,0.9635397432321878,2.060946714091854,2.0945594547628565,2.32354868026337,2.4786296371815144,0.1428571428571428,0.17027028977606046,5.0,1.3216435645278248,0.1964285714285714,1.0,0.6666666666666666,0.3333333333333333,0.5,0.0714285714285714,1.0291005291005288,0.19206773618538325
S3,3,W03_C8,ADFNE,11.793006150421315,5.083755166137456,13.95199104703303,5.552389160063119,n.d.,4.3033997350054545,2.0439522283276688,0.0528846153846153,13.708439738353402,5.4270072691383735,0.2211538461538461,4.081173940109302,2.8913582070356516,0.1682692307692307,n.d.,n.d.,0.048076923076923,0.1225961538461538,0.2788461538461538,1.6012672073290166,0.7493322422005679,1.9593341880587922,2.3619968070737816,2.4908893517843533,2.313749091923323,n.d.,0.2307692307692307,0.1852614215058633,4.0,0.8244383426425838,0.3894230769230768,0.4,2.0,0.6666666666666666,1.0,0.1452173913043478,0.9128352490421456,0.20199805068226115
S3,3,W03_C8,EVAE,12.05312213724026,7.346296868076513,15.406488247442194,3.9114822672938887,n.d.,6.833256879109481,2.3499229108800637,0.07451923076923075,15.439507593013088,6.0733643701094255,0.14946266968325783,2.972749513760686,2.4231159013455157,0.1057692307692307,n.d.,n.d.,0.06666666666666665,0.1538461538461538,0.2524038461538461,0.9882239905760553,1.3614337713874018,2.726532851466753,3.130408458432,2.111941338282546,1.8911324047660643,n.d.,0.2307692307692307,0.33177619103460987,2.0,1.390762274806626,0.8894230769230769,0.2,1.5,0.3333333333333333,1.0,0.1112637362637362,0.709904474610357,0.15679824561403505
S3,3,W03_C8,KDE,10.903607693967231,5.219277977168907,12.352343454934836,3.518478451416654,n.d.,4.168640722099687,2.0321320453402674,0.0528846153846153,12.372309611194293,4.485843118574772,0.1586538461538461,3.2462010993978474,1.3690572345387682,0.0432692307692307,n.d.,n.d.,0.048076923076923,0.0913461538461538,0.2115384615384615,1.2140903755967618,0.902072186248575,1.4716732576399,1.7671512629847772,2.1409501805564957,1.9655093465822613,n.d.,0.2307692307692307,0.21595355726678164,5.5,0.8239875855377765,0.3894230769230768,0.2,1.5,0.3333333333333333,1.0,0.10727969348659,1.2771392081736908,0.24601706970128015
S3,3,W04_C7,ADFNE,19.246410048598047,9.476824080671115,6.091317317934555,10.017011376961491,n.d.,8.089508095946005,6.967448183145021,0.1517857142857143,2.8841555737732003,2.5527127581248834,0.0892857142857143,10.045103586736357,1.6655729293061752,0.3035714285714285,n.d.,n.d.,0.0625,0.0,0.3035714285714286,2.558031337216719,1.3368393000797791,4.755004129850744,2.8535220250466944,11.321036316659113,1.6021200515015357,n.d.,1.2857142857142858,0.525753109243582,n.d.,2.6954735381671755,0.5,2.5,1.5,0.3333333333333333,n.d.,0.1225,1.3351648351648353,0.2779310344827586
S3,3,W04_C7,EVAE,19.21308882686893,11.599935779024083,7.042645604540746,10.429405733721183,n.d.,9.478284954022202,8.424709347676188,0.12016806722689075,4.190262216622833,3.857016619647253,0.05882352941176465,10.442416751832463,1.6606890469356195,0.26138876603272887,n.d.,n.d.,0.16718266253869965,0.0588235294117647,0.3455513784461153,1.8075102702322114,0.981320135032851,4.5104422726926865,3.621546883350811,10.777363047713866,2.2499333134106685,n.d.,1.2857142857142858,0.9848498807354302,n.d.,1.4775214717190852,0.1875,2.0,1.0,0.3333333333333333,n.d.,0.09526209677419355,1.0161290322580645,0.2240143369175627
S3,3,W04_C7,KDE,17.541686370295473,11.308614068790078,5.918764896800786,8.344200401075925,n.d.,10.814639930587095,5.314508677260227,0.0892857142857143,3.540079385216573,1.6196938906501783,0.0892857142857143,7.929985497889282,2.2152049127390336,0.3035714285714285,n.d.,n.d.,0.0625,0.0625,0.3035714285714286,2.511378416899464,0.6030208116383915,5.995940210798386,2.079750122509263,10.73012022318547,2.233408377259344,n.d.,1.2857142857142858,0.7256129235316587,n.d.,2.668143168244111,0.3125,2.0,1.5,0.3333333333333333,n.d.,0.1314285714285714,1.4588859416445623,0.29437229437229434
S3,3,W04_C8,ADFNE,17.15165215545388,6.580471039829829,8.026808451961701,11.450796568835678,n.d.,3.651669063994336,3.4630522296763937,0.0625,3.167577490849119,6.833355605202676,0.125,11.450796568835678,2.513822537220694,0.125,n.d.,n.d.,0.0625,0.125,0.25,1.7384530349433285,0.9808651532397583,1.574379241579758,4.650919465803148,2.2711569532120706,2.5228071329253714,n.d.,1.0,0.5896002974445577,4.0,2.1028108325341472,0.125,1.3333333333333333,2.0,0.5,n.d.,0.06296296296296294,0.5652173913043479,0.1111111111111111
S3,3,W04_C8,EVAE,16.70504759046996,7.161743229140042,9.102606710364014,11.576286302044629,n.d.,2.918803449990432,4.172318194543144,0.0625,3.616801338281583,7.0239065762012824,0.0625,11.5764990479606,1.321334015322488,0.07843137254901955,n.d.,n.d.,0.1394230769230769,0.0625,0.22474747474747475,1.122999672581484,0.4030025005340576,0.4135361313819885,3.4875684335414814,1.6738509614229977,1.7828567324411722,n.d.,1.0,0.8648637148087888,3.0,1.1685261312292643,0.375,1.0,1.0,0.25,n.d.,0.051231527093596005,0.22068965517241373,0.07947900053163205
S3,3,W04_C8,KDE,15.059547680939922,6.510536350348145,6.663044639806181,8.287720737450067,n.d.,4.163058165821221,3.096599922595084,0.03125,2.848933244341908,6.79893118784824,0.125,8.315473002624598,2.940033309655163,0.125,n.d.,n.d.,0.0625,0.125,0.1875,1.5671644602739465,0.5214157877658254,1.846947039653684,4.389411408127236,1.623449488254397,1.7979961162906446,n.d.,1.0,0.7455057563071923,6.0,2.1846101882405446,0.3125,1.0,2.0,0.5,n.d.,0.0416666666666666,0.5683229813664596,0.09849206349206345
S3,3,W05_C7,ADFNE,18.69831210657764,9.759327027346536,5.629904632379712,4.862414485491776,n.d.,9.152185781606,1.8147147260685694,0.2152777777777778,3.7417071736589156,2.894756314738598,0.10069444444444439,3.478393914658668,2.0949429842109053,0.0972222222222222,n.d.,n.d.,0.0694444444444444,0.0555555555555555,0.23958333333333331,1.4622816436861115,0.8675185817660245,1.9035688448936117,4.417962346647777,1.9142862646795538,2.264742570094905,n.d.,0.1111111111111111,0.19553069746966684,1.5,0.659221879585668,0.3333333333333333,0.75,0.3125,0.5,1.0,0.0545454545454545,0.708994708994709,0.14587150869009935
S3,3,W05_C7,EVAE,18.78504743938212,8.68678224998264,4.980326527753501,4.630548052103254,n.d.,7.854032712046383,4.256005685764877,0.1527777777777778,2.412691412787953,2.5867923000689315,0.1944444444444444,4.138407526444249,2.418325370027552,0.0972222222222222,n.d.,n.d.,0.1047008547008547,0.0555555555555555,0.28338675213675213,0.8315502330407472,0.3416081597988663,0.5697532800012062,3.0423073460895473,1.5897781865756044,2.156124442406919,n.d.,0.1111111111111111,0.08797865102856539,0.5,1.4109867097466875,0.1666666666666666,0.5,0.5,0.5,1.0,0.06439560439560435,0.25823451910408435,0.0926854948594078
S3,3,W05_C7,KDE,19.81966302481824,10.794608916566649,6.367150758942296,5.438825963318701,n.d.,10.317240285848964,3.866170186471786,0.2152777777777778,6.1776043649323995,2.854495340206808,0.0694444444444444,5.444987349231969,1.7404485833277388,0.1597222222222222,n.d.,n.d.,0.0555555555555555,0.0555555555555555,0.2291666666666666,1.660378650421186,0.721839097759796,1.590062171992328,4.823173795064895,1.6464039293954125,2.4523626607148503,n.d.,0.1111111111111111,0.16085808966074178,2.0,0.6972771897946275,0.4583333333333333,0.75,0.25,0.75,1.0,0.0464285714285714,0.6461538461538462,0.11126694717157551
S3,3,W05_C8,ADFNE,14.871853099589378,6.209737471273778,7.546658874415706,4.235943373287344,5.8708913558591656,3.359073958608513,3.7045890390397584,0.1743421052631579,7.015287432185193,1.821427808005987,0.09374999999999994,3.2562797400447567,2.414556523127315,0.1694078947368421,3.539619093756458,3.7065511578172226,0.0427631578947368,0.1052631578947368,0.24999999999999994,1.3321404351484945,1.825713044105048,1.3893827362646598,1.8896107123488726,1.471878607600348,2.6895916217484475,9.214853012320498,0.1578947368421052,0.2349392909192711,1.0,0.7566218654650729,0.2203947368421053,0.4,0.2,0.7,0.5,0.1033540372670807,0.52,0.1440886699507389
S3,3,W05_C8,EVAE,12.947640137290932,4.759146509210129,8.396234648723532,4.13344408065689,7.452696026078522,1.5556643205530785,2.8597247744556977,0.1118421052631579,7.300642217677339,2.1069652340673417,0.0729166666666666,1.6696462373518104,2.01787941643987,0.1381578947368421,6.817719079085615,4.58200314063307,0.0401785714285714,0.06313131313131305,0.22462406015037595,0.8806703887866637,0.43436132302287483,0.9816554393819232,3.643664340356718,1.3537605314295216,1.5100124149485823,9.218304391313877,0.1578947368421052,0.16242945792771046,0.3333333333333333,1.195141130424167,0.31452429149797556,0.2,0.2,0.6,0.5,0.13882943143812704,0.37280632411067194,0.1274370790499822
S3,3,W05_C8,KDE,12.759327993052091,5.637280396942198,5.259943604887358,4.507056700689404,5.42320236759265,3.5864329411536047,3.1063652404275732,0.1743421052631579,4.096437759047862,2.0140562321546938,0.075657894736842,3.37123501268926,2.2764808723659726,0.1381578947368421,4.426077105380544,4.917642167693942,0.0427631578947368,0.1052631578947368,0.2434210526315789,1.259642232107975,1.0866001334748288,1.488429548741761,1.6643206407640747,1.3737029220586037,2.1498919110172516,8.68502499877009,0.1578947368421052,0.228193518115386,1.0,0.6118585937780912,0.3453947368421053,0.4,0.2,0.6,0.5,0.1133333333333333,0.42307692307692313,0.13906926406926406
S3,3,W06_C7,ADFNE,12.406202419366544,7.251161509591814,5.469334828095565,6.239153664358837,6.847894108874312,6.139163483180756,2.1670935106555675,0.0904761904761904,3.977826278234642,2.0283279858613996,0.0428571428571428,6.246335157508872,1.257501816808133,0.0857142857142856,6.611877382593389,4.64449103403403,0.0619047619047619,0.0,0.17619047619047615,1.8162442633571612,1.770979268833826,1.6247975672019543,1.4886730459115585,3.400453910571705,2.60806265197076,2.970039366204987,0.0666666666666666,0.2478544849731168,1.5,0.632260531277192,0.3571428571428571,0.25,0.1666666666666666,0.3333333333333333,0.5,0.1061447811447811,1.0543024227234752,0.2118926332288401
S3,3,W06_C7,EVAE,17.519166612116283,10.771940712723215,6.818489721590353,3.897981673901139,5.790807638066884,10.69819078167827,2.381677903072193,0.1475490196078431,3.6341236664612158,3.2474691017418724,0.14114832535885163,3.8963845199453377,1.6171592562686392,0.07867647058823529,3.5364227359072156,3.8600271948597906,0.042780748663101595,0.0526315789473684,0.23245614035087714,1.4138360589912289,0.8986788272273227,0.6553785982629234,2.6881149812455303,3.8166310791944653,2.6928375032969902,1.7899328847932345,0.1333333333333333,0.080291699045075,1.0,1.0062384977558045,0.983455882352941,0.625,0.3333333333333333,0.3333333333333333,0.5,0.08101851851851845,0.6944444444444445,0.14059934318555006
S3,3,W06_C7,KDE,14.347381434296263,6.947091683624106,5.220159689341314,6.692345674415338,5.21222382128805,6.546125948486527,1.6464760146578148,0.0904761904761904,4.191638301215004,2.4000593616695474,0.1142857142857143,6.697638305239806,1.7077177720163796,0.0571428571428571,2.7485114387969416,2.649539305399329,0.0619047619047619,0.0714285714285714,0.1761904761904761,1.6663090089579695,1.1474122820825667,2.2091321741698176,1.7364563225501928,3.1070036456979313,2.6050914179169733,3.500005682795571,0.0666666666666666,0.2852238006917785,0.75,0.653423328026328,0.4136904761904761,0.25,0.3333333333333333,0.3333333333333333,0.5,0.0933977455716586,0.6843434343434344,0.15118135376756064
S3,3,W06_C8,ADFNE,23.34350098986239,n.d.,6.094368467435993,5.474449796738234,5.7488436384552095,n.d.,n.d.,0.4285714285714285,3.8740924188059735,3.181945138337893,0.0476190476190476,2.914706588243644,3.905241149640172,0.1904761904761904,3.1494933257780207,3.845728529162528,0.1904761904761904,0.0,0.4523809523809523,3.230964035672255,2.6039077062324036,3.70963082659455,n.d.,2.984877113596986,9.232234918664124,2.3378839992098133,1.3333333333333333,0.47836418482732856,5.0,3.1346513631603843,0.1666666666666666,n.d.,1.5,0.5,0.5,0.15,1.1073950204384988,0.20734632683658166
S3,3,W06_C8,EVAE,25.089368875580128,n.d.,5.313308841292976,4.509057145323699,4.616353599137572,n.d.,n.d.,0.375,3.079522462761306,2.8115818068962737,0.0833333333333333,2.306438849485924,3.676090341335111,0.18749999999999994,2.9274166442765406,2.6078618279295975,0.2083333333333333,0.0625,0.47291666666666665,2.6722869533222964,2.6117501484582597,3.106078359199679,n.d.,3.0661098407624596,10.429373554248611,1.7953863912888282,1.6666666666666667,0.7452832138535368,3.0,3.191227174105091,0.5833333333333334,n.d.,1.0,0.5,0.5,0.1114551083591331,0.8187134502923976,0.16376811594202895
S3,3,W06_C8,KDE,22.948380824598495,n.d.,6.481607373652523,5.4520219327097275,4.994878066851413,n.d.,n.d.,0.3571428571428571,4.9989548807778466,3.2075301337022504,0.0357142857142857,3.1384268715997514,4.400495507522448,0.1904761904761904,3.8519821128709033,1.0999150639695392,0.2619047619047618,0.0,0.4523809523809523,3.1019506948376105,2.174910422273724,4.136737490790447,n.d.,2.5161635148673795,8.234905720223882,2.1765698657022616,1.3333333333333333,0.5286947971566354,3.5,3.258871932526783,0.1666666666666666,n.d.,1.5,0.5,0.5,0.10531135531135524,1.1000690131124915,0.2
S1,0,W02_C2,ADFNE (neighbours),9.060847396237303,4.542237347103299,6.956391893962198,4.614724581808847,n.d.,2.0985616591505885,1.9814559646580587,0.0076923076923077205,4.759044610640617,5.554580583583095,0.11538461538461536,2.5682722918028187,1.4061882286856124,0.12307692307692308,n.d.,n.d.,0.07692307692307693,0.0,0.2,3.9800081519184594,5.459325295491066,4.640875816567685,4.6004082750002375,5.038210436167166,3.715236904862505,n.d.,0.3,0.2156812237908735,0.4,0.7815176143712019,0.18173076923076925,0.3333333333333333,0.2,0.5,n.d.,0.10101010101010101,0.8496732026143792,0.20701970443349754
S1,0,W02_C2,KDE (neighbours),8.814659774204985,5.729681211213021,6.4835337420360855,4.075609835693318,n.d.,3.4956715150601374,2.8799397940471367,0.0076923076923077205,3.27183796207575,4.080043903655404,0.11538461538461536,3.685413216226522,2.3794361796629273,0.046153846153846156,n.d.,n.d.,0.07692307692307693,0.07692307692307693,0.18846153846153846,3.8606856608865767,4.264120321411786,4.695794270645061,4.903775835261472,5.326985043205989,4.255935056502912,n.d.,0.3,0.20022086143673218,0.4,0.7916849133518256,0.23076923076923078,0.3333333333333333,0.2,0.5,n.d.,0.1125,0.7722222222222224,0.1938095238095238
S1,0,W02_C2,Random context,12.823870450917916,6.640004189728466,5.791738317897298,4.68899382427948,n.d.,5.996542128254747,3.134068595684666,0.13333333333333333,3.674350054807471,4.1881211612270555,0.21657754010695188,2.1952120941636695,2.191745032598788,0.10160427807486631,n.d.,n.d.,0.10049019607843138,0.07142857142857142,0.33484848484848495,3.941157295524309,5.375547239794402,5.308659668437839,4.0012220493449755,5.655627000599114,4.304388610618306,n.d.,0.4,0.127315603642282,0.4,1.2441050893943142,0.19166666666666665,0.6666666666666666,0.4,0.75,n.d.,0.04351851851851852,1.513888888888889,0.24175824175824173
S1,0,W02_C2,Reference,10.975344659117807,5.398537436593209,4.95755511337512,3.3374063410663135,n.d.,3.4100190308669682,3.7620436639364625,0.148989898989899,2.537243077054595,3.7339450768498974,0.11818181818181817,0.71268732102315,0.8203035619513659,0.08194444444444446,n.d.,n.d.,0.05555555555555555,0.08333333333333333,0.29772727272727273,3.1012266663274675,3.9715324207742535,3.360238510285254,3.8492717359856248,4.648995260334662,5.101448015200393,n.d.,0.2,0.11198647409254366,0.7,0.8954312035197676,0.21250000000000002,1.0,0.6,0.0,n.d.,0.06623931623931624,1.676767676767677,0.2876984126984127
S1,0,W04_C2,ADFNE (neighbours),9.163621162285171,3.887988013039883,5.466789537140804,5.333771487549124,n.d.,1.6528781392182523,1.657232271644864,0.0625,2.072941628327813,1.6560664079946275,0.0982142857142857,4.849032069834538,3.168630333347087,0.08035714285714285,n.d.,n.d.,0.008928571428571425,0.0,0.1517857142857143,3.138405675815606,2.5573751545120644,4.342904856732126,4.419103856361971,1.7454586115400144,8.368015677668001,n.d.,0.14285714285714285,0.27567623675219594,0.3333333333333333,0.6976563709755268,0.5,0.0,0.25,0.5,0.0,0.09428571428571428,1.1591208791208794,0.1698588709677419
S1,0,W04_C2,KDE (neighbours),8.595387441930662,4.473984150433891,6.52360723862588,4.816359626329307,n.d.,3.0141263044937183,1.7809527726390866,0.0625,5.242413018477647,3.112715691984154,0.0892857142857143,2.418555733656196,3.711086041927982,0.08035714285714285,n.d.,n.d.,0.0625,0.0,0.1517857142857143,2.676366577352515,1.5301367321167025,6.232037348728733,4.587922178569182,1.8858494155353789,6.842005590201438,n.d.,0.14285714285714285,0.1781848602095823,0.41666666666666663,0.8422345895651785,0.1875,0.0,0.5,0.5,1.0,0.08282019704433496,0.8129744651483785,0.140625
S1,0,W04_C2,Random context,15.017206354091993,5.9333314042495555,5.181006905821996,6.226288449663565,n.d.,5.041387160396688,2.6018845763565563,0.27350427350427353,2.4128492094720078,2.5115725027097566,0.08730158730158732,4.496516967264554,5.480541486392758,0.0738095238095238,n.d.,n.d.,0.07692307692307693,0.058823529411764705,0.3047619047619048,2.5798823612524497,2.2503569061132396,4.155867282538775,4.271103342176101,2.271611796338196,7.021047964553531,n.d.,0.14285714285714285,0.2961431802903503,0.5,1.3629973797562518,0.5458333333333334,0.5714285714285714,0.25,0.5,1.0,0.11428571428571427,1.6553446553446554,0.24583333333333332
S1,0,W04_C2,Reference,11.34656639718231,3.7848333180736744,4.872590247645034,4.700015096532631,n.d.,1.6619061281624135,1.8675526253565038,0.09411764705882353,3.3276149389449934,1.276684924425851,0.16666666666666666,4.700015096532636,2.9347069610151912,0.031746031746031744,n.d.,n.d.,0.07142857142857142,0.0,0.21031746031746032,1.9841104065166484,0.878075984417388,3.8494459854792162,3.314535538007259,3.0544148908890723,8.045061248185895,n.d.,0.25,0.11209778068043234,0.6666666666666666,0.6732499289376148,0.3180555555555556,0.21428571428571427,0.5,0.0,1.0,0.10633116883116882,1.7372039724980903,0.26388888888888884
S1,0,W04_C4,ADFNE (neighbours),15.257224958811383,4.573404039548453,6.4808220905736835,n.d.,n.d.,2.5372986158657365,2.8828564888809747,0.19999999999999996,2.55421677479086,3.7234910732591238,0.09999999999999998,n.d.,n.d.,0.03333333333333334,n.d.,n.d.,0.1,0.0,0.2333333333333333,1.8258980183940314,0.9535769774562475,3.2105398676241115,2.2415337186079736,2.5209801294352916,n.d.,n.d.,0.5,0.20254298791113284,6.5,2.5030697163572975,0.35416666666666663,0.0,0.6666666666666666,1.0,n.d.,0.125,1.488974358974359,0.27786578341013823
S1,0,W04_C4,KDE (neighbours),13.0333101209905,4.589243269765407,4.838506294589016,n.d.,n.d.,1.1782311033619006,2.9857993466351216,0.19999999999999996,3.274763201522051,3.685412382628317,0.06666666666666665,n.d.,n.d.,0.03333333333333334,n.d.,n.d.,0.13333333333333333,0.0,0.23333333333333334,2.1105816675961435,1.521709241680464,4.461523191753999,2.272940549366143,3.017284665953148,n.d.,n.d.,0.5,0.12118246223660853,5.0,2.7440764064319114,0.48750000000000004,0.0,0.6666666666666666,1.0,n.d.,0.12771739130434784,1.1623076923076923,0.22660098522167488
S1,0,W04_C4,Random context,19.55973753249784,7.324347525280335,6.770484550141012,n.d.,n.d.,5.39128224466959,5.063936616221677,0.31875,3.57037277087681,4.55217799701749,0.0692307692307692,n.d.,n.d.,0.1111111111111111,n.d.,n.d.,0.13574660633484165,0.06696428571428571,0.38888888888888884,1.8672137552165737,1.580702481074092,3.570527211529119,3.1415732586090597,2.7260195091827373,n.d.,n.d.,0.4,0.1585956158768856,2.0,1.2474407719623992,0.20833333333333337,0.5,0.3333333333333333,2.0,n.d.,0.06696428571428571,0.46267806267806266,0.11093217127699889
S1,0,W04_C4,Reference,14.906397800818365,5.129619844539826,5.270116007728451,n.d.,n.d.,2.572031953514806,2.3617025262912112,0.2176470588235294,2.220727520394146,3.36404304104851,0.11160714285714286,n.d.,n.d.,0.03308823529411765,n.d.,n.d.,0.13392857142857142,0.0,0.2770833333333333,1.4897898021735683,0.5573336151572267,2.2899374817413976,2.120785618222384,2.716691944948957,n.d.,n.d.,0.6499999999999999,0.39423753497626357,1.0,2.182653827323551,0.3482142857142857,0.08333333333333333,0.6666666666666666,1.0,n.d.,0.125,0.5265322912381736,0.12792207792207794
S1,0,W04_C6,ADFNE (neighbours),10.238581914831254,4.62530440833811,5.610785678368769,5.086626770279382,n.d.,3.769899445779015,2.2835063346261277,0.02197802197802201,3.8260595589285487,2.4656298727652435,0.15384615384615385,2.8889614200378513,1.5642437658299508,0.13186813186813184,n.d.,n.d.,0.07142857142857142,0.07142857142857142,0.2032967032967033,2.4924100883985476,2.152299714729473,1.604722846390338,6.979457630382409,2.405925519714988,1.2131898745143315,n.d.,0.07142857142857142,0.3210013467219592,0.5,1.2528715347404829,0.2012362637362637,0.0,0.5,0.5,1.0,0.07090643274853801,0.4285714285714286,0.09450483091787437
S1,0,W04_C6,KDE (neighbours),10.795349465885,6.798545005283561,4.073636495735448,7.041410798927304,n.d.,6.043586710887761,2.692571782979735,0.02197802197802201,3.285800088969854,1.5975678709268193,0.09890109890109894,3.9633602398361925,3.3003708632759317,0.07692307692307693,n.d.,n.d.,0.08241758241758243,0.07142857142857142,0.2032967032967033,2.3737030691635645,1.7105235485627053,1.2233305944112738,6.812554296760332,1.8666054480498189,2.48461900462884,n.d.,0.07142857142857142,0.3047627096479728,1.0,1.2955157289408061,0.41414835164835173,0.0,0.25,0.25,1.0,0.075,0.3188405797101449,0.10714285714285715
S1,0,W04_C6,Random context,13.772787418899075,4.658445088124789,5.0376946004237295,5.733996570038435,n.d.,2.9835358472202542,2.2078154529771243,0.07211538461538461,3.2679441153541005,3.56078159696776,0.07142857142857144,4.214674148041775,2.377381848124645,0.11904761904761904,n.d.,n.d.,0.11607142857142858,0.07142857142857142,0.23611111111111108,2.0230703096719815,0.9865977951614269,0.9504098903772096,6.461718802373648,2.37295806775689,1.8708846649647923,n.d.,0.14285714285714285,0.16353085984620402,0.5,0.7197885130581485,0.1607142857142857,0.25,0.25,0.375,1.5,0.06743421052631579,0.3333333333333333,0.07830687830687831
S1,0,W04_C6,Reference,12.910133240071023,7.008866018387387,4.937171175081283,6.96116235303422,n.d.,3.8651652021178937,1.5401637815658784,0.07857142857142856,3.1608835188997673,2.702317690217579,0.10873015873015876,1.9690257487499745,3.8843188766725003,0.06746031746031746,n.d.,n.d.,0.07692307692307693,0.07142857142857142,0.21428571428571425,1.8581693579421503,0.9648734415524518,1.055798918004029,5.332048128005235,3.1555364703666116,1.2384983643668201,n.d.,0.25,0.1769278292321111,0.5,0.80919313610721,0.1306089743589744,0.25,0.5,0.5,1.0,0.04108391608391608,0.44761904761904764,0.09848484848484848
S1,1,W02_C3,ADFNE (neighbours),13.244818935576493,n.d.,5.941568489574635,5.620350532359483,3.039451345246255,n.d.,n.d.,0.3333333333333333,3.0578365518382977,1.2106117466391892,0.16666666666666669,4.131329250079637,2.444785029218414,0.08333333333333334,2.1101196822809962,3.6779851657390576,0.25,0.16666666666666669,0.5,1.7391172322077062,1.0899346814684163,1.5443987905569,n.d.,5.16338421611078,5.367393399130193,2.4048647367719775,0.0,0.18985390390624793,n.d.,0.9661993948924845,0.41666666666666663,n.d.,0.6666666666666666,0.3333333333333333,1.0,0.05555555555555555,0.888888888888889,0.19444444444444442
S1,1,W02_C3,KDE (neighbours),10.852143433115277,n.d.,6.977769653776004,3.7395153110074797,4.301585936887356,n.d.,n.d.,0.25,5.092176401697312,1.8921433770203162,0.16666666666666669,1.3918418307592464,2.4092749834091007,0.08333333333333334,3.9578406633235375,2.9775659466510387,0.25,0.16666666666666669,0.41666666666666663,1.7799557357478175,0.843636964333509,2.0351850516059358,n.d.,5.3983026669508885,6.067145050071497,2.776600378400583,0.0,0.20099608119533274,n.d.,0.996053593557984,0.49999999999999994,n.d.,0.6666666666666666,0.3333333333333333,1.0,0.05555555555555555,1.0093567251461988,0.20531400966183577
S1,1,W02_C3,Random context,16.65938165038142,n.d.,5.915937565958689,5.805860134035612,4.328634938751856,n.d.,n.d.,0.2792207792207792,2.7308358710358926,2.999276758852613,0.10714285714285715,4.308787606100669,2.112204467161462,0.125,3.8708845352373014,3.324696357660156,0.1875,0.1527777777777778,0.4354166666666667,1.7151141746793446,0.32598301333602087,1.2019922368942955,n.d.,5.237214947431759,6.3702933077480015,4.165926686874968,0.20833333333333331,0.06537449828150955,n.d.,0.6247991834981854,0.13690476190476192,n.d.,0.6666666666666666,0.6666666666666666,0.6666666666666666,0.047619047619047616,0.48924022837066317,0.1147342995169082
S1,1,W02_C3,Reference,12.07882251116634,n.d.,4.588712472206675,3.715161603797275,2.630572767213991,n.d.,n.d.,0.30625,2.8793346016641417,0.7144752918942583,0.17222222222222222,2.9895144095548143,2.1208869065545137,0.0875,2.4706803742970163,0.6655542772073373,0.2222222222222222,0.2222222222222222,0.5138888888888888,1.8578454761297583,1.0984369777689516,0.9571395434288854,n.d.,4.514115499021976,6.2982689073443145,7.130717147149915,0.3333333333333333,0.23909321168467285,n.d.,0.937837949125873,0.3333333333333333,n.d.,0.6666666666666666,0.3333333333333333,0.8333333333333333,0.05555555555555555,0.2,0.08712121212121213
S1,1,W04_C3,ADFNE (neighbours),11.339717017710104,6.559159353313971,6.454984268476562,4.465990940697635,4.904933416830358,4.233531536773801,2.727683550565658,0.040350877192982415,3.919498488235764,6.6649910864889055,0.17543859649122806,3.1132815482344687,3.762050009848636,0.04210526315789476,4.420550525489124,2.109273703399923,0.15789473684210525,0.03333333333333333,0.2175438596491228,1.3131809702941892,1.6670122138583316,2.573720740572596,2.1610964495352674,2.650858468449039,2.1110652859919954,2.0443572743450535,0.21052631578947367,0.2729674900482142,4.5,0.8759969383724404,0.274561403508772,0.2777777777777778,0.6666666666666666,0.3333333333333333,1.0,0.047430830039525695,0.6640316205533596,0.15329593267882186
S1,1,W04_C3,KDE (neighbours),10.478289392676414,6.768747529736708,7.913356352713016,5.460333405588391,2.8834916603052365,4.315595902123266,2.1639514461674194,0.007017543859649089,4.43655114021659,6.031338734947085,0.24210526315789477,4.9487865261304655,2.789219334450824,0.09122807017543859,2.5344750695753007,0.4033031359822423,0.15789473684210525,0.05263157894736842,0.256140350877193,1.5974016785886302,0.6556148888838259,3.4992001614783876,2.3437481432526477,3.0250478301543633,1.963486607742915,7.0137964964701185,0.21052631578947367,0.26887359489739826,5.0,0.9985096583984036,0.34122807017543866,0.2222222222222222,1.0,0.6666666666666666,1.0,0.060865060865060855,0.6666666666666666,0.15474520804114075
S1,1,W04_C3,Random context,15.720897143492731,7.281893721370508,7.380029844520456,4.441827981463517,3.6937727742994726,4.62322012944452,3.8253109915292143,0.19446343130553656,4.525725988338289,6.753110730805173,0.1412124060150376,4.0456770895884215,3.032262142345314,0.09539473684210525,3.148006865214278,0.95675722540505,0.09166666666666667,0.09572006940427993,0.30372807017543857,1.0872594074946225,0.5843659531506212,2.9081098566094346,2.5229249212257416,2.7054695299860585,1.7274295160516757,1.8044846418167504,0.23684210526315788,0.27414541428089206,1.0,1.1006295760556402,0.1546052631578947,0.5555555555555556,0.5,0.3333333333333333,0.6666666666666666,0.06456876456876456,0.34452214452214447,0.09524959742351047
S1,1,W04_C3,Reference,13.972653282139854,6.29470079244474,7.342484619812804,8.23425540241899,n.d.,4.5654749011934905,2.484072910185548,0.12043343653250776,3.153443290104419,7.20964410255567,0.21302029583763332,8.23206717592269,3.058619843052085,0.0611111111111111,n.d.,n.d.,0.13011695906432746,0.05263157894736842,0.2789473684210526,1.3939962573692661,0.3698001480424984,1.1726302819964973,2.437095413399903,3.321044238349023,2.1541923576101127,n.d.,0.10526315789473684,0.06620063583792975,1.0,0.631670912837496,0.10233918128654973,0.3333333333333333,0.8333333333333333,0.3333333333333333,0.8333333333333333,0.0909090909090909,0.3715415019762846,0.12111801242236023
S1,1,W04_C5,ADFNE (neighbours),12.175580431524097,5.994951938007787,n.d.,4.784371198028566,n.d.,4.810020603189227,2.232968549651111,0.0714285714285714,n.d.,n.d.,0.2857142857142857,3.6699315880387173,2.5583686696362875,0.2857142857142857,n.d.,n.d.,0.07142857142857142,0.07142857142857142,0.3571428571428571,1.971578740927062,1.236674396377251,4.051592178205922,2.97939509639367,n.d.,1.988221818822641,n.d.,0.0,0.22551042519382306,4.0,1.2333883037112434,0.5714285714285714,0.2,4.0,0.6666666666666666,1.0,0.0771103896103896,0.9736842105263157,0.18036018755328218
S1,1,W04_C5,KDE (neighbours),12.497934366494793,5.279239986442404,n.d.,7.189140449725846,n.d.,3.2620606174180695,1.967805538769115,0.0714285714285714,n.d.,n.d.,0.2857142857142857,4.542952457409529,3.5232035323816975,0.2857142857142857,n.d.,n.d.,0.07142857142857142,0.07142857142857142,0.3571428571428571,1.9883789021271494,0.5735372513443513,5.961949694852204,2.9643545556335416,n.d.,1.2935070306393024,n.d.,0.0,0.21093186647058126,3.0,1.0385871067444516,0.35714285714285715,0.2,4.0,0.6666666666666666,1.0,0.09978070175438596,0.7982456140350876,0.15871657754010693
S1,1,W04_C5,Random context,12.923876723461262,8.27066851086167,n.d.,4.774989524901859,n.d.,5.4196429042583905,2.5247865626132455,0.1346153846153846,n.d.,n.d.,0.20779220779220778,2.2261827071688627,2.366364218103648,0.24675324675324672,n.d.,n.d.,0.013888888888888888,0.07142857142857142,0.35317460317460314,1.6678038161050175,0.33351998238235925,5.43063928314125,3.5960592618904044,n.d.,1.4819395196693876,n.d.,0.07142857142857142,0.19762791479475122,1.0,0.8274897241228056,0.10661764705882354,0.4,3.0,0.5,0.0,0.0451923076923077,0.2476190476190476,0.05882352941176473
S1,1,W04_C5,Reference,13.31420801534569,6.28987596195384,n.d.,7.189140449725837,n.d.,4.368715949392917,2.223476880861864,0.10576923076923078,n.d.,n.d.,0.2184873949579832,4.470958702915407,2.4801198374772637,0.30357142857142855,n.d.,n.d.,0.07142857142857142,0.07142857142857142,0.41964285714285715,1.6226896911609712,0.601248910128695,4.158202962261615,3.094947588368643,n.d.,1.3992904902581609,n.d.,0.21428571428571427,0.13405818873279718,1.0,0.9484960439213589,0.3392857142857143,0.2,2.5,0.6666666666666666,1.0,0.0625,0.4,0.09206773618538322
S1,1,W04_C7,ADFNE (neighbours),14.569225514978974,8.093477043803205,5.831805147309217,9.281680012185864,n.d.,7.876970121406425,4.145294842848497,0.02197802197802201,4.859047172380199,2.664809556126687,0.054945054945054916,7.704208603163496,2.564269365492171,0.2747252747252747,n.d.,n.d.,0.0,0.07692307692307693,0.27472527472527475,2.573615331713304,1.423491324553341,5.574856662880171,2.7553150558906596,10.736611432022972,1.9158189460870412,n.d.,0.8571428571428571,0.24619383701225214,n.d.,2.2235278902340525,0.3942307692307693,1.0,1.0,0.5,n.d.,0.1,1.1555555555555554,0.24948240165631475
S1,1,W04_C7,KDE (neighbours),14.995086171641061,10.720048885608117,6.144691900895991,8.311840961667894,n.d.,9.935602057480224,4.562207310325811,0.02197802197802201,4.147471099844045,1.547833334607211,0.09890109890109894,6.7266889686438045,6.892760969576917,0.19780219780219777,n.d.,n.d.,0.07692307692307693,0.07692307692307693,0.19780219780219782,2.4098693345880653,0.7288474743617168,5.8655234361214195,1.4467074400156774,10.786956638427508,2.505516055506509,n.d.,0.8571428571428571,0.4265664243483411,n.d.,2.371224523435435,0.3942307692307693,1.0,1.0,0.0,n.d.,0.1225,1.36231884057971,0.28814814814814815
S1,1,W04_C7,Random context,16.746963300253597,11.927300122942805,7.23251614874704,11.081675537291975,n.d.,9.124578482626937,5.8368719105177815,0.130952380952381,5.455215646322593,3.4713676652008036,0.10443722943722947,10.91143256055631,2.1129604303736853,0.2543290043290043,n.d.,n.d.,0.03125,0.07738095238095238,0.29047619047619044,2.0050057320719112,0.5328906893277829,5.630619704306997,1.8008502239604929,10.916456018223183,2.634362528145715,n.d.,1.0,0.5383988009693759,n.d.,1.1263121094018465,0.14583333333333331,1.5,1.0,0.3333333333333333,n.d.,0.05131578947368421,0.6076923076923078,0.13484848484848483
S1,1,W04_C7,Reference,16.021874979797126,9.87559297040226,6.552501582007148,8.761428835174163,n.d.,7.654034693033086,4.561027234256644,0.08704453441295548,3.974900473562525,3.2822244531284017,0.09623015873015875,5.911544532899612,6.6405914163377195,0.1552920763447079,n.d.,n.d.,0.06349206349206349,0.06349206349206349,0.22493734335839596,2.1275035435119203,0.8790913985075297,5.178400653385496,1.4429958956685303,10.554637082588323,3.1608565517435565,n.d.,0.9285714285714286,0.528992192625659,n.d.,1.8752790290909411,0.1607142857142857,0.75,0.5,0.6666666666666666,n.d.,0.09761904761904762,0.6493506493506493,0.1515151515151515
S1,2,W01_C2,ADFNE (neighbours),13.083425771044137,n.d.,6.029504936623975,5.968214346190781,10.168322212538396,n.d.,n.d.,0.3,6.021846970826001,1.4485775244459331,0.06666666666666671,4.464889011833424,2.5619862779148477,0.06666666666666665,10.221878827404732,3.2890422309220853,0.16666666666666666,0.1,0.3333333333333333,2.1806468370737044,0.8529935881483921,6.069778005290122,n.d.,2.2003190626787577,2.6469043966920127,8.061274598726493,0.5,0.17540803193457327,n.d.,1.7826924063464942,0.4208333333333334,n.d.,0.25,0.5,0.3333333333333333,0.04326923076923077,0.7484057971014494,0.1530970625798212
S1,2,W01_C2,KDE (neighbours),13.84627679040912,n.d.,4.512191478647722,3.4761771166345605,8.05204166509893,n.d.,n.d.,0.26666666666666666,2.933112350218826,1.9815970085399757,0.13333333333333336,2.208075619583299,2.124921120461231,0.06666666666666668,7.028351482059119,3.1778513363878185,0.09999999999999998,0.03333333333333334,0.3,1.869968428612378,0.7400387078134335,3.629649784734932,n.d.,1.948294227251695,2.9016416477489377,5.5473853128770765,0.5,0.38259285558630324,n.d.,1.7476729279814158,0.2875000000000001,n.d.,0.25,0.5,0.3333333333333333,0.062169312169312166,1.1481481481481481,0.22640897293288836
S1,2,W01_C2,Random context,17.303342346265957,n.d.,6.689868181529983,4.986337687426422,7.961235722293237,n.d.,n.d.,0.35714285714285715,5.069086886248486,2.2837114763797093,0.16923076923076924,3.769882351059914,2.1557081531646527,0.09670329670329669,7.521662675723851,1.7972365485982573,0.16190476190476188,0.042857142857142844,0.44285714285714284,1.545103847685199,0.7621414167015372,3.666931822656345,n.d.,1.88434418416571,2.8036409704200587,9.366434253010482,0.4,0.2566620851357311,n.d.,0.7926008841699284,0.07451923076923078,n.d.,0.25,0.75,0.3333333333333333,0.04166666666666667,0.6929824561403509,0.15277777777777773
S1,2,W01_C2,Reference,15.101150248346134,n.d.,4.391102034752447,3.5349359149249486,11.010963830608254,n.d.,n.d.,0.275,3.5249543195193183,2.176865557462105,0.12077922077922082,2.241874261828744,2.103091160605026,0.12582417582417582,11.147353392435116,3.0603798315607316,0.14583333333333334,0.05576923076923077,0.41748251748251747,2.6187407586838773,1.669782642945004,3.344300731475908,n.d.,2.723553569204058,4.627602701180712,8.75346253721154,0.35,0.3739513848059429,n.d.,1.2911998498648556,0.18750000000000006,n.d.,0.5,0.4261658031088083,0.6666666666666666,0.08333333333333333,0.4117647058823529,0.09459459459459459
S1,2,W03_C2,ADFNE (neighbours),8.838840615606959,6.814347079806085,5.722560203920549,5.766280215407478,n.d.,2.7557305493184385,5.0639072127926,0.004273504273504258,2.9690479460346584,3.8899888443164956,0.1367521367521367,3.0341408967319716,3.6239463929611544,0.07692307692307693,n.d.,n.d.,0.05555555555555555,0.0,0.20726495726495725,1.4175787715953878,1.4993796906203667,1.254709331523507,1.8659833507012273,2.8690897930519776,3.174800565032636,n.d.,0.2777777777777778,0.2551378385327988,1.5,0.8076103449539298,0.19284188034188043,0.2857142857142857,0.5,0.5,1.0,0.1111111111111111,0.9986824769433464,0.19413919413919412
S1,2,W03_C2,KDE (neighbours),9.015657082262479,6.906267638781863,6.039580682707804,3.0053839659036226,n.d.,3.294413872367162,6.639669399244169,0.004273504273504258,4.016225128060761,4.314931350966033,0.1367521367521367,0.6548766770660962,2.5005638326145823,0.1111111111111111,n.d.,n.d.,0.0982905982905983,0.0,0.1752136752136752,1.572661383635867,1.4836895558403596,1.208478222649122,2.192827691889196,3.363782153178251,1.661818099406212,n.d.,0.2777777777777778,0.2306999878821091,1.5,0.9263684437204351,0.19284188034188043,0.2857142857142857,0.5,0.5,1.0,0.1396103896103896,1.0363636363636362,0.1995238095238095
S1,2,W03_C2,Random context,11.992242460666615,7.522222144275117,6.412181183257105,4.0243323796597785,n.d.,5.165711118722978,3.867125584753894,0.11616161616161619,3.606188577715082,3.6925406802461254,0.2444444444444444,1.7989271081390528,2.0022966079039204,0.1315359477124183,n.d.,n.d.,0.08803418803418804,0.07692307692307693,0.3647058823529411,1.1975052858553814,1.267638463517201,1.0336823115090255,3.0964608462221186,3.719907838139398,1.6980950149631369,n.d.,0.2777777777777778,0.2232772348618594,1.0,0.9376557907236096,0.16041666666666665,0.42857142857142855,0.625,1.0,1.0,0.08166666666666667,0.4949162679425837,0.1183333333333333
S1,2,W03_C2,Reference,13.321219511530787,6.625406521357848,5.68499298610465,3.8444470746517294,n.d.,1.1391017707926823,5.6400685348738575,0.1111111111111111,1.3120310978392506,3.176004344701204,0.15158730158730158,3.381569975031182,0.9699269499614753,0.05116959064327485,n.d.,n.d.,0.12777777777777777,0.0,0.2555555555555556,1.9589601531990812,2.3797529137885585,1.6111128766610823,3.6956449307414547,4.046776033905104,5.01496517744994,n.d.,0.2777777777777778,0.13898244796023382,1.0,0.6711490058939538,0.0883719715956558,0.42857142857142855,0.5625,0.5,1.0,0.059027777777777776,0.36363636363636365,0.10688405797101448
S1,2,W03_C4,ADFNE (neighbours),11.69482583103623,10.573665922526253,6.833601439888717,8.548224596124383,7.204841685161748,10.1370430963716,4.655451879312091,0.07211538461538464,4.375591836797618,1.6916952931287161,0.1298076923076923,8.54822459612438,2.43635565505543,0.04807692307692307,5.535131917100331,6.066823667653303,0.04807692307692307,0.07692307692307693,0.19471153846153846,1.2979834597777342,0.7652153923898042,1.5132998371592983,3.267702689532018,1.73626841922987,2.2216764868733967,3.2980288698397664,0.1875,0.31529207257797137,n.d.,0.6837134241412034,0.20673076923076927,0.2,0.42857142857142855,0.5,0.5,0.033399209486165995,0.85,0.1696969696969697
S1,2,W03_C4,KDE (neighbours),12.83333882818207,10.051630049621448,7.124069444113179,5.963306928152396,5.889124555686044,9.558160561855193,4.387609459613941,0.07211538461538464,6.969732814083741,2.192197144714709,0.20673076923076922,4.21243569329933,1.1381226859019806,0.10576923076923078,3.1204758926559193,4.097576795541365,0.07692307692307693,0.0,0.2860576923076923,1.3539382287080481,0.8605997432800869,1.725831492074139,3.1797185299751485,1.6003939823701085,1.7207675545256909,2.833495198212033,0.1875,0.24168389205608093,n.d.,0.645106668120224,0.20673076923076927,0.2,0.5714285714285714,0.5,0.5,0.050375939849624046,0.8402745995423341,0.165993265993266
S1,2,W03_C4,Random context,15.87356360774955,14.728835159534455,7.25563742542301,6.10962907949427,5.179040291627773,14.72003816827648,5.253055966733277,0.1030701754385965,6.646900106556063,1.951350699246623,0.1971153846153846,5.994846160616171,3.1060468864931465,0.11538461538461539,3.5327659473383273,3.039974373921284,0.04807692307692307,0.06349206349206349,0.2833333333333333,1.3333097229312574,0.39825350105791024,0.9953106720847227,3.33412046779416,1.480737246173226,1.984437168430124,2.9737038421478785,0.125,0.17321376748051193,n.d.,1.3015794709046613,0.17529761904761904,0.2,0.42857142857142855,0.5,0.5,0.049999999999999996,0.4558352402745995,0.12701612903225806
S1,2,W03_C4,Reference,15.108034818620183,10.083797830778988,6.5449780420216,6.539435756911876,7.306415064121956,10.060922105613797,3.1207419116343775,0.13636363636363635,4.676969153740699,3.730438099439259,0.25284090909090906,6.060118155443794,1.348614362603262,0.09090909090909091,3.9096178704330846,4.283336421969968,0.08740601503759397,0.0,0.3,1.4680690724721366,0.58010861728304,1.7496669037944468,2.65877585930086,1.9735280694717776,1.4300829563720066,2.2930408139197938,0.25,0.18239602441942637,n.d.,1.0357260055010458,0.2111742424242424,0.30000000000000004,0.5714285714285714,0.5,0.5,0.0736842105263158,0.2046783625730994,0.09761904761904763
S1,2,W05_C2,ADFNE (neighbours),12.432257878098405,5.363363244679408,5.732298319521127,5.786084511645857,n.d.,4.025484039814625,1.77276003482502,0.09999999999999998,4.557556584522061,2.860134067773825,0.05555555555555555,4.0493485160119835,2.2605195030059644,0.06666666666666665,n.d.,n.d.,0.1111111111111111,0.05,0.20833333333333331,1.2444184659784685,0.4851430042123783,0.9055272649640722,1.4221726750426396,5.8896889687590175,4.685029089699893,n.d.,0.1,0.14001886049778534,3.5,0.6748210920958116,0.1972222222222222,0.25,0.2,0.5,n.d.,0.13333333333333333,1.4743961352657005,0.2616666666666667
S1,2,W05_C2,KDE (neighbours),12.080300947665227,4.745630741523693,5.561853675524869,6.329663095156987,n.d.,4.311178699181857,1.6506777938264436,0.09999999999999998,3.598477677681321,2.1669607551788754,0.08333333333333331,6.32966309515699,3.622659374257538,0.04444444444444445,n.d.,n.d.,0.1111111111111111,0.05,0.19444444444444442,1.678150890788455,0.781887245727648,2.074012306475634,1.4614840436317034,6.059282313306218,3.6216169554725095,n.d.,0.1,0.1801303419027511,2.5,0.9052147609493679,0.24722222222222234,0.25,0.2,0.5,n.d.,0.13793103448275862,1.22976011994003,0.22789473684210532
S1,2,W05_C2,Random context,17.936086175242938,7.81710370408614,7.534669741726822,5.325691280721504,n.d.,6.312729490800532,2.545365436245673,0.3142857142857143,5.6405742764818125,4.98285489337466,0.07051282051282051,4.3331339247186955,1.3486223440849363,0.12252747252747252,n.d.,n.d.,0.14285714285714285,0.030128205128205125,0.37817460317460316,1.2081322063166042,0.5110696143603116,0.8020492816697289,2.5893274316367423,6.258652502484995,4.435809286292056,n.d.,0.3,0.34147469722419166,0.5,1.126861484977103,0.281547619047619,0.6666666666666666,0.4,0.5,n.d.,0.08514492753623187,0.4974120082815735,0.11769230769230771
S1,2,W05_C2,Reference,11.470001704806606,4.936515001012308,6.549911606636666,6.329663095157022,n.d.,3.9280852668027837,2.2000287594750687,0.09999999999999998,5.812320195645634,1.2579798485768325,0.10526315789473684,6.329663095157022,4.77133724405345,0.050375939849624046,n.d.,n.d.,0.10714285714285714,0.05,0.22916666666666666,1.6732956942593633,0.9850935804464295,2.7670312530025964,2.6096177584776847,5.691124336579731,3.752875416484021,n.d.,0.25,0.11970711301195988,1.0,0.5894460569590743,0.17192460317460317,0.25,0.3825938566552901,0.5,n.d.,0.1263213530655391,0.43441492784263264,0.12096207215541169
S1,2,W05_C4,ADFNE (neighbours),11.305009265140875,4.33878989077653,5.130800981126913,n.d.,n.d.,3.0482240127945968,1.855494694165671,0.15490196078431373,1.9944824384597835,2.601788083020023,0.09411764705882353,n.d.,n.d.,0.07450980392156863,n.d.,n.d.,0.03333333333333333,0.0,0.21568627450980393,2.1417607138842483,1.1809295112718277,1.6153693984803164,3.333348676587699,2.2692104580607113,n.d.,n.d.,0.11764705882352941,0.2455980724719533,1.0,0.6033503733222112,0.14950980392156865,0.35,0.2,1.0,0.5,0.07408026755852844,0.3333333333333333,0.09998797498797499
S1,2,W05_C4,KDE (neighbours),11.609469251142798,5.388177567968775,5.636033943230901,n.d.,n.d.,3.9601464480345605,2.8906801915716565,0.15490196078431373,2.99962058386323,2.196918460266585,0.09411764705882353,n.d.,n.d.,0.07450980392156863,n.d.,n.d.,0.07450980392156863,0.0,0.21568627450980393,1.9084262967587489,0.846262769446951,2.931583798934516,3.3219135696209237,1.781646907851389,n.d.,n.d.,0.11764705882352941,0.27665020012233155,1.25,0.7034545461579017,0.14950980392156865,0.35,0.2,1.0,1.0,0.03259259259259259,0.3356521739130435,0.08282342657342658
S1,2,W05_C4,Random context,16.423791189671064,6.770334975430746,5.112330040847301,n.d.,n.d.,6.0936497933971046,1.3583544535153935,0.2849264705882353,3.953627381686064,2.8991708140514545,0.06318681318681318,n.d.,n.d.,0.13989441930618401,n.d.,n.d.,0.08952811893988365,0.0,0.33187217194570134,1.5839871963606158,0.4877602489050259,1.6113213002681737,2.809756053801755,1.5573811516873328,n.d.,n.d.,0.17647058823529413,0.25356280139997284,1.0,1.2577838127526644,0.3251050420168067,0.5,0.4,2.0,1.0,0.06168831168831168,0.26794258373205737,0.09576745718050064
S1,2,W05_C4,Reference,9.30327231056022,4.321996870778017,5.481021458846326,n.d.,n.d.,2.3524920889465273,2.1629193393786306,0.16342326404245913,3.00765562786434,3.139869051304333,0.14327485380116958,n.d.,n.d.,0.07894736842105263,n.d.,n.d.,0.09155241043785935,0.02631578947368421,0.28084918177797435,1.9822018165523902,0.5619761885734614,2.627575721033378,2.960904354309255,2.3029105442203353,n.d.,n.d.,0.22398447433580937,0.23879627397841946,0.75,0.7209489232942075,0.3460166961521451,0.4,0.4724687144482366,1.6376564277588168,1.6376564277588168,0.08028846153846153,0.634032634032634,0.13857195436142805
S1,2,W05_C6,ADFNE (neighbours),11.39049303407674,6.7701821397383934,4.284493585078151,9.31501086511189,8.664713543782467,3.305535237171254,2.7535550134617344,0.1904761904761905,3.334535962213948,1.6424067403868463,0.14285714285714285,4.600844972474146,8.615808474722549,0.03968253968253968,7.181079235319142,2.4245077010157714,0.07936507936507936,0.0,0.24206349206349206,1.8009188226956176,1.1668584818048204,1.6732800328728281,3.1877733617045685,3.3086198748985876,2.3969514416345215,2.140400034868323,0.2222222222222222,0.30421516793683645,2.0,0.5948533622873737,0.44047619047619047,0.6666666666666666,0.4444444444444444,0.5,0.5,0.05194805194805194,0.7,0.1431623931623932
S1,2,W05_C6,KDE (neighbours),13.767005019469487,6.829647336509947,5.560653057354571,8.155436871025467,4.219426570407689,3.0136712562221293,1.8852304389902943,0.11904761904761904,3.2663562178967664,2.142679952690939,0.2142857142857143,4.550626806479655,7.121343623539428,0.1746031746031746,2.7529533170210922,2.006458964452536,0.07936507936507936,0.0,0.365079365079365,1.3855174346981634,0.7864717693894557,1.372558718065473,3.5133890512771755,3.3060955845118793,2.789691942080836,2.8245783559028856,0.2222222222222222,0.23836531399606214,2.5,0.6612845449126941,0.44047619047619047,0.3333333333333333,0.5555555555555556,1.0,0.5,0.07242424242424242,1.105108225108225,0.19252873563218395
S1,2,W05_C6,Random context,17.344695716912515,6.4247132632459785,5.83310918879583,7.762342011445998,6.701209970523619,2.392231610051096,2.9945215137831473,0.16666666666666666,4.318236656534431,3.2491045341027185,0.2857142857142857,3.923608984271731,6.467712438743266,0.06597222222222222,4.792641336408202,2.282210698950818,0.1111111111111111,0.038461538461538464,0.36843711843711846,1.0541825398836775,0.8397944035973548,0.531206177750082,3.7589977873418263,3.546146193485495,2.952523074310262,1.7811803065557636,0.25,0.24653316765010663,0.5,1.180612955933334,0.10737179487179493,0.3333333333333333,0.6666666666666666,0.5,0.5,0.08333333333333333,0.4916666666666667,0.10032894736842105
S1,2,W05_C6,Reference,15.076194214460504,7.663952589731318,5.41005882632631,9.105412477478293,7.219233258426793,6.613223080898088,2.1629193393786306,0.11904761904761904,2.5724904754414673,2.0646528862241804,0.22380952380952382,4.843349427356619,8.171840481018322,0.1984126984126984,3.8972178002348095,4.386011557642037,0.08888888888888888,0.0,0.36507936507936506,1.532146979789293,0.9431152893098343,1.1632933062877155,5.207601437027485,2.927946303549371,2.2166830259894392,3.5485413167937017,0.2222222222222222,0.13083295728298935,0.5,0.5013654660796287,0.17113095238095238,0.4251042851725445,0.6513715080267981,0.8532423208191127,0.4655858930602958,0.05648148148148148,0.3724696356275303,0.0805860805860806
S1,3,W01_C3,ADFNE (neighbours),12.635248648185772,12.115524743717462,7.063474232074416,5.722254239423954,n.d.,11.660375933834562,6.485993019770123,0.14423076923076922,3.6969554642129996,2.711708892694701,0.05769230769230771,3.7794533618532014,4.527110458538078,0.05769230769230771,n.d.,n.d.,0.15384615384615385,0.07692307692307693,0.27884615384615385,3.236419943920021,1.8607970384729309,6.393936741517781,3.1942276054320162,11.886600233670746,2.3018052458837404,n.d.,0.625,0.10906552618722651,1.75,2.8423916474480686,0.37980769230769235,0.3333333333333333,1.0,0.5,n.d.,0.09523809523809523,0.47619047619047616,0.10652173913043478
S1,3,W01_C3,KDE (neighbours),14.408282616385776,21.473811858279987,5.9932876858976805,6.825248730099725,n.d.,21.465433950065876,2.504002795809477,0.22115384615384615,4.864554038747293,2.450775815262819,0.09615384615384615,6.136286617150908,2.5882681504133864,0.05769230769230771,n.d.,n.d.,0.23076923076923078,0.125,0.3653846153846154,3.3145929273517396,1.8100907683095722,6.319243289061104,3.63042061471592,11.577847546067503,1.8400490952189648,n.d.,0.625,0.10820336846655168,1.0,2.707220839919845,0.3028846153846154,0.3333333333333333,1.0,0.75,n.d.,0.09307359307359307,0.30434782608695654,0.1138888888888889
S1,3,W01_C3,Random context,14.131130276185159,11.237070481966446,6.882557545889469,5.217118264508316,n.d.,10.767116216316381,3.4546830386651224,0.11029411764705882,5.611420060667603,2.467162459272661,0.07352941176470587,3.1821620168853535,4.594484898008839,0.09523809523809523,n.d.,n.d.,0.10882352941176471,0.125,0.2857142857142857,2.8211822634478256,0.9270391879945222,6.767752900268334,2.992571016787398,11.882560132087354,1.6717448891130067,n.d.,0.75,0.21164192785980032,0.5,1.5250786712487776,0.0892857142857143,0.5,1.0,0.5,n.d.,0.09109730848861283,0.24404761904761907,0.10293255131964812
S1,3,W01_C3,Reference,17.500375371332375,22.664823476183745,6.000729486223302,6.01019716232415,n.d.,22.632472955532652,2.2104661659061424,0.19318181818181818,3.704370687649078,1.4150095984257653,0.17676767676767674,5.7101398836762325,3.55408571101044,0.0984848484848485,n.d.,n.d.,0.23636363636363636,0.125,0.43333333333333335,2.705718629360765,1.8986310071777721,5.326095243747281,3.3503474289635364,12.989345415802811,2.940351548038799,n.d.,0.4375,0.28344121688989665,0.971502590673575,2.0764923388463927,0.3125,0.6968911917098445,0.721502590673575,0.5,n.d.,0.027777777777777776,0.7128205128205128,0.14732142857142855
S1,3,W03_C3,ADFNE (neighbours),9.916575795813333,5.5020942276800255,5.570286074170293,5.8707486104953635,5.867826269548887,4.366395209514793,1.966866171124714,0.08333333333333337,4.269034745828189,2.7126570729777013,0.1111111111111111,4.0464337333514795,2.531979951117915,0.1111111111111111,5.687566766216916,5.611616211052011,0.05555555555555555,0.0,0.18055555555555555,1.405986127228795,1.2636780298502814,1.591817436507148,2.8547763111071234,2.1858429724992128,3.054673391984216,2.187813972733015,0.3333333333333333,0.4058051624006687,1.0,0.5987454369004828,0.26388888888888884,0.16666666666666666,0.5,0.5,0.5,0.05194805194805194,0.8,0.15242424242424246
S1,3,W03_C3,KDE (neighbours),9.589884530583628,6.282108747419526,5.5700961666361986,5.1316535479502505,7.466728101506257,5.172866588285348,2.828329943165632,0.08333333333333337,4.530376627672189,1.9740786226544893,0.1111111111111111,3.693160392992219,2.63954672064531,0.05555555555555555,6.831797984083625,1.59204194163049,0.05555555555555555,0.0,0.1388888888888889,1.2377467895665086,0.5603021469292241,1.831935264587543,2.582820433533996,1.8437188391747448,2.898968698724226,3.4060232073527272,0.3333333333333333,0.3468340386818374,1.25,0.6867615641167008,0.34722222222222215,0.25,0.5,0.5,0.5,0.05119047619047619,0.6393939393939393,0.125
S1,3,W03_C3,Random context,13.308339128306418,7.110004547062687,5.196630544115028,5.356699845932123,9.583829307581151,6.697660788727626,3.1259556618461017,0.1272727272727273,3.445403179652892,2.974371498039577,0.19444444444444442,4.092031859779796,1.7535460495528377,0.1315359477124183,9.56531601131322,5.328020694038978,0.04652777777777777,0.0,0.27380952380952384,1.0967254968127855,0.44885858779435406,1.8045750676579475,2.4807363682711108,2.1328660577055922,2.711625825225152,2.79082150564881,0.19444444444444442,0.25906307935231526,0.5,1.1527549708811489,0.2420634920634921,0.3333333333333333,0.5,0.75,0.5,0.04993919124353907,0.2945241892610314,0.08333333333333329
S1,3,W03_C3,Reference,12.46648709524139,7.1323796862952475,4.588712472206675,5.604067914907981,9.659756652275313,6.627204422542804,1.6366552387037085,0.14593301435406697,2.2207275203941523,3.1300342809703707,0.15158730158730158,5.60406791490798,1.3034960656929884,0.06783625730994153,8.553777526949574,4.485079866160353,0.1111111111111111,0.0,0.23253968253968252,1.2894703667188896,0.6418157069147373,1.3674326758145383,2.143067031838621,2.467422968872727,5.27597726166868,2.5807976932359122,0.3611111111111111,0.2157141089792099,0.75,0.6811696236188898,0.1403409090909091,0.5,0.5625,0.5,1.0,0.09090909090909091,0.4305694305694306,0.09523809523809523
S1,3,W03_C5,ADFNE (neighbours),11.826987812231852,10.17774694027139,8.789491995444521,6.517162365974391,7.638763651044289,10.118610727891841,2.132965288567918,0.09523809523809523,6.360579888584656,6.912585195670697,0.11904761904761904,4.25855612282227,4.763457401088849,0.08333333333333333,5.102987436119203,4.700930585567163,0.05952380952380952,0.0,0.22619047619047616,1.4492780447239328,1.7566663235486044,1.4038525117390566,2.719487152668405,2.144857750004711,1.8289687313732959,1.9388068354311774,0.14285714285714285,0.24895391261675398,n.d.,0.768982610046542,0.30357142857142855,0.3333333333333333,0.3333333333333333,0.3333333333333333,0.5,0.11283643892339544,1.1964285714285714,0.23904761904761906
S1,3,W03_C5,KDE (neighbours),11.134275308013795,8.837871538393404,5.8120996463570656,5.506932506271664,7.358331771187608,8.879736655620135,1.908918495376707,0.09523809523809523,2.411077930930273,5.214840951350599,0.11904761904761904,4.566354634702959,2.57066160823279,0.11904761904761904,4.981794645052966,7.24046775669404,0.05952380952380952,0.0,0.2261904761904762,1.0152435789884975,0.6603515521171288,1.3245444920254008,2.7713193804777267,1.634968674665643,1.4900307543720621,1.505739362685013,0.14285714285714285,0.18422555484219125,n.d.,0.7628730130825027,0.22023809523809523,0.3333333333333333,0.3333333333333333,0.3333333333333333,0.5,0.10526315789473684,1.0909090909090908,0.23076923076923075
S1,3,W03_C5,Random context,13.656223816450565,13.49681205288284,9.495187835915985,6.3847298764383495,7.277119858542124,13.611274851556995,2.424608119993362,0.14935064935064934,4.621029314380289,9.171572316542228,0.1212121212121212,4.544306629844857,4.6565455175623685,0.11904761904761904,3.8861817089775594,3.997544399775185,0.05952380952380952,0.07142857142857142,0.21904761904761905,1.0619408622812845,0.7975270524534495,0.6957903204896676,2.9710876721567065,1.8297419518852283,1.736015861001473,2.6135362344733064,0.07142857142857142,0.0825168564606863,n.d.,1.0790170786521198,0.2857142857142857,0.41666666666666663,0.5,0.3333333333333333,0.5,0.0754985754985755,0.8792270531400965,0.1952380952380952
S1,3,W03_C5,Reference,13.630132122231082,9.047004039225673,7.325790373834078,4.962203153845141,9.188329373856547,8.655286749073674,3.3922577698479115,0.1357142857142857,3.506053104271344,6.17229290586217,0.07857142857142857,3.282764071005893,3.5614617158997253,0.12857142857142856,6.6600916233328125,7.9598982596993,0.07142857142857142,0.0,0.21875,1.3686185697153535,0.30843228689309665,1.6809825507965381,3.405292321369501,1.8161792060970199,1.4660835709188726,2.0892730311276178,0.17857142857142855,0.14921797661231845,n.d.,0.8472665902949973,0.24391233766233764,0.3333333333333333,0.3333333333333333,0.6666666666666666,0.5,0.05756578947368421,0.40384615384615385,0.09453781512605042
S1,3,W05_C3,ADFNE (neighbours),11.961337184640659,8.939532271193794,5.238316459414139,7.827824586000059,n.d.,8.716249496099529,3.1277781877424014,0.11764705882352944,2.596129946285237,1.7400229826780222,0.08823529411764705,7.290556075738503,1.4057533114764769,0.05882352941176471,n.d.,n.d.,0.058823529411764705,0.11764705882352941,0.23529411764705885,1.8471453284391235,1.699943589787178,1.712319734388511,2.437957501351046,2.8029636528527613,2.992176383472222,n.d.,0.0,0.2234187948741468,1.0,0.7781557553958968,0.3529411764705882,0.2857142857142857,0.25,0.5,n.d.,0.05982905982905984,0.5119363395225465,0.11757461605331786
S1,3,W05_C3,KDE (neighbours),13.342190072815889,10.11385477706306,4.375676850202092,5.665554235204749,n.d.,9.953244874642074,3.94884374899058,0.11764705882352944,2.2719669820518815,1.8623230172561147,0.05882352941176472,4.710366564096283,1.8552271761406378,0.05882352941176471,n.d.,n.d.,0.08823529411764705,0.11764705882352941,0.23529411764705888,1.4065224628974153,0.6110578150187251,1.7440625823008482,2.664601877986188,2.8703005670656085,1.701154546816109,n.d.,0.0,0.10884913016711742,1.6666666666666667,0.7555397595845657,0.11764705882352938,0.2857142857142857,0.16666666666666666,0.5,n.d.,0.05494252873563218,0.4327836081959021,0.09866705302810777
S1,3,W05_C3,Random context,14.73137831638335,7.350935052800773,5.203790714393765,6.893153981346724,n.d.,6.157926322731663,3.808927901643955,0.11282051282051281,2.4659499964639573,1.654971624148116,0.14705882352941174,5.723273563077532,2.9368042620204764,0.0823529411764706,n.d.,n.d.,0.12916666666666665,0.05306372549019608,0.2563725490196078,1.2693921288814463,0.6943394078800508,1.9919515346308547,2.662144037566325,2.74605252271722,2.61296049884449,n.d.,0.17647058823529413,0.27666929562117204,0.3333333333333333,1.3611894057263727,0.23266806722689082,0.42857142857142855,0.41666666666666663,0.5,n.d.,0.07142857142857142,0.4985507246376811,0.10085978835978833
S1,3,W05_C3,Reference,12.695953718406987,9.29709319842788,4.431166431517902,5.615135907048168,n.d.,8.121264174700327,3.9271061237245046,0.1634232640424591,1.6957007178158623,1.2020860621138798,0.07850508624502436,5.6151359070481695,0.8826448719065052,0.023809523809523808,n.d.,n.d.,0.03571428571428571,0.11764705882352941,0.1865546218487395,1.591215828570844,0.29783378929588433,2.627575721033378,2.814899277422753,2.7372251066910653,2.1541923576101127,n.d.,0.27149836043632464,0.12026041839712634,0.6666666666666666,0.5503134252930029,0.24506578947368424,0.3571428571428571,0.3333333333333333,0.3188282138794084,n.d.,0.03896103896103896,0.5738636363636364,0.10535117056856186
S1,3,W05_C5,ADFNE (neighbours),9.712256061628764,4.940349962144131,5.425643778987105,6.265781383132021,9.136617263372312,3.6453922998444517,1.9794430621184196,0.07563025210084029,3.3313111858991515,2.408962151473708,0.12184873949579833,4.28603096706667,4.94660848439979,0.07142857142857142,3.272058009538657,5.849881368276711,0.1050420168067227,0.0,0.19747899159663865,1.6733868292789205,1.1330960914794552,2.3331487161211237,3.3641815584544017,2.4372757959486773,1.6129894478862765,2.8560253287241855,0.17647058823529413,0.293269793002675,4.0,0.7189661231425634,0.41754201680672276,0.0,0.25,0.375,0.6666666666666666,0.2333333333333333,0.36403508771929816,0.2365151515151515
S1,3,W05_C5,KDE (neighbours),8.793333656263592,5.643550619477983,4.832502726898182,6.1593865146717555,5.189382632734173,2.8816913048617447,2.679617472300576,0.06722689075630256,3.7533827279242473,1.9388932600047717,0.09243697478991597,4.274938398616734,6.210071696802066,0.09243697478991597,2.513201246363903,5.050418379623574,0.07142857142857142,0.0,0.18067226890756305,2.069868511899397,1.0833613347674564,2.814486423569357,3.3881027573412776,3.3055143362885833,1.9617716816310407,2.8136156039722184,0.17647058823529413,0.1839296837275043,5.0,0.7926043108957772,0.27468487394957986,0.16666666666666666,0.25,0.375,0.3333333333333333,0.19696969696969696,0.3923809523809523,0.21818181818181814
S1,3,W05_C5,Random context,10.379677152690686,6.941245983543986,4.535261780242691,5.707141907410135,5.728420007903963,5.543452503004135,2.03211373436452,0.12418300653594772,2.4789242497940407,3.0828422586549102,0.0980392156862745,3.107297224006685,4.330256446220854,0.09999999999999999,2.4773167174288995,5.0601140820066135,0.055147058823529424,0.06066176470588235,0.26372549019607844,1.319874879860631,0.5069889873266209,1.410115069558815,3.293784531397319,2.9592769174298357,1.8659137397423853,3.2380086305868607,0.17647058823529413,0.24828623411122294,2.0,1.2600791386812675,0.5931372549019609,0.5,0.25,0.375,0.3333333333333333,0.25462962962962965,0.7218045112781954,0.24746221520415068
S1,3,W05_C5,Reference,11.075180217151535,4.8844096189958845,4.621677019613369,6.430802146889589,7.172361206089263,3.0405755366208433,2.3160062568751636,0.09398496240601503,2.765694234912476,2.5171398549109383,0.07857142857142857,1.5787947943050782,4.106723811259561,0.12593984962406016,3.2818177098534917,4.044235299401622,0.09908963585434175,0.0,0.1972578505086245,1.8501103419688854,0.6684150570954589,2.5997312728953776,3.938465140620526,3.3930708461421193,1.574082323272112,3.3479838311080714,0.24958174396038282,0.17624238256281352,0.5,0.7974867578066582,0.4412370717517777,0.3333333333333333,0.3360352673492605,0.4266211604095563,0.5,0.2182017543859649,0.7080200501253132,0.2126262626262626
S1,3,W05_C7,ADFNE (neighbours),14.79425111637819,11.725299854530622,7.160571542684027,5.098973802238208,n.d.,11.75195499707505,1.9197999915453168,0.1111111111111111,5.99669344520092,2.4639100995988485,0.1111111111111111,3.0164337984488725,2.7809257311583195,0.16666666666666666,n.d.,n.d.,0.05555555555555555,0.0,0.22222222222222227,1.571909292127354,1.0812529482590922,1.8556982844117653,4.302279533219995,1.9502180002427996,1.635694245199134,n.d.,0.3333333333333333,0.35933321811521857,1.0,0.8026856230095323,0.375,0.0,0.42857142857142855,0.6666666666666666,1.0,0.08403361344537814,0.4948646125116713,0.13043478260869562
S1,3,W05_C7,KDE (neighbours),12.998921004514063,13.584950822911946,7.264095394036064,5.118264222506156,n.d.,13.676104385160393,1.2931257835570733,0.1111111111111111,4.589050585880968,5.2983685027320755,0.08333333333333334,3.2639697894679145,2.741885223011545,0.125,n.d.,n.d.,0.05555555555555555,0.0,0.16666666666666669,1.6687975240934283,0.777689762656556,1.7810394412002495,4.7403416135763905,2.304287958264852,1.746463396937379,n.d.,0.3333333333333333,0.25078202107751724,1.5,0.6691724236053989,0.5416666666666666,0.0,0.42857142857142855,0.5833333333333333,1.0,0.09285714285714285,0.5619047619047619,0.137123745819398
S1,3,W05_C7,Random context,18.096645934298458,8.009013007909147,6.125053177120051,5.1240605458813295,n.d.,8.024255529199495,2.229362263818608,0.14865689865689868,4.923651531614314,1.5709390020220928,0.1031746031746032,1.7824567746985827,2.3785635054964818,0.19117647058823528,n.d.,n.d.,0.041666666666666664,0.0,0.2936507936507936,1.0861654836531245,0.5528899014227551,0.7887488675841586,3.6947261340845667,2.1561138892282394,1.7334812525496177,n.d.,0.2222222222222222,0.20853490624396315,0.5,1.4354379331115292,0.13095238095238093,0.5,0.42857142857142855,0.6666666666666666,0.5,0.08403361344537814,0.5586206896551724,0.1211515863689777
S1,3,W05_C7,Reference,13.528184449836605,10.964008642538682,6.879569955075709,6.7734327859734895,n.d.,11.041367179337929,2.5177885625488337,0.06349206349206349,4.422551243293931,3.897107553510728,0.08791208791208793,3.624009479014731,5.243322946005017,0.05411255411255411,n.d.,n.d.,0.06666666666666667,0.0,0.1765873015873016,1.6905676189204963,0.8548806497433303,1.4567209330779562,5.04931324631694,2.7021804002751235,1.9222479980471214,n.d.,0.2912716470736949,0.13421050317770383,0.5,0.972324511607904,0.18154761904761907,0.1938282138794084,0.5,0.46558589306029574,1.0,0.06641604010025062,0.5079365079365079,0.12218890554722639
S2,0,W00_C1,Random context,13.798549855868435,8.960580246457601,5.696972047225684,6.214276490676854,4.2579267411205866,8.123884688929612,5.897523457022414,0.1590909090909091,3.586345459601754,3.9985724190700376,0.24389140271493215,4.18889254255572,2.813465083273542,0.15521978021978022,2.911253954979503,2.378421040200629,0.07692307692307693,0.038461538461538464,0.35000000000000003,1.7985372673366395,1.8042693609461868,1.7697202375683807,3.2708454827947264,1.8328262957557853,1.3852578749896969,4.0324977742695,0.5769230769230769,0.4091749756726512,0.5,1.9525342413906044,0.20349421820010047,0.5555555555555556,0.7916666666666667,0.5,0.5,0.04033816425120773,0.5267558528428095,0.10297619047619049
S2,0,W00_C1,Reference,16.6172306281115,13.220391382456842,6.057766500920937,3.1763807182848156,5.934069626065674,13.188443740066521,3.288020228333911,0.16666666666666669,3.7497491009108534,1.4867524500517177,0.2001748251748252,1.6946938897421024,2.794479272357225,0.14807692307692308,3.0116563932294422,1.8270359384917056,0.12112887112887112,0.041666666666666664,0.3576007326007326,3.988951348638678,3.002214492668905,4.892131570866466,3.216019800870797,2.747514543927969,4.62971886753719,6.383704477408218,0.6882307692307692,0.39904780040649745,0.9650000000000001,2.216315490851501,0.20512820512820512,0.7855555555555556,0.807,0.421,0.22799999999999998,0.06521739130434782,0.43478260869565216,0.10416666666666664
S2,0,W00_C2,Random context,16.44507500275958,11.416324422857445,7.958900426451512,n.d.,6.112913385940292,11.320167235821165,3.514496014435718,0.13675213675213677,6.833000449842363,2.997304203896421,0.26428571428571435,n.d.,n.d.,0.14805194805194805,6.1129133859402796,1.8943531015411588,0.03725490196078432,0.05,0.359920634920635,1.2902245330218924,0.8997536283335722,2.475126673102721,3.227915692191874,1.9019958570794113,n.d.,1.2201400009832915,0.4,0.29108758376289934,0.3333333333333333,1.6189013402558978,0.1071428571428572,0.4,0.7272727272727273,1.5,0.5,0.06355349157206742,0.4234341509883306,0.10810810810810809
S2,0,W00_C2,Reference,17.00763848332955,18.19698414598205,6.595877303356931,n.d.,5.89089346215386,14.369448750194865,10.443900181673158,0.125,4.835836176400104,2.5846660450433276,0.2886363636363637,n.d.,n.d.,0.17500000000000002,5.09933341011629,3.8751054540760057,0.10714285714285714,0.05,0.4,3.3561473097964187,2.2526312611337564,6.3172320260269705,3.047132065763152,3.487209225407064,n.d.,5.665545465170844,0.5947,0.3173643995362463,0.8713333333333333,1.75041206952918,0.10833333333333334,0.6140000000000001,0.7894545454545455,0.544,0.22799999999999998,0.11764705882352941,0.669683257918552,0.16516516516516516
S2,0,W00_C3,Random context,20.440952076650383,11.436907581264341,7.218421702734099,7.183565707342766,n.d.,10.837001591727146,6.870459542352606,0.24675324675324672,3.544715552538072,5.4595475376902725,0.09090909090909094,7.090899730694017,3.3674940169267007,0.1958041958041958,n.d.,n.d.,0.07142857142857142,0.18181818181818182,0.36363636363636365,1.6686951236531837,0.8648039400577532,2.096226875024704,3.4540630824260985,2.081173620488457,2.385692571287952,n.d.,0.18181818181818182,0.22464220618122144,2.0,1.3939877264003009,0.1818181818181819,1.25,0.3333333333333333,0.5,n.d.,0.08333333333333333,0.7333333333333334,0.14880952380952384
S2,0,W00_C3,Reference,19.349964463482554,16.483549730111942,6.331142519429883,4.564419379862125,n.d.,16.491307604557946,2.3408957064355413,0.10454545454545454,1.8772391406103721,5.589594408440889,0.1285714285714286,3.874784794283017,1.0201915146770966,0.16363636363636364,n.d.,n.d.,0.19805194805194803,0.10443722943722944,0.35454545454545455,2.492414505810581,1.5126107229485126,1.7798149917610384,5.141528941328213,3.567327185982813,3.9024493896700463,n.d.,0.26309090909090904,0.15465900262302795,1.0,1.152217255143204,0.16666666666666669,0.421,0.2573333333333334,0.614,n.d.,0.0,0.2857142857142857,0.10096153846153845
S2,0,W00_C4,Random context,23.53144305987751,14.403211800359585,7.270271191203655,10.457350233854742,n.d.,14.315778073471193,5.523418082071755,0.14761904761904762,5.224793631886089,2.84209331978305,0.16372549019607843,10.467643451470698,2.9162149088139855,0.26666666666666666,n.d.,n.d.,0.1,0.07058823529411765,0.35000000000000003,1.366781572828656,1.526937393879625,1.02291598674142,3.1816779151837515,3.53287452548917,1.5547306659263036,n.d.,0.3,0.2535537041259389,0.5,1.6813706852113715,0.13823529411764718,0.5,0.5,0.7142857142857143,n.d.,0.0670995670995671,0.4307692307692307,0.10714285714285715
S2,0,W00_C4,Reference,23.895058858913394,13.493417745744955,8.46117378807704,6.947783956742693,n.d.,13.488407694323241,2.3144489092462184,0.10416666666666667,5.950181939455126,1.4091198444121105,0.12803030303030302,6.9580771743586505,1.9032887911303114,0.21666666666666667,n.d.,n.d.,0.12215909090909091,0.04621212121212121,0.29583333333333334,2.171770174542048,2.3590361081775835,2.494721189065391,4.335206275767397,3.1762027524984218,3.5521105134655864,n.d.,0.45959999999999995,0.2706978521106455,0.9650000000000001,1.775821104951582,0.0916666666666667,0.5175000000000001,0.386,0.7242857142857142,n.d.,0.11538461538461539,0.41758241758241754,0.12896825396825395
S2,0,W00_C5,Random context,17.130343851495073,14.712417768254182,9.658216390660058,4.057715533643095,7.297945105272309,14.735290821749203,2.6483648072281873,0.12121212121212122,9.652445450491992,1.8238121330217982,0.08787878787878786,2.7799332654633657,1.9220861372885476,0.0661764705882353,4.7402469798072895,7.342711116808995,0.09090909090909091,0.0,0.19696969696969702,1.9689298781591864,1.2615420708349463,3.681491230534338,3.7351697337897214,1.840570872507807,1.5583803388714732,2.411049247723658,0.18181818181818182,0.37212760592294525,2.0,0.9740022518686313,0.0916666666666667,0.4,0.5,0.5,0.5,0.05263157894736842,0.6799574694311536,0.1392857142857143
S2,0,W00_C5,Reference,20.1292853900289,9.991070106432984,4.882706125853369,4.402181647822425,5.618627770856682,9.573311024854181,4.629917437038238,0.23484848484848483,4.582967850135165,1.372201848066056,0.0909090909090909,0.9017956916355521,4.20580570414593,0.09943181818181818,1.944330227074687,4.062585983386578,0.11428571428571428,0.08712121212121213,0.2803030303030303,2.863484550100001,1.6829409035136271,4.783259999560865,1.2478081891889679,2.3928477677378477,2.3564946988732487,5.002657526661861,0.22799999999999992,0.22039164521631763,1.0,1.0373529434468414,0.09047619047619052,0.6140000000000001,0.386,0.772,0.421,0.05263157894736842,0.3333333333333333,0.0875
S2,0,W00_C6,Random context,14.281185270039389,9.080165035535739,6.490578029114915,6.32696593982891,n.d.,5.871499813486084,7.537877316355013,0.13181818181818183,1.7951817567375117,5.457748728474642,0.08333333333333333,5.351266082550493,2.2873691687355966,0.14444444444444443,n.d.,n.d.,0.034722222222222224,0.16666666666666666,0.3042929292929293,2.2515280676917593,2.7299752687397953,1.9006330687452855,2.662680996937673,2.0099755385419287,1.6874879934202762,n.d.,0.16666666666666666,0.44684165240035156,1.5,0.9274775048857707,0.21969696969696956,0.6666666666666666,0.3333333333333333,0.3333333333333333,0.5,0.1583710407239819,0.5098039215686275,0.1767676767676768
S2,0,W00_C6,Reference,13.447044859535735,10.122705306749777,5.096211197741669,4.473346373242661,n.d.,6.752408760145971,8.886398790379204,0.125,2.7266044603907504,4.865888287660914,0.12307692307692308,1.5402335494898893,2.3500478759182624,0.056249999999999994,n.d.,n.d.,0.09090909090909091,0.08653846153846154,0.2686480186480186,3.041202438772043,3.2488436258474462,2.7789322598386277,3.2002555710594436,1.8435932344330315,3.1346813284940973,n.d.,0.26016666666666666,0.19831939224591588,1.0,1.2061287985282658,0.16666666666666663,0.5146666666666666,0.3566666666666667,0.38600000000000007,0.544,0.20751633986928103,0.6407563025210085,0.21153846153846154
S2,0,W00_C7,Random context,13.397900010101413,8.8087767883231,4.793604966334925,6.559678448850217,5.478993784275078,4.399419298795148,7.4614329098911,0.1916221033868093,4.449952518810996,2.4110506500459845,0.1111111111111111,4.665322944682935,3.1374892870233717,0.08333333333333334,4.196303865980914,1.2492461697853292,0.1351010101010101,0.1111111111111111,0.3611111111111111,1.670090777448415,0.8293761041386738,3.5102165405517693,3.9295524777251045,1.5145803781268858,1.700895052141571,2.2833208931779643,0.3611111111111111,0.17556036699701116,0.3333333333333333,2.194656455613973,0.5959595959595959,0.6666666666666666,0.3333333333333333,0.3333333333333333,0.75,0.06971677559912855,0.3215686274509804,0.0909090909090909
S2,0,W00_C7,Reference,14.935864550163057,12.015814396604123,8.631502570775414,8.604369349360233,7.139285309728135,8.720665048050371,6.33109887193743,0.17708333333333334,8.628492529080452,2.8844557428523876,0.17307692307692307,5.3464637911206445,0.8648787178167492,0.18189102564102566,7.124447154104087,1.2164378698822649,0.14529914529914528,0.1111111111111111,0.3342490842490843,1.4162791752191133,1.0992487961959918,2.062604657897687,1.9079905414903493,2.6049566799875326,2.337519734305434,5.807702981561146,0.4424444444444445,0.27679610425066226,0.7426666666666666,2.385452733810159,0.5157203907203907,0.2866666666666668,0.7426666666666666,0.38600000000000007,0.8069999999999999,0.10344827586206896,0.3361344537815126,0.10216346153846155
S2,0,W00_C8,Random context,24.152164062159564,n.d.,6.291927051104723,5.307941352851198,3.3069676890045976,n.d.,n.d.,0.36038961038961037,6.356057639477432,2.5587472847000714,0.2140637140637141,5.178122251563301,1.4271073756912847,0.10256410256410253,1.913154345034064,1.7521665377403273,0.15934065934065936,0.07692307692307693,0.4623154623154624,1.180477102340654,0.4434456882121851,0.9796589574701836,n.d.,2.622140385718443,3.782595083893909,3.6606312480559575,0.23076923076923078,0.27591076361820227,n.d.,1.0433978536109594,0.1884615384615383,n.d.,0.5,0.3333333333333333,0.6666666666666666,0.05,0.8454545454545455,0.1821428571428571
S2,0,W00_C8,Reference,22.463644471844663,n.d.,11.39055769562837,6.195853904936282,8.437852408232814,n.d.,n.d.,0.34375,11.39346410383997,2.7373222109927475,0.29086538461538464,3.7163189490688846,4.315680965346974,0.12980769230769232,8.429558035567842,1.2209084646320836,0.15384615384615385,0.07692307692307693,0.451923076923077,1.5050838554162222,0.8501339896353427,2.357633376049927,n.d.,5.102480038108813,2.898698242196811,6.062304090281669,0.22800000000000004,0.32033955970024686,n.d.,0.9888317512919451,0.16163003663003667,n.d.,0.7426666666666666,0.38600000000000007,0.7426666666666666,0.05,0.3210084033613445,0.08846153846153842
S2,1,W01_C1,Random context,23.760148048196925,n.d.,5.695228021389876,4.804104844164755,n.d.,n.d.,n.d.,0.3090909090909091,2.1084801896448733,1.8516786132010772,0.07792207792207795,3.4775738200333897,2.0648655607369664,0.2831168831168831,n.d.,n.d.,0.06666666666666667,0.04242424242424242,0.39848484848484844,2.4854516576752954,2.938102277812079,1.481111771789001,n.d.,2.8841596791235595,6.608420404611354,n.d.,0.36363636363636365,0.054997310415301384,n.d.,0.7302489889809929,0.11041666666666666,5.0,0.25,0.5,n.d.,0.12818181818181817,1.303030303030303,0.27977667493796526
S2,1,W01_C1,Reference,22.37941137513389,n.d.,5.498386973213401,3.847641963992531,n.d.,n.d.,n.d.,0.18409090909090908,2.606142422589782,1.6719554481830539,0.13636363636363635,2.4387725809668757,1.0870316456216391,0.336489898989899,n.d.,n.d.,0.038461538461538464,0.04667832167832168,0.3940122377622378,2.5687618479662575,2.4376025470149685,2.5354521899701075,n.d.,2.461797648468183,7.783439856300522,n.d.,0.3749411210551107,0.11619774689187437,n.d.,1.166461697848952,0.31145104895104897,4.238341968911917,0.75,0.6,n.d.,0.06038647342995169,0.629156010230179,0.14667792792792791
S2,1,W01_C2,Random context,17.165476687117305,n.d.,6.587300882365911,5.0257920701404935,n.d.,n.d.,n.d.,0.373015873015873,4.860963650843616,3.6640624128869126,0.11428571428571432,3.9902946252440383,2.2570234516902428,0.07083333333333335,n.d.,n.d.,0.042857142857142844,0.23095238095238096,0.43492063492063493,1.360023802791114,0.5248489389287614,4.108327055236911,n.d.,2.1004734022721125,3.625491621324903,n.d.,0.5,0.34216256929070793,n.d.,0.7205150553762179,0.15436507936507932,n.d.,0.25,0.5,1.0,0.044384057971014496,0.8521212121212122,0.17959770114942528
S2,1,W01_C2,Reference,16.907618577441184,n.d.,5.458954001272985,3.8330929430904686,n.d.,n.d.,n.d.,0.26969696969696966,3.5249543195193183,3.274779152453715,0.15000000000000002,2.2735710335665815,1.2018980889990551,0.1392857142857143,n.d.,n.d.,0.09090909090909091,0.23928571428571427,0.40384615384615385,2.4761427277645667,0.8069355813646756,3.9150121274511784,n.d.,2.073239161516339,4.526275736128539,n.d.,0.4124352331606217,0.556016321971491,n.d.,1.2911998498648556,0.23076923076923084,n.d.,0.3011658031088083,0.5,1.0,0.058823529411764705,0.27350427350427353,0.0892857142857143
S2,1,W01_C3,Random context,12.179222777843046,12.2709994261777,8.195589911216155,5.604312830607434,n.d.,11.497887279127006,4.515528842837294,0.10833333333333334,8.153474930302904,1.8314990905025947,0.04999999999999999,2.6475145164599123,4.033222673574794,0.0625,n.d.,n.d.,0.07417582417582418,0.08928571428571427,0.23273809523809524,2.7117034104242483,1.3761322303607386,5.485316536250176,3.2952772848459313,10.627967975048794,2.1122721322091955,n.d.,0.875,0.2979824487211866,1.25,1.3877999472514921,0.0892857142857143,0.6666666666666666,1.0,1.0,n.d.,0.12771739130434784,0.44727272727272727,0.13296703296703297
S2,1,W01_C3,Reference,15.655498636703317,17.43824625323906,6.331142519429883,4.664806246206686,n.d.,15.799084477555503,4.172861745020111,0.10530303030303031,3.704370687649078,0.79872550727878,0.13787878787878788,4.050093662089466,3.2675091162142724,0.13181818181818183,n.d.,n.d.,0.08846153846153847,0.08076923076923077,0.2556818181818182,2.9781554022602403,2.0806137893741266,6.1307688343672435,3.2831836149171667,12.372370453086269,2.3194128292954903,n.d.,0.7810880829015543,0.31670383655079837,0.4261658031088083,2.3493900641077934,0.3057692307692308,0.5302245250431779,0.721502590673575,0.4261658031088083,n.d.,0.054093567251461985,0.6356275303643725,0.14375
S2,1,W01_C4,Random context,25.347685717579722,n.d.,10.307310181774227,n.d.,n.d.,n.d.,n.d.,0.275,10.383609359411775,3.38579981632786,0.35833333333333334,n.d.,n.d.,0.11547619047619047,n.d.,n.d.,0.058333333333333334,0.058823529411764705,0.4548319327731093,1.7753554268461968,2.017098628720922,0.761583326221259,n.d.,2.7594491080061347,n.d.,n.d.,0.875,0.5609362321588058,n.d.,1.4016694580208164,0.3392857142857143,5.0,0.4,2.5,0.0,0.09523809523809523,1.0,0.2272727272727273
S2,1,W01_C4,Reference,27.35145034580981,n.d.,6.482447840239057,n.d.,n.d.,n.d.,n.d.,0.13333333333333333,6.523017239563498,0.8402623948763193,0.40625,n.d.,n.d.,0.15625,n.d.,n.d.,0.09090909090909091,0.125,0.46022727272727276,2.2362001024042906,2.413819141112051,2.048760641748001,n.d.,1.9513932697364422,n.d.,n.d.,0.8620466321243522,0.5062238159604835,n.d.,2.3704637865513725,0.11875000000000002,3.44300518134715,0.44093264248704667,3.44300518134715,1.0,0.054093567251461985,0.5263157894736842,0.12142857142857143
S2,2,W02_C1,Random context,16.89655195035589,9.949499258731528,8.813433112271863,n.d.,n.d.,6.352262360691338,6.5692199197739125,0.13392857142857142,7.077044534525809,2.0834785892724277,0.09340659340659344,n.d.,n.d.,0.08241758241758243,n.d.,n.d.,0.07142857142857142,0.0738095238095238,0.239010989010989,3.4625987416061133,4.8721275354090885,2.7101203299791274,3.4475446168555757,4.149764074170338,n.d.,n.d.,0.07142857142857142,0.32254377391116845,0.5,1.4489889395989777,0.21758241758241753,0.2857142857142857,0.5,1.0,1.0,0.11485507246376814,1.2185507246376812,0.19655172413793104
S2,2,W02_C1,Reference,16.771609252045536,7.247042267409545,7.058365226284473,n.d.,n.d.,5.711219026612362,4.526314615116486,0.14583333333333334,5.029257764614982,1.276684924425851,0.20793650793650795,n.d.,n.d.,0.07142857142857142,n.d.,n.d.,0.05555555555555555,0.14285714285714285,0.31746031746031744,2.9135081222220114,3.4527957139666077,2.4710869483951114,3.2606033239734638,4.633239742085111,n.d.,n.d.,0.25,0.21456019255574327,0.7,0.6670538340762313,0.15892857142857142,0.2857142857142857,0.8333333333333333,1.0,1.0,0.13201754385964914,1.587878787878788,0.275
S2,2,W02_C2,Random context,12.863793996332557,6.313597134280629,7.4306189888936345,5.249521045161872,n.d.,5.3367450724283705,3.613200163518659,0.09999999999999998,4.705883082378776,4.7357424257874925,0.2596153846153846,3.90262935540872,1.646588588689108,0.07619047619047617,n.d.,n.d.,0.10818713450292397,0.10818713450292397,0.30000000000000004,3.862938801665395,5.154120435309585,3.9826800255067445,3.4534639286467623,5.358434669202838,5.159061376523823,n.d.,0.4,0.1351252539187734,0.6,1.3499099263987282,0.275,0.3333333333333333,0.4,1.0,n.d.,0.09090909090909091,1.4055555555555554,0.25369458128078815
S2,2,W02_C2,Reference,10.480032476647793,5.398537436593209,5.48973097236839,3.3374063410663135,n.d.,3.4100190308669682,3.7620436639364625,0.08194444444444446,3.00457101889855,3.7065698894854515,0.08124999999999999,3.3374063410663166,0.8203035619513659,0.07500000000000001,n.d.,n.d.,0.0,0.07670454545454546,0.19722222222222224,3.286552875785211,3.9715324207742535,4.113764836511329,4.094984428478816,5.100349073114165,5.184904374136497,n.d.,0.4,0.16432546834298392,0.9,0.9996874188698248,0.16111111111111115,0.6666666666666666,0.6,0.0,n.d.,0.041666666666666664,1.8404040404040405,0.3293650793650793
S2,2,W02_C3,Random context,14.899887514886922,n.d.,6.590409774770806,5.236197889870871,2.9282772406980744,n.d.,n.d.,0.25,3.1882063334717037,2.0480306305580793,0.08333333333333331,3.70908668428524,2.884998016186872,0.10714285714285715,0.9011141623740953,2.792455225849239,0.17857142857142858,0.08333333333333333,0.33653846153846156,1.6419018369008853,0.7491304798086695,1.2434481645909923,n.d.,5.02985744793224,7.455499786361917,2.64852518363859,0.16666666666666666,0.0642522144033829,n.d.,0.6429690441052295,0.13690476190476192,3.5,0.3333333333333333,0.3333333333333333,0.6666666666666666,0.05263157894736842,0.5988304093567252,0.13961038961038957
S2,2,W02_C3,Reference,12.07882251116634,n.d.,5.249802210549138,4.664806246206686,5.970273799426666,n.d.,n.d.,0.23958333333333334,3.347511888196593,1.3517598615026305,0.2222222222222222,2.9895144095548143,2.6244592809544116,0.125,5.962963548765497,2.5086056053306267,0.21875,0.15,0.4305555555555555,1.618807772589117,0.9498870446162214,0.9030460779981109,n.d.,4.597383953823422,7.17840488640224,2.91680000701974,0.3333333333333333,0.21142754642806033,n.d.,0.8888638240782393,0.306547619047619,3.5,1.1666666666666667,0.3333333333333333,0.8333333333333333,0.05555555555555555,0.2222222222222222,0.06944444444444445
S2,2,W02_C4,Random context,17.95957259648453,12.318971501148916,n.d.,11.255397868216047,2.5882305151550935,11.667096314937396,6.700461376759277,0.17175324675324674,n.d.,n.d.,0.2057942057942058,11.175439068351638,2.522043030863605,0.3006993006993007,1.6160184563204203,1.2583732806053654,0.1103896103896104,0.04365079365079365,0.4415584415584416,2.525849014083322,1.5741886011120154,0.8561839570067464,3.991958344332768,n.d.,5.007909572427985,6.18684553272712,0.2727272727272727,0.045744266036601436,2.0,1.0560584189955766,0.07765151515151514,1.75,3.0,0.6,0.5,0.08012820512820512,0.49230769230769234,0.10643704121964992
S2,2,W02_C4,Reference,17.84845588926982,20.01055928450814,n.d.,7.049443524665226,8.433643923062514,20.076062997369583,5.738518080884388,0.1875,n.d.,n.d.,0.3313131313131313,7.090662434903997,2.2706196250783988,0.3151223776223776,8.433643923062514,3.174159882537964,0.11210664335664336,0.09090909090909091,0.5116161616161615,2.0708135012785926,0.7323170747976393,1.3417124553107695,3.6951408156037857,n.d.,4.916742758765443,4.345778836850516,0.2727272727272727,0.2013046925130094,1.0,1.2177105644056527,0.22889610389610388,1.75,3.5,0.6,0.5,0.041666666666666664,0.26666666666666666,0.0892857142857143
S2,2,W02_C5,Random context,15.260526085500954,9.026523671173045,7.454963135003638,3.9230817292630675,n.d.,8.338526381957916,4.8887052217027644,0.12053571428571427,3.737713223383261,2.037710943708616,0.0917207792207792,2.5416194568324038,3.303762104818287,0.07211538461538461,n.d.,n.d.,0.06458333333333333,0.11607142857142858,0.26785714285714285,1.5890224048793766,0.5340905324335701,3.323789528124647,5.800324205207057,1.5617519711790495,1.8389507922264001,n.d.,0.125,0.10031687775643837,0.5,1.504200281394501,0.14615384615384613,0.4,0.3333333333333333,0.30000000000000004,n.d.,0.04736842105263159,0.2845049687154951,0.06156015037593984
S2,2,W02_C5,Reference,16.343457596893064,19.55692471866116,9.519329303149018,6.138650759679935,n.d.,19.718651020822637,2.579814386749746,0.08035714285714286,6.87681034078034,3.1210684428335345,0.053571428571428575,5.323545287076532,2.6696346931025294,0.12843406593406592,n.d.,n.d.,0.07142857142857142,0.08928571428571429,0.25583791208791207,1.6257647525951535,1.0675359127623363,2.9236369760936185,3.891317104919758,1.982875549255318,0.9219575999720482,n.d.,0.125,0.19318918219092124,0.75,1.1633248585386755,0.125,0.2,0.3333333333333333,0.6,n.d.,0.05,0.181578947368421,0.09523809523809527
S2,2,W02_C6,Random context,14.816679223967451,6.282498911051336,n.d.,4.376759630678576,n.d.,5.019232183709484,1.9628631407196346,0.14139194139194136,n.d.,n.d.,0.20476190476190476,2.9533910166179336,3.771692192702826,0.2662907268170426,n.d.,n.d.,0.06666666666666667,0.07142857142857142,0.35338345864661647,1.8820073911389592,0.9271834143938251,3.4374909358232952,3.6425150535213904,n.d.,2.563671387131831,n.d.,0.07142857142857142,0.06837185751107722,n.d.,0.8690677924507764,0.21339285714285716,0.3333333333333333,3.0,0.5,1.0,0.10025062656641603,1.0526315789473684,0.2272727272727273
S2,2,W02_C6,Reference,10.803833879140392,5.321330291984402,n.d.,5.112290158429229,n.d.,4.7779701842214894,2.520611598067486,0.09374999999999997,n.d.,n.d.,0.14285714285714285,4.633283133507545,1.161579684683085,0.17857142857142855,n.d.,n.d.,0.005494505494505503,0.07142857142857142,0.2802197802197802,1.4386165354265525,0.4848122315528225,1.3851157672766423,3.2110097592705955,n.d.,2.6712522472495834,n.d.,0.03571428571428571,0.18737608997642446,n.d.,0.9062553035430613,0.45535714285714285,0.16666666666666666,2.0,0.41666666666666663,0.0,0.07886904761904762,0.45,0.10882352941176471
S2,3,W03_C1,Random context,14.38759028819682,6.3946586106524395,6.661081927958314,4.901316143163051,n.d.,3.6968737036602444,2.539923080830956,0.13461538461538464,3.9462915679549377,5.259606601658614,0.2975877192982456,4.621300909283809,2.1902820430357144,0.05681818181818182,n.d.,n.d.,0.14835164835164835,0.04568713450292397,0.36907051282051284,1.4771016919113853,2.3142270121369894,0.9926834718396194,2.4292193990222652,2.466460460196398,4.154171428542546,n.d.,0.1875,0.1343310278214993,2.0,1.4182279528252701,0.5048076923076923,0.5,0.6111111111111112,0.5,n.d.,0.10627354390031876,0.27450980392156865,0.1117794486215539
S2,3,W03_C1,Reference,21.073738711254478,5.26828106546763,5.398828194846557,5.146987984898777,n.d.,2.942310858941737,2.521251361419319,0.23684210526315788,3.2920241611858607,2.196834997007632,0.3125,4.4883484906459605,1.6838908354406612,0.043233082706766915,n.d.,n.d.,0.10714285714285714,0.0625,0.37589285714285714,2.0322008766800717,1.755052928506029,2.1048922115914257,2.506020189576415,3.1165741876660347,6.952016504802588,n.d.,0.15625,0.1921724445108911,1.5,0.7379386438044704,0.2698412698412699,0.75,0.6111111111111112,0.25,n.d.,0.08619281045751635,0.7248022015823874,0.16812865497076024
S2,3,W03_C2,Random context,10.862414265588004,5.9650559064935145,5.016531893435322,4.091500991196973,n.d.,4.2025498623204545,3.1105716194234336,0.13230994152046785,3.90943514334427,2.9752715822903824,0.16666666666666669,3.28697792033796,1.450200306387941,0.07070707070707072,n.d.,n.d.,0.09090909090909091,0.06696428571428571,0.2512626262626263,1.0423205128647202,0.8619417427349219,0.8983207020913209,2.0986964468459544,2.5480532447595623,1.8410829096634251,n.d.,0.2777777777777778,0.21937841678015907,0.5,1.101895463533411,0.266292735042735,0.42857142857142855,0.5555555555555556,0.5,n.d.,0.07179487179487179,0.2773892773892774,0.08503016591251884
S2,3,W03_C2,Reference,14.230763783567753,6.929145759820975,7.683148998332679,4.164857840910603,n.d.,3.4100190308669682,7.146070884911528,0.1111111111111111,2.537243077054595,3.2130947660170683,0.23214285714285715,4.164857840910607,1.5973681591727127,0.06783625730994153,n.d.,n.d.,0.10714285714285714,0.0,0.2698412698412698,2.0842494857785407,2.0606886111825693,2.14666274397997,3.6956449307414547,3.4760848717174992,5.01496517744994,n.d.,0.2777777777777778,0.13898244796023382,1.0,0.7147228725274493,0.18942716640085058,0.21428571428571427,0.6666666666666666,0.5,n.d.,0.054093567251461985,0.2583732057416268,0.10688405797101448
S2,3,W03_C3,Random context,14.473337767276835,8.077155589350534,6.945539139062676,4.0172736799455935,8.441292235803992,5.296498127438996,4.827169386782807,0.0906862745098039,4.127970593478729,2.6352406737048115,0.13434829059829057,3.4489910584417642,1.7819842977046667,0.1,8.051633336344702,5.094908598822455,0.05555555555555555,0.06666666666666667,0.2620320855614973,1.1293298128430997,0.47870546579360906,1.08813575893413,2.7887644305639556,1.9574048144591079,2.833645432210931,3.0461974551892212,0.2222222222222222,0.277097876521762,0.75,1.3137660685143429,0.2361111111111111,0.3333333333333333,0.4375,0.5,0.5,0.038277511961722493,0.3175615807194754,0.06601731601731603
S2,3,W03_C3,Reference,12.673352531604534,4.869494410655247,5.781469152744227,4.900389349039223,8.546002838151008,4.455637169513771,1.6366552387037085,0.14593301435406697,3.2175224732081684,2.60397912479484,0.17658730158730157,4.230914119120019,1.5355126336147624,0.1,8.553777526949574,3.3523422931947024,0.10526315789473684,0.0,0.27660818713450286,1.4013503198879058,0.6970650961884717,1.7625556666766196,2.629520371567015,2.3983744324657015,5.27597726166868,3.4542164835229503,0.2777777777777778,0.15132817533003828,0.75,0.718246209830208,0.19728535353535354,0.3333333333333333,0.625,0.5,0.75,0.06818181818181818,0.46231546231546233,0.10317460317460315
S2,3,W03_C4,Random context,16.38186496346548,11.17733713190066,7.395885473222311,7.427089997040053,5.59657361063797,9.440422519260142,7.276530696987404,0.11742424242424243,5.1531773375689625,3.586848706212159,0.14758403361344538,7.434337768042937,3.533845213038786,0.05681818181818182,3.607272568911522,5.040528657539629,0.0551948051948052,0.07417582417582418,0.24084595959595956,1.1391793974160618,0.4021333158016188,0.5186223664875389,3.689362208937249,1.7737159444448467,1.7316781141066198,2.9970287963802447,0.21875,0.17666517953375677,n.d.,1.48640121570926,0.2552447552447552,0.4,0.42857142857142855,0.5,0.5,0.0411764705882353,0.2357894736842105,0.10263157894736842
S2,3,W03_C4,Reference,16.390318552636316,10.8305581778725,6.393221208905613,6.079387182848804,6.974500715791395,10.439565727719076,3.6775732377339327,0.14593301435406697,6.257319162586013,3.276480319809906,0.1875,5.050920883819233,1.9677939193544898,0.125,6.1951646374097376,4.283336421969968,0.07401315789473684,0.0,0.28355263157894733,1.5670230038187185,0.7575986083678177,2.4656908578473358,3.6474221549246364,1.9429765013632223,1.808083176183891,2.869015255027387,0.15625,0.15695425087839476,n.d.,1.0357260055010458,0.29450757575757575,0.30000000000000004,0.5714285714285714,0.75,0.5,0.04590643274853802,0.2046783625730994,0.09761904761904763
S2,3,W03_C5,Random context,12.506823073684915,10.673444181976109,10.308648842213003,6.028052213049118,7.545101932443509,9.792076229182836,3.166988940355459,0.13419117647058823,5.459564521408841,7.0987209909499995,0.10863095238095238,4.07655910740907,3.950772490179908,0.11403508771929824,7.554711119941341,2.4571970268248684,0.06272893772893773,0.05555555555555555,0.22916666666666669,1.1425841687168803,0.7980764331687096,1.1858566577406415,2.667419456152654,2.4043034225863904,1.5130989588009311,2.1741802959807597,0.14285714285714285,0.1601533968996205,n.d.,0.7899766856750453,0.2523496240601503,0.3333333333333333,0.6666666666666666,0.3333333333333333,0.5,0.059714795008912656,0.7100840336134454,0.16666666666666663
S2,3,W03_C5,Reference,13.909778552468552,8.335409229048519,6.430330210134722,4.716096397803006,4.199012405187627,8.17401528161832,2.663570622903959,0.1294642857142857,3.390333333236293,5.181350820499772,0.07142857142857142,3.033059126294533,3.661913942085439,0.12857142857142856,3.0885264827835677,2.931829171062356,0.07589285714285714,0.0,0.20535714285714285,1.466413701525766,0.35809981347264597,2.467481497100895,3.074683095396465,1.9503443206649673,1.5362073873886415,3.2013596440643264,0.17857142857142855,0.14921797661231845,n.d.,0.8472665902949973,0.16801948051948049,0.25,0.3333333333333333,0.5,0.5,0.02631578947368421,0.40384615384615385,0.09453781512605042
S2,3,W03_C6,Random context,11.400025436575394,5.517899740959416,8.88573494014564,7.506654618468145,n.d.,2.8915460471428096,2.5819604617001533,0.11538461538461536,3.6778373833663487,8.288065182642066,0.1075174825174825,7.506654618468137,4.451362139435882,0.09502262443438915,n.d.,n.d.,0.0625,0.17521367521367523,0.30302601809954754,1.266251243832168,0.6536982708274736,2.2350374533271333,3.433100326079853,3.9525324274504623,4.836510915461087,n.d.,0.3076923076923077,0.4017591340904769,n.d.,1.1310961948294582,0.37927350427350426,0.5,1.0,0.5,1.0,0.05462962962962963,0.38461538461538464,0.12236024844720497
S2,3,W03_C6,Reference,14.099725604675317,6.140664703418723,6.487291669223415,11.33265826466739,n.d.,3.386727700765598,5.244274723724466,0.08550824175824179,5.038204818840789,5.420794431477715,0.09615384615384615,10.945002909495171,5.404977003601325,0.16758241758241757,n.d.,n.d.,0.07142857142857142,0.23076923076923078,0.26648351648351654,2.2293715310562967,0.3448933302645346,2.4592367612173636,2.5356562234876225,4.108126743637338,3.168362349452232,n.d.,0.19230769230769232,0.22507336746234202,n.d.,0.8623803201563349,0.2744755244755245,0.2,0.25,1.0,1.0,0.10701754385964912,0.34615384615384615,0.1222222222222222
S2,3,W03_C7,Random context,15.134088941664793,12.682898602375122,7.904430006634019,4.144754590405486,5.4082833786256925,12.46697653803889,6.169037427921934,0.13480392156862747,4.525543450425455,6.086226193052605,0.09581043956043958,2.0053748388868238,2.3746610766249887,0.13186813186813184,5.408283378625696,2.73272029258042,0.052083333333333336,0.06593406593406592,0.2857142857142857,0.9768417679298153,0.6183698887542349,2.1722819823793915,2.3220399416692326,3.5360600351915137,2.6083347598553615,1.4243015373169985,0.14285714285714285,0.13216952946722488,2.0,0.7852761056735463,0.2660557644110275,0.6666666666666666,0.6666666666666666,0.5,0.5,0.0451559934318555,0.3658755038065383,0.10120913569189434
S2,3,W03_C7,Reference,12.685948984110798,12.399406223419454,10.896555431224673,4.539851515709069,7.1266844053239335,12.416895270538138,4.115747684396604,0.08482142857142858,10.288579281460592,3.8118899698386857,0.07142857142857142,1.2607114585765986,2.7827717415443165,0.059523809523809534,6.357687415306628,3.0136658305813557,0.0798611111111111,0.14285714285714285,0.2222222222222222,1.5197666386169992,0.5308873036826833,1.676710905212896,3.0306930453786696,3.0557653999838292,2.760549565404733,4.523540413461579,0.21428571428571427,0.30630751918113885,1.0,0.8721673179417089,0.14434523809523808,0.3333333333333333,0.3333333333333333,0.25,0.5,0.037672305764411024,0.40476190476190477,0.08344312692138778
S2,3,W03_C8,Random context,13.68605345780955,5.470956244380293,14.905273258881465,4.5891076152233605,n.d.,3.0173018926480446,1.7184824792726126,0.11538461538461536,14.89395203577154,4.721611618226747,0.16666666666666666,2.1214316677978213,3.541576838643641,0.2237762237762238,n.d.,n.d.,0.07692307692307693,0.05263157894736842,0.29871794871794877,1.009697303332475,1.0975348121439836,2.351673915926764,2.2772934436876517,3.1280560868562595,3.8889840528097674,n.d.,0.15384615384615385,0.27689581200488045,2.0,1.4080742760154015,0.7696678321678321,0.4,1.5,0.75,1.0,0.10721062618595825,0.682020202020202,0.14803891913692274
S2,3,W03_C8,Reference,10.31410352020195,6.459686909216679,16.35114190816489,4.240409432904212,n.d.,4.776327129702474,2.2612936549722122,0.08550824175824179,16.457146871609197,3.463710726986658,0.114010989010989,1.0811070576352453,1.5260630448902357,0.04945054945054944,n.d.,n.d.,0.022829509671614942,0.0625,0.14423076923076925,1.59982758626073,1.362124125839466,2.034290823236712,3.0006238302261634,3.270518629997631,4.229071576886544,n.d.,0.3076923076923077,0.32725735637199954,1.0,1.2186997139944529,0.6706730769230769,0.2,0.5,0.25,0.0,0.09375,0.5697577276524645,0.12749264465511603
S2,4,W04_C1,Random context,18.075217673869005,7.6666781057235776,10.54642124035474,n.d.,n.d.,3.5622867416146686,4.528909572315616,0.12766645119586292,10.587879132983572,2.789597344200896,0.21008403361344538,n.d.,n.d.,0.22478991596638653,n.d.,n.d.,0.0625,0.1213235294117647,0.3616071428571429,1.7384100862949179,1.316989961571876,0.7463339243811773,3.7648710202591675,2.338661412171769,n.d.,n.d.,0.14285714285714285,0.09666536985736086,n.d.,0.916368290519259,0.3048844537815126,0.3333333333333333,0.42857142857142855,n.d.,1.0,0.06756072874493928,0.9450292397660819,0.2009398496240601
S2,4,W04_C1,Reference,14.91827547379347,5.60058588033826,9.315259617306372,n.d.,n.d.,3.07993341177779,4.998963397020737,0.09523809523809526,9.334753230408053,3.242520781460576,0.1568627450980392,n.d.,n.d.,0.1111111111111111,n.d.,n.d.,0.07142857142857142,0.04464285714285714,0.23669467787114845,1.5557151773711313,0.9764802895419611,0.9942548396501827,2.7099367901908415,2.2185142084399643,n.d.,n.d.,0.2857142857142857,0.1377743977595407,n.d.,0.6079579521768748,0.06746031746031744,0.5,0.2857142857142857,n.d.,1.0,0.0680079559363525,0.6652211925161742,0.14837625979843222
S2,4,W04_C2,Random context,12.215702260413767,5.5195295836279294,5.614243134672011,5.4486294384063605,n.d.,3.1989633036352663,2.281701640014701,0.17708333333333334,3.3915933096790134,3.0501241871317837,0.0526826115061409,1.7553025477461743,5.053662521019465,0.07539682539682539,n.d.,n.d.,0.05773809523809524,0.13392857142857142,0.28809523809523807,2.667252402596639,1.691574434420433,4.491098568389043,4.557970146698002,2.192429241140206,6.521463499746449,n.d.,0.14285714285714285,0.18445333138634162,0.5,1.311745614387383,0.75,0.2857142857142857,0.25,0.5,1.0,0.08656832298136645,1.4545454545454548,0.21666666666666667
S2,4,W04_C2,Reference,11.34656639718231,4.170180974827943,4.872590247645034,6.329663095157022,n.d.,2.6548830380477115,2.143065041895217,0.10555555555555554,3.207014670956858,1.276684924425851,0.1552579365079365,6.329663095157035,2.9750894995755366,0.031746031746031744,n.d.,n.d.,0.07142857142857142,0.025,0.20238095238095238,2.241502562151917,1.3455491385504463,3.90240339052479,3.3954185650034816,2.6594395096007846,8.093498186465485,n.d.,0.25,0.06585461009202274,0.6666666666666666,0.6732499289376148,0.36111111111111116,0.3571428571428571,0.625,0.0,1.0,0.10178571428571427,1.7372039724980903,0.26388888888888884
S2,4,W04_C3,Random context,14.047004755925744,5.632817952977938,8.078280785099754,4.712545068100358,4.540075881004052,4.0380333509748825,2.6706527158646756,0.17277923315075014,5.526887501113584,6.782083194827454,0.14301024053346037,3.4183900238618685,2.74040378001169,0.04678362573099415,4.3393531285203775,2.2136012627498864,0.147781217750258,0.125,0.3464912280701754,0.9988931480167864,0.7221513709433391,2.0912873096364857,2.6965915342825664,2.5867438139910086,2.1009079019303236,2.7535693693089494,0.15789473684210525,0.16780593405121325,2.0,0.7300650002978661,0.29769736842105254,0.5,0.6666666666666666,0.3333333333333333,0.75,0.04940711462450592,0.24746450304259637,0.08720355731225296
S2,4,W04_C3,Reference,12.434540752173621,6.11453877183855,6.508911166905584,8.20627986865156,4.050113205436296,4.1523057273875645,3.0070189310896582,0.11764705882352941,2.389658842845318,6.600473133825494,0.16563467492260064,8.204091642155255,1.7866885694346109,0.04678362573099415,4.041063985510385,2.607609626527726,0.1498645510835913,0.0,0.27748538011695906,1.2358405363157634,0.4087386218366007,1.3724155743621536,2.647344612560496,3.021330552080244,2.1541923576101127,2.9649988236461304,0.07894736842105263,0.055054489868894885,1.0,0.6094525772601385,0.10928362573099415,0.2777777777777778,0.8333333333333333,0.3333333333333333,0.75,0.040909090909090895,0.34545454545454546,0.09285714285714286
S2,4,W04_C4,Random context,17.427139217474704,6.77452264924726,6.601071059432506,n.d.,n.d.,5.4629777269789574,3.87517700683103,0.31825396825396823,3.37426266547137,6.466212511714523,0.09444444444444444,n.d.,n.d.,0.06666666666666665,n.d.,n.d.,0.05718954248366013,0.15476190476190477,0.3444444444444444,1.8210435072682418,1.1113422994792481,3.7982902254326714,2.826896966783484,2.597853738340678,n.d.,n.d.,0.6,0.251440970681685,2.5,1.3165278436898138,0.05555555555555558,0.25,0.6666666666666666,1.0,n.d.,0.125,0.7325653412609934,0.15934065934065933
S2,4,W04_C4,Reference,14.906397800818365,6.53777587922929,5.30214512314692,n.d.,n.d.,5.514237802938954,3.4079418727807527,0.2176470588235294,2.9504508606604176,4.12503178455405,0.07521008403361344,n.d.,n.d.,0.0213235294117647,n.d.,n.d.,0.08680555555555555,0.0,0.26190476190476186,1.669158945373867,0.6520066267560309,2.9465227293713725,2.800355428559969,2.8383062377577133,n.d.,n.d.,0.7,0.5010240362938598,1.0,2.3050887269612357,0.3482142857142857,0.16666666666666666,0.8333333333333333,1.0,n.d.,0.09545454545454546,0.4195804195804196,0.09761904761904762
S2,4,W04_C5,Random context,11.55956723011533,5.755169622335336,9.246608133297247,4.8009794294754045,n.d.,3.271424563996472,2.551781949537064,0.05695611577964518,9.095836096722842,2.530580962977772,0.19047619047619047,3.2417812384098013,2.1386207674701603,0.18005952380952384,n.d.,n.d.,0.027777777777777776,0.034926470588235295,0.2595238095238095,1.663096965097263,0.5576855461754765,5.048350627434055,4.830400457700109,1.8560215832421934,2.1688310983964554,n.d.,0.14285714285714285,0.07207391184880174,3.0,0.7526387742845124,0.09027777777777779,0.25,1.5,0.5,0.5,0.05305555555555555,0.6925925925925925,0.13235294117647056
S2,4,W04_C5,Reference,13.233978018088349,7.360310671830508,7.678640540043569,6.079387182848804,n.d.,5.6732233247568455,2.4857544172865715,0.10897435897435899,7.47774942184061,1.6783267818984138,0.18067226890756305,3.033059126294533,3.9058193588881336,0.21771978021978022,n.d.,n.d.,0.04365079365079365,0.14285714285714285,0.30357142857142855,1.6226896911609712,0.39255486001690487,4.652182750655438,4.743194529221322,1.9977961165492166,1.175252722893775,n.d.,0.21428571428571427,0.09607406433576854,1.0,0.8638901891191852,0.3125,0.375,1.75,0.6,0.5,0.07559523809523809,0.47619047619047616,0.10468495698674725
S2,4,W04_C6,Random context,12.20112030178673,6.8521764209999985,5.232970718669604,4.855087325498836,n.d.,6.351217685654477,2.513026742914123,0.1031746031746032,2.8927017052755755,3.1962995501198455,0.07857142857142857,3.5071615556568907,2.5043215428884142,0.0982142857142857,n.d.,n.d.,0.03968253968253968,0.06190476190476191,0.19841269841269837,1.8124146881824008,1.0477919883077043,0.8752444992307296,7.029457791156539,1.9884551041337233,2.394621581761746,n.d.,0.17857142857142855,0.05761192850712739,0.5,0.6950199889173316,0.3443452380952381,0.5,0.25,0.25,1.0,0.03390269151138717,0.24867724867724872,0.06393939393939393
S2,4,W04_C6,Reference,12.136843583556004,6.256931049523381,4.956561689550992,6.430802146889589,n.d.,3.2196523075966605,1.999123776454427,0.08516483516483518,3.405793621192084,3.6270971847546747,0.07142857142857142,1.578794794305075,3.661913942085439,0.06092436974789915,n.d.,n.d.,0.01733500417710944,0.07142857142857142,0.19327731092436973,1.7299994403871573,0.7785136381333863,0.8407375744717666,5.530025733229079,2.2375440391523718,1.9222479980471214,n.d.,0.21428571428571427,0.136503355486841,0.5,1.0022965562528248,0.1306089743589744,0.25,0.375,0.5,0.0,0.03192640692640693,0.4342857142857143,0.09451659451659451
S2,4,W04_C7,Random context,18.592995905197547,10.151673215439434,5.974670254013445,11.53975142332581,n.d.,9.357843005083415,5.038268024237875,0.08571428571428569,3.416402297022473,2.9486933100650123,0.10625000000000001,11.536918064382878,2.085851112118732,0.22857142857142854,n.d.,n.d.,0.06666666666666667,0.125,0.3198412698412698,1.9884845641496003,0.422916862020955,4.7613793809095135,2.4060125775493995,10.21021869026032,2.8680435971633105,n.d.,1.2142857142857144,0.7318186254413492,n.d.,1.263752147399685,0.1875,1.5,1.5,0.3333333333333333,n.d.,0.09090909090909091,0.9415384615384615,0.19999999999999998
S2,4,W04_C7,Reference,15.762805647321212,9.293688586535247,6.552501582007148,8.889704851652528,n.d.,6.967738160204755,5.805918906840172,0.08516483516483518,4.225900991718451,3.2822244531284017,0.08730158730158731,6.787774644586355,5.7837510727687285,0.1680672268907563,n.d.,n.d.,0.07692307692307693,0.02631578947368421,0.2692307692307692,2.0939921251958573,0.6423119148683734,5.626928062422374,1.6752565460356545,10.666314565890666,2.4276146843860884,n.d.,1.2142857142857144,0.8638711096959426,n.d.,2.187450650207739,0.1339285714285714,1.5,0.75,0.3333333333333333,n.d.,0.11428571428571428,0.6493506493506493,0.1515151515151515
S2,4,W04_C8,Random context,15.567773821948752,6.120179522513052,9.590550769143025,10.432010869312073,n.d.,4.153082613670998,2.805650152902185,0.10277777777777777,3.6703429427879746,8.891012676875501,0.08333333333333334,9.794320724744829,4.180885925020602,0.12083333333333333,n.d.,n.d.,0.0625,0.05147058823529413,0.21180555555555555,1.3258453547474822,0.715193388290078,0.45321873449180705,4.824604710237556,2.510058097391364,1.9993489584059554,n.d.,1.0,0.7416021858432472,3.0,1.0129668436222858,0.3979166666666667,0.8333333333333333,1.0,0.5,n.d.,0.0551948051948052,0.4415584415584416,0.08958333333333335
S2,4,W04_C8,Reference,15.358225474175665,8.206004468850592,5.923769867959564,10.964262324039256,n.d.,4.254225632735074,2.489783345167056,0.13230994152046785,4.391895185891405,4.768674039879608,0.09615384615384615,9.963221680528532,5.846673867911651,0.07456140350877191,n.d.,n.d.,0.07417582417582418,0.09752747252747253,0.20654761904761906,1.6299910710229928,0.7925190361729556,1.2739258682768244,4.629601220183086,2.6601904407267094,2.4212050905896376,n.d.,0.9415529010238908,0.7230179827099663,1.0,1.6620275151237736,0.20833333333333337,0.5917709518392111,1.25,0.8532423208191127,n.d.,0.06102693602693603,0.4533333333333333,0.10714285714285715
S2,5,W05_C1,Random context,20.8663334584648,6.828556580517181,5.46031066520493,5.195911014130709,7.511733585749973,4.851803355999444,3.414637576446991,0.1923076923076923,3.1096332795345774,2.075237430461275,0.11141636141636142,5.182229939526495,2.2168558956564506,0.1219205630970337,6.787260090649946,3.600389453897564,0.1388888888888889,0.05555555555555555,0.3354700854700855,1.6155304796736252,1.0952523156401006,0.5983542359181915,2.9310199102670786,1.6644450097065704,3.6569042927308755,1.672369223552762,0.2777777777777778,0.36897579749043974,0.3333333333333333,1.241469467831392,0.26869658119658113,0.5555555555555556,0.5,0.5,0.625,0.06313131313131314,0.3523809523809524,0.0871794871794872
S2,5,W05_C1,Reference,11.196663631066912,4.049580832651907,4.932119680215012,3.07036709790824,10.215521373289471,1.4711554294708684,2.200560440098517,0.03399122807017546,2.213197289254681,2.021925256732465,0.21031746031746032,3.070367097908224,0.584631806285624,0.03926482873851295,9.921795700070941,4.191857479457743,0.1552579365079365,0.05263157894736842,0.2261904761904762,1.793726886092334,0.7872443566684972,2.3229098316318897,2.7795529237129815,2.6944658486093367,4.5065312418494194,0.9093707034274514,0.2115408924282644,0.16458615181401748,0.6666666666666666,0.603782002392315,0.10526315789473689,0.2986980154215648,2.4129692832764507,0.2844141069397042,0.7327929465301479,0.061919504643962855,0.45454545454545453,0.10326086956521738
S2,5,W05_C2,Random context,18.0523576371978,8.152659804147314,6.728098809139661,5.257470563496102,n.d.,5.577865029389778,2.021086005678023,0.2794871794871795,4.514335097683642,2.9412551998814034,0.09615384615384615,4.221489959109529,2.632479085140634,0.13076923076923078,n.d.,n.d.,0.11309523809523808,0.05,0.35,1.1721410699624175,0.9420584425084186,0.47632026672363215,2.3140395748777474,5.11554841835073,5.0680322905345605,n.d.,0.35,0.34167135102195734,0.5,1.2368351505378294,0.35480769230769227,0.6666666666666666,0.4,0.5,n.d.,0.1043557168784029,0.5989526245280721,0.1339588100686499
S2,5,W05_C2,Reference,10.69733074722539,5.952885025963846,7.437607453591622,5.892419518230305,n.d.,5.416010655133687,1.6577078247922672,0.1131578947368421,5.005000234616994,4.1279681272203925,0.04473684210526316,5.892419518230305,4.778497300045788,0.050375939849624046,n.d.,n.d.,0.11466165413533834,0.05,0.19100877192982457,1.6078648510145048,0.8004118913422376,3.020580585595818,2.591128215644701,5.642806773425061,3.9787019616887886,n.d.,0.2472696245733788,0.13606321284599082,1.1376564277588168,0.6440369982790677,0.20275689223057647,0.24578119074706106,0.36518771331058025,0.4655858930602958,n.d.,0.1396103896103896,0.5279214213491261,0.13100686498855835
S2,5,W05_C3,Random context,15.342060466300968,12.197452042177902,5.550301281716775,6.233370239019752,n.d.,11.216266035111245,4.9190621283792755,0.10407239819004521,3.4865661750624133,3.6807323262093834,0.11850894203835383,4.194122361459537,2.9439860879329833,0.08597285067873303,n.d.,n.d.,0.13942307692307693,0.06045751633986928,0.28054298642533937,1.2766722280869098,0.7592357929757587,0.6724402028009946,2.7567267165201526,2.5178706992971756,2.6862732741486304,n.d.,0.23529411764705882,0.31380577783518326,0.3333333333333333,1.231027019456313,0.1481900452488688,0.3571428571428571,0.41666666666666663,0.5,n.d.,0.09761904761904762,0.3421052631578947,0.09780844155844155
S2,5,W05_C3,Reference,13.734190719487216,9.618076763007963,5.754012512454259,5.699026702861237,n.d.,9.59578295113726,4.1598837839207246,0.100140056022409,2.8256187535144144,2.409175475700704,0.08508403361344541,5.6151359070481695,0.8826448719065052,0.03272888102609464,n.d.,n.d.,0.07142857142857142,0.07300420168067227,0.1865546218487395,1.7445086785683417,0.7016579802796763,2.9314521746554307,2.7985784039790365,2.682419343130771,1.9894070799977206,n.d.,0.27149836043632464,0.23203162034836466,0.8333333333333333,0.7166514105530073,0.2272086466165414,0.32504469364537625,0.3302995828593098,0.4655858930602958,n.d.,0.04900332225913621,0.5738636363636364,0.10535117056856186
S2,5,W05_C4,Random context,16.418276750322605,7.522683724081386,5.592588820025175,n.d.,n.d.,6.585025800849159,1.7806946635953933,0.29411764705882354,4.637216280990755,1.6023120407379574,0.04411764705882354,n.d.,n.d.,0.17420814479638008,n.d.,n.d.,0.07692307692307693,0.07692307692307693,0.3382352941176471,1.7906105807024906,0.6458499474099977,0.8835196220389729,3.5972814666938993,1.7831956274227556,n.d.,n.d.,0.23529411764705882,0.27612583027880144,0.5,1.4642854610850635,0.4620098039215686,0.6,0.2,2.0,1.0,0.07980295566502463,0.21904761904761905,0.09090909090909091
S2,5,W05_C4,Reference,8.049235381773524,4.465831420230742,5.481021458846326,n.d.,n.d.,3.0297103946296255,1.17244240842028,0.14086687306501552,3.00765562786434,2.5171398549109383,0.07894736842105263,n.d.,n.d.,0.07894736842105263,n.d.,n.d.,0.058823529411764705,0.023809523809523808,0.25077399380804954,2.0457309304665543,0.8106408398174808,2.7847581947544784,2.9405277070129037,2.497264457977715,n.d.,n.d.,0.26768386535501576,0.15199222320089295,0.8532423208191127,0.6176865069178047,0.23143336281881177,0.32571103526734924,0.4,1.6376564277588168,1.0,0.05244755244755245,0.634032634032634,0.12474290415466885
S2,5,W05_C5,Random context,9.664174857330382,5.772823848529972,4.632029674429436,6.100455678342828,7.684326118894754,3.686745715820068,2.0587397824491998,0.06699346405228757,2.61494329030614,2.236429730137786,0.0625,4.144679406102954,5.586159436085399,0.07239819004524889,5.452888815640691,5.602401219599005,0.06209150326797386,0.07692307692307693,0.1849673202614379,1.2529788402535913,0.5491517479988051,0.462961345911026,3.0957243942210915,3.361756517580411,2.867444455480676,2.912621187929827,0.20588235294117646,0.2125162772229379,2.5,1.0949385786778554,0.6187782805429864,0.3333333333333333,0.25,0.25,0.3333333333333333,0.25166666666666665,0.5532212885154061,0.24757575757575756
S2,5,W05_C5,Reference,11.086721726750287,4.542723231435524,3.8746541169619455,6.438108516820503,8.13910943176135,1.7506636983764328,1.6557885713126268,0.06766917293233082,3.0623106800261013,2.1577958958344623,0.09243697478991597,2.1258897069571576,5.239833381111508,0.12184873949579833,8.139106216374437,6.280487664923001,0.1050420168067227,0.03571428571428571,0.17492260061919504,1.8501103419688854,0.7820655458148357,2.5997312728953776,3.5257160101287175,3.2149430469522335,1.7170400175078342,2.4201773702416225,0.2201699792545005,0.1659076082465265,1.1376564277588168,0.8323081936542633,0.34970238095238093,0.24156238149412212,0.3405858930602958,0.3360352673492605,0.6437239287068639,0.23237179487179485,0.7738095238095237,0.2332144979203803
S2,5,W05_C6,Random context,16.18801531795915,7.719824047415608,5.816511083280066,7.959821404691107,8.742982441423623,3.7680535512838054,2.012719899398223,0.1862745098039216,4.405621328163468,2.855951434589807,0.2669683257918552,3.2785368067264087,7.077610179615263,0.11965811965811968,8.735967971970512,2.986203345722912,0.14529914529914528,0.08012820512820512,0.390758547008547,1.2864601496936983,0.517187493618001,0.8332697762267094,3.4797504458596045,3.0697602037508025,3.313237391035806,1.8321919914991187,0.2777777777777778,0.27218624620203385,0.75,1.3836839887588586,0.133578431372549,0.6666666666666666,0.6666666666666666,0.5,0.75,0.03535353535353536,0.3896103896103895,0.09615384615384613
S2,5,W05_C6,Reference,15.154727492408632,9.306611797998205,5.207769171925062,10.369580758609752,7.742802366817868,6.71958646865143,1.655412821636503,0.14285714285714285,3.2960864022032688,1.9591219546669545,0.2142857142857143,4.896443741100846,9.850910003017072,0.1984126984126984,6.740742000278969,2.407192022811085,0.13095238095238093,0.0,0.36236424394319133,1.6808739463330118,1.4088768999647139,2.365589190982003,3.3401216647407255,2.927946303549371,2.2682729031073174,3.017825474844477,0.2222222222222222,0.1647900586285804,0.75,0.8237232634026062,0.28571428571428575,0.5168752370117558,0.6513715080267981,0.7064846416382253,0.6077929465301479,0.05648148148148148,0.35120435120435123,0.08653846153846154
S2,5,W05_C7,Random context,16.85420487005676,11.911422410265889,7.589876620100087,4.77673599691684,6.68694220545505,11.785101588519236,3.192110482930066,0.12091503267973858,7.523270415149177,2.470693216895029,0.10030165912518851,2.1398605039865988,3.7202031218086944,0.11965811965811968,5.78199107731307,3.5594955117318463,0.04273504273504275,0.06971153846153846,0.26118652589240826,1.0393789104803903,0.40368428573819504,0.8358682317153798,4.200375715444224,1.9509505007797228,1.845264341612065,1.9344912417997988,0.2777777777777778,0.22456452353544082,0.5,1.2870475805392534,0.16666666666666663,0.25,0.5,0.5,0.5,0.05740259740259739,0.24040920716112535,0.0838979860718991
S2,5,W05_C7,Reference,13.546898060332458,14.099997109136842,5.131443452442056,6.471950994067522,7.045545590500605,13.966100169552973,2.6515433996835984,0.09920634920634921,5.133313254636389,1.2491420061088312,0.05714285714285716,3.439790555218889,5.204938297579929,0.04464285714285715,7.045545590500598,4.305603842763154,0.07539682539682539,0.0,0.18109668109668112,1.7818202670830572,0.7878818924972275,2.365589190982003,4.397279151902916,2.3673171523237224,1.74168875211666,3.4640551496665184,0.2634938692959171,0.14806307972735006,0.5,0.9905934982027291,0.18154761904761907,0.1938282138794084,0.6207811907470611,0.43117178612059154,0.4655858930602958,0.07314560439560439,0.5079365079365079,0.12218890554722639
S2,5,W05_C8,Random context,11.197145870705967,6.756294618634977,5.665169899391842,5.66087183446206,8.025311057171777,4.120039224528102,2.5299611918238964,0.08617698091382303,5.234799323263842,2.980093816078563,0.05668016194331982,5.315005046889507,4.327132588740337,0.07692307692307693,7.762975552014713,2.854987010679052,0.08097165991902833,0.04858299595141702,0.2109600925390399,0.9002502385914276,0.8467000355752219,1.2478289416434363,2.9927843400424847,1.8649102030617934,2.7466333845726765,6.6004581966828955,0.3157894736842105,0.2824257522815542,0.3333333333333333,1.3760683473686153,0.15941295546558698,0.25,0.25,0.41666666666666663,0.6666666666666666,0.18117647058823527,0.4694117647058823,0.16754658385093169
S2,5,W05_C8,Reference,11.54469073394868,6.462988743051324,5.218035365721697,7.381502061422884,7.309174454590323,5.8015120064750185,3.0333988659675972,0.114149008885851,3.7889043606323938,2.8459747627023306,0.09899749373433583,4.918426415099185,5.480865033430705,0.036568694463431306,7.412540121434038,3.382929676580951,0.12218045112781954,0.10526315789473684,0.2543859649122807,1.4459890213854314,1.2892284244093777,1.4122730871621525,1.530174118740848,2.3116597081406343,3.030858859841052,6.615824647181964,0.32857313933297405,0.34055244375896715,0.6666666666666666,1.1488411142717312,0.199561403508772,0.25,0.4655858930602958,0.43117178612059154,0.6666666666666666,0.17386243386243386,0.932063492063492,0.20152261531571874
S2,6,W06_C1,Random context,14.379578774825905,7.961160695569127,8.611258005804162,n.d.,4.746037357062201,5.450630540565956,2.597669389983472,0.18389724310776942,7.763337439378276,3.7969894962244553,0.0855263157894737,n.d.,n.d.,0.17261904761904762,1.872608703254639,2.085418264816596,0.0712121212121212,0.06111111111111111,0.29166666666666663,1.3892161141210861,0.7096132850656439,3.1850669705629153,2.340525637935461,2.2507883681383434,n.d.,2.2264737607783625,0.5,0.4139351784424358,0.5,1.8081514840002577,0.12026515151515155,0.6363636363636364,0.625,2.0,0.5,0.04961240310077519,0.24761904761904763,0.07717431877566253
S2,6,W06_C1,Reference,10.858664234616702,6.207903207557759,9.573844274721925,n.d.,5.913193980769017,2.768410374271496,4.377290942047196,0.07189542483660133,7.223833801590972,3.2348408244603557,0.06547619047619047,n.d.,n.d.,0.0638888888888889,2.135631639218385,5.3677802067695435,0.1015406162464986,0.0,0.18771929824561404,1.7128088897724667,0.8928493429942025,3.9889030564607264,2.640947870598392,2.2343342451030086,n.d.,0.9767249390740027,0.377375,0.22975889214645878,0.5605,1.010365805421129,0.15781641604010033,0.36072727272727273,0.5055625,0.758,0.78025,0.053921568627450976,0.4735729386892178,0.10119047619047616
S2,6,W06_C2,Random context,15.199087594117138,7.151462274330573,5.824920313492994,7.740795176181392,n.d.,3.3698603730968117,4.1261013603892325,0.2964285714285714,4.190664266729367,1.731495695690331,0.08333333333333331,6.714382265788901,3.287845249216253,0.14740896358543418,n.d.,n.d.,0.16666666666666666,0.0,0.36904761904761907,1.75731160924449,1.25948900603566,4.249328943796359,3.1856126431119574,1.9909280857554978,2.2886708580908808,n.d.,0.42857142857142855,0.24739934844229372,0.3333333333333333,1.319005230211045,0.12261904761904768,0.75,0.42857142857142855,0.5,n.d.,0.07619047619047618,0.3392857142857143,0.08662280701754385
S2,6,W06_C2,Reference,9.667250558324993,5.063784235320916,4.7746774257535645,10.847860090939353,n.d.,1.568161166780893,3.3008708629020393,0.08458646616541352,2.132442089797625,2.165331112551122,0.0906862745098039,9.156937135521078,1.6958714763149403,0.04201680672268907,n.d.,n.d.,0.07142857142857142,0.0,0.19887955182072828,2.115041906364363,1.5201216006063851,4.631931300480176,3.15067932318657,2.4257426744605084,2.6444137917300177,n.d.,0.2884285714285714,0.04440663128139968,0.5605,0.5297223839606215,0.16706349206349208,0.41400000000000003,0.43492857142857144,0.21975,n.d.,0.05462184873949579,0.4582633053221289,0.10338345864661652
S2,6,W06_C3,Random context,16.21009310012284,6.346090187783967,6.536974517039073,n.d.,n.d.,4.228591765391648,2.619794600889527,0.2925837320574163,4.474793875188674,2.269800522006916,0.11842105263157893,n.d.,n.d.,0.18181818181818182,n.d.,n.d.,0.16666666666666666,0.05263157894736842,0.4144736842105263,2.0199815593202985,1.0388324556104644,3.818602121668425,2.2128714139588563,2.562713504064198,n.d.,n.d.,0.3684210526315789,0.5049372850470597,0.5714285714285714,1.5056871946974582,0.2160931174089069,0.6818181818181819,0.5714285714285714,n.d.,n.d.,0.13787220843672454,0.8636889991728702,0.16042311661506709
S2,6,W06_C3,Reference,8.83267730206066,5.015255711608557,4.338662813965573,n.d.,n.d.,3.054952191081417,2.741091726031655,0.051169590643274865,1.9234427998196884,2.613454344857126,0.10056390977443608,n.d.,n.d.,0.11437908496732026,n.d.,n.d.,0.06512605042016806,0.05263157894736842,0.19847412649270235,1.780443366234546,0.6752215921381471,2.7156999182510155,2.8313163152034013,2.868914832230662,n.d.,n.d.,0.2135263157894737,0.3072831301921538,0.7488571428571429,0.6376123134526908,0.21613777089783287,0.36072727272727273,0.4977142857142857,n.d.,n.d.,0.12781241528869614,0.8640552995391706,0.18899521531100477
S2,6,W06_C4,Random context,11.989537929931222,7.830520599381729,6.817054318969828,5.938788837261411,6.872887571279676,5.070831169631367,5.1863775320834025,0.15151515151515152,2.7912348270658147,2.5076931392968773,0.07017543859649122,3.393529095949831,2.416548832345431,0.08333333333333333,6.222318038241348,1.3614033924814812,0.08333333333333333,0.05263157894736842,0.224937343358396,1.1008932726959946,0.8217418862520226,1.3996785154053148,1.73795555709735,1.7455009889119921,2.105057136392638,1.4354484112488985,0.3684210526315789,0.36076210584790636,0.5714285714285714,1.7915802287827367,0.41307048214942943,0.5555555555555556,0.4,0.5,0.5,0.1291866028708134,0.7471861471861472,0.15000000000000002
S2,6,W06_C4,Reference,10.978962873251346,6.9086636083281725,5.931436913429714,5.5351559241758785,5.893552239277453,2.898328065458629,5.004012976317886,0.12352941176470586,1.6357746440482401,2.426617669325308,0.06331269349845203,4.417068903529508,4.6372791542122265,0.029411764705882353,4.402772776197475,3.237168154322095,0.10526315789473684,0.05263157894736842,0.1651702786377709,1.394953980634029,0.5066811056027903,2.539451523815741,2.4553540450183284,2.8352684027581567,1.5940156742648277,2.0903376999577588,0.2135263157894737,0.18084561718146483,0.8116428571428571,0.9033852666235058,0.42666408668730643,0.36516666666666664,0.38470000000000004,0.4395,0.758,0.10064935064935066,0.8591800356506238,0.15833333333333333
S2,6,W06_C5,Random context,13.260647613667313,7.836962989241709,7.629543857812442,5.60159367562776,9.639065474128081,6.1754619002433575,2.8349221412897165,0.047619047619047616,5.797943100462366,3.588918913292681,0.12987012987012986,4.014262919910361,2.9579307689590832,0.1968864468864469,7.36569123094581,5.906546717518362,0.06868131868131867,0.03412698412698413,0.26785714285714285,1.4328777086627382,1.4215647757981191,2.450406347754963,3.0525892927870104,2.1237298007614287,1.8342990940361426,2.047167597596307,0.14285714285714285,0.06987099330929682,n.d.,1.1928974416173164,0.3023538961038961,0.25,0.5,0.6,0.5,0.06666666666666667,0.9076923076923077,0.18686740890688264
S2,6,W06_C5,Reference,14.52173824144754,6.0261529230257445,6.544853912176164,4.485105110806367,8.709118177085095,1.932582601058947,3.8187079106912574,0.0931372549019608,4.703179577265805,1.5808060838934765,0.15420168067226891,1.5012181166876077,2.0533619056297807,0.18067226890756305,8.709121392472028,2.7118373177668125,0.08169934640522875,0.07142857142857142,0.31419234360410836,1.9601243958301402,1.2835164687954452,2.7097397716837013,3.620221991860645,2.4630925611115053,1.795935627529739,2.5824467856195814,0.12099999999999993,0.31046133109666096,n.d.,0.7713325686558787,0.18181022408963587,0.3185,0.9777499999999999,0.4726,0.5605,0.075,0.6208791208791209,0.1376748251748252
S2,6,W06_C6,Random context,15.139651423811301,13.386725214462928,9.841826452909686,4.7917569190354286,n.d.,12.527033803811008,4.134627275098557,0.1070574162679426,4.056794002070996,7.6738573086550055,0.09188034188034189,3.9111216741210493,3.0033745093165836,0.11752136752136752,n.d.,n.d.,0.16666666666666666,0.0,0.26758535582064996,3.0154826059918847,2.7249915104119324,4.940210241968588,3.596555944498169,4.225910390759397,3.393476345319504,n.d.,0.09090909090909091,0.25199275179960146,0.5833333333333333,1.3830789306379074,0.4235868298368298,0.25,0.5,0.3333333333333333,n.d.,0.08095238095238094,0.942857142857143,0.16137820512820514
S2,6,W06_C6,Reference,12.78079468177237,9.39511897834699,6.394554599089961,7.826578589925092,n.d.,7.91906207783121,4.603967808214964,0.08920027341079975,4.239822184339784,5.39748090878264,0.07792207792207795,7.699120980558455,7.032290889480198,0.07251082251082253,n.d.,n.d.,0.06512605042016806,0.0,0.16615737203972497,3.430721210858107,2.750540553161885,4.881134828963876,4.530740784588674,4.274982468057463,2.838066348006641,n.d.,0.3984090909090908,0.05206227142222639,0.707,0.5943933650528269,0.43122009569377995,0.21975,0.42837500000000006,0.4394999999999999,n.d.,0.07857142857142857,0.8714285714285714,0.16693376068376067
S2,6,W06_C7,Random context,13.474619134530226,7.910206860999738,5.5438044279334395,4.966347547015661,6.33725165716237,7.422266539783499,1.543024499319444,0.07647058823529412,3.383237648465693,3.528355586909062,0.12581699346405228,4.128956998594012,1.9818616285922008,0.09181286549707604,5.029341988729652,3.110167571076942,0.04924242424242425,0.0,0.21693404634581107,1.2030199079794663,0.32906151932445005,0.6559968356824442,2.012140863023814,2.731437760197483,2.520381360389181,2.3975282437403593,0.2,0.21319809857377506,0.5,1.1100723034101296,0.8124999999999999,0.25,0.5,0.3333333333333333,0.5,0.07441807132209609,0.715219421101774,0.14655172413793105
S2,6,W06_C7,Reference,12.370559427144432,8.035971352181347,3.5853725558243106,8.548559000693846,6.486220803400785,7.50699991586943,1.7566319126847176,0.06535947712418302,2.3748434952582222,1.4889355871330623,0.1100840336134454,8.110280364794042,5.243322946005017,0.1245614035087719,3.1746378082604516,5.677870996601715,0.07923976608187135,0.0,0.18253968253968253,1.5885837530998963,0.4158665361971925,0.787876891858712,3.2735270921151307,2.4376220570836704,2.4238046539079843,2.984359343517662,0.08409999999999998,0.044204347619174675,0.21975,0.6054266966338806,0.7203164160401002,0.329625,0.36624999999999996,0.293,0.5605,0.10046296296296296,0.5555555555555556,0.12129919888540577
S2,6,W06_C8,Random context,20.555165427185706,n.d.,6.343030199632372,6.6957221829241425,6.747116156137896,n.d.,n.d.,0.3205128205128205,3.7715720014216876,3.9454894533804405,0.09294871794871792,4.182153136412982,4.737022022103023,0.14999999999999997,4.798016252313007,3.5293838868867,0.1333333333333333,0.0,0.33333333333333326,2.5453108744090867,1.9339177381194457,2.569116889423302,n.d.,2.236826055105543,10.408647541513803,2.0321764973653598,1.0,0.4944929874837815,2.0,3.1235362202076944,0.3421474358974359,n.d.,0.5,0.5,0.5,0.10526315789473684,0.6603174603174603,0.13907563025210087
S2,6,W06_C8,Reference,17.021263500250264,n.d.,4.635429261826252,7.539026690151196,3.4469369335489435,n.d.,n.d.,0.2857142857142857,3.6623184637315873,1.6712648938445076,0.06944444444444445,3.219049012131471,6.865869071648989,0.04464285714285715,1.4830624659552227,3.0012217758931916,0.2698412698412698,0.0,0.3431372549019608,2.6141333423083593,1.9861889449497505,3.1340641188309792,n.d.,2.6609896293515267,9.22412170434358,3.282409386061253,1.27075,0.7899078559163966,0.758,2.8332152364537713,0.349780701754386,n.d.,0.758,0.758,0.5605,0.10795454545454546,0.5,0.1111111111111111
S3,0,W00_C1,Random context,12.55417840384349,9.569715798012663,5.674670122612857,4.099176696351189,4.330421916291376,8.043450375702843,2.3715483709049416,0.10833333333333334,3.592232619194598,2.1682763698406124,0.18881118881118886,3.560839557259577,2.5514260017087698,0.08974358974358973,3.935601770932583,2.427475885836869,0.08974358974358973,0.07692307692307693,0.3038461538461539,1.4524629453495788,0.4357682427070625,1.1675303414884142,2.5867559496716392,1.62701759142236,1.39242377728125,2.2758464157735605,0.5576923076923077,0.4486052831332269,0.5,2.044138635994932,0.17861305361305366,0.5,0.75,0.5,0.25,0.05610613810741688,0.4973440881369271,0.11874355005159962
S3,0,W00_C1,Reference,18.686439950794067,13.939648931738606,5.506578393593041,4.345362406232822,2.2746956099169893,12.416057588913946,3.562725048651454,0.13095238095238093,4.437932542053965,0.39936275363939,0.24562937062937065,2.8230440381298414,3.1445306036068534,0.19093406593406592,2.2700996529182933,1.6590383552636883,0.09090909090909091,0.07692307692307693,0.35460372960372966,2.4876491079478393,1.5467444070197116,2.4227595662341495,1.889209590545581,2.163987574288652,1.6002327506161018,3.9314486825122232,0.6585384615384615,0.47486389638802495,0.614,2.012688009496106,0.2717948717948718,0.7105,0.8333333333333334,0.421,0.22799999999999998,0.06521739130434782,0.26696832579185525,0.07886904761904764
S3,0,W00_C2,Random context,14.153338859779389,12.298207273693544,7.896346645052438,n.d.,7.332299198348168,11.365014453875379,5.158534487406875,0.18181818181818182,4.540883643348444,2.938073100291042,0.21363636363636365,n.d.,n.d.,0.11783216783216785,4.600128342689262,4.732159157228731,0.06944444444444445,0.041208791208791215,0.33974358974358976,1.1415097535658876,0.629779534003351,2.7567379716769858,2.7884550204762193,1.9068948709130666,n.d.,2.1929033390163966,0.45,0.3540384303272742,0.6666666666666666,1.694902645887636,0.15075757575757567,0.25,0.7,1.0,0.6666666666666666,0.054901960784313725,0.35294117647058826,0.07957957957957955
S3,0,W00_C2,Reference,17.708035930638843,13.341592007179518,6.848017283375206,n.d.,6.430310331415715,11.043244564264665,8.08429348679828,0.06493506493506493,3.1934399320759854,0.9566761943683337,0.28409090909090906,n.d.,n.d.,0.21785714285714286,3.980048779265851,6.64110688003835,0.1,0.1,0.44123376623376626,2.041894493736646,1.3064520678096307,3.657596370690943,3.012133811536465,1.8741413970875813,n.d.,3.4900938320011687,0.5561,0.4826687893730737,0.7046666666666666,1.5467845881737854,0.13333333333333336,0.42100000000000004,0.8,1.658,0.576,0.11764705882352941,0.45614035087719296,0.11319011319011321
S3,0,W01_C1,Random context,22.309648611257025,n.d.,7.838972469963119,4.340220297135975,n.d.,n.d.,n.d.,0.2186147186147186,6.416310416347709,2.229681866310721,0.06060606060606061,3.3772814451781414,2.488381623137946,0.3311688311688311,n.d.,n.d.,0.14285714285714285,0.05194805194805194,0.39760239760239763,2.6332669222834335,3.1249054578070155,3.0887475082544547,n.d.,2.4904069085245917,5.692953723171261,n.d.,0.2727272727272727,0.19282901976291567,n.d.,0.6735610799736715,0.08062770562770563,3.0,0.3333333333333333,0.5,n.d.,0.058823529411764705,0.6862745098039216,0.16666666666666663
S3,0,W01_C1,Reference,22.377974309630616,n.d.,3.6248186176072745,5.084679396998656,n.d.,n.d.,n.d.,0.14242424242424243,3.193439932075986,0.4961191699589582,0.1346320346320346,3.389387779484195,1.1860765547970322,0.27759740259740256,n.d.,n.d.,0.1575757575757576,0.09090909090909091,0.3571428571428571,2.510200945623586,2.4376025470149685,1.973735907505736,n.d.,2.717072386079539,5.72239846381688,n.d.,0.28403203014601974,0.24849872013196592,n.d.,1.2299419458354148,0.14166666666666666,2.0,0.3333333333333333,0.5397236614853196,n.d.,0.0,0.26495726495726496,0.06349206349206349
S3,0,W01_C2,Random context,13.94776815679313,n.d.,5.30587255920013,5.073222215164035,5.7947153760068675,n.d.,n.d.,0.2727272727272727,4.350508410984096,2.540290661816787,0.13333333333333336,3.43802903179441,1.9674625696651562,0.06969696969696967,5.6816341822994465,1.6759648050127494,0.20909090909090908,0.03809523809523809,0.34545454545454546,1.4793182603853974,0.516679191451348,5.138897400267128,n.d.,1.8260635681802795,2.6702355852507305,7.153473877079718,0.4,0.1319270481593128,n.d.,0.7011923208845607,0.08068181818181813,n.d.,0.25,0.5,0.6666666666666666,0.044384057971014496,0.37812911725955206,0.11769230769230768
S3,0,W01_C2,Reference,16.782059377887478,n.d.,4.389114230662479,3.653396280893659,6.693833481704234,n.d.,n.d.,0.23333333333333334,3.1745388875489917,2.1621265033135284,0.1840909090909091,3.653396280893665,1.9701787225668115,0.08035714285714285,3.888660454149374,5.432980464758343,0.1424242424242424,0.1,0.4844155844155844,2.3178784339649408,0.8069355813646756,3.9070730665070377,n.d.,2.701085372282073,2.3621711831238916,5.60237049663622,0.25,0.2572093223801042,n.d.,1.2272034170802226,0.12973484848484848,n.d.,0.4261658031088083,0.5,0.3333333333333333,0.08333333333333333,0.22807017543859648,0.08333333333333334
S3,0,W02_C1,Random context,18.91627852124446,9.171454146273494,8.209437719917746,n.d.,5.84438616086157,5.5087395727108674,5.167719466487946,0.2142857142857143,3.8076867737394173,5.785525302946228,0.14285714285714285,n.d.,n.d.,0.14285714285714285,5.5079917826687925,2.2791891608577712,0.07142857142857142,0.07142857142857142,0.3571428571428571,3.8089648933462987,5.1153115386070525,4.50831843187699,3.593948597340808,4.101494669816921,n.d.,3.5213268370220536,0.03571428571428571,0.38094530270700133,0.6,1.3821171992152963,0.2012362637362637,0.42857142857142855,1.0,2.0,0.3333333333333333,0.1411764705882353,1.2956140350877192,0.21980519480519484
S3,0,W02_C1,Reference,19.601764563187324,7.360994117532812,7.468767402347846,n.d.,5.728373381216422,6.410255644204327,3.562725048651454,0.23030303030303031,4.435293563360752,7.696412143440891,0.125,n.d.,n.d.,0.12023809523809524,5.39749558360433,1.5468504271402683,0.06666666666666667,0.07142857142857142,0.3701298701298701,3.0208701135971285,4.2764064031209035,3.1552717524626086,4.237553737169728,3.462242954084351,n.d.,3.7725000154884403,0.17857142857142855,0.3260642096223716,0.9,1.1868718877052842,0.14285714285714285,0.5714285714285714,0.5,1.0,0.3333333333333333,0.2,1.8683760683760684,0.33650793650793653
S3,0,W02_C2,Random context,12.27632243803544,6.319343590077915,7.461899102645358,4.546938462873165,n.d.,1.735386127284036,2.412414636163568,0.08571428571428572,4.7710052548897295,5.155193935648391,0.23863636363636365,3.436586635137586,1.8021633949226517,0.11538461538461539,n.d.,n.d.,0.14285714285714285,0.07142857142857142,0.3215909090909091,3.9065891850310224,5.352194498202065,6.014249603223713,3.6519514139455227,6.195093046063356,4.054602998613911,n.d.,0.4,0.20717927341596687,0.6,1.5046665773306889,0.2806818181818182,0.5,0.4,0.5,n.d.,0.08514492753623187,1.4412698412698415,0.2682100508187465
S3,0,W02_C2,Reference,13.347663897433087,9.17140573043879,6.578582291823127,3.7738942891621168,n.d.,7.736142561973697,3.7620436639364625,0.08095238095238094,2.1951175246658603,4.781624259834883,0.23214285714285715,3.5198040358221405,2.3038947415346045,0.08035714285714285,n.d.,n.d.,0.1575757575757576,0.0,0.28125,3.0513707204552727,4.307726955407683,4.484221559121177,4.686539048475115,5.59684306470452,4.9052412305474995,n.d.,0.4,0.11626655185408871,0.8,0.9432800930545663,0.16458333333333336,0.5,0.4,0.5,n.d.,0.02631578947368421,1.8683760683760684,0.30714285714285716
S3,0,W03_C1,Random context,12.96061778640404,6.753636850524331,6.408753931194167,6.501441563587403,n.d.,5.533272382063073,2.6086871147947974,0.10714285714285715,4.020105086516449,3.8899576222476853,0.2832792207792208,6.4064658764154805,3.266692484290889,0.08928571428571427,n.d.,n.d.,0.14285714285714285,0.0625,0.3482142857142857,1.6069043303431478,3.014622373713777,1.2763320076804545,2.108050606462569,3.4921850485786625,3.3373021535138743,n.d.,0.125,0.25133712084289717,1.0,1.4918151322560123,0.4464285714285714,0.25,0.6111111111111112,0.5,n.d.,0.12091503267973858,0.27450980392156865,0.11785714285714283
S3,0,W03_C1,Reference,14.983846160952506,9.241596843118554,5.522923808953314,8.043675230309226,n.d.,5.8103452625353595,5.827527757386249,0.10897435897435899,2.2335903644811577,3.313909911508116,0.2696428571428572,8.023511465619759,2.3038947415346045,0.08205128205128207,n.d.,n.d.,0.12916666666666665,0.0625,0.34464285714285714,1.7862020192122614,1.4333854739802283,1.4903665595237636,2.3630645930035783,2.555924948123247,3.4830182403910745,n.d.,0.21875,0.09446838122123483,0.5,1.0650209769460603,0.42083333333333334,0.25,0.6666666666666666,0.5,n.d.,0.14869281045751637,0.5873303167420814,0.16666666666666663
S3,0,W03_C2,Random context,9.666263034080089,6.5473299523800454,4.332100221223115,8.66748134663289,n.d.,5.23804534106099,2.8264734994156386,0.05555555555555558,2.8944412650288167,1.394486733724562,0.055944055944055965,8.650163882416722,1.918434005804999,0.053030303030303025,n.d.,n.d.,0.11212121212121212,0.05555555555555555,0.18315018315018314,0.9839237633641728,0.4698012732010412,1.593365087621455,2.481507820606006,3.9697558591718174,1.2493194163601657,n.d.,0.2777777777777778,0.3077460916279898,0.5,1.1388122583919937,0.23950702075702068,0.42857142857142855,0.3333333333333333,0.25,n.d.,0.054093567251461985,0.21678321678321677,0.08333333333333334
S3,0,W03_C2,Reference,12.13857347015287,8.061952470784306,3.938358092807867,10.470749135212479,n.d.,5.680508065681458,6.316602181948171,0.09696969696969698,1.4619024531803924,1.6985581716587674,0.11160714285714286,10.506534932934859,1.5018772596498207,0.09305555555555554,n.d.,n.d.,0.1380952380952381,0.05555555555555555,0.24791666666666667,1.4709952276850142,1.5900988702246126,1.2116470478826047,3.1290828197849416,3.3568672193326723,1.947283865034078,n.d.,0.25,0.19111115253748137,0.5,0.7384002109242478,0.13333333333333336,0.2857142857142857,0.5,0.375,n.d.,0.027777777777777776,0.1472620946305157,0.08333333333333334
S3,0,W04_C1,Random context,17.0303488237347,8.088612482844468,8.795155670677907,n.d.,5.299918333700301,5.968985049926125,2.218985032940557,0.13186813186813184,8.148317377470661,2.7798568459231,0.13186813186813184,n.d.,n.d.,0.2,5.272648533107951,1.8404968050516732,0.05454545454545455,0.06904761904761905,0.2857142857142857,1.7483268902989941,1.8675102870091698,1.2287816143023067,2.6927314147911554,3.2453963217634483,n.d.,2.0799303637154107,0.07142857142857142,0.23807748690501102,n.d.,1.0979729940628156,0.20211038961038957,0.3333333333333333,0.3333333333333333,n.d.,0.5,0.05263157894736842,0.5644736842105263,0.14260651629072676
S3,0,W04_C1,Reference,13.609053505558805,5.449249608446626,6.685497012137654,n.d.,6.651864875834881,3.6214680961384804,2.3746566413860872,0.13786764705882354,6.67293905622919,1.8652190497196295,0.1247252747252747,n.d.,n.d.,0.1125,6.6558700832599484,2.6445914410506792,0.11547619047619048,0.0,0.22352941176470587,1.7216127907767529,0.7682367792946826,1.6105409554707788,2.676885714890466,2.7109145236056325,n.d.,1.6956713482638106,0.14285714285714285,0.13139072887973857,n.d.,0.7302749915871181,0.17415966386554627,0.25,0.25,n.d.,0.75,0.0625,0.4105263157894737,0.10939849624060147
S3,0,W04_C2,Random context,12.310146756190104,6.897654041985282,6.398559377960605,6.157035802323221,n.d.,5.37139451536142,2.2547574259806797,0.14285714285714285,3.857472772953385,2.135042059807059,0.06318681318681317,2.7809650456745185,5.136733186556318,0.07142857142857142,n.d.,n.d.,0.07142857142857142,0.07142857142857142,0.21428571428571427,2.5219121110889064,2.064457257507204,5.3644195166171,3.7213655915949975,1.518840964702683,6.769533191849239,n.d.,0.07142857142857142,0.3368465283596994,0.6666666666666666,1.5480221633133686,0.6306818181818181,0.42857142857142855,0.25,0.5,1.0,0.14487394957983193,1.8757763975155282,0.2941295546558704
S3,0,W04_C2,Reference,10.515762640392996,5.060913186806567,6.2024587937481295,6.61858625543109,n.d.,4.046518469868559,2.553266021578997,0.10769230769230767,4.196078319903918,3.8355137161332915,0.05147058823529413,6.37116260944556,6.27340675485506,0.08011204481792716,n.d.,n.d.,0.07142857142857142,0.0,0.20029761904761903,1.9618420997937152,1.1649849233814118,3.2895159110936456,3.0463020737413595,3.368083803675639,7.330914467446631,n.d.,0.14285714285714285,0.23039468980170294,0.8333333333333334,0.8966740919023166,0.3485576923076923,0.3571428571428571,0.25,0.5,1.0,0.10178571428571427,1.9503759398496243,0.3
S3,0,W05_C1,Random context,23.123607447742508,7.914200541663771,6.853809456813793,10.716286355963245,7.118902920373506,6.389509937185985,3.4640299109774073,0.2272727272727273,4.7684537399155404,2.6434424807053496,0.1855921855921856,10.631553381854147,3.103362382577953,0.14722222222222223,5.076429832372462,4.659035773633036,0.07936507936507936,0.05555555555555555,0.35317460317460314,1.8378723973329767,1.8935398842658766,1.49508817119328,3.70183871816372,1.5721446691768595,3.126379196100474,2.1539468738113503,0.2222222222222222,0.4289448180014513,0.3333333333333333,1.4537230627998872,0.269570707070707,0.6111111111111112,1.0,1.0,0.5,0.0625,0.4,0.0888230127360562
S3,0,W05_C1,Reference,11.370750851457974,4.471241519451532,5.59206101531746,6.461699091099407,5.512580708758453,3.7582375664287957,2.04717320704896,0.09411764705882353,3.5942970177233984,2.4924563096252284,0.18594771241830066,5.518952217095238,3.104159386945528,0.04836601307189542,5.507536696257608,1.7045383479758862,0.14017887856897143,0.05555555555555555,0.2800653594771242,1.5717265996450298,0.4481661724480457,1.6318013217285188,2.504980209174764,2.9735866982939134,3.301999166815815,1.6882795636377932,0.16666666666666666,0.2211457893333717,0.6666666666666666,0.524917033269012,0.2002450980392157,0.2777777777777778,1.1376564277588168,0.5,0.625,0.08257575757575758,0.5497835497835497,0.12678571428571428
S3,0,W05_C2,Random context,19.894231438414955,7.347098747480223,5.931913347433515,4.824356313597174,n.d.,6.488429563559303,2.868861512039013,0.3142857142857143,4.223365008260361,2.945638588668445,0.04910714285714286,3.6822453524182537,1.874721600097753,0.11428571428571427,n.d.,n.d.,0.13392857142857142,0.05,0.32380952380952377,1.2829554113085841,0.8633534223034556,1.2012599106405075,2.6935885956102035,6.079833205322844,4.16962919755972,n.d.,0.3,0.358176420259611,0.5,1.3839403130178387,0.41041666666666665,0.6666666666666666,0.2,0.5,n.d.,0.08695652173913043,0.38606747046644746,0.1225
S3,0,W05_C2,Reference,12.92985327996574,6.753261744694859,6.884702028261551,5.7727339489232445,n.d.,6.179576985984877,1.5955911321810605,0.15614035087719297,3.8470038881213307,4.475897872873767,0.04999999999999999,3.881077975970026,2.595078028341524,0.03725490196078432,n.d.,n.d.,0.08204334365325078,0.05,0.21690283400809718,1.3680151231595628,0.5793519469117742,1.612656656579397,3.000149277985815,4.781075948383732,4.21079548521742,n.d.,0.2,0.20824303147331888,0.5,0.6504205104403737,0.1859907120743034,0.45833333333333337,0.28259385665529013,0.5,n.d.,0.1539473684210526,0.7771739130434783,0.16657894736842108
S3,0,W06_C1,Random context,15.912584038730014,6.947961439007361,6.42211373381649,n.d.,5.649520216112625,5.450373819741167,3.4060520341046305,0.16547619047619047,5.727891364519651,1.8425060536305935,0.06060606060606061,n.d.,n.d.,0.1654761904761905,3.4349390154224366,2.4823438396604205,0.05681818181818182,0.041666666666666664,0.28452380952380957,1.2938969660718294,1.0555497086627454,1.6453482000214255,2.985789640735727,1.7408296380667432,n.d.,2.041052946669443,0.5,0.49980456714553345,0.5,2.040945276840856,0.24375000000000002,0.6818181818181819,0.5,1.5,0.3333333333333333,0.055617305061559506,0.30476190476190473,0.08628841607565008
S3,0,W06_C1,Reference,10.572534415155943,5.041895028647791,10.297254373709533,n.d.,5.467136796508868,3.4579202083587175,1.0413331940352952,0.08955505279034687,7.223833801590972,5.012889450877874,0.06862745098039214,n.d.,n.d.,0.060964912280701763,2.5592377178791277,3.4289524370616093,0.09558823529411764,0.041666666666666664,0.1899122807017544,1.4661030564566468,0.917364564745039,3.7874451639316584,2.512302604789383,2.7183947618910427,n.d.,1.890329098762193,0.3970208333333334,0.3047410052291647,0.765125,0.8324971975974116,0.20265737874097,0.48059090909090907,0.5605,1.0,0.5201666666666667,0.05244755244755245,0.5015449666612457,0.11136115657392257
S3,0,W06_C2,Random context,12.087087201593977,7.015305836644919,6.445635927320964,7.69208913718756,n.d.,5.881043281949511,2.702907224604711,0.19047619047619052,5.342988313378157,2.974398913844757,0.08333333333333334,5.3956650962398225,4.58883970661523,0.09567099567099568,n.d.,n.d.,0.13333333333333333,0.047619047619047616,0.2857142857142857,1.263100858626398,0.720461850677524,2.9642635968359876,2.160444825781572,1.799717186131451,1.5389478180650134,n.d.,0.38095238095238093,0.3325875359367706,0.3333333333333333,1.3131839865187707,0.12261904761904768,0.5909090909090908,0.5714285714285714,0.5,n.d.,0.08035714285714285,0.26754385964912286,0.07807017543859647
S3,0,W06_C2,Reference,9.591358762972122,4.057600120323612,5.695128588962881,9.844011770055346,n.d.,2.5115810565360785,1.0413331940352952,0.08947368421052632,3.2683747750092946,3.9433797389686402,0.06862745098039214,8.482087903065418,6.13407750467572,0.06582633053221287,n.d.,n.d.,0.08204334365325078,0.047619047619047616,0.19519953730480047,2.1642085872864856,1.6208936130395546,4.867938067327252,2.9948938756674273,2.6591639007471004,2.477290433500012,n.d.,0.31088095238095237,0.2006276413947677,0.707,0.609201156496251,0.25183823529411764,0.48059090909090907,0.4977142857142857,0.5605,n.d.,0.05244755244755245,0.5240641711229947,0.12302631578947365
S3,1,W00_C3,Random context,23.566211618420127,11.048258967742852,7.351017189104066,8.529829909475545,n.d.,8.917378292735727,7.138462051314757,0.2104895104895105,3.696141184600628,6.013974645391512,0.13386613386613389,8.640606054228623,2.195640853100003,0.26262626262626265,n.d.,n.d.,0.12698412698412698,0.18181818181818182,0.4161616161616161,1.7748368733139523,0.5728748376622156,2.618443137808274,4.1593443965506145,1.5542578375786622,2.7830742856935147,n.d.,0.18181818181818182,0.16934891365365698,1.0,1.223006132686326,0.23730436230436244,1.5,0.6666666666666666,0.75,n.d.,0.10263157894736842,0.5333333333333334,0.13108766233766234
S3,1,W00_C3,Reference,20.28159918502525,12.725674400096665,6.642402939395585,6.9730492100079635,n.d.,12.262936088872479,6.438764670155568,0.14125874125874124,3.082460593628916,5.517208770502415,0.1090909090909091,6.852535594589643,1.4906144298883452,0.1818181818181818,n.d.,n.d.,0.10416666666666666,0.1625874125874126,0.40603146853146854,2.6445326021016866,2.0663238880677386,3.5446528575574483,4.419290180894224,2.2704585678660556,3.3478860806333803,n.d.,0.26309090909090904,0.2933569175980821,1.0,0.9365878826608807,0.19696969696969704,1.0,0.22800000000000006,0.4605,n.d.,0.08260869565217391,0.4,0.1221590909090909
S3,1,W00_C4,Random context,27.445840056717515,12.136975826120764,8.56489358709679,15.228729174350617,n.d.,11.866753004341327,3.360482952815172,0.08333333333333333,8.090584239136682,3.6360378762990693,0.125,15.23902239196657,1.6102011855347156,0.2523809523809524,n.d.,n.d.,0.08012820512820512,0.13333333333333333,0.3817460317460317,1.089417885097964,1.1468521877044024,1.3617787721378982,3.3773424494948765,2.352023702082161,2.138236256035234,n.d.,0.3,0.3255587780620427,0.5,1.472185624455472,0.14056776556776568,0.25,0.5,0.7142857142857143,n.d.,0.06375976964212259,0.3777089783281734,0.10714285714285716
S3,1,W00_C4,Reference,23.883207517423088,8.458180452759137,7.760633912705259,11.191508272063137,n.d.,5.66486957461352,3.4173543131213435,0.08974358974358974,6.68070903202676,1.2372546747287174,0.19747474747474747,11.178283852036333,1.4630256968528226,0.2646464646464647,n.d.,n.d.,0.10416666666666666,0.06864801864801864,0.42020202020202024,1.615459770929497,0.5465651242359953,2.5369065886663726,5.321544519537295,2.243337761056178,2.1284627036907695,n.d.,0.32453333333333334,0.34618264657141273,0.5,0.8188543238571853,0.20375457875457867,0.3355,0.522,0.5714285714285714,n.d.,0.049442586399108146,0.3018394648829432,0.07291666666666669
S3,1,W01_C3,Random context,13.367519523809644,14.879962055370143,5.3185723894012815,5.831324760601011,n.d.,14.500452752444845,4.267457196579736,0.08791208791208793,2.9481209089067333,1.5329774744914495,0.0784313725490196,3.6076586168061966,2.776037883574265,0.09615384615384615,n.d.,n.d.,0.11764705882352941,0.11538461538461539,0.2451923076923077,3.031788578865673,1.5430275821261956,7.239669547062326,3.2232997707522735,11.533542214882079,1.2257958719296371,n.d.,0.8125,0.2485952022282384,0.5,1.715642350975441,0.08333333333333337,0.5,1.0,0.5,n.d.,0.06458333333333333,0.25462962962962965,0.10000000000000003
S3,1,W01_C3,Reference,15.700481048178228,13.894086125713507,4.821109930962159,4.902791609369429,n.d.,13.856810496006993,3.01476929058589,0.125,2.8964620015819342,1.3178956481318598,0.11666666666666668,2.2832511838961,4.453585671011305,0.10416666666666666,n.d.,n.d.,0.10416666666666666,0.10576923076923077,0.26461038961038963,2.987813593672516,2.467988356265872,6.079745716709594,3.325388375636387,11.591573363501894,2.3621711831238916,n.d.,0.625,0.3607683436934426,0.971502590673575,2.5621964266474393,0.18628246753246752,0.8635578583765111,0.75,0.5,n.d.,0.06385869565217392,0.6076555023923444,0.15773809523809523
S3,1,W01_C4,Random context,23.403828307290187,n.d.,5.697658449759776,n.d.,n.d.,n.d.,n.d.,0.20982142857142858,3.9002044227783395,1.7712325124975772,0.32409502262443435,n.d.,n.d.,0.0625,n.d.,n.d.,0.04807692307692307,0.0,0.3897058823529412,1.9809284286242441,1.8817937065488133,1.7767968210485834,n.d.,1.97927014561435,n.d.,n.d.,0.75,0.47110684901623834,n.d.,1.7726160896039609,0.35714285714285715,4.0,0.2,2.0,1.0,0.09307359307359307,0.961038961038961,0.20673076923076925
S3,1,W01_C4,Reference,23.555585600855487,n.d.,4.974461672585356,n.d.,n.d.,n.d.,n.d.,0.125,3.4448893212999985,1.9470021854771709,0.36363636363636365,n.d.,n.d.,0.15,n.d.,n.d.,0.0551948051948052,0.0,0.42992424242424243,2.533587386927377,2.6326393588799233,2.9259359397711435,n.d.,1.9337017999653505,n.d.,n.d.,0.625,0.28409995617283285,n.d.,2.3561867929244498,0.16666666666666663,2.44300518134715,0.44093264248704667,2.44300518134715,1.0,0.05756578947368421,0.4605263157894737,0.10882352941176471
S3,1,W02_C3,Random context,14.488290368344316,21.670600922759483,5.106501253949342,5.40755667216628,4.881066574745477,21.844408571870936,9.504417844568822,0.17857142857142858,3.3130475072208636,1.4682829441043648,0.060096153846153855,4.661436080609086,0.8852000366962298,0.10164835164835165,1.5934802222412556,1.770462658507968,0.16485507246376813,0.0560897435897436,0.3057692307692308,1.5593088045409662,0.6220656633377077,1.2560940006704147,4.3754012904330795,6.011739906779402,6.051267486481411,2.4630880148178402,0.08333333333333333,0.17431462621697674,n.d.,0.4748373296356485,0.125,1.5,0.3333333333333333,0.3333333333333333,0.5,0.029898989898989904,0.8374269005847953,0.17028985507246375
S3,1,W02_C3,Reference,14.181370975337327,22.09930001745036,4.5370215433993035,6.472088260801854,5.372241757786044,22.1061525680704,9.0546460006837,0.15,3.619671554967869,2.367645897910854,0.11666666666666668,6.155453957577828,0.9376319907795772,0.05909090909090908,4.839526294859721,2.6707153775979418,0.20833333333333334,0.08333333333333333,0.30681818181818177,2.097953938739016,1.9379975538193823,2.0919010563324343,4.331232327056323,4.112738666161777,6.2982689073443145,4.2991973755081245,0.16666666666666666,0.14970860739715744,n.d.,0.8827019739006394,0.319047619047619,1.0,0.3333333333333333,0.3333333333333333,0.8333333333333333,0.05555555555555555,0.25,0.07650029708853238
S3,1,W02_C4,Random context,16.854280000498715,10.467796998483042,n.d.,9.953327325369653,5.450648086580161,6.901797232562639,8.409957739675171,0.14393939393939398,n.d.,n.d.,0.1590909090909091,9.985023918511423,2.7855083814138935,0.24541083916083914,5.460198576098028,2.19233442000948,0.1048951048951049,0.0625,0.375,2.549578004552961,1.1836024430029046,1.9207753306824904,2.987683762158106,n.d.,3.3853103840095997,6.048932876330601,0.18181818181818182,0.1311443087255335,1.0,1.0461806488715886,0.15297202797202797,0.8333333333333333,2.5,0.4,0.5,0.0625,0.3157894736842105,0.08333333333333337
S3,1,W02_C4,Reference,16.56708216415351,8.846145301539835,n.d.,11.388912258616047,7.310206669156725,6.144069031073544,7.999525885735551,0.13386613386613389,n.d.,n.d.,0.08333333333333333,10.217064985199883,1.9549286193703206,0.1712121212121212,7.310206669156725,2.4209303544876937,0.10764235764235765,0.0,0.3006993006993007,2.3070918984979603,0.609664484687692,2.9430958969636363,2.5556326264506692,n.d.,3.95063340095642,5.60237049663622,0.18181818181818182,0.1854396021218097,1.0,1.0929642116575156,0.25357142857142856,0.6666666666666666,1.0,0.30000000000000004,0.5,0.03125,0.22564102564102562,0.07142857142857141
S3,1,W03_C3,Random context,12.65831723294134,8.062464238897109,4.304837254357138,5.7947663610272695,5.708828633698727,5.774443393372894,3.1531264502796885,0.08333333333333331,2.516616730451251,1.3287231876268706,0.1111111111111111,4.677119000246918,2.7454551226111397,0.11538461538461539,5.339919243607432,4.259496533649315,0.05555555555555555,0.05277777777777778,0.25396825396825395,1.2662025950112343,0.5238020844323027,2.4694749987592712,2.9811211665543813,2.14999868708222,2.4852648709147838,3.4828814553064196,0.2777777777777778,0.33157450538392996,0.5,1.224650014776644,0.18018162393162393,0.3333333333333333,0.4375,0.5,0.5,0.041866028708133975,0.3175615807194754,0.07307060755336622
S3,1,W03_C3,Reference,10.621276138641843,5.339967287228918,5.062464919833128,6.946038880191953,1.4553516022363493,4.070265366557419,2.493772728090307,0.08333333333333331,5.087398413153092,2.0017525602060626,0.1,6.911626486434976,1.8424539908606605,0.14722222222222223,1.4325248596635305,0.49442804720570765,0.056721056721056734,0.0,0.19513888888888886,1.3969113465797633,0.9474984092955491,2.6640776577749183,2.564681155629802,2.6641468506837986,2.1169597110864733,2.7281737518295746,0.3055555555555556,0.17250791443765673,0.5,0.6520906698287552,0.18138111888111885,0.16666666666666666,0.5625,1.0,0.5,0.08823529411764706,0.42200956937799045,0.09868421052631576
S3,1,W03_C4,Random context,15.333047259288843,12.174462692889366,5.451294661371106,7.691521176547813,n.d.,11.455833319377547,6.1701341058037,0.09855769230769232,2.4527576912529616,2.6459986697288644,0.2596153846153846,7.2968916542756155,2.184216235580503,0.11538461538461539,n.d.,n.d.,0.0625,0.0,0.31774475524475526,1.4325000380524933,0.7075262230514698,1.107311052479918,3.480902702306844,2.272518557931475,1.8127148948733351,n.d.,0.1875,0.20323128541876956,n.d.,1.3237143313711468,0.2548076923076923,0.2,0.625,0.75,1.0,0.0411764705882353,0.5309309309309309,0.12632850241545895
S3,1,W03_C4,Reference,13.587275861809601,9.55579949046673,8.197731869901688,8.342655588505473,n.d.,8.170532942600591,6.301998854490278,0.06730769230769232,4.744161987162726,3.850843364156545,0.26623376623376627,6.999484330974947,1.7788696038623595,0.15119047619047618,n.d.,n.d.,0.05,0.0,0.27962662337662336,1.6075076786496103,0.8400889535844625,1.907436071032389,3.663983460561544,2.2561231921641913,1.2574458804870208,n.d.,0.21875,0.1323955935015445,n.d.,0.8085229977264137,0.13106060606060604,0.1,0.6875,0.75,0.5,0.06875,0.26666666666666666,0.09999999999999998
S3,1,W04_C3,Random context,13.952039135994001,8.304525942480423,7.942244527170034,6.1336846310805555,4.882861179864516,3.42452345922295,5.492473400533458,0.09387651821862344,4.076292005868602,6.417136137905786,0.08333333333333334,4.873308060803908,4.166937715030425,0.08248987854251014,4.097428874042858,2.2898499868481417,0.1408147773279352,0.0,0.2338256708966091,1.255819691877976,1.1047447931363812,3.550444737010829,2.4179761497188417,3.325960283815453,1.730080424465067,2.4600091481325643,0.3157894736842105,0.3212339299020269,1.0,0.7988290206683171,0.24520400265369302,0.4444444444444444,0.3333333333333333,0.3333333333333333,0.75,0.070772238514174,0.2995169082125604,0.12223493516399693
S3,1,W04_C3,Reference,9.783604506843798,5.637931301360127,7.595377658237807,5.969027768547045,4.124562805311962,3.2443918398946456,2.760445470999759,0.08547008547008547,3.8540767039818355,6.061152714010374,0.08653846153846154,4.83552276800286,3.783510830560819,0.075,3.5647952341469695,2.437401123856648,0.08360323886639674,0.0,0.19757085020242915,1.7840205214288862,0.4775779476236691,1.7562497872511451,2.320274660340987,3.367145190582016,1.715599162799705,2.4423784164448437,0.23684210526315788,0.1274102304936724,0.5,0.5626037019128012,0.13434829059829057,0.38888888888888884,0.3333333333333333,0.3333333333333333,0.625,0.13636363636363635,0.5167464114832536,0.13043478260869562
S3,1,W04_C4,Random context,17.67826831370099,7.327627640796219,5.150226543113754,n.d.,n.d.,3.783449182550448,4.625078706464943,0.21538461538461534,2.9961856540611747,3.946862007731311,0.12575757575757573,n.d.,n.d.,0.13076923076923078,n.d.,n.d.,0.07692307692307693,0.06971153846153846,0.2899038461538461,2.0808966273806213,1.3805725364156336,4.808907893570117,2.405449341771802,3.052793603574276,n.d.,n.d.,0.4,0.12139854871176292,1.0,1.215051304352302,0.12259615384615385,0.16666666666666666,0.3333333333333333,2.0,n.d.,0.08051529790660225,0.4899267399267399,0.115995115995116
S3,1,W04_C4,Reference,16.38943687141152,5.929277240212981,4.856649910478765,n.d.,n.d.,3.830876878482059,4.174163036254628,0.22019230769230766,2.57714496165933,3.9901075609734464,0.10625000000000001,n.d.,n.d.,0.1159090909090909,n.d.,n.d.,0.12692307692307692,0.0,0.29761904761904756,1.6323980177630928,0.25142661714459225,2.532103560030625,2.726395447633836,3.3012927317895664,n.d.,n.d.,0.45,0.35750142281684516,0.5,1.918519026912045,0.2857142857142857,0.16666666666666666,0.3333333333333333,2.5,n.d.,0.0787878787878788,0.36363636363636365,0.08333333333333331
S3,1,W05_C3,Random context,15.784464625789772,7.7671557114413385,5.212525133172328,4.393504890538593,n.d.,6.537522077018529,4.461363032851473,0.09926470588235292,3.81100107130698,2.0801109370786808,0.12745098039215688,2.782474591905365,1.5185800130089389,0.11764705882352941,n.d.,n.d.,0.08333333333333333,0.09375,0.2610294117647059,1.1478215851963538,0.9631504022657039,2.605509610740908,2.7019886057356155,2.7737272169276697,1.3666374614966168,n.d.,0.14705882352941177,0.2759530838290405,0.3333333333333333,1.0659454882176846,0.23984974424552435,0.3571428571428571,0.6,0.3333333333333333,n.d.,0.08870564717641179,0.6521739130434783,0.13071428571428567
S3,1,W05_C3,Reference,14.296665086662436,9.274220053032003,4.2251140367162785,5.365711330829307,n.d.,9.15914435398313,4.770008026322759,0.09615384615384615,1.7359128806376412,1.5723468409939558,0.07536764705882354,2.2974684385184148,2.1864015373834063,0.075,n.d.,n.d.,0.13942307692307693,0.11764705882352941,0.2371323529411765,1.4004164313684173,0.6385162766512104,3.280373664591149,2.67589242628364,2.8320126845328413,2.3057570691648896,n.d.,0.18266077762162886,0.14938729013814644,0.6666666666666666,0.6780972032324342,0.1481900452488688,0.38924102064033805,0.4963594994311718,0.3333333333333333,n.d.,0.11333333333333331,0.4298801973220577,0.14529220779220778
S3,1,W05_C4,Random context,15.010834374512605,6.135244408279031,6.6715246064676235,n.d.,n.d.,2.718238776111232,2.5368407600514047,0.2220145583316939,6.551089691974738,1.997429637208648,0.08903452685421995,n.d.,n.d.,0.17194570135746606,n.d.,n.d.,0.058823529411764705,0.05298913043478261,0.33639705882352944,1.4932891603305607,0.6789050705335814,3.1415569507590666,2.68467845269895,2.226935443598879,n.d.,n.d.,0.23529411764705882,0.30643834933198966,0.5,1.3059553538997726,0.4828431372549019,0.5,0.4,2.0,1.0,0.05238095238095239,0.25,0.07575757575757575
S3,1,W05_C4,Reference,12.940871777910619,4.021409458768032,6.642580460349092,n.d.,n.d.,2.9899662304473162,1.090424417295159,0.20842760180995476,5.916966507480318,2.1152505970205233,0.08806818181818182,n.d.,n.d.,0.14950980392156862,n.d.,n.d.,0.07692307692307693,0.0,0.30163770053475936,1.8397401631977344,0.8430982783239921,3.280373664591149,3.243291455379476,3.6253775881953914,n.d.,n.d.,0.18266077762162886,0.04220833079879399,0.5,0.7259704846192083,0.3166666666666667,0.5,0.4,2.4129692832764507,1.0,0.09666666666666665,0.6000000000000001,0.1381118881118881
S3,1,W06_C3,Random context,10.181855831045716,6.684457761982939,5.34290381245563,n.d.,n.d.,5.0099473640180845,2.3148262177450185,0.12090541037909461,2.7537221288854563,3.178068709910143,0.09890109890109888,n.d.,n.d.,0.11403508771929824,n.d.,n.d.,0.09545454545454546,0.05263157894736842,0.2583732057416268,2.422310547617834,1.7049736985380548,5.643746087194133,3.0296515152523282,3.844312026940049,n.d.,n.d.,0.3684210526315789,0.5540764457540145,0.7142857142857143,1.247305616024636,0.4484649122807018,0.5454545454545454,0.5,1.0,n.d.,0.18235023041474652,0.9648956356736244,0.18838763575605683
S3,1,W06_C3,Reference,9.654259301551882,3.888015563929635,4.3204860880630385,n.d.,n.d.,2.7220737551775067,1.3930385878604792,0.099780701754386,0.83832852038862,2.977129893767003,0.05921052631578946,n.d.,n.d.,0.08881578947368421,n.d.,n.d.,0.1125,0.05263157894736842,0.21182216905901116,2.2734095002352452,1.491574710460969,3.455125099675782,2.929490621324434,4.102788464485616,n.d.,n.d.,0.2614736842105263,0.33633269580930547,0.7488571428571429,0.7155205552696936,0.20738636363636365,0.3607272727272728,0.48724999999999996,1.5,n.d.,0.1284964098167399,1.0320307349564664,0.1878810501430882
S3,1,W06_C4,Random context,11.907662051209073,5.89769621738498,6.6490345888431,5.920396773973206,n.d.,4.6346775956930575,2.947667979057391,0.11538461538461536,2.612421714191425,2.6661568895473575,0.07692307692307693,3.527881293479375,3.8716190799141645,0.08564593301435408,n.d.,n.d.,0.07236842105263158,0.10526315789473684,0.23178137651821862,1.3747672815021237,1.4287995265693652,0.7425180679043741,2.2108150644943594,2.352019349375691,1.7940134290850378,n.d.,0.3421052631578947,0.4296494221520759,0.7142857142857143,1.7124579901749333,0.5809026499815972,0.375,0.5,0.5,1.0,0.0841991341991342,0.8591800356506238,0.16166666666666663
S3,1,W06_C4,Reference,10.945790212633948,4.996256237380903,6.683878504033807,6.544042099512369,n.d.,2.8049678602997252,0.8277064108182515,0.08133971291866027,0.9351449061168258,5.18176743309297,0.09703947368421051,2.7228321845927765,8.136099717173636,0.10307017543859649,n.d.,n.d.,0.08679149797570851,0.10526315789473684,0.25164473684210525,1.432419585806985,1.0676463689281972,1.9611035074362966,2.4850110369804703,3.4038508061286827,2.1551209704923897,n.d.,0.2614736842105263,0.1978539466186129,0.8116428571428571,0.812927032802673,0.38322368421052627,0.4128125,0.37366666666666665,0.5,1.0,0.10064935064935066,0.7935165609584214,0.15122549019607845
S3,2,W00_C5,Random context,17.39589113795509,11.86299340220789,n.d.,2.5009677562815087,5.545980452897916,10.785979724879931,3.6407829421939413,0.20454545454545453,n.d.,n.d.,0.21698564593301434,1.77088557661803,1.936179500328548,0.0666866028708134,3.518946088316818,4.106098052496879,0.13330419580419578,0.03125,0.32575757575757575,1.6026034599997776,0.7586145632138273,4.219836940451072,2.0675068334994906,n.d.,1.9875357291264188,2.418128998565766,0.18181818181818182,0.28925980358165077,2.0,0.8455739417594363,0.07453379953379957,0.6,3.0,0.5,0.3333333333333333,0.05263157894736842,0.5828689370485036,0.13134920634920633
S3,2,W00_C5,Reference,24.282595290966835,22.105865357938487,n.d.,6.9730492100079635,5.423102872719529,22.439327572554205,5.81398274463492,0.2636363636363636,n.d.,n.d.,0.24545454545454543,6.852535594589639,3.4501668127561596,0.15681818181818183,4.057046764234239,4.528356748885769,0.07211538461538461,0.06346153846153846,0.43160173160173154,2.41300320803371,1.0184461468398553,4.490528739104011,3.604814444068883,n.d.,2.3194128292954903,1.280943379280048,0.40109090909090905,0.42167320632988875,1.0,1.0018779187291285,0.14242424242424245,0.5684,2.044,0.522,0.576,0.05263157894736842,0.3753274589187902,0.0838803088803089
S3,2,W00_C6,Random context,16.70107157036053,10.215886538383621,8.279411370172967,4.529381988998537,n.d.,9.878199651426732,6.031779811060295,0.18181818181818182,4.398040963187492,5.27586428290467,0.12980769230769232,3.374363485324888,2.2046747880713813,0.12867647058823528,n.d.,n.d.,0.08333333333333333,0.25,0.38762626262626265,1.755838996716959,2.1513662186738842,2.4186767695888434,3.1717061364149846,2.3899522861390308,2.183883361264752,n.d.,0.16666666666666666,0.34022647583199644,2.0,0.8027205471804875,0.19318181818181812,1.0,0.3333333333333333,0.3333333333333333,1.0,0.23529411764705882,0.5830639948287007,0.2222222222222222
S3,2,W00_C6,Reference,17.35861797131557,5.375287173271923,6.262958065176439,4.97168855344523,n.d.,2.068845745231199,1.9246218860826771,0.0625,4.909295289558867,5.43936462844819,0.1807692307692308,4.860325992663421,1.409263683927641,0.16666666666666669,n.d.,n.d.,0.15705128205128208,0.18653846153846154,0.3794871794871795,2.734018343715009,2.7501551468801724,2.8377138556256907,4.709762704421522,1.757954283739377,3.321883795341159,n.d.,0.3676666666666667,0.4983816148903236,1.0,0.9960265864195239,0.16666666666666669,0.614,0.7426666666666667,0.576,1.158,0.21029411764705883,0.6585218702865763,0.2222222222222222
S3,2,W02_C5,Random context,18.590227351774345,13.242706337438175,7.494282564281093,4.590553843538314,n.d.,11.562352639271294,5.014175066307118,0.0888888888888889,5.591396658969688,3.5673606002828384,0.09873949579831932,3.5200244269062724,3.118075728710482,0.17857142857142858,n.d.,n.d.,0.0625,0.125,0.2455357142857143,1.6057573588845786,0.6915306828214376,2.688132934689941,3.4722341529027894,2.342335024267671,2.323313209704911,n.d.,0.125,0.14294692948351842,0.75,1.5598092239137278,0.2113095238095238,0.30000000000000004,0.4,0.6666666666666666,1.0,0.05263157894736842,0.46175438596491236,0.09761904761904758
S3,2,W02_C5,Reference,20.492112097584567,21.689022032580297,11.795832546817817,4.281645599443677,n.d.,20.993997322410724,1.7870265609093667,0.0625,11.04961445328698,2.8842831399207842,0.1388888888888889,1.486379628032818,1.2471000387579396,0.14903846153846154,n.d.,n.d.,0.07692307692307693,0.125,0.25,2.428088045717157,1.5471897586193735,3.6453306838425403,3.794792161838214,3.1906961290281846,3.9815980043274415,n.d.,0.34375,0.10781962572322122,0.75,1.9850609150407967,0.125,0.4,0.5,0.5,1.0,0.05263157894736842,0.38235294117647056,0.09523809523809526
S3,2,W02_C6,Random context,15.379202873189403,6.8577247123455605,12.344448086447123,5.061328665044551,n.d.,4.295666378564986,3.2724858566220423,0.21428571428571427,12.19517492131908,4.745442158612795,0.11904761904761904,4.216936365172537,1.2222977060037548,0.17058270676691728,n.d.,n.d.,0.07142857142857142,0.07142857142857142,0.3341269841269841,1.577421227475104,0.9332484006881725,2.2948728849177105,2.921857070906986,1.8935739050959102,3.1305728641683683,n.d.,0.14285714285714285,0.11184496801346393,n.d.,0.8517650027963599,0.14880952380952384,0.5,0.6666666666666666,0.5,1.0,0.07291666666666666,1.126984126984127,0.2326839826839827
S3,2,W02_C6,Reference,16.449451460269977,8.595851501105388,15.433200521629123,4.866524606907475,n.d.,6.709819278491568,6.160661085584559,0.20357142857142854,15.392095565328944,3.270032682396447,0.2,2.612905004045975,2.66065625212581,0.16987179487179488,n.d.,n.d.,0.1304945054945055,0.0,0.3148351648351648,1.6686764391692088,1.0899179832201504,2.2147542518988503,1.1153908162236954,1.937245831846595,3.153581797905952,n.d.,0.26535899333826785,0.14891564808186902,n.d.,1.5313902449915369,0.48214285714285715,0.5,0.5,0.375,1.0,0.027777777777777776,0.2222222222222222,0.054093567251462006
S3,2,W03_C5,Random context,13.211031183507426,7.599880715212748,7.231839609399944,8.590446071608465,4.74052897906776,7.520031626126856,2.213476630840229,0.13392857142857145,6.045517045651718,2.8914114368524375,0.06349206349206349,8.535652730258008,2.5378638951720074,0.07777777777777778,3.349551059568991,3.1180496922754988,0.07539682539682539,0.0,0.2115384615384615,0.9139767458089673,0.7553855805747473,0.8964260735228113,2.8243655332985425,1.7568948486812441,1.7453177373310467,2.2291932217230226,0.17857142857142855,0.16608730404435257,n.d.,0.8151235290081686,0.2624007936507936,0.5,0.25,0.5,0.5,0.08893280632411067,1.055072463768116,0.2271889400921659
S3,2,W03_C5,Reference,12.422672634173734,6.615861654922479,10.276807722389506,6.784790860772974,4.846836545520877,4.280612443312267,4.519395313261004,0.17857142857142855,10.205919532182294,2.349547271023461,0.11666666666666668,5.941987981212313,2.491747512629595,0.125,3.0885264827835677,2.931829171062356,0.08740601503759399,0.0,0.25,1.308029331406947,0.49618378589226964,2.276383182866631,1.804427847084629,2.9133264094294797,2.454916580223909,2.0892730311276178,0.3214285714285714,0.24074065308374748,n.d.,0.684859572403831,0.09375,0.5,0.5,0.5,0.5,0.05718954248366013,0.28431372549019607,0.06787330316742081
S3,2,W03_C6,Random context,12.359257672192697,7.1422374893916745,7.568523479993888,n.d.,n.d.,5.901040616592131,3.6696169392110285,0.14766081871345033,6.735256785725394,2.311943624773072,0.08943833943833947,n.d.,n.d.,0.07142857142857142,n.d.,n.d.,0.0625,0.07692307692307693,0.22115384615384615,1.191617316360861,0.9018182010742398,1.93879239877778,3.3305549763407005,4.481958700151091,n.d.,n.d.,0.23076923076923078,0.4416827501029613,n.d.,1.064823444944975,0.3800904977375566,0.5,0.375,1.0,1.0,0.06759259259259259,0.8229885057471265,0.1793269230769231
S3,2,W03_C6,Reference,16.67554205197205,9.387610994871531,9.458813840734072,n.d.,n.d.,4.903851621526705,7.2622416007603485,0.19999999999999998,8.958502304434464,5.500557583381125,0.11666666666666668,n.d.,n.d.,0.3028846153846154,n.d.,n.d.,0.07692307692307693,0.07692307692307693,0.3253205128205129,1.6361792497097136,0.5667487889826417,2.433841605042404,2.0963186855195604,4.646211805758111,n.d.,n.d.,0.23076923076923078,0.16090951348499072,n.d.,1.4949115138295186,0.13461538461538464,0.41666666666666663,0.5,2.5,1.0,0.10392156862745097,0.3888888888888889,0.1222222222222222
S3,2,W04_C5,Random context,13.505503288286178,4.985861498693678,7.878196400003042,4.004579526172848,4.968480358939977,3.322724253294558,1.1598289891350255,0.10714285714285715,7.752616110603358,1.6498412048427658,0.10622710622710624,3.3074365735057114,1.400272162061368,0.17133520074696545,3.369188107607906,3.5203304178688297,0.06868131868131867,0.0,0.2824675324675325,1.4003016079293182,0.641785680981371,4.62795341101344,3.8972037449957164,1.5362944292944056,2.220186582518988,6.06411774310658,0.10714285714285714,0.15968268391465368,3.0,0.7727283504036115,0.12561274509803919,0.4,0.3333333333333333,0.625,0.5,0.06,0.5984615384615385,0.115945822155336
S3,2,W04_C5,Reference,16.00709028085951,6.558641845865981,10.896332405911423,6.698979202506291,5.866234358674868,6.5363101386740565,4.229382394823731,0.10350877192982455,10.9801290564403,1.0269662458856756,0.1288515406162465,2.1146098792839836,1.5086637363987867,0.17752715121136173,3.5048637631333124,3.891847538003227,0.07401315789473684,0.0,0.27912087912087913,1.571125495302702,0.564431196016783,2.8196099457152277,2.8281465154162055,2.273383573595256,1.1710211452657406,5.687163877780213,0.25,0.14499450553055143,1.0,1.0395898721944232,0.26033834586466165,0.30000000000000004,0.5,0.5,0.75,0.06818181818181818,0.38235294117647056,0.09462915601023018
S3,2,W04_C6,Random context,14.457706806134397,6.393178271642833,4.095198549398393,4.087473189328664,n.d.,3.7145483318679853,2.889934378870933,0.13909774436090225,2.111738832184691,2.9122602244722966,0.06092436974789915,2.894848095665199,2.105749561518823,0.1746031746031746,n.d.,n.d.,0.0625,0.07142857142857142,0.22994987468671677,1.6710587811744797,1.00944656449308,0.6081395291160618,6.281422499282299,2.2595700960963567,2.095682640328963,n.d.,0.17857142857142855,0.17936351411660634,0.75,0.7798921480980175,0.27281746031746024,0.5,0.25,0.625,1.0,0.06318082788671023,0.38095238095238093,0.08717948717948722
S3,2,W04_C6,Reference,13.537976462969535,5.5049960806593745,5.1231708556820985,6.290774265416947,n.d.,2.77349324909369,2.949243615189963,0.06071428571428569,3.1550503888169144,2.0130839919118086,0.047619047619047616,3.423280844110061,3.0247081915172576,0.12261904761904766,n.d.,n.d.,0.07142857142857142,0.07142857142857142,0.20357142857142857,1.90880394324784,0.6822541249753533,1.2346751513281151,4.599058058630932,2.2560373471069153,1.798559830255163,n.d.,0.25,0.21460870743343763,0.5,1.294395848776746,0.0535714285714286,0.25,0.375,0.375,1.0,0.049535603715170275,0.40421052631578946,0.08769841269841268
S3,2,W05_C5,Random context,13.879321491547064,5.345971889771271,4.908557897104022,6.450942610958208,6.439828785455397,3.971963685295526,1.819145166466309,0.1915032679738562,2.687745571492523,1.454162464164356,0.07070707070707072,3.9469299353698415,4.889532160116438,0.10275019098548507,4.516836713670563,4.437868531548403,0.08636363636363635,0.0,0.2518674136321195,1.3444651158305927,0.5918675293410358,1.0287032052127254,3.757541380655989,2.4645185016569657,1.7421154830176726,2.802696193115306,0.17647058823529413,0.2676556607556503,2.0,1.1968614462079734,0.7002801120448179,0.5833333333333333,0.2,0.3333333333333333,0.3333333333333333,0.2828282828282828,0.7435064935064934,0.2731818181818182
S3,2,W05_C5,Reference,12.776744376334543,4.889981152796229,3.658963296079258,6.802216539896611,7.875971064316805,3.547667456089882,3.0095363841321126,0.13390092879256962,2.6469537786767594,1.8067687795755547,0.06535947712418302,2.3232160774244197,7.192551080933084,0.10950630252100842,5.5295009835926745,6.625109050242196,0.07855392156862746,0.0,0.22058823529411767,1.4276154559965746,0.46955750717857514,1.4747687205893567,2.8938002302984236,2.768593040081866,1.639789816867823,2.5412952492159446,0.11764705882352941,0.11426351273527102,1.1376564277588168,0.8005045598062857,0.3407738095238096,0.41666666666666663,0.2,0.6207811907470611,0.5,0.17543859649122806,0.47117794486215536,0.17532467532467533
S3,2,W05_C6,Random context,14.743067034670164,7.550834821833503,5.602472123706625,n.d.,7.472680973162708,4.920087179692548,2.8336136892208756,0.17857142857142858,4.57771199950875,1.5497867752900065,0.2698412698412699,n.d.,n.d.,0.05555555555555555,6.9670836641150755,3.133954899967314,0.07936507936507936,0.06458333333333333,0.3368055555555556,0.967430872813726,0.6869652927112402,0.6039287745952615,2.848804093121835,2.6335944923111847,n.d.,2.2274963547824527,0.19444444444444442,0.19292277082155865,1.0,1.212143867655258,0.11805555555555555,0.6666666666666666,0.6,1.0,0.5,0.026666666666666665,0.3444976076555023,0.0836231884057971
S3,2,W05_C6,Reference,16.011663321554586,7.417523524862689,4.688211081609952,n.d.,10.018661452449539,4.233983635378317,3.0095363841321126,0.14285714285714285,1.683778416412989,2.5401760090160135,0.22222222222222227,n.d.,n.d.,0.13157894736842105,10.052104134847998,4.386011557642037,0.09999999999999999,0.0,0.38333333333333336,1.583281301752645,1.6856578926645511,1.8289058785350254,3.5781231186424964,2.5889669513832136,n.d.,2.487109632895252,0.15216154721274172,0.16750058558700073,0.4655858930602958,0.7483908455274331,0.30208333333333337,0.8333333333333333,0.5724687144482365,1.0,0.4655858930602958,0.09090909090909091,0.35964912280701755,0.08653846153846152
S3,2,W06_C5,Random context,14.537290191965578,5.526973433873003,6.983540491366666,4.416074951528891,n.d.,1.9126799431839654,1.7731744895947248,0.16030844155844157,5.326778753604291,2.191944224744102,0.167239010989011,2.076841489199513,3.318195375155346,0.2571428571428571,n.d.,n.d.,0.07142857142857142,0.08219537815126049,0.4153199741435035,1.1701689184718955,0.7654949699090152,1.3365108413881288,2.3453730509563937,2.368974623779459,2.027131787732858,n.d.,0.14285714285714285,0.15415822991708084,n.d.,1.064305772013384,0.1607142857142857,0.75,1.0,0.8,1.0,0.06533281533281532,0.8186234817813764,0.16889632107023414
S3,2,W06_C5,Reference,15.292115182117065,5.231839603884925,5.996774665898558,5.699026702861237,n.d.,1.714516048647922,2.4585757726402404,0.25,3.281319087261191,1.2365652111384442,0.19047619047619047,2.182896363254527,5.553245646179436,0.2901785714285714,n.d.,n.d.,0.07142857142857142,0.14285714285714285,0.43749999999999994,1.8719083503983271,1.676202806496791,2.6188921383941,3.095064133044173,2.883749274569074,1.9894070799977206,n.d.,0.17653571428571427,0.3581976758613871,n.d.,0.814503207808936,0.38643483709273185,0.867875,1.41725,0.8,1.0,0.08535762483130903,0.8068587758990236,0.17370348949296321
S3,2,W06_C6,Random context,17.46634755683828,11.050915163040743,8.113785681243524,6.662803422829738,n.d.,6.446443197866212,7.633499602172565,0.16470588235294117,5.861562418325034,5.862883152304929,0.10046620046620047,6.572406463961145,3.8096747883721265,0.18181818181818182,n.d.,n.d.,0.15966386554621848,0.029411764705882353,0.33484848484848484,3.489550152431875,3.2639463700310847,5.611110896066565,4.9186657211919425,4.62037010792989,2.3628911679183586,n.d.,0.36363636363636365,0.1435946049733553,0.25,1.1103200023992819,0.6290584415584416,0.75,0.25,0.6666666666666666,n.d.,0.04999999999999999,0.4274509803921569,0.0769230769230769
S3,2,W06_C6,Reference,16.433427964407876,9.340441921596888,6.694612619753204,9.210872410584228,n.d.,6.8717621083892455,6.61000683041375,0.15,4.031734094668067,5.278359401519742,0.06842105263157897,9.14158886027246,3.684739593106753,0.1642857142857143,n.d.,n.d.,0.1380952380952381,0.0,0.275974025974026,2.755523326527853,1.9298644423985982,3.5414444950920365,4.281217850346872,3.5293856986960623,2.857883982028464,n.d.,0.4864090909090909,0.16217525392996307,0.6868333333333333,0.620399028468958,0.24262360446570974,0.890125,0.3105,0.5658333333333332,n.d.,0.10403225806451613,0.6854489164086688,0.1305186042028147
S3,3,W00_C7,Random context,13.14477305375192,7.96897706080929,6.103501533466723,n.d.,5.087832027538649,3.807912155589382,7.071054398476472,0.2535014005602241,4.378758586424598,3.015669128125735,0.15808080808080807,n.d.,n.d.,0.06576797385620915,4.467362046504801,2.522396296437595,0.1045751633986928,0.1111111111111111,0.3421717171717172,1.6131279797170905,0.5869549512863157,4.0151811306244,3.779986274705092,2.0172709909112525,n.d.,1.7934808012060115,0.16666666666666666,0.11588731957360329,0.6666666666666666,1.7307846169718575,0.5534188034188035,1.0,0.5,1.0,0.5,0.05952380952380952,0.5313881520778072,0.1105769230769231
S3,3,W00_C7,Reference,15.960505095720121,7.293679710254,9.546454539400244,n.d.,7.815708649269363,7.266821924498959,3.524569224196997,0.12291666666666667,9.551065450118543,2.1077609377228264,0.20833333333333331,n.d.,n.d.,0.2123015873015873,7.8008704936453075,3.7866480899686072,0.1552579365079365,0.1111111111111111,0.40404040404040403,1.4504270803218948,0.9093659577959723,3.2594306281534067,2.6846241701179774,1.627391273865016,n.d.,5.807702981561146,0.39422222222222225,0.2967555478646964,0.6666666666666666,1.6698773197140269,0.5067460317460317,0.3333333333333333,0.7302500000000001,1.658,0.8069999999999999,0.10344827586206896,0.4837265577737447,0.1267361111111111
S3,3,W00_C8,Random context,25.837879669253475,n.d.,5.158941214882254,7.091518073778178,5.7896901846343845,n.d.,n.d.,0.4460227272727273,4.674838874128239,2.568562876401841,0.18231768231768236,6.733498014725183,1.873077089370128,0.10944570135746608,5.751951782733785,2.1134254334649567,0.13986013986013987,0.07692307692307693,0.4554778554778555,1.6207375544763947,1.3117243276670756,0.8796808123588562,n.d.,4.606557264622769,4.673528509792447,1.9245442222919615,0.15384615384615385,0.09135160662230438,n.d.,0.4573186149852082,0.1717948717948718,n.d.,0.3333333333333333,0.3333333333333333,0.6666666666666666,0.06764705882352941,0.8818713450292398,0.19038461538461535
S3,3,W00_C8,Reference,22.539611182402517,n.d.,8.857442798814716,3.180179546220518,9.124300555064401,n.d.,n.d.,0.2895833333333333,8.831279355515868,2.749927436390542,0.2432844932844933,2.523796086047203,1.5863945110889128,0.07875457875457872,8.442712182426497,4.090846026036852,0.10414585414585416,0.07692307692307693,0.4370629370629371,1.7437659295467818,1.0254985972299764,1.9226157108596365,n.d.,3.9354608549014958,3.801105877455473,4.77472755533466,0.16123076923076923,0.36007999361191156,n.d.,0.8382422402499994,0.21118881118881122,n.d.,0.6403333333333333,0.3333333333333333,0.614,0.05,0.21052631578947367,0.05625
S3,3,W03_C7,Random context,16.16697774618573,14.934939875757781,10.188019064420889,3.7691729577258615,4.379368085733898,14.561708501443002,7.957938985109465,0.19992997198879553,9.731276062622374,4.328738121815755,0.09663865546218486,2.7779052125247183,2.933404720387559,0.06913674560733385,3.1088910067229563,1.8138417390906865,0.06272893772893773,0.21428571428571427,0.3392857142857143,1.0920180361573155,0.8223838048126364,2.204412914839713,2.585234145587976,1.8899395538376944,1.7826061534256814,3.2942089195501714,0.17857142857142855,0.25551175241003676,2.0,0.7922296276622097,0.3214285714285714,0.6666666666666666,0.3333333333333333,0.3333333333333333,0.5,0.047619047619047616,0.5174603174603175,0.11101398601398603
S3,3,W03_C7,Reference,14.422537178788659,12.74380361258513,11.468407550959917,6.496045966543441,5.49859017961386,12.507770095924279,4.420909200698636,0.09821428571428573,11.464812178613075,3.5134852856288235,0.10863095238095238,6.32846360764532,0.502207378095159,0.053571428571428575,4.44211961821534,4.0194781073720955,0.06547619047619047,0.18095238095238092,0.2824675324675324,1.2963109553529686,0.935219008276445,0.9242689601884163,2.527902841652126,2.388851690279736,2.370768657880312,3.4171563403915495,0.10714285714285714,0.20416987460553693,1.0,0.6564777773718622,0.08601190476190473,0.6666666666666666,0.5,0.3333333333333333,0.5,0.037672305764411024,0.2571428571428572,0.05735930735930739
S3,3,W03_C8,Random context,13.427673997585202,7.132162002242216,15.41943173353734,2.8779842738231887,n.d.,6.383404043288631,1.8401625510480817,0.1,15.46784200213902,4.2277010049093295,0.1432126696832579,1.7602704843184687,2.091144767258634,0.14685314685314688,n.d.,n.d.,0.023076923076923078,0.12753036437246965,0.28996983408748117,1.0264981052207525,1.1964231472434799,2.817477916488267,2.956239233390008,1.9701772396188597,1.9900480524178736,n.d.,0.23076923076923078,0.3256511953152744,2.5,1.3845977151143398,0.872878959276018,0.4,1.25,0.6666666666666666,0.0,0.1,0.7777777777777778,0.15964319582740633
S3,3,W03_C8,Reference,12.695591688547605,6.09984124887852,17.633339416655698,6.536151994312935,n.d.,5.030461052806897,2.154254341611087,0.07211538461538464,17.633379768761667,3.5169578363867675,0.11079545454545454,6.283233306748973,2.3859243589179124,0.05194805194805194,n.d.,n.d.,0.0570054945054945,0.12051282051282053,0.18997668997668996,1.4467685408383475,1.4868694698168117,1.4801379877537584,2.5184549480284435,2.512208277984176,1.9087044248844234,n.d.,0.11538461538461539,0.22921411044144535,1.0,0.9233417866280798,0.6037087912087912,0.2,0.75,0.3333333333333333,1.0,0.06696428571428571,0.25,0.08082706766917291
S3,3,W04_C7,Random context,19.403912816869415,11.124501856255272,6.148933246180787,9.741950422420153,n.d.,9.781566867205903,7.439071319448771,0.09623015873015875,3.310194201326314,2.9010480803365737,0.05042016806722688,9.740222393757413,1.6448921224535633,0.26190476190476186,n.d.,n.d.,0.11764705882352941,0.02631578947368421,0.3197478991596639,1.8143672672474684,0.6438858213582449,4.536025897532467,3.250729380633075,10.919895361361514,1.4645549263864186,n.d.,1.2857142857142858,0.9424650569382769,n.d.,1.4248519935969002,0.1875,2.0,1.0,0.3333333333333333,n.d.,0.10555555555555556,0.9467787114845938,0.20942982456140352
S3,3,W04_C7,Reference,17.636778837992956,8.782686139865593,5.307828158175431,8.476899867865587,n.d.,6.967738160204755,5.252769466142424,0.1,2.9952467626608663,2.3550397740693,0.09285714285714287,8.449940610835593,2.7362931050591075,0.22142857142857142,n.d.,n.d.,0.15966386554621848,0.029411764705882353,0.2571428571428571,2.338042727419661,1.08804240004206,5.629926128259038,3.359321118480173,9.862753037274091,1.8700951283341727,n.d.,1.0,0.8389873312661716,n.d.,1.6996315544407536,0.24107142857142858,1.3876564277588168,0.75,0.3333333333333333,n.d.,0.08571428571428572,0.65,0.14973262032085563
S3,3,W04_C8,Random context,17.223815057824417,7.359880398382371,8.259383887797545,11.613633347675727,n.d.,3.5212408187373323,4.084263855710071,0.10576923076923078,2.548642208942952,8.670425405389835,0.06801470588235294,11.612100076105866,2.2948300430279813,0.11057692307692307,n.d.,n.d.,0.08712121212121213,0.06433823529411764,0.2451923076923077,1.1614513136487237,0.47684508966181205,0.42700631689483126,3.7403366555191533,1.761397141436665,2.0262673677537686,n.d.,1.0,0.8810077579676241,3.5,1.1892121885410085,0.375,1.0,1.0,0.5,n.d.,0.028846153846153855,0.2899159663865546,0.06579621095750127
S3,3,W04_C8,Reference,15.119755648134472,6.119832795919438,5.619770222216224,10.081178682103682,n.d.,3.446368721499114,2.584665981116216,0.06655844155844154,3.7175960047344803,4.025478304328983,0.09523809523809523,10.055947453736428,2.66065625212577,0.05909090909090908,n.d.,n.d.,0.15966386554621848,0.09558823529411764,0.20850840336134452,1.4899485364109288,0.5206722524674107,1.5031974564791928,4.464596730986717,2.4273556943768546,1.2689997799438295,n.d.,0.75,0.7667797490669441,1.0,1.2549036603802475,0.3145292207792208,0.5917709518392111,0.75,0.5,n.d.,0.05803571428571429,0.6040100250626566,0.130952380952381
S3,3,W05_C7,Random context,18.815525866464025,8.864414586128104,7.121304406722884,3.846882165086694,n.d.,8.417498023015604,4.8881842050872395,0.17116013071895425,4.743095819865571,1.4143476074136334,0.19444444444444442,3.7683685204198416,2.7668649280833595,0.09134615384615385,n.d.,n.d.,0.0625,0.05555555555555555,0.29166666666666663,0.9442189346206573,0.48129691666045304,0.630837312059922,3.2655192967305062,1.659633017773778,2.206047171620021,n.d.,0.1111111111111111,0.09613376776031815,1.0,1.4300086820234204,0.16666666666666663,0.75,0.5,0.5,1.0,0.0798611111111111,0.305,0.0977025691699605
S3,3,W05_C7,Reference,16.605189532444342,10.474915661373071,5.640138996375229,4.560465379323137,n.d.,10.425279461509193,3.007354744623098,0.09710550887021477,2.991890946099319,3.467200828381409,0.15032679738562088,4.379134810081065,2.8029407279863765,0.11974789915966387,n.d.,n.d.,0.10410830999066294,0.03156565656565657,0.27824463118580767,1.557849942216655,0.800015961933267,1.670775764555001,4.713036570073893,2.074421415471019,2.36084140030988,n.d.,0.19444444444444442,0.08339321457314247,0.5,0.6554584640368365,0.272671568627451,0.25,0.4655858930602958,0.4655858930602958,1.1376564277588168,0.05439560439560438,0.5119047619047619,0.11056052855924979
S3,3,W05_C8,Random context,14.306289736778705,5.103120075154827,8.451780858007691,3.9906180532452287,8.16128524710824,2.5373086834475758,2.703735750880524,0.16987781954887218,8.623133202641519,2.527196216126929,0.06666666666666665,1.7972412382101073,2.152809160484737,0.14877880976952185,7.335237531278999,3.7595699788562547,0.04914529914529915,0.07748538011695906,0.27807486631016043,0.8237611650677927,0.3896389170556752,0.9186977861423473,3.572031710015982,1.303556777996679,2.404249756760994,8.821137033292812,0.15789473684210525,0.14132724128400415,0.6666666666666666,1.198918875294921,0.3193488529014844,0.4,0.2,0.6,0.5,0.13988876529477196,0.43999999999999995,0.14285714285714285
S3,3,W05_C8,Reference,13.57346551270198,6.72807294005297,8.095060887098285,4.194485933905433,8.111376467356783,3.6381379149063395,3.216649396217102,0.07647058823529412,8.048506172341897,2.438654483593388,0.12030075187969924,1.7325398691421456,2.9680599269936523,0.09398496240601506,7.225845137493093,5.455066316919293,0.07388122713200114,0.04251805985552115,0.24675324675324672,1.5668050516794154,1.0593334640276986,1.4045944017653311,3.6901519433207945,1.9195290143670651,2.181241129860525,8.661791164604026,0.23684210526315788,0.14795667557927414,0.6666666666666666,0.8854237447819427,0.243890977443609,0.2,0.30000000000000004,0.5724687144482365,0.5,0.11857142857142856,0.5399999999999999,0.12175324675324675
S3,3,W06_C7,Random context,17.63909937724035,10.702400151140555,5.614562721388708,4.574169300741917,6.273464131298288,10.63269944178753,2.705708787968023,0.14509803921568626,3.17771845167314,4.697777433850471,0.10588235294117648,4.232137270065866,1.6352807007266352,0.09572192513368985,5.302227641319014,3.2065500670524347,0.04278074866310161,0.0,0.23333333333333334,1.4962058963805922,0.9590693047308457,0.5083469152450559,2.9404889082598706,3.4908572805978526,2.653687617142862,2.165865547796808,0.13333333333333333,0.10101901332591234,1.25,1.0525324906029447,0.9834558823529411,0.5,0.25,0.5,0.5,0.08428649237472767,0.6755555555555557,0.1369168356997972
S3,3,W06_C7,Reference,11.309501559323802,7.313533776300882,4.134655152735459,4.478304304053539,5.894324063859467,6.779245036674814,3.0339226521601113,0.07647058823529412,2.4020645827214553,2.3002724575660025,0.10588235294117648,4.313855134682739,2.244450476193164,0.11795665634674923,2.666417619472149,4.386011557642037,0.062254901960784315,0.05572755417956656,0.2571428571428571,1.6351917859853793,0.8655606287978157,1.387729145331409,3.2735270921151307,2.392423483745853,2.0094768111991694,2.4201773702416225,0.15029999999999993,0.10099456202880186,0.5605,0.5418829888286198,0.5814950980392156,0.329625,0.30041666666666667,0.4394999999999999,0.4395,0.08796296296296297,0.5170940170940171,0.11018808777429467
S3,3,W06_C8,Random context,26.609965853273692,n.d.,5.369577417256756,4.439831224724254,4.244524226334645,n.d.,n.d.,0.4027777777777778,2.766822867582969,3.2356741619887535,0.10683760683760682,1.8833922823252827,4.184313447644787,0.21895424836601307,2.1023262614386007,2.9488608939942758,0.20833333333333331,0.0625,0.5,2.8418516978240147,2.6705934481740536,2.5249290553941517,n.d.,3.3395695417944604,9.97679359060469,2.246176329864718,1.6666666666666667,0.7374869672939812,2.0,3.112286291615282,0.5833333333333334,n.d.,1.0,0.5,0.5,0.10119047619047619,0.7103174603174603,0.14621212121212124
S3,3,W06_C8,Reference,20.63919256213707,n.d.,4.830085104578346,4.728202110901931,3.635412969803026,n.d.,n.d.,0.31932773109243695,2.592313036789988,1.9285920139210253,0.06842105263157897,1.7059010301230453,3.951990181789113,0.17450980392156862,2.9282224499039384,3.0012217758931916,0.20927318295739347,0.05572755417956656,0.40588235294117647,2.4972027057301127,1.906908487704354,3.0862123143423026,n.d.,2.2096663657955955,8.996832738451191,1.4284581479729186,1.2654166666666666,0.7858931230453676,0.758,2.9750922612440354,0.21250000000000002,n.d.,1.09875,0.4395,0.4395,0.125,0.5170940170940171,0.1181818181818182
