scheme,fold,box,method,n,P20,P21,P22,len_med,len_p90,nn_med,CL,pI,pY,pX,unclustered,OC1,OC2,OC3,OC4
S1,0,W02_C2,Held-out,10.0,2.5,0.25083376894444753,1.25,10.218133675874576,15.896584126163255,2.8544575686984337,2.2222222222222223,0.6428571428571429,0.0,0.35714285714285715,0.0,0.3,0.5,0.2,0.0
S1,0,W02_C2,EVAE,14.0,3.5000000000000004,0.216648039344169,0.75,5.124653358683828,11.374494791030886,4.014519418779307,0.8558352402745995,0.8038461538461539,0.09523809523809523,0.13664596273291924,0.0625,0.2426470588235294,0.3333333333333333,0.2222222222222222,0.16517857142857142
S1,0,W02_C2,Reference,12.0,3.0,0.24633961122449027,0.375,6.246601255100323,12.536345615878002,3.4181066814181666,0.5454545454545454,0.875,0.059027777777777776,0.06944444444444445,0.08333333333333333,0.29166666666666663,0.38181818181818183,0.1625,0.05555555555555555
S1,0,W02_C2,Random context,14.0,3.5000000000000004,0.2188987162374165,0.75,4.842586436080174,10.587924457725416,3.936706192932529,0.7083333333333333,0.8452380952380952,0.041050903119868636,0.1165158371040724,0.07142857142857142,0.256578947368421,0.28342245989304815,0.25,0.10049019607843138
S1,0,W02_C2,ADFNE (neighbours),13.0,3.25,0.19673363469043187,1.0,4.7588083803835115,11.255708309595573,2.8500535034204586,1.3725490196078431,0.7142857142857143,0.08,0.15833333333333333,0.0,0.3076923076923077,0.38461538461538464,0.19230769230769232,0.07692307692307693
S1,0,W02_C2,KDE (neighbours),13.0,3.25,0.200611615648968,1.0,5.95401335446279,11.200789855518195,2.549699150476827,1.45,0.6989942528735633,0.08712121212121213,0.16666666666666666,0.07692307692307693,0.3076923076923077,0.38461538461538464,0.15384615384615385,0.07692307692307693
S1,0,W04_C2,Held-out,14.0,3.5000000000000004,0.2999431661813938,1.5,7.123017996811564,15.3534709254793,3.005756522092957,2.5714285714285716,0.55,0.15,0.3,0.0,0.5,0.2857142857142857,0.14285714285714285,0.07142857142857142
S1,0,W04_C2,EVAE,14.0,3.5000000000000004,0.21671037756907302,0.75,5.450874366106982,10.987306578049967,3.9991517092554307,0.873015873015873,0.8100961538461539,0.07275132275132275,0.125,0.07142857142857142,0.39230769230769236,0.23076923076923078,0.15476190476190477,0.14285714285714285
S1,0,W04_C2,Reference,17.5,4.375,0.29089056316909556,0.5,6.244942012394176,11.504024940000082,2.921422401920939,0.8342245989304813,0.8055555555555556,0.09722222222222221,0.08166666666666667,0.0,0.4142156862745098,0.39869281045751637,0.1111111111111111,0.041666666666666664
S1,0,W04_C2,Random context,14.0,3.5000000000000004,0.2111170430420788,0.75,4.872661090698324,11.197603642940525,4.159573536054393,0.916083916083916,0.7958333333333334,0.08695652173913043,0.10555555555555556,0.058823529411764705,0.2264957264957265,0.28174603174603174,0.21428571428571427,0.14835164835164835
S1,0,W04_C2,ADFNE (neighbours),16.0,4.0,0.21725596288896865,1.625,4.5656428422995,11.010566068747174,2.3897524730959576,1.4123076923076923,0.7142137096774194,0.09232954545454546,0.1883445945945946,0.0,0.4375,0.3125,0.125,0.0625
S1,0,W04_C2,KDE (neighbours),16.0,4.0,0.24649783504454265,1.7500000000000002,5.592881264694861,9.121433576750567,2.369035002584547,1.758454106280193,0.6672811059907834,0.11451612903225807,0.21212121212121213,0.0,0.4375,0.375,0.125,0.0625
S1,0,W04_C4,Held-out,10.0,2.5,0.1926161199469933,0.25,6.412115888143562,14.350791079576279,5.037168803767143,0.3076923076923077,0.9285714285714286,0.0,0.07142857142857142,0.0,0.6,0.3,0.1,0.0
S1,0,W04_C4,EVAE,14.0,3.5000000000000004,0.21459663572392246,0.75,5.452926803720253,11.080048501491547,4.052921267668478,0.9109730848861284,0.8038461538461539,0.08,0.1201923076923077,0.0,0.358974358974359,0.23214285714285715,0.14835164835164835,0.15384615384615385
S1,0,W04_C4,Reference,16.5,4.125,0.26855262427158827,0.25,5.854782272986336,12.060853597834882,2.706182472265674,0.8342245989304813,0.8055555555555556,0.11818181818181818,0.06349206349206349,0.0,0.38235294117647056,0.2647058823529412,0.1213235294117647,0.13392857142857142
S1,0,W04_C4,Random context,14.0,3.5000000000000004,0.21088427479978433,0.75,4.831413407069471,10.780263868047161,3.9035303820908,0.7703703703703704,0.8268365817091454,0.058823529411764705,0.10818713450292397,0.06696428571428571,0.28125,0.2583333333333333,0.2048611111111111,0.13574660633484165
S1,0,W04_C4,ADFNE (neighbours),15.0,3.75,0.23162916440090647,1.875,5.5042878424812,11.140251211952169,2.7285906010493264,1.7966666666666666,0.6507056451612903,0.09600614439324116,0.24166666666666667,0.0,0.4,0.3333333333333333,0.13333333333333333,0.1
S1,0,W04_C4,KDE (neighbours),15.0,3.75,0.21595781562863187,1.5,4.9280129759694855,9.889267887822282,2.255377306008868,1.47,0.7019704433497538,0.10172413793103449,0.18298109010011124,0.0,0.4,0.3333333333333333,0.1,0.13333333333333333
S1,0,W04_C6,Held-out,14.0,3.5000000000000004,0.25905405553288136,0.5,6.511450941302661,9.91213555696402,3.840765471182853,1.0,0.7777777777777778,0.1111111111111111,0.1111111111111111,0.07142857142857142,0.2857142857142857,0.2857142857142857,0.2857142857142857,0.07142857142857142
S1,0,W04_C6,EVAE,13.0,3.25,0.20907850084053375,0.75,5.2846736237306535,11.44216363322729,4.175256676184327,0.7947454844006567,0.8162692847124824,0.07275132275132275,0.1225,0.07142857142857142,0.27884615384615385,0.2111111111111111,0.22252747252747251,0.21825396825396826
S1,0,W04_C6,Reference,14.0,3.5000000000000004,0.2132201838336739,0.25,5.801562838725337,10.676415079883148,3.616375604219372,0.5934065934065934,0.8603896103896104,0.08712121212121213,0.045454545454545456,0.0,0.2777777777777778,0.22478991596638653,0.2330316742081448,0.14835164835164835
S1,0,W04_C6,Random context,13.5,3.375,0.21669072308494297,0.625,5.5248531461412345,10.477340648180409,4.068016271850242,0.898989898989899,0.8,0.07846153846153847,0.10912698412698413,0.027777777777777776,0.2967032967032967,0.25,0.17708333333333331,0.1875
S1,0,W04_C6,ADFNE (neighbours),13.0,3.25,0.17589735483304125,0.625,4.3591512265731875,9.633996941863444,2.7382137400672257,0.8755980861244019,0.8,0.08166666666666667,0.11,0.0,0.3076923076923077,0.34615384615384615,0.23076923076923078,0.07692307692307693
S1,0,W04_C6,KDE (neighbours),13.0,3.25,0.180104039623384,0.875,4.800927392739956,9.142081941852387,2.5283609809402634,1.0663615560640731,0.775,0.05976430976430976,0.13664596273291924,0.0,0.3076923076923077,0.3076923076923077,0.3076923076923077,0.15384615384615385
S1,1,W02_C3,Held-out,12.0,3.0,0.224737114365288,0.0,5.580588881548088,10.82567974622304,3.392926882061195,0.2222222222222222,0.9444444444444444,0.05555555555555555,0.0,0.25,0.0,0.25,0.25,0.25
S1,1,W02_C3,EVAE,14.0,3.5000000000000004,0.21362597670096975,0.5,5.445855572993197,10.067195521019512,4.247163408030659,0.849624060150376,0.8129370629370629,0.07019704433497537,0.10555555555555556,0.08012820512820512,0.25,0.34523809523809523,0.20714285714285713,0.07142857142857142
S1,1,W02_C3,Reference,10.0,2.5,0.2159129540642024,0.375,6.246601255100323,11.782819289651925,3.81994213206705,0.4,0.9045454545454545,0.0,0.08333333333333333,0.027777777777777776,0.30625,0.4222222222222222,0.2,0.027777777777777776
S1,1,W02_C3,Random context,14.5,3.625,0.22061193974969934,0.5,5.586767582538762,9.931190877194858,4.120717235280594,0.7114624505928854,0.8366666666666667,0.08166666666666667,0.08695652173913043,0.09722222222222221,0.2792207792207792,0.29910714285714285,0.2,0.0625
S1,1,W02_C3,ADFNE (neighbours),12.0,3.0,0.18558157698647032,1.0,5.168137685641064,10.25356450336286,2.8222045575783357,1.1111111111111112,0.7722567287784678,0.05012531328320802,0.17028985507246375,0.08333333333333333,0.3333333333333333,0.4166666666666667,0.16666666666666666,0.0
S1,1,W02_C3,KDE (neighbours),12.0,3.0,0.17956583507871776,0.75,5.724402157131337,10.303344632214028,2.7384170008683135,1.2315789473684209,0.7391304347826086,0.09090909090909091,0.1464285714285714,0.08333333333333333,0.25,0.4166666666666667,0.16666666666666666,0.0
S1,1,W04_C3,Held-out,19.0,4.75,0.29837538580445433,0.25,6.12990940943003,12.955449571648423,3.4265272100814856,0.7272727272727273,0.8260869565217391,0.13043478260869565,0.043478260869565216,0.05263157894736842,0.47368421052631576,0.15789473684210525,0.15789473684210525,0.15789473684210525
S1,1,W04_C3,EVAE,15.0,3.75,0.2185448577763806,0.5,5.507002621889114,10.212908893823624,4.173538523528544,0.6729411764705883,0.8469785575048733,0.05012531328320802,0.09545454545454546,0.06666666666666667,0.42708333333333337,0.3333333333333333,0.125,0.06666666666666667
S1,1,W04_C3,Reference,17.0,4.25,0.28713050159478565,0.5,5.760109261387532,12.060853597834882,2.87529519724633,0.5636363636363637,0.8666666666666667,0.09166666666666667,0.08333333333333333,0.0,0.45588235294117646,0.3709150326797386,0.10555555555555556,0.027777777777777776
S1,1,W04_C3,Random context,14.5,3.625,0.21657714205187117,0.5,5.545543456279409,10.047339715038989,4.241767670454882,0.7165775401069518,0.8333333333333334,0.08,0.08893280632411067,0.14835164835164835,0.2792207792207792,0.2792207792207792,0.21428571428571427,0.06666666666666667
S1,1,W04_C3,ADFNE (neighbours),15.0,3.75,0.21692860564924485,1.375,4.462897195571698,10.381728831075828,2.205865388973524,1.391304347826087,0.7220689655172414,0.07407407407407407,0.1967741935483871,0.06666666666666667,0.43333333333333335,0.3333333333333333,0.13333333333333333,0.0
S1,1,W04_C3,KDE (neighbours),15.0,3.75,0.21815012319431254,1.5,5.474294520546204,9.456249410170035,2.360868822586986,1.393939393939394,0.7214439655172413,0.106203007518797,0.187683284457478,0.0,0.4666666666666667,0.4,0.06666666666666667,0.0
S1,1,W04_C5,Held-out,14.0,3.5000000000000004,0.26377909598044225,0.25,5.541826478197017,15.328597830538586,3.247552348017957,0.5,0.8823529411764706,0.058823529411764705,0.058823529411764705,0.07142857142857142,0.35714285714285715,0.07142857142857142,0.42857142857142855,0.07142857142857142
S1,1,W04_C5,EVAE,14.0,3.5000000000000004,0.21331664372813064,0.25,5.286464765667915,10.016847908496857,4.280819623026823,0.6636363636363636,0.8452380952380952,0.07275132275132275,0.06666666666666667,0.08333333333333333,0.32291666666666663,0.34523809523809523,0.14285714285714285,0.0625
S1,1,W04_C5,Reference,15.0,3.75,0.23837289688410582,0.125,5.963113545204376,11.170394868276972,2.9645831688247584,0.6303030303030304,0.8500000000000001,0.09545454545454546,0.022727272727272728,0.0,0.3907563025210084,0.2899159663865546,0.125,0.09375
S1,1,W04_C5,Random context,14.5,3.625,0.2116489832753829,0.5,5.242113945025459,9.897958547397337,4.290265531239971,0.5857142857142856,0.8603896103896104,0.06904761904761905,0.08347826086956522,0.07692307692307693,0.2857142857142857,0.2792207792207792,0.18181818181818182,0.06458333333333333
S1,1,W04_C5,ADFNE (neighbours),14.0,3.5000000000000004,0.20429415988865046,1.25,4.450249972375,11.277005652332663,2.2518505568040785,1.4736842105263157,0.7060185185185186,0.125,0.18543956043956045,0.07142857142857142,0.42857142857142855,0.35714285714285715,0.14285714285714285,0.0
S1,1,W04_C5,KDE (neighbours),14.0,3.5000000000000004,0.20813967892936497,1.0,5.476940549971172,9.366648135686383,2.361581019010035,1.2982456140350878,0.7236363636363636,0.13269794721407624,0.1455026455026455,0.0,0.42857142857142855,0.35714285714285715,0.14285714285714285,0.07142857142857142
S1,1,W04_C7,Held-out,7.0,1.7500000000000002,0.1334614129017256,0.0,5.018504269683641,15.556154386073118,4.9601997831235165,0.0,1.0,0.0,0.0,0.0,0.2857142857142857,0.2857142857142857,0.42857142857142855,0.0
S1,1,W04_C7,EVAE,14.0,3.5000000000000004,0.20192998300392495,0.25,5.345740402409243,9.95206791475919,4.347921559828437,0.5352941176470588,0.8762626262626263,0.05718954248366013,0.06111111111111111,0.11858974358974358,0.21428571428571427,0.21428571428571427,0.29910714285714285,0.027777777777777776
S1,1,W04_C7,Reference,13.5,3.375,0.20406145834352785,0.25,5.783356983389366,10.377753732687623,3.669146309975865,0.6493506493506493,0.8484848484848485,0.09090909090909091,0.06798245614035087,0.06349206349206349,0.2361111111111111,0.32456140350877194,0.2732793522267206,0.06349206349206349
S1,1,W04_C7,Random context,14.0,3.5000000000000004,0.2053168775836935,0.5,5.551394959011424,9.92553468176612,4.393207927412172,0.6076923076923078,0.8651515151515152,0.047619047619047616,0.08545454545454545,0.07738095238095238,0.3348214285714286,0.30952380952380953,0.17424242424242425,0.03125
S1,1,W04_C7,ADFNE (neighbours),13.0,3.25,0.16631879023707796,0.75,4.986875521078394,9.981297723192947,2.8696128482062804,1.1555555555555554,0.7505175983436853,0.08695652173913043,0.1464285714285714,0.07692307692307693,0.3076923076923077,0.3076923076923077,0.15384615384615385,0.0
S1,1,W04_C7,KDE (neighbours),13.0,3.25,0.19039157059169226,1.0,5.334832474956967,9.690630949951696,2.6939749821860715,1.36231884057971,0.7118518518518518,0.10172413793103449,0.15384615384615385,0.07692307692307693,0.3076923076923077,0.3076923076923077,0.23076923076923078,0.07692307692307693
S1,2,W01_C2,Held-out,10.0,2.5,0.17345085618346825,0.0,4.716512662884094,15.137111043789545,4.196597783358961,0.3333333333333333,0.9166666666666666,0.08333333333333333,0.0,0.1,0.0,0.4,0.2,0.3
S1,2,W01_C2,EVAE,13.5,3.375,0.2100931359781696,0.75,5.352930141584161,10.637083441019056,3.799175130362948,0.9053708439897699,0.7958333333333334,0.07777777777777778,0.11965811965811965,0.07142857142857142,0.2857142857142857,0.23076923076923078,0.23076923076923078,0.13247863247863248
S1,2,W01_C2,Reference,11.5,3.25,0.23831304404905265,0.5738341968911918,6.386295305829098,11.792810312313637,2.695498847807616,0.629156010230179,0.8533220720720721,0.027777777777777776,0.07179054054054054,0.060714285714285714,0.275,0.2792207792207792,0.225,0.1625
S1,2,W01_C2,Random context,14.0,3.5000000000000004,0.21796911460009505,0.75,5.478654079585631,11.4701792211332,3.8570491408300276,1.026315789473684,0.7801932367149759,0.10818713450292397,0.1318840579710145,0.06904761904761905,0.35714285714285715,0.23076923076923078,0.22252747252747251,0.1380952380952381
S1,2,W01_C2,ADFNE (neighbours),15.0,3.75,0.19856210270103342,1.0,4.633976044740566,9.067333038499424,2.553149374988496,1.0817391304347828,0.7639257294429709,0.07448275862068965,0.13793103448275862,0.0,0.3,0.3333333333333333,0.2,0.13333333333333333
S1,2,W01_C2,KDE (neighbours),15.0,3.75,0.23981191455459056,1.5,5.229087727207312,11.507461259054615,2.50652297013275,1.4814814814814814,0.696969696969697,0.11774891774891774,0.2,0.06666666666666667,0.26666666666666666,0.26666666666666666,0.16666666666666669,0.2
S1,2,W03_C2,Held-out,18.0,4.5,0.2809170931001529,0.5,4.544891010979641,11.50645758163238,3.4432864807751384,0.36363636363636365,0.9166666666666666,0.0,0.08333333333333333,0.0,0.3888888888888889,0.4444444444444444,0.1111111111111111,0.05555555555555555
S1,2,W03_C2,EVAE,14.0,3.5000000000000004,0.21381537519382998,0.5,5.7467014962242065,11.24571067098086,3.845959533444731,0.905982905982906,0.7947368421052632,0.11596638655462185,0.10526315789473684,0.02631578947368421,0.3762626262626263,0.26785714285714285,0.16228070175438597,0.08333333333333333
S1,2,W03_C2,Reference,13.0,3.25,0.2582947278972514,0.25,6.9246439247681995,12.349056892515904,3.228717408600483,0.6136363636363636,0.8542199488491049,0.05718954248366013,0.05115089514066496,0.0,0.36428571428571427,0.2928571428571428,0.15037593984962405,0.18333333333333335
S1,2,W03_C2,Random context,13.0,3.25,0.21819470132731927,0.5,5.812529474496841,11.466695809845266,3.810655830419792,0.8585526315789473,0.8169856459330144,0.07846153846153847,0.11145510835913312,0.07692307692307693,0.27525252525252525,0.2,0.2426470588235294,0.14358974358974358
S1,2,W03_C2,ADFNE (neighbours),13.0,3.25,0.20924451315966291,1.25,5.929844400598812,11.439007981154619,3.042695717378571,1.36231884057971,0.7225274725274725,0.09109730848861283,0.21583850931677018,0.0,0.38461538461538464,0.3076923076923077,0.15384615384615385,0.07692307692307693
S1,2,W03_C2,KDE (neighbours),13.0,3.25,0.21610952312607035,1.25,6.0285805668200005,10.751172063659544,2.4934801690057045,1.4,0.7171428571428571,0.09838709677419355,0.19615384615384618,0.0,0.38461538461538464,0.3076923076923077,0.07692307692307693,0.15384615384615385
S1,2,W03_C4,Held-out,16.0,4.0,0.2541253793442187,0.0,5.690904031503756,10.599389988721457,2.3086829978365127,0.4,0.9,0.1,0.0,0.0,0.3125,0.4375,0.125,0.125
S1,2,W03_C4,EVAE,13.5,3.375,0.21957333017940298,0.75,5.800929967167431,11.165502847087506,3.9076652041689957,0.9467787114845938,0.8,0.1201923076923077,0.1165158371040724,0.0,0.4166666666666667,0.2403846153846154,0.21825396825396826,0.14285714285714285
S1,2,W03_C4,Reference,12.0,3.0,0.21213786836383047,0.25,5.940673476556566,11.63568483604713,3.4097270460713403,0.3076923076923077,0.9285714285714286,0.023809523809523808,0.05115089514066496,0.0,0.29910714285714285,0.1846590909090909,0.2159090909090909,0.19617224880382775
S1,2,W03_C4,Random context,14.0,3.5000000000000004,0.2101073649755923,0.75,5.398716105721983,10.867458189436054,3.797925433600052,0.8558352402745995,0.8129370629370629,0.06458333333333333,0.1176923076923077,0.06349206349206349,0.34523809523809523,0.2403846153846154,0.23076923076923078,0.14285714285714285
S1,2,W03_C4,ADFNE (neighbours),13.0,3.25,0.17400166179611676,1.0,4.965536657582099,10.126006376458513,2.5500417057503135,1.25,0.7399355877616747,0.08695652173913043,0.15894736842105261,0.07692307692307693,0.38461538461538464,0.3076923076923077,0.15384615384615385,0.15384615384615385
S1,2,W03_C4,KDE (neighbours),13.0,3.25,0.19270736859407991,0.875,5.40622612904317,9.718001807526587,2.5021911667148626,1.240274599542334,0.7407407407407407,0.08514492753623187,0.14225589225589225,0.0,0.3076923076923077,0.23076923076923078,0.23076923076923078,0.19230769230769232
S1,2,W05_C2,Held-out,20.0,5.0,0.32042237361743786,0.5,5.768780979091961,11.148926287469656,3.030381797191848,0.34782608695652173,0.92,0.0,0.08,0.05,0.6,0.25,0.1,0.0
S1,2,W05_C2,EVAE,14.0,3.5000000000000004,0.2274434986425528,0.875,5.784873666021314,11.39311029938979,3.810594741108445,1.163978494623656,0.7464285714285714,0.09449404761904762,0.14285714285714285,0.054093567251461985,0.452991452991453,0.2222222222222222,0.09429824561403508,0.16228070175438597
S1,2,W05_C2,Reference,17.5,4.375,0.3007480006952884,0.6766211604095563,6.699590455393491,11.537186254354836,2.984272523643182,0.7822410147991543,0.8172987974098057,0.11840888066604996,0.08114035087719298,0.0,0.5,0.30952380952380953,0.07886904761904762,0.10714285714285714
S1,2,W05_C2,Random context,14.0,3.5000000000000004,0.21100624060256645,0.625,5.377107858657837,10.995170981502962,3.8975242953048923,0.8452380952380952,0.8100961538461539,0.07846153846153847,0.13392857142857142,0.07142857142857142,0.2857142857142857,0.25,0.22252747252747251,0.14285714285714285
S1,2,W05_C2,ADFNE (neighbours),18.0,4.5,0.2755571979855286,2.25,5.911465954729741,10.442046063457628,2.2894894756468096,1.8222222222222222,0.6583333333333333,0.10263157894736842,0.25,0.0,0.5,0.2777777777777778,0.16666666666666666,0.1111111111111111
S1,2,W05_C2,KDE (neighbours),18.0,4.5,0.2627045819044377,1.7500000000000002,5.215680677774788,9.184722113277536,2.0665304899148405,1.5775862068965516,0.6921052631578948,0.10141206675224647,0.20512820512820512,0.0,0.5,0.3333333333333333,0.05555555555555555,0.1111111111111111
S1,2,W05_C4,Held-out,17.0,4.25,0.2933439100894184,0.5,5.786156737430273,12.534539731692448,2.6076797690754656,1.0,0.7727272727272727,0.13636363636363635,0.09090909090909091,0.0,0.5882352941176471,0.29411764705882354,0.058823529411764705,0.058823529411764705
S1,2,W05_C4,EVAE,13.5,3.375,0.2197880682575124,0.75,5.662725303373799,11.360681712627416,3.787437456645839,1.0384615384615383,0.7722222222222223,0.10555555555555556,0.12435897435897436,0.02631578947368421,0.3944444444444445,0.24871794871794872,0.16666666666666666,0.1380952380952381
S1,2,W05_C4,Reference,14.0,3.74089874857793,0.24897003529626255,0.25,6.207029686646969,11.630774062231831,2.860262365753244,0.6136363636363636,0.8542199488491049,0.10367892976588629,0.05572755417956656,0.02631578947368421,0.424812030075188,0.18421052631578946,0.13450292397660818,0.15037593984962405
S1,2,W05_C4,Random context,14.0,3.5000000000000004,0.21896280647352373,0.875,5.5218363711927445,11.041711002588272,3.739225241279742,0.9345454545454546,0.7990591397849462,0.0822072072072072,0.1318840579710145,0.0,0.3033088235294118,0.26794258373205737,0.19871794871794873,0.14835164835164835
S1,2,W05_C4,ADFNE (neighbours),15.0,3.75,0.22129921120007132,1.0,4.930432974170597,10.91917033321213,2.603501938370682,1.0671936758893281,0.7774725274725275,0.07692307692307693,0.1380952380952381,0.0,0.43333333333333335,0.26666666666666666,0.13333333333333333,0.06666666666666667
S1,2,W05_C4,KDE (neighbours),15.0,3.75,0.2121902586585136,1.125,5.226854412599102,9.60295593275793,2.3117271061256845,1.2233333333333334,0.7416666666666667,0.11324786324786325,0.1471861471861472,0.0,0.43333333333333335,0.26666666666666666,0.13333333333333333,0.13333333333333333
S1,2,W05_C6,Held-out,18.0,4.5,0.28489894154677775,0.5,4.745790391651382,10.681179323613785,2.5911235598160216,0.7272727272727273,0.8333333333333334,0.08333333333333333,0.08333333333333333,0.0,0.16666666666666666,0.5,0.1111111111111111,0.2222222222222222
S1,2,W05_C6,EVAE,14.0,3.5000000000000004,0.2057385898069669,0.625,5.320883334535883,11.427512837411797,3.9240751893944905,0.9251336898395721,0.7905701754385965,0.08893280632411067,0.10263157894736842,0.03571428571428571,0.2857142857142857,0.22478991596638653,0.2857142857142857,0.11309523809523808
S1,2,W05_C6,Reference,14.0,3.5000000000000004,0.24762477049741932,0.375,5.688905680961216,11.228584910008037,2.704094339179232,0.75,0.8300653594771241,0.09401709401709402,0.063894523326572,0.0,0.2857142857142857,0.2761904761904762,0.30952380952380953,0.13333333333333333
S1,2,W05_C6,Random context,13.5,3.375,0.2146619030270881,0.75,5.585584795248737,11.014841988624834,3.9418001073018187,1.0454545454545454,0.7735042735042735,0.106203007518797,0.12222222222222222,0.038461538461538464,0.3333333333333333,0.21428571428571427,0.17708333333333331,0.11805555555555555
S1,2,W05_C6,ADFNE (neighbours),14.0,3.5000000000000004,0.19822836219909784,1.5,4.993970272316309,10.283921946945727,2.533166184272856,1.4272727272727272,0.7171428571428571,0.10912698412698413,0.21428571428571427,0.0,0.35714285714285715,0.35714285714285715,0.14285714285714285,0.14285714285714285
S1,2,W05_C6,KDE (neighbours),14.0,3.5000000000000004,0.21698891588783437,1.7500000000000002,5.004597565372708,10.589231465356445,2.302474672736047,1.8323809523809524,0.6557112068965517,0.1182983682983683,0.25,0.0,0.2857142857142857,0.2857142857142857,0.2857142857142857,0.14285714285714285
S1,3,W01_C3,Held-out,8.0,2.0,0.1809921391839573,0.5,6.741764966517544,17.00135489446169,5.5446748020828505,1.0,0.8,0.0,0.2,0.125,0.375,0.25,0.25,0.0
S1,3,W01_C3,EVAE,13.0,3.25,0.2056527127750613,0.75,5.341605841467359,10.204343013575732,4.114532658085309,0.9761904761904762,0.7871376811594203,0.079002079002079,0.11805555555555555,0.0,0.22252747252747251,0.36363636363636365,0.1875,0.14285714285714285
S1,3,W01_C3,Reference,11.0,2.875,0.2252647167594729,0.2869170984455959,5.523448244248769,11.675259650714413,3.144792544813442,0.3356643356643357,0.9188311688311688,0.027777777777777776,0.06696428571428571,0.0,0.18181818181818182,0.35858585858585856,0.2361111111111111,0.23636363636363636
S1,3,W01_C3,Random context,14.0,3.5000000000000004,0.21575176318400907,0.75,5.814725778523021,10.233601994193359,4.064197262688908,0.898989898989899,0.8,0.08166666666666667,0.12701612903225806,0.0,0.29910714285714285,0.2792207792207792,0.2792207792207792,0.10882352941176471
S1,3,W01_C3,ADFNE (neighbours),13.0,3.25,0.19404692877023832,1.375,5.0079490968957,10.607418152943913,2.96188496007483,1.3333333333333333,0.7416666666666667,0.07407407407407407,0.20416666666666666,0.07692307692307693,0.23076923076923078,0.3076923076923077,0.23076923076923078,0.15384615384615385
S1,3,W01_C3,KDE (neighbours),13.0,3.25,0.19181320746325808,1.0,4.931674198207972,10.68211160540059,2.6337875254029073,1.2086956521739132,0.7453703703703703,0.07692307692307693,0.16333333333333333,0.0,0.15384615384615385,0.3076923076923077,0.2692307692307693,0.23076923076923078
S1,3,W03_C3,Held-out,18.0,4.5,0.30318719790480647,0.5,5.751437543683102,12.05918099767147,2.692156347230536,0.7272727272727273,0.8333333333333334,0.08333333333333333,0.08333333333333333,0.0,0.3333333333333333,0.4444444444444444,0.1111111111111111,0.1111111111111111
S1,3,W03_C3,EVAE,14.0,3.5000000000000004,0.21699360075946553,0.75,5.857009986840538,10.567237943410873,4.071007701053836,0.9053708439897699,0.7947368421052632,0.08957219251336898,0.11324786324786325,0.0,0.35714285714285715,0.2967032967032967,0.16233766233766234,0.125
S1,3,W03_C3,Reference,11.5,2.875,0.23778544165486776,0.25,6.393253250597839,12.741645408481467,3.4245040480021904,0.35384615384615387,0.9188311688311688,0.027777777777777776,0.07142857142857142,0.0,0.31666666666666665,0.2928571428571428,0.15037593984962405,0.13571428571428573
S1,3,W03_C3,Random context,14.5,3.625,0.22464258879538745,0.5,5.396118853858871,10.254605930013522,3.8492971603808446,0.8963210702341138,0.8074074074074074,0.09600614439324116,0.08893280632411067,0.0,0.31009615384615385,0.25,0.2426470588235294,0.13392857142857142
S1,3,W03_C3,ADFNE (neighbours),12.0,3.0,0.18015226782124277,1.0,5.413877586214256,10.792121909813543,2.8732411868942744,1.4666666666666668,0.702020202020202,0.09307359307359307,0.17786561264822134,0.0,0.4166666666666667,0.3333333333333333,0.16666666666666666,0.08333333333333333
S1,3,W03_C3,KDE (neighbours),12.0,3.0,0.19803155757885293,1.125,6.236563654661458,10.605982242771452,2.605763672682067,1.3666666666666667,0.7141666666666666,0.07448275862068965,0.19523809523809524,0.0,0.375,0.3333333333333333,0.16666666666666666,0.125
S1,3,W03_C5,Held-out,14.0,3.5000000000000004,0.22262041442399294,0.0,6.140070352978477,9.774596018078753,3.321486568574051,0.0,1.0,0.0,0.0,0.0,0.42857142857142855,0.21428571428571427,0.21428571428571427,0.14285714285714285
S1,3,W03_C5,EVAE,13.5,3.375,0.20429753953401417,0.5,5.5397377761321875,10.425823122262956,4.094347791519247,0.6357894736842105,0.8571428571428571,0.046536796536796536,0.09523809523809523,0.0,0.26136363636363635,0.2403846153846154,0.2727272727272727,0.14285714285714285
S1,3,W03_C5,Reference,12.5,3.125,0.20600859775853037,0.25,6.261816207584902,10.234976227227422,3.631623178552874,0.40384615384615385,0.9054621848739496,0.05322128851540616,0.06512605042016806,0.0,0.30625,0.1846590909090909,0.29910714285714285,0.16233766233766234
S1,3,W03_C5,Random context,14.0,3.5000000000000004,0.21229361422927112,0.5,5.392067812391827,10.17302932852422,4.08148365049775,0.8792270531400965,0.8047619047619048,0.06350806451612903,0.08893280632411067,0.07142857142857142,0.2857142857142857,0.2792207792207792,0.22478991596638653,0.14285714285714285
S1,3,W03_C5,ADFNE (neighbours),12.0,3.0,0.16719819122477664,1.0,4.461335414826825,9.727813134582032,2.7108992582123816,1.1964285714285714,0.7609523809523809,0.09,0.15692307692307694,0.0,0.3333333333333333,0.3333333333333333,0.16666666666666666,0.16666666666666666
S1,3,W03_C5,KDE (neighbours),12.0,3.0,0.18363053066075144,1.0,5.5889699104456,9.56940253843084,2.745105599563063,1.0909090909090908,0.7692307692307693,0.08893280632411067,0.15692307692307694,0.0,0.3333333333333333,0.16666666666666666,0.25,0.16666666666666666
S1,3,W05_C3,Held-out,17.0,4.25,0.30086403323803823,0.75,6.082605938997569,12.062526197998293,2.7202085973008123,1.3333333333333333,0.7142857142857143,0.14285714285714285,0.14285714285714285,0.11764705882352941,0.4117647058823529,0.35294117647058826,0.11764705882352941,0.0
S1,3,W05_C3,EVAE,15.0,3.75,0.25550104315257033,0.75,5.999364829379278,10.557872347987077,4.003880518815059,1.1231527093596059,0.7596153846153846,0.10960960960960961,0.12007168458781362,0.0,0.4676113360323887,0.2649122807017544,0.07692307692307693,0.15384615384615385
S1,3,W05_C3,Reference,17.5,4.375,0.2991592759929241,0.5516211604095563,6.2089624171186,13.65312032561235,2.984272523643182,0.9571428571428571,0.7770897832817337,0.14078947368421052,0.07518796992481203,0.0,0.575187969924812,0.2744360902255639,0.10263157894736842,0.03571428571428571
S1,3,W05_C3,Random context,14.0,3.5000000000000004,0.2176241930843253,0.5,5.425024119504053,10.070574663367438,4.160932024588568,0.8347826086956522,0.8121693121693121,0.08012820512820512,0.09090909090909091,0.06458333333333333,0.3333333333333333,0.260989010989011,0.18333333333333335,0.12916666666666665
S1,3,W05_C3,ADFNE (neighbours),17.0,4.25,0.23364535351102048,1.5,4.38266234921039,10.656975609384993,2.4525926700049463,1.6148148148148147,0.6815668202764977,0.14297385620915032,0.1905241935483871,0.0,0.5294117647058824,0.29411764705882354,0.11764705882352941,0.058823529411764705
S1,3,W05_C3,KDE (neighbours),17.0,4.25,0.2705277180465312,2.0,5.4715481239788435,11.829894151572116,2.299465180048128,1.736231884057971,0.6708333333333334,0.12639553429027112,0.2113237639553429,0.0,0.5294117647058824,0.29411764705882354,0.08823529411764705,0.08823529411764705
S1,3,W05_C5,Held-out,17.0,4.25,0.28297986919895785,0.25,5.679717868908276,11.659610412940157,2.297728684987967,1.5238095238095237,0.6363636363636364,0.3181818181818182,0.045454545454545456,0.0,0.35294117647058826,0.23529411764705882,0.23529411764705882,0.17647058823529413
S1,3,W05_C5,EVAE,14.0,3.5000000000000004,0.21464551131393522,0.5,5.818958996234805,10.62135499715805,4.0936826851891315,0.8972431077694235,0.7960662525879918,0.07738095238095238,0.10025062656641603,0.06349206349206349,0.3333333333333333,0.2403846153846154,0.22252747252747251,0.15384615384615385
S1,3,W05_C5,Reference,13.5,3.375,0.250232305584921,0.25,6.05029913670785,12.309077800211702,2.850795946990533,0.8157894736842105,0.8138888888888889,0.10555555555555556,0.06512605042016806,0.0,0.3246753246753247,0.2744360902255639,0.18899521531100477,0.09429824561403508
S1,3,W05_C5,Random context,14.0,3.5000000000000004,0.21271986314626212,0.75,5.503583550453186,10.249495343381344,4.029861893541624,0.8020050125313283,0.8257575757575758,0.0707196029776675,0.12310606060606061,0.06066176470588235,0.25,0.3205128205128205,0.18198529411764708,0.14285714285714285
S1,3,W05_C5,ADFNE (neighbours),14.0,3.5000000000000004,0.19999042153505542,1.25,4.890570566635167,9.944372146636784,2.4470616903798037,1.2763636363636364,0.7357549857549857,0.0822072072072072,0.18620689655172415,0.0,0.42857142857142855,0.35714285714285715,0.21428571428571427,0.07142857142857142
S1,3,W05_C5,KDE (neighbours),14.0,3.5000000000000004,0.23093147135594297,1.5,5.30655106629894,10.185931322562496,2.3558610326390728,1.62876254180602,0.6568627450980392,0.10172413793103449,0.20606060606060606,0.0,0.35714285714285715,0.25,0.17857142857142855,0.14285714285714285
S1,3,W05_C7,Held-out,18.0,4.5,0.27488932910946245,0.5,5.4134371305921425,10.67165083615251,3.0089793752468768,0.9523809523809523,0.782608695652174,0.13043478260869565,0.08695652173913043,0.0,0.2222222222222222,0.3888888888888889,0.3333333333333333,0.05555555555555555
S1,3,W05_C7,EVAE,12.5,3.125,0.20062134525416989,0.5,5.617489591240881,10.254752139277869,4.254072687920577,0.631578947368421,0.8571428571428571,0.051587301587301584,0.09838709677419355,0.0,0.25,0.34523809523809523,0.225,0.1380952380952381
S1,3,W05_C7,Reference,12.0,3.1892775881683733,0.23799629393150012,0.26720705346985213,6.268317780335472,11.902416048387526,3.660374369063652,0.5380116959064327,0.8732758620689656,0.07380952380952381,0.08448275862068966,0.0,0.2857142857142857,0.30952380952380953,0.2857142857142857,0.10238095238095238
S1,3,W05_C7,Random context,14.0,3.5000000000000004,0.21756530863615478,0.5,5.865761786699295,10.116748391378213,4.039629676649586,0.6862745098039216,0.8421052631578947,0.07179487179487179,0.08712121212121213,0.0,0.3333333333333333,0.29910714285714285,0.14215686274509803,0.08333333333333333
S1,3,W05_C7,ADFNE (neighbours),12.0,3.0,0.17611246185502588,1.0,5.384380927168768,10.300954414804938,3.167456553790773,1.0818713450292399,0.7759197324414716,0.054093567251461985,0.16333333333333333,0.0,0.3333333333333333,0.3333333333333333,0.16666666666666666,0.08333333333333333
S1,3,W05_C7,KDE (neighbours),12.0,3.0,0.2059520275827487,1.25,6.134317420218226,10.493958854322491,2.4108015265283544,1.4058823529411764,0.7349498327759196,0.06926406926406926,0.2048494983277592,0.0,0.3333333333333333,0.3333333333333333,0.20833333333333331,0.08333333333333333
S2,0,W00_C1,Held-out,26.0,8.419689119170984,0.36886493083918165,0.6476683937823834,3.9767038372290573,8.80727841104836,2.280035603598655,0.43478260869565216,0.8958333333333334,0.0625,0.041666666666666664,0.038461538461538464,0.34615384615384615,0.46153846153846156,0.07692307692307693,0.07692307692307693
S2,0,W00_C1,EVAE,10.5,3.4002590673575126,0.2030654627149456,0.6476683937823834,5.683214068412781,10.221875338712845,4.1095873780625505,1.0,0.8,0.04772727272727273,0.15384615384615385,0.0,0.31666666666666665,0.2727272727272727,0.26136363636363635,0.09090909090909091
S2,0,W00_C1,Reference,10.5,2.625,0.2216701915407114,0.125,6.9789183298979625,13.699409981914826,4.092863394129132,0.3205128205128205,0.9226190476190477,0.0,0.03571428571428571,0.07738095238095238,0.21969696969696967,0.26136363636363635,0.225,0.19805194805194803
S2,0,W00_C1,Random context,11.0,3.562176165803109,0.21793463173656535,0.6476683937823834,5.780973198175245,10.57699864861674,4.132160574919391,0.9615384615384616,0.7928571428571429,0.06904761904761905,0.1213235294117647,0.06666666666666667,0.3693181818181818,0.21764705882352942,0.23214285714285715,0.08571428571428572
S2,0,W00_C2,Held-out,20.0,6.476683937823833,0.3247269720332753,0.9715025906735751,4.726287068764206,7.382177955887855,2.397915277801721,0.8235294117647058,0.8108108108108109,0.10810810810810811,0.08108108108108109,0.05,0.25,0.55,0.05,0.1
S2,0,W00_C2,EVAE,11.0,3.562176165803109,0.21923376367787945,0.6476683937823834,5.757510960102081,10.320392624116547,4.214518658260337,1.0,0.7928571428571429,0.06696428571428571,0.1380952380952381,0.0,0.3484848484848485,0.20714285714285713,0.303030303030303,0.09090909090909091
S2,0,W00_C2,Reference,10.5,2.625,0.2216701915407114,0.125,6.9789183298979625,13.699409981914826,4.092863394129132,0.3205128205128205,0.9226190476190477,0.0,0.03571428571428571,0.07738095238095238,0.21969696969696967,0.26136363636363635,0.225,0.19805194805194803
S2,0,W00_C2,Random context,12.0,3.8860103626943006,0.2302029823614666,0.8095854922279793,5.626040697097778,9.857304628990576,4.03817363205383,1.188235294117647,0.7559523809523809,0.07179487179487179,0.1380952380952381,0.06512605042016806,0.3246753246753247,0.2857142857142857,0.19805194805194803,0.07417582417582418
S2,0,W00_C3,Held-out,11.0,3.562176165803109,0.22579231915365777,0.3238341968911917,5.466307606949449,12.379438734455537,2.5365401269167984,0.26666666666666666,0.9375,0.0,0.0625,0.18181818181818182,0.18181818181818182,0.2727272727272727,0.36363636363636365,0.0
S2,0,W00_C3,EVAE,10.5,3.4002590673575126,0.20775846427825734,0.8095854922279793,6.0447399201893734,10.423884821450017,4.238783245539738,1.1587301587301586,0.757703081232493,0.06787330316742082,0.14835164835164835,0.0,0.31666666666666665,0.2727272727272727,0.25,0.1
S2,0,W00_C3,Reference,10.5,2.625,0.2216701915407114,0.125,6.9789183298979625,13.699409981914826,4.092863394129132,0.3205128205128205,0.9226190476190477,0.0,0.03571428571428571,0.07738095238095238,0.21969696969696967,0.26136363636363635,0.225,0.19805194805194803
S2,0,W00_C3,Random context,11.0,3.562176165803109,0.2152902802833144,0.9715025906735751,5.750386971842687,10.283211859430832,3.891936500346058,1.0,0.7886904761904762,0.07417582417582418,0.1455026455026455,0.0,0.42857142857142855,0.3333333333333333,0.16783216783216784,0.07142857142857142
S2,0,W00_C4,Held-out,15.0,4.857512953367875,0.2889509576183651,0.6476683937823834,4.254291070880981,10.915492373965861,2.89665820756569,0.7692307692307693,0.8214285714285714,0.10714285714285714,0.07142857142857142,0.13333333333333333,0.26666666666666666,0.13333333333333333,0.4666666666666667,0.0
S2,0,W00_C4,EVAE,10.0,3.2383419689119166,0.21020452124910444,0.9715025906735751,6.219178454372038,10.792306702202895,4.328860195500141,1.1047619047619048,0.7712418300653594,0.05555555555555555,0.1715686274509804,0.0,0.2792207792207792,0.2727272727272727,0.2792207792207792,0.09090909090909091
S2,0,W00_C4,Reference,10.5,2.625,0.2107325540257595,0.125,6.613327179058565,12.271107846397705,4.092863394129132,0.3205128205128205,0.9226190476190477,0.0,0.03571428571428571,0.08712121212121213,0.21969696969696967,0.26136363636363635,0.25,0.12215909090909091
S2,0,W00_C4,Random context,10.5,3.4002590673575126,0.21568637200349144,0.8095854922279793,5.781228464760606,10.366650149230455,4.117554087025638,1.1925925925925926,0.755,0.075,0.13142857142857142,0.07107843137254902,0.3333333333333333,0.29705882352941176,0.2,0.1
S2,0,W00_C5,Held-out,11.0,3.562176165803109,0.1688053163638422,0.3238341968911917,4.596015285522628,6.6291025674812145,3.0286439180264937,0.42105263157894735,0.9,0.05,0.05,0.0,0.45454545454545453,0.18181818181818182,0.18181818181818182,0.18181818181818182
S2,0,W00_C5,EVAE,10.0,3.2383419689119166,0.20662243466636365,0.6476683937823834,5.738128274679184,10.317327332261142,4.297224838667141,0.849624060150376,0.8235294117647058,0.02631578947368421,0.15384615384615385,0.0,0.3205128205128205,0.23076923076923078,0.3,0.1
S2,0,W00_C5,Reference,11.0,2.75,0.20600859775853037,0.0,6.278956189036256,11.412362567042079,4.092863394129132,0.26495726495726496,0.9365079365079365,0.0,0.0,0.08712121212121213,0.21969696969696967,0.25,0.28125,0.12662337662337664
S2,0,W00_C5,Random context,11.5,3.7240932642487046,0.23162243460938414,0.9715025906735751,5.8575573563575745,10.310593798015553,3.928737386404184,1.101010101010101,0.7655677655677655,0.07142857142857142,0.16025641025641024,0.0,0.4305555555555556,0.2583333333333333,0.2222222222222222,0.09090909090909091
S2,0,W00_C6,Held-out,12.0,3.8860103626943006,0.16016346768782325,0.3238341968911917,2.8643062854823107,8.281917450959535,3.9391169646124147,1.1764705882352942,0.7222222222222222,0.2222222222222222,0.05555555555555555,0.16666666666666666,0.25,0.25,0.25,0.08333333333333333
S2,0,W00_C6,EVAE,11.0,3.562176165803109,0.2026554061821304,0.6476683937823834,5.891039811207778,10.534248254681211,4.314180906368517,1.0,0.7863636363636364,0.06274509803921569,0.16666666666666666,0.0,0.2727272727272727,0.2361111111111111,0.2727272727272727,0.09545454545454546
S2,0,W00_C6,Reference,11.5,2.875,0.19192698925967072,0.0,6.1131499113297565,11.060849710798163,4.095475972950796,0.3205128205128205,0.9226190476190477,0.023809523809523808,0.0,0.08012820512820512,0.29261363636363635,0.21875,0.25,0.12937062937062938
S2,0,W00_C6,Random context,11.0,3.562176165803109,0.2317311762436205,0.8095854922279793,5.594281554222107,10.182550519704819,4.1697261575214934,0.8210526315789474,0.822884012539185,0.06904761904761905,0.12916666666666665,0.0,0.36038961038961037,0.2792207792207792,0.1575757575757576,0.08712121212121213
S2,0,W00_C7,Held-out,18.0,5.829015544041451,0.27291646407861625,0.9715025906735751,5.013901115133765,6.793731981062305,2.061731937428732,0.8275862068965517,0.8125,0.09375,0.09375,0.1111111111111111,0.16666666666666666,0.3333333333333333,0.16666666666666666,0.2222222222222222
S2,0,W00_C7,EVAE,10.0,3.2383419689119166,0.2023507354943378,0.6476683937823834,5.930303584971172,10.450943833529657,4.2716509569290615,1.0333333333333332,0.7712418300653594,0.0625,0.1396103896103896,0.0,0.4,0.2,0.3,0.1
S2,0,W00_C7,Reference,13.0,3.25,0.19737425003578946,0.25,6.1131499113297565,8.856336638959993,3.953598116485175,0.4205128205128205,0.8976190476190476,0.0,0.04904306220095694,0.0,0.34375,0.17067307692307693,0.3485576923076923,0.07692307692307693
S2,0,W00_C7,Random context,11.5,3.7240932642487046,0.2365438705359449,0.9715025906735751,5.772844851016997,10.303948521614075,3.9578406708798326,1.0384615384615383,0.7818336162988115,0.06559139784946236,0.15192307692307694,0.0,0.3582887700534759,0.28342245989304815,0.20202020202020202,0.08712121212121213
S2,0,W00_C8,Held-out,13.0,4.209844559585492,0.29040126264924404,0.0,5.762615257775518,10.943242937797166,3.0128814520410634,0.2,0.95,0.05,0.0,0.07692307692307693,0.0,0.46153846153846156,0.23076923076923078,0.23076923076923078
S2,0,W00_C8,EVAE,10.0,3.2383419689119166,0.20469197092381647,0.8095854922279793,6.061109128798656,11.049655388483966,4.3022250085500024,1.0882352941176472,0.7638888888888888,0.07417582417582418,0.16025641025641024,0.0,0.3333333333333333,0.2361111111111111,0.31666666666666665,0.07738095238095238
S2,0,W00_C8,Reference,13.0,3.25,0.19737425003578946,0.25,6.1131499113297565,8.856336638959993,3.953598116485175,0.4205128205128205,0.8976190476190476,0.0,0.04904306220095694,0.0,0.34375,0.17067307692307693,0.3485576923076923,0.07692307692307693
S2,0,W00_C8,Random context,10.5,3.4002590673575126,0.21027642851600098,0.9715025906735751,5.891571348648526,10.430356784982422,4.199196220372378,1.0454545454545454,0.7857142857142857,0.049516908212560384,0.13333333333333333,0.0,0.36038961038961037,0.24747474747474746,0.21825396825396826,0.07142857142857142
S2,1,W01_C1,Held-out,11.0,2.75,0.24174297797332564,0.0,7.961050791263737,13.013510234084533,3.9891290048993024,0.0,1.0,0.0,0.0,0.09090909090909091,0.09090909090909091,0.36363636363636365,0.45454545454545453,0.0
S2,1,W01_C1,EVAE,15.0,3.75,0.23800655657821645,1.25,5.258155310185295,11.61223578453064,4.11145651318091,1.4772727272727273,0.6984848484848485,0.10721062618595825,0.17857142857142858,0.06666666666666667,0.3333333333333333,0.26666666666666666,0.21428571428571427,0.06666666666666667
S2,1,W01_C1,Reference,15.0,3.7810880829015545,0.2659266687879039,0.5738341968911918,5.523448244248769,11.16606866392771,2.481225242376384,0.629156010230179,0.8533220720720721,0.059027777777777776,0.07179054054054054,0.05625,0.275,0.4807692307692308,0.11805555555555555,0.038461538461538464
S2,1,W01_C1,Random context,15.0,3.75,0.23421241116720093,1.0,5.0229485134516585,11.532398462295532,4.130519619617155,1.303030303030303,0.7202233250620347,0.1039426523297491,0.150997150997151,0.06458333333333333,0.4,0.2857142857142857,0.17142857142857143,0.06666666666666667
S2,1,W01_C2,Held-out,10.0,2.5,0.17345085618346825,0.0,4.716512662884094,15.137111043789545,4.196597783358961,0.3333333333333333,0.9166666666666666,0.08333333333333333,0.0,0.3,0.0,0.4,0.2,0.1
S2,1,W01_C2,EVAE,15.0,3.75,0.233756936379044,1.125,5.151822664902346,11.455129981040955,4.200492013938945,1.3043478260869565,0.7370689655172413,0.0757142857142857,0.16,0.12916666666666665,0.32291666666666663,0.25,0.26666666666666666,0.0625
S2,1,W01_C2,Reference,13.0,3.5310880829015545,0.2698923632814063,0.6476683937823834,5.523448244248769,11.222098916338368,2.695498847807616,0.6020066889632107,0.8586309523809523,0.059027777777777776,0.07142857142857142,0.060714285714285714,0.26969696969696966,0.26136363636363635,0.225,0.08846153846153847
S2,1,W01_C2,Random context,15.0,3.75,0.23279924678087682,1.0,5.170187683718657,11.028783988552636,4.15133745832912,1.1854545454545455,0.746684350132626,0.10101867572156197,0.14588859416445624,0.06904761904761905,0.373015873015873,0.2857142857142857,0.20714285714285713,0.06666666666666667
S2,1,W01_C3,Held-out,8.0,2.0,0.1809921391839573,0.5,6.741764966517544,17.00135489446169,5.5446748020828505,1.0,0.8,0.0,0.2,0.125,0.375,0.25,0.25,0.0
S2,1,W01_C3,EVAE,15.0,3.75,0.23149705633142964,0.875,5.006864834064791,10.38933364442161,4.202131867107525,1.1541501976284585,0.75,0.08514492753623187,0.14039408866995073,0.06666666666666667,0.32291666666666663,0.2967032967032967,0.21428571428571427,0.06904761904761905
S2,1,W01_C3,Reference,11.5,3.562176165803109,0.23831304404905265,0.4857512953367875,5.096297337856828,10.87058606009445,2.875557888132062,0.4279176201372997,0.8979166666666667,0.05277777777777778,0.06696428571428571,0.04423076923076923,0.26969696969696966,0.26136363636363635,0.225,0.08846153846153847
S2,1,W01_C3,Random context,15.0,3.75,0.2349246200172787,1.125,5.365632736156805,11.516038358211517,4.161488500260521,1.2983508245877062,0.7459770114942528,0.11538461538461539,0.17261904761904762,0.06458333333333333,0.29910714285714285,0.27222222222222225,0.2583333333333333,0.07417582417582418
S2,1,W01_C4,Held-out,8.0,2.0,0.14716949047798555,0.0,7.216071693278381,11.296019675373284,5.886024398374073,0.0,1.0,0.0,0.0,0.0,0.125,0.625,0.125,0.125
S2,1,W01_C4,EVAE,15.0,3.75,0.22234277235042993,0.75,4.958208060427746,10.626212416387894,4.26375746014534,0.9808612440191387,0.7871376811594203,0.08012820512820512,0.125,0.07142857142857142,0.34523809523809523,0.2,0.26666666666666666,0.06666666666666667
S2,1,W01_C4,Reference,12.0,3.7240932642487046,0.2216701915407114,0.3238341968911917,4.80225255216633,9.553798598591287,2.962651062796092,0.5263157894736842,0.8785714285714286,0.05277777777777778,0.06696428571428571,0.125,0.2583333333333333,0.21875,0.28125,0.09166666666666667
S2,1,W01_C4,Random context,15.0,3.75,0.22972218995543797,0.875,5.198973064557459,10.72813927178404,4.193286938273967,1.0,0.7727272727272727,0.08452380952380953,0.135632183908046,0.058823529411764705,0.4,0.26666666666666666,0.24047619047619045,0.06666666666666667
S2,2,W02_C1,Held-out,14.0,3.5000000000000004,0.32891885949031185,1.25,10.186813123587797,14.385309729745117,2.4259103578359693,2.1333333333333333,0.6,0.15,0.25,0.14285714285714285,0.5,0.21428571428571427,0.07142857142857142,0.07142857142857142
S2,2,W02_C1,EVAE,14.0,3.5000000000000004,0.22490800254879428,1.0,5.141841211805414,11.933316746731853,4.107847278473288,0.9090909090909091,0.8112535612535612,0.05606758832565284,0.150997150997151,0.07417582417582418,0.32291666666666663,0.2857142857142857,0.21428571428571427,0.029411764705882353
S2,2,W02_C1,Reference,14.0,3.5000000000000004,0.25834596566285506,0.375,6.734017409621189,12.536345615878002,3.253897207957455,0.5454545454545454,0.875,0.06798245614035087,0.06944444444444445,0.03125,0.35416666666666663,0.4222222222222222,0.13392857142857142,0.03571428571428571
S2,2,W02_C1,Random context,14.5,3.625,0.22282812923974932,0.75,5.314685588178708,11.675189399765989,4.064240368662578,0.9147826086956521,0.7965517241379311,0.07846153846153847,0.12310606060606061,0.07142857142857142,0.3660714285714286,0.3076923076923077,0.15384615384615385,0.06666666666666667
S2,2,W02_C2,Held-out,10.0,2.5,0.25083376894444753,1.25,10.218133675874576,15.896584126163255,2.8544575686984337,2.2222222222222223,0.6428571428571429,0.0,0.35714285714285715,0.0,0.3,0.5,0.2,0.0
S2,2,W02_C2,EVAE,14.5,3.625,0.2220113428616845,0.75,5.133065707885091,11.476546923558029,4.280181006947986,0.98,0.7776679841897234,0.07142857142857142,0.11607142857142858,0.06458333333333333,0.2895833333333333,0.3333333333333333,0.25,0.07692307692307693
S2,2,W02_C2,Reference,13.5,3.375,0.24633961122449027,0.125,6.246601255100323,11.782819289651925,3.7162077428372204,0.38181818181818183,0.9083333333333333,0.041666666666666664,0.027777777777777776,0.07670454545454546,0.28125,0.4722222222222222,0.125,0.0
S2,2,W02_C2,Random context,14.0,3.5000000000000004,0.22169086579156233,0.625,5.064013240564993,11.913904100656513,4.23091617177579,0.8166666666666667,0.8176392572944298,0.07870370370370369,0.10344827586206896,0.10818713450292397,0.2792207792207792,0.2403846153846154,0.26666666666666666,0.10818713450292397
S2,2,W02_C3,Held-out,12.0,3.0,0.224737114365288,0.0,5.580588881548088,10.82567974622304,3.392926882061195,0.2222222222222222,0.9444444444444444,0.05555555555555555,0.0,0.16666666666666666,0.08333333333333333,0.25,0.25,0.25
S2,2,W02_C3,EVAE,14.0,3.5000000000000004,0.22614807979589718,0.75,5.082000098664187,11.95907431840897,4.14654779778801,0.898989898989899,0.7958333333333334,0.09090909090909091,0.11555555555555555,0.07417582417582418,0.3125,0.31009615384615385,0.1875,0.0625
S2,2,W02_C3,Reference,15.0,3.75,0.2367783294498239,0.125,5.94575394833079,11.401238628502831,3.3823865246745948,0.38181818181818183,0.9083333333333333,0.041666666666666664,0.027777777777777776,0.03125,0.32291666666666663,0.4722222222222222,0.125,0.03125
S2,2,W02_C3,Random context,14.0,3.5000000000000004,0.2127219081263489,0.625,4.879470754792864,11.879987342138453,4.216862470863247,0.8210526315789474,0.8181818181818182,0.07417582417582418,0.10555555555555556,0.08712121212121213,0.3333333333333333,0.2857142857142857,0.14285714285714285,0.07142857142857142
S2,2,W02_C4,Held-out,11.0,2.75,0.2186032687161348,0.25,6.4848893915995856,11.528705458710874,4.620794910225665,0.3076923076923077,0.9285714285714286,0.0,0.07142857142857142,0.09090909090909091,0.18181818181818182,0.09090909090909091,0.45454545454545453,0.18181818181818182
S2,2,W02_C4,EVAE,14.0,3.5000000000000004,0.22162302102155398,0.75,5.155172467986122,12.209307283163076,4.139430848819394,0.9705882352941176,0.7965517241379311,0.04772727272727273,0.1225,0.07417582417582418,0.3125,0.3125,0.2153846153846154,0.07142857142857142
S2,2,W02_C4,Reference,13.5,3.375,0.20180627680397512,0.0,5.94575394833079,11.401238628502831,3.718820321658884,0.38181818181818183,0.9083333333333333,0.041666666666666664,0.0,0.0625,0.35416666666666663,0.4222222222222222,0.13942307692307693,0.06971153846153846
S2,2,W02_C4,Random context,14.0,3.5000000000000004,0.22068577770148895,0.75,4.91070079048757,11.812782436609272,4.1252773437440755,0.8,0.8268365817091454,0.07037037037037036,0.11324786324786325,0.07738095238095238,0.35357142857142854,0.2967032967032967,0.15384615384615385,0.07142857142857142
S2,2,W02_C5,Held-out,16.0,4.0,0.20286183933538418,0.5,4.8782180355684535,8.024067855953751,2.164831346613983,0.631578947368421,0.8571428571428571,0.047619047619047616,0.09523809523809523,0.1875,0.3125,0.1875,0.3125,0.0
S2,2,W02_C5,EVAE,14.0,3.5000000000000004,0.21306702856911403,0.625,4.847754257408141,11.957760303246884,4.1007457771225395,0.9467787114845938,0.7905701754385965,0.08514492753623187,0.11555555555555555,0.125,0.3076923076923077,0.23076923076923078,0.2403846153846154,0.06666666666666667
S2,2,W02_C5,Reference,14.0,3.5000000000000004,0.2132201838336739,0.125,5.94575394833079,10.947704832047371,3.616375604219372,0.5166666666666666,0.8745098039215686,0.07107843137254902,0.022727272727272728,0.09821428571428571,0.34523809523809523,0.23214285714285715,0.18406593406593408,0.07142857142857142
S2,2,W02_C5,Random context,14.0,3.5000000000000004,0.2097578421759761,0.75,4.82724165393795,11.347857384078399,4.031477796573186,0.8545454545454545,0.8090909090909091,0.08333333333333333,0.12,0.07142857142857142,0.3205128205128205,0.26969696969696966,0.26785714285714285,0.06458333333333333
S2,2,W02_C6,Held-out,14.0,3.5000000000000004,0.20915535618167652,0.0,6.0730229864729255,8.458250020244746,3.9128420704277205,0.0,1.0,0.0,0.0,0.0,0.42857142857142855,0.07142857142857142,0.42857142857142855,0.07142857142857142
S2,2,W02_C6,EVAE,13.5,3.375,0.2120662650109864,0.75,5.206395834684372,12.04179834350326,4.289285444436869,0.8695652173913043,0.8112535612535612,0.07692307692307693,0.1111111111111111,0.07142857142857142,0.3076923076923077,0.25,0.22252747252747251,0.07142857142857142
S2,2,W02_C6,Reference,14.0,3.5000000000000004,0.2132201838336739,0.125,5.915487192241116,9.843365787521387,3.581126019878452,0.45,0.8911764705882352,0.0748663101604278,0.022727272727272728,0.07142857142857142,0.3348214285714286,0.21428571428571427,0.25,0.07142857142857142
S2,2,W02_C6,Random context,14.0,3.5000000000000004,0.22204525658932617,0.75,5.145839572079101,11.89574095606804,4.151959116628447,1.0526315789473684,0.7727272727272727,0.08831168831168831,0.13636363636363635,0.07142857142857142,0.3708791208791209,0.2761904761904762,0.16228070175438597,0.06666666666666667
S2,3,W03_C1,Held-out,16.0,4.0,0.2509362444756549,0.25,7.704398122767024,10.070671318371105,2.1498836208574135,0.9411764705882353,0.7777777777777778,0.16666666666666666,0.05555555555555555,0.0625,0.25,0.5625,0.125,0.0
S2,3,W03_C1,EVAE,16.5,4.125,0.2512686027108208,0.75,5.6910423178691065,11.146361768245697,3.9467315118879127,0.9090909090909091,0.7886904761904762,0.09090909090909091,0.10960960960960961,0.027777777777777776,0.47058823529411764,0.26969696969696966,0.11764705882352941,0.07738095238095238
S2,3,W03_C1,Reference,14.0,3.5000000000000004,0.2991592759929241,0.625,6.690732855909925,12.175563529962531,3.04744486616581,0.8636363636363636,0.8019323671497585,0.08333333333333333,0.09555555555555556,0.0,0.48684210526315785,0.25,0.12698412698412698,0.10714285714285714
S2,3,W03_C1,Random context,13.5,3.375,0.22331213025004737,0.75,5.390171110630035,10.99160997471338,4.010629342599235,0.8444444444444444,0.8165266106442577,0.06458333333333333,0.11428571428571428,0.06971153846153846,0.33119658119658124,0.2649122807017544,0.16666666666666666,0.14835164835164835
S2,3,W03_C2,Held-out,18.0,4.5,0.2809170931001529,0.5,4.544891010979641,11.50645758163238,3.4432864807751384,0.36363636363636365,0.9166666666666666,0.0,0.08333333333333333,0.0,0.3888888888888889,0.5,0.1111111111111111,0.0
S2,3,W03_C2,EVAE,13.0,3.25,0.22238931565414438,0.75,5.695091582816437,11.153964339920591,4.092280379210642,1.026315789473684,0.7735042735042735,0.10526315789473684,0.11437908496732026,0.058823529411764705,0.452991452991453,0.26136363636363635,0.14835164835164835,0.09090909090909091
S2,3,W03_C2,Reference,13.0,3.25,0.2582947278972514,0.25,6.60557962216221,13.65312032561235,3.228717408600483,0.5174825174825175,0.8773291925465838,0.054093567251461985,0.07142857142857142,0.0,0.45112781954887216,0.26785714285714285,0.15037593984962405,0.10714285714285714
S2,3,W03_C2,Random context,13.0,3.25,0.21928994596935683,0.5,5.406832753714562,10.60813687954106,3.993002872425107,0.641025641025641,0.8480769230769231,0.06512605042016806,0.09307359307359307,0.06696428571428571,0.3137254901960784,0.3333333333333333,0.1715686274509804,0.09090909090909091
S2,3,W03_C3,Held-out,18.0,4.5,0.30318719790480647,0.5,5.751437543683102,12.05918099767147,2.692156347230536,0.7272727272727273,0.8333333333333334,0.08333333333333333,0.08333333333333333,0.0,0.3333333333333333,0.4444444444444444,0.1111111111111111,0.1111111111111111
S2,3,W03_C3,EVAE,13.0,3.25,0.2188166746581527,0.5,5.5730430396881045,11.134479183712156,4.1303733684018455,0.8210526315789474,0.8181818181818182,0.07703703703703704,0.10172413793103449,0.05718954248366013,0.34523809523809523,0.2727272727272727,0.16025641025641024,0.08012820512820512
S2,3,W03_C3,Reference,13.0,3.25,0.2573064324624449,0.25,6.448502639871574,13.65312032561235,3.3202396150395757,0.40384615384615385,0.9054621848739496,0.054093567251461985,0.06512605042016806,0.0,0.39285714285714285,0.26785714285714285,0.17894736842105263,0.10714285714285714
S2,3,W03_C3,Random context,14.0,3.5,0.2191746691768014,0.75,5.394422623442376,10.971045238737341,4.0977355548370475,0.9251336898395721,0.7947368421052632,0.0757142857142857,0.13636363636363635,0.06666666666666667,0.3333333333333333,0.31009615384615385,0.17914438502673796,0.07692307692307693
S2,3,W03_C4,Held-out,16.0,4.0,0.2541253793442187,0.0,5.690904031503756,10.599389988721457,2.3086829978365127,0.4,0.9,0.1,0.0,0.0,0.3125,0.4375,0.125,0.125
S2,3,W03_C4,EVAE,13.0,3.25,0.22028188654114908,0.625,5.517604740365535,10.75318106570709,4.040535029794775,0.9307359307359306,0.7965517241379311,0.09166666666666667,0.11764705882352941,0.054093567251461985,0.38461538461538464,0.2727272727272727,0.15384615384615385,0.13025210084033612
S2,3,W03_C4,Reference,14.0,3.5000000000000004,0.2418955849490847,0.25,6.271012648786796,12.242077515179648,3.4097270460713403,0.5657894736842105,0.8697478991596639,0.05718954248366013,0.07142857142857142,0.0,0.3348214285714286,0.25,0.25,0.10714285714285714
S2,3,W03_C4,Random context,12.5,3.125,0.2097054594944163,0.5,5.406606112553918,10.66026181898523,4.065602621929094,0.6357894736842105,0.8571428571428571,0.058823529411764705,0.09761904761904762,0.07417582417582418,0.3708791208791209,0.2899159663865546,0.16666666666666666,0.1388888888888889
S2,3,W03_C5,Held-out,14.0,3.5000000000000004,0.22262041442399294,0.0,6.140070352978477,9.774596018078753,3.321486568574051,0.0,1.0,0.0,0.0,0.0,0.42857142857142855,0.21428571428571427,0.21428571428571427,0.14285714285714285
S2,3,W03_C5,EVAE,13.0,3.25,0.20868611265114761,0.5,5.359057207157146,10.876491071418867,4.133689909315892,0.734006734006734,0.8333333333333334,0.06821705426356589,0.09761904761904762,0.07692307692307693,0.3333333333333333,0.2403846153846154,0.16666666666666666,0.08012820512820512
S2,3,W03_C5,Reference,14.0,3.5000000000000004,0.21387931244890568,0.25,6.101466197951478,12.242077515179648,3.876803770805287,0.40384615384615385,0.9054621848739496,0.023809523809523808,0.06512605042016806,0.0,0.3348214285714286,0.20394736842105263,0.3214285714285714,0.07142857142857142
S2,3,W03_C5,Random context,14.0,3.5000000000000004,0.21990508243229762,0.75,5.341993919809768,10.960452675819395,3.939091061873704,0.7100840336134454,0.8333333333333334,0.05064102564102564,0.1111111111111111,0.05555555555555555,0.36038961038961037,0.3033088235294118,0.1380952380952381,0.10526315789473684
S2,3,W03_C6,Held-out,13.0,3.25,0.1757439536663208,0.0,6.153276836186588,8.712969103249733,3.9943541625426295,0.5333333333333333,0.8666666666666667,0.13333333333333333,0.0,0.23076923076923078,0.38461538461538464,0.15384615384615385,0.15384615384615385,0.07692307692307693
S2,3,W03_C6,EVAE,12.0,3.0,0.20951095175679874,0.5,5.447201440915407,11.06200311437112,4.081500359520357,0.775,0.8268365817091454,0.05555555555555555,0.10818713450292397,0.07692307692307693,0.3431372549019608,0.2727272727272727,0.17424242424242425,0.12237762237762238
S2,3,W03_C6,Reference,12.5,3.125,0.20600859775853037,0.25,6.022816419148951,11.172205864467095,4.11082725341879,0.40384615384615385,0.9054621848739496,0.023809523809523808,0.07142857142857142,0.0,0.3348214285714286,0.25,0.3214285714285714,0.06696428571428571
S2,3,W03_C6,Random context,17.0,4.25,0.24635069231293877,0.75,5.499578565359116,10.948006556576866,3.9268881802642923,0.913151364764268,0.7875939849624061,0.07407407407407407,0.11269841269841269,0.05555555555555555,0.3762626262626263,0.26136363636363635,0.16666666666666666,0.11437908496732026
S2,3,W03_C7,Held-out,14.0,3.5000000000000004,0.20381995324335483,0.25,4.946744500711896,8.999704174670253,3.9112646398646933,0.5714285714285714,0.8636363636363636,0.09090909090909091,0.045454545454545456,0.14285714285714285,0.21428571428571427,0.21428571428571427,0.2857142857142857,0.14285714285714285
S2,3,W03_C7,EVAE,13.0,3.25,0.2142023396118154,0.5,5.284947282993846,10.950043666082724,3.9787890125028027,0.8421052631578947,0.8079877112135176,0.09307359307359307,0.09523809523809523,0.08712121212121213,0.27525252525252525,0.3076923076923077,0.2403846153846154,0.1111111111111111
S2,3,W03_C7,Reference,14.0,3.5000000000000004,0.23410470585727894,0.375,5.47763180439458,10.676415079883148,3.544158909600405,0.6794258373205742,0.8452380952380952,0.07107843137254902,0.08514492753623187,0.0,0.29910714285714285,0.26785714285714285,0.30952380952380953,0.06696428571428571
S2,3,W03_C7,Random context,13.5,3.375,0.22749765965942048,0.75,5.37566912286547,11.171986157049643,4.078845330687422,0.8683385579937304,0.8070719602977667,0.09109730848861283,0.09838709677419355,0.07692307692307693,0.33272058823529416,0.3076923076923077,0.15384615384615385,0.11437908496732026
S2,3,W03_C8,Held-out,13.0,3.25,0.19188666073619476,0.25,4.395094039171529,8.34346290945091,2.4521037147229072,0.2222222222222222,0.9473684210526315,0.0,0.05263157894736842,0.07692307692307693,0.38461538461538464,0.15384615384615385,0.3076923076923077,0.07692307692307693
S2,3,W03_C8,EVAE,13.0,3.25,0.21609751922165832,0.5,5.62825933098793,10.629575341939923,4.044668669582961,1.0217391304347827,0.7735042735042735,0.08166666666666667,0.10818713450292397,0.05718954248366013,0.32291666666666663,0.2967032967032967,0.17424242424242425,0.14358974358974358
S2,3,W03_C8,Reference,14.0,3.5000000000000004,0.23410470585727894,0.375,5.757218165010996,10.377753732687623,3.633896725634945,0.7919799498746867,0.8198757763975155,0.08496732026143791,0.09109730848861283,0.02631578947368421,0.29910714285714285,0.26785714285714285,0.32456140350877194,0.059027777777777776
S2,3,W03_C8,Random context,15.0,3.75,0.24501927347364844,0.75,5.492628851315513,10.695136825377675,3.922425019886145,0.9042424242424243,0.7993295019157088,0.09722222222222221,0.1111111111111111,0.058823529411764705,0.3765182186234818,0.3205128205128205,0.08391608391608392,0.13333333333333333
S2,4,W04_C1,Held-out,14.0,3.5000000000000004,0.2657556868500553,0.0,6.726269852724834,11.002722080517916,3.0645079351397713,0.21052631578947367,0.9473684210526315,0.05263157894736842,0.0,0.0,0.42857142857142855,0.5,0.0,0.07142857142857142
S2,4,W04_C1,EVAE,17.5,4.375,0.26243524741360713,1.0,5.561013725116961,10.80504925646768,3.7583207556174396,1.1054545454545455,0.7649122807017544,0.1,0.135632183908046,0.1111111111111111,0.4375,0.3333333333333333,0.1111111111111111,0.05555555555555555
S2,4,W04_C1,Reference,18.0,4.5,0.30237001655699475,0.625,5.760109261387532,11.272301887873148,2.8414985612471098,0.8757475083056478,0.7989921612541993,0.10874704491725767,0.08333333333333333,0.04464285714285714,0.43504901960784315,0.3431372549019608,0.1111111111111111,0.0
S2,4,W04_C1,Random context,16.0,4.0,0.24006631508899773,1.0,5.409279891152958,10.771620715255564,3.967172190808502,1.1555555555555554,0.7464285714285714,0.10011123470522804,0.14835164835164835,0.1213235294117647,0.30090497737556565,0.2899159663865546,0.22478991596638653,0.07142857142857142
S2,4,W04_C2,Held-out,14.0,3.5000000000000004,0.2999431661813938,1.5,7.123017996811564,15.3534709254793,3.005756522092957,2.5714285714285716,0.55,0.15,0.3,0.0,0.5,0.2857142857142857,0.14285714285714285,0.07142857142857142
S2,4,W04_C2,EVAE,17.0,4.25,0.25195258272966725,0.875,5.43601178074667,10.670297792358735,3.832616714273354,1.0,0.7759856630824373,0.10357142857142856,0.11805555555555555,0.11764705882352941,0.32291666666666663,0.2777777777777778,0.14583333333333331,0.027777777777777776
S2,4,W04_C2,Reference,17.5,4.375,0.2971039716637283,0.5,5.777468858261117,11.451067534954511,2.706182472265674,0.8342245989304813,0.8055555555555556,0.10555555555555556,0.08333333333333333,0.025,0.40032679738562094,0.39522058823529416,0.1111111111111111,0.029411764705882353
S2,4,W04_C2,Random context,16.0,4.0,0.24461764995266866,0.75,5.431443562391131,10.862372357090255,4.019939611378831,1.1168831168831168,0.7543010752688173,0.10555555555555556,0.10357142857142856,0.13392857142857142,0.32291666666666663,0.26666666666666666,0.19375,0.06696428571428571
S2,4,W04_C3,Held-out,19.0,4.75,0.29837538580445433,0.25,6.12990940943003,12.955449571648423,3.4265272100814856,0.7272727272727273,0.8260869565217391,0.13043478260869565,0.043478260869565216,0.0,0.47368421052631576,0.15789473684210525,0.15789473684210525,0.21052631578947367
S2,4,W04_C3,EVAE,17.0,4.25,0.2543795703802051,1.0,5.364436497299417,10.52559062466083,3.7901155540407494,1.3095238095238095,0.7376344086021505,0.11071428571428571,0.13793103448275862,0.125,0.3819444444444444,0.2951388888888889,0.125,0.05555555555555555
S2,4,W04_C3,Reference,17.5,4.375,0.2971039716637283,0.5,5.760109261387532,11.583033997286268,2.706182472265674,0.8636363636363636,0.8055555555555556,0.10555555555555556,0.08333333333333333,0.0,0.40032679738562094,0.3235294117647059,0.1111111111111111,0.06066176470588235
S2,4,W04_C3,Random context,16.0,4.0,0.24830622549164674,0.75,5.407758038486691,10.864162262011938,3.8985752015188355,0.9589490968801313,0.7867965367965368,0.08333333333333333,0.12121212121212122,0.125,0.30090497737556565,0.30090497737556565,0.17647058823529413,0.06274509803921569
S2,4,W04_C4,Held-out,10.0,2.5,0.1926161199469933,0.25,6.412115888143562,14.350791079576279,5.037168803767143,0.3076923076923077,0.9285714285714286,0.0,0.07142857142857142,0.0,0.6,0.3,0.1,0.0
S2,4,W04_C4,EVAE,17.0,4.25,0.25622159974432746,1.0,5.540094822645187,10.386248686879926,3.8097622410144583,1.1471571906354514,0.7543103448275862,0.10818713450292397,0.13793103448275862,0.11764705882352941,0.3550420168067227,0.3333333333333333,0.1213235294117647,0.05718954248366013
S2,4,W04_C4,Reference,17.0,4.25,0.2891214258180981,0.5,5.760109261387532,11.404268350204907,2.649918058153001,0.7272727272727273,0.8333333333333334,0.09166666666666667,0.08166666666666667,0.0,0.38235294117647056,0.3235294117647059,0.11437908496732026,0.08680555555555555
S2,4,W04_C4,Random context,16.0,4.0,0.24104770411540516,0.875,5.300773588664314,10.55250085414361,3.803249353307063,1.040257648953301,0.7752403846153846,0.10577819198508853,0.12220843672456576,0.15476190476190477,0.28174603174603174,0.32291666666666663,0.15476190476190477,0.05718954248366013
S2,4,W04_C5,Held-out,14.0,3.5000000000000004,0.26377909598044225,0.25,5.541826478197017,15.328597830538586,3.247552348017957,0.5,0.8823529411764706,0.058823529411764705,0.058823529411764705,0.14285714285714285,0.2857142857142857,0.14285714285714285,0.35714285714285715,0.07142857142857142
S2,4,W04_C5,EVAE,16.5,4.125,0.25107075309944216,1.0,5.436984292317737,10.768420116106682,3.853323890798005,1.063973063973064,0.7666666666666667,0.08854166666666666,0.14285714285714285,0.06458333333333333,0.4017857142857143,0.3125,0.16025641025641024,0.06066176470588235
S2,4,W04_C5,Reference,17.0,4.25,0.27893459915421015,0.375,5.738530384467015,10.676415079883148,2.663944183188139,0.8398268398268398,0.8079710144927537,0.1318840579710145,0.06439393939393939,0.0,0.36877828054298645,0.3235294117647059,0.13942307692307693,0.06971153846153846
S2,4,W04_C5,Random context,16.0,4.0,0.24476750466919123,1.0,5.260953995047404,10.280247203104532,3.803932307615246,1.1925925925925926,0.75,0.09232954545454546,0.15384615384615385,0.125,0.3125,0.3333333333333333,0.17708333333333331,0.06666666666666667
S2,4,W04_C6,Held-out,14.0,3.5000000000000004,0.25905405553288136,0.5,6.511450941302661,9.91213555696402,3.840765471182853,1.0,0.7777777777777778,0.1111111111111111,0.1111111111111111,0.07142857142857142,0.2857142857142857,0.2857142857142857,0.2857142857142857,0.07142857142857142
S2,4,W04_C6,EVAE,17.0,4.25,0.24577251824779883,1.0,5.278263092041016,10.834536735913147,3.8737567623143163,1.0,0.7828282828282829,0.08759590792838876,0.13348164627363737,0.14583333333333331,0.3333333333333333,0.26666666666666666,0.15490196078431373,0.06666666666666667
S2,4,W04_C6,Reference,17.0,4.25,0.27893459915421015,0.375,5.732937303169274,10.377753732687623,3.1652329719104637,0.8398268398268398,0.8079710144927537,0.1318840579710145,0.06439393939393939,0.0,0.3080495356037152,0.2647058823529412,0.22478991596638653,0.07417582417582418
S2,4,W04_C6,Random context,16.0,4.0,0.24412945180603957,0.75,5.463658952994957,10.658582372117952,3.8804084761372035,1.0785185185185187,0.7633333333333334,0.09838709677419355,0.11805555555555555,0.1213235294117647,0.30952380952380953,0.3137254901960784,0.19375,0.06666666666666667
S2,4,W04_C7,Held-out,7.0,1.7500000000000002,0.1334614129017256,0.0,5.018504269683641,15.556154386073118,4.9601997831235165,0.0,1.0,0.0,0.0,0.0,0.2857142857142857,0.2857142857142857,0.42857142857142855,0.0
S2,4,W04_C7,EVAE,15.5,3.875,0.2364724020838418,0.75,5.246865987438126,11.02757114171982,4.021329786739107,1.0,0.782608695652174,0.08893280632411067,0.1188235294117647,0.12916666666666665,0.3333333333333333,0.27222222222222225,0.1875,0.09401709401709402
S2,4,W04_C7,Reference,15.5,3.875,0.2487548717667277,0.25,5.546577499750209,9.929226323650743,3.1652329719104637,0.6493506493506493,0.8484848484848485,0.11067193675889328,0.04904306220095694,0.02631578947368421,0.3080495356037152,0.22478991596638653,0.26050420168067223,0.07692307692307693
S2,4,W04_C7,Random context,15.5,3.875,0.2311309606409268,0.625,5.169021785259247,10.794775005163604,3.9378330822968275,0.9415384615384615,0.8,0.08,0.10545454545454545,0.125,0.3125,0.29411764705882354,0.2,0.06666666666666667
S2,4,W04_C8,Held-out,8.0,2.0,0.13891592750526677,0.25,5.972609851824975,10.815706270223318,4.308812436409861,1.0,0.7777777777777778,0.1111111111111111,0.1111111111111111,0.125,0.375,0.25,0.25,0.0
S2,4,W04_C8,EVAE,16.0,4.0,0.23944603454880864,0.75,5.3146883845329285,10.576250715577345,3.852865079407053,0.8792270531400965,0.8074074074074074,0.08114035087719298,0.125,0.125,0.23529411764705882,0.3333333333333333,0.2222222222222222,0.06666666666666667
S2,4,W04_C8,Reference,14.5,3.8831058020477816,0.23935464117640864,0.39220705346985213,5.719310874980213,10.377753732687623,3.2180036776669567,0.5523809523809524,0.8651515151515152,0.08712121212121213,0.07614942528735633,0.05964912280701754,0.24269005847953215,0.32456140350877194,0.2967032967032967,0.07417582417582418
S2,4,W04_C8,Random context,16.0,4.0,0.24193628299161468,1.0,5.257416463534897,10.840030014514927,3.8545585252064485,1.1018518518518519,0.7664071190211346,0.09838709677419355,0.12701612903225806,0.15,0.29705882352941176,0.2803921568627451,0.16666666666666666,0.0625
S2,5,W05_C1,Held-out,18.0,4.5,0.3467098852637425,0.75,6.655195859095015,11.39567748827664,3.226338082839304,1.0,0.7777777777777778,0.1111111111111111,0.1111111111111111,0.05555555555555555,0.5,0.1111111111111111,0.1111111111111111,0.2222222222222222
S2,5,W05_C1,EVAE,16.0,4.0,0.2548923809846796,1.25,5.641538715222838,11.475937843322756,3.8540811810758315,1.2264957264957266,0.75,0.09449404761904762,0.18019480519480519,0.05718954248366013,0.4226190476190476,0.25,0.1213235294117647,0.125
S2,5,W05_C1,Reference,18.5,4.625,0.2991592759929241,0.6766211604095563,6.428089631077432,11.254589831075148,2.984272523643182,0.8757475083056478,0.7989921612541993,0.13100686498855835,0.08114035087719298,0.020833333333333332,0.46600877192982454,0.3214285714285714,0.10317460317460317,0.06696428571428571
S2,5,W05_C1,Random context,13.0,3.25,0.21878232885073426,0.75,5.559943543454914,11.554479837417604,4.216081164414458,1.0526315789473684,0.7727272727272727,0.08633540372670807,0.13636363636363635,0.07692307692307693,0.3076923076923077,0.22252747252747251,0.2330316742081448,0.10049019607843138
S2,5,W05_C2,Held-out,20.0,5.0,0.32042237361743786,0.5,5.768780979091961,11.148926287469656,3.030381797191848,0.34782608695652173,0.92,0.0,0.08,0.05,0.6,0.25,0.1,0.0
S2,5,W05_C2,EVAE,14.0,3.5000000000000004,0.2311902972307566,1.125,5.814471719797673,11.457509994506838,4.034097605630433,1.2635467980295567,0.7428571428571429,0.09545454545454546,0.17316341829085458,0.05131578947368421,0.46153846153846156,0.2264957264957265,0.15384615384615385,0.15192307692307694
S2,5,W05_C2,Reference,19.0,5.07693401592719,0.3007480006952884,0.9954493742889648,6.348132926003735,11.97908582608317,2.984272523643182,0.8757475083056478,0.7989921612541993,0.13100686498855835,0.08202687569988801,0.020833333333333332,0.48684210526315785,0.2857142857142857,0.09761904761904762,0.11466165413533834
S2,5,W05_C2,Random context,13.0,3.25,0.2109432283259055,0.75,4.842407554388048,11.340513705930753,4.10626915409728,0.9467787114845938,0.7860411899313502,0.09090909090909091,0.125,0.07692307692307693,0.3205128205128205,0.2153846153846154,0.23076923076923078,0.11309523809523808
S2,5,W05_C3,Held-out,17.0,4.25,0.30086403323803823,0.75,6.082605938997569,12.062526197998293,2.7202085973008123,1.3333333333333333,0.7142857142857143,0.14285714285714285,0.14285714285714285,0.11764705882352941,0.4117647058823529,0.35294117647058826,0.11764705882352941,0.0
S2,5,W05_C3,EVAE,13.5,3.375,0.21865590235211543,0.75,5.4944809667364884,11.550438642501831,4.161330868554968,1.0,0.7801932367149759,0.09035326086956522,0.13418290854572712,0.059027777777777776,0.46153846153846156,0.2638888888888889,0.14285714285714285,0.125
S2,5,W05_C3,Reference,19.0,5.07693401592719,0.3007480006952884,0.9954493742889648,6.207029686646969,11.357265506339026,2.87031612185233,0.8757475083056478,0.7989921612541993,0.13100686498855835,0.08202687569988801,0.04464285714285714,0.48684210526315785,0.26785714285714285,0.10263157894736842,0.07142857142857142
S2,5,W05_C3,Random context,13.0,3.25,0.20645116126514523,0.875,5.488377029174966,11.3900859951973,4.084217982327772,1.2307692307692308,0.7459677419354839,0.0625,0.167601683029453,0.06787330316742082,0.3431372549019608,0.23443223443223443,0.19871794871794873,0.13942307692307693
S2,5,W05_C4,Held-out,17.0,4.25,0.2933439100894184,0.5,5.786156737430273,12.534539731692448,2.6076797690754656,1.0,0.7727272727272727,0.13636363636363635,0.09090909090909091,0.0,0.5882352941176471,0.29411764705882354,0.058823529411764705,0.058823529411764705
S2,5,W05_C4,EVAE,13.0,3.25,0.22407923485724746,0.875,5.9314751625061035,11.645367294549946,3.969890578592401,1.101010101010101,0.7609523809523809,0.08035714285714285,0.14039408866995073,0.058823529411764705,0.36877828054298645,0.25,0.16666666666666666,0.09429824561403508
S2,5,W05_C4,Reference,16.5,4.36589874857793,0.2963147618779004,0.5516211604095563,6.207029686646969,13.65312032561235,2.87031612185233,0.8207792207792208,0.8077803203661327,0.12290969899665552,0.07518796992481203,0.023809523809523808,0.4473684210526315,0.24812030075187969,0.13157894736842105,0.05952380952380952
S2,5,W05_C4,Random context,13.0,3.25,0.21234407935874772,0.75,5.389691839158706,11.651020109653473,4.1072437313617405,1.0185185185185186,0.7819293478260869,0.059714795008912656,0.13664596273291924,0.07692307692307693,0.29411764705882354,0.2720588235294118,0.2330316742081448,0.13574660633484165
S2,5,W05_C5,Held-out,17.0,4.25,0.28297986919895785,0.25,5.679717868908276,11.659610412940157,2.297728684987967,1.5238095238095237,0.6363636363636364,0.3181818181818182,0.045454545454545456,0.0,0.35294117647058826,0.23529411764705882,0.23529411764705882,0.17647058823529413
S2,5,W05_C5,EVAE,13.0,3.25,0.21860456220335142,0.75,5.81407720189132,11.540509308394022,4.050762513476657,0.8888888888888888,0.8138528138528138,0.06226053639846743,0.13664596273291924,0.06971153846153846,0.3431372549019608,0.23076923076923078,0.1715686274509804,0.15384615384615385
S2,5,W05_C5,Reference,14.0,3.74089874857793,0.2740675523889152,0.5344141069397043,6.348132926003735,12.665022876615698,2.6832306548829536,0.75,0.8300653594771241,0.09401709401709402,0.09126984126984126,0.03571428571428571,0.36038961038961037,0.2928571428571428,0.23636363636363636,0.07142857142857142
S2,5,W05_C5,Random context,13.5,3.375,0.22284204086776138,0.875,5.173266196232382,11.384158760695215,4.167534823480352,0.9705882352941176,0.791304347826087,0.07179487179487179,0.15384615384615385,0.07692307692307693,0.31009615384615385,0.23076923076923078,0.2264957264957265,0.13392857142857142
S2,5,W05_C6,Held-out,18.0,4.5,0.28489894154677775,0.5,4.745790391651382,10.681179323613785,2.5911235598160216,0.7272727272727273,0.8333333333333334,0.08333333333333333,0.08333333333333333,0.0,0.16666666666666666,0.5,0.1111111111111111,0.2222222222222222
S2,5,W05_C6,EVAE,13.0,3.25,0.2164841365913351,0.75,5.6924376387116755,11.423124683230359,4.02136065326426,1.0955882352941178,0.775,0.05263157894736842,0.1539473684210526,0.08333333333333333,0.3076923076923077,0.23076923076923078,0.25,0.15384615384615385
S2,5,W05_C6,Reference,14.0,3.5000000000000004,0.2614165757566618,0.39220705346985213,6.154667291616096,12.430880794702325,2.918084969636306,0.4722222222222222,0.8894523326572008,0.06787330316742082,0.08448275862068966,0.0,0.2857142857142857,0.2857142857142857,0.30952380952380953,0.10238095238095238
S2,5,W05_C6,Random context,13.0,3.25,0.2073533681002277,0.875,5.201912445860655,11.514449099840494,4.087678605294197,1.1168831168831168,0.7646153846153847,0.08633540372670807,0.1455026455026455,0.08012820512820512,0.35294117647058826,0.2330316742081448,0.23076923076923078,0.07692307692307693
S2,5,W05_C7,Held-out,18.0,4.5,0.27488932910946245,0.5,5.4134371305921425,10.67165083615251,3.0089793752468768,0.9523809523809523,0.782608695652174,0.13043478260869565,0.08695652173913043,0.0,0.2222222222222222,0.3333333333333333,0.3333333333333333,0.1111111111111111
S2,5,W05_C7,EVAE,13.0,3.25,0.21743962294897506,0.875,5.443075281423843,11.379897838020856,4.165936782991366,0.9561904761904761,0.8,0.054093567251461985,0.14835164835164835,0.07142857142857142,0.3076923076923077,0.2403846153846154,0.2857142857142857,0.14835164835164835
S2,5,W05_C7,Reference,12.5,3.3142775881683737,0.23595313608998175,0.26720705346985213,5.99889723559663,12.430880794702325,3.544158909600405,0.4722222222222222,0.8894523326572008,0.06787330316742082,0.08448275862068966,0.0,0.2857142857142857,0.2857142857142857,0.34523809523809523,0.07142857142857142
S2,5,W05_C7,Random context,13.0,3.25,0.21315893789301904,0.625,5.500793767850908,11.507519067867891,4.1795448264089305,0.9150326797385621,0.7994987468671679,0.07072368421052631,0.12007168458781362,0.06971153846153846,0.3431372549019608,0.2426470588235294,0.2264957264957265,0.15384615384615385
S2,5,W05_C8,Held-out,19.0,4.75,0.3000288728304241,0.75,6.357388180674631,10.083856629222733,3.427027980087037,1.44,0.6785714285714286,0.21428571428571427,0.10714285714285714,0.10526315789473684,0.21052631578947367,0.21052631578947367,0.3157894736842105,0.15789473684210525
S2,5,W05_C8,EVAE,13.0,3.25,0.2098186537529608,0.75,5.73158311533874,11.30537992137362,4.0338660912844215,0.898989898989899,0.8086080586080586,0.07289002557544758,0.12771739130434784,0.08333333333333333,0.25,0.21428571428571427,0.3333333333333333,0.14285714285714285
S2,5,W05_C8,Reference,12.0,3.1892775881683733,0.1978533069897748,0.26720705346985213,5.99889723559663,10.897480471939218,3.876015055523773,0.5079365079365079,0.8800940438871474,0.06269592476489028,0.08448275862068966,0.0,0.2857142857142857,0.2857142857142857,0.2967032967032967,0.07142857142857142
S2,5,W05_C8,Random context,13.0,3.25,0.21529299271510483,0.75,5.51068814509941,11.33168557086617,4.00696708964112,1.0555555555555556,0.7734604105571847,0.05277777777777778,0.14907407407407408,0.08012820512820512,0.2857142857142857,0.2403846153846154,0.256578947368421,0.08333333333333333
S2,6,W06_C1,Held-out,24.0,6.825938566552901,0.38839692265529957,1.137656427758817,5.378163305792594,8.309629908384643,1.8604537527422829,0.8372093023255814,0.8085106382978723,0.10638297872340426,0.0851063829787234,0.0,0.4583333333333333,0.3333333333333333,0.041666666666666664,0.16666666666666666
S2,6,W06_C1,EVAE,13.0,3.6973833902161553,0.23659784251390886,0.8532423208191127,5.835883060672462,11.465733783252771,3.9083461554622003,1.0596491228070175,0.7619047619047619,0.09761904761904762,0.12333965844402277,0.0,0.4226190476190476,0.23076923076923078,0.15476190476190477,0.16666666666666666
S2,6,W06_C1,Reference,17.0,4.25,0.2991592759929241,0.5,6.271012648786796,12.298532964845371,3.04744486616581,0.8636363636363636,0.8019323671497585,0.12077294685990338,0.08545454545454545,0.0,0.5277777777777778,0.2899159663865546,0.10555555555555556,0.06512605042016806
S2,6,W06_C1,Random context,12.0,3.4129692832764507,0.22762577316948523,0.7110352673492606,5.817742032400304,11.494696878947558,3.9878372843301992,0.9411764705882353,0.7947368421052632,0.08452380952380953,0.1213235294117647,0.06111111111111111,0.2857142857142857,0.25,0.21428571428571427,0.16666666666666666
S2,6,W06_C2,Held-out,21.0,5.972696245733789,0.301552835209183,0.8532423208191127,4.586136073607414,7.229137004989051,2.9627885251934067,0.9142857142857143,0.7894736842105263,0.13157894736842105,0.07894736842105263,0.0,0.5714285714285714,0.3333333333333333,0.09523809523809523,0.0
S2,6,W06_C2,EVAE,12.0,3.4129692832764507,0.2245220195017625,0.5688282138794085,5.7724286575094705,11.776889371022026,4.062286766798447,0.8654970760233918,0.8138528138528138,0.05555555555555555,0.11324786324786325,0.03333333333333333,0.4166666666666667,0.25,0.16666666666666666,0.16666666666666666
S2,6,W06_C2,Reference,17.0,4.25,0.2991592759929241,0.5,6.106257674213799,11.861068305469225,3.0180691596424025,1.0,0.7752525252525253,0.13339920948616601,0.08545454545454545,0.0,0.48684210526315785,0.26785714285714285,0.11437908496732026,0.07142857142857142
S2,6,W06_C2,Random context,12.0,3.4129692832764507,0.22694886025750477,0.8532423208191127,5.845625079643074,11.47846594878541,4.049020451358231,1.0717948717948718,0.7752525252525253,0.06458333333333333,0.14285714285714285,0.0,0.275,0.3076923076923077,0.2426470588235294,0.16666666666666666
S2,6,W06_C3,Held-out,19.0,5.403868031854381,0.43186370800513113,1.99089874857793,6.781479266351946,15.014232883096385,2.777843718511253,1.935483870967742,0.6052631578947368,0.21052631578947367,0.18421052631578946,0.05263157894736842,0.5789473684210527,0.3684210526315789,0.0,0.0
S2,6,W06_C3,EVAE,13.0,3.6973833902161553,0.2265746319578205,0.8532423208191127,5.68903454195539,11.293512417934611,3.975779834061877,1.0526315789473684,0.770979020979021,0.07692307692307693,0.13339920948616601,0.0,0.4166666666666667,0.26136363636363635,0.15384615384615385,0.14835164835164835
S2,6,W06_C3,Reference,17.0,4.25,0.2991592759929241,0.5,6.106257674213799,12.298532964845371,3.0180691596424025,1.0,0.7752525252525253,0.13339920948616601,0.08545454545454545,0.0,0.5277777777777778,0.26785714285714285,0.11437908496732026,0.06512605042016806
S2,6,W06_C3,Random context,12.0,3.4129692832764507,0.21379961977466405,0.8532423208191127,5.742646810741482,11.19563076142796,4.177545653563445,1.0717948717948718,0.7656862745098039,0.10263157894736842,0.1396103896103896,0.0,0.2863636363636364,0.2863636363636364,0.18181818181818182,0.16666666666666666
S2,6,W06_C4,Held-out,19.0,5.403868031854381,0.3529510820943094,1.99089874857793,6.284149963863907,9.759081441029629,2.2883759944811217,1.5757575757575757,0.675,0.15,0.175,0.05263157894736842,0.47368421052631576,0.2631578947368421,0.10526315789473684,0.10526315789473684
S2,6,W06_C4,EVAE,13.0,3.6973833902161553,0.24008022280293065,0.8532423208191127,5.646147623675318,11.339237540960317,4.099962206502195,0.9761904761904762,0.7735042735042735,0.06066176470588235,0.13664596273291924,0.0,0.4391025641025641,0.25,0.10882352941176471,0.14285714285714285
S2,6,W06_C4,Reference,17.0,4.25,0.2891214258180981,0.375,5.777468858261117,12.298532964845371,2.87529519724633,0.7272727272727273,0.8297101449275363,0.1068840579710145,0.0757142857142857,0.0,0.44272445820433437,0.2720588235294118,0.11437908496732026,0.11764705882352941
S2,6,W06_C4,Random context,12.0,3.4129692832764507,0.22561970645666907,0.8532423208191127,5.462408077611885,11.158759956434945,4.020250032244626,0.9285714285714286,0.8,0.05012531328320802,0.12404092071611253,0.0,0.3333333333333333,0.25,0.16666666666666666,0.10101010101010101
S2,6,W06_C5,Held-out,14.0,3.98179749715586,0.21285221664708218,0.0,4.4494208343738295,9.151328533785524,2.5886175912546543,0.3076923076923077,0.9230769230769231,0.07692307692307693,0.0,0.07142857142857142,0.2857142857142857,0.14285714285714285,0.35714285714285715,0.14285714285714285
S2,6,W06_C5,EVAE,13.0,3.6973833902161553,0.23621881227108793,0.8532423208191127,5.860718037511406,11.439282615197978,3.9967253964552523,1.1437908496732025,0.7613636363636364,0.0757142857142857,0.15192307692307694,0.06203007518796992,0.26794258373205737,0.3038461538461539,0.20714285714285713,0.16228070175438597
S2,6,W06_C5,Reference,17.0,4.25,0.27893459915421015,0.5,5.732937303169274,11.861068305469225,2.8645939862738445,0.9761904761904762,0.7801932367149759,0.12077294685990338,0.08514492753623187,0.0,0.31932773109243695,0.29705882352941176,0.1764705882352941,0.06512605042016806
S2,6,W06_C5,Random context,12.0,3.4129692832764507,0.2252725907349461,0.8532423208191127,5.8709856101719495,11.601734881540487,4.065588154955008,1.2153846153846155,0.743421052631579,0.1,0.13636363636363635,0.07692307692307693,0.3333333333333333,0.26136363636363635,0.16025641025641024,0.16666666666666666
S2,6,W06_C6,Held-out,11.0,3.128555176336747,0.2942541379513464,1.7064846416382253,8.361312726714532,16.05152969724085,2.3498449404995476,1.8,0.6538461538461539,0.11538461538461539,0.23076923076923078,0.0,0.36363636363636365,0.36363636363636365,0.2727272727272727,0.0
S2,6,W06_C6,EVAE,12.5,3.555176336746303,0.22807961046686703,0.8532423208191127,5.764658823609353,11.408408761024477,4.098046219311453,1.0,0.7841614906832298,0.08695652173913043,0.13339920948616601,0.027777777777777776,0.27525252525252525,0.3205128205128205,0.16025641025641024,0.15384615384615385
S2,6,W06_C6,Reference,17.0,4.25,0.27893459915421015,0.5,5.610772173552647,11.170394868276972,3.128265861632417,0.9761904761904762,0.7801932367149759,0.12077294685990338,0.08514492753623187,0.0,0.2857142857142857,0.2899159663865546,0.3007518796992481,0.06512605042016806
S2,6,W06_C6,Random context,12.0,3.4129692832764507,0.22010422800056706,0.7110352673492606,5.636321216302599,11.111319455272259,4.066861687413789,0.8571428571428571,0.8,0.059027777777777776,0.13348164627363737,0.0,0.2777777777777778,0.3333333333333333,0.16666666666666666,0.16666666666666666
S2,6,W06_C7,Held-out,15.0,4.266211604095563,0.28435600879738815,0.5688282138794085,6.025184619368284,10.979254673655118,2.34834907385374,0.4444444444444444,0.896551724137931,0.034482758620689655,0.06896551724137931,0.0,0.26666666666666666,0.4,0.2,0.13333333333333333
S2,6,W06_C7,EVAE,12.5,3.555176336746303,0.23201425799621178,0.8532423208191127,5.743336561421951,10.964243538686928,4.045108161536337,1.0787878787878786,0.7623529411764706,0.09600614439324116,0.13636363636363635,0.059027777777777776,0.25,0.3333333333333333,0.17424242424242425,0.16666666666666666
S2,6,W06_C7,Reference,17.0,4.25,0.27893459915421015,0.5,5.732937303169274,10.748442796918551,3.2180036776669567,1.0,0.7777777777777778,0.12077294685990338,0.08893280632411067,0.0,0.2857142857142857,0.2899159663865546,0.3007518796992481,0.05718954248366013
S2,6,W06_C7,Random context,12.0,3.4129692832764507,0.22525593284542506,0.8532423208191127,5.734825310905672,11.288376555360028,4.05208576903886,1.1596638655462184,0.75,0.09761904761904762,0.14285714285714285,0.0,0.3,0.28174603174603174,0.16666666666666666,0.16666666666666666
S2,6,W06_C8,Held-out,6.0,1.7064846416382253,0.15047378648833223,0.28441410693970426,7.596961118502397,13.88250691574953,6.539325736221294,0.4444444444444444,0.9,0.0,0.1,0.0,0.0,0.3333333333333333,0.3333333333333333,0.3333333333333333
S2,6,W06_C8,EVAE,12.5,3.555176336746303,0.22489800213813832,0.8532423208191127,5.802417573204277,11.198869098262588,4.0126446458949925,1.1596638655462184,0.7573529411764706,0.09166666666666667,0.14852941176470588,0.0,0.25,0.275,0.25,0.16228070175438597
S2,6,W06_C8,Reference,15.5,3.875,0.2693342125449524,0.375,5.610772173552647,10.748442796918551,3.3372901640524972,0.9761904761904762,0.7801932367149759,0.1111111111111111,0.08514492753623187,0.0,0.2857142857142857,0.2857142857142857,0.32456140350877194,0.06349206349206349
S2,6,W06_C8,Random context,12.0,3.4129692832764507,0.22488201870694433,0.8532423208191127,5.663043380382952,11.313390026326228,4.018073954717407,1.1047619047619048,0.7647058823529411,0.09090909090909091,0.1539473684210526,0.0,0.3205128205128205,0.26136363636363635,0.20714285714285713,0.2
S3,0,W00_C1,Held-out,26.0,8.419689119170984,0.36886493083918165,0.6476683937823834,3.9767038372290573,8.80727841104836,2.280035603598655,0.43478260869565216,0.8958333333333334,0.0625,0.041666666666666664,0.07692307692307693,0.3076923076923077,0.46153846153846156,0.07692307692307693,0.07692307692307693
S3,0,W00_C1,EVAE,11.0,3.562176165803109,0.20218985795967812,0.6476683937823834,4.601413298556322,10.007056820749405,4.084710026093115,0.9230769230769231,0.8110119047619048,0.06666666666666667,0.12916666666666665,0.09090909090909091,0.2727272727272727,0.25,0.17424242424242425,0.16666666666666666
S3,0,W00_C1,Reference,11.0,2.875,0.1937042925399885,0.25,5.523448244248769,11.230037977282509,4.060153691295214,0.26495726495726496,0.9365079365079365,0.0,0.05,0.0,0.23333333333333334,0.2159090909090909,0.26785714285714285,0.1575757575757576
S3,0,W00_C1,Random context,11.5,3.7240932642487046,0.20339017410215243,0.6476683937823834,4.34973702385906,9.974808752536774,4.064934004000248,0.9321266968325792,0.8009868421052632,0.06904761904761905,0.11764705882352941,0.07417582417582418,0.36363636363636365,0.2727272727272727,0.16666666666666666,0.16666666666666666
S3,0,W00_C2,Held-out,20.0,6.476683937823833,0.3247269720332753,0.9715025906735751,4.726287068764206,7.382177955887855,2.397915277801721,0.8235294117647058,0.8108108108108109,0.10810810810810811,0.08108108108108109,0.1,0.2,0.5,0.05,0.15
S3,0,W00_C2,EVAE,10.0,3.2383419689119166,0.19840514420885408,0.3238341968911917,4.5733283403798435,10.24895679068294,4.232407220745367,0.7165775401069518,0.8441295546558705,0.07142857142857142,0.08012820512820512,0.08712121212121213,0.3,0.2727272727272727,0.18181818181818182,0.18181818181818182
S3,0,W00_C2,Reference,11.0,2.875,0.16799139756519033,0.2869170984455959,5.523448244248769,11.039774326578797,4.2799559374190395,0.3643724696356275,0.9142857142857144,0.025,0.05277777777777778,0.041666666666666664,0.225,0.2159090909090909,0.26785714285714285,0.13257575757575757
S3,0,W00_C2,Random context,11.0,3.562176165803109,0.2097611445696858,0.3238341968911917,4.404895811671558,10.13891592756484,4.162537368954686,0.7529411764705882,0.834096109839817,0.06904761904761905,0.08391608391608392,0.08333333333333333,0.36363636363636365,0.2863636363636364,0.16783216783216784,0.09090909090909091
S3,0,W01_C1,Held-out,11.0,2.75,0.24174297797332564,0.0,7.961050791263737,13.013510234084533,3.9891290048993024,0.0,1.0,0.0,0.0,0.09090909090909091,0.09090909090909091,0.2727272727272727,0.5454545454545454,0.0
S3,0,W01_C1,EVAE,13.5,3.375,0.1967932528794178,0.5,5.017064944192548,9.953716635704042,4.196070963896781,0.8,0.820855614973262,0.05555555555555555,0.10317460317460317,0.07142857142857142,0.14835164835164835,0.25,0.3333333333333333,0.17424242424242425
S3,0,W01_C1,Reference,11.0,2.875,0.1937042925399885,0.25,5.523448244248769,11.230037977282509,4.060153691295214,0.26495726495726496,0.9365079365079365,0.0,0.05,0.0,0.23333333333333334,0.2159090909090909,0.26785714285714285,0.1575757575757576
S3,0,W01_C1,Random context,14.0,3.5000000000000004,0.19512791649616112,0.5,4.836145333456722,9.924762725830078,4.352893408113896,0.6862745098039216,0.8333333333333334,0.05718954248366013,0.08333333333333333,0.07142857142857142,0.30952380952380953,0.2857142857142857,0.21428571428571427,0.14285714285714285
S3,0,W01_C2,Held-out,10.0,2.5,0.17345085618346825,0.0,4.716512662884094,15.137111043789545,4.196597783358961,0.3333333333333333,0.9166666666666666,0.08333333333333333,0.0,0.1,0.0,0.4,0.2,0.3
S3,0,W01_C2,EVAE,13.0,3.25,0.2001675286402927,0.25,4.925556757105895,9.873983766594367,4.255326267959612,0.7165775401069518,0.8333333333333334,0.09808612440191387,0.054093567251461985,0.07142857142857142,0.2582417582417582,0.25,0.2792207792207792,0.16025641025641024
S3,0,W01_C2,Reference,11.0,2.875,0.1937042925399885,0.25,5.523448244248769,11.230037977282509,4.060153691295214,0.26495726495726496,0.9365079365079365,0.0,0.05,0.0,0.23333333333333334,0.2159090909090909,0.26785714285714285,0.1575757575757576
S3,0,W01_C2,Random context,14.0,3.5000000000000004,0.1963337156404587,0.5,4.977726312669473,9.99821364352242,4.25159438241118,0.7114624505928854,0.8366666666666667,0.054093567251461985,0.09307359307359307,0.07142857142857142,0.2727272727272727,0.26666666666666666,0.26666666666666666,0.09090909090909091
S3,0,W02_C1,Held-out,14.0,3.5000000000000004,0.32891885949031185,1.25,10.186813123587797,14.385309729745117,2.4259103578359693,2.1333333333333333,0.6,0.15,0.25,0.07142857142857142,0.5,0.14285714285714285,0.07142857142857142,0.21428571428571427
S3,0,W02_C1,EVAE,14.0,3.5000000000000004,0.20341807034296283,0.5,5.048089667607991,9.863811552524568,4.153016680087342,0.6967418546365914,0.8416149068322981,0.06349206349206349,0.08695652173913043,0.07142857142857142,0.2761904761904762,0.2792207792207792,0.25,0.15476190476190477
S3,0,W02_C1,Reference,11.5,2.875,0.2216701915407114,0.125,5.910406720466893,11.412362567042079,4.060153691295214,0.26495726495726496,0.9365079365079365,0.0,0.025,0.0,0.26969696969696966,0.26785714285714285,0.19166666666666665,0.1575757575757576
S3,0,W02_C1,Random context,14.0,3.5000000000000004,0.20361876499573336,0.5,5.071501584980744,9.876991297868127,4.0903616935017535,0.8377192982456141,0.8198051948051948,0.05718954248366013,0.09523809523809523,0.07692307692307693,0.2857142857142857,0.2857142857142857,0.21428571428571427,0.14285714285714285
S3,0,W02_C2,Held-out,10.0,2.5,0.25083376894444753,1.25,10.218133675874576,15.896584126163255,2.8544575686984337,2.2222222222222223,0.6428571428571429,0.0,0.35714285714285715,0.0,0.3,0.5,0.2,0.0
S3,0,W02_C2,EVAE,14.0,3.5000000000000004,0.2011356960919672,0.5,4.974614735835701,10.034575134515762,4.207321232203062,0.5857142857142856,0.866600790513834,0.04880952380952381,0.09307359307359307,0.07142857142857142,0.2857142857142857,0.24871794871794872,0.26136363636363635,0.1380952380952381
S3,0,W02_C2,Reference,13.5,3.375,0.2216701915407114,0.25,5.910406720466893,11.412362567042079,3.463019841223124,0.35384615384615387,0.9142857142857144,0.023809523809523808,0.05,0.0,0.29261363636363635,0.26785714285714285,0.19166666666666665,0.1575757575757576
S3,0,W02_C2,Random context,14.0,3.5000000000000004,0.19886621094634838,0.5,4.865939177672511,9.882334522939543,4.331623833676417,0.780952380952381,0.8221343873517787,0.07417582417582418,0.08893280632411067,0.07142857142857142,0.3205128205128205,0.26136363636363635,0.23214285714285715,0.14285714285714285
S3,0,W03_C1,Held-out,16.0,4.0,0.2509362444756549,0.25,7.704398122767024,10.070671318371105,2.1498836208574135,0.9411764705882353,0.7777777777777778,0.16666666666666666,0.05555555555555555,0.0625,0.25,0.5625,0.125,0.0
S3,0,W03_C1,EVAE,14.0,3.5000000000000004,0.19485686261878882,0.5,4.77358052149671,9.818937480449677,4.282456884349751,0.6967418546365914,0.8452380952380952,0.06066176470588235,0.09090909090909091,0.03333333333333333,0.34523809523809523,0.26136363636363635,0.2403846153846154,0.13333333333333333
S3,0,W03_C1,Reference,12.5,3.125,0.22723070367030374,0.25,6.271012648786796,11.561037877894869,3.463019841223124,0.35384615384615387,0.9142857142857144,0.027777777777777776,0.060714285714285714,0.0,0.3485576923076923,0.2928571428571428,0.18205128205128207,0.12916666666666665
S3,0,W03_C1,Random context,14.0,3.5000000000000004,0.18786665127401442,0.5,4.689775749053247,9.816937790140406,4.228698645794527,0.7100840336134454,0.8429276315789473,0.05131578947368421,0.09523809523809523,0.0,0.3333333333333333,0.2792207792207792,0.21428571428571427,0.14285714285714285
S3,0,W03_C2,Held-out,18.0,4.5,0.2809170931001529,0.5,4.544891010979641,11.50645758163238,3.4432864807751384,0.36363636363636365,0.9166666666666666,0.0,0.08333333333333333,0.05555555555555555,0.3888888888888889,0.3333333333333333,0.2222222222222222,0.0
S3,0,W03_C2,EVAE,14.0,3.5000000000000004,0.1980781736348742,0.5,4.943151295871394,9.810509771108627,4.290220891367715,0.6157894736842104,0.8603896103896104,0.04880952380952381,0.08893280632411067,0.03333333333333333,0.35714285714285715,0.2857142857142857,0.21428571428571427,0.14285714285714285
S3,0,W03_C2,Reference,13.5,3.375,0.22723070367030374,0.25,6.134989881204254,11.177192602466956,3.4097270460713403,0.3076923076923077,0.9285714285714286,0.027777777777777776,0.05,0.0,0.3485576923076923,0.275,0.1738095238095238,0.1380952380952381
S3,0,W03_C2,Random context,13.0,3.25,0.1944659556270847,0.5,4.943428150015069,9.913092494010925,4.2830833500326815,0.5393939393939393,0.8722826086956521,0.05277777777777778,0.09090909090909091,0.0,0.3333333333333333,0.2857142857142857,0.23076923076923078,0.11212121212121212
S3,0,W04_C1,Held-out,14.0,3.5000000000000004,0.2657556868500553,0.0,6.726269852724834,11.002722080517916,3.0645079351397713,0.21052631578947367,0.9473684210526315,0.05263157894736842,0.0,0.0,0.42857142857142855,0.42857142857142855,0.0,0.14285714285714285
S3,0,W04_C1,EVAE,14.0,3.5000000000000004,0.20211005602134707,0.5,4.864198727132196,9.786282232673111,4.173282097679952,0.7375565610859729,0.8377192982456141,0.054093567251461985,0.09090909090909091,0.03333333333333333,0.38461538461538464,0.23076923076923078,0.21428571428571427,0.13333333333333333
S3,0,W04_C1,Reference,15.0,3.75,0.24303839663534058,0.25,5.958033073430151,12.063955014385655,3.085385300286224,0.6210526315789473,0.8500000000000001,0.10263157894736842,0.060714285714285714,0.0,0.4256410256410257,0.3038461538461539,0.1125,0.09191176470588236
S3,0,W04_C1,Random context,14.0,3.5000000000000004,0.20248524079407904,0.5,4.858759565715665,9.77394046621561,4.207250936880213,0.775,0.8258145363408521,0.05131578947368421,0.09761904761904762,0.06904761904761905,0.2967032967032967,0.2967032967032967,0.2,0.12916666666666665
S3,0,W04_C2,Held-out,14.0,3.5000000000000004,0.2999431661813938,1.5,7.123017996811564,15.3534709254793,3.005756522092957,2.5714285714285716,0.55,0.15,0.3,0.0,0.5,0.2857142857142857,0.14285714285714285,0.07142857142857142
S3,0,W04_C2,EVAE,14.0,3.5000000000000004,0.20313631014597486,0.5,4.862860740745905,9.944302499294283,4.33637876570412,0.7114624505928854,0.84,0.05012531328320802,0.08514492753623187,0.03333333333333333,0.35714285714285715,0.2857142857142857,0.21428571428571427,0.11212121212121212
S3,0,W04_C2,Reference,15.0,3.75,0.24303839663534058,0.25,5.958033073430151,12.063955014385655,3.085385300286224,0.6210526315789473,0.8500000000000001,0.10263157894736842,0.060714285714285714,0.0,0.4256410256410257,0.3038461538461539,0.1125,0.09191176470588236
S3,0,W04_C2,Random context,14.0,3.5000000000000004,0.19890835194797493,0.5,5.05856073930436,9.9890514088622,4.317413364860677,0.6956521739130435,0.8410526315789473,0.05964912280701754,0.08,0.07142857142857142,0.35714285714285715,0.2857142857142857,0.21428571428571427,0.11212121212121212
S3,0,W05_C1,Held-out,18.0,4.5,0.3467098852637425,0.75,6.655195859095015,11.39567748827664,3.226338082839304,1.0,0.7777777777777778,0.1111111111111111,0.1111111111111111,0.05555555555555555,0.5,0.1111111111111111,0.1111111111111111,0.2222222222222222
S3,0,W05_C1,EVAE,14.0,3.5000000000000004,0.20336346460365123,0.5,4.830499107054857,9.699828095414418,4.244633116013579,0.681159420289855,0.8421052631578947,0.08545454545454545,0.09005376344086022,0.0,0.35714285714285715,0.26136363636363635,0.1846590909090909,0.14835164835164835
S3,0,W05_C1,Reference,16.0,4.0,0.27003645401740944,0.375,6.207029686646969,12.097075072316303,2.749026157906033,1.125,0.7547846889952152,0.1431818181818182,0.08116883116883117,0.0,0.443859649122807,0.29705882352941176,0.10263157894736842,0.08204334365325078
S3,0,W05_C1,Random context,14.0,3.5000000000000004,0.19799047662998243,0.5,4.761655974829138,9.900589317083359,4.298842832801485,0.6571428571428571,0.8443548387096774,0.061669829222011384,0.09307359307359307,0.03333333333333333,0.2727272727272727,0.2967032967032967,0.2583333333333333,0.14285714285714285
S3,0,W05_C2,Held-out,20.0,5.0,0.32042237361743786,0.5,5.768780979091961,11.148926287469656,3.030381797191848,0.34782608695652173,0.92,0.0,0.08,0.05,0.6,0.25,0.1,0.0
S3,0,W05_C2,EVAE,14.0,3.5000000000000004,0.2072971267436172,0.625,4.876540758954182,10.299769072882839,4.203236960944405,0.7513227513227513,0.8260869565217391,0.07703703703703704,0.09520239880059969,0.0,0.39230769230769236,0.2857142857142857,0.19375,0.125
S3,0,W05_C2,Reference,16.0,4.0,0.27003645401740944,0.375,6.207029686646969,12.097075072316303,2.749026157906033,1.125,0.7547846889952152,0.1431818181818182,0.08116883116883117,0.0,0.443859649122807,0.29705882352941176,0.10263157894736842,0.08204334365325078
S3,0,W05_C2,Random context,14.0,3.5000000000000004,0.20565463486405638,0.5,4.9054275567885055,9.947666376829147,4.298256966161586,0.7338935574229692,0.8257575757575758,0.07407407407407407,0.09285714285714286,0.07142857142857142,0.2857142857142857,0.2857142857142857,0.21428571428571427,0.13392857142857142
S3,0,W06_C1,Held-out,24.0,6.825938566552901,0.38839692265529957,1.137656427758817,5.378163305792594,8.309629908384643,1.8604537527422829,0.8372093023255814,0.8085106382978723,0.10638297872340426,0.0851063829787234,0.041666666666666664,0.4583333333333333,0.3333333333333333,0.041666666666666664,0.125
S3,0,W06_C1,EVAE,13.5,3.8395904436860073,0.19592362393475976,0.5688282138794085,4.3489027596724235,9.823738008737564,4.150055228062387,0.7338935574229692,0.834096109839817,0.0754985754985755,0.10526315789473684,0.06904761904761905,0.38181818181818183,0.2792207792207792,0.19805194805194803,0.09090909090909091
S3,0,W06_C1,Reference,16.0,4.11589874857793,0.27003645401740944,0.375,6.207029686646969,12.097075072316303,2.663944183188139,1.125,0.7547846889952152,0.1431818181818182,0.08116883116883117,0.03571428571428571,0.443859649122807,0.2647058823529412,0.10263157894736842,0.08204334365325078
S3,0,W06_C1,Random context,12.0,3.4129692832764507,0.19427436684691035,0.5688282138794085,4.322613597129848,9.95497810840607,4.289391513410677,0.9,0.8065015479876161,0.07846153846153847,0.11437908496732026,0.0,0.2928571428571428,0.3038461538461539,0.20714285714285713,0.14285714285714285
S3,0,W06_C2,Held-out,21.0,5.972696245733789,0.301552835209183,0.8532423208191127,4.586136073607414,7.229137004989051,2.9627885251934067,0.9142857142857143,0.7894736842105263,0.13157894736842105,0.07894736842105263,0.047619047619047616,0.5238095238095238,0.3333333333333333,0.09523809523809523,0.0
S3,0,W06_C2,EVAE,14.0,3.98179749715586,0.21341324054514454,0.5688282138794085,4.570965152998491,9.963512808084488,4.095294511816545,0.7619047619047619,0.8221343873517787,0.08193979933110368,0.08514492753623187,0.06904761904761905,0.3708791208791209,0.2857142857142857,0.16233766233766234,0.14285714285714285
S3,0,W06_C2,Reference,16.0,4.11589874857793,0.27003645401740944,0.375,6.207029686646969,12.097075072316303,2.663944183188139,1.125,0.7547846889952152,0.1431818181818182,0.08116883116883117,0.03571428571428571,0.443859649122807,0.2647058823529412,0.10263157894736842,0.08204334365325078
S3,0,W06_C2,Random context,13.0,3.6973833902161553,0.2012601207922138,0.5688282138794085,4.588617387598157,10.193400601825038,4.127056539636003,0.7279411764705883,0.8421052631578947,0.059027777777777776,0.10818713450292397,0.07142857142857142,0.3333333333333333,0.25,0.19090909090909092,0.13333333333333333
S3,1,W00_C3,Held-out,11.0,3.562176165803109,0.22579231915365777,0.3238341968911917,5.466307606949449,12.379438734455537,2.5365401269167984,0.26666666666666666,0.9375,0.0,0.0625,0.18181818181818182,0.18181818181818182,0.2727272727272727,0.36363636363636365,0.0
S3,1,W00_C3,EVAE,10.0,3.2383419689119166,0.19141466079568448,0.6476683937823834,5.864021157108024,9.91614558432373,3.8930681470600863,1.0,0.7905701754385965,0.08012820512820512,0.11805555555555555,0.0,0.4,0.3,0.1111111111111111,0.1111111111111111
S3,1,W00_C3,Reference,11.5,3.5310880829015545,0.2462883734588866,0.4857512953367875,4.758774274561439,10.910394322566447,2.9415507433624635,0.6173913043478261,0.8570075757575758,0.07670454545454546,0.05277777777777778,0.019230769230769232,0.275,0.33636363636363636,0.20202020202020202,0.10416666666666666
S3,1,W00_C3,Random context,11.5,3.7240932642487046,0.20951152559840527,0.4857512953367875,5.761321432880646,9.760995596647263,3.80032162631486,0.8,0.8138528138528138,0.09090909090909091,0.1,0.0,0.39230769230769236,0.2653846153846154,0.10101010101010101,0.12698412698412698
S3,1,W00_C4,Held-out,15.0,4.857512953367875,0.2889509576183651,0.6476683937823834,4.254291070880981,10.915492373965861,2.89665820756569,0.7692307692307693,0.8214285714285714,0.10714285714285714,0.07142857142857142,0.13333333333333333,0.26666666666666666,0.13333333333333333,0.4666666666666667,0.0
S3,1,W00_C4,EVAE,11.0,3.562176165803109,0.20790588301676954,0.6476683937823834,5.140504837036133,9.95000540661848,3.883800512285883,0.7165775401069518,0.8397435897435898,0.06274509803921569,0.09307359307359307,0.02631578947368421,0.3693181818181818,0.2583333333333333,0.2,0.1111111111111111
S3,1,W00_C4,Reference,12.0,3.7240932642487046,0.20527414716858391,0.3238341968911917,4.5834323343984575,8.641266265343901,2.654339760812574,0.46739130434782605,0.889093137254902,0.07670454545454546,0.05277777777777778,0.06468531468531469,0.25,0.3308080808080808,0.20202020202020202,0.10416666666666666
S3,1,W00_C4,Random context,10.5,3.4002590673575126,0.19488043693627308,0.6476683937823834,5.401143258585384,9.553713601827962,3.877912903390471,0.8831168831168831,0.8047619047619048,0.08333333333333333,0.09523809523809523,0.0,0.3333333333333333,0.2264957264957265,0.21428571428571427,0.08012820512820512
S3,1,W01_C3,Held-out,8.0,2.0,0.1809921391839573,0.5,6.741764966517544,17.00135489446169,5.5446748020828505,1.0,0.8,0.0,0.2,0.125,0.375,0.25,0.25,0.0
S3,1,W01_C3,EVAE,13.0,3.25,0.1907892514285298,0.5,5.405613040533124,9.817607194185257,4.099989697620867,0.6862745098039216,0.8416666666666667,0.054093567251461985,0.09090909090909091,0.0,0.3333333333333333,0.26136363636363635,0.22252747252747251,0.09090909090909091
S3,1,W01_C3,Reference,11.5,3.25,0.2462883734588866,0.4857512953367875,4.758774274561439,10.9216091777521,2.6401839632672015,0.46739130434782605,0.889093137254902,0.06066176470588235,0.054411764705882354,0.019230769230769232,0.275,0.33636363636363636,0.20202020202020202,0.10416666666666666
S3,1,W01_C3,Random context,14.5,3.625,0.22598591662611464,0.625,5.1987373843913485,9.761685347399368,3.9772307431252303,0.7559523809523809,0.8297101449275363,0.05718954248366013,0.11437908496732026,0.029411764705882353,0.3076923076923077,0.26666666666666666,0.1875,0.11764705882352941
S3,1,W01_C4,Held-out,8.0,2.0,0.14716949047798555,0.0,7.216071693278381,11.296019675373284,5.886024398374073,0.0,1.0,0.0,0.0,0.0,0.125,0.625,0.125,0.125
S3,1,W01_C4,EVAE,13.0,3.25,0.19039325783887778,0.5,4.801700043702541,9.452713248161647,4.063778863341547,0.9251336898395721,0.7947368421052632,0.1,0.11555555555555555,0.0,0.3798076923076923,0.23076923076923078,0.25,0.07692307692307693
S3,1,W01_C4,Reference,11.5,3.25,0.18898033627275934,0.2869170984455959,4.758774274561439,8.652481120529554,3.2351656250604943,0.4605263157894737,0.8911764705882352,0.054411764705882354,0.05277777777777778,0.0,0.25,0.26136363636363635,0.275,0.08333333333333333
S3,1,W01_C4,Random context,14.0,3.5000000000000004,0.21650204540839463,0.75,5.3342779867295675,9.519222854324699,3.9993739169923597,0.961038961038961,0.7932692307692307,0.08166666666666667,0.1318840579710145,0.0,0.3348214285714286,0.30090497737556565,0.1846590909090909,0.10230179028132992
S3,1,W02_C3,Held-out,12.0,3.0,0.224737114365288,0.0,5.580588881548088,10.82567974622304,3.392926882061195,0.2222222222222222,0.9444444444444444,0.05555555555555555,0.0,0.08333333333333333,0.16666666666666666,0.25,0.25,0.25
S3,1,W02_C3,EVAE,13.0,3.25,0.20372107715433652,0.75,5.136291752961473,9.56764329484823,3.986687571126148,0.8705882352941177,0.8074074074074074,0.05808080808080808,0.1111111111111111,0.058823529411764705,0.31009615384615385,0.25,0.30090497737556565,0.08333333333333333
S3,1,W02_C3,Reference,11.5,2.875,0.2462883734588866,0.25,7.168490422682612,12.770675739699522,3.087972068636242,0.45,0.8957219251336899,0.029411764705882353,0.05718954248366013,0.03125,0.275,0.33636363636363636,0.2583333333333333,0.041666666666666664
S3,1,W02_C3,Random context,13.0,3.25,0.20957853291048767,0.75,5.06928600078379,9.569585745552626,3.962103982173197,1.0596491228070175,0.7801932367149759,0.07614942528735633,0.11437908496732026,0.0625,0.34523809523809523,0.25,0.28717948717948716,0.08514492753623187
S3,1,W02_C4,Held-out,11.0,2.75,0.2186032687161348,0.25,6.4848893915995856,11.528705458710874,4.620794910225665,0.3076923076923077,0.9285714285714286,0.0,0.07142857142857142,0.0,0.2727272727272727,0.09090909090909091,0.45454545454545453,0.18181818181818182
S3,1,W02_C4,EVAE,13.0,3.25,0.19339884146015496,0.5,4.9605791139805255,9.419745884431869,4.161704557382255,0.8421052631578947,0.8138528138528138,0.09761904761904762,0.10263157894736842,0.0,0.3484848484848485,0.2062937062937063,0.25,0.07179487179487179
S3,1,W02_C4,Reference,12.5,3.125,0.20288222678781814,0.125,6.1131499113297565,11.244169901843975,3.381586950334273,0.45,0.8957219251336899,0.029411764705882353,0.029411764705882353,0.0,0.358974358974359,0.17424242424242425,0.2833333333333333,0.08012820512820512
S3,1,W02_C4,Random context,13.0,3.25,0.20430518726903896,0.5,5.3012869485966805,9.607930128028386,4.051148554331623,0.6234817813765182,0.8571428571428571,0.05643879173290938,0.09600614439324116,0.0625,0.38461538461538464,0.25,0.2091346153846154,0.08333333333333333
S3,1,W03_C3,Held-out,18.0,4.5,0.30318719790480647,0.5,5.751437543683102,12.05918099767147,2.692156347230536,0.7272727272727273,0.8333333333333334,0.08333333333333333,0.08333333333333333,0.0,0.3333333333333333,0.4444444444444444,0.1111111111111111,0.1111111111111111
S3,1,W03_C3,EVAE,13.0,3.25,0.2000963530004596,0.5,5.14996882934241,9.268161624670029,4.115792600728947,0.7083333333333333,0.8377192982456141,0.049516908212560384,0.1111111111111111,0.0,0.40588235294117647,0.3076923076923077,0.23529411764705882,0.07692307692307693
S3,1,W03_C3,Reference,12.5,3.125,0.2508850067100512,0.25,6.5034866678251575,11.765281662916212,3.156030141578864,0.5166666666666666,0.8786764705882353,0.05572755417956656,0.06066176470588235,0.0,0.358974358974359,0.35,0.2583333333333333,0.07738095238095238
S3,1,W03_C3,Random context,13.0,3.25,0.20265805272078058,0.625,5.227635459250799,9.5897059989122,4.064764654595261,0.9210526315789473,0.7936507936507937,0.09307359307359307,0.1111111111111111,0.05277777777777778,0.27525252525252525,0.3333333333333333,0.2264957264957265,0.07692307692307693
S3,1,W03_C4,Held-out,16.0,4.0,0.2541253793442187,0.0,5.690904031503756,10.599389988721457,2.3086829978365127,0.4,0.9,0.1,0.0,0.0,0.3125,0.5,0.125,0.0625
S3,1,W03_C4,EVAE,13.0,3.25,0.18931126399545364,0.5,4.927050605215026,9.160785129051272,4.065077745887341,0.7058823529411765,0.8421052631578947,0.05572755417956656,0.1,0.0,0.40064102564102566,0.23076923076923078,0.25,0.08012820512820512
S3,1,W03_C4,Reference,12.5,3.125,0.22372143316920365,0.25,6.263833724619353,11.244169901843975,3.3821389246164237,0.5333333333333333,0.8708333333333333,0.06066176470588235,0.07670454545454546,0.0,0.358974358974359,0.23376623376623376,0.2761904761904762,0.08012820512820512
S3,1,W03_C4,Random context,13.0,3.25,0.2024791518425607,0.75,5.119894029131875,9.608933373147426,4.135134152012915,0.9309309309309309,0.7928571428571429,0.07857142857142857,0.11437908496732026,0.0,0.3798076923076923,0.2403846153846154,0.2403846153846154,0.07692307692307693
S3,1,W04_C3,Held-out,19.0,4.75,0.29837538580445433,0.25,6.12990940943003,12.955449571648423,3.4265272100814856,0.7272727272727273,0.8260869565217391,0.13043478260869565,0.043478260869565216,0.0,0.47368421052631576,0.15789473684210525,0.15789473684210525,0.21052631578947367
S3,1,W04_C3,EVAE,13.0,3.25,0.20449811105332527,0.5,5.405325457643064,9.496124010684863,4.015920443608057,0.6,0.8603896103896104,0.054093567251461985,0.08893280632411067,0.0,0.46153846153846156,0.2403846153846154,0.14835164835164835,0.07692307692307693
S3,1,W04_C3,Reference,14.5,3.625,0.26482747254409045,0.25,6.280997142338382,11.818687519545655,3.2845194582960042,0.4666666666666667,0.8920454545454546,0.05756578947368421,0.05625,0.0,0.44155844155844154,0.21875,0.1534090909090909,0.12692307692307692
S3,1,W04_C3,Random context,13.0,3.25,0.20252708803645597,0.5,5.025164616293649,9.405004834637595,4.0537767785035435,0.675,0.849624060150376,0.05555555555555555,0.11324786324786325,0.0,0.38461538461538464,0.2403846153846154,0.23076923076923078,0.06971153846153846
S3,1,W04_C4,Held-out,10.0,2.5,0.1926161199469933,0.25,6.412115888143562,14.350791079576279,5.037168803767143,0.3076923076923077,0.9285714285714286,0.0,0.07142857142857142,0.0,0.6,0.3,0.1,0.0
S3,1,W04_C4,EVAE,13.0,3.25,0.20514422486479172,0.625,5.614930225795601,9.676056801942778,4.0261511835112795,0.8809523809523809,0.8106060606060606,0.09545454545454546,0.125,0.0,0.3798076923076923,0.27884615384615385,0.1875,0.08012820512820512
S3,1,W04_C4,Reference,14.5,3.625,0.2614766568855035,0.25,6.1606892709989705,11.818687519545655,3.3821389246164237,0.6303030303030304,0.8541666666666667,0.07291666666666666,0.07291666666666666,0.0,0.3798076923076923,0.26785714285714285,0.2159090909090909,0.12692307692307692
S3,1,W04_C4,Random context,14.0,3.5,0.21193264317222266,0.5,5.0315433517279295,9.541883186006162,4.052317628756829,0.7976190476190477,0.8238461538461539,0.07294429708222812,0.10119047619047619,0.06971153846153846,0.38461538461538464,0.23076923076923078,0.23076923076923078,0.07692307692307693
S3,1,W05_C3,Held-out,17.0,4.25,0.30086403323803823,0.75,6.082605938997569,12.062526197998293,2.7202085973008123,1.3333333333333333,0.7142857142857143,0.14285714285714285,0.14285714285714285,0.11764705882352941,0.4117647058823529,0.29411764705882354,0.17647058823529413,0.0
S3,1,W05_C3,EVAE,13.0,3.25,0.20193236603144915,0.25,5.189385556664735,9.289358000685205,3.957330824623668,0.5714285714285714,0.866600790513834,0.05718954248366013,0.06066176470588235,0.058823529411764705,0.4481605351170569,0.1875,0.15384615384615385,0.12040133779264214
S3,1,W05_C3,Reference,16.0,4.0,0.2809623532945526,0.25,5.527795066571727,11.559107783420604,3.2369452154286305,0.9034531360112756,0.793144208037825,0.10874704491725767,0.07291666666666666,0.0,0.47916666666666663,0.21875,0.14144736842105263,0.13942307692307693
S3,1,W05_C3,Random context,16.0,4.0,0.21783967545275862,0.5,5.119455536731865,9.457016587257385,4.070034094247264,0.681159420289855,0.845,0.0664488017429194,0.10357142857142856,0.03125,0.3431372549019608,0.28125,0.2720588235294118,0.08333333333333333
S3,1,W05_C4,Held-out,17.0,4.25,0.2933439100894184,0.5,5.786156737430273,12.534539731692448,2.6076797690754656,1.0,0.7727272727272727,0.13636363636363635,0.09090909090909091,0.0,0.5882352941176471,0.29411764705882354,0.058823529411764705,0.058823529411764705
S3,1,W05_C4,EVAE,13.0,3.25,0.20266777515137557,0.5,5.492278268718509,9.324135499704411,4.0564285815159975,0.6836363636363636,0.8425925925925926,0.07151979565772669,0.1,0.0,0.4142156862745098,0.2426470588235294,0.19375,0.08012820512820512
S3,1,W05_C4,Reference,14.5,3.8486916951080774,0.2809623532945526,0.25,5.366135355714844,11.818687519545655,2.9193379539169895,0.8484848484848485,0.8055555555555556,0.09935897435897437,0.07291666666666666,0.0,0.3798076923076923,0.256578947368421,0.20833333333333331,0.12692307692307692
S3,1,W05_C4,Random context,13.0,3.25,0.2034520864950255,0.75,5.143615111003093,9.39298278093338,3.92512034205739,0.8782051282051282,0.8039591315453385,0.08695652173913043,0.11538461538461539,0.05298913043478261,0.36622073578595316,0.3125,0.23076923076923078,0.07692307692307693
S3,1,W06_C3,Held-out,19.0,5.403868031854381,0.43186370800513113,1.99089874857793,6.781479266351946,15.014232883096385,2.777843718511253,1.935483870967742,0.6052631578947368,0.21052631578947367,0.18421052631578946,0.05263157894736842,0.5789473684210527,0.3157894736842105,0.05263157894736842,0.0
S3,1,W06_C3,EVAE,13.0,3.6973833902161553,0.21385689600944735,0.5688282138794085,5.0449568756415815,9.324814242839157,3.8132601590746757,0.8792270531400965,0.8,0.08928571428571427,0.10555555555555556,0.0,0.5,0.25,0.12916666666666665,0.08712121212121213
S3,1,W06_C3,Reference,16.0,4.0,0.2866138228695626,0.5,5.755969088082943,11.559107783420604,2.827189570968332,0.9848484848484849,0.7777777777777778,0.11324786324786325,0.08421985815602837,0.0,0.47916666666666663,0.256578947368421,0.14144736842105263,0.1125
S3,1,W06_C3,Random context,12.0,3.4129692832764507,0.19257819962349854,0.5688282138794085,5.076505567813891,9.370486795902252,3.7827597252640923,0.9705882352941176,0.788888888888889,0.06666666666666667,0.125,0.0,0.458041958041958,0.25,0.16666666666666666,0.09545454545454546
S3,1,W06_C4,Held-out,19.0,5.403868031854381,0.3529510820943094,1.99089874857793,6.284149963863907,9.759081441029629,2.2883759944811217,1.5757575757575757,0.675,0.15,0.175,0.10526315789473684,0.42105263157894735,0.3157894736842105,0.10526315789473684,0.05263157894736842
S3,1,W06_C4,EVAE,12.5,3.555176336746303,0.20474812037140075,0.5688282138794085,5.155774535852198,9.546034932136536,3.8627876366653497,0.8633540372670807,0.8074074074074074,0.07037037037037036,0.10526315789473684,0.027777777777777776,0.42708333333333337,0.1875,0.12916666666666665,0.09090909090909091
S3,1,W06_C4,Reference,16.0,4.0,0.2831183175386402,0.375,5.527795066571727,11.201858701089176,2.5095823094566905,0.7822410147991543,0.8209219858156028,0.09485815602836879,0.07291666666666666,0.0,0.3798076923076923,0.256578947368421,0.20833333333333331,0.13942307692307693
S3,1,W06_C4,Random context,12.5,3.555176336746303,0.20130585362453945,0.5688282138794085,4.855350437294542,9.546606689691545,3.8349764370857224,0.7165775401069518,0.8366666666666667,0.08761904761904762,0.10818713450292397,0.03125,0.3798076923076923,0.25,0.18181818181818182,0.125
S3,2,W00_C5,Held-out,11.0,3.562176165803109,0.1688053163638422,0.3238341968911917,4.596015285522628,6.6291025674812145,3.0286439180264937,0.42105263157894735,0.9,0.05,0.05,0.0,0.45454545454545453,0.09090909090909091,0.18181818181818182,0.2727272727272727
S3,2,W00_C5,EVAE,11.0,3.562176165803109,0.20695574149064913,0.8095854922279793,4.825418587397202,10.941782086269992,3.850593728180476,0.775,0.8333333333333334,0.058823529411764705,0.1380952380952381,0.0,0.25,0.36038961038961037,0.18181818181818182,0.16666666666666666
S3,2,W00_C5,Reference,12.0,3.8860103626943006,0.2399859953605148,0.4119170984455959,5.614461432362484,11.119631306585225,2.954769829803377,0.517948717948718,0.8825431034482758,0.025,0.06696428571428571,0.06346153846153846,0.19090909090909092,0.33636363636363636,0.2403846153846154,0.2403846153846154
S3,2,W00_C5,Random context,12.0,3.8860103626943006,0.21565416192728637,0.9715025906735751,5.30224609780255,10.848939507932286,3.9547901633388824,1.003921568627451,0.788888888888889,0.06349206349206349,0.15789473684210525,0.03125,0.25,0.3078947368421052,0.13392857142857142,0.16666666666666666
S3,2,W00_C6,Held-out,12.0,3.8860103626943006,0.16016346768782325,0.3238341968911917,2.8643062854823107,8.281917450959535,3.9391169646124147,1.1764705882352942,0.7222222222222222,0.2222222222222222,0.05555555555555555,0.25,0.16666666666666666,0.25,0.25,0.08333333333333333
S3,2,W00_C6,EVAE,11.0,3.562176165803109,0.2107899813956423,0.9715025906735751,5.045679904349045,11.075586031073595,3.8986123886135386,1.1,0.7774725274725275,0.06904761904761905,0.14285714285714285,0.0,0.24285714285714285,0.37412587412587417,0.20202020202020202,0.10795454545454546
S3,2,W00_C6,Reference,12.0,3.8860103626943006,0.2399859953605148,0.4119170984455959,5.614461432362484,11.119631306585225,2.954769829803377,0.517948717948718,0.8825431034482758,0.025,0.06696428571428571,0.06346153846153846,0.19090909090909092,0.33636363636363636,0.2403846153846154,0.2403846153846154
S3,2,W00_C6,Random context,11.0,3.562176165803109,0.20929559776089732,0.9715025906735751,5.0156725041561945,10.700594220548378,3.748146315047627,0.8020050125313283,0.8297101449275363,0.0,0.1464285714285714,0.0,0.3356643356643357,0.3484848484848485,0.14285714285714285,0.07692307692307693
S3,2,W02_C5,Held-out,16.0,4.0,0.20286183933538418,0.5,4.8782180355684535,8.024067855953751,2.164831346613983,0.631578947368421,0.8571428571428571,0.047619047619047616,0.09523809523809523,0.125,0.3125,0.3125,0.1875,0.0625
S3,2,W02_C5,EVAE,13.5,3.375,0.20738344742942977,0.75,5.367463444935873,10.558199883060716,4.15962250882737,0.775,0.8257575757575758,0.05131578947368421,0.12310606060606061,0.07417582417582418,0.2928571428571428,0.33241758241758246,0.12916666666666665,0.09545454545454546
S3,2,W02_C5,Reference,10.5,2.625,0.1937547213125508,0.125,6.4254077941878265,11.669398539796292,4.510704320174744,0.28431372549019607,0.9321266968325792,0.027777777777777776,0.025,0.0,0.27884615384615385,0.29166666666666663,0.18055555555555555,0.13247863247863248
S3,2,W02_C5,Random context,14.0,3.5000000000000004,0.2190425399752609,0.75,5.410197014218176,10.712200790643692,4.013695039252534,1.0596491228070175,0.7752525252525253,0.06666666666666667,0.13484848484848483,0.02631578947368421,0.35714285714285715,0.31009615384615385,0.05718954248366013,0.11764705882352941
S3,2,W02_C6,Held-out,14.0,3.5000000000000004,0.20915535618167652,0.0,6.0730229864729255,8.458250020244746,3.9128420704277205,0.0,1.0,0.0,0.0,0.0,0.42857142857142855,0.21428571428571427,0.2857142857142857,0.07142857142857142
S3,2,W02_C6,EVAE,14.0,3.5000000000000004,0.21041235395149036,0.75,5.091608075665075,10.801928102970123,4.060787038677834,0.8633540372670807,0.8191721132897603,0.017241379310344827,0.150997150997151,0.06066176470588235,0.20089285714285715,0.37412587412587417,0.18181818181818182,0.14285714285714285
S3,2,W02_C6,Reference,12.0,3.0,0.19589733851008123,0.0,5.929224008295558,10.673004272143595,3.6457725931227847,0.2222222222222222,0.945906432748538,0.027777777777777776,0.0,0.0,0.225,0.325,0.3173076923076923,0.20192307692307693
S3,2,W02_C6,Random context,14.0,3.5000000000000004,0.21071948226537607,1.0,5.234059393405915,10.753122905162456,4.0786383924735645,1.126984126984127,0.7673160173160173,0.06226053639846743,0.15812500000000002,0.07142857142857142,0.21428571428571427,0.3333333333333333,0.11513157894736842,0.14285714285714285
S3,2,W03_C5,Held-out,14.0,3.5000000000000004,0.22262041442399294,0.0,6.140070352978477,9.774596018078753,3.321486568574051,0.0,1.0,0.0,0.0,0.0,0.42857142857142855,0.2857142857142857,0.14285714285714285,0.14285714285714285
S3,2,W03_C5,EVAE,14.0,3.5000000000000004,0.21648636014367553,0.75,5.605502713374962,10.769585281610489,4.001184523616333,0.9561904761904761,0.7965517241379311,0.067816091954023,0.1439655172413793,0.0,0.2899159663865546,0.33241758241758246,0.14835164835164835,0.17914438502673796
S3,2,W03_C5,Reference,12.0,3.0,0.20345879951957974,0.125,6.151286822595752,12.050979200945385,3.66257275713293,0.28431372549019607,0.9321266968325792,0.05718954248366013,0.021739130434782608,0.0,0.27884615384615385,0.29166666666666663,0.18055555555555555,0.13247863247863248
S3,2,W03_C5,Random context,14.5,3.625,0.23263982536648017,1.0,5.38468477240373,10.671022091601564,3.8507601493539636,1.055072463768116,0.7728110599078342,0.07870370370370369,0.14814814814814814,0.0,0.38181818181818183,0.32456140350877194,0.09429824561403508,0.10818713450292397
S3,2,W03_C6,Held-out,13.0,3.25,0.1757439536663208,0.0,6.153276836186588,8.712969103249733,3.9943541625426295,0.5333333333333333,0.8666666666666667,0.13333333333333333,0.0,0.07692307692307693,0.46153846153846156,0.3076923076923077,0.07692307692307693,0.07692307692307693
S3,2,W03_C6,EVAE,12.5,3.125,0.20435822369427653,0.75,5.433613888357438,10.905316516710915,4.096165524562192,1.0,0.7846153846153847,0.07275132275132275,0.14285714285714285,0.03333333333333333,0.2403846153846154,0.3708791208791209,0.12222222222222222,0.14285714285714285
S3,2,W03_C6,Reference,10.5,2.625,0.1897440435386643,0.25,6.072637043793224,11.146810708292136,4.103715370297118,0.28431372549019607,0.9321266968325792,0.029411764705882353,0.05131578947368421,0.0,0.28717948717948716,0.29166666666666663,0.3798076923076923,0.10833333333333334
S3,2,W03_C6,Random context,16.0,4.0,0.2533670264356288,1.25,5.251458635112349,10.651761502027512,3.924478406352896,1.3563218390804597,0.722007722007722,0.1111111111111111,0.15812500000000002,0.05263157894736842,0.35294117647058826,0.31009615384615385,0.06971153846153846,0.125
S3,2,W04_C5,Held-out,14.0,3.5000000000000004,0.26377909598044225,0.25,5.541826478197017,15.328597830538586,3.247552348017957,0.5,0.8823529411764706,0.058823529411764705,0.058823529411764705,0.0,0.35714285714285715,0.21428571428571427,0.2857142857142857,0.14285714285714285
S3,2,W04_C5,EVAE,15.5,3.875,0.24159613803950156,1.125,5.477880572481192,10.720942056356346,3.960217243061558,1.128787878787879,0.7656862745098039,0.08193979933110368,0.15384615384615385,0.05718954248366013,0.36038961038961037,0.35714285714285715,0.08846153846153847,0.06904761904761905
S3,2,W04_C5,Reference,15.5,3.875,0.25676111206397095,0.375,6.106257674213799,12.508987884823359,2.769889842202311,0.7272727272727273,0.8297101449275363,0.1068840579710145,0.08012820512820512,0.0,0.37254901960784315,0.3431372549019608,0.10818713450292397,0.08680555555555555
S3,2,W04_C5,Random context,14.0,3.5000000000000004,0.22388382827796321,1.0,5.1896144490590395,10.700644419525148,3.9804612504184127,1.0984615384615384,0.7664071190211346,0.09838709677419355,0.15692307692307694,0.0,0.36363636363636365,0.3205128205128205,0.11437908496732026,0.10101010101010101
S3,2,W04_C6,Held-out,14.0,3.5000000000000004,0.25905405553288136,0.5,6.511450941302661,9.91213555696402,3.840765471182853,1.0,0.7777777777777778,0.1111111111111111,0.1111111111111111,0.07142857142857142,0.2857142857142857,0.2857142857142857,0.2857142857142857,0.07142857142857142
S3,2,W04_C6,EVAE,14.0,3.5000000000000004,0.21795304182996122,0.75,5.422594987169841,10.609481265641868,4.055177704337522,1.0714285714285714,0.7836257309941521,0.08514492753623187,0.15789473684210525,0.05718954248366013,0.2792207792207792,0.3333333333333333,0.14285714285714285,0.13392857142857142
S3,2,W04_C6,Reference,12.5,3.125,0.20345879951957974,0.25,6.072637043793224,11.146810708292136,3.662823142135706,0.8157894736842105,0.8138888888888889,0.10555555555555556,0.08608058608058608,0.0,0.28717948717948716,0.2982456140350877,0.2649122807017544,0.07291666666666666
S3,2,W04_C6,Random context,14.0,3.5000000000000004,0.21258920978634524,0.75,5.50200437680958,10.520275086080083,4.084323877455024,1.0714285714285714,0.7750252780586451,0.06904761904761905,0.1455026455026455,0.07142857142857142,0.3333333333333333,0.3333333333333333,0.1111111111111111,0.13392857142857142
S3,2,W05_C5,Held-out,17.0,4.25,0.28297986919895785,0.25,5.679717868908276,11.659610412940157,2.297728684987967,1.5238095238095237,0.6363636363636364,0.3181818181818182,0.045454545454545456,0.0,0.35294117647058826,0.29411764705882354,0.17647058823529413,0.17647058823529413
S3,2,W05_C5,EVAE,16.0,4.0,0.2537193934070997,1.0,5.550449992848289,10.645746431918319,3.887705608982376,1.1314285714285715,0.7621212121212122,0.09545454545454546,0.14351851851851852,0.05555555555555555,0.4444444444444444,0.29411764705882354,0.06458333333333333,0.12549019607843137
S3,2,W05_C5,Reference,16.5,4.125,0.2878510622352195,0.5344141069397043,6.149275376086852,12.508987884823359,2.749026157906033,1.0526315789473684,0.7619047619047619,0.14285714285714285,0.09523809523809523,0.0,0.48684210526315785,0.3333333333333333,0.06696428571428571,0.09791666666666667
S3,2,W05_C5,Random context,14.0,3.5000000000000004,0.2072387053279633,0.75,5.190084952680231,10.630907207727432,4.1797092981751325,0.8377192982456141,0.8237577639751552,0.045,0.14285714285714285,0.0,0.27525252525252525,0.2928571428571428,0.14285714285714285,0.15476190476190477
S3,2,W05_C6,Held-out,18.0,4.5,0.28489894154677775,0.5,4.745790391651382,10.681179323613785,2.5911235598160216,0.7272727272727273,0.8333333333333334,0.08333333333333333,0.08333333333333333,0.0,0.16666666666666666,0.5555555555555556,0.05555555555555555,0.2222222222222222
S3,2,W05_C6,EVAE,14.0,3.5000000000000004,0.2243937167906929,1.0,5.549476666638204,10.689936131163755,4.035172879566078,1.0517241379310345,0.7752100840336134,0.06696428571428571,0.1516544117647059,0.0,0.28174603174603174,0.36363636363636365,0.11764705882352941,0.1111111111111111
S3,2,W05_C6,Reference,14.5,3.86589874857793,0.25630680336926787,0.5,6.431448284315933,12.510085202148812,3.1232995335954232,0.7570850202429149,0.8273809523809523,0.08928571428571427,0.09523809523809523,0.0,0.2761904761904762,0.3333333333333333,0.16729323308270677,0.1380952380952381
S3,2,W05_C6,Random context,14.5,3.625,0.22993544833944418,1.0,5.398384190635911,10.519493150143795,4.00744099818781,1.0717703349282295,0.7759197324414716,0.08114035087719298,0.15504807692307693,0.06458333333333333,0.34523809523809523,0.2857142857142857,0.09429824561403508,0.14285714285714285
S3,2,W06_C5,Held-out,14.0,3.98179749715586,0.21285221664708218,0.0,4.4494208343738295,9.151328533785524,2.5886175912546543,0.3076923076923077,0.9230769230769231,0.07692307692307693,0.0,0.14285714285714285,0.2857142857142857,0.14285714285714285,0.35714285714285715,0.07142857142857142
S3,2,W06_C5,EVAE,16.0,4.550625711035268,0.28508169273011186,1.137656427758817,5.3502942807760885,10.52080492438708,3.725655291063437,1.3333333333333333,0.7225274725274725,0.11596638655462185,0.17857142857142855,0.0,0.5294117647058824,0.29411764705882354,0.11764705882352941,0.0625
S3,2,W06_C5,Reference,16.5,4.125,0.28909538595201145,0.6594141069397043,6.125623640870621,11.770220672179624,2.749026157906033,1.0526315789473684,0.7619047619047619,0.14285714285714285,0.09523809523809523,0.0,0.5357142857142857,0.3333333333333333,0.06696428571428571,0.03125
S3,2,W06_C5,Random context,14.5,4.1240045506257115,0.23404999438405533,0.8532423208191127,5.085169775135233,10.487839375173653,3.9306829641615235,1.1263157894736842,0.7559288537549407,0.09090909090909091,0.1396103896103896,0.06066176470588235,0.3875,0.31009615384615385,0.1,0.125
S3,2,W06_C6,Held-out,11.0,3.128555176336747,0.2942541379513464,1.7064846416382253,8.361312726714532,16.05152969724085,2.3498449404995476,1.8,0.6538461538461539,0.11538461538461539,0.23076923076923078,0.0,0.36363636363636365,0.36363636363636365,0.2727272727272727,0.0
S3,2,W06_C6,EVAE,15.5,4.408418657565416,0.26042866447639434,1.137656427758817,5.136933475732802,10.327414990114637,3.829009967439534,1.2086956521739132,0.7403846153846154,0.09761904761904762,0.16666666666666666,0.058823529411764705,0.35416666666666663,0.2967032967032967,0.10427807486631016,0.12916666666666665
S3,2,W06_C6,Reference,15.5,3.99089874857793,0.27687242997128153,0.5344141069397043,6.431448284315933,12.510085202148812,2.7987074028075316,1.0526315789473684,0.7619047619047619,0.14285714285714285,0.09761904761904762,0.0,0.2761904761904762,0.3333333333333333,0.16729323308270677,0.1380952380952381
S3,2,W06_C6,Random context,15.0,4.266211604095563,0.25200083125044764,1.4220705346985212,5.097366356683447,10.440418801174282,3.7725770684746287,1.4331550802139037,0.7071428571428571,0.11538461538461539,0.18874643874643876,0.029411764705882353,0.4065934065934066,0.30090497737556565,0.09545454545454546,0.15966386554621848
S3,3,W00_C7,Held-out,18.0,5.829015544041451,0.27291646407861625,0.9715025906735751,5.013901115133765,6.793731981062305,2.061731937428732,0.8275862068965517,0.8125,0.09375,0.09375,0.1111111111111111,0.16666666666666666,0.4444444444444444,0.05555555555555555,0.2222222222222222
S3,3,W00_C7,EVAE,14.0,4.533678756476684,0.25306314426630655,0.6476683937823834,4.347269002849298,10.701830714941025,3.722306380081199,1.0329670329670328,0.7728571428571429,0.07846153846153847,0.1380952380952381,0.0,0.4,0.26666666666666666,0.16041666666666665,0.14358974358974358
S3,3,W00_C7,Reference,11.0,3.5310880829015545,0.19192698925967072,0.3238341968911917,5.172262821258951,10.053162609215713,2.962651062796092,0.5263157894736842,0.8785714285714286,0.023809523809523808,0.06458333333333333,0.0625,0.2895833333333333,0.2361111111111111,0.26785714285714285,0.06696428571428571
S3,3,W00_C7,Random context,15.0,4.857512953367875,0.26325776092466713,0.9715025906735751,4.739336362394313,10.808913111686707,3.715571638909486,1.0931677018633539,0.7646153846153847,0.09232954545454546,0.13392857142857142,0.0,0.4201680672268907,0.2863636363636364,0.1213235294117647,0.11764705882352941
S3,3,W00_C8,Held-out,13.0,4.209844559585492,0.29040126264924404,0.0,5.762615257775518,10.943242937797166,3.0128814520410634,0.2,0.95,0.05,0.0,0.07692307692307693,0.0,0.46153846153846156,0.23076923076923078,0.23076923076923078
S3,3,W00_C8,EVAE,14.5,4.69559585492228,0.2499593422682913,0.9715025906735751,4.193648690203023,10.769101409529679,3.7338668711855867,1.0909090909090908,0.76,0.11324786324786325,0.11324786324786325,0.0625,0.3693181818181818,0.26666666666666666,0.1846590909090909,0.12916666666666665
S3,3,W00_C8,Reference,11.0,3.5310880829015545,0.18583357784961319,0.3238341968911917,5.172262821258951,9.020627226937531,2.962651062796092,0.3533834586466165,0.9142857142857144,0.04880952380952381,0.05625,0.045454545454545456,0.2895833333333333,0.21825396825396826,0.23660714285714285,0.12662337662337664
S3,3,W00_C8,Random context,15.0,4.857512953367875,0.26387264074108985,0.9715025906735751,4.450890930108441,10.922009125025,3.786865404421142,1.0818713450292399,0.7596153846153846,0.09761904761904762,0.1318840579710145,0.0,0.4460227272727273,0.2792207792207792,0.125,0.09090909090909091
S3,3,W03_C7,Held-out,14.0,3.5000000000000004,0.20381995324335483,0.25,4.946744500711896,8.999704174670253,3.9112646398646933,0.5714285714285714,0.8636363636363636,0.09090909090909091,0.045454545454545456,0.21428571428571427,0.21428571428571427,0.21428571428571427,0.21428571428571427,0.14285714285714285
S3,3,W03_C7,EVAE,16.0,4.0,0.24620051704900886,0.875,5.7696713617056385,11.114356666803362,3.9391232915665717,1.0424448217317486,0.7727272727272727,0.08712121212121213,0.13793103448275862,0.06066176470588235,0.3582887700534759,0.27525252525252525,0.17424242424242425,0.1213235294117647
S3,3,W03_C7,Reference,14.0,3.5000000000000004,0.23299600451273683,0.125,5.88196350898834,9.823600897204669,3.2845194582960042,0.45,0.8911764705882352,0.06512605042016806,0.029411764705882353,0.03333333333333333,0.3125,0.26339285714285715,0.20089285714285715,0.13392857142857142
S3,3,W03_C7,Random context,16.0,4.0,0.2477701076105856,0.75,5.769128305524532,11.204117089509964,4.024780719629147,1.088888888888889,0.7616632860040567,0.1043557168784029,0.14039408866995073,0.0,0.4142156862745098,0.27046783625730997,0.16666666666666666,0.09090909090909091
S3,3,W03_C8,Held-out,13.0,3.25,0.19188666073619476,0.25,4.395094039171529,8.34346290945091,2.4521037147229072,0.2222222222222222,0.9473684210526315,0.0,0.05263157894736842,0.15384615384615385,0.38461538461538464,0.15384615384615385,0.23076923076923078,0.07692307692307693
S3,3,W03_C8,EVAE,16.0,4.0,0.2555500861455999,0.75,5.756527810558931,11.069995760917664,3.9381341383351836,0.9321266968325792,0.7905701754385965,0.0912442396313364,0.10912698412698413,0.0,0.375,0.3033088235294118,0.125,0.12916666666666665
S3,3,W03_C8,Reference,14.0,3.5000000000000004,0.23299600451273683,0.125,5.88196350898834,9.823600897204669,3.2845194582960042,0.45,0.8911764705882352,0.06512605042016806,0.029411764705882353,0.03333333333333333,0.3125,0.26339285714285715,0.20089285714285715,0.13392857142857142
S3,3,W03_C8,Random context,16.0,4.0,0.2543747811699931,0.875,5.591517186415009,11.160940825939178,3.983707709063114,1.0,0.7877252252252251,0.08633540372670807,0.13333333333333333,0.02631578947368421,0.40588235294117647,0.29705882352941176,0.09090909090909091,0.09090909090909091
S3,3,W04_C7,Held-out,7.0,1.7500000000000002,0.1334614129017256,0.0,5.018504269683641,15.556154386073118,4.9601997831235165,0.0,1.0,0.0,0.0,0.0,0.2857142857142857,0.2857142857142857,0.42857142857142855,0.0
S3,3,W04_C7,EVAE,16.0,4.0,0.2649008694807721,1.25,5.974659927149492,11.045712113380432,3.9194252351517553,1.0161290322580645,0.7759856630824373,0.08333333333333333,0.14087301587301587,0.058823529411764705,0.40588235294117647,0.25,0.16718266253869968,0.16718266253869968
S3,3,W04_C7,Reference,14.0,3.5000000000000004,0.24543384753915698,0.25,6.106546669725701,9.92622825781408,3.2845194582960042,0.65,0.8502673796791445,0.08116883116883117,0.05213903743315508,0.029411764705882353,0.3764705882352941,0.2542016806722689,0.20714285714285713,0.15966386554621848
S3,3,W04_C7,Random context,16.0,4.0,0.25924413101121335,0.875,5.500144618404139,11.02012848854065,3.9869906406471247,0.9467787114845938,0.7905701754385965,0.09674922600619196,0.11764705882352941,0.02631578947368421,0.3819444444444444,0.256578947368421,0.16666666666666666,0.11764705882352941
S3,3,W04_C8,Held-out,8.0,2.0,0.13891592750526677,0.25,5.972609851824975,10.815706270223318,4.308812436409861,1.0,0.7777777777777778,0.1111111111111111,0.1111111111111111,0.125,0.375,0.25,0.25,0.0
S3,3,W04_C8,EVAE,16.0,4.0,0.2590592726135802,1.0,5.8857262134552,11.16097092628479,3.9463324110502764,1.1314285714285715,0.7543103448275862,0.10668563300142248,0.14249492900608518,0.0625,0.36397058823529416,0.25,0.1715686274509804,0.13942307692307693
S3,3,W04_C8,Reference,14.0,3.5000000000000004,0.24543384753915698,0.25,6.106546669725701,9.92622825781408,3.2845194582960042,0.65,0.8502673796791445,0.08116883116883117,0.05213903743315508,0.029411764705882353,0.3764705882352941,0.2542016806722689,0.20714285714285713,0.15966386554621848
S3,3,W04_C8,Random context,16.0,4.0,0.2613019373426748,1.125,5.6291550397872925,11.041075617074966,3.906274663374001,1.2175925925925926,0.7440476190476191,0.10683760683760683,0.1535294117647059,0.0625,0.3798076923076923,0.256578947368421,0.13942307692307693,0.08712121212121213
S3,3,W05_C7,Held-out,18.0,4.5,0.27488932910946245,0.5,5.4134371305921425,10.67165083615251,3.0089793752468768,0.9523809523809523,0.782608695652174,0.13043478260869565,0.08695652173913043,0.05555555555555555,0.2222222222222222,0.4444444444444444,0.2222222222222222,0.05555555555555555
S3,3,W05_C7,EVAE,16.0,4.0,0.2507049367522646,0.75,5.617087353121189,11.211883127689362,3.9733055018809624,1.0161290322580645,0.7795138888888888,0.07362240289069558,0.12701612903225806,0.029411764705882353,0.375,0.25,0.125,0.16025641025641024
S3,3,W05_C7,Reference,14.0,3.625,0.25563759822863774,0.375,5.732937303169274,10.819730576118866,2.59814868016506,0.9,0.7954545454545454,0.10795454545454546,0.0748663101604278,0.06274509803921569,0.31932773109243695,0.29411764705882354,0.19090909090909092,0.15966386554621848
S3,3,W05_C7,Random context,16.0,4.0,0.24846318218506375,0.75,5.729060186307037,11.112936437129974,4.054066885394604,1.0217391304347827,0.7738095238095237,0.0754985754985755,0.1201923076923077,0.059027777777777776,0.39338235294117646,0.25,0.16025641025641024,0.11805555555555555
S3,3,W05_C8,Held-out,19.0,4.75,0.3000288728304241,0.75,6.357388180674631,10.083856629222733,3.427027980087037,1.44,0.6785714285714286,0.21428571428571427,0.10714285714285714,0.10526315789473684,0.2631578947368421,0.2631578947368421,0.2631578947368421,0.10526315789473684
S3,3,W05_C8,EVAE,16.0,4.0,0.2512953456539163,1.0,5.978443233050392,11.065512068604658,3.972947447201567,1.0671936758893281,0.7633333333333334,0.08684863523573201,0.12701612903225806,0.058823529411764705,0.375,0.3125,0.125,0.11764705882352941
S3,3,W05_C8,Reference,14.0,3.625,0.25563759822863774,0.375,5.732937303169274,10.819730576118866,2.59814868016506,0.9,0.7954545454545454,0.10795454545454546,0.0748663101604278,0.06274509803921569,0.31932773109243695,0.29411764705882354,0.19090909090909092,0.15966386554621848
S3,3,W05_C8,Random context,16.0,4.0,0.25762661992775093,1.125,5.9677492636189555,11.002554415365081,4.006629972980939,1.1117241379310345,0.7656862745098039,0.08465818759936408,0.14760348583877997,0.05718954248366013,0.4330357142857143,0.3033088235294118,0.11437908496732026,0.13025210084033612
S3,3,W06_C7,Held-out,15.0,4.266211604095563,0.28435600879738815,0.5688282138794085,6.025184619368284,10.979254673655118,2.34834907385374,0.4444444444444444,0.896551724137931,0.034482758620689655,0.06896551724137931,0.0,0.26666666666666666,0.4,0.2,0.13333333333333333
S3,3,W06_C7,EVAE,16.0,4.550625711035268,0.27867510974941323,0.9954493742889648,5.126505792140962,10.63287370411278,3.8384921730147714,1.1388888888888888,0.7559523809523809,0.09523809523809523,0.14285714285714285,0.05263157894736842,0.4142156862745098,0.2649122807017544,0.1213235294117647,0.11764705882352941
S3,3,W06_C7,Reference,14.5,3.86589874857793,0.26873010048810947,0.5,5.732937303169274,10.819730576118866,2.4871076969986046,1.0714285714285714,0.7613636363636364,0.125,0.09090909090909091,0.05572755417956656,0.31932773109243695,0.29411764705882354,0.1588235294117647,0.12406015037593984
S3,3,W06_C7,Random context,16.0,4.550625711035268,0.283468884650959,1.279863481228669,5.066115314637439,11.073707103729248,3.776782624369022,1.12,0.7656862745098039,0.10172413793103449,0.16666666666666666,0.0,0.4117647058823529,0.29411764705882354,0.10427807486631016,0.125
S3,3,W06_C8,Held-out,6.0,1.7064846416382253,0.15047378648833223,0.28441410693970426,7.596961118502397,13.88250691574953,6.539325736221294,0.4444444444444444,0.9,0.0,0.1,0.0,0.0,0.3333333333333333,0.3333333333333333,0.3333333333333333
S3,3,W06_C8,EVAE,16.0,4.550625711035268,0.26261937368306737,1.137656427758817,4.985210970044137,10.776428556549853,3.8549821031779676,1.263157894736842,0.7362318840579709,0.09347826086956522,0.15959252971137522,0.0625,0.375,0.25,0.14583333333333331,0.125
S3,3,W06_C8,Reference,14.5,3.86589874857793,0.26873010048810947,0.5,5.732937303169274,10.819730576118866,2.4871076969986046,1.0714285714285714,0.7613636363636364,0.125,0.09090909090909091,0.05572755417956656,0.31932773109243695,0.29411764705882354,0.1588235294117647,0.12406015037593984
S3,3,W06_C8,Random context,16.0,4.550625711035268,0.2614462429428544,0.8532423208191127,4.926367670328343,11.357577860355379,3.807548100643708,1.1547619047619047,0.7537878787878788,0.08893280632411067,0.1471861471861472,0.0625,0.4027777777777778,0.256578947368421,0.11437908496732026,0.125
