scheme,fold,box,method,orient_w1_deg,oc1_w1_deg,oc2_w1_deg,oc3_w1_deg,oc4_w1_deg,oc1_centre_err_deg,oc1_spread_err_deg,oc1_share_err,oc2_centre_err_deg,oc2_spread_err_deg,oc2_share_err,oc3_centre_err_deg,oc3_spread_err_deg,oc3_share_err,oc4_centre_err_deg,oc4_spread_err_deg,oc4_share_err,unclustered_share_err,cluster_share_tv,len_w1_m,len_med_err_m,len_p90_err_m,oc1_len_w1_m,oc2_len_w1_m,oc3_len_w1_m,oc4_len_w1_m,P20_relerr,P21_relerr,P22_relerr,nn_w1_m,cluster_vmr_err,oc1_count_relerr,oc2_count_relerr,oc3_count_relerr,oc4_count_relerr,term_share_err,CL_err,node_tv
S1,0,W02_C2,ADFNE-cl,9.167204346790236,5.72801473636658,7.461906199128319,3.6605831327150447,n.d.,4.56008043514084,2.2514461769504024,0.012500000000000011,5.01482337567516,5.8996353078060935,0.1875,2.0679518168278945,1.3748994756201234,0.012500000000000011,n.d.,n.d.,0.125,0.0625,0.2,4.95440424253396,6.1365254974696555,5.663253561718711,4.495811957384803,6.270902433782188,4.334490954826373,n.d.,0.6,0.2063339209103539,0.4,0.8426187636582307,0.22499999999999998,0.6666666666666666,0.0,0.5,n.d.,0.12,1.010793650793651,0.17532467532467533
S1,0,W02_C2,EVAE,11.239197752126103,6.87318045538232,6.751176736684226,6.848903592177894,n.d.,5.034354519013556,2.8945040374130055,0.14523809523809522,2.9053886718304023,4.959552081625738,0.16666666666666669,4.782081738594304,2.5566573039153773,0.1085972850678733,n.d.,n.d.,0.16517857142857142,0.0625,0.30625,4.148216812281673,5.093480317190748,4.522089335132371,4.351824625225106,5.430077219630455,4.746002369353223,n.d.,0.4,0.1362883863051536,0.4,1.2530849477509338,0.20654761904761904,0.5,0.30000000000000004,0.75,n.d.,0.10818713450292397,1.3663869819476229,0.22049689440993786
S1,0,W02_C2,KDE-cl,9.909035102003728,5.266176811918266,7.5316754537548745,5.499300994443879,n.d.,2.8283389696141374,1.7599520854097719,0.012500000000000011,3.887851137026299,5.502637761126666,0.1875,2.8701515866857514,2.685892301530848,0.012500000000000011,n.d.,n.d.,0.125,0.0625,0.2,4.8490244437100465,5.5140996376511975,7.098778610653376,4.171413479919189,6.065683675241258,5.273569043577343,n.d.,0.6,0.1637262093028934,0.4,0.8087975671086052,0.15000000000000002,0.6666666666666666,0.0,0.5,n.d.,0.13068181818181818,0.9126984126984128,0.18067226890756305
S1,0,W04_C2,ADFNE-cl,11.213283081285422,5.454641242482255,7.455623293982459,8.582045375645341,n.d.,3.31907842257061,1.836465108858237,0.1875,5.034386101267494,3.5052940039287606,0.0267857142857143,6.442522847267227,5.331698231455488,0.04464285714285715,n.d.,n.d.,0.053571428571428575,0.0625,0.2232142857142857,3.3792941621670174,2.6593513698289413,5.496726816845098,5.403409616040566,1.902421463901042,7.474952830041762,n.d.,0.14285714285714285,0.30394324643429416,0.3333333333333333,0.679684588003217,0.25,0.2857142857142857,0.25,0.5,1.0,0.10103785103785103,1.1314285714285717,0.1665178571428571
S1,0,W04_C2,EVAE,10.29850198657213,5.657008253756982,6.697160836817037,3.964937844689838,n.d.,3.6325349135275005,2.6712033688924732,0.11538461538461536,6.46117536885153,3.1952922849695797,0.09230769230769231,3.251188195991394,2.9996335246705197,0.06868131868131867,n.d.,n.d.,0.07142857142857142,0.07142857142857142,0.19780219780219777,2.7030360237068987,1.6721436307045816,4.366164347429334,4.376039285344451,1.7030395434285919,6.783073839127395,n.d.,0.07142857142857142,0.27749519908043146,0.5,1.254762244119704,0.5416666666666666,0.21428571428571427,0.25,0.5,1.0,0.1326190476190476,1.6984126984126986,0.2600961538461538
S1,0,W04_C2,KDE-cl,10.891773192215046,5.66985946141788,6.967334955505457,7.674781431586179,n.d.,5.1181000956605445,1.5185938963903092,0.1875,3.7112417624736143,3.592699120914754,0.0267857142857143,5.274766931398499,5.044594532751569,0.04464285714285715,n.d.,n.d.,0.053571428571428575,0.0625,0.1875,3.041417185663507,1.9604149578928316,6.3837208501315175,4.948991740168619,1.6433206235395788,6.134452634744883,n.d.,0.14285714285714285,0.25472545793185863,0.5,0.6658712568247851,0.25,0.2857142857142857,0.25,0.5,1.0,0.09065628476084539,1.307881773399015,0.18128342245989304
S1,0,W04_C4,ADFNE-cl,16.933434381040506,5.363693774486329,4.8742474499497455,n.d.,n.d.,3.905313793967898,2.804646727318236,0.2875,2.565853637335346,3.6375788145698795,0.04999999999999999,n.d.,n.d.,0.0875,n.d.,n.d.,0.125,0.0625,0.2875,2.1977004726128477,1.8546463219641074,3.9519457538671388,3.459157191693966,2.737371221479963,n.d.,n.d.,0.6,0.1933986497784734,5.0,2.762187499113349,0.625,0.16666666666666666,0.6666666666666666,2.0,n.d.,0.11538461538461539,1.2201591511936338,0.23525899387968355
S1,0,W04_C4,EVAE,14.263619883662557,7.96799998722657,5.7533505320294775,n.d.,n.d.,3.935627726860299,4.489427163464509,0.241025641025641,1.9646852663459433,4.864137434676604,0.10833333333333336,n.d.,n.d.,0.05384615384615385,n.d.,n.d.,0.15384615384615385,0.0,0.3191919191919192,1.5958576384054997,0.9591890844233103,3.2707425780847323,2.607616290216287,2.608118091491345,n.d.,n.d.,0.4,0.11411566063618175,2.0,1.1325739085160365,0.1785714285714286,0.3333333333333333,0.3333333333333333,1.0,n.d.,0.09523809523809523,0.6032807771938207,0.12472527472527473
S1,0,W04_C4,KDE-cl,16.187593141913105,5.363617787256803,5.499375179325343,n.d.,n.d.,3.2239185713403136,3.3407838671100967,0.2875,3.4024249970145126,4.245927011904178,0.012500000000000011,n.d.,n.d.,0.0875,n.d.,n.d.,0.125,0.0625,0.2875,2.3071763710918587,1.0657060193985923,5.452644240164943,2.8834907600210706,2.9511163749116394,n.d.,n.d.,0.6,0.18630205958162702,4.5,2.558840058999688,0.375,0.16666666666666666,0.6666666666666666,2.0,n.d.,0.12452107279693486,0.9055899400726987,0.19728800611153552
S1,0,W04_C6,ADFNE-cl,9.57280068749768,5.024862507075802,4.804983420438397,4.490625271357713,n.d.,2.607593914601629,1.3889429076953324,0.0267857142857143,4.523017792121776,1.740677458771204,0.0267857142857143,3.5951526700945484,2.10168267442306,0.0982142857142857,n.d.,n.d.,0.053571428571428575,0.008928571428571425,0.1294642857142857,2.1803459599814285,1.414140093861912,1.4231330822474997,7.027777344952803,2.3869838475322145,1.6736737752618909,n.d.,0.14285714285714285,0.12600032434972994,1.5,1.3990449010142862,0.1785714285714286,0.25,0.25,0.25,1.0,0.06374643874643875,0.33333333333333326,0.0918300653594771
S1,0,W04_C6,EVAE,12.626174932623073,5.241791590718201,6.286105735128058,5.222083792135043,n.d.,3.595520424616187,2.5487905892722695,0.10897435897435899,3.6706541014576466,3.884329493173822,0.11904761904761904,3.7007327968717916,2.1319192203376294,0.11904761904761904,n.d.,n.d.,0.1468253968253968,0.04662698412698413,0.27976190476190477,1.9130329097266348,1.2267773175720076,1.530028076263269,5.9716235531768564,2.46384816581915,2.0357410738194925,n.d.,0.10714285714285714,0.19291554648525577,0.5,0.7213272714962111,0.1428571428571428,0.25,0.5,0.25,2.0,0.06743421052631579,0.33333333333333326,0.07523809523809522
S1,0,W04_C6,KDE-cl,9.067268779681644,6.00124950639797,5.160364359847276,5.208489100005561,n.d.,4.122033245196667,2.4408358534509125,0.0267857142857143,3.614048233216595,2.73954307375328,0.0267857142857143,3.339090966517843,2.431221684662244,0.0982142857142857,n.d.,n.d.,0.053571428571428575,0.008928571428571425,0.10714285714285715,2.4596505625118814,1.6380322110642296,2.065511525136464,7.183502894176685,2.170036024545138,1.402340156856088,n.d.,0.14285714285714285,0.16671538031825067,1.75,1.4062025927975115,0.25,0.25,0.25,0.25,1.0,0.04487179487179487,0.5925925925925926,0.11811713191023535
S1,1,W02_C3,ADFNE-cl,14.72192868224542,n.d.,5.80476843909941,4.588838518807208,n.d.,n.d.,n.d.,0.3333333333333333,2.0311319304990327,0.958264956278744,0.08333333333333331,3.4532997340541036,1.9000204295533494,0.04999999999999999,n.d.,n.d.,0.25,0.18333333333333335,0.48333333333333334,2.1893059590232884,0.8096683337258642,1.709555913573817,n.d.,4.896288764594738,6.0664148816190835,n.d.,0.25,0.14968498642188516,n.d.,1.1198415054062503,0.37916666666666665,n.d.,0.6666666666666666,0.0,1.0,0.0475912975912976,1.1111111111111112,0.22148908439231016
S1,1,W02_C3,EVAE,13.860464533138398,n.d.,5.687320614915434,6.022580728936218,3.876204850255207,n.d.,n.d.,0.25,2.2650336711369876,1.1628101071293253,0.1103896103896104,4.142178682368255,1.777071396637373,0.10714285714285715,3.7783379712568816,1.7883712881794673,0.17857142857142858,0.16987179487179488,0.4083333333333333,1.5506459100890662,0.26056975126266535,0.916631167990839,n.d.,5.38042466731598,6.153084083332788,4.973169163108525,0.16666666666666666,0.07760618538534063,n.d.,0.6105169683473926,0.13690476190476192,n.d.,0.6666666666666666,0.3333333333333333,0.6666666666666666,0.04444444444444445,0.6274018379281536,0.14040404040404036
S1,1,W02_C3,KDE-cl,11.688843576773575,n.d.,6.101301470926346,5.03058375146578,n.d.,n.d.,n.d.,0.3333333333333333,3.3272372927487677,2.1246460698491956,0.08333333333333331,3.7181191316681472,3.1997011750207287,0.04999999999999999,n.d.,n.d.,0.18333333333333335,0.18333333333333335,0.41666666666666663,2.066999307832884,0.7383014093074525,1.4181385533144546,n.d.,4.614285412409913,5.716577619070558,n.d.,0.25,0.11897213852607276,n.d.,1.1849961893038943,0.44583333333333336,n.d.,0.6666666666666666,0.0,0.6666666666666666,0.07784365393061045,1.11008547008547,0.2229390681003584
S1,1,W04_C3,ADFNE-cl,14.160542219488946,6.111054511998962,6.668217315490287,8.959914830293105,n.d.,2.0509782707228847,2.753167233546642,0.14035087719298245,3.820715182631388,5.138538194947516,0.17543859649122806,8.950759792715587,1.9960228746269393,0.04210526315789476,n.d.,n.d.,0.15789473684210525,0.05263157894736842,0.28421052631578947,1.4696449507355291,1.3924336555091286,3.325508065500861,2.688357418399108,2.6758268923801305,2.2929029249995194,n.d.,0.21052631578947367,0.33662646100433746,4.0,0.8964744379351473,0.2,0.4444444444444444,0.6666666666666666,0.3333333333333333,1.0,0.0736842105263158,0.4968075402858012,0.136431784107946
S1,1,W04_C3,EVAE,11.563073010667871,7.052607431163461,7.499067878852495,2.8336574828043872,3.4550272936957036,3.2196526204117326,3.1273141657738703,0.07177033492822965,4.868689797833052,7.39216713398862,0.17543859649122806,2.6461752171371264,1.575379755321682,0.06168831168831168,1.255777956362162,1.2859237863273827,0.09122807017543859,0.05263157894736842,0.2450657894736842,1.0395830493441163,0.6229067875409156,2.7425406778247985,2.373040604770179,2.707523954780583,1.510418161420337,1.8531327511233253,0.21052631578947367,0.26755064869993017,1.0,1.0079858161506172,0.19210526315789467,0.3333333333333333,0.6666666666666666,0.3333333333333333,0.6666666666666666,0.081951871657754,0.2647058823529412,0.09159420289855072
S1,1,W04_C3,KDE-cl,13.749865419509195,6.1962665844733,7.044613446209972,7.066006497693801,n.d.,3.3851908460985034,2.8372486557399887,0.14035087719298245,5.2098930120991165,5.119667387484515,0.17543859649122806,6.084052429201652,3.8043452279483922,0.04210526315789476,n.d.,n.d.,0.09122807017543859,0.014035087719298248,0.23157894736842105,1.5279538669268122,1.2834825006801056,4.2920167857540825,2.8245125242588456,2.6946921783086317,1.7246774963951328,n.d.,0.21052631578947367,0.3305504200244562,4.0,0.9722594058404914,0.2666666666666667,0.4444444444444444,0.6666666666666666,0.0,0.6666666666666666,0.05090909090909091,0.5527272727272727,0.12968515742128936
S1,1,W04_C5,ADFNE-cl,10.921481843209417,6.211161143463664,n.d.,4.7754079803301615,n.d.,2.8088518074926716,3.6564519888443736,0.04285714285714287,n.d.,n.d.,0.26190476190476186,3.3879573923559825,2.3780500272487513,0.22857142857142854,n.d.,n.d.,0.07142857142857142,0.03333333333333333,0.30476190476190473,2.514600524928216,1.416627095634158,5.719927422449982,4.267494250227628,n.d.,1.5808347735579216,n.d.,0.07142857142857142,0.28605813286963305,3.5,1.0728077026990217,0.45178571428571435,0.2,4.0,0.5,1.0,0.06,0.6920289855072465,0.1369825708061002
S1,1,W04_C5,EVAE,11.95063786365353,6.639782461311057,n.d.,4.6022389330359355,n.d.,4.5164923863071005,2.9047037233275512,0.10833333333333334,n.d.,n.d.,0.2738095238095238,2.945308278865352,3.389842009912377,0.2857142857142857,n.d.,n.d.,0.07142857142857142,0.07142857142857142,0.39578754578754577,1.672398704421954,0.46257346029464186,5.311749922041729,3.323712558439852,n.d.,1.8526284077734565,n.d.,0.07142857142857142,0.19130572900307885,1.0,0.9258314569062076,0.08688186813186816,0.30000000000000004,3.5,0.6666666666666666,1.0,0.03511904761904762,0.30000000000000004,0.07499999999999998
S1,1,W04_C5,KDE-cl,9.629745266402153,5.850221541489418,n.d.,5.505415042046267,n.d.,2.5604590154411113,2.2434186716822646,0.023809523809523836,n.d.,n.d.,0.26190476190476186,3.9351293618100582,2.049346076965866,0.22857142857142854,n.d.,n.d.,0.004761904761904759,0.004761904761904759,0.26190476190476186,1.948460214215613,0.8684237908177248,5.7285539747094205,3.2968407564614157,n.d.,1.5708097365958715,n.d.,0.07142857142857142,0.19427843613400209,6.0,1.2442400453066451,0.45178571428571435,0.0,4.0,0.5,0.0,0.06,1.0233494363929148,0.18676470588235294
S1,1,W04_C7,ADFNE-cl,14.441176539194057,10.251690173962498,5.091253406197584,8.53083929893635,n.d.,8.681093216524456,6.225018315192181,0.11428571428571432,2.2237911102085843,2.127826242119945,0.047619047619047616,8.572368166890849,2.2960736437297413,0.22857142857142854,n.d.,n.d.,0.0,0.06666666666666667,0.22857142857142856,2.3029246138595236,0.7392791173462582,5.710222625050893,2.6837958795808214,10.634501760710558,2.457052563451294,n.d.,1.1428571428571428,0.5601102998612906,n.d.,2.46359267194115,0.16666666666666663,2.0,1.5,0.0,n.d.,0.09307359307359307,1.1314285714285715,0.245
S1,1,W04_C7,EVAE,15.876134539844792,9.788582435160965,5.751724285094123,11.6619511151257,n.d.,8.55329061318407,5.779655871747727,0.07142857142857142,3.452819813023149,2.5851549486509926,0.11147186147186146,11.683196313423153,3.4810886652260122,0.1294642857142857,n.d.,n.d.,0.027777777777777776,0.11858974358974358,0.2738095238095238,2.0167106516953375,0.3668028039094984,5.604086471313928,1.6793959121013458,11.411381417302627,2.720580705047435,n.d.,1.0,0.5130214690040499,n.d.,1.107623933767107,0.09326923076923077,0.5,0.5,0.3333333333333333,n.d.,0.06066176470588235,0.5352941176470588,0.12373737373737374
S1,1,W04_C7,KDE-cl,15.714944961015185,9.584400243455752,5.493161086331777,9.959425896686941,n.d.,9.148689251925742,4.51213659156859,0.047619047619047616,3.3996949574604067,1.9961695329936875,0.047619047619047616,8.679129985186709,2.6761258598140603,0.22857142857142854,n.d.,n.d.,0.06666666666666667,0.06666666666666667,0.22857142857142854,2.434652516467973,0.5790300743795912,6.031466780720116,2.1930653058048746,10.613291768121815,2.3411127386784707,n.d.,1.1428571428571428,0.6071535473355358,n.d.,2.898884649453294,0.30000000000000004,1.5,1.5,0.0,n.d.,0.12771739130434784,1.44,0.29222011385199237
S1,2,W01_C2,ADFNE-cl,15.043010785872713,n.d.,4.910202007227251,5.015283869337725,7.014131154110668,n.d.,n.d.,0.3333333333333333,3.8432339434279106,1.9740548470381984,0.13333333333333336,3.349110801261512,2.3590458825598493,0.0,6.372460960059341,4.053655737445478,0.16666666666666666,0.03333333333333334,0.3333333333333333,2.0913916367039156,1.4278693490742462,4.838542242755947,n.d.,2.011254802084337,2.376780406792445,7.97346871472781,0.5,0.2480192105328044,n.d.,1.8377709549616537,0.2875000000000001,n.d.,0.0,0.5,0.3333333333333333,0.05357142857142857,1.0256410256410255,0.20468509984639013
S1,2,W01_C2,EVAE,15.6213082164294,n.d.,6.162128586456191,4.8311863332844025,6.276656227793404,n.d.,n.d.,0.2857142857142857,4.46704218830101,3.0365814390700185,0.16923076923076924,4.160799783040171,1.9416784969642826,0.09022556390977443,6.169010635065605,2.415063162107164,0.1675213675213675,0.047511312217194575,0.3699248120300752,1.5372492086508815,0.6890496832170747,4.500027602770489,n.d.,1.7861340622221022,2.6026428626459652,7.779545558440269,0.35,0.23546811892970138,n.d.,0.8272293956829901,0.08226495726495725,n.d.,0.5,0.5,0.6666666666666666,0.06934731934731936,0.5720375106564365,0.1481481481481481
S1,2,W01_C2,KDE-cl,14.412892167152876,n.d.,5.286170896338843,6.431660917165551,7.615032565919385,n.d.,n.d.,0.3333333333333333,3.9673652768357486,2.3890845954072564,0.13333333333333336,5.6281669306092255,1.6315452509971262,0.0,6.8199656623301035,2.893120267007198,0.16666666666666666,0.03333333333333334,0.3333333333333333,1.9942075834025867,0.6527440224521732,5.823449573508906,n.d.,1.8711759832539943,2.6657464768243853,8.053809886971209,0.5,0.2122654408642283,n.d.,1.8947770865621778,0.2875000000000001,n.d.,0.0,0.5,0.3333333333333333,0.042499999999999996,1.0476190476190477,0.20119047619047614
S1,2,W03_C2,ADFNE-cl,8.318604587959616,5.757735883505881,5.459479281473939,5.608148252399561,n.d.,2.7349971300407145,3.373278377490272,0.05555555555555558,2.8619229878965826,3.651918263529874,0.17777777777777776,3.8488462420408034,2.0683123584378214,0.0888888888888889,n.d.,n.d.,0.07777777777777778,0.06666666666666667,0.23333333333333334,1.2623579804828875,1.0189348693488867,1.427093743949518,1.7977021761824925,2.888109187067455,1.9598787221637317,n.d.,0.16666666666666666,0.24246323753506588,1.5,0.9224701381966313,0.0986111111111112,0.2857142857142857,0.5,0.5,1.0,0.11324786324786325,1.053030303030303,0.19644334160463192
S1,2,W03_C2,EVAE,11.930339616834361,6.234656097201111,5.7494825035934465,4.027737466138861,n.d.,4.003106194880355,3.8737373389585645,0.09218559218559219,3.175483275086462,3.53105813279047,0.17658730158730157,2.063268358861789,3.048501291993558,0.1111111111111111,n.d.,n.d.,0.041666666666666664,0.02631578947368421,0.25417710944026733,1.1118802191089885,1.2018104852445655,0.8229023064305829,2.992792289180822,3.104516512146836,1.5174860463849136,n.d.,0.2222222222222222,0.23886662490274213,0.75,0.8847457037989501,0.14770299145299137,0.2857142857142857,0.5,0.5,0.5,0.13333333333333333,0.5423465423465423,0.14416221033868093
S1,2,W03_C2,KDE-cl,8.574500574346153,6.345210263773506,4.804078925569375,5.88972982221227,n.d.,3.3210736446184144,2.8771703158141086,0.05555555555555558,2.0644365505099156,3.0931254155768872,0.17777777777777776,4.892590633955226,2.5892739987205897,0.0888888888888889,n.d.,n.d.,0.07777777777777778,0.06666666666666667,0.23333333333333334,1.7254574417640365,0.8855446927159292,2.1036612351248722,1.9130368880653412,3.360848742332685,1.8982853272419444,n.d.,0.16666666666666666,0.24919044415259406,1.75,0.9389784037888119,0.2,0.2857142857142857,0.5,0.5,1.0,0.12521739130434784,1.0618294748729533,0.20448717948717948
S1,2,W03_C4,ADFNE-cl,12.188145798082283,10.424016859264352,4.569022304188889,5.890239739345251,6.745003508056728,10.42215113565943,4.713276689757988,0.020833333333333315,2.6431966474668958,2.061084103992787,0.17083333333333334,4.185034815413442,2.5890977641656083,0.07500000000000001,3.147852605916786,5.783420147818589,0.008333333333333331,0.06666666666666667,0.17083333333333334,1.3022016199078101,0.8553953127679648,1.9371873232201609,3.226017751679681,1.736650333662351,1.6891317852510563,3.1094502959589243,0.0625,0.14230181785987575,n.d.,0.6562380315865879,0.2,0.0,0.42857142857142855,0.5,0.0,0.03929146537842189,0.8582417582417583,0.1715686274509804
S1,2,W03_C4,EVAE,15.24844906203383,10.850985667150422,7.60331635081865,6.417959580134193,5.907699804230552,10.81427827950914,5.1072667140271975,0.11607142857142855,7.335417578230995,1.6046597150839275,0.1971153846153846,5.983587796928566,2.562296352303056,0.125,2.429593400017715,3.9180446910685087,0.053571428571428575,0.0,0.2767857142857143,1.1886559576195115,0.33015682632266063,0.6665868025967747,2.986539161546666,1.4028420537571935,2.4542414806553436,2.5545165679359956,0.1875,0.13596457486449698,n.d.,1.2894321595482996,0.10096153846153844,0.2,0.5714285714285714,0.75,0.5,0.04722222222222223,0.5467787114845938,0.13961038961038963
S1,2,W03_C4,KDE-cl,13.759204918262842,14.18769554267114,4.331428380815249,7.049609399419564,6.4649067867950025,14.104802769298526,5.762147608559776,0.020833333333333315,3.6520214338958343,2.297059527981231,0.17083333333333334,6.2491685003296364,2.1696063837641346,0.07500000000000001,5.073172192981797,5.485332243440523,0.008333333333333331,0.06666666666666667,0.17083333333333334,1.3345800922251763,0.611131504710441,1.554923146933806,3.546629325314182,1.4661168316429491,1.3541983150882841,2.826120269887317,0.0625,0.15470418802216748,n.d.,0.6345963379071895,0.24583333333333335,0.0,0.42857142857142855,0.5,0.0,0.03929146537842189,1.04,0.20384615384615387
S1,2,W05_C2,ADFNE-cl,15.321020762753768,6.803988363999259,6.799863157363559,4.5059682440087085,n.d.,4.898815126621937,2.160767500823275,0.26666666666666666,4.052096703155625,4.708399919628786,0.016666666666666663,2.725098793142114,1.9734818150288338,0.1,n.d.,n.d.,0.13333333333333333,0.016666666666666663,0.2666666666666666,1.346375996812138,1.0282033826313248,1.840245387567938,1.8630546218869615,6.540230842687418,4.847517629591099,n.d.,0.25,0.3279720802767443,1.5,0.8307491990193782,0.2791666666666667,0.5833333333333334,0.2,0.5,n.d.,0.13484848484848483,1.1137123745819397,0.22645161290322582
S1,2,W05_C2,EVAE,11.474367678625136,4.7299680343793185,6.72653904473315,5.061032216455258,n.d.,2.5299751482530946,2.229307648009408,0.14700854700854699,5.663330354089439,3.920195336137936,0.04999999999999999,3.253313866517802,1.9088540218187378,0.04201680672268907,n.d.,n.d.,0.16228070175438597,0.041666666666666664,0.269047619047619,1.1149960552536697,0.3319668684639626,0.5745568910085408,2.1011515405941457,5.869180207063284,5.15779720809318,n.d.,0.3,0.2901759759319909,0.75,1.0451169580657016,0.2666666666666666,0.4166666666666667,0.4,0.5,n.d.,0.1225,0.8161524076671343,0.17680672268907566
S1,2,W05_C2,KDE-cl,15.429293541998055,6.1935370027830094,7.743225454234581,5.363884371229309,n.d.,4.615122153795166,1.8772259900392592,0.26666666666666666,5.117169634380728,3.6122842838054985,0.016666666666666663,3.2235479511671494,1.8622618065775978,0.1,n.d.,n.d.,0.13333333333333333,0.016666666666666663,0.2666666666666666,1.776320990055833,1.131998324606312,1.8842220464908455,1.5898179298793464,5.398418034273067,4.477334203463004,n.d.,0.25,0.35426606316644205,1.25,0.7076031388813477,0.13333333333333336,0.5833333333333334,0.2,0.5,n.d.,0.1471291866028708,1.062111801242236,0.21966329966329967
S1,2,W05_C4,ADFNE-cl,14.191821607980316,5.359412311704917,4.9090404359438615,n.d.,n.d.,3.5377221324225174,2.1511996747996953,0.25490196078431376,4.155640303170092,2.6317365049575936,0.027450980392156876,n.d.,n.d.,0.1411764705882353,n.d.,n.d.,0.07450980392156863,0.06666666666666667,0.28235294117647064,2.29697774348047,1.2711665975817783,2.928741529381715,3.4965562094319314,2.5281863180469095,n.d.,n.d.,0.11764705882352941,0.3114812158156808,1.0,0.6580924098466326,0.25049019607843137,0.5,0.2,2.0,1.0,0.06359649122807018,0.3466666666666666,0.10083916083916084
S1,2,W05_C4,EVAE,11.466138753202555,5.746236143704995,4.915641714879746,n.d.,n.d.,2.9960388411929997,1.9589601912247883,0.19379084967320262,3.3964626594307763,2.635934867044053,0.06334841628959276,n.d.,n.d.,0.10784313725490195,n.d.,n.d.,0.07927170868347339,0.02631578947368421,0.21568627450980393,1.523294145440434,0.39185077300318116,1.1738580190650305,2.4986627110129422,1.9662853888220941,n.d.,n.d.,0.20588235294117646,0.2507495103937368,0.5,1.2730114521472249,0.28909313725490193,0.4,0.4,2.0,1.0,0.06980676328502415,0.4928571428571429,0.10703185703185703
S1,2,W05_C4,KDE-cl,14.082224587676825,5.205900690382271,4.628529283349769,n.d.,n.d.,2.668118676852646,1.877383668424213,0.25490196078431376,3.074835107239439,1.720278542209432,0.027450980392156876,n.d.,n.d.,0.1411764705882353,n.d.,n.d.,0.07450980392156863,0.06666666666666667,0.28235294117647064,2.021278374085228,1.1155071533118792,3.6787440268630176,3.5578517586900675,2.178328179676674,n.d.,n.d.,0.11764705882352941,0.31678765251492913,1.5,0.7214760309017171,0.2,0.5,0.2,2.0,1.0,0.06999999999999999,0.3751724137931034,0.11396501162908283
S1,2,W05_C6,ADFNE-cl,15.2874038020781,6.9766786558485006,4.924952591514208,8.891880456549456,5.461663077748273,4.442886854363426,2.3079648962748323,0.16666666666666666,2.8852654878168016,2.876463099498351,0.23333333333333334,3.663487189638637,7.4956200685053735,0.0888888888888889,4.411514331278045,2.6487373679527453,0.08888888888888888,0.06666666666666667,0.32222222222222224,1.442205425308401,1.046624574178035,1.1275220225051585,2.7889295493065127,3.1680476905171093,2.5079326358136744,1.8438077319433024,0.16666666666666666,0.26581882636630394,2.25,0.7141399728360581,0.3208333333333334,0.6666666666666666,0.5555555555555556,0.5,0.5,0.06601398601398602,0.8172407302842085,0.15295698924731188
S1,2,W05_C6,EVAE,17.00479303145056,7.71322513770562,5.9894361561496865,8.820203317304268,6.777420312833898,6.3799586608584855,2.7640391880047175,0.11904761904761904,3.6775201433870794,3.5127043225676573,0.27521008403361347,4.609183610303795,7.5685991736603535,0.1746031746031746,3.9964199751423344,5.175201376613074,0.1388888888888889,0.03571428571428571,0.376984126984127,1.0815762838531007,0.5750929428845009,1.224957282944787,4.162994713238357,3.642320507868097,2.4834251193653016,2.019199510678062,0.2222222222222222,0.2778541447364889,1.0,1.239637585254509,0.15476190476190477,0.3333333333333333,0.6666666666666666,1.0,0.625,0.0491699604743083,0.42828282828282827,0.08333333333333334
S1,2,W05_C6,KDE-cl,14.349840446212298,7.3472338416905085,5.152467813280044,9.203671681034404,6.492531888999849,4.264588458472722,2.3978645739955238,0.16666666666666666,3.3499611000110185,1.084934486259646,0.23333333333333334,3.3794096169669716,8.351016166128149,0.0888888888888889,5.303840358223578,2.7415912707479375,0.08888888888888888,0.06666666666666667,0.32222222222222224,1.5235113306131507,1.1799959250251608,1.9901361800778115,2.486932495057403,3.4719144089794076,2.29503908789231,2.3346376414836767,0.16666666666666666,0.17209628624815124,2.25,0.5378878657835463,0.2541666666666667,0.6666666666666666,0.5555555555555556,0.5,0.5,0.060088060088060086,0.6317016317016316,0.12272727272727273
S1,3,W01_C3,ADFNE-cl,9.150850271051041,10.853606842267258,6.8216343405550335,4.6181628276525455,n.d.,10.430619377598205,4.354568585191913,0.0625,5.940528730307834,2.210887642073702,0.0625,1.9467685849285723,2.5246613215243894,0.0625,n.d.,n.d.,0.125,0.0625,0.1875,3.706061555864058,1.9969782872144184,7.1300336233014185,2.9572938823955104,11.928494727329136,1.8943894619326178,n.d.,1.0,0.18475170325822388,2.25,3.2297177877052428,0.4375,0.6666666666666666,1.5,0.5,n.d.,0.13664596273291924,0.582608695652174,0.13218390804597702
S1,3,W01_C3,EVAE,14.839897876021649,10.464365478372512,8.213672976919142,4.295247976417523,n.d.,10.456860205025169,6.111626435787305,0.15247252747252749,6.988319540586034,1.6639684876475278,0.12171052631578946,2.3856055173538127,2.6254495779075118,0.1103896103896104,n.d.,n.d.,0.14285714285714285,0.125,0.3004807692307692,2.8856579568020035,1.4001591250501848,6.797011880885961,3.661355892377869,12.236307785818397,1.4986431336079096,n.d.,0.625,0.13625218035596257,1.0,1.360718656433675,0.11916208791208793,0.3333333333333333,1.25,0.5,n.d.,0.08893280632411067,0.2121212121212121,0.11388888888888889
S1,3,W01_C3,KDE-cl,10.33726764863995,11.0872673743831,6.742806665772073,4.700691106834157,n.d.,11.13226257805469,4.359612776283958,0.0625,6.251930912373767,2.31173491967801,0.0625,3.7376066205147134,2.3786203352685105,0.0625,n.d.,n.d.,0.125,0.0625,0.1875,3.2406363494863983,1.3027094160076231,7.028076620798997,3.063157038784836,11.046443901610107,1.8676514708095877,n.d.,1.0,0.30148252038825,2.5,3.129159808717926,0.5,0.6666666666666666,1.5,0.5,n.d.,0.12007168458781362,0.6719576719576719,0.12345248474280737
S1,3,W03_C3,ADFNE-cl,10.462377214341174,5.874844291146495,5.368901267393242,4.887709932679602,6.862598176120969,5.485157421469232,2.530451313440853,0.020833333333333315,4.359455877399409,1.6339230210651765,0.13194444444444442,3.6635804056039603,2.5147811442070602,0.0763888888888889,6.52779392806624,3.4179128502705938,0.013888888888888895,0.0625,0.15277777777777776,1.384500529852017,1.1370912964299311,1.6961366341265038,2.453491113162042,2.5423761795299784,2.758288489468021,3.350455204017914,0.1111111111111111,0.246547891571835,1.75,0.6128978097752126,0.3472222222222222,0.16666666666666666,0.375,0.5,0.0,0.05291005291005291,0.765034965034965,0.134744623655914
S1,3,W03_C3,EVAE,13.49068004420507,9.284571258470839,6.362466804991219,5.470390412810091,7.201564066451725,7.987788375773445,2.9945415433393903,0.0892857142857143,4.430519671804872,2.084224251778106,0.14774114774114772,4.449842147952466,1.3951264494132516,0.07979797979797981,4.446194216853733,3.8258138763616154,0.041208791208791215,0.0,0.2373015873015873,1.0077249684793772,0.38327217216009846,1.491943054260596,2.205960564118013,2.4858537494110307,2.3044752433835587,2.8838779356036834,0.2222222222222222,0.2842916776862183,0.5,1.4140251312366967,0.20625,0.3333333333333333,0.5,0.5,0.5,0.041666666666666664,0.3781818181818182,0.08333333333333333
S1,3,W03_C3,KDE-cl,9.175616381216528,5.051977557275112,4.779499421970344,5.347886438272683,8.139873570502886,3.793654495455945,2.1408375769067125,0.020833333333333315,3.277168824332521,2.10939181266695,0.13194444444444442,4.179530208643191,2.229857311339515,0.0763888888888889,5.917012586061606,4.539898792189427,0.013888888888888895,0.0625,0.15277777777777776,1.196738070230126,0.47064604989201675,1.9658313561218232,2.561259979874171,1.7056057220211667,2.721694010818899,2.996371446452853,0.1111111111111111,0.2099947981904662,2.25,0.7202072118583234,0.4097222222222222,0.16666666666666666,0.375,0.5,0.0,0.07242424242424242,0.9855477855477855,0.1710526315789474
S1,3,W03_C5,ADFNE-cl,10.005904254151424,8.673153983095531,8.076685352512905,5.652063781835203,6.233964787876291,8.438088329784597,2.1383892750420337,0.11607142857142855,4.798737044334935,6.115540880492446,0.09821428571428573,2.3333550645659464,4.017661585660809,0.026785714285714274,5.058795622832651,2.4760392242156684,0.01785714285714285,0.0625,0.1607142857142857,1.5079561285448206,1.2429473513275764,1.2175368973532474,2.5392618986688618,2.073980435005919,1.5361725317288057,2.5776878757473742,0.14285714285714285,0.11579280962562521,n.d.,0.9085398117627246,0.4285714285714286,0.16666666666666666,0.6666666666666666,0.0,0.0,0.13068181818181818,1.47,0.30000000000000004
S1,3,W03_C5,EVAE,11.925430348571588,12.458607709989453,8.809078072909713,5.801894358607313,8.60666384088054,12.531987804790614,3.121466784197226,0.1672077922077922,4.8728832391025385,8.721427892843096,0.08241758241758243,4.544306629844857,3.8223957010100156,0.11904761904761904,6.268728897026772,7.246000355557593,0.06547619047619047,0.0,0.2261904761904762,0.9900388158046654,0.6368842124100726,0.6994010366231329,3.0637966926921045,1.8888185972960325,1.5363988220460567,2.616742033014007,0.07142857142857142,0.08230545674522838,n.d.,1.0970672170537914,0.2797619047619047,0.5,0.3333333333333333,0.3333333333333333,0.5,0.05263157894736842,0.6357894736842105,0.14285714285714288
S1,3,W03_C5,KDE-cl,10.111914511515458,8.728466356020032,10.293939577227587,5.166223895195293,7.412680559950694,8.04077200435799,1.9685494539665065,0.11607142857142855,7.664036254054749,6.961723899639038,0.09821428571428573,4.839674252293349,3.2401850818791127,0.026785714285714274,5.295892756592508,3.4173023505001647,0.01785714285714285,0.0625,0.1607142857142857,1.087534252259006,0.63660434127845,1.3102941541186097,2.393569164417668,1.9149546042877768,1.5134963815323013,2.051109129762569,0.14285714285714285,0.09602098804224843,n.d.,0.9394467620050926,0.1964285714285714,0.16666666666666666,0.6666666666666666,0.0,0.0,0.1455026455026455,1.3846153846153846,0.29705882352941176
S1,3,W05_C3,ADFNE-cl,10.845556929938633,6.894995979859198,4.88081932181697,5.849385680179905,n.d.,6.208487059593129,2.375567137448634,0.09926470588235292,2.80551472017627,2.6566151089117214,0.04044117647058826,2.6752641421250942,2.915411453806131,0.06985294117647059,n.d.,n.d.,0.125,0.05514705882352941,0.19485294117647062,1.8404741984051662,1.5361181409253581,2.0477189832435148,2.8373912965556194,2.175524615025595,2.6392410169629796,n.d.,0.058823529411764705,0.2569323298926477,1.1666666666666665,0.656518956370924,0.125,0.2857142857142857,0.16666666666666666,0.5,n.d.,0.05938697318007662,0.5433333333333333,0.09904463352739215
S1,3,W05_C3,EVAE,13.905838630075994,6.455061653129493,5.823665086781994,7.32866206999706,n.d.,5.648326532417718,4.418780707124202,0.08333333333333334,3.3415476117157064,2.3988504354148663,0.10597761371755182,6.068999353939612,1.5348914038442287,0.05306372549019608,n.d.,n.d.,0.15384615384615385,0.11764705882352941,0.2542016806722689,1.1797946081618689,0.3843728068605884,1.504653850011216,2.2536905038577713,2.4679436005922843,1.9374144831384634,n.d.,0.11764705882352941,0.1507757161839863,0.3333333333333333,1.1418445084830253,0.21977124183006538,0.21428571428571427,0.3333333333333333,0.5,n.d.,0.05555555555555555,0.31481481481481477,0.08504398826979472
S1,3,W05_C3,KDE-cl,11.213872005659198,8.61722605932589,5.077331272710854,7.263439211431553,n.d.,6.2039999259528305,4.5475825502733755,0.09926470588235292,3.1473066862501806,2.0873536122387044,0.04044117647058826,3.445701146104716,3.798740494279036,0.06985294117647059,n.d.,n.d.,0.125,0.05514705882352941,0.19485294117647062,1.592192852071702,0.9481472570073568,2.4872690101116812,2.778007528790138,2.370196939748964,1.9026188788280773,n.d.,0.058823529411764705,0.2298589027212159,1.1666666666666665,0.6805139631473031,0.3566176470588235,0.2857142857142857,0.16666666666666666,0.5,n.d.,0.03678160919540231,0.4945054945054946,0.10267857142857142
S1,3,W05_C5,ADFNE-cl,7.819509385315508,5.713623056029347,3.981728521902678,5.872632318379647,6.582241604659676,4.126667367743937,2.269497874407891,0.04044117647058826,3.0064641773588265,2.1948245391081898,0.07720588235294118,2.29716436690107,3.8851166659151932,0.04779411764705882,4.60389385071621,3.3914634240184744,0.05147058823529413,0.0625,0.13970588235294118,1.884240342787233,1.315083204752142,1.793132389141453,3.999918567465186,2.4099620014515954,1.9748983615703097,3.161469681435094,0.058823529411764705,0.24907685415576786,5.0,0.8706065315341993,0.36397058823529416,0.16666666666666666,0.25,0.25,0.3333333333333333,0.2242063492063492,0.4327122153209111,0.2330492424242424
S1,3,W05_C5,EVAE,11.142412475235098,6.235724051553812,5.424621397746489,5.31963505254576,6.984037119904325,3.50905337362264,4.000305758184954,0.0915775401069519,3.728898731249975,3.1927064168675545,0.06561085972850679,2.574680932235185,4.008911757242939,0.11974789915966387,2.5924414154828934,6.185383155474554,0.04047619047619047,0.06349206349206349,0.2089169000933707,1.332113507427668,0.47252803099608276,1.0382554157821067,3.429915379036025,2.923254485847786,2.215167811996513,2.7130595342346386,0.17647058823529413,0.24148133956828577,1.0,1.261595032445965,0.589588720103426,0.3333333333333333,0.25,0.25,0.3333333333333333,0.24440052700922266,0.6265664160401002,0.2408008658008658
S1,3,W05_C5,KDE-cl,7.856895744309551,5.739500536561266,5.967004230028637,5.704971473538336,5.392874902362379,3.3386161119761923,1.990211432526575,0.04044117647058826,4.423857730088276,2.0859794696122345,0.07720588235294118,3.2062170447680574,3.4625279517997063,0.04779411764705882,3.8297134294839634,2.163006161137415,0.05147058823529413,0.0625,0.13970588235294118,1.6822018697939145,0.657985059981061,2.6576157097395448,3.897800593937955,2.7936601044493052,1.5784168680323458,3.457550111783491,0.058823529411764705,0.2125745849470177,4.0,0.8012649433189083,0.23897058823529416,0.16666666666666666,0.25,0.25,0.3333333333333333,0.2042124542124542,0.6547619047619047,0.22604422604422605
S1,3,W05_C7,ADFNE-cl,16.121143503340804,8.560921665205068,7.041663066046393,6.565619026878446,n.d.,8.376191199487877,2.4733107533460057,0.09027777777777779,5.920138875969414,2.785402421993085,0.0763888888888889,4.15870950394831,3.467548824887286,0.14583333333333331,n.d.,n.d.,0.06944444444444445,0.0625,0.2222222222222222,1.505226859762776,1.019180076834264,2.1096099031085913,4.44923013925245,1.8193868732309277,2.422671549254292,n.d.,0.1111111111111111,0.21600144885263436,1.25,0.6357364040834301,0.27083333333333337,0.25,0.2857142857142857,0.5,1.0,0.04853479853479854,0.37037037037037035,0.10039270687237026
S1,3,W05_C7,EVAE,13.090051043465806,11.20292801931628,5.289279329126506,5.020626950848027,n.d.,10.377664311697504,4.105673861838945,0.06593406593406592,3.2670517047555085,2.771071343545983,0.09603174603174605,2.133514253530534,2.548175829090619,0.12727272727272726,n.d.,n.d.,0.08253968253968254,0.0,0.2222222222222222,1.1651082833193587,0.5123794379700994,0.7372602926120392,3.883904388149644,1.8457324381120306,1.5488430270880862,n.d.,0.3055555555555556,0.2701741246045919,0.5,1.5746212656824488,0.12797619047619044,0.25,0.3571428571428571,0.5,1.0,0.09022556390977443,0.38095238095238093,0.09925558312655088
S1,3,W05_C7,KDE-cl,15.424903357552765,10.996260301743835,5.444336289053403,6.051984923496473,n.d.,11.043512184994642,2.7524313564846103,0.09027777777777779,3.364418460416328,2.564772977329741,0.0763888888888889,3.5765260664996834,3.113425364013528,0.14583333333333331,n.d.,n.d.,0.06944444444444445,0.0625,0.2222222222222222,1.343782501346083,0.6075655326355411,1.8548985964315623,4.546277417304804,2.145444436054329,1.8500650371719685,n.d.,0.1111111111111111,0.16949012809478864,1.5,0.6492654041830144,0.33333333333333337,0.25,0.2857142857142857,0.5,1.0,0.040868454661558105,0.5860805860805862,0.12531526444569924
S2,0,W00_C1,ADFNE-cl,11.062518444906356,11.178401567558504,5.795402712685327,5.990602963919016,7.686101111872482,10.815628570374905,3.651939484408781,0.0174825174825175,4.460080823653896,2.5048837708943115,0.18881118881118886,4.181577033536757,1.8356913227472251,0.1048951048951049,7.686101111872488,1.7763642484576567,0.013986013986013984,0.05244755244755245,0.18881118881118883,1.7335374840346218,1.5733414252200386,2.5786986622689296,2.3042422328518497,2.1646391234203413,1.9442173381843355,2.0765606082683634,0.5769230769230769,0.4167260457193192,1.25,0.9740283153529028,0.6066433566433568,0.5555555555555556,0.75,0.0,0.5,0.06521739130434782,0.9769820971867009,0.19071969696969698
S2,0,W00_C1,EVAE,14.148852520600713,11.231759476694913,5.482978940864088,5.1018351514575935,5.015263948696419,9.34954927007693,5.13718909346083,0.10576923076923078,3.7689311822357685,3.1968473825130377,0.2075277663512958,3.880606711348546,2.2011250034171774,0.18444055944055943,3.197120776716914,1.6786942967168024,0.07692307692307693,0.038461538461538464,0.30594405594405594,1.8733550360490112,1.7065102311837232,1.4145969276644854,3.2933147738217787,2.230431209716801,1.5359387246644884,3.2573468947483066,0.5961538461538461,0.44948558201788386,0.5,2.0786868186202043,0.20512820512820512,0.6666666666666666,0.7916666666666667,0.5,0.5,0.06521739130434782,0.5652173913043479,0.12141531713900136
S2,0,W00_C1,KDE-cl,10.343266018943732,9.766722848061429,5.530047284390882,5.073291143726431,n.d.,9.364049309199501,2.0750210583577893,0.0174825174825175,4.9350032202384035,2.8007540569338927,0.18881118881118886,3.814380210839338,2.591783519893247,0.1048951048951049,n.d.,n.d.,0.013986013986013984,0.05244755244755245,0.18881118881118883,1.790416948807596,1.6957470077473136,1.0049540679001971,2.200647803222344,1.9695894616861278,1.9789139789487813,n.d.,0.5769230769230769,0.4041631930577171,1.5,0.9076981865194516,0.515734265734266,0.5555555555555556,0.75,0.0,0.5,0.06521739130434782,1.1429951690821256,0.22418478260869568
S2,0,W00_C2,ADFNE-cl,15.23650976835422,13.623701889393079,8.317780794096954,n.d.,7.098189376952391,12.185684498231982,6.158925052290653,0.11363636363636365,6.230249908259156,3.2244412796489783,0.27727272727272734,n.d.,n.d.,0.13181818181818183,7.0981893769524,2.5512190497539433,0.009090909090909094,0.04090909090909091,0.28636363636363643,1.4781475586043618,1.0436942364671216,2.8181864735047926,2.159392557391184,2.1805419750944184,n.d.,3.084822690522282,0.45,0.34825105318508315,0.3333333333333333,0.7425292548587817,0.3772727272727275,0.2,0.7272727272727273,1.0,0.5,0.050980392156862744,0.38970588235294124,0.10810810810810809
S2,0,W00_C2,EVAE,17.824015031277597,11.333768629528953,9.915067871118692,n.d.,5.185562816224794,11.302324680907942,4.406587175689005,0.13194444444444445,9.487481893500082,3.7411902789245897,0.34285714285714286,n.d.,n.d.,0.25303030303030305,2.5585352333918907,5.206079327140749,0.08181818181818182,0.05,0.40992063492063496,1.4263889494158473,1.1960463887212645,2.9382146682286923,3.0406125912578297,2.5062224589797144,n.d.,2.5240460257201756,0.45,0.3248674038218968,0.3333333333333333,1.5003893513083852,0.09999999999999998,0.4,0.8181818181818182,1.5,0.5,0.06323529411764706,0.3025210084033614,0.10810810810810809
S2,0,W00_C2,KDE-cl,13.979389599833661,11.923065845248228,5.992764322223486,n.d.,n.d.,10.411283579780193,7.299712964946109,0.11363636363636365,4.497804562072451,2.54547071884546,0.27727272727272734,n.d.,n.d.,0.13181818181818183,n.d.,n.d.,0.009090909090909094,0.04090909090909091,0.28636363636363643,1.2602590949495185,0.889566456934055,1.89405927597037,1.9172517435001946,1.5396056181823363,n.d.,n.d.,0.45,0.367445713999186,0.3333333333333333,0.6883770741901607,0.5590909090909091,0.2,0.7272727272727273,1.0,0.5,0.06486928104575163,0.363283775048481,0.11415701415701418
S2,0,W00_C3,ADFNE-cl,17.808607356628023,15.958087070102312,5.474749233239304,8.529590113401877,n.d.,15.848915501654808,6.195679990742989,0.18181818181818182,3.745001101624778,2.364393547553087,0.0,8.559996824178414,2.766466407309672,0.18181818181818182,n.d.,n.d.,0.09090909090909091,0.09090909090909091,0.27272727272727276,1.7700617223637949,1.3913658026740379,2.748961597207197,4.051753676552755,2.0762380251508215,2.4858966852105664,n.d.,0.0,0.19026887923859714,2.0,0.9855258818459596,0.2598484848484848,1.0,0.0,0.5,n.d.,0.10263157894736842,0.7666666666666667,0.15145881006864986
S2,0,W00_C3,EVAE,19.38704642982374,15.293866253721898,7.18855929761918,8.605254101474612,n.d.,15.220445115690794,9.245216529815202,0.13484848484848483,3.544715552538072,5.274622812399314,0.12307692307692308,8.282424858659756,2.6068082151292615,0.11363636363636365,n.d.,n.d.,0.1,0.18181818181818182,0.32211538461538464,1.8956394222988653,1.1253150592723764,1.95555391300552,3.189839075080929,3.1281807230638368,2.363816360888425,n.d.,0.09090909090909091,0.15590170907900286,1.5,1.3317382504586568,0.14722222222222217,0.5,0.3333333333333333,0.25,n.d.,0.07692307692307693,0.8920634920634921,0.17979691876750697
S2,0,W00_C3,KDE-cl,17.374407125821104,12.266305994044684,6.330145556256953,7.59190497881923,n.d.,12.217679389861031,7.478134672836544,0.18181818181818182,4.373478887675708,6.356129208404617,0.0,6.197801196461029,4.222984294926817,0.18181818181818182,n.d.,n.d.,0.09090909090909091,0.09090909090909091,0.27272727272727276,1.9253360711834877,0.9339587430627216,2.4746561033227996,4.08934055728373,2.9689570970739316,2.3788660344457817,n.d.,0.0,0.10028033722383203,5.0,1.2330172129577854,0.36363636363636365,1.0,0.0,0.5,n.d.,0.1213235294117647,1.511111111111111,0.27083333333333337
S2,0,W00_C4,ADFNE-cl,22.4775252111092,10.392703625401703,7.832926943918453,7.950498106961114,n.d.,10.37149039221504,4.026306802345152,0.09696969696969698,7.385214172982372,4.2744220529331916,0.13939393939393938,7.876611827621417,3.85477966580192,0.28484848484848485,n.d.,n.d.,0.09090909090909091,0.04242424242424242,0.32727272727272727,1.2952989450719903,0.9551204402844571,1.8156293494852442,4.086322353892436,2.5463026296467666,1.6411286017208808,n.d.,0.26666666666666666,0.3016977586109757,1.0,0.8920049254230786,0.3386363636363636,0.0,0.5,0.7142857142857143,n.d.,0.043233082706766915,0.645054945054945,0.12857142857142856
S2,0,W00_C4,EVAE,22.52330388323382,15.859902236397843,6.034441361550185,8.909660670609028,n.d.,15.683107680020617,3.8771830743611537,0.09696969696969698,3.7292126150369227,2.2265955250284186,0.13939393939393938,8.909865307888598,1.8580861042683776,0.18744588744588747,n.d.,n.d.,0.09090909090909091,0.13333333333333333,0.3126984126984127,1.3984105318435098,1.9648873834910563,0.8660896601902257,2.7904258300815865,3.1618965428851595,1.822968040346781,n.d.,0.3333333333333333,0.2725252652502568,0.5,1.7963060396791866,0.1181818181818182,0.5,0.5,0.6428571428571428,n.d.,0.06643356643356643,0.49743589743589733,0.125
S2,0,W00_C4,KDE-cl,23.532860624064362,15.620627547929548,7.841814848314089,8.886486827555679,n.d.,15.774716963782577,2.249561229740068,0.09696969696969698,6.787425189973046,3.337445654316989,0.13939393939393938,8.896780045171635,3.681686151033026,0.28484848484848485,n.d.,n.d.,0.09090909090909091,0.04242424242424242,0.32727272727272727,1.2091167948495667,0.6378416899155581,2.328551527036541,4.337714059250916,2.440207883149714,1.6573129769558543,n.d.,0.26666666666666666,0.3320156276080648,0.5,0.6730462688771682,0.2727272727272728,0.0,0.5,0.7142857142857143,n.d.,0.05965706120504883,0.48734817813765174,0.10317460317460318
S2,0,W00_C5,ADFNE-cl,15.967894654034247,13.58202731154985,7.018017681860098,6.7011034924531945,6.315202164647417,13.810286552231407,2.9320602645781926,0.09090909090909088,4.271572248024001,3.822881109372463,0.09090909090909088,5.943198551857215,1.9704707944977877,0.0,3.302374112089333,5.955315759257529,0.09090909090909091,0.09090909090909091,0.18181818181818182,1.9401599737487487,1.169166467289983,3.9456983174062175,2.0063317856591114,2.698779629969204,1.7813065320520973,3.9256324901660316,0.0,0.23473298064915388,2.0,0.9227580461237642,0.36363636363636376,0.2,0.5,0.0,0.5,0.05555555555555555,1.043233082706767,0.21168478260869567
S2,0,W00_C5,EVAE,18.573431559500477,10.584089798473777,9.337635322186054,4.103120528752218,5.7987790034942766,10.130700026610224,3.362355692152006,0.14615384615384613,9.355893454891682,2.549702499930091,0.08181818181818182,3.1072883290558257,2.1444675112283886,0.11818181818181817,4.206639383939779,3.6739858639363594,0.08181818181818182,0.0,0.23636363636363633,1.9393839979072944,1.3605946670633984,3.6882247647799273,4.405038463947179,1.5121231557295423,1.6888122667737941,3.3878441625820486,0.09090909090909091,0.23370328318640926,1.0,1.2010959466138518,0.1363636363636363,0.4,0.5,0.5,0.5,0.05263157894736842,0.42857142857142855,0.11228070175438598
S2,0,W00_C5,KDE-cl,14.67884499327938,11.809147327979508,7.894448597917032,5.2300088140772925,n.d.,10.89386436211537,2.5889231313626837,0.09090909090909088,6.3021980508449875,2.0979504952571846,0.09090909090909088,4.487065413554369,2.2637030517248693,0.0,n.d.,n.d.,0.09090909090909091,0.09090909090909091,0.18181818181818182,1.4429657855213915,0.6153461241137059,2.8152338714331377,2.0388657151072507,2.0717367957928197,1.8786784843357576,n.d.,0.0,0.1790414535106334,2.5,0.9305320989597674,0.5196969696969697,0.2,0.5,0.0,0.5,0.093796992481203,1.1067251461988303,0.21818181818181823
S2,0,W00_C6,ADFNE-cl,10.762569963508295,9.297475522616342,5.817513493992217,4.816223371866084,n.d.,4.224344088691135,7.529723710107303,0.11363636363636365,4.022387045800098,3.20131084839066,0.022727272727272707,2.916285132235166,2.421390346717216,0.06818181818181818,n.d.,n.d.,0.007575757575757583,0.07575757575757575,0.14393939393939392,1.8191633071120172,1.4874487711115416,1.6387100759288997,2.5792482372949315,1.7381584081306483,2.223313040894527,n.d.,0.08333333333333333,0.2543073827848997,2.5,0.7099099304207521,0.3257575757575759,0.3333333333333333,0.0,0.3333333333333333,0.0,0.1238390092879257,0.375,0.17196969696969697
S2,0,W00_C6,EVAE,13.736851212281003,8.045235156255266,5.992568511720697,4.22081809796862,n.d.,7.186881131667374,4.012502059910517,0.08333333333333331,1.83566287244425,4.181353368983945,0.06818181818181818,2.7875524329288788,1.4382850226108017,0.11363636363636365,n.d.,n.d.,0.027777777777777776,0.16666666666666666,0.23106060606060602,2.378283067220921,3.0267335257254677,2.3417785845122996,2.635737066868323,2.341040092327504,2.9155115921227948,n.d.,0.08333333333333333,0.2963931065664953,1.0,1.0957437187644627,0.18055555555555566,0.3333333333333333,0.3333333333333333,0.3333333333333333,0.0,0.16111829347123463,0.3735294117647059,0.18849206349206346
S2,0,W00_C6,KDE-cl,11.618411608707705,10.825118647042574,7.500786103844302,5.450653695673983,n.d.,5.411088986583046,9.80845257177509,0.11363636363636365,4.327818845474099,4.68041319757262,0.022727272727272707,4.665063937790221,3.3850448795038797,0.06818181818181818,n.d.,n.d.,0.007575757575757583,0.07575757575757575,0.14393939393939392,1.836758498380338,2.541800065044815,1.6034299763949749,2.901072005510083,1.489787835282848,3.1923438335846974,n.d.,0.08333333333333333,0.23906701891419446,2.0,0.9090271482324908,0.2727272727272727,0.3333333333333333,0.0,0.3333333333333333,0.0,0.10980392156862745,0.4248366013071895,0.1746031746031746
S2,0,W00_C7,ADFNE-cl,11.951506611930622,7.039204273769945,4.9659685368308715,8.900863936635078,2.8629853558089384,5.384732613534588,5.612241851214271,0.196969696969697,3.8244600960087767,1.6571082307672445,0.06060606060606061,6.931330314837643,5.259609772711113,0.015151515151515166,1.5350258324094312,1.326889277870757,0.1313131313131313,0.020202020202020193,0.2121212121212121,1.177378566248917,0.931341539967099,1.7904492154309415,2.471453772363267,1.6245289711986677,2.61648500353117,5.843164373046678,0.3888888888888889,0.30350302126062945,0.3333333333333333,1.0954253301587296,0.18181818181818188,0.3333333333333333,0.5,0.3333333333333333,0.75,0.04442049808429119,0.3877984084880637,0.10223214285714285
S2,0,W00_C7,EVAE,12.693818063316659,11.705398099243917,5.752138296436506,5.895924171095474,6.331825199681581,4.154601438229339,10.40849960742274,0.23333333333333336,3.91948188623454,2.7682690218155273,0.1333333333333333,3.430060896807796,4.286409424632246,0.13333333333333333,4.403272242490717,3.7553689700988464,0.1222222222222222,0.1111111111111111,0.33333333333333337,1.773944958835687,1.0591759078955616,3.6572118524673503,4.424014954139615,1.9613071849309471,1.8829324428107364,2.3812472353162204,0.4444444444444444,0.25856164017994643,0.3333333333333333,2.407901551754817,0.5534188034188033,0.3333333333333333,0.6666666666666666,0.3333333333333333,0.75,0.08553981937602627,0.4649122807017544,0.10625000000000002
S2,0,W00_C7,KDE-cl,11.816683960152007,10.744899569212766,5.11853434011978,7.6319138001834315,n.d.,6.737331847711223,6.634919505793235,0.196969696969697,3.886070958064945,2.790984137214431,0.06060606060606061,6.030167172854984,5.060341953680613,0.015151515151515166,n.d.,n.d.,0.1313131313131313,0.020202020202020193,0.2121212121212121,1.1621623982751017,0.9932237025566946,1.9064311464289547,2.7204845632777817,1.9938512450890056,1.473908493487184,n.d.,0.3888888888888889,0.3221264424278784,0.3333333333333333,0.8711682052439451,0.2449494949494948,0.3333333333333333,0.5,0.3333333333333333,0.75,0.04789272030651341,0.4289927404718693,0.09598214285714285
S2,0,W00_C8,ADFNE-cl,23.71124782062079,n.d.,8.975201085329275,5.751050389887887,3.9060621548796393,n.d.,n.d.,0.36363636363636365,8.688716906270914,2.709873428520499,0.18881118881118886,4.817524128150558,2.4203614829168063,0.04895104895104896,2.4051116602802862,1.3762973640073124,0.13986013986013987,0.013986013986013984,0.37762237762237766,2.0383917197411696,1.326317878244232,2.465333124784647,n.d.,3.489888009760114,4.4418569920801785,1.5793765677265694,0.15384615384615385,0.3800402127703105,n.d.,0.6220870005590855,0.34149184149184164,n.d.,0.5,0.3333333333333333,0.6666666666666666,0.05,0.6000000000000001,0.16228070175438594
S2,0,W00_C8,EVAE,18.678363850828383,n.d.,8.89341247650055,6.724648099439592,5.903024249683101,n.d.,n.d.,0.3333333333333333,8.236046523482814,2.5201714549217935,0.23888888888888887,5.843441172417544,1.5103977360109742,0.10256410256410253,5.102894539812684,0.7297403653697432,0.1533882783882784,0.07692307692307693,0.4423076923076923,1.331968623934619,0.6993968245628157,1.1674919744311685,n.d.,2.7682014287805816,3.7841188659833245,4.070239425344309,0.23076923076923078,0.29514090587460706,n.d.,0.9818088383616939,0.1051587301587302,n.d.,0.6666666666666666,0.3333333333333333,0.6666666666666666,0.05,0.8882352941176471,0.18611111111111106
S2,0,W00_C8,KDE-cl,23.63948749270341,n.d.,8.421672158002963,6.717834510605152,n.d.,n.d.,n.d.,0.36363636363636365,8.460606303220247,1.6135811974145629,0.18881118881118886,4.984793125398976,3.2121338765699363,0.04895104895104896,n.d.,n.d.,0.13986013986013987,0.013986013986013984,0.37762237762237766,1.375305977724823,0.9506569269760329,1.8989385687902534,n.d.,2.6410952253860387,3.822254028559705,n.d.,0.15384615384615385,0.2918955504820454,n.d.,0.7915286327725508,0.6142191142191142,n.d.,0.5,0.3333333333333333,0.6666666666666666,0.06764705882352941,1.25,0.244047619047619
S2,1,W01_C1,ADFNE-cl,23.841877681038856,n.d.,5.804330745609235,5.276656083937277,n.d.,n.d.,n.d.,0.28409090909090906,1.6737962196105944,4.55011503989434,0.051136363636363646,2.8330494739962644,2.6636963639010256,0.26704545454545453,n.d.,n.d.,0.0625,0.09090909090909091,0.3835227272727273,3.3308071440588716,3.5600938241122106,3.328469079856732,n.d.,1.6635062084822798,8.235835305132934,n.d.,0.45454545454545453,0.12034994418613265,n.d.,1.8566214218556363,0.3806818181818182,5.0,0.25,0.4,n.d.,0.14285714285714285,1.36231884057971,0.28516129032258064
S2,1,W01_C1,EVAE,21.645441674172208,n.d.,7.7908606679176895,5.275491240271737,n.d.,n.d.,n.d.,0.2424242424242424,5.204203585127343,3.751545489994262,0.09696969696969698,3.6194800089506076,3.655289500308931,0.24025974025974026,n.d.,n.d.,0.06666666666666667,0.02632575757575758,0.3500631313131313,2.5461866247595877,2.7028954810784427,1.4012744495538942,n.d.,2.9002100103512998,7.102126837856514,n.d.,0.36363636363636365,0.0727729880318356,n.d.,0.7119531021455585,0.1388888888888889,4.0,0.25,0.4,n.d.,0.13176638176638178,1.4772727272727273,0.3015151515151515
S2,1,W01_C1,KDE-cl,23.99938257293061,n.d.,6.077765946320467,5.454581048192445,n.d.,n.d.,n.d.,0.28409090909090906,3.0128118338402183,2.3521097759112086,0.051136363636363646,3.628781796451303,2.659186000028738,0.26704545454545453,n.d.,n.d.,0.0625,0.02840909090909091,0.3465909090909091,2.8713108323778123,3.061318457080213,3.104077062769312,n.d.,1.531530235196752,8.06734890356987,n.d.,0.45454545454545453,0.0761764413811534,n.d.,1.970376467936106,0.5056818181818181,5.0,0.25,0.4,n.d.,0.14303959131545338,1.6296296296296295,0.32352941176470584
S2,1,W01_C2,ADFNE-cl,16.131096294480578,n.d.,4.855513357501566,3.9025311072793647,n.d.,n.d.,n.d.,0.375,3.195570849741231,2.058479744421001,0.15000000000000002,2.9024564557006656,1.8242882996399619,0.04999999999999999,n.d.,n.d.,0.037500000000000006,0.26875,0.4125,1.9405265975899337,0.8555663269541081,4.887732045774667,n.d.,1.6663566811273265,2.791768228823901,n.d.,0.6,0.20391422926434316,n.d.,1.8199956660424956,0.42500000000000004,n.d.,0.0,0.5,0.0,0.062169312169312166,0.9733333333333334,0.2024066091954023
S2,1,W01_C2,EVAE,17.279145586853094,n.d.,6.03106461540201,5.138846614834737,n.d.,n.d.,n.d.,0.32291666666666663,4.745879833674258,2.3922829803137757,0.15000000000000002,3.472488635214841,2.0664612567745904,0.09910714285714284,n.d.,n.d.,0.037500000000000006,0.17083333333333334,0.4142857142857143,1.2952098368327882,0.5777640109087232,3.6819810627485925,n.d.,3.2988243156545103,3.535646215117744,n.d.,0.5,0.3476839579954958,n.d.,0.760824557516814,0.16428571428571426,n.d.,0.25,1.0,0.0,0.03886693017127799,0.9710144927536233,0.19273399014778322
S2,1,W01_C2,KDE-cl,16.010159144904517,n.d.,5.056517490604759,4.814971927835408,n.d.,n.d.,n.d.,0.375,3.286431753780616,2.6711541103464604,0.08750000000000002,3.205911673899189,2.4209062535661667,0.012500000000000011,n.d.,n.d.,0.037500000000000006,0.2375,0.375,2.0408059113560038,0.9883244431033328,5.2602254214539315,n.d.,2.177804503044296,1.9310437153022335,n.d.,0.6,0.34989930996904794,n.d.,1.94740856920636,0.42500000000000004,n.d.,0.25,0.5,0.0,0.08,1.4266666666666667,0.2642173423423423
S2,1,W01_C3,ADFNE-cl,10.08617132367467,10.496752898444411,6.627441056607031,5.418331323298718,n.d.,10.155417316434772,3.764067021689181,0.0,5.198973172604598,2.386760377764665,0.0625,4.581292026857585,2.8382031625496467,0.0625,n.d.,n.d.,0.0625,0.0625,0.125,3.177301208096111,2.4103059358149377,6.259452648501476,2.7184398230892652,12.230109250115422,1.790148533038084,n.d.,1.0,0.2978034908208349,1.5,2.8918760164273136,0.4375,1.0,1.5,0.5,n.d.,0.11555555555555555,0.3866666666666666,0.13070489844683392
S2,1,W01_C3,EVAE,12.390459600711013,11.940215678184824,8.917921313138018,4.757916774683142,n.d.,11.095316165935605,3.9899131717032548,0.07589285714285715,7.0151713054585745,2.978144902115382,0.07291666666666666,2.4511772964877907,3.0724137504137508,0.04999999999999999,n.d.,n.d.,0.06904761904761905,0.058333333333333334,0.18571428571428572,2.8246355468214484,1.7349001324527538,6.612021250040083,3.3174403925708544,9.868156885676422,1.7955683756289178,n.d.,0.875,0.27904481031709344,1.0,1.4233741839709433,0.0892857142857143,0.6666666666666666,1.0,0.5,n.d.,0.10317460317460317,0.36231884057971014,0.11485507246376811
S2,1,W01_C3,KDE-cl,9.73113174555029,10.3081238352109,7.319589140673539,6.181023326228703,n.d.,10.321422097231293,5.247416659265294,0.0,5.599976922963002,2.678508173201711,0.0625,4.9799796362334785,3.976857427787695,0.0625,n.d.,n.d.,0.0625,0.0625,0.125,3.574616201332128,1.8124512841966256,7.58837980501995,2.9747463815895316,11.245481602918822,2.063952923959352,n.d.,1.0,0.22855003413321573,2.0,3.129068949703753,0.375,1.0,1.5,0.5,n.d.,0.1455026455026455,0.7032967032967032,0.1654761904761905
S2,1,W01_C4,ADFNE-cl,22.900723532056254,n.d.,9.819841420354393,n.d.,n.d.,n.d.,n.d.,0.25,9.799709860825097,2.216368377127916,0.3125,n.d.,n.d.,0.0625,n.d.,n.d.,0.0625,0.0625,0.375,2.6080973555389795,2.9111549401928043,2.274689051571268,n.d.,1.702048108576487,n.d.,n.d.,1.0,0.3168195917427089,n.d.,2.9766241224317893,0.125,5.0,0.0,2.0,0.0,0.07846153846153847,0.916083916083916,0.20344827586206893
S2,1,W01_C4,EVAE,26.441542980743176,n.d.,9.712617270743657,n.d.,n.d.,n.d.,n.d.,0.22023809523809523,9.321325346644104,5.357941474200183,0.425,n.d.,n.d.,0.14166666666666666,n.d.,n.d.,0.058333333333333334,0.07142857142857142,0.4833333333333333,1.7992945281365103,2.2578636328506345,0.8285330513723221,n.d.,3.38675054014315,n.d.,n.d.,0.875,0.5107939262974434,n.d.,1.316130224633146,0.3392857142857143,4.0,0.5,3.0,1.0,0.08514492753623187,0.9808612440191387,0.2128623188405797
S2,1,W01_C4,KDE-cl,23.95897533750803,n.d.,9.36268013540932,n.d.,n.d.,n.d.,n.d.,0.25,9.336877514867972,3.2231894798608605,0.3125,n.d.,n.d.,0.0625,n.d.,n.d.,0.0625,0.0625,0.375,1.9534291711720762,2.094991378438631,1.666302808113862,n.d.,1.852697124790704,n.d.,n.d.,1.0,0.6547877178371249,n.d.,3.229802435867648,0.125,5.0,0.0,2.0,0.0,0.1380952380952381,1.358974358974359,0.2785560344827586
S2,2,W02_C1,ADFNE-cl,15.616244966540195,7.85239694728438,7.769923390634091,n.d.,n.d.,5.03302044073492,6.847997185657492,0.125,5.210933098260546,3.6765683907164854,0.09821428571428573,n.d.,n.d.,0.11607142857142858,n.d.,n.d.,0.008928571428571425,0.08035714285714285,0.21428571428571427,4.501617020980929,5.830143963748089,4.9776999876967425,5.513261601497035,4.156891840147184,n.d.,n.d.,0.14285714285714285,0.3776540097456122,0.4,0.6581462473713854,0.1964285714285714,0.14285714285714285,0.6666666666666666,2.0,0.0,0.08928571428571427,0.8697865353037766,0.13431372549019607
S2,2,W02_C1,EVAE,15.754407452306872,8.813671218797563,8.640085244399202,n.d.,n.d.,5.893956145344284,6.971019530813245,0.17708333333333334,6.143651466863719,3.0157816467018277,0.07142857142857142,n.d.,n.d.,0.14285714285714285,n.d.,n.d.,0.07142857142857142,0.07142857142857142,0.2681197478991596,3.3262065517608796,5.044971911782382,2.4519929830132634,3.398851196733554,4.228932591857793,n.d.,n.d.,0.07142857142857142,0.31622041102383536,0.30000000000000004,1.4360385145038892,0.2012362637362637,0.2857142857142857,0.3333333333333333,2.0,1.0,0.13522267206477734,1.2242424242424241,0.21125356125356126
S2,2,W02_C1,KDE-cl,15.155458197502265,8.289712921710233,8.170441358019659,n.d.,n.d.,4.788774723303204,6.7260190558591235,0.125,5.156885910489585,3.146264743399887,0.09821428571428573,n.d.,n.d.,0.11607142857142858,n.d.,n.d.,0.008928571428571425,0.08035714285714285,0.21428571428571427,4.2015728656877345,5.30176628441858,5.061074575154041,4.506323965880014,4.9474735350872265,n.d.,n.d.,0.14285714285714285,0.31899980501972314,0.30000000000000004,0.7398080765423896,0.1964285714285714,0.14285714285714285,0.6666666666666666,2.0,0.0,0.0685344827586207,0.6783068783068783,0.11601382488479264
S2,2,W02_C2,ADFNE-cl,11.72125067541517,4.9421480840896574,7.112381805750779,3.9677174194634173,n.d.,2.136147067090481,1.618546353682194,0.07500000000000001,2.430085656020764,5.348517339677861,0.1875,3.0818330832105767,1.8522422454427068,0.012500000000000011,n.d.,n.d.,0.0625,0.0625,0.2,4.679780023152045,5.562371184341833,5.231710075795808,4.042919364933272,6.078592381855509,4.230409801680011,n.d.,0.6,0.14553107962280393,0.4,0.8401482504011109,0.275,1.0,0.1,0.5,n.d.,0.125,0.8666666666666668,0.19568452380952378
S2,2,W02_C2,EVAE,10.55253759505361,7.4309632705920645,5.531438630553116,5.217133363920803,n.d.,6.024902042624981,3.6625528706045696,0.07980769230769233,2.786252915522137,3.773992822827571,0.16666666666666669,3.8537019181866077,1.9260837060858416,0.0786764705882353,n.d.,n.d.,0.07692307692307693,0.06458333333333333,0.21764705882352942,3.8100231660223143,5.085067967989485,4.420037202605226,3.3708328253675033,5.540817522416147,5.414612993585349,n.d.,0.45,0.14517398674946763,0.4,1.3641171900646407,0.21071428571428574,0.6666666666666666,0.4,0.5,n.d.,0.08545454545454545,1.2422222222222223,0.24107142857142855
S2,2,W02_C2,KDE-cl,11.045711374462783,4.762522734237751,6.009120175437534,4.1538625987729585,n.d.,2.487562856638182,2.397976664022748,0.07500000000000001,2.59540688787271,4.735805886878424,0.1875,3.56641761257223,1.783569679656528,0.012500000000000011,n.d.,n.d.,0.0625,0.0625,0.2,4.233732331943107,5.392966598735161,6.3279498436039665,4.012604015761514,4.803450005086097,4.770395460379348,n.d.,0.6,0.09794371948898255,0.5,0.8883993266929098,0.35,1.0,0.0,0.5,n.d.,0.1835016835016835,0.7122507122507121,0.18761785040854811
S2,2,W02_C3,ADFNE-cl,13.95295819828206,n.d.,6.122140228837942,4.963386089480435,n.d.,n.d.,n.d.,0.2916666666666667,3.218917352529776,2.31251156467902,0.0625,3.9239412410931367,2.4091662426908957,0.0625,n.d.,n.d.,0.1875,0.10416666666666666,0.3541666666666667,2.412789214244024,1.5750678797183193,1.3508865997971065,n.d.,5.42353538875073,6.198758117210407,n.d.,0.3333333333333333,0.11587249376777195,n.d.,1.3002471247104392,0.5833333333333333,5.0,0.6666666666666666,0.0,0.6666666666666666,0.057692307692307696,1.1367521367521367,0.21699086354258768
S2,2,W02_C3,EVAE,13.026281541222378,n.d.,6.249702435045148,4.549534625500836,3.577912807204042,n.d.,n.d.,0.22916666666666669,2.2658449935884413,2.4156200937249217,0.07575757575757575,3.077888722761185,2.2671142263699284,0.10714285714285715,3.3574938431641925,0.7051368900733375,0.1875,0.09249084249084248,0.3333333333333333,1.5467589874946266,0.4985887828839014,1.3192575241045819,n.d.,5.17247177768448,7.2979701039818385,1.7059719804897289,0.16666666666666666,0.11506551092416825,n.d.,0.6636172946457126,0.08333333333333331,4.0,0.3333333333333333,0.3333333333333333,0.6666666666666666,0.05555555555555555,0.6767676767676767,0.1486111111111111
S2,2,W02_C3,KDE-cl,12.691043935237419,n.d.,6.665332324294578,3.712580881819992,n.d.,n.d.,n.d.,0.2916666666666667,3.266555776522061,2.1922189021388676,0.0625,1.7366027625487992,2.329522954615639,0.0625,n.d.,n.d.,0.1875,0.10416666666666666,0.3541666666666667,1.9190689177837283,0.9482267997699465,1.3664983632135086,n.d.,5.317604263416989,5.545582624978066,n.d.,0.3333333333333333,0.09414053857350213,n.d.,1.2759014793648118,0.4583333333333333,5.0,0.6666666666666666,0.0,0.6666666666666666,0.10136752136752138,1.423931623931624,0.2742141812865497
S2,2,W02_C4,ADFNE-cl,16.32670378272595,14.477210861338467,n.d.,7.7268900889680605,4.957072678591121,13.882855670335811,5.577508696197035,0.19318181818181818,n.d.,n.d.,0.2215909090909091,7.574769038099729,1.4191589843615064,0.26704545454545453,4.957072678591108,0.5193136664969495,0.11931818181818182,0.03125,0.41477272727272735,2.7695167365470237,2.153568747560878,1.2797584246814364,3.1119499745690353,n.d.,3.4809696937850174,4.832006356335335,0.45454545454545453,0.09958169068409223,4.0,1.9984473466839126,0.5056818181818181,2.0,4.0,0.4,0.5,0.11357142857142857,1.051282051282051,0.2185714285714286
S2,2,W02_C4,EVAE,16.54359595485619,17.280852398764463,n.d.,11.598271785163778,2.5936080492858222,17.273656767622036,7.74845906275644,0.1509024064171123,n.d.,n.d.,0.2215909090909091,10.951562992001126,2.2556502361535227,0.23916083916083913,1.353567455707521,2.1259206154645938,0.1103896103896104,0.06934731934731934,0.37803030303030305,2.494650426041586,1.3297169236134632,1.5693134556975408,4.415231218797008,n.d.,5.133330633945008,7.293008389223501,0.2727272727272727,0.07202090585056414,2.0,1.02623779888789,0.06845238095238096,1.5,4.0,0.4,0.5,0.054411764705882354,0.6628959276018099,0.1329513814521311
S2,2,W02_C4,KDE-cl,15.705613064177147,13.730664533518489,n.d.,6.981257644142666,n.d.,13.655917675970286,7.385023330365785,0.19318181818181818,n.d.,n.d.,0.2215909090909091,6.812414638225297,2.847364573720794,0.26704545454545453,n.d.,n.d.,0.11931818181818182,0.02840909090909091,0.41477272727272735,2.665041078610095,1.620415171225797,2.1796832761778058,2.876916563181318,n.d.,4.16693885056876,n.d.,0.45454545454545453,0.11679422325743015,5.5,2.060483891750221,0.5056818181818181,2.0,4.0,0.4,0.5,0.14285714285714285,1.2928367928367928,0.24747899159663866
S2,2,W02_C5,ADFNE-cl,13.0435481919882,12.476936118551217,7.340591078330697,5.624593168206439,n.d.,12.475671989653247,2.7276425505527957,0.0625,4.281504445514715,3.386269371504329,0.125,3.7171454587927926,3.2224430553956718,0.125,n.d.,n.d.,0.0625,0.1875,0.28125,1.2969982096751256,1.1599225741433594,1.8293719171037237,1.8037215017475017,1.9139515643156466,2.0856125681127655,n.d.,0.0,0.13497483583913059,1.25,0.5733054735194791,0.25,0.2,0.6666666666666666,0.4,n.d.,0.06061628430049483,0.6266628108733373,0.12253875157100962
S2,2,W02_C5,EVAE,14.21071899113992,14.683555326480676,7.200658340313108,4.845670167369992,n.d.,14.709671360627407,3.671504466544993,0.05416666666666667,2.3476848659416434,4.962660753954385,0.07074175824175824,2.989865380002485,4.61655716670443,0.08173076923076922,n.d.,n.d.,0.06666666666666667,0.08333333333333334,0.1943681318681319,1.568585807718668,0.3568696846701683,3.933692447293132,5.438370870245951,2.0642528834013154,1.7425921141150238,n.d.,0.125,0.05944200076924784,0.5,1.5703867775054818,0.1298076923076923,0.2,0.3333333333333333,0.4,n.d.,0.04736842105263159,0.3151997641161728,0.0760423786739576
S2,2,W02_C5,KDE-cl,12.614157303474268,11.172836275509251,8.217666288439062,5.681543167313571,n.d.,11.083317565310477,3.946226437220757,0.0625,6.232402581163331,3.6684254488648325,0.125,2.725677313052005,3.2418627348365217,0.125,n.d.,n.d.,0.0625,0.125,0.25,0.8778218267124076,0.6478102956834186,1.1265240208170624,2.860422519919959,1.6302495207175531,1.6940951689569854,n.d.,0.0,0.09522257334411749,1.5,0.5094860186451093,0.375,0.2,0.6666666666666666,0.4,n.d.,0.09287106655527708,0.7503839173530644,0.15230414746543777
S2,2,W02_C6,ADFNE-cl,10.843798074988346,5.734378072974715,n.d.,4.708836733024126,n.d.,4.8564883078857175,1.3568228595409804,0.05357142857142855,n.d.,n.d.,0.24107142857142858,2.2658350437986003,2.943388937225305,0.24107142857142855,n.d.,n.d.,0.008928571428571425,0.0625,0.3035714285714285,1.6297563695017103,1.4696530052591228,3.1114090693748166,2.4353697725313346,n.d.,2.087733777056207,n.d.,0.14285714285714285,0.16222658148225913,n.d.,1.5643561882936532,0.6696428571428572,0.0,4.0,0.5,0.0,0.13407407407407407,1.3333333333333333,0.27698863636363635
S2,2,W02_C6,EVAE,11.467670255372205,6.433570959230358,n.d.,5.243114300056099,n.d.,3.1720349785039916,3.8159860962188485,0.12087912087912084,n.d.,n.d.,0.17857142857142858,3.118025916377915,4.615451445086881,0.20604395604395603,n.d.,n.d.,0.07142857142857142,0.07142857142857142,0.3184981684981685,1.7977946830455638,0.8666271517885532,3.5835483232585132,3.8478591726515305,n.d.,2.601302774734704,n.d.,0.07142857142857142,0.0465467180353077,n.d.,0.8636046957674269,0.22733516483516486,0.3333333333333333,2.0,0.5,1.0,0.08893280632411067,0.8695652173913043,0.18874643874643876
S2,2,W02_C6,KDE-cl,10.540493231022271,5.663486410212901,n.d.,5.004417460062999,n.d.,3.332716245077944,1.8186430297849623,0.05357142857142855,n.d.,n.d.,0.24107142857142858,3.2864500062204027,2.413507425750801,0.24107142857142855,n.d.,n.d.,0.008928571428571425,0.0625,0.3035714285714285,1.428787865728542,1.4611580757649416,0.8415666110461378,1.7942326097641947,n.d.,2.346540212827926,n.d.,0.14285714285714285,0.14198660627965332,n.d.,1.6444058590794897,0.5446428571428572,0.0,4.0,0.5,0.0,0.16064516129032258,1.6275862068965519,0.31693711967545635
S2,3,W03_C1,ADFNE-cl,13.633069161629514,5.442456911734823,5.335370237837615,6.364738134291853,n.d.,3.139886861209722,2.0386575100439543,0.10294117647058826,2.596319155499841,3.251771219847237,0.26838235294117646,6.34206883163613,1.6020574939546348,0.05147058823529413,n.d.,n.d.,0.11764705882352941,0.003676470588235295,0.2720588235294118,1.6420506225061464,2.9098748456169488,0.9932562061182731,2.4424486135682377,2.8633217372990796,3.51642554581572,n.d.,0.0625,0.09020419035323357,6.0,1.0215265045121948,0.12132352941176472,0.5,0.4444444444444444,0.5,n.d.,0.05429864253393665,0.751131221719457,0.17236652236652236
S2,3,W03_C1,EVAE,17.91431168760039,5.452372953888416,4.63082455954502,5.056501295272988,n.d.,2.6736436055303,2.064995042415142,0.22058823529411764,2.3823292337983024,2.3307976575580778,0.29280303030303034,5.056501295273,2.8833073068452957,0.041666666666666664,n.d.,n.d.,0.07738095238095238,0.05555555555555555,0.35625000000000007,1.3734260519580932,2.013355804897918,1.0756904498745934,2.2193034824305204,2.0948662216050797,5.175863851573501,n.d.,0.125,0.11229482823114523,2.0,1.4037578969223299,0.5052447552447552,1.0,0.5555555555555556,0.25,n.d.,0.07838446383338026,0.3086956521739131,0.1125408496732026
S2,3,W03_C1,KDE-cl,13.525928430724594,5.464627548732672,5.63876627025397,6.575614281924924,n.d.,3.1570531505863975,1.7938122838881174,0.10294117647058826,4.09820405263314,2.5216732631267984,0.26838235294117646,6.221727369636614,2.474757228499388,0.05147058823529413,n.d.,n.d.,0.11764705882352941,0.003676470588235295,0.2720588235294118,1.4305004929232226,2.1643092109505107,1.409846275523483,2.4110771082418867,2.307302242331772,4.26095562848882,n.d.,0.0625,0.08360810666568066,7.0,0.8909307894264125,0.2904411764705883,0.5,0.4444444444444444,0.5,n.d.,0.04040948275862069,0.6989097363083164,0.1581196581196581
S2,3,W03_C2,ADFNE-cl,8.37671078663575,5.250968520509381,5.9335104103273935,3.5700114390693525,n.d.,1.7533828776163634,3.1430833905874422,0.03594771241830064,1.8443123070736636,4.914782604488783,0.20588235294117646,3.4400752126232543,1.526784526765813,0.06535947712418302,n.d.,n.d.,0.11764705882352941,0.058823529411764705,0.24183006535947715,1.319911654609156,0.6497221826400185,1.6596585463246076,1.4663167683265796,2.9760778898300693,1.54678924856972,n.d.,0.05555555555555555,0.20026856518869618,2.25,1.1329884565117085,0.23529411764705882,0.14285714285714285,0.4444444444444444,0.5,n.d.,0.11538461538461539,1.1833721833721835,0.21372549019607842
S2,3,W03_C2,EVAE,12.839348790028527,5.632707919643708,5.265214202736246,3.4280977741606375,n.d.,4.451096974830962,2.5148336738437678,0.1111111111111111,2.1608173285049945,2.120894785313869,0.23863636363636365,2.209365114020482,2.0866111092166273,0.1111111111111111,n.d.,n.d.,0.09090909090909091,0.058823529411764705,0.27350427350427353,1.046770056685899,1.1502005718367954,0.48569216600573895,1.9909220086030681,2.710062190315055,2.6472341844875644,n.d.,0.2777777777777778,0.2083453762108457,0.5,1.0270559024046613,0.26869658119658113,0.14285714285714285,0.5555555555555556,0.5,n.d.,0.1213235294117647,0.6626794258373205,0.1487179487179487
S2,3,W03_C2,KDE-cl,8.105315803545547,4.876218291901065,6.571663463282581,5.0848952162233,n.d.,2.4785491364417873,1.8170669255851823,0.03594771241830064,3.559405068395299,4.507408174616032,0.20588235294117646,4.051581414691105,1.9582364723626648,0.06535947712418302,n.d.,n.d.,0.11764705882352941,0.058823529411764705,0.24183006535947715,1.4921208274719855,0.6228593776238989,2.1043294612996215,1.991497128565041,3.4214726469019827,1.5119015140840426,n.d.,0.05555555555555555,0.16973865445950323,2.25,1.059357838980685,0.23243464052287588,0.14285714285714285,0.4444444444444444,0.5,n.d.,0.11422413793103448,1.0173160173160174,0.19791666666666666
S2,3,W03_C3,ADFNE-cl,10.484761939033758,5.6329662053434735,5.1131112952117155,3.7010311765492476,9.539686378562745,5.2701417189056095,1.9751905482713301,0.019607843137254943,2.9111238503196377,3.7594076403833387,0.15032679738562088,2.940601572157517,1.3463615554711441,0.06535947712418302,9.539686378562745,1.5547990080191105,0.006535947712418305,0.058823529411764705,0.15032679738562094,1.4702943152057577,0.801080362344731,1.5450546138545318,2.3251167494944767,2.494551522806302,3.181802312638614,3.3074985424552317,0.05555555555555555,0.17541517361493203,3.0,0.5707152415843192,0.23529411764705882,0.0,0.375,0.5,0.0,0.05757575757575758,1.0782828282828283,0.17594004065040653
S2,3,W03_C3,EVAE,14.275663737310857,7.401974429721683,5.885342190058179,4.977608621923313,8.654495644287076,5.465745512912161,3.320367068822894,0.12820512820512825,4.753234206374462,3.0814335270524253,0.1717171717171717,4.10038493954655,1.1835015639388065,0.05555555555555555,8.115439217675238,5.963960457746936,0.041208791208791215,0.05718954248366013,0.2588522588522588,0.9849181099748212,0.3139633540758785,0.9247018139593155,2.4435682260426246,2.2214572345401455,2.7828753372192785,3.8437547159100593,0.2777777777777778,0.27827864708569944,0.5,1.3048033312631966,0.15758547008547008,0.3333333333333333,0.5625,0.5,0.5,0.038277511961722493,0.18787878787878792,0.06818181818181815
S2,3,W03_C3,KDE-cl,10.41794899360758,5.2951446138792395,4.420700493334751,5.016958071930116,8.436307686199811,3.8440355490826814,2.1963938686485456,0.019607843137254943,3.370239920359599,1.590688468402873,0.15032679738562088,3.271652535019987,1.8309712620862828,0.06535947712418302,8.436307686199807,2.3296527350167464,0.006535947712418305,0.058823529411764705,0.15032679738562094,1.269553003200123,0.7261395808205107,2.6281098806901597,2.722315022284959,1.945645364762144,2.278694191642571,3.30260156576513,0.05555555555555555,0.19725164011934432,3.0,0.637006409877167,0.2258986928104575,0.0,0.375,0.5,0.0,0.05476190476190476,0.9632034632034632,0.16666666666666669
S2,3,W03_C4,ADFNE-cl,12.050165748901438,9.614041345479507,4.791222626037913,6.4015657146657885,6.314776408263443,8.692596734749596,5.901773220374821,0.04044117647058826,3.7648406202090263,1.1998638033734692,0.14338235294117646,4.513601873139576,3.3895463816394513,0.05147058823529413,2.9648745705826087,5.875576853445935,0.00735294117647059,0.058823529411764705,0.15073529411764708,1.7257370340079055,1.4975247440997945,1.1145180035376312,3.720358779360281,1.733840564050092,1.5116466484667586,3.0622133544256847,0.0625,0.12445283859947971,n.d.,0.6086899461925099,0.12867647058823528,0.2,0.2857142857142857,0.5,0.0,0.06076923076923077,1.0833333333333333,0.20489864864864865
S2,3,W03_C4,EVAE,16.36786167100663,12.274169151351547,7.679304609626609,6.93503738988653,6.9695768492105765,9.129822171289383,7.92868907828212,0.10416666666666669,5.291238089069937,3.290780655290102,0.1695574162679426,6.704479484185547,3.163463560698978,0.08082706766917293,5.789413893301608,5.325117957409326,0.0465686274509804,0.054093567251461985,0.25,1.0967410033084093,0.5395694817435415,0.5812684250131928,3.6071342256404333,2.124462947133028,1.5629051120556747,2.5176863132306835,0.1875,0.1331763592066411,n.d.,1.4613138035047917,0.2556818181818182,0.4,0.5,0.5,0.5,0.03933823529411765,0.5307359307359307,0.13014705882352945
S2,3,W03_C4,KDE-cl,12.779224687420275,11.180249974245315,5.2657797100053685,5.199801879013757,6.631133068920823,10.803776543970354,4.9670576557747115,0.04044117647058826,4.467571758151418,1.9481178772142256,0.14338235294117646,2.680084110234228,1.5397229188409445,0.05147058823529413,4.611378357065503,6.315077120582824,0.00735294117647059,0.058823529411764705,0.15073529411764708,1.3396764750709562,0.6029548173299559,1.31057124760859,3.147573516006517,1.3671963275479777,2.2686426561221276,3.2140598740618613,0.0625,0.08955972744878524,n.d.,0.6744103275027986,0.24632352941176472,0.2,0.2857142857142857,0.5,0.0,0.062250712250712256,1.269642857142857,0.23828828828828832
S2,3,W03_C5,ADFNE-cl,9.26936289362427,9.696540438864275,8.885328279976775,6.209480807541434,5.664255006040487,9.487099691985815,1.098797933405482,0.07563025210084029,6.1052126508500475,8.457676731412146,0.07983193277310927,2.658788935542857,5.363031715512288,0.037815126050420145,5.664255006040481,1.7030709798990702,0.02521008403361344,0.058823529411764705,0.13865546218487393,1.3993073867075565,1.418776548781124,1.3540746992880914,2.7714258685309865,2.880786007239294,2.2436454867310065,2.443660815903635,0.21428571428571427,0.14449096926720784,n.d.,0.8869537549217963,0.18224789915966388,0.0,0.6666666666666666,0.0,0.0,0.12701612903225806,1.6481481481481481,0.30992063492063493
S2,3,W03_C5,EVAE,12.617070869763564,9.374988391164065,10.415231018084155,5.8749996042749935,8.535089278422268,9.215211091212616,2.652154112643556,0.13562753036437247,7.715651774816816,7.422401363504212,0.06593406593406592,4.1030079187187445,3.879605097521617,0.10121457489878544,8.526679028557567,1.6506698072780281,0.06593406593406592,0.07692307692307693,0.2321428571428571,1.0604217366540944,0.7810131458213315,1.1018950533401128,2.819584715293944,2.0623132752269764,1.484308654143024,1.67732376497307,0.07142857142857142,0.07363244203434681,n.d.,0.9895396647626699,0.20167332667332663,0.5,0.3333333333333333,0.3333333333333333,0.5,0.07989417989417989,0.734006734006734,0.16666666666666663
S2,3,W03_C5,KDE-cl,9.691473038884965,10.898369921340661,9.458410957049455,4.749726213376116,4.349706114447672,11.013150416186587,1.6090091360507928,0.07563025210084029,6.292580017676958,8.727317235016635,0.07983193277310927,3.718871737917409,3.548186318318831,0.037815126050420145,3.850804012129517,1.0428114577292982,0.02521008403361344,0.058823529411764705,0.13865546218487393,1.2224217936087776,1.0417680926216166,1.0023919037053763,2.65481975315339,1.6937883134092484,1.939029202758844,2.1043026529790154,0.21428571428571427,0.12421683530597269,n.d.,1.0417543565438971,0.35871848739495804,0.0,0.6666666666666666,0.0,0.0,0.15384615384615385,1.8196286472148542,0.3570261437908496
S2,3,W03_C6,ADFNE-cl,8.205648087213751,5.2630123310200005,7.700823473158388,10.036049795518709,n.d.,2.8258150250406917,2.3076800176105507,0.03167420814479638,3.339407061882378,7.219505728731823,0.14027149321266968,9.67960573652957,4.340988051393074,0.022624434389140274,n.d.,n.d.,0.04072398190045248,0.17194570135746606,0.20361990950226244,1.1574197340447547,1.707190181122209,1.2852006588256355,2.8587094922706777,2.983538472018199,4.060298053008986,n.d.,0.3076923076923077,0.3395535186579955,n.d.,1.885655786917753,0.1934389140271493,0.2,1.5,0.5,1.0,0.04648469809760132,1.1253205128205128,0.21047149122807018
S2,3,W03_C6,EVAE,11.557444722095546,5.730037567295076,9.596047090810572,8.202801760318936,n.d.,4.0298859496869435,3.3788418087833083,0.07692307692307693,4.102262452197995,8.67450681865661,0.13636363636363635,8.20280176031893,4.160231188285251,0.07918552036199095,n.d.,n.d.,0.07692307692307693,0.15384615384615385,0.2722473604826546,1.5220806204841582,0.7060753952711818,2.349034011121387,3.4930647733215014,3.748088576104408,4.781021778430606,n.d.,0.07692307692307693,0.19213746695712894,n.d.,1.0454529654477889,0.2636217948717949,0.2,1.0,0.5,1.0,0.07267156862745097,0.3333333333333333,0.1318840579710145
S2,3,W03_C6,KDE-cl,8.335607523727571,5.452662334148696,7.973430935384181,9.267290122566056,n.d.,3.574357151897117,2.7488337966854353,0.03167420814479638,2.3016713503923976,8.608124908945491,0.14027149321266968,9.057520059832402,4.651200193941726,0.022624434389140274,n.d.,n.d.,0.04072398190045248,0.17194570135746606,0.20361990950226244,1.3166676753557807,1.1235581122230098,1.3572332651697872,3.248538760497839,3.1899328207888935,4.0541476290981056,n.d.,0.3076923076923077,0.37436553760984825,n.d.,1.7657963677592496,0.1934389140271493,0.2,1.5,0.5,1.0,0.06344086021505377,0.7047619047619047,0.18720330237358102
S2,3,W03_C7,ADFNE-cl,13.934781489148612,15.16303067172948,6.010938447570262,4.994842634245666,5.043037870014938,14.955267128559838,5.719714127012253,0.13865546218487398,4.6303562016702955,3.66757534082858,0.07983193277310927,2.141393806888218,3.856730321479456,0.10924369747899157,4.989362266891403,2.552066928332593,0.02521008403361344,0.08403361344537814,0.21848739495798322,1.2225567602296556,0.8966705007564307,1.8712236253792303,2.2032991211635147,2.3906073080066053,3.422501376591714,2.3734110588581987,0.21428571428571427,0.12526635401937866,6.0,1.3219965769759683,0.35871848739495804,1.0,0.6666666666666666,0.25,0.0,0.05860805860805862,0.9670329670329672,0.1764520202020202
S2,3,W03_C7,EVAE,13.500441891496866,10.598256458070342,7.450022743111004,4.684061106885146,5.588672083145463,10.30323796738766,7.202181841870387,0.09340659340659344,4.878323112740167,5.170127669531375,0.09340659340659344,2.7907299615817442,2.8413511493219197,0.054945054945054916,5.592866497296892,2.6829205895041954,0.05194805194805194,0.05573593073593073,0.2058531746031746,0.9682018175639437,0.5025463846102616,1.9503394914124716,2.4491099285634546,3.3847789596423823,2.2536860479517076,0.843957034105759,0.14285714285714285,0.12017248588426474,1.0,0.7407401395535974,0.24093614718614714,0.3333333333333333,0.3333333333333333,0.25,0.5,0.03125,0.3194444444444444,0.07435406698564594
S2,3,W03_C7,KDE-cl,13.862682300249233,14.908459026526028,6.2402884800246055,5.211756345613354,5.865305221815167,14.935544160893638,5.67945030072073,0.13865546218487398,4.845635522587025,4.317564972558288,0.07983193277310927,2.848123218914213,2.499811349914022,0.10924369747899157,5.202832906625989,2.4011626830641344,0.02521008403361344,0.08403361344537814,0.21848739495798322,1.2256798344764543,0.7271626559306099,1.6947461537692616,1.5425224198190512,2.5034712569908666,2.322927894955337,1.8150806294804513,0.21428571428571427,0.22486724243073153,7.0,1.4442410022048342,0.2998949579831933,1.0,0.6666666666666666,0.25,0.0,0.07430213464696224,1.2536945812807883,0.22990620490620495
S2,3,W03_C8,ADFNE-cl,9.971319924792716,7.16412776717619,11.95428295829154,4.735908485207615,n.d.,6.250825886889338,1.8608711895480794,0.03167420814479638,12.048839298154741,4.4285319539075445,0.14027149321266968,1.5542946439439378,3.139232583553798,0.13122171945701358,n.d.,n.d.,0.04072398190045248,0.018099547511312222,0.20814479638009045,1.2890695328779664,0.9885110852307977,1.2151805693890683,1.5579459087357752,2.022214152131286,4.039311076876585,n.d.,0.3076923076923077,0.16652728567443334,4.0,0.851817170565017,0.4445701357466063,0.2,1.5,0.25,1.0,0.09722222222222221,1.1111111111111112,0.22678018575851389
S2,3,W03_C8,EVAE,11.723682676091592,6.292035347831478,14.037451350800044,5.468452785775685,n.d.,4.653774204231841,1.8604848295643626,0.06169871794871798,13.809033409836402,6.508421188259044,0.14285714285714285,3.351523864200601,3.2817192775669364,0.13344988344988346,n.d.,n.d.,0.07692307692307693,0.05263157894736842,0.2692307692307693,1.0212854393896722,1.2331652918164004,2.2861124324890136,3.1614103419064223,3.222251164660755,3.610541867807661,n.d.,0.07692307692307693,0.126172702117885,1.0,1.5215607618202411,0.8520456259426847,0.2,1.25,0.375,1.0,0.09761904761904762,0.7995169082125604,0.17386414754835805
S2,3,W03_C8,KDE-cl,10.569877214258621,6.472552927751172,12.652061610216816,4.640972665534059,n.d.,5.355852052789073,3.040987130507095,0.03167420814479638,12.703439781183805,3.978426240148041,0.14027149321266968,2.9057259359485705,1.6039958124448028,0.13122171945701358,n.d.,n.d.,0.04072398190045248,0.018099547511312222,0.18099547511312217,1.2795469872273983,0.8979321279733049,1.048309331628009,1.9204252725792914,2.9023186703108035,3.8890900832590063,n.d.,0.3076923076923077,0.29636953436007346,6.0,0.688371115066829,0.4445701357466063,0.2,1.5,0.25,1.0,0.14983164983164982,1.5775553083673217,0.30657894736842106
S2,4,W04_C1,ADFNE-cl,16.126645739178198,5.61206952968382,10.87393769175365,n.d.,n.d.,3.6858469063360007,3.5719528682294337,0.09523809523809523,10.885608497186734,1.682004694333462,0.16666666666666669,n.d.,n.d.,0.2,n.d.,n.d.,0.004761904761904759,0.06666666666666667,0.26666666666666666,2.233652504420501,2.070338681165633,0.8707899147437037,3.721333669221261,2.764785303227235,n.d.,n.d.,0.07142857142857142,0.2228037580059686,n.d.,0.6576040063232739,0.16607142857142865,0.16666666666666666,0.2857142857142857,n.d.,0.0,0.057692307692307696,0.9063568010936431,0.18627680311890837
S2,4,W04_C1,EVAE,15.443255320589186,7.26400603028031,9.533868567958873,n.d.,n.d.,4.282008743569667,4.739075322945471,0.08333333333333334,9.523792603229293,2.3218646434494534,0.16666666666666669,n.d.,n.d.,0.1111111111111111,n.d.,n.d.,0.03968253968253968,0.1111111111111111,0.2633053221288515,1.6267432597622984,1.165256127607874,0.34538101205716654,3.2950214129033997,2.1426127367290784,n.d.,n.d.,0.25,0.033916657932264845,n.d.,0.8606420909120565,0.376984126984127,0.3333333333333333,0.21428571428571427,n.d.,1.0,0.06061628430049483,0.8949282296650718,0.1857894736842105
S2,4,W04_C1,KDE-cl,15.405565712297687,4.922928814739196,7.558119342180257,n.d.,n.d.,3.23495450002285,3.999508345140274,0.09523809523809523,7.310797299902248,1.8599048721258065,0.16666666666666669,n.d.,n.d.,0.2,n.d.,n.d.,0.004761904761904759,0.06666666666666667,0.26666666666666666,2.176977540192997,1.6981563219790996,1.6002970358098279,4.082993030858935,1.9661039840223196,n.d.,n.d.,0.07142857142857142,0.20669279820165798,n.d.,0.7847971098492059,0.26666666666666666,0.16666666666666666,0.2857142857142857,n.d.,0.0,0.0750858123569794,1.0448582995951416,0.21506352087114333
S2,4,W04_C2,ADFNE-cl,10.72328318176492,4.857021848239915,7.505206620109901,6.150260976363391,n.d.,2.865948391392744,2.6902307287398033,0.16666666666666669,5.571721494455749,3.9526651530285664,0.047619047619047616,3.7677988440030865,4.834416023481939,0.05714285714285716,n.d.,n.d.,0.004761904761904759,0.06666666666666667,0.17142857142857143,3.1217139960913878,2.2413134392230307,4.778662143708347,4.920771341816521,1.8946891750553978,6.736124153136587,n.d.,0.07142857142857142,0.3126548930105354,0.3333333333333333,0.5698331078709375,0.19999999999999996,0.2857142857142857,0.25,0.5,0.0,0.06493506493506493,1.0895238095238098,0.15451933124346917
S2,4,W04_C2,EVAE,10.275934326672663,5.083523537650294,6.899109791218329,4.994966559293676,n.d.,3.784388048063312,1.8372003003512156,0.17708333333333334,6.717403052800102,3.106942773506052,0.08035714285714286,2.3327727279431443,5.3810711056366785,0.06868131868131867,n.d.,n.d.,0.07142857142857142,0.11764705882352941,0.24107142857142858,2.700864094246027,1.6870062160648935,4.683173133120565,4.6817648376713175,2.4401404295516356,6.440941967451739,n.d.,0.21428571428571427,0.159998922671583,0.41666666666666663,1.2936287960327961,0.75,0.2857142857142857,0.5,0.5,1.0,0.09409340659340658,1.5714285714285716,0.23055555555555554
S2,4,W04_C2,KDE-cl,11.60424335920088,6.608022655504311,7.561602284165524,6.562008446230511,n.d.,3.831472146946827,2.2310609570213815,0.16666666666666669,6.272939777292181,3.2539424844422062,0.047619047619047616,5.248267531360574,4.165799406898765,0.05714285714285716,n.d.,n.d.,0.004761904761904759,0.06666666666666667,0.17142857142857143,3.2732176166018445,2.18521204314148,5.799579163274164,5.002306437555653,1.742513030693535,7.1119423367186805,n.d.,0.07142857142857142,0.33122228167585965,0.3333333333333333,0.7574398016235353,0.2666666666666666,0.2857142857142857,0.25,0.5,0.0,0.08906832298136645,1.2380952380952384,0.18888888888888888
S2,4,W04_C3,ADFNE-cl,14.318002168723465,5.255817593837678,4.841137719224772,5.53019909908975,7.416121868286717,1.6979555662590868,2.2598491603274944,0.14035087719298245,2.852733938281512,4.381320524350219,0.17543859649122806,5.159378933169521,1.7522339573767178,0.04210526315789476,7.408111453436575,3.178232595616512,0.14385964912280702,0.06666666666666667,0.28421052631578947,1.440181087879665,1.7550023648342323,2.5765900183083836,2.8618787638082983,2.5114301930668774,2.2093341290617596,5.3242386094440475,0.21052631578947367,0.29735024034956703,4.0,0.8715521715195012,0.20789473684210535,0.4444444444444444,0.6666666666666666,0.0,0.75,0.06363636363636366,0.49242424242424243,0.1360708534621578
S2,4,W04_C3,EVAE,12.370617575696338,6.311638447903944,7.337869788095024,5.093456278730548,3.088835187874507,3.012895477992803,2.9138245294926346,0.09868421052631576,3.0497083903845335,7.445053254179808,0.13724415204678364,5.027198044875229,3.165377108565985,0.04678362573099415,2.667045508244236,1.0539562896604466,0.15497076023391812,0.125,0.3047823886639676,1.0105617321123472,0.7654729121306131,2.4298589469875918,2.4074826275167696,2.342114287727677,2.02977510167581,2.4538913440841936,0.10526315789473684,0.14745122257867022,3.0,0.5763966517611472,0.2796052631578947,0.2777777777777778,0.6666666666666666,0.3333333333333333,0.75,0.05636363636363635,0.5822510822510822,0.1255693581780538
S2,4,W04_C3,KDE-cl,14.084771984577051,6.2654231852403965,7.246149863981137,7.23495641204306,n.d.,3.7914874914812247,2.606176784533852,0.14035087719298245,3.0464396044662916,7.160303324977594,0.17543859649122806,7.2215583486514365,2.649073166911399,0.04210526315789476,n.d.,n.d.,0.14385964912280702,0.06666666666666667,0.28421052631578947,1.5094143800144675,1.514306353235427,3.2612555351376598,2.9857164776771112,2.9351703809696517,2.1930176832167554,n.d.,0.21052631578947367,0.28101028694357705,6.0,1.022201830904463,0.34122807017543866,0.4444444444444444,0.6666666666666666,0.0,0.75,0.06641123882503193,1.0581678857540926,0.19494279176201373
S2,4,W04_C4,ADFNE-cl,16.52158035346961,4.90549630623083,5.566806606434955,n.d.,n.d.,3.009536276139639,2.946315135368324,0.26666666666666666,4.437446072522633,2.950869564421186,0.033333333333333326,n.d.,n.d.,0.1,n.d.,n.d.,0.06666666666666667,0.06666666666666667,0.26666666666666666,2.5346024656079917,2.0581262128140603,4.336604810172286,3.7121055854502436,3.3521495595013295,n.d.,n.d.,0.5,0.14734551811897917,4.0,2.5633467627948714,0.48750000000000004,0.16666666666666666,0.6666666666666666,2.0,n.d.,0.09520239880059969,0.9493609838437425,0.1917582417582418
S2,4,W04_C4,EVAE,15.44653450955267,7.883895929613255,6.368048652967525,n.d.,n.d.,4.998162729166172,3.386497920317976,0.24495798319327727,3.1618133232602013,5.704818648161816,0.0763888888888889,n.d.,n.d.,0.0411764705882353,n.d.,n.d.,0.05718954248366013,0.11764705882352941,0.28194444444444444,1.816110343481826,0.8720210654983751,3.9645423926963543,2.5842756474986586,2.3566683285240275,n.d.,n.d.,0.7,0.33021888206884237,3.0,1.3871811295833005,0.03440126050420167,0.3333333333333333,1.0,1.0,n.d.,0.12404092071611253,0.8394648829431438,0.17549261083743845
S2,4,W04_C4,KDE-cl,17.23753248497828,6.5458170498458195,5.593251530877588,n.d.,n.d.,3.2520827447251506,4.041739476594296,0.26666666666666666,3.0890363682426525,3.9587493639028506,0.033333333333333326,n.d.,n.d.,0.1,n.d.,n.d.,0.06666666666666667,0.06666666666666667,0.26666666666666666,2.532877167106215,1.4564696757543805,5.306728581594725,3.4662432012110402,2.9044228073110214,n.d.,n.d.,0.5,0.09129263144260231,4.0,2.555713007092537,0.48750000000000004,0.16666666666666666,0.6666666666666666,2.0,n.d.,0.1111111111111111,0.9002849002849003,0.1785714285714286
S2,4,W04_C5,ADFNE-cl,9.821778899358883,4.996493155589484,9.177543607360864,4.40589291851316,n.d.,3.9807513749386576,1.6398474912114116,0.047619047619047616,8.978236685237636,1.6701741602833207,0.19047619047619047,3.444303616959529,1.747274750952936,0.15714285714285714,n.d.,n.d.,0.004761904761904759,0.07619047619047618,0.23809523809523808,2.098457043951888,1.461689964544603,4.619832878380294,5.584776236578426,2.2046244457124002,1.8018183862323325,n.d.,0.07142857142857142,0.1940089556128965,4.0,1.0728637459486856,0.5851190476190476,0.25,1.5,0.4,0.0,0.0625,0.8666666666666666,0.16611730899256252
S2,4,W04_C5,EVAE,13.21799111171505,5.697608972966759,9.882556931926297,4.850710111548414,n.d.,3.5111492556975508,3.8277844477157963,0.12605042016806722,9.583416237386212,2.36670550240504,0.16964285714285715,3.4776756025475972,2.558550754262517,0.1968864468864469,n.d.,n.d.,0.03968253968253968,0.08219537815126049,0.307843137254902,1.6757410936529757,0.4497343962926048,4.5601777144319025,4.978656925813552,1.8827047941496189,2.2791572693551116,n.d.,0.17857142857142855,0.04817797571776637,3.0,0.7585206023683599,0.08541666666666667,0.5,1.5,0.5,1.0,0.0625,0.5639730639730639,0.11568627450980389
S2,4,W04_C5,KDE-cl,9.278258203045217,5.80164033854035,8.829056246470753,4.349932304816022,n.d.,2.6785806762079036,3.0598161793127954,0.047619047619047616,7.975224242689103,1.5748829332974603,0.19047619047619047,1.8923059081560063,1.7290624409480895,0.15714285714285714,n.d.,n.d.,0.004761904761904759,0.07619047619047618,0.23809523809523808,1.9453709235655259,0.884690917797383,4.871307139718244,5.3900996938596695,2.445495824993936,1.8408839109469695,n.d.,0.07142857142857142,0.16585468795190506,4.0,1.152382907927767,0.45178571428571435,0.25,1.5,0.4,0.0,0.11011904761904762,1.042087542087542,0.20807409502262442
S2,4,W04_C6,ADFNE-cl,7.952076725684479,5.425266317308273,4.666265074262564,4.816240065218938,n.d.,2.604355187792668,2.5474330341553997,0.047619047619047616,3.28333682348781,2.1933611667652313,0.047619047619047616,2.963162651703641,2.2378565568836786,0.08571428571428569,n.d.,n.d.,0.004761904761904759,0.07142857142857142,0.1357142857142857,2.4855164973007726,2.3912563318067015,1.4227212748399687,6.156737721447756,2.4257944106993676,2.2429840654098534,n.d.,0.07142857142857142,0.25933417307197304,1.0,1.4510257774490352,0.2,0.25,0.25,0.25,0.0,0.048913043478260865,0.42292490118577075,0.10068426197458458
S2,4,W04_C6,EVAE,10.692481208265736,6.4373392914228855,5.606849020041537,6.424374146914721,n.d.,4.322052237467523,2.139420618773751,0.09375,3.906268698590783,4.14384538141327,0.06932773109243699,5.210949551868613,3.098170328225492,0.13081232492997197,n.d.,n.d.,0.04295051353874883,0.08333333333333333,0.19047619047619047,1.9469210134594177,1.233187849261645,0.9224011789491271,7.059745003826425,1.82491523317373,2.814504070565839,n.d.,0.21428571428571427,0.05126936637900547,1.0,0.7357014108395812,0.3443452380952381,0.375,0.25,0.375,1.0,0.03804347826086957,0.22774327122153215,0.05842911877394638
S2,4,W04_C6,KDE-cl,7.791901518187338,5.368273575996617,4.464185695069498,5.222486643854691,n.d.,2.842382996627858,1.660958832795301,0.047619047619047616,2.4523832546763087,1.6780627234386096,0.047619047619047616,3.7373314774322752,1.6062863295484564,0.08571428571428569,n.d.,n.d.,0.004761904761904759,0.004761904761904759,0.0952380952380952,2.2613328365278824,1.14761151642783,1.2715216575081971,7.301940229768815,2.447838728130996,1.7334346290178124,n.d.,0.07142857142857142,0.14767873377746066,1.5,1.6581338237664758,0.26666666666666666,0.25,0.25,0.25,0.0,0.036521739130434785,0.41565217391304343,0.08635752688172044
S2,4,W04_C7,ADFNE-cl,15.803946142667755,8.706225763403669,4.764308452429676,9.000645368722836,n.d.,8.022034296806677,4.123874672888361,0.047619047619047616,2.7269034744170275,1.7625203181315197,0.047619047619047616,8.993462818053736,2.7652907848498707,0.22857142857142854,n.d.,n.d.,0.06666666666666667,0.0,0.22857142857142856,2.6821584480386917,1.1744068747817646,5.987902622666372,2.527781565676408,11.14058056857602,2.1102084815099538,n.d.,1.1428571428571428,0.4494324944743975,n.d.,2.436089752328018,0.16666666666666663,1.5,1.5,0.0,n.d.,0.09307359307359307,1.128787878787879,0.23607427055702918
S2,4,W04_C7,EVAE,17.346139633147995,9.839760598502764,5.945361814889774,8.360611708302635,n.d.,8.60810520831016,5.375966507593023,0.0875,3.2915801160657807,2.3547942584588712,0.06349206349206349,8.358883679639893,1.752643231738186,0.24107142857142855,n.d.,n.d.,0.09401709401709402,0.12916666666666665,0.28174603174603174,1.8183517104791893,0.5528133083019199,4.528583244353298,2.6584263206138194,10.253034346356976,2.7541711956397426,n.d.,1.2142857142857144,0.7718409909084986,n.d.,1.3351588693129557,0.1875,1.75,1.0,0.3333333333333333,n.d.,0.10357142857142856,1.0,0.21739130434782605
S2,4,W04_C7,KDE-cl,15.13278740607177,9.725204534713605,5.459011032129098,8.979168546133675,n.d.,9.385380130906874,5.131763072077729,0.047619047619047616,3.2666816055315313,2.1849890241662835,0.047619047619047616,8.880563903181958,3.7361252742689732,0.22857142857142854,n.d.,n.d.,0.06666666666666667,0.06666666666666667,0.22857142857142854,2.508996558909189,0.8025234084839711,5.568744987138637,2.5057272632089775,10.732929216170648,2.0278212252575525,n.d.,1.1428571428571428,0.5219814465540993,n.d.,2.639682801908435,0.3666666666666667,1.5,1.5,0.0,n.d.,0.08893280632411067,1.0769230769230769,0.228287841191067
S2,4,W04_C8,ADFNE-cl,13.132720300523761,5.755074065202965,6.183897139991666,7.595065019960748,n.d.,2.671178883146222,1.9485208210277882,0.041666666666666685,3.043918802021338,4.9005210894945055,0.08333333333333331,7.5900248176329095,2.0072147424863953,0.04999999999999999,n.d.,n.d.,0.06666666666666667,0.058333333333333334,0.17083333333333334,1.9301756912488512,1.5031088209080647,1.8040044456635507,5.36086153302305,2.1218069668867363,1.672690479769463,n.d.,0.875,0.37361875736933026,4.0,1.9216665355751588,0.2,0.6666666666666666,1.5,0.5,n.d.,0.045,0.3846153846153846,0.08336423186256332
S2,4,W04_C8,EVAE,14.68176474919056,6.0120259764434305,8.149486740614375,11.227554376455657,n.d.,4.77982928106561,2.6909485815439416,0.13970588235294118,2.8154694924429657,6.514027559378721,0.1050420168067227,11.231919094446313,2.3598180207375803,0.047058823529411764,n.d.,n.d.,0.06666666666666667,0.035256410256410256,0.22083333333333333,1.4091084028948435,0.6579214672920458,0.33060676470885175,4.78066087244596,2.20282237239139,2.084359857510521,n.d.,1.0,0.7236758869117471,2.0,1.1021672778588734,0.3584558823529412,0.3333333333333333,1.75,1.0,n.d.,0.061147186147186144,0.30952380952380953,0.07523148148148147
S2,4,W04_C8,KDE-cl,13.834536439731945,6.69166533011885,7.526946802073546,7.723139990517801,n.d.,4.513047649871835,2.5863812190993754,0.041666666666666685,3.142005877208937,7.265413097296131,0.08333333333333331,7.379479445641948,3.9272206802103105,0.04999999999999999,n.d.,n.d.,0.06666666666666667,0.058333333333333334,0.15,1.7433063795759844,0.9640976161583281,1.4846909003828868,4.852742612116494,1.9275560111808536,1.8447159552748111,n.d.,0.875,0.5409323784852569,4.5,2.2069670956271623,0.24583333333333335,0.6666666666666666,1.5,0.5,n.d.,0.07916666666666668,0.48190476190476184,0.0982905982905983
S2,5,W05_C1,ADFNE-cl,17.401621515577837,5.532995327184307,5.27174176303799,6.571033302516149,8.36539591088756,4.1577174783285695,2.5891509958573224,0.16666666666666669,2.9919613154721816,2.4937322457802575,0.15555555555555556,6.572877436301151,1.7283645479493108,0.0888888888888889,8.364357105811791,1.8570145194715166,0.08888888888888888,0.011111111111111113,0.25555555555555554,2.1514954354365043,1.9730287876969173,1.7436243376172462,3.793920308488495,1.8427732385489286,3.6473020647398906,2.2849338533014616,0.16666666666666666,0.3813677748493163,0.8333333333333333,0.6508860457703785,0.29861111111111116,0.4444444444444444,1.0,0.5,0.5,0.04853479853479854,0.5407407407407407,0.1111111111111111
S2,5,W05_C1,EVAE,14.042491652090767,5.628617640333772,6.358849178607102,4.2863847017194505,9.13138517553234,3.9342652015177735,2.5452255099274756,0.10180995475113125,4.908240249240027,2.808934878473086,0.1388888888888889,3.6438761561450423,2.205649256938571,0.038461538461538464,8.782914668837785,4.338551609041682,0.1008986928104575,0.05555555555555555,0.2222222222222222,1.5348849437412841,1.0136571438721764,0.4173179779884928,3.175862953709464,1.9973325471634715,4.318238045052031,1.2519274466878945,0.1111111111111111,0.26482516992331284,0.6666666666666666,0.9240011179683743,0.37234477124183,0.3333333333333333,1.0,0.25,0.5,0.06433823529411764,0.380952380952381,0.10416666666666666
S2,5,W05_C1,KDE-cl,17.476229508366846,5.151919873279724,5.107729997900211,7.819016600715733,3.949264307059918,2.6498889879908814,1.9689618198347922,0.16666666666666669,3.3289545308145914,1.971242499559819,0.15555555555555556,7.5075691128470945,1.4730787549614197,0.0888888888888889,3.941004879410568,1.2215249090992573,0.08888888888888888,0.011111111111111113,0.25555555555555554,1.977046717468689,1.349024387482551,1.1390076536401939,3.9706395661882734,2.1829182233380973,3.5024830176564787,1.9100758206731026,0.16666666666666666,0.35256482339684625,1.1666666666666665,0.7392481909772278,0.2319444444444445,0.4444444444444444,1.0,0.5,0.5,0.04774535809018568,0.6923076923076923,0.12187500000000001
S2,5,W05_C2,ADFNE-cl,17.160396309375123,7.40189174724491,7.124507319944257,4.254350711152196,n.d.,6.07735442409217,2.492531733567543,0.26666666666666666,3.3730663632914086,5.402536206410954,0.016666666666666663,2.5410736586060287,1.5547953072306795,0.1,n.d.,n.d.,0.13333333333333333,0.05,0.2833333333333333,1.5055366140757211,1.0748140880069408,2.0992990751752583,1.9619778062229638,5.717733347520703,4.185324447724481,n.d.,0.25,0.3181560021690515,2.0,0.6753872906877083,0.2,0.5833333333333334,0.2,0.5,n.d.,0.1396103896103896,1.2347826086956522,0.24795698924731185
S2,5,W05_C2,EVAE,12.079478314973313,5.39086592700998,6.698771907717,5.558311818280292,n.d.,4.1296467825069545,1.7444422154549901,0.1384615384615384,3.2016683649137248,3.182450667554096,0.06561085972850679,4.221489959109529,2.2758176363789566,0.05384615384615385,n.d.,n.d.,0.15192307692307694,0.05,0.22608359133126935,1.0997417266517178,0.4338187251736342,0.47069055989459874,1.9872600923690862,4.82755404533327,3.8239145350394734,n.d.,0.3,0.2784826645508163,1.25,1.11194012158705,0.4405987394957983,0.45833333333333337,0.4,0.25,n.d.,0.1111111111111111,0.915720711073035,0.17714285714285716
S2,5,W05_C2,KDE-cl,16.714087566726285,6.333681741402641,6.897775643780507,4.577866107263759,n.d.,6.016593374094841,1.998921066240762,0.26666666666666666,4.23485506158404,3.5760496092240945,0.016666666666666663,2.5397637876265553,1.956244339510068,0.1,n.d.,n.d.,0.13333333333333333,0.016666666666666663,0.2666666666666666,1.4998662825780293,0.747748250086358,1.6535701122075301,1.6393936692131361,5.738767077073277,4.5560210257762,n.d.,0.25,0.3195110700707043,1.75,0.7329274587977197,0.2,0.5833333333333334,0.2,0.5,n.d.,0.13407407407407407,1.0367892976588629,0.2122201138519924
S2,5,W05_C3,ADFNE-cl,12.274139482692515,9.54593007304459,5.113614406309469,4.3931628408399614,n.d.,9.46196511571571,3.4684527818575637,0.0784313725490196,2.8341101304367804,3.4278048909123906,0.0862745098039216,2.9083127390711434,3.421636027940435,0.0823529411764706,n.d.,n.d.,0.13333333333333333,0.050980392156862744,0.21568627450980393,1.8717018951373632,1.7079509822599153,1.7476297695101217,2.8574901414115135,2.630774083765308,2.502273451442497,n.d.,0.11764705882352941,0.297679225151109,0.6666666666666666,0.6736474256307106,0.21911764705882353,0.2857142857142857,0.3333333333333333,0.5,n.d.,0.06763285024154589,0.3695652173913043,0.10085978835978833
S2,5,W05_C3,EVAE,12.676085854618025,7.397287855538888,4.384438278326181,6.271783206593645,n.d.,6.834269064854174,3.9797337304625264,0.08333333333333334,2.555872750252412,2.6512452686261216,0.08905228758169936,4.2915698243929885,2.2372828725570617,0.04901960784313725,n.d.,n.d.,0.125,0.08760683760683761,0.2144607843137255,1.2491391396122495,0.5881249722610798,0.5309483875785947,2.0644785458991226,2.505946684988896,2.3521330041245756,n.d.,0.23529411764705882,0.2732401410735632,0.5,1.2186954269113333,0.1481900452488688,0.14285714285714285,0.3333333333333333,0.5,n.d.,0.07121212121212121,0.5032258064516129,0.11666666666666667
S2,5,W05_C3,KDE-cl,12.186083650055018,10.213784904130138,5.529973326246673,4.503711105931524,n.d.,10.29704637403783,3.348815194281741,0.0784313725490196,3.1330687473661154,3.8872914090561124,0.0862745098039216,2.7825417047161514,4.138119651248001,0.0823529411764706,n.d.,n.d.,0.13333333333333333,0.050980392156862744,0.21568627450980393,1.6214921514264071,0.8230884152335877,2.3727026152700867,2.7745908046620036,2.5911626995202837,1.4613422765197543,n.d.,0.11764705882352941,0.2749538859445938,0.6666666666666666,0.6813450697365397,0.35245098039215683,0.2857142857142857,0.3333333333333333,0.5,n.d.,0.061355311355311346,0.28260869565217395,0.07750410509031197
S2,5,W05_C4,ADFNE-cl,13.74048883929475,5.096419653168219,5.8345076146713755,n.d.,n.d.,2.531389229269398,2.2103509480811736,0.25490196078431376,4.8765921126771605,1.5137804215419797,0.027450980392156876,n.d.,n.d.,0.1411764705882353,n.d.,n.d.,0.07450980392156863,0.06666666666666667,0.2823529411764706,2.081276440705227,0.8331244098054511,2.698379795787533,3.44847244367645,1.9934990700672706,n.d.,n.d.,0.11764705882352941,0.3125501759358992,1.0,0.6989042645086672,0.11715686274509807,0.5,0.2,2.0,1.0,0.04853479853479854,0.4872727272727273,0.114024864024864
S2,5,W05_C4,EVAE,12.635207704192878,5.066317449265107,5.802764562551989,n.d.,n.d.,2.8759419074577375,1.578686885003079,0.21945701357466063,4.348698947493742,1.4845454735639434,0.05147058823529413,n.d.,n.d.,0.10784313725490195,n.d.,n.d.,0.058823529411764705,0.058823529411764705,0.2556561085972851,1.7535555053307745,0.3563509050772806,0.8891724371425025,2.522149410970868,1.8676214964168623,n.d.,n.d.,0.23529411764705882,0.23612106080899187,0.75,1.4202444215395942,0.47058823529411764,0.4,0.4,1.0,1.0,0.07589285714285714,0.4907407407407407,0.1212696222183888
S2,5,W05_C4,KDE-cl,15.196789843247469,5.028745924358841,5.14522670372801,n.d.,n.d.,3.331079893734569,1.837204359450073,0.25490196078431376,3.866481144977594,1.8432825455711699,0.027450980392156876,n.d.,n.d.,0.1411764705882353,n.d.,n.d.,0.07450980392156863,0.06666666666666667,0.28235294117647064,1.8272083253669287,0.8011492840697076,2.7828832386670377,3.2982428765881417,1.8935584662685159,n.d.,n.d.,0.11764705882352941,0.23959465393042678,2.5,0.7921626232029569,0.28284313725490196,0.5,0.2,2.0,1.0,0.05833333333333335,0.6923076923076923,0.1483595895360601
S2,5,W05_C5,ADFNE-cl,7.615300673657469,5.367405532251805,4.331687448285868,5.864523042431917,6.202636283898854,3.2215159408760257,3.6799497412623117,0.019607843137254943,2.7772814631054548,2.4171033178142265,0.03137254901960784,3.4368587086365796,4.934695084895181,0.03529411764705881,6.032575430442846,2.3838619644344745,0.0431372549019608,0.06666666666666667,0.09803921568627452,1.5933896630245583,1.1665258838085113,1.1940625626576595,3.5101165032866386,2.63600705380278,2.4587693026433186,3.1818991726439965,0.11764705882352941,0.2952796710882211,3.5,0.8303413803418638,0.3848039215686275,0.16666666666666666,0.0,0.25,0.3333333333333333,0.21083333333333332,0.30797101449275355,0.21915584415584416
S2,5,W05_C5,EVAE,9.100161425664115,5.898561968047354,4.607212783195582,6.801692938957118,9.34855789177616,5.266692654797282,1.8974162179691767,0.06490384615384615,2.9478908898379976,3.2920287765488196,0.07239819004524889,3.5522401603031724,6.537557003387683,0.07692307692307693,7.734482592920012,3.227089883575341,0.05429864253393665,0.06971153846153846,0.17873303167420812,1.333706187293379,0.5219894043934159,0.45529258713350007,2.969812477296267,3.219277279475623,2.921228299199675,2.730714707897583,0.23529411764705882,0.22749076525420742,2.0,1.1089893918454972,0.6187782805429864,0.3333333333333333,0.25,0.375,0.3333333333333333,0.2583333333333333,0.6464646464646464,0.25723450723450725
S2,5,W05_C5,KDE-cl,7.615343218503941,5.40674327050164,4.158077214372813,6.266032654662293,7.498862100870372,4.9143328434198,2.198662057706133,0.019607843137254943,3.53201545552288,2.1196636170339906,0.03137254901960784,3.228464737538753,4.503696547484028,0.03529411764705881,5.729184815618032,4.754062855379687,0.0431372549019608,0.06666666666666667,0.09803921568627452,1.8267175478393505,0.8955525010565207,2.2050833221274018,3.5996123573874295,3.1831633026974853,1.6938486302728033,3.1240707606471476,0.11764705882352941,0.2603088334181862,5.0,0.8245958185401907,0.3333333333333333,0.16666666666666666,0.0,0.25,0.3333333333333333,0.20811594202898548,0.5155555555555555,0.23834988540870894
S2,5,W05_C6,ADFNE-cl,12.344600146867098,6.9810230190232385,3.8539186714708147,9.158280195885471,7.903075974481667,4.290907457271208,2.1708959734144546,0.16666666666666666,1.9494716695416963,2.427450270165765,0.23333333333333334,3.9750664995143765,8.646307304016895,0.0888888888888889,7.8960615050285625,1.5455824692947817,0.08888888888888888,0.06666666666666667,0.32222222222222224,1.535681174750386,0.8903737688397351,1.2860374969834791,2.569583528593628,4.121168918070599,1.9558731317114812,2.532384460565228,0.16666666666666666,0.30527816137590835,1.0,0.6277056018375614,0.2666666666666667,0.6666666666666666,0.5555555555555556,0.5,0.5,0.03952569169960474,0.33292794162359374,0.07469278033794166
S2,5,W05_C6,EVAE,15.320046451519762,8.418274908850082,5.843705924163939,7.609728907808865,5.968620019477839,5.892022753298024,2.347141558504495,0.14102564102564105,4.395895869739963,2.895956909482498,0.2692307692307692,3.8744117384608057,6.280062444700086,0.1388888888888889,5.681514793229609,2.5389088260537354,0.06837606837606836,0.08333333333333333,0.41452991452991456,1.2810916818963978,1.0354469893423912,0.7419453596165748,3.363981462102661,3.206574231608724,3.008097969491297,2.2974405682071453,0.2777777777777778,0.24013709768103716,0.5,1.3282359965039159,0.07692307692307693,0.3333333333333333,0.6666666666666666,1.0,0.5,0.03535353535353536,0.4027777777777778,0.1
S2,5,W05_C6,KDE-cl,13.36282890172709,7.047450743941315,5.068759896780643,9.933263911983778,5.741263402918529,4.062856069982861,1.7750563167428304,0.16666666666666666,3.52122322080245,3.145937895405126,0.23333333333333334,3.426844462656303,9.206728552536699,0.0888888888888889,5.180589481133737,2.555525724759506,0.08888888888888888,0.06666666666666667,0.32222222222222224,1.2251422701175771,0.4208072138472596,1.3135549237743844,2.6103972261610524,3.512646811914431,1.97157020049785,3.0712014522147566,0.16666666666666666,0.22831748660777973,2.0,0.6469193782911515,0.38750000000000007,0.6666666666666666,0.5555555555555556,0.5,0.5,0.0817099567099567,0.8560606060606061,0.16071428571428575
S2,5,W05_C7,ADFNE-cl,15.902106441572437,12.21145194523835,6.264008353362396,6.399197132021537,5.7324421839190665,12.247565782451481,2.5785577166606375,0.1111111111111111,6.271781639693934,0.9119490323757002,0.06666666666666665,3.8397538754016782,3.5622849366312597,0.1333333333333333,3.8602358575201507,4.223456851688397,0.022222222222222227,0.06666666666666667,0.19999999999999996,1.323404956783298,0.9253368329059847,1.2008378543292797,3.7805496579426823,2.0245844693601054,2.192589797826048,2.7978798853620717,0.16666666666666666,0.24180952377924397,1.25,0.6042496282740166,0.38750000000000007,0.25,0.3333333333333333,0.5,0.0,0.05590062111801242,0.25672877846790887,0.0947204968944099
S2,5,W05_C7,EVAE,13.035822165481871,13.455761244974463,5.823219224717091,4.90534472109343,5.504076061052419,13.523110882125168,3.6012407439584493,0.0854700854700855,5.3470077459361525,1.4353384720567357,0.09890109890109888,1.9502277236050887,2.952669820510117,0.05897435897435899,2.6033137687157284,2.8247882613237003,0.05555555555555555,0.07142857142857142,0.21001221001221002,1.2544958549098764,0.5388995260000229,0.708247001868344,4.674743788270927,2.3197187449905465,1.7508632834682283,2.2879451534004502,0.2777777777777778,0.2089921291110235,1.0,1.3765486069714339,0.12797619047619044,0.125,0.5,0.3333333333333333,0.5,0.08566760037348273,0.3157894736842105,0.09218227424749163
S2,5,W05_C7,KDE-cl,17.370234295480195,14.100636363484053,6.536892448555541,6.269945669640496,7.904869820809034,14.036484919749629,2.0596130594529867,0.1111111111111111,6.411200687705514,1.523986220631739,0.06666666666666665,4.474091315499748,2.8409640026471092,0.1333333333333333,7.490758213145482,5.175851047677974,0.022222222222222227,0.06666666666666667,0.19999999999999996,1.5804976055753557,0.5402555853047677,1.390641427921306,4.534195776493584,2.187971936718238,2.061983356396565,2.373199115628939,0.16666666666666666,0.19280351335284845,1.75,0.707740611846277,0.3208333333333334,0.25,0.3333333333333333,0.5,0.0,0.05652173913043479,0.5787545787545788,0.11794102948525739
S2,5,W05_C8,ADFNE-cl,10.615192540711524,6.618859489824153,5.411100273642843,5.436156117852643,7.9155312571523,3.430055041223021,2.7441399691487285,0.12280701754385964,2.6020712659510226,4.328779677667468,0.05614035087719299,3.0624707955596064,5.1052465882009095,0.1157894736842105,4.03340703406097,5.8304367492981095,0.024561403508771923,0.03859649122807017,0.17894736842105263,1.3389021087883706,2.0625195389807365,1.7227192111969003,1.8666495955152738,2.003622968474371,2.843688556542295,6.616448695431121,0.21052631578947367,0.3044963338656067,0.3333333333333333,0.6623557508392097,0.2,0.25,0.0,0.5,0.3333333333333333,0.06971014492753623,0.2867080745341615,0.11602177022088034
S2,5,W05_C8,EVAE,11.666210041676795,7.7298430675519905,6.187829334115429,4.914961638429387,5.544302599277172,4.737077215581793,3.0527345493898608,0.07142857142857142,4.312900207109607,1.7653176756897562,0.05668016194331982,3.766606134758559,3.0167296555224157,0.06730769230769232,4.206066349399023,3.4285131633712886,0.07456140350877193,0.05555555555555555,0.19028340080971662,0.9621542200653757,0.6805615385355313,1.2215232921508856,2.9511801175581596,1.4634476091445574,2.9139121385845512,5.989423876012756,0.3157894736842105,0.300671792772591,0.3333333333333333,1.43928688422357,0.15941295546558698,0.25,0.5,0.3333333333333333,0.3333333333333333,0.16113095238095237,0.5410101010101009,0.15914786967418543
S2,5,W05_C8,KDE-cl,11.14445502568866,5.594114336347088,4.99472561746998,5.426252381772451,8.824373712561316,3.9595063903653673,1.9970610911112558,0.12280701754385964,2.594312827792452,2.477973095752431,0.05614035087719299,4.305837821362466,3.7716278936778043,0.1157894736842105,7.469545074607671,6.37642985197342,0.024561403508771923,0.03859649122807017,0.17894736842105263,1.2307518110519728,1.2239255641003672,1.428225113084158,2.245520675560745,1.6797019259285697,2.613856946610068,7.289866572040962,0.21052631578947367,0.2540385646020338,0.6666666666666666,0.686845693010245,0.274561403508772,0.25,0.0,0.5,0.3333333333333333,0.11478260869565217,0.4629629629629629,0.14408866995073888
S2,6,W06_C1,ADFNE-cl,15.370214038857608,7.202023275742786,7.125037712978248,n.d.,6.179618934327244,4.870886904243356,5.904726131944024,0.17261904761904762,6.132464605521937,3.1856615210028814,0.047619047619047616,n.d.,n.d.,0.17261904761904762,3.646353821618756,4.3751822000795695,0.023809523809523808,0.07142857142857142,0.244047619047619,1.361777297405488,1.0963247179140467,1.791260600228188,2.582261868814653,1.4881987320765857,n.d.,2.0018591933412733,0.4166666666666667,0.4030440499111506,0.5,0.6971580582182769,0.2857142857142857,0.6363636363636364,0.5,2.0,0.5,0.037668298653610766,0.5356521739130435,0.12153846153846154
S2,6,W06_C1,EVAE,12.260096013715614,6.867932148207705,9.10653983212719,n.d.,5.73273141673834,3.865433570273768,3.5714253465954906,0.08012820512820512,8.085520832223201,3.449547448904462,0.10256410256410253,n.d.,n.d.,0.1130952380952381,3.473508411728596,2.9023348457475775,0.06410256410256412,0.0,0.2083333333333333,1.2198646994344458,0.5094845011046767,3.156103874868127,1.9125221488369581,1.943415174284541,n.d.,1.90711056848593,0.4583333333333333,0.390834919863955,0.375,1.7353874746619367,0.2213141025641026,0.5,0.625,1.0,0.5,0.03409687008218219,0.34334625322997414,0.09150010745755423
S2,6,W06_C1,KDE-cl,15.352234329647501,6.139986200949709,6.44863525908522,n.d.,6.315479751516571,4.353023979579409,3.2056748612844235,0.17261904761904762,4.800384330447722,2.933409648230244,0.047619047619047616,n.d.,n.d.,0.17261904761904762,4.6266945496518055,5.682632785003173,0.023809523809523808,0.07142857142857142,0.244047619047619,1.2831401163499938,0.5348129565358278,1.6068952868292596,2.5590138724389377,1.5169686497900843,n.d.,1.8750450254848823,0.4166666666666667,0.42286793486344365,0.375,0.5812891629681036,0.21428571428571425,0.6363636363636364,0.5,2.0,0.5,0.06314699792960662,0.5251095382541286,0.11449573903719168
S2,6,W06_C2,ADFNE-cl,12.531702398729765,5.751590549328337,6.077067857558554,5.604105294961498,n.d.,1.750740345220095,4.081059464704987,0.2857142857142857,3.8235979979727155,3.260933222009015,0.047619047619047616,3.224553259163997,3.8157316239104917,0.11904761904761904,n.d.,n.d.,0.14285714285714285,0.07142857142857142,0.33333333333333326,1.219968348520538,0.4289191074339474,1.8904559733624131,2.4200115913413587,2.0053424931041257,2.053147056652973,n.d.,0.3333333333333333,0.3308817673076133,0.3333333333333333,0.5833117355928332,0.34226190476190477,0.6666666666666666,0.42857142857142855,0.5,n.d.,0.05392433653303218,0.419047619047619,0.09153318077803205
S2,6,W06_C2,EVAE,10.988919387094995,5.5508544556014225,6.706601674016904,9.1130219462686,n.d.,1.9815958204713309,2.539854826928728,0.1547619047619047,4.364775287681588,4.217981515197575,0.08333333333333331,8.289479254347835,2.853179313539123,0.07142857142857142,n.d.,n.d.,0.16666666666666666,0.03333333333333333,0.25595238095238093,1.6732151132072448,1.1862925839020566,4.5477523660329755,2.383020067632648,2.120605615177045,1.8540860213644135,n.d.,0.42857142857142855,0.25544716120472,0.3333333333333333,1.2884342285728745,0.11011904761904767,0.5833333333333334,0.5714285714285714,0.5,n.d.,0.08035714285714285,0.25490196078431376,0.08779904306220099
S2,6,W06_C2,KDE-cl,12.408501609987441,6.3344330959129005,4.86997366365031,6.698054007643537,n.d.,4.349199414649178,2.0773389523811048,0.2857142857142857,3.201879910466414,2.0056491668052807,0.047619047619047616,5.042390677441955,4.531155984804249,0.11904761904761904,n.d.,n.d.,0.14285714285714285,0.07142857142857142,0.33333333333333326,1.2179372934245176,0.6283156811454171,2.2790044632586595,1.9783878591632376,1.6138774147400536,2.340876201141192,n.d.,0.3333333333333333,0.23221835539663527,0.6666666666666666,0.6071416900649231,0.48511904761904767,0.6666666666666666,0.42857142857142855,0.5,n.d.,0.047619047619047616,0.6302277432712216,0.12976406533575316
S2,6,W06_C3,ADFNE-cl,15.175398608822292,6.669671440450587,4.64186504658397,n.d.,n.d.,3.651386262416892,3.2006038154734338,0.29323308270676696,3.5104104742924944,1.9426760850163882,0.08270676691729323,n.d.,n.d.,0.21428571428571427,n.d.,n.d.,0.14285714285714285,0.018796992481203006,0.37593984962406013,3.5559467659460124,2.833407932356917,6.556495615207881,3.685712457796906,3.4607883236786714,n.d.,n.d.,0.2631578947368421,0.5888022344288973,0.5714285714285714,0.6017077397144234,0.16870300751879708,0.6363636363636364,0.42857142857142855,n.d.,n.d.,0.15250896057347668,0.9809384164222874,0.19473684210526315
S2,6,W06_C3,EVAE,10.166902123473529,5.673804496004054,5.171424531493461,n.d.,n.d.,3.3345365171573578,2.511395005008553,0.16228070175438597,2.862379128255373,2.0562898842197948,0.11842105263157893,n.d.,n.d.,0.15384615384615385,n.d.,n.d.,0.14835164835164835,0.05263157894736842,0.31983805668016196,2.0174462820648964,1.092444724396557,3.720720465161774,2.1099778266506384,3.1151934500622245,n.d.,n.d.,0.3157894736842105,0.47535616501693057,0.5714285714285714,1.4674023007301922,0.2160931174089069,0.5454545454545454,0.5714285714285714,n.d.,n.d.,0.17094330400782015,0.8828522920203736,0.16571586308428413
S2,6,W06_C3,KDE-cl,14.666098142028144,6.441556747099652,5.682638792084165,n.d.,n.d.,3.421183781950945,3.0873820632570643,0.29323308270676696,3.5501900046835315,1.13624348566694,0.08270676691729323,n.d.,n.d.,0.21428571428571427,n.d.,n.d.,0.14285714285714285,0.018796992481203006,0.37593984962406013,2.2073471639462996,1.2632292553485869,4.9137521104442845,2.70136861112928,2.7759241036669833,n.d.,n.d.,0.2631578947368421,0.44777010465276057,0.3571428571428571,0.6793588105296922,0.31156015037593987,0.6363636363636364,0.42857142857142855,n.d.,n.d.,0.16044546850998465,0.5431761786600497,0.14411027568922308
S2,6,W06_C4,ADFNE-cl,10.381507779122147,7.242575177377668,6.429969149421341,5.753726965400677,7.17245106816406,3.784741906206248,5.073371922069659,0.18796992481203006,3.6257157449714317,3.6604114221500725,0.022556390977443608,4.474436142415858,3.4115741755371274,0.10902255639097744,7.172451068164079,2.8560424522622876,0.03759398496240601,0.018796992481203006,0.18796992481203006,1.6571846912801593,1.7730860341801398,1.7534238745376123,2.7548401361037214,1.9323053395626681,1.996370276673165,1.8527003598834366,0.2631578947368421,0.42993141498027454,0.42857142857142855,0.6239117531310474,0.23637218045112773,0.5555555555555556,0.2,0.5,0.0,0.06181818181818183,0.4588744588744589,0.08985507246376812
S2,6,W06_C4,EVAE,10.199052870694938,6.7634085986996215,6.969143995491706,6.034962683730436,5.7708850206609705,4.280206570789889,3.603204261848745,0.11309523809523811,3.072807917169965,3.4870109921840977,0.07017543859649122,4.138715250775267,2.7584062560387226,0.03383458646616541,4.881899675404874,3.6879082374412375,0.03759398496240601,0.05263157894736842,0.17199248120300753,1.0119615171021668,0.6380023401885904,1.5801560999306885,1.3906046502492448,2.035770472810503,1.3951127517444275,2.0634001588433,0.3157894736842105,0.3197917927369305,0.5714285714285714,1.698199414671977,0.40292437825332555,0.3333333333333333,0.4,0.5,0.5,0.11875,0.5995670995670995,0.13804347826086955
S2,6,W06_C4,KDE-cl,10.409545383227329,7.402982691023876,6.983703101573111,6.716339273260786,6.527508449531973,2.662884920518977,4.107339506720316,0.18796992481203006,4.12330610028089,3.828633430129445,0.022556390977443608,3.9268867024650387,4.744090118450144,0.10902255639097744,6.343585164466097,4.414813111165342,0.03759398496240601,0.018796992481203006,0.18796992481203006,1.2684036750744427,1.0954198408576672,1.1674497926502165,2.2567766583550406,1.8017977174187272,1.9847757336016691,1.5163609840879473,0.2631578947368421,0.3606589604527343,0.2857142857142857,0.6004338996042018,0.23637218045112773,0.5555555555555556,0.2,0.5,0.0,0.09288537549407115,0.4285714285714286,0.08347701149425286
S2,6,W06_C5,ADFNE-cl,9.51828325769183,6.7225201114279844,8.764864967018376,5.049707254133443,11.097128314536555,3.417145408998187,3.9834318173732775,0.0,6.978527564104105,1.135483508004003,0.14285714285714285,3.0762174059206,2.644050989699981,0.14285714285714288,10.605086132108127,4.183470894409446,0.0,0.0,0.14285714285714285,1.248590174615738,0.8782863269740815,1.51132001828588,2.1238493325096957,2.2143038864236457,2.2182008063902168,2.37786161604457,0.0,0.13320540798803532,n.d.,0.7802197639845154,0.4285714285714286,0.0,1.0,0.4,0.0,0.075,1.0836120401337792,0.22408026755852845
S2,6,W06_C5,EVAE,12.702392024302458,7.585817857455144,6.968983861880695,4.534492176116165,8.071786755372043,4.766875789574703,4.132488749584569,0.08181818181818182,4.732981024977492,2.2067003373914096,0.160989010989011,2.602496119901769,2.2002953219254193,0.15000000000000002,6.379375143489231,4.607440533373078,0.06272893772893773,0.07142857142857142,0.27472527472527475,1.512535325332403,1.411297203137576,2.287954081412454,2.8284381296043937,2.848023253145881,2.562711667643497,2.014923321536752,0.14285714285714285,0.10977849322917108,n.d.,1.2021093562545153,0.2518731268731269,0.25,1.0,0.5,0.5,0.07142857142857142,0.836098541980895,0.18019480519480524
S2,6,W06_C5,KDE-cl,9.784737595271395,7.160338860400474,9.370433048569481,5.405574552388229,10.516620396014257,4.383536464875338,4.80715396068052,0.0,8.540306590719899,2.490058845073868,0.14285714285714285,3.660338204503736,1.7673287639610042,0.14285714285714288,10.405468044360362,1.4319288199404931,0.0,0.0,0.14285714285714285,0.9027880831409942,0.6879035498973118,1.6432087133346607,1.9483370211832025,1.9479182870605296,1.9768394506377436,2.3509933470339046,0.0,0.0806019418251024,n.d.,0.9402327165648803,0.5714285714285714,0.0,1.0,0.4,0.0,0.06593406593406592,1.3082497212931996,0.241710875331565
S2,6,W06_C6,ADFNE-cl,13.055432149081618,9.360755900047396,6.6495204269763075,9.269706747713503,n.d.,8.001102414086393,4.189299053621492,0.07792207792207795,4.040327864585127,4.40884645477435,0.07792207792207795,9.268796206971434,4.6895221808568,0.05844155844155843,n.d.,n.d.,0.14285714285714285,0.07142857142857142,0.2142857142857143,3.910241935072967,3.594671970044528,6.3606331593491845,4.784565950266219,5.365860209364878,2.3874265957771033,n.d.,0.2727272727272727,0.24843895647773925,0.41666666666666663,0.5703237458346753,0.200487012987013,0.0,0.125,0.0,n.d.,0.06521739130434782,0.5922077922077923,0.1064957264957265
S2,6,W06_C6,EVAE,14.254541832128764,11.787172548014015,9.104346094100991,7.4141663441914805,n.d.,11.801673287302714,4.011576186449025,0.11363636363636365,3.8433696643265756,7.189052362663947,0.10047846889952153,6.793696263062133,3.6578247913198854,0.12437562437562436,n.d.,n.d.,0.15384615384615385,0.027777777777777776,0.275974025974026,3.2173341481907025,2.596653903105178,4.64312093621637,3.0565365223543575,4.2983021179218275,2.3363702217156037,n.d.,0.13636363636363635,0.22488902941246336,0.5,1.4362483672151636,0.39073426573426573,0.25,0.25,0.6666666666666666,n.d.,0.06240601503759398,0.8,0.13557933294775398
S2,6,W06_C6,KDE-cl,12.53557129673523,7.747203658071038,7.521907850205531,7.251289044992429,n.d.,7.603676887300997,4.219404815187992,0.07792207792207795,5.2954290594726245,5.445324355974776,0.07792207792207795,6.524127677135368,4.585407890693716,0.05844155844155843,n.d.,n.d.,0.14285714285714285,0.07142857142857142,0.2142857142857143,3.9400778537783028,3.272446254550705,6.955324877343086,4.8229129943228735,4.998437663244946,2.3593020053042824,n.d.,0.2727272727272727,0.25588839007116815,0.5,0.5670067255470363,0.2280844155844155,0.0,0.0,0.0,n.d.,0.05890269151138716,0.4666666666666668,0.10576923076923075
S2,6,W06_C7,ADFNE-cl,12.258652383648645,6.990270209476842,5.425760891497399,9.399091966898336,6.208898162664957,6.705846008198504,2.1924032526568675,0.019047619047619035,3.7490307312373217,2.2990459209496903,0.11428571428571432,9.40415328639883,2.166903807879401,0.014285714285714263,4.493875073065768,3.672431944847589,0.009523809523809518,0.07142857142857142,0.1142857142857143,1.5603994076096095,1.2862760496850345,1.2938658420995086,2.023214132275905,2.8969310429685335,2.3426725603327365,2.9437919393456475,0.06666666666666667,0.21931613116220822,1.5,0.7143713662825664,0.48511904761904756,0.0,0.3333333333333333,0.0,0.0,0.0499194847020934,0.800614844093105,0.14655172413793105
S2,6,W06_C7,EVAE,12.362461595786979,10.202242275361474,5.322233725550422,4.8775077664495186,6.454018590709572,9.738478028662335,2.4912337154684785,0.09242424242424242,3.999272995083861,2.4543989256704144,0.11363636363636365,4.363749465972619,1.6877238139722048,0.053571428571428575,5.398783216960715,2.819429712513153,0.0642857142857143,0.059027777777777776,0.2318181818181818,1.2468381320664026,0.2925668568566353,0.3590743833420096,2.4069776939537872,2.6848527551575896,2.4480036556358415,2.407770157260171,0.2,0.1840711966050675,0.5,1.0937332832368192,0.8422619047619047,0.375,0.3333333333333333,0.3333333333333333,0.5,0.07115009746588694,0.6343434343434343,0.14155172413793105
S2,6,W06_C7,KDE-cl,12.346680742147939,6.11645279512706,6.3033565827859075,6.032539126487802,6.35654123182429,4.228854710830679,1.9645119986625854,0.019047619047619035,5.1024313300559,2.53013792159397,0.11428571428571432,5.630874931410771,2.824378059482055,0.014285714285714263,5.943249463088529,3.1773636455615426,0.009523809523809518,0.07142857142857142,0.11428571428571428,1.3321987735214846,1.2019967892150685,1.510567883985725,1.7573087967549994,2.5883179490552655,2.4706192834906346,2.33861447889931,0.06666666666666667,0.1918868615711377,1.5,0.6742479521681294,0.30059523809523814,0.0,0.3333333333333333,0.0,0.0,0.08796296296296297,0.8842268842268842,0.16680635376756067
S2,6,W06_C8,ADFNE-cl,19.957460981142056,n.d.,5.9022117950860284,6.427627742990758,4.367211880992812,n.d.,n.d.,0.2857142857142857,4.049644818187107,2.3403784991926955,0.047619047619047616,4.260006252463398,4.655926047917854,0.11904761904761904,4.086285445006665,1.7333546546580383,0.19047619047619047,0.07142857142857142,0.3571428571428571,3.556566252469324,3.2633236588951027,3.780801560944993,n.d.,3.278297418488206,9.799643529555475,1.8121448103235775,1.3333333333333333,0.39519914522557054,4.0,3.1679261579954954,0.16666666666666663,n.d.,1.0,0.5,0.0,0.10526315789473684,0.8042512077294687,0.15833333333333333
S2,6,W06_C8,EVAE,17.870167685790076,n.d.,6.185549487008071,6.530515947533004,6.663202933879645,n.d.,n.d.,0.25,4.141121407390811,2.7874060154991263,0.10336538461538461,2.7757661922858086,5.668502382560343,0.08333333333333331,3.9438106855365125,2.70365438160088,0.17105263157894735,0.0,0.3565705128205128,2.455590936679242,1.7945435452981195,2.683637817486942,n.d.,2.488027769477745,8.822422912730204,2.0429135693105116,1.0833333333333335,0.49459920818551995,2.0,3.0747659221550445,0.3541666666666667,n.d.,0.5,0.5,0.0,0.10882352941176471,0.715219421101774,0.14264705882352943
S2,6,W06_C8,KDE-cl,19.46304892872667,n.d.,5.829707485596693,7.247355294084785,4.1842332200914,n.d.,n.d.,0.2857142857142857,4.008341379784939,1.915539998679066,0.047619047619047616,4.002432059172484,6.688976305067852,0.11904761904761904,3.6556801434092767,2.0693470079999106,0.19047619047619047,0.07142857142857142,0.3571428571428571,3.3991247918515213,2.725367758933204,4.255369200296638,n.d.,3.024249006907575,9.230025956915158,1.829288843525408,1.3333333333333333,0.43386593076589064,4.0,3.276094580162747,0.2857142857142857,n.d.,1.0,0.5,0.0,0.13043478260869565,0.9468599033816425,0.18285714285714288
S3,0,W00_C1,ADFNE-cl,11.456237213174681,8.588489837596747,5.236775651885157,4.440527757996275,4.867715101605574,6.345531047668576,3.5072026873552726,0.034965034965035,3.2688105195143673,3.443718831861161,0.18881118881118886,2.5604453178059985,2.4810715812380164,0.19580419580419578,3.4084914840469165,2.5102586929686352,0.013986013986013984,0.013986013986013984,0.2237762237762238,1.2843542949948517,1.433646196601464,1.0558009786272404,2.0223285390239942,1.9335833795289616,1.8599622572950545,2.4952636172774194,0.5769230769230769,0.4905924788709756,1.0,0.9971489023308006,0.6596736596736598,0.625,0.75,0.5,0.5,0.06521739130434782,0.48025007104290995,0.12325558213716109
S3,0,W00_C1,EVAE,13.517772397127592,12.689253973328519,5.311637357209741,5.692735240540646,5.629989061081904,12.66462469949816,2.4438790919061537,0.09230769230769231,3.307336775971323,1.8888039777325911,0.21153846153846156,4.019729656603252,4.1565005057674025,0.09731934731934731,3.9523617025127566,1.8869999078181068,0.08974358974358973,0.07692307692307693,0.3154623154623155,1.522030761805989,0.6247094613272641,1.1997784097010467,2.5644146636596683,1.6300211705946395,1.8451024566299208,2.9366571169948568,0.5769230769230769,0.45185936353535006,0.5,2.1379915903420055,0.1647241647241648,0.625,0.75,0.5,0.5,0.06521739130434782,0.48829431438127097,0.11948529411764708
S3,0,W00_C1,KDE-cl,9.884584112152723,9.454637197474309,4.9402558759213075,6.083829544851099,n.d.,7.887459081450693,3.202313290502609,0.034965034965035,4.042925006395425,3.3822932485952015,0.18881118881118886,3.0570210148322072,4.89009002916208,0.19580419580419578,n.d.,n.d.,0.013986013986013984,0.013986013986013984,0.2237762237762238,1.1500388070729004,0.740772821034468,1.7073625515054769,1.9463207803123619,1.9728538564565041,1.5621005628173767,n.d.,0.5769230769230769,0.4686111418266599,1.0,0.9030538975753772,0.6975524475524477,0.625,0.75,0.5,0.5,0.04589371980676328,0.676328502415459,0.15208333333333335
S3,0,W00_C2,ADFNE-cl,14.41927877049223,11.104254486883962,8.268380162369128,n.d.,8.100044299884324,7.038909451130391,9.399302351266979,0.0727272727272727,6.087222525474843,4.993230025433633,0.2272727272727273,n.d.,n.d.,0.22272727272727272,6.243641360478414,3.9313854752461106,0.05909090909090908,0.009090909090909094,0.2954545454545454,1.3540630460382967,0.8054906342651008,1.7705325451462706,3.1207546125143675,1.9125763228699817,n.d.,0.5893395154227551,0.45,0.43605087819609545,0.5,0.7749790400408783,0.37727272727272754,0.25,0.7,2.0,0.6666666666666666,0.05514705882352941,0.5073529411764707,0.11891891891891894
S3,0,W00_C2,EVAE,14.821904701133652,15.246350070087807,8.036372248375214,n.d.,6.332536652778965,13.3459286684748,7.020430969715633,0.09999999999999998,7.328267614925459,3.276925230371626,0.2272727272727273,n.d.,n.d.,0.13181818181818183,2.5262266487940623,3.8721679450990805,0.05000000000000002,0.09090909090909091,0.30000000000000004,1.3924938892021053,0.30617492707588456,2.8667788347950838,2.60753882222923,1.3484046181985199,n.d.,2.54909647250747,0.5,0.3890093484796108,0.6666666666666666,1.833628990217378,0.13333333333333325,0.25,0.7,1.0,0.3333333333333333,0.05514705882352941,0.3653846153846154,0.08468468468468474
S3,0,W00_C2,KDE-cl,16.063834149898895,11.437527991875573,9.262141529482797,n.d.,n.d.,8.087148519056347,6.4404945239314735,0.0727272727272727,8.634226952250314,3.298636874776723,0.2272727272727273,n.d.,n.d.,0.22272727272727272,n.d.,n.d.,0.05909090909090908,0.009090909090909094,0.2954545454545454,1.1364024721236985,0.5122382184447996,2.4113172655618436,2.412611276241366,2.011741390684814,n.d.,n.d.,0.45,0.4057002545057298,0.3333333333333333,0.7342784739285513,0.2863636363636366,0.25,0.7,2.0,0.6666666666666666,0.05882352941176471,0.5490196078431373,0.11081081081081084
S3,0,W01_C1,ADFNE-cl,21.557864998383636,n.d.,6.94508378919887,6.3329483880149535,n.d.,n.d.,n.d.,0.1948051948051948,5.9586408287010055,2.5141061523934236,0.012987012987012991,4.49748121981666,1.9251395078094942,0.3311688311688311,n.d.,n.d.,0.14285714285714285,0.019480519480519487,0.35064935064935066,3.6507115535235313,3.7374786501281236,3.3245003113744955,n.d.,2.6174058850638526,6.187987806558296,n.d.,0.2727272727272727,0.2558295666255649,n.d.,1.5095604994508043,0.3449675324675325,3.0,0.3333333333333333,0.5,n.d.,0.11513157894736842,1.1686956521739131,0.25
S3,0,W01_C1,EVAE,19.403700391658298,n.d.,6.408758588912412,4.383037696135803,n.d.,n.d.,n.d.,0.06934731934731934,4.607836461902248,2.561108441751884,0.06060606060606061,1.9541332028102796,2.834121081097498,0.2121212121212121,n.d.,n.d.,0.17424242424242425,0.05194805194805194,0.3538961038961039,2.432795369623549,2.9439858470711897,3.0597935983804914,n.d.,2.147064864933005,5.599669373527734,n.d.,0.22727272727272727,0.18594014796519834,n.d.,0.6820089528213561,0.08062770562770563,1.0,0.3333333333333333,0.3333333333333333,n.d.,0.06066176470588235,0.8,0.17914438502673796
S3,0,W01_C1,KDE-cl,21.506538361396164,n.d.,6.97502472924209,4.688108580321827,n.d.,n.d.,n.d.,0.1948051948051948,6.55189616103052,2.4129190788514134,0.012987012987012991,3.443587007428193,1.5179985106653482,0.3311688311688311,n.d.,n.d.,0.14285714285714285,0.019480519480519487,0.35064935064935054,3.0178748166772307,2.746427947832919,3.7197123652482675,n.d.,2.2678610852871115,6.259012358005132,n.d.,0.2727272727272727,0.1795413623632302,n.d.,1.65531143151156,0.48782467532467527,3.0,0.3333333333333333,0.5,n.d.,0.12521739130434784,1.3866666666666667,0.29330943847072877
S3,0,W01_C2,ADFNE-cl,12.977690282251753,n.d.,5.134645047780036,5.032671967418476,6.6060677534044165,n.d.,n.d.,0.2857142857142857,4.752594103272788,1.8003800557470715,0.11428571428571432,4.364258046472281,1.9078531506057237,0.014285714285714263,5.552705800898865,3.3207102081423963,0.15714285714285714,0.02857142857142858,0.36428571428571427,1.8421663227755158,0.6331466995295154,4.912510979260569,n.d.,1.881702976847108,2.294499284925506,8.373031948915589,0.4,0.17165233876924962,n.d.,1.480324527165234,0.26428571428571435,n.d.,0.0,0.5,0.3333333333333333,0.05880713489409142,0.7753623188405798,0.17294871794871794
S3,0,W01_C2,EVAE,12.42527493628411,n.d.,4.830876695154046,5.579012699026016,5.985734983007128,n.d.,n.d.,0.2582417582417582,2.805820563015761,3.0026072528263814,0.15000000000000002,3.071857996892146,2.611151629203558,0.07922077922077919,6.036598983416581,2.140922946963543,0.13974358974358975,0.1,0.3384615384615385,1.5720708356280424,0.35620641883641835,5.263127277195179,n.d.,2.0022968541456323,2.381716276880007,6.262509098621216,0.3,0.15403021377170245,n.d.,0.6692319501423288,0.12973484848484848,n.d.,0.25,0.75,0.3333333333333333,0.04076086956521739,0.3832442067736186,0.08712121212121211
S3,0,W01_C2,KDE-cl,12.823219646774273,n.d.,4.799365896317285,4.783987731664807,6.770728546664823,n.d.,n.d.,0.2857142857142857,3.5625907153984695,2.472223347354851,0.11428571428571432,3.8174250548906237,2.2392481135449582,0.014285714285714263,5.517346732616334,3.5280876473260907,0.15714285714285714,0.02857142857142858,0.3,2.1758191981866,0.8386634111067526,5.572106188692558,n.d.,2.1780599851871685,3.1442134240259225,8.08297645827118,0.4,0.14300880395043652,n.d.,1.713745256931574,0.40714285714285714,n.d.,0.0,0.5,0.3333333333333333,0.04166666666666667,0.9220512820512822,0.18995859213250516
S3,0,W02_C1,ADFNE-cl,17.46900180621161,7.547386993541396,6.442193331387493,n.d.,5.72801750618031,4.312038321917238,5.320963261826925,0.2142857142857143,3.195679495551661,6.2688046130684345,0.14285714285714285,n.d.,n.d.,0.14285714285714285,5.124445177046486,2.6917426846584105,0.07142857142857142,0.0,0.2857142857142857,4.413765876945337,5.6067528480138416,5.111560543820008,5.332351034673956,3.247162645336423,n.d.,4.797911249383501,0.0,0.4251537380116637,0.4,0.6447757127199034,0.2857142857142857,0.42857142857142855,1.0,2.0,0.3333333333333333,0.10692640692640694,0.8266666666666667,0.14074074074074072
S3,0,W02_C1,EVAE,20.454739863628703,9.734384352778175,7.256260934480632,n.d.,6.290840550102816,7.7329990656966,6.125230485657851,0.22380952380952382,3.1677184504620137,6.14547991191049,0.13636363636363635,n.d.,n.d.,0.17857142857142858,5.375693818847124,2.5206756231743865,0.07142857142857142,0.06666666666666667,0.33484848484848484,3.731178214331209,5.138723455979806,4.521498177220549,3.4505444467643684,4.110762795266142,n.d.,3.798396138539069,0.0,0.3815554673326526,0.6,1.5201060460146354,0.18138111888111885,0.42857142857142855,1.0,2.0,0.3333333333333333,0.1321266968325792,1.4365914786967418,0.24161490683229814
S3,0,W02_C1,KDE-cl,17.5557296638873,8.719876001083744,6.138717659595857,n.d.,6.883947655031923,4.749998851675768,5.538808432832994,0.2142857142857143,3.6931803179913136,6.5331868133862505,0.14285714285714285,n.d.,n.d.,0.14285714285714285,6.893714653292262,2.8784586582511373,0.07142857142857142,0.0,0.2857142857142857,3.822463476956398,5.030318157908101,3.9268855379058296,4.819299183454091,3.210090389514977,n.d.,4.89697097668491,0.0,0.35574306083192764,0.6,0.7090443499081549,0.2857142857142857,0.42857142857142855,1.0,2.0,0.3333333333333333,0.057744107744107764,0.5833333333333333,0.08756952169076754
S3,0,W02_C2,ADFNE-cl,9.82725430070132,5.84337581739373,8.545026953230607,5.096886826588312,n.d.,4.019436487620394,2.478033881931702,0.01428571428571429,3.140079716933948,7.94438812968213,0.2142857142857143,3.4261686392620265,2.8785673930551323,0.014285714285714263,n.d.,n.d.,0.14285714285714285,0.07142857142857142,0.22857142857142854,4.9255389139500165,6.0147164696961415,6.853119332565831,4.620573852876577,6.112563530030514,5.557576933748992,n.d.,0.4,0.2872833060465269,0.4,0.8642911731247191,0.20714285714285707,0.3333333333333333,0.2,0.5,n.d.,0.12771739130434784,1.1004273504273505,0.24389499389499386
S3,0,W02_C2,EVAE,11.669815841917297,6.591288343177259,8.243344502494006,5.311143021628697,n.d.,2.1534867903501533,4.1379791811052415,0.053571428571428575,3.8381253636321615,7.544107778899529,0.2512820512820513,3.1214407257098182,3.2434682737276717,0.08571428571428569,n.d.,n.d.,0.1380952380952381,0.07142857142857142,0.31666666666666665,3.9140134355773992,5.243518940038875,5.862008991647494,3.4428490630687962,6.1152568508342675,4.0199359908552506,n.d.,0.4,0.19813150781738265,0.6,1.512501651356104,0.3354166666666667,0.3333333333333333,0.30000000000000004,0.5,n.d.,0.05131578947368421,1.6365079365079365,0.26406926406926406
S3,0,W02_C2,KDE-cl,9.457109042403403,6.422243124271894,7.39180293434932,5.462056996456301,n.d.,3.599231205268488,2.7008121719491847,0.01428571428571429,3.6490154674584496,6.458354039107089,0.2142857142857143,2.5518980341338073,2.2923816411373794,0.014285714285714263,n.d.,n.d.,0.14285714285714285,0.07142857142857142,0.22857142857142854,4.184148774275878,4.808846583011727,6.31045845895209,4.208513192555797,5.303306828078517,4.887101197122192,n.d.,0.4,0.1801876804550293,0.4,0.7943027331588165,0.21428571428571425,0.3333333333333333,0.2,0.5,n.d.,0.13043478260869565,0.774949494949495,0.17549261083743842
S3,0,W03_C1,ADFNE-cl,11.978184808570113,5.6336514478886555,6.761774946540394,8.188049232919775,n.d.,3.429356602363102,3.1226362480692718,0.0357142857142857,2.074718115167805,6.054473911153386,0.2767857142857143,7.87317372950063,2.5069897036358153,0.08928571428571427,n.d.,n.d.,0.14285714285714285,0.008928571428571425,0.2767857142857143,1.8683219687625647,3.0148585259682275,2.1406330514348975,2.574005838318164,2.8806959184847454,2.7716692622653896,n.d.,0.125,0.17049623923313945,4.0,0.8484282660372855,0.1607142857142857,0.0,0.5555555555555556,0.5,n.d.,0.08810068649885583,0.47619047619047616,0.1344680223990569
S3,0,W03_C1,EVAE,12.973461945823601,6.765720848873919,7.341467462905947,6.559119040430616,n.d.,5.4968148738023235,2.573072478582464,0.1103896103896104,6.136760040423387,5.093479479749234,0.30113636363636365,5.162654959515456,2.648381965291233,0.125,n.d.,n.d.,0.13333333333333333,0.0625,0.3482142857142857,1.57540619981977,2.930817601270315,0.9444152201912648,1.9386762710837844,3.402713720812733,3.096485843883144,n.d.,0.125,0.22348059752805746,1.0,1.4797435191559214,0.4464285714285714,0.25,0.6666666666666666,0.5,n.d.,0.11397058823529413,0.36666666666666664,0.12012987012987011
S3,0,W03_C1,KDE-cl,11.090630439329802,5.816233287260571,5.975548218923806,5.762881321482974,n.d.,3.940701163314277,2.0673826857846045,0.0357142857142857,2.4003440520602375,3.9325146545081107,0.2767857142857143,4.890823712000251,2.548591489803682,0.08928571428571427,n.d.,n.d.,0.14285714285714285,0.008928571428571425,0.2767857142857143,1.8352398250906288,2.349196137037274,1.9664319292095178,2.696176555767655,2.553290462761737,2.7755069642003947,n.d.,0.125,0.15608506321470683,4.0,0.8814766295817562,0.2678571428571428,0.0,0.5555555555555556,0.5,n.d.,0.0623076923076923,0.536096256684492,0.1448717948717949
S3,0,W03_C2,ADFNE-cl,9.017835847515666,6.919469638921884,4.7890084212984325,10.597399226885031,n.d.,3.7014254200185777,5.644744897866625,0.1031746031746032,2.7221245852421347,2.8686667414676363,0.047619047619047616,10.661533880901796,3.1952052324064057,0.007936507936507936,n.d.,n.d.,0.14285714285714285,0.015873015873015872,0.17063492063492064,1.4258530703385994,0.8976251650552952,1.765363353449605,2.476020205955461,3.7170438812552797,1.881746301079632,n.d.,0.2222222222222222,0.32364411942188587,1.0,0.9594240161711052,0.21428571428571425,0.42857142857142855,0.3333333333333333,0.25,n.d.,0.09090909090909091,0.7418181818181818,0.1474358974358974
S3,0,W03_C2,EVAE,10.153336373475046,6.700584206982216,5.635550641269117,8.151980900189464,n.d.,6.112301057154864,3.1271052746186685,0.03968253968253965,3.545361158814673,2.6820757245815123,0.08333333333333334,8.10944134297287,2.1118236385475493,0.07387057387057386,n.d.,n.d.,0.14285714285714285,0.05555555555555555,0.2261904761904762,1.017521754493967,0.48161999829631763,1.6959478105237529,2.5252209464238065,3.9079130851060624,1.4494527889545687,n.d.,0.2222222222222222,0.2948874294229753,0.0,1.1518920948916938,0.21031746031746024,0.3571428571428571,0.3333333333333333,0.25,n.d.,0.054093567251461985,0.25215311004784685,0.07333333333333333
S3,0,W03_C2,KDE-cl,8.825403129295992,7.309772168346335,6.285618758850214,7.042569131649695,n.d.,3.6364692944625308,2.7622274369510844,0.1031746031746032,5.468593725698204,3.461752314046668,0.047619047619047616,7.001516632791734,1.9086980432986742,0.007936507936507936,n.d.,n.d.,0.14285714285714285,0.015873015873015872,0.15873015873015875,1.6358375854736553,0.47319670876106085,2.970477632779909,1.9608823128033728,3.899581334979283,1.8495587013843489,n.d.,0.2222222222222222,0.37167542198083026,0.75,1.03172127041088,0.21825396825396826,0.42857142857142855,0.3333333333333333,0.25,n.d.,0.1176923076923077,0.658102766798419,0.14316239316239315
S3,0,W04_C1,ADFNE-cl,16.110865518521955,6.0963963499242455,8.13987593528444,n.d.,7.971794547817779,4.278469160984135,2.94913972617465,0.14285714285714285,8.102335278968539,1.3070273152054757,0.14285714285714285,n.d.,n.d.,0.21428571428571427,7.971794547817779,4.26877115145124,0.0,0.07142857142857142,0.2857142857142857,2.0437154784200957,1.702229988257578,1.4624739357636618,4.220799377766209,3.2633461051733192,n.d.,2.0936304844624476,0.0,0.23506807392850554,n.d.,0.7495267894307391,0.2142857142857143,0.3333333333333333,0.3333333333333333,n.d.,0.0,0.06986842105263158,1.1214894944872063,0.22714509599059682
S3,0,W04_C1,EVAE,14.517104511136147,6.2804796197127075,6.585937164035804,n.d.,5.7342541945517445,3.7839668792903476,2.6580355787234033,0.06818181818181815,6.567540697313883,2.384060658832394,0.19780219780219777,n.d.,n.d.,0.21428571428571427,5.634912582335563,2.1812193900389127,0.06593406593406592,0.03333333333333333,0.2857142857142857,1.7490330895866895,1.8620711255926374,1.2164398478448062,2.503504419154229,3.2016335708445007,n.d.,2.1578308822042813,0.0,0.2394892526405969,n.d.,1.1149219430433026,0.18138111888111885,0.16666666666666666,0.5,n.d.,0.5,0.05,0.5270302452964992,0.12228560912771436
S3,0,W04_C1,KDE-cl,16.194544744933722,6.23233642469325,7.83200932750209,n.d.,7.346821213222421,5.596439604368134,2.3845733961656537,0.14285714285714285,7.506781685673264,2.076732073075996,0.14285714285714285,n.d.,n.d.,0.21428571428571427,7.346821213222421,2.157846777147759,0.0,0.07142857142857142,0.2857142857142857,2.0800609049848715,1.6197870475167286,2.1455614099433475,3.820876758313279,2.5675425015620306,n.d.,1.5109021880953868,0.0,0.2704904820484881,n.d.,0.7617277234911752,0.2142857142857143,0.3333333333333333,0.3333333333333333,n.d.,0.0,0.05263157894736842,1.0345329727480759,0.2060303087467773
S3,0,W04_C2,ADFNE-cl,11.479533735823654,6.004491879042288,6.800768394218998,7.469624289131138,n.d.,3.827930466553924,2.2048791199689095,0.2142857142857143,4.168128170502129,5.1314475386221705,0.0,4.492583869877085,4.9519510910208275,0.07142857142857142,n.d.,n.d.,0.07142857142857142,0.07142857142857142,0.21428571428571425,3.347095483700042,2.71118653463836,5.2736217501151,5.411070067525054,1.2894777325808162,6.780661412954738,n.d.,0.0,0.3905684647559359,0.3333333333333333,0.646210777574572,0.2857142857142857,0.42857142857142855,0.0,0.5,1.0,0.10902255639097744,1.3880952380952383,0.19999999999999998
S3,0,W04_C2,EVAE,11.30675481798078,5.667024681435864,5.8388315015640035,6.861925759999405,n.d.,3.4863974819362724,2.7683284266952946,0.14285714285714285,4.122065895014416,2.7978501335763672,0.06318681318681317,3.549701955570997,5.624498431390776,0.07142857142857142,n.d.,n.d.,0.07142857142857142,0.03333333333333333,0.21428571428571425,2.5305488548685613,2.260157256065659,5.409168426185017,3.9047846171204745,1.7875962046659803,6.5533055186258355,n.d.,0.0,0.3227506639603651,0.6666666666666666,1.544512749297522,0.6625,0.2857142857142857,0.25,0.5,1.0,0.1615079365079365,1.8599661208356864,0.2899999999999999
S3,0,W04_C2,KDE-cl,11.458733579759446,5.469397185521743,6.023166076399732,7.449584436248028,n.d.,3.3209154195275943,2.5948765310340463,0.2142857142857143,3.6361742618587796,4.306894641178666,0.0,5.987549903817676,4.907411531250627,0.07142857142857142,n.d.,n.d.,0.07142857142857142,0.07142857142857142,0.21428571428571425,3.1371259395660505,2.131608016789654,5.798105849638937,4.365165851066684,1.7907561380816484,7.066993625968599,n.d.,0.0,0.32894066619676177,0.3333333333333333,0.6949700505906804,0.4285714285714286,0.42857142857142855,0.0,0.5,1.0,0.09643674403399803,1.0402930402930406,0.16008403361344536
S3,0,W05_C1,ADFNE-cl,19.53050530768295,5.405350870889455,6.432991240789143,7.277993138347264,4.1696472595985865,3.936158473344456,3.2084737096377167,0.2142857142857143,3.312220265272554,2.1939222132073692,0.1746031746031746,7.2231761714494,3.88050230078376,0.10317460317460317,3.7793226973923217,0.9376223191917417,0.07936507936507936,0.015873015873015872,0.2936507936507936,2.6531641256521508,2.307742049567474,2.830477075766882,4.471514166922553,1.7553530304816052,4.257854389134896,1.645851623345778,0.2222222222222222,0.48293960963160876,0.6666666666666666,0.7742909639370825,0.35714285714285715,0.5555555555555556,1.0,0.5,0.5,0.04807692307692307,0.3589743589743589,0.08395368072787429
S3,0,W05_C1,EVAE,17.137730699393355,5.194043795056138,5.7404871381332185,8.041343973650253,7.228665358165852,2.3285097208579253,1.966500870134361,0.14285714285714285,3.4976703170535712,1.4862373193500913,0.15025252525252525,8.000559491500907,2.7413755903008603,0.0735479797979798,6.45045800465792,4.680740802710576,0.07936507936507936,0.05555555555555555,0.26686507936507936,2.00238159470709,1.8246967520401574,1.695849392862221,3.1396701072164497,1.6342159088382537,3.4360856708403893,2.0381801922284786,0.2222222222222222,0.41344774623615804,0.5,1.3471160891261522,0.3243055555555555,0.4444444444444444,0.5,0.5,0.5,0.05754475703324808,0.40153452685422,0.07977207977207978
S3,0,W05_C1,KDE-cl,19.042009924657837,6.473708698340525,5.8747451872131355,7.9944963666669455,3.1829367419635166,6.022355701709819,2.2591749544815527,0.2142857142857143,3.7596847400417137,1.9724762249791064,0.1746031746031746,7.788332511533387,3.450474986467264,0.10317460317460317,2.698018845280761,1.3118712554392142,0.07936507936507936,0.015873015873015872,0.2936507936507936,2.363449640108394,1.9968240899263061,2.4323810240321446,4.074786668475474,1.5838166682593,3.916078280549916,2.165476592335812,0.2222222222222222,0.4584830539522322,0.6666666666666666,0.7302316237143671,0.21825396825396826,0.5555555555555556,1.0,0.5,0.5,0.08242753623188406,0.5692307692307693,0.11764705882352941
S3,0,W05_C2,ADFNE-cl,18.64346996751081,7.500696417540632,7.32786079947035,5.187756699423202,n.d.,7.230686387171591,2.776935631499229,0.3142857142857143,5.513640777171492,4.810236205402639,0.0357142857142857,2.6634778327543227,2.784615283229625,0.11428571428571427,n.d.,n.d.,0.14285714285714285,0.021428571428571422,0.3142857142857143,1.5276505612207139,1.257448530262319,1.7183745632979508,2.661985833072931,5.182899967755638,3.985460163721557,n.d.,0.3,0.38827317632953406,1.0,0.8055685081915911,0.15357142857142858,0.6666666666666666,0.2,0.5,n.d.,0.10025062656641603,0.8437528604118993,0.18302737520128826
S3,0,W05_C2,EVAE,15.263819327431715,6.7677740305268905,6.228135923385629,4.923657643278869,n.d.,5.999193030418022,2.4437255556040087,0.20769230769230765,4.823618513070471,2.1769686458774196,0.035714285714285726,2.5672326476739737,3.196257359121997,0.1,n.d.,n.d.,0.125,0.05,0.26428571428571423,1.1903346740892475,0.8922402201377797,0.9620596170425411,2.410607616349807,6.155039174052369,4.376425289181436,n.d.,0.3,0.3530503990613476,0.5,1.3831377941003362,0.38749999999999996,0.5,0.2,0.5,n.d.,0.08893280632411067,0.40349666436622955,0.10646464646464646
S3,0,W05_C2,KDE-cl,18.524072049657185,8.226809475735163,6.259441373819095,5.874502757088983,n.d.,6.809604577551831,2.5668267860956426,0.3142857142857143,3.1028884564202124,3.408723847418523,0.0357142857142857,4.689006686743613,2.4307103567021144,0.11428571428571427,n.d.,n.d.,0.14285714285714285,0.021428571428571422,0.3142857142857143,1.6746058762657454,0.6772292623329507,1.945076967917712,1.6436659260151671,5.379193185392285,4.253961953732382,n.d.,0.3,0.35932514202627597,1.5,0.6175703308078626,0.13214285714285712,0.6666666666666666,0.2,0.5,n.d.,0.13636363636363635,1.0921739130434782,0.22517241379310346
S3,0,W06_C1,ADFNE-cl,16.41552201118985,6.250332690289895,8.231010526043107,n.d.,4.270192556355251,4.5321733720122195,3.2700635168646683,0.17261904761904762,5.202723494385494,6.222651874593639,0.047619047619047616,n.d.,n.d.,0.17261904761904762,3.2251440213458604,3.0526874503641053,0.01785714285714285,0.02976190476190476,0.23511904761904764,1.4193468461974617,1.0973573217382826,1.9595200844836969,2.9434383533285198,1.8595160345723754,n.d.,2.467590930965515,0.4166666666666667,0.43748226269257245,0.5,0.7800285272931945,0.2857142857142857,0.6363636363636364,0.5,2.0,0.3333333333333333,0.062185502515979874,0.6873706004140787,0.14713088330109608
S3,0,W06_C1,EVAE,12.162024407214856,6.284754210434209,5.395324424012688,n.d.,5.066978363217312,5.361382503037054,1.2063099242246471,0.09469696969696967,4.220743649856636,3.8401075112501237,0.07196969696969696,n.d.,n.d.,0.1563852813852814,2.3681488897747496,3.2195848165814196,0.04807692307692307,0.041666666666666664,0.20238095238095238,1.1534802932023347,1.0292605461201705,1.5141081003529218,2.7664794396476817,1.5886071706313096,n.d.,2.3971115525355886,0.4375,0.49555824851722363,0.5,1.9469229209256338,0.2541666666666667,0.5454545454545454,0.625,1.5,0.6666666666666666,0.04961240310077519,0.3038759689922481,0.07711027673480741
S3,0,W06_C1,KDE-cl,15.104125161371362,5.379723787247425,8.719880255700366,n.d.,5.417047713326679,2.6646416679441973,2.174107972293311,0.17261904761904762,6.923443197653741,4.352775212572201,0.047619047619047616,n.d.,n.d.,0.17261904761904762,4.54596309957951,3.059190541208263,0.01785714285714285,0.02976190476190476,0.22023809523809523,1.207589907826779,0.6122153976939365,1.4116205913204982,2.6134533270390543,1.5251955427971913,n.d.,2.452538576707319,0.4166666666666667,0.4250804880068411,0.5,0.6836098212409514,0.29166666666666663,0.6363636363636364,0.5,2.0,0.3333333333333333,0.0496248203927412,0.7453993933265926,0.14666666666666667
S3,0,W06_C2,ADFNE-cl,12.313867232423231,5.835920591031323,5.658979733923676,7.372146037528109,n.d.,2.2312213805361236,3.6155710208643,0.23809523809523814,3.830695305658509,4.233725188748692,0.047619047619047616,6.020618692792629,4.079766366935879,0.11904761904761904,n.d.,n.d.,0.14285714285714285,0.023809523809523808,0.28571428571428575,1.364519618232468,0.7722713934427577,2.557507021781115,2.296182844312293,1.5313669979577698,2.2030533934359102,n.d.,0.3333333333333333,0.3332772360589078,1.0,0.6726349032248031,0.4136904761904762,0.6363636363636364,0.42857142857142855,0.5,n.d.,0.0625,0.7533333333333334,0.16113799825233582
S3,0,W06_C2,EVAE,11.088758468096763,5.554559772781586,6.238344064318358,6.22225414942635,n.d.,3.859333729791628,3.2790803723160313,0.15293040293040294,5.210128521347641,2.1259661858044048,0.047619047619047616,5.009980638600955,1.5766948938089502,0.0670995670995671,n.d.,n.d.,0.14285714285714285,0.047619047619047616,0.24761904761904763,1.2672989364446527,0.7235871242541891,2.734375803095437,2.1185834240321095,1.4646870433622468,1.858376548931921,n.d.,0.3333333333333333,0.2922857435676147,0.6666666666666666,1.2766628612400588,0.0982142857142857,0.5454545454545454,0.42857142857142855,0.5,n.d.,0.05833333333333334,0.41428571428571426,0.0961472308221534
S3,0,W06_C2,KDE-cl,12.391926767404037,6.7142515132115275,5.489140595834406,7.5114081882172155,n.d.,5.236384245298188,2.2340226469794926,0.23809523809523814,3.770926758252463,2.6049273505184614,0.047619047619047616,3.4959217705744328,6.438864377666913,0.11904761904761904,n.d.,n.d.,0.14285714285714285,0.023809523809523808,0.28571428571428575,1.2160380069911927,0.6559232090485029,2.1706320325956407,1.8622546554087647,1.516277971007373,2.37520154207865,n.d.,0.3333333333333333,0.2397554708152817,0.8333333333333333,0.5779737278981721,0.34226190476190477,0.6363636363636364,0.42857142857142855,0.5,n.d.,0.05454545454545455,0.7070707070707072,0.1606858054226475
S3,1,W00_C3,ADFNE-cl,15.374984257316614,12.830176929006127,5.6505272665846995,6.277341136070637,n.d.,12.63843800744701,4.5797183199553295,0.1515151515151515,4.605739098358082,2.6993368365996946,0.022727272727272707,5.691590572196203,3.3052486300970436,0.11363636363636365,n.d.,n.d.,0.08333333333333333,0.0984848484848485,0.23484848484848483,2.020780579185717,1.4595484670774823,3.797417144178896,3.552202263817402,1.2949275691278466,2.371086113796076,n.d.,0.09090909090909091,0.14279961563737925,2.0,1.0995660974521193,0.037878787878787734,1.0,0.0,0.25,n.d.,0.07692307692307693,0.8929971988795519,0.1875
S3,1,W00_C3,EVAE,24.42247904926124,13.524156188588108,7.173236572418757,7.064590421215043,n.d.,11.616582260645247,7.359828142057612,0.2181818181818182,4.192634028587642,4.171670138871128,0.06060606060606061,7.110313836708294,3.1350411734740202,0.25252525252525254,n.d.,n.d.,0.1111111111111111,0.18181818181818182,0.4151515151515151,1.7568052273883206,0.6508756969753743,2.4632931501318067,3.89789321494892,1.4754056980965524,2.692723943041578,n.d.,0.18181818181818182,0.1993991134555226,1.0,1.1226606700081745,0.25635198135198145,1.5,0.3333333333333333,0.75,n.d.,0.09545454545454546,0.7333333333333334,0.14692982456140352
S3,1,W00_C3,KDE-cl,15.119484693864578,10.863752654067637,6.868501099750848,8.540816577759578,n.d.,9.638578799349062,7.17831318992508,0.1515151515151515,4.2288995387622315,4.840244989462214,0.022727272727272707,6.858530833575433,3.576666505758426,0.11363636363636365,n.d.,n.d.,0.08333333333333333,0.0984848484848485,0.23484848484848483,2.0523556422796463,0.7718879149235552,3.5931406542419237,4.443006036449011,2.117530302762144,2.2858893765360064,n.d.,0.09090909090909091,0.1676222543269598,2.0,1.0193909605075424,0.20454545454545447,1.0,0.0,0.25,n.d.,0.10263157894736842,0.7596491228070176,0.16224747474747475
S3,1,W00_C4,ADFNE-cl,21.274500523536737,12.051025413787855,7.101566692528758,7.02429621560181,n.d.,12.027466520720612,2.8230116147812483,0.06666666666666665,5.350065945349233,3.363627537170425,0.11666666666666667,6.806919072923578,2.429749103265639,0.21666666666666667,n.d.,n.d.,0.08333333333333333,0.05,0.275,1.5156849408631883,1.00660576200816,2.4200447160410326,4.49310612248621,2.6751753155564337,2.1852285781860834,n.d.,0.2,0.3412876483209938,0.5,0.7467132941525412,0.25,0.0,0.5,0.5714285714285714,n.d.,0.05982905982905984,0.47773279352226716,0.1111111111111111
S3,1,W00_C4,EVAE,27.62235434689112,12.836933453302585,8.123697398029599,13.732352544933072,n.d.,12.41462851480188,4.978304691604,0.13333333333333336,8.06526694348431,3.3006965031419586,0.13333333333333333,13.750604212127044,3.2497984568405105,0.26666666666666666,n.d.,n.d.,0.1111111111111111,0.13333333333333333,0.4,1.185874176968416,0.8862137661551522,0.9654869673473793,4.213145101805645,2.3052366715824517,1.7197638349587132,n.d.,0.26666666666666666,0.28048038071788184,0.5,1.6098637334010522,0.1717948717948718,0.375,0.5,0.7142857142857143,n.d.,0.05208333333333333,0.2833333333333333,0.10064935064935063
S3,1,W00_C4,KDE-cl,20.678345212475282,12.523821796200627,8.247940888147587,9.127959423144869,n.d.,12.563105508049333,3.510420364937878,0.06666666666666665,5.918860907429763,3.4076222160712963,0.11666666666666667,9.129512683861309,1.9961259469264112,0.21666666666666667,n.d.,n.d.,0.08333333333333333,0.05,0.26666666666666666,1.412935743204009,1.0411096940226456,1.9468167707153061,4.3223952177422404,2.523175287149705,1.5270516550668372,n.d.,0.2,0.24392804414514768,1.0,0.8280263789388252,0.2833333333333333,0.0,0.5,0.5714285714285714,n.d.,0.06538461538461539,0.4921328671328671,0.12116402116402114
S3,1,W01_C3,ADFNE-cl,9.998895839504005,10.345173187812367,5.987720016742098,7.321824026435757,n.d.,10.200979553723048,3.8752672946533204,0.041666666666666685,3.682011120382112,1.5329409728724035,0.016666666666666663,3.077589917779137,6.348723701954088,0.04999999999999999,n.d.,n.d.,0.13333333333333333,0.058333333333333334,0.15833333333333333,3.4765250962023995,2.037369111226576,6.322471785155508,2.946399651152297,12.062270618767132,1.9810740078032523,n.d.,0.875,0.1546941806677888,1.25,2.9907940896543863,0.4291666666666667,0.6666666666666666,1.0,0.5,n.d.,0.1392914653784219,0.5010351966873705,0.14550264550264552
S3,1,W01_C3,EVAE,14.176468223987172,11.52281409105385,5.155444496704893,5.3167131360847995,n.d.,11.062174151805184,4.882022876786677,0.08653846153846156,4.161336811430144,1.9155551803070239,0.08333333333333333,1.7585368228582525,4.469427749077546,0.09615384615384615,n.d.,n.d.,0.09090909090909091,0.125,0.27884615384615385,2.9946913725699154,1.3361519259844201,7.183747700276436,2.777889055672479,12.043579003057106,1.4155332798298939,n.d.,0.625,0.11807476936871208,0.5,1.536857056617891,0.15196488294314384,0.6666666666666666,0.75,0.5,n.d.,0.05718954248366013,0.48470588235294115,0.13541666666666669
S3,1,W01_C3,KDE-cl,10.552067066939996,10.886480179746705,6.321036872224875,5.349174392345015,n.d.,9.785078194268603,4.347791201711733,0.041666666666666685,4.917533414453096,2.459253495255048,0.016666666666666663,2.5998136471700866,4.630002254382962,0.04999999999999999,n.d.,n.d.,0.13333333333333333,0.058333333333333334,0.15,3.281119238412081,1.4980250239839699,6.11239739368701,2.868141105250731,11.188141122603998,1.9107504889769737,n.d.,0.875,0.2214915409700809,2.25,3.097499099271385,0.36250000000000004,0.6666666666666666,1.0,0.5,n.d.,0.12771739130434784,0.41230769230769226,0.13118279569892474
S3,1,W01_C4,ADFNE-cl,21.625051787781516,n.d.,6.199195454017554,n.d.,n.d.,n.d.,n.d.,0.20833333333333331,3.8312685493868837,2.5098451425541417,0.35833333333333334,n.d.,n.d.,0.07500000000000001,n.d.,n.d.,0.008333333333333331,0.06666666666666667,0.3583333333333333,2.4525538670928144,2.7036209413471477,2.1004830343014187,n.d.,1.852987405421349,n.d.,n.d.,0.875,0.40160606341549343,n.d.,3.0341483168363412,0.24583333333333335,4.0,0.2,2.0,1.0,0.1176923076923077,1.4891774891774892,0.2967032967032967
S3,1,W01_C4,EVAE,22.746118475145835,n.d.,8.117193400473703,n.d.,n.d.,n.d.,n.d.,0.2548076923076923,7.240633686470788,3.5998074900777475,0.3942307692307692,n.d.,n.d.,0.125,n.d.,n.d.,0.050824175824175824,0.0,0.4423076923076924,2.263034356853138,2.4143716495758394,1.843306427211635,n.d.,1.9842526146203543,n.d.,n.d.,0.625,0.2937005980010369,n.d.,1.6017835775458082,0.35714285714285715,4.0,0.4,2.0,1.0,0.10818713450292397,0.9251336898395721,0.20526315789473681
S3,1,W01_C4,KDE-cl,23.24506446802831,n.d.,6.957969247949207,n.d.,n.d.,n.d.,n.d.,0.20833333333333331,5.776830990339267,2.0484659258609703,0.35833333333333334,n.d.,n.d.,0.07500000000000001,n.d.,n.d.,0.008333333333333331,0.06666666666666667,0.3583333333333333,2.0531746317688784,2.1185575523217386,1.7713528366829923,n.d.,1.7191596641540183,n.d.,n.d.,0.875,0.4210737300255089,n.d.,3.3151995311479228,0.24583333333333335,4.0,0.2,2.0,1.0,0.12077294685990338,1.2173913043478262,0.26296296296296295
S3,1,W02_C3,ADFNE-cl,12.2282101748661,22.198753365555085,5.778996551420145,6.199038549648464,3.1662152480847765,22.295874348253548,9.366751146177602,0.16666666666666666,3.019951229899576,3.3797885263157346,0.016666666666666663,3.668553299774229,2.139935214581758,0.04999999999999999,2.13393136320496,2.0613006397570093,0.11666666666666667,0.016666666666666663,0.18333333333333332,2.1671320635981575,1.3068429172058424,1.1177282128833321,2.853231570248143,4.726736607213013,6.725261459074286,2.2348247903028637,0.25,0.12906861215015517,n.d.,1.049256557362118,0.44583333333333336,1.5,0.3333333333333333,0.0,0.3333333333333333,0.0748792270531401,0.8709454796411318,0.19013409961685823
S3,1,W02_C3,EVAE,14.255354572941718,21.66372550523476,6.462472822243056,6.491374702926259,3.515402240327657,21.51229097687716,10.25146035731476,0.15625,2.970665858973397,2.163979733062657,0.06534090909090909,4.963362386822125,1.9481030982658574,0.08333333333333333,2.571181275475938,1.7476892680887814,0.16666666666666669,0.07692307692307693,0.27083333333333337,1.5606118527620765,0.5835248529911043,1.2580364513748106,4.374388680592356,5.873468399213994,5.773691836526459,2.115093604563941,0.08333333333333333,0.1494653248029949,n.d.,0.5462485026984857,0.08541666666666667,1.0,0.3333333333333333,0.3333333333333333,0.6666666666666666,0.05555555555555555,0.6483660130718955,0.1402173913043478
S3,1,W02_C3,KDE-cl,11.810464736614717,21.09057099344505,5.41698331001785,5.779740072138267,3.7438453384676427,21.131574632575315,9.427815869284068,0.16666666666666666,3.7224555707213884,2.529038614838466,0.016666666666666663,3.63293135419077,1.7193881789007532,0.04999999999999999,2.879675061735812,2.0041615248466877,0.11666666666666667,0.016666666666666663,0.18333333333333332,1.8644655387733546,0.792658005987642,1.6580712651434781,2.5489261219422987,4.602599166542138,6.164546567591987,1.0693634291130922,0.25,0.11025245729048495,n.d.,1.1739208463518707,0.5125,1.5,0.3333333333333333,0.0,0.3333333333333333,0.09851851851851852,1.3429951690821258,0.2662835249042146
S3,1,W02_C4,ADFNE-cl,15.89821302393371,11.168487192769158,n.d.,11.454460938773066,4.348638611632102,3.4003729625790227,9.451714112534415,0.06060606060606061,n.d.,n.d.,0.17575757575757575,11.495247127909519,2.196096508743098,0.2545454545454545,3.204215674229418,2.839506687756841,0.04848484848484849,0.06666666666666667,0.30606060606060603,2.738226123830217,1.8275963616913145,2.189247501310078,2.1747785335301724,n.d.,4.491173638400982,6.330204691030428,0.36363636363636365,0.11688823036366197,4.0,1.822170123963887,0.3681818181818182,0.6666666666666666,3.0,0.4,0.0,0.09307359307359307,0.9712931995540691,0.18259441707717572
S3,1,W02_C4,EVAE,16.45818926019713,11.01082286158222,n.d.,11.836846521719348,3.675876573090065,5.541070490184689,8.292247510815315,0.08806818181818182,n.d.,n.d.,0.11538461538461539,11.780301207608543,2.661927443166035,0.20454545454545453,2.9400961455884906,2.950287459459034,0.11002331002331003,0.0,0.31888111888111886,2.7475041318388023,1.5243102776190596,2.108959574279006,3.424824950137106,n.d.,3.3981064875036013,7.35011235615368,0.18181818181818182,0.12937774033689445,1.0,0.9061903103385652,0.10416666666666669,0.5,1.5,0.4,0.5,0.11239495798319327,0.534412955465587,0.13773069036226931
S3,1,W02_C4,KDE-cl,15.50564363047836,10.143464839944919,n.d.,10.300469658560914,4.0314605730558934,4.526896193065371,7.363214385592533,0.06060606060606061,n.d.,n.d.,0.17575757575757575,9.932246551304285,2.6295431787784525,0.2545454545454545,3.569079069231977,2.758596726700654,0.04848484848484849,0.06666666666666667,0.303030303030303,2.35386049380683,1.2599680655097019,1.95213480250281,2.3859782120562847,n.d.,3.533133152648502,6.106137112703674,0.36363636363636365,0.1353734006235245,5.0,1.9936986974052133,0.3681818181818182,0.6666666666666666,3.0,0.4,0.0,0.13339920948616601,1.1123076923076922,0.22241758241758244
S3,1,W03_C3,ADFNE-cl,10.06968070043624,5.445804046178644,5.097229306546508,5.896280440666269,5.946368795237848,4.1124376620114305,2.009602877220641,0.0,2.3299540068110853,3.567512840427392,0.17777777777777776,3.9472075283255657,2.346665292403116,0.0888888888888889,5.946368795237854,1.5814705192505256,0.022222222222222227,0.06666666666666667,0.17777777777777776,1.6204578408514916,1.0418778054632223,2.542058604184523,2.55302886565451,2.0902841308317077,2.576446315949906,3.3390987036984052,0.16666666666666666,0.3471486112785198,1.0,0.5886123006778776,0.2,0.16666666666666666,0.5,0.5,0.0,0.05007575757575758,0.3933333333333334,0.10583333333333333
S3,1,W03_C3,EVAE,11.571006499555143,6.407442775296571,6.2629089958566615,7.503466168916157,4.525477747215448,5.146254492347099,3.462664368609763,0.10030165912518851,4.713435766648414,3.0933919703201846,0.1367521367521367,6.597417962876512,2.629812422320348,0.12418300653594772,4.525477747215448,0.7967324055222377,0.03418803418803418,0.0,0.2136752136752137,1.2905523489085695,0.6014687143406922,2.7910193730014417,2.5029258498085496,2.709933206755002,2.3038740814376544,2.5344172495697928,0.2777777777777778,0.34002373984377443,0.5,1.3045140321126512,0.15758547008547008,0.16666666666666666,0.5,0.5,0.5,0.0691699604743083,0.2727272727272727,0.08333333333333331
S3,1,W03_C3,KDE-cl,10.137075054160697,6.777907593197476,4.893006340120721,5.971591609709321,5.003438776538962,5.297377087324048,4.3381472517686275,0.0,3.5308621096455215,1.803177202805625,0.17777777777777776,4.287523898969649,2.7645610525057815,0.0888888888888889,4.892492278890202,0.8660579203269119,0.022222222222222227,0.06666666666666667,0.17777777777777776,1.3018547270462544,0.8475338215558814,2.002681848033181,2.331639904460393,1.9796014669511988,2.635358009209037,3.3132664686252804,0.16666666666666666,0.26602590438614115,2.75,0.7149893407897345,0.4097222222222222,0.16666666666666666,0.5,0.5,0.0,0.048336627140974975,1.031181379007466,0.17581453634085215
S3,1,W03_C4,ADFNE-cl,12.287435497273364,9.081638142686236,4.859027144962088,6.484241645900864,n.d.,8.674634086999465,4.155537588747633,0.020833333333333315,2.0985642610520907,3.73430355661476,0.23333333333333334,6.278098439776545,1.9885816002224392,0.07500000000000001,n.d.,n.d.,0.07083333333333333,0.06666666666666667,0.23333333333333334,1.5989848624351386,1.4483359024204794,1.1596552390247439,3.3972235930925114,2.0961828703007432,2.02244504769995,n.d.,0.0625,0.2070081907858897,n.d.,0.6702566584907372,0.2,0.0,0.5,0.5,1.0,0.06,0.85,0.18901098901098903
S3,1,W03_C4,EVAE,15.211431725711911,11.671466222545547,5.462046447847058,7.811608931455737,n.d.,9.550488893225056,4.240354416460537,0.10416666666666669,2.38207814173043,2.189734534147658,0.2692307692307692,7.8655650684119935,2.3924295011993317,0.125,n.d.,n.d.,0.0625,0.0,0.3221153846153847,1.54688139634001,0.76385342628873,1.4386048596701855,3.5931612156100834,2.1154879696931626,1.7569900986080573,n.d.,0.1875,0.2550477859237067,n.d.,1.4214378503989753,0.2548076923076923,0.2,0.625,0.75,1.0,0.08198529411764706,0.3058823529411765,0.10526315789473686
S3,1,W03_C4,KDE-cl,11.736561321502291,9.806359534596814,5.601668523344953,6.742782769521698,n.d.,8.261156115407266,5.770902662969561,0.020833333333333315,4.4526450940420474,1.9318286037547128,0.23333333333333334,5.662578187077857,3.387605221651329,0.07500000000000001,n.d.,n.d.,0.07083333333333333,0.06666666666666667,0.23333333333333334,1.4398703522972145,0.5795624612133538,1.5535931671915533,3.081005136458691,1.6115086658168243,1.4222211860064837,n.d.,0.0625,0.12586863414797772,n.d.,0.6808104275833575,0.24583333333333335,0.0,0.5,0.5,1.0,0.06,0.9913043478260869,0.19292803970223327
S3,1,W04_C3,ADFNE-cl,11.92401730029211,6.463639892063615,3.795335456900336,5.6553544209706965,3.9835503480525434,4.785965757207674,3.209073428586243,0.14035087719298245,2.494437837311125,2.5235995140613725,0.10877192982456141,5.038869774939958,2.706899138457594,0.04210526315789476,2.3232625185758087,2.249228894738673,0.07719298245614034,0.06666666666666667,0.21754385964912282,1.5158041056197185,1.2733821826755864,3.4965711651634166,2.570898257276672,2.8726033669641327,2.1612503232332143,1.7341755918185242,0.21052631578947367,0.33877457711411757,4.5,0.9063542960822599,0.34122807017543866,0.4444444444444444,0.3333333333333333,0.0,0.5,0.04545454545454544,0.5952380952380952,0.14056860458659562
S3,1,W04_C3,EVAE,10.661633607414613,6.768472327830184,7.480258474533176,7.4929410088026405,3.641832763850073,4.727007262917648,3.64485579480282,0.08906882591093113,4.978074309980594,7.270622770340058,0.09375,4.748618626148651,2.8655793032534653,0.08097165991902833,2.4677656983352354,2.7153611266126756,0.13360323886639675,0.0,0.22191295546558704,1.232466123908139,0.7729546574844998,3.4593255609635607,2.1781404301297593,3.1752413935860857,1.8080035536663692,1.9232571963506544,0.3157894736842105,0.31462807998731235,1.0,0.8676783118723082,0.31325910931174084,0.3333333333333333,0.3333333333333333,0.3333333333333333,0.75,0.07754010695187165,0.3333333333333333,0.08810068649885583
S3,1,W04_C3,KDE-cl,11.71049235022157,7.068630413042045,6.949090019191798,6.894943743526395,3.6259700967567383,4.037550067043075,1.8332152518338445,0.14035087719298245,4.068819955109252,5.346874220908026,0.10877192982456141,4.134139517050132,4.719232891300693,0.04210526315789476,2.6426584205246093,1.17428095003808,0.07719298245614034,0.06666666666666667,0.21754385964912282,1.3253929555472623,0.9381090918844309,3.6184211210306327,2.449449888915372,2.904667066444426,1.9543853083885208,1.7033909728957477,0.21052631578947367,0.269515771092443,4.0,0.9240843267653096,0.20789473684210535,0.4444444444444444,0.3333333333333333,0.0,0.5,0.053030303030303025,0.5527272727272727,0.12194950911640956
S3,1,W04_C4,ADFNE-cl,15.010511915104924,6.124392223672869,4.660611728271151,n.d.,n.d.,2.9874749235816473,4.325219244208103,0.26666666666666666,3.2576029826894346,1.9376109217871034,0.033333333333333326,n.d.,n.d.,0.1,n.d.,n.d.,0.13333333333333333,0.06666666666666667,0.3,2.3777180378293323,0.8787983860000281,4.418019480408745,3.4229691590667057,2.9913950350904326,n.d.,n.d.,0.5,0.16595255102912865,3.5,2.608698162805023,0.6208333333333333,0.16666666666666666,0.3333333333333333,2.0,n.d.,0.1515151515151515,1.0789743589743588,0.20712746305418722
S3,1,W04_C4,EVAE,14.756409000830851,7.520797822237695,6.140260356557591,n.d.,n.d.,3.699159130960058,5.2225935145875235,0.22019230769230766,3.9051508997991227,5.433703724508097,0.07692307692307693,n.d.,n.d.,0.09375,n.d.,n.d.,0.08012820512820512,0.0,0.2846153846153846,1.6716903786185555,0.7971856623479612,4.674734277633503,2.110915598833129,3.0679163441975925,n.d.,n.d.,0.3,0.0881771068993539,1.5,1.2053441673857743,0.12019230769230771,0.16666666666666666,0.3333333333333333,2.0,n.d.,0.1111111111111111,0.5732600732600732,0.13701298701298703
S3,1,W04_C4,KDE-cl,15.653476325391374,6.040238770088084,7.917323819442546,n.d.,n.d.,3.2918709537115607,4.91944258861498,0.26666666666666666,5.478740703442336,4.645583547587775,0.033333333333333326,n.d.,n.d.,0.1,n.d.,n.d.,0.13333333333333333,0.06666666666666667,0.3,1.8648041722197135,1.3162484543149888,4.6055485343379505,2.7617947061942676,2.876692780342528,n.d.,n.d.,0.5,0.17114291420862862,5.0,2.685145693818003,0.48750000000000004,0.16666666666666666,0.3333333333333333,2.0,n.d.,0.14907407407407408,1.2123076923076923,0.23652162014230982
S3,1,W05_C3,ADFNE-cl,11.741169696908937,7.905355506270842,4.907072985441094,4.8945525918975425,n.d.,7.438173025612814,3.507551663643759,0.0784313725490196,2.2212080398395715,2.3143160423672278,0.027450980392156876,2.5163922084329227,3.505029509804647,0.023529411764705882,n.d.,n.d.,0.13333333333333333,0.050980392156862744,0.17254901960784313,1.9564331736623137,1.39465205809945,2.462746044855403,2.8583094111285403,2.6040572030635953,2.4296875474802224,n.d.,0.11764705882352941,0.3335731384922972,0.6666666666666666,0.8000456132735825,0.21911764705882353,0.2857142857142857,0.2,0.0,n.d.,0.08153846153846153,0.564102564102564,0.11330049261083741
S3,1,W05_C3,EVAE,14.770856124606404,8.076830989075571,6.181859300352229,5.514481725371572,n.d.,6.946512621590966,4.204744104248279,0.06900452488687786,5.039295913368046,2.7147946008824713,0.10661764705882354,4.438424815540026,4.218172760756089,0.07918552036199096,n.d.,n.d.,0.12040133779264214,0.058823529411764705,0.24509803921568626,1.2334999995879958,0.9360145001601705,2.7731681973130895,1.9064939635745297,2.5731377732419745,1.4411715112064232,n.d.,0.23529411764705882,0.32882517109752396,0.6666666666666666,1.0630505629618052,0.25052521008403367,0.2857142857142857,0.5,0.3333333333333333,n.d.,0.1111111111111111,0.7809523809523808,0.15231507622811968
S3,1,W05_C3,KDE-cl,11.770141793985948,11.02977283995013,5.401897798112376,4.735117854130147,n.d.,11.025975766710149,4.170080692356853,0.0784313725490196,3.7906862382291013,2.340790920050182,0.027450980392156876,3.4985915788164017,2.186276581625293,0.023529411764705882,n.d.,n.d.,0.13333333333333333,0.050980392156862744,0.1568627450980392,1.5450898915458575,1.0577670598883149,2.0605293086054255,2.8731240276479273,2.119053881702495,1.769866084516232,n.d.,0.11764705882352941,0.2787952719398864,0.8333333333333333,0.6197728561622755,0.21911764705882353,0.2857142857142857,0.2,0.0,n.d.,0.06410256410256412,0.488095238095238,0.0993716931216931
S3,1,W05_C4,ADFNE-cl,13.351929539939885,5.797477329501614,7.274316018620066,n.d.,n.d.,4.359206322566448,2.9766586100051007,0.25490196078431376,6.189890663185771,2.2634785688889436,0.027450980392156876,n.d.,n.d.,0.1411764705882353,n.d.,n.d.,0.07450980392156863,0.06666666666666667,0.28235294117647064,2.297773231415774,1.3632017634696818,2.5004078592400756,3.179821957494329,2.3175960729448075,n.d.,n.d.,0.11764705882352941,0.27865135495986093,1.25,0.6379299866312083,0.14950980392156865,0.5,0.2,2.0,1.0,0.082010582010582,0.5518394648829432,0.13563049853372433
S3,1,W05_C4,EVAE,13.776812976843072,6.020384128275738,7.445359026716945,n.d.,n.d.,4.234561795294363,1.8124272033053348,0.17401960784313728,7.215142815100739,2.830400607755837,0.10652337858220212,n.d.,n.d.,0.1349264705882353,n.d.,n.d.,0.058823529411764705,0.0,0.251131221719457,1.4399331424733983,0.5396981411099322,3.210404231988035,3.081471810762601,2.080644529416705,n.d.,n.d.,0.23529411764705882,0.3091120415978725,0.5,1.3223395342160993,0.4828431372549019,0.5,0.4,2.0,1.0,0.08333333333333333,0.5233265720081135,0.09387351778656128
S3,1,W05_C4,KDE-cl,13.171726711654085,4.990235605007902,6.624824636459056,n.d.,n.d.,3.0862375288560724,2.5184922850201827,0.25490196078431376,6.390457579433633,2.4727567708790437,0.027450980392156876,n.d.,n.d.,0.1411764705882353,n.d.,n.d.,0.07450980392156863,0.06666666666666667,0.28235294117647064,2.0133558784103913,1.0284983526872107,4.022134571718441,3.4893589603060136,2.2409416531230733,n.d.,n.d.,0.11764705882352941,0.3070731104603213,1.5,0.6679861111362988,0.28284313725490196,0.5,0.2,2.0,1.0,0.06944444444444445,0.5384615384615385,0.11868686868686866
S3,1,W06_C3,ADFNE-cl,15.556126247513886,5.315341506192468,5.741294007919293,n.d.,n.d.,2.7464484395303623,2.8085252764493314,0.27125506072874495,4.897172252951773,1.8219603584794306,0.0080971659919028,n.d.,n.d.,0.17813765182186236,n.d.,n.d.,0.07692307692307693,0.02429149797570851,0.27935222672064774,2.5938838955856838,1.7643023217438336,5.327960165690426,3.5149020832559943,3.095033858333464,n.d.,n.d.,0.3157894736842105,0.5345181171032075,0.42857142857142855,0.7766300044553831,0.3076923076923077,0.6363636363636364,0.3333333333333333,2.0,n.d.,0.1691317098049216,0.8186007540846252,0.1753411306042885
S3,1,W06_C3,EVAE,10.040347490284933,5.688067371332062,6.367587475919459,n.d.,n.d.,3.9084898227507736,1.5740331872075988,0.07894736842105265,3.522317266404162,3.23806309447528,0.08676849466323149,n.d.,n.d.,0.07653508771929825,n.d.,n.d.,0.08712121212121213,0.05263157894736842,0.21750398724082937,2.586119095163375,1.7365223907103648,5.689418640257229,2.6567242580194197,3.771529985533151,n.d.,n.d.,0.3157894736842105,0.5048046593280617,0.7142857142857143,1.2342292906941292,0.4484649122807018,0.36363636363636365,0.41666666666666663,1.0,n.d.,0.16044546850998465,1.0562568178276455,0.19473684210526318
S3,1,W06_C3,KDE-cl,14.956870345523836,6.946442587694669,5.05175437321733,n.d.,n.d.,3.333639166485037,2.244186967733775,0.27125506072874495,2.545558617615355,3.175023142002053,0.0080971659919028,n.d.,n.d.,0.17813765182186236,n.d.,n.d.,0.07692307692307693,0.02429149797570851,0.27935222672064774,2.615069402667131,1.8447489693778574,5.686055058535061,3.054935525060724,2.776812132238783,n.d.,n.d.,0.3157894736842105,0.5152040419779621,0.42857142857142855,0.745769817560208,0.24544534412955465,0.6363636363636364,0.3333333333333333,2.0,n.d.,0.14556451612903226,0.6060606060606061,0.14314882032667875
S3,1,W06_C4,ADFNE-cl,11.648277360958785,6.048500156421126,7.886679632117376,6.2259947677508904,n.d.,3.9687036660347843,2.824367603439954,0.11336032388663964,2.60815880590412,7.437660281346478,0.0080971659919028,4.372659633385354,4.6625674005625335,0.12550607287449395,n.d.,n.d.,0.02429149797570851,0.02834008097165991,0.1720647773279352,1.3638082610189637,1.278808491894888,1.5884172697335652,2.459244698577912,2.237963904649731,1.8613999127876355,n.d.,0.3157894736842105,0.35711998221908725,0.42857142857142855,0.8583705680687093,0.2727732793522266,0.5,0.3333333333333333,0.5,0.0,0.09072087332956899,0.4303030303030303,0.11583333333333332
S3,1,W06_C4,EVAE,10.344644358445791,5.94917583990329,8.473869079869832,6.730342607768094,n.d.,4.201583217422572,2.1700900610897103,0.07894736842105265,4.685267920750264,6.7685595649185615,0.1313131313131313,2.401455301117494,5.467080611742064,0.04567307692307693,n.d.,n.d.,0.05263157894736842,0.10526315789473684,0.18070175438596492,1.2019318822615883,1.1283754280117093,0.6763479736875366,1.956273848895437,2.607085697529836,1.5728087124776793,n.d.,0.3421052631578947,0.41989660675784085,0.7142857142857143,1.5516089507976765,0.6589912280701753,0.3125,0.5833333333333333,0.5,1.0,0.10555555555555557,0.712403538490495,0.13240740740740736
S3,1,W06_C4,KDE-cl,10.583994754094608,5.649187706182422,7.434671256590439,7.078677336120188,n.d.,2.7921286096632976,2.974304636879672,0.11336032388663964,3.1929324891202615,6.879896348838436,0.0080971659919028,3.1180370613633404,5.830029864746854,0.12550607287449395,n.d.,n.d.,0.02429149797570851,0.02834008097165991,0.1497975708502024,1.5939986988754806,1.1828414076997067,1.075877335262481,2.5767201038948295,1.7138195583990714,2.277885639936672,n.d.,0.3157894736842105,0.4220257573827217,0.5714285714285714,0.9252559748382598,0.18876518218623484,0.5,0.3333333333333333,0.5,0.0,0.0791866028708134,0.7033492822966507,0.1340909090909091
S3,2,W00_C5,ADFNE-cl,16.37863399052295,11.663497210241104,n.d.,3.0935388202664624,6.763927992488595,11.827104691222177,3.108911859629641,0.12121212121212122,n.d.,n.d.,0.2424242424242424,2.1125443250465863,1.7963596357385798,0.015151515151515166,3.9449579056525814,3.1227235475216117,0.1893939393939394,0.08333333333333333,0.32575757575757575,1.7299722011219858,0.6803674757682612,3.0615603733756815,2.457638168774174,n.d.,2.241195926088026,2.338398319209814,0.09090909090909091,0.2830022206138887,2.5,0.797783614996777,0.465909090909091,0.2,3.0,0.0,0.6666666666666666,0.058823529411764705,1.0157894736842104,0.19166666666666665
S3,2,W00_C5,EVAE,17.34028219748479,8.628546696079168,n.d.,3.5968882236866593,5.944551339643751,8.641494933492393,2.9651231373961107,0.20454545454545453,n.d.,n.d.,0.2694805194805195,3.0283855718636525,2.0250022928667977,0.09090909090909088,2.634330956043846,2.855260983576146,0.11247086247086245,0.0,0.36363636363636365,1.589592826821627,0.4337923849612907,4.3126795187887765,2.4878306907014918,n.d.,2.248651642175888,2.2224012463310667,0.13636363636363635,0.25828770234743337,1.5,0.8457957844604789,0.08508158508158503,0.4,3.0,0.5,0.3333333333333333,0.05263157894736842,0.42105263157894735,0.11228070175438598
S3,2,W00_C5,KDE-cl,17.91196275040617,11.981072367198626,n.d.,5.90455056998699,n.d.,11.711017549928982,1.6750475169194572,0.12121212121212122,n.d.,n.d.,0.2424242424242424,5.196395357498852,1.5672951151797554,0.015151515151515166,n.d.,n.d.,0.1893939393939394,0.08333333333333333,0.32575757575757575,1.5566025992828516,0.7465818371172295,2.735775643315306,2.2583800845964417,n.d.,2.1235316609202073,n.d.,0.09090909090909091,0.303957229775828,3.5,0.929523613552562,0.33333333333333337,0.2,3.0,0.0,0.6666666666666666,0.05847953216374269,0.9514963880288958,0.1702153110047847
S3,2,W00_C6,ADFNE-cl,9.771237153071452,8.44280887427176,5.437349016553553,3.891435912194953,n.d.,8.044948828034581,3.4350497595268976,0.16666666666666666,4.541722011405482,3.486868581683436,0.08333333333333331,3.2714574590149397,1.7301215952667275,0.08333333333333334,n.d.,n.d.,0.0,0.16666666666666669,0.25,1.3882694149170827,1.5431424773698477,1.7057971015833555,2.891391750880828,1.713795486172663,3.3991725991810084,n.d.,0.0,0.2698964079573878,2.5,0.8278786067897834,0.33333333333333337,1.0,0.3333333333333333,0.3333333333333333,0.0,0.09719887955182073,0.5042016806722688,0.14970760233918126
S3,2,W00_C6,EVAE,15.949395781330267,10.194402247825835,8.696024642169068,3.896116177140076,n.d.,8.981036015300326,6.447657225380786,0.16666666666666666,4.463732206573135,5.644591809357791,0.14685314685314688,2.3024711165865996,2.2939667267500132,0.11607142857142858,n.d.,n.d.,0.08333333333333333,0.25,0.3680555555555555,1.8995101276912618,2.1813736188667336,2.7936685801140615,3.748671606122821,1.7659951370115134,4.188433537002261,n.d.,0.16666666666666666,0.32976371688454964,2.0,0.7924882206236497,0.16666666666666669,1.0,0.3333333333333333,0.3333333333333333,1.0,0.1519607843137255,0.5140056022408963,0.162617220801364
S3,2,W00_C6,KDE-cl,9.410535904926991,10.825382724620582,7.4294171195758425,4.336834672485205,n.d.,8.2592044105202,4.659524844158598,0.16666666666666666,5.055204586924399,4.203727452093176,0.08333333333333331,4.023283770926561,2.488196093866976,0.08333333333333334,n.d.,n.d.,0.0,0.16666666666666669,0.25,1.8208271568693082,2.2326420009122847,1.4676147958028345,3.262127510900314,2.020345456935517,3.3255539542537855,n.d.,0.0,0.3910044731648903,4.0,0.7855134318345297,0.16666666666666663,1.0,0.3333333333333333,0.3333333333333333,0.0,0.0888655462184874,0.8273809523809523,0.20405982905982903
S3,2,W02_C5,ADFNE-cl,12.856232506306515,8.47863865151096,8.222700808163088,4.136252612385925,n.d.,8.211178879148315,2.981655896696293,0.020833333333333315,6.868008024144203,5.05289367603924,0.020833333333333315,3.3119225020886107,3.4254405222110758,0.05416666666666667,n.d.,n.d.,0.07083333333333333,0.058333333333333334,0.11249999999999999,1.2445024851403117,0.6605325455604802,1.8545350679738248,1.8664149547442526,1.745883812273028,2.5355309406205127,n.d.,0.0625,0.11650146663954328,1.75,0.6502317683665587,0.37083333333333335,0.0,0.0,0.3333333333333333,1.0,0.057692307692307696,0.8591617933723197,0.15381929898058927
S3,2,W02_C5,EVAE,17.841968679444317,14.540648636442818,6.925035325545869,3.812326810915309,n.d.,13.856710369082375,4.611238352273797,0.09821428571428573,4.7418657968486695,2.738073161141525,0.07070707070707072,2.526779859063854,1.8976342382278824,0.11607142857142858,n.d.,n.d.,0.0625,0.053571428571428575,0.24759615384615385,1.4312165604173335,0.756495794942772,2.5341320271069643,3.7593967177720304,2.196300009283749,1.9040852950105491,n.d.,0.15625,0.09930870100746389,0.5,1.5782526807060209,0.175,0.4,0.30000000000000004,0.6666666666666666,1.0,0.05263157894736842,0.3333333333333333,0.06954887218045111
S3,2,W02_C5,KDE-cl,12.748686060657121,9.578729373989656,8.755131184852885,4.965198373265157,n.d.,9.641778022960926,1.6568839448976052,0.020833333333333315,7.6627557225069864,2.202311039636329,0.020833333333333315,4.0778690598341765,3.0007591186177236,0.05416666666666667,n.d.,n.d.,0.07083333333333333,0.058333333333333334,0.11249999999999999,1.231485449421007,0.8919878442458715,1.7019318315208025,2.5352475698217884,1.63072260050096,2.411511510238131,n.d.,0.0625,0.14420175592098317,1.25,0.5318535262270694,0.2666666666666667,0.0,0.0,0.3333333333333333,1.0,0.07236842105263158,0.6750877192982456,0.13999999999999996
S3,2,W02_C6,ADFNE-cl,11.93004985148619,5.988305904657779,13.853214688775566,4.902608049407296,n.d.,5.411475127728913,2.2164146826463442,0.09523809523809523,13.798494157864102,1.5697697880112584,0.11904761904761904,3.47258593871157,2.3255093774326836,0.15238095238095237,n.d.,n.d.,0.06190476190476191,0.06666666666666667,0.2476190476190476,1.7128183282883993,1.6828390135137066,2.8532344584941036,3.0550231258716796,2.5855190008322313,2.803644636862243,n.d.,0.07142857142857142,0.07716788042997437,n.d.,1.3961452597940749,0.5946428571428573,0.16666666666666666,0.6666666666666666,0.5,1.0,0.13068181818181818,1.6181818181818182,0.3175403225806452
S3,2,W02_C6,EVAE,17.14977122961878,7.466421955948409,11.179317432458967,5.105045346577101,n.d.,2.983661477644446,4.928913317844646,0.2276785714285714,11.079297789621531,3.555220411328117,0.15984015984015987,5.019423745866168,1.8557409342640123,0.11428571428571432,n.d.,n.d.,0.07142857142857142,0.06066176470588235,0.3571428571428571,1.5542911453332573,0.982382268572512,2.343678082725378,3.23353445940366,1.4596127068543465,3.0559940880384993,n.d.,0.07142857142857142,0.11919435478618173,n.d.,0.8599029611606808,0.14154411764705882,0.5,0.6666666666666666,0.5,1.0,0.020833333333333332,0.8633540372670807,0.1808278867102397
S3,2,W02_C6,KDE-cl,12.526845544597732,7.421565468182729,13.118959725054733,4.736604276536919,n.d.,6.4793720760423446,3.019217821636761,0.09523809523809523,13.184770452498913,3.8622544813395336,0.11904761904761904,3.885646807758609,2.6260567928413256,0.15238095238095237,n.d.,n.d.,0.06190476190476191,0.06666666666666667,0.2476190476190476,1.4747860661603358,1.3296729940204304,2.392185147424791,2.0677262739472657,1.9465842078054596,2.7336943740128055,n.d.,0.07142857142857142,0.13713069711446751,n.d.,1.4566011263554905,0.5946428571428573,0.16666666666666666,0.6666666666666666,0.5,1.0,0.1225,1.1851851851851851,0.25
S3,2,W03_C5,ADFNE-cl,10.856870563620566,11.056063891682495,8.38095399783326,6.181201937114388,5.336024749992029,11.134757157919655,1.8801391783872847,0.09523809523809523,7.433619690839777,2.3096487081034534,0.047619047619047616,6.181201937114391,2.3189810931187655,0.009523809523809518,3.125524334548178,3.257095371468322,0.009523809523809518,0.06666666666666667,0.11428571428571427,1.2813376596256436,1.345529682380118,1.0620218103193446,2.5359268425540176,2.376693463901043,2.322931174310429,2.2667973504954357,0.07142857142857142,0.08915876077346108,n.d.,0.7859733184800226,0.29940476190476195,0.16666666666666666,0.25,0.0,0.0,0.09090909090909091,1.1818181818181817,0.245014245014245
S3,2,W03_C5,EVAE,11.29805415349011,9.367115456453117,6.961725502470688,8.98876566946291,5.580020319290674,8.755107040263335,3.0376982159802313,0.14935064935064934,5.747186370044043,1.9616392998343217,0.07142857142857145,8.984480475930972,2.05141138884838,0.04805194805194807,3.048902954666004,4.780770536908802,0.05714285714285716,0.0,0.21363930187459598,0.9991486237696056,0.819366746913347,0.9949892635317348,2.879690020059063,1.5544355215479164,2.2364304686940075,1.8273663716845499,0.21428571428571427,0.15652600347088938,n.d.,0.7845364078623429,0.24642857142857139,0.3333333333333333,0.25,0.5,0.5,0.07692307692307693,0.9561904761904761,0.20344827586206896
S3,2,W03_C5,KDE-cl,9.569764265044457,7.0762445716246845,7.589569116480822,8.91635975703115,5.711722126819456,7.050986890276071,1.693318148152064,0.09523809523809523,5.973024084075134,2.3205187575879433,0.047619047619047616,8.916359757031156,1.90944801182108,0.009523809523809518,2.932738350092981,1.9424965933260134,0.009523809523809518,0.06666666666666667,0.11428571428571427,1.0588991167674995,0.5919039207589927,1.5326417429115902,2.648342397521608,1.346039320923401,1.2634548371036443,2.772417598404626,0.07142857142857142,0.10197341261498036,n.d.,0.8908028647000195,0.2,0.16666666666666666,0.25,0.0,0.0,0.1176923076923077,1.55,0.303030303030303
S3,2,W03_C6,ADFNE-cl,10.299671078008128,7.24519912045989,8.997543686443674,n.d.,n.d.,4.489141164332226,5.595168335319528,0.12820512820512825,7.634510058787195,3.3965737613087175,0.025641025641025605,n.d.,n.d.,0.056410256410256404,n.d.,n.d.,0.056410256410256404,0.056410256410256404,0.14871794871794874,1.4976009409002677,1.8504667037457236,1.3807939153048858,3.5446697171282118,3.9866116051096974,n.d.,n.d.,0.15384615384615385,0.1735724878808304,n.d.,1.71166961176573,0.2070512820512821,0.16666666666666666,0.25,1.0,1.0,0.05487179487179487,0.8866666666666666,0.18501683501683502
S3,2,W03_C6,EVAE,15.805562144532114,5.998475244255496,7.0865060338778205,n.d.,n.d.,3.6408299579611096,4.263926699802839,0.23901098901098905,3.4439266272138127,2.711606535341615,0.11428571428571427,n.d.,n.d.,0.07142857142857142,n.d.,n.d.,0.07692307692307693,0.07692307692307693,0.3006993006993007,1.4923074520191704,0.8049035651916914,2.192347413461182,3.5974333942877585,4.355811954210571,n.d.,n.d.,0.07692307692307693,0.18948695301517998,n.d.,1.0256000565701755,0.32403846153846155,0.5,0.5,1.0,1.0,0.056410256410256404,0.5,0.14761904761904762
S3,2,W03_C6,KDE-cl,9.832816996521018,7.416165604713038,9.189119211648277,n.d.,n.d.,5.359536030982108,4.408825089294441,0.12820512820512825,7.930991918791511,1.9475488358976039,0.025641025641025605,n.d.,n.d.,0.056410256410256404,n.d.,n.d.,0.056410256410256404,0.010256410256410262,0.13846153846153847,1.1728969326524148,1.0483567254527726,1.8141048752286493,2.4816493156970236,3.5413605236722923,n.d.,n.d.,0.15384615384615385,0.31369482782328106,n.d.,1.8834312032297795,0.26666666666666666,0.16666666666666666,0.25,1.0,1.0,0.05333333333333333,0.9123188405797101,0.1830357142857143
S3,2,W04_C5,ADFNE-cl,9.904077838545689,6.461755120192937,9.632580926992404,4.376498429748864,4.834478169707516,4.921826566871527,3.3789460253366843,0.023809523809523836,9.540892436020485,2.0301212569431004,0.11904761904761904,4.009371711537344,1.8710668874154819,0.15238095238095237,2.6667427986265477,3.044168645381013,0.009523809523809518,0.06666666666666667,0.18571428571428572,1.9460683383398045,0.9551297291813138,4.42769683260495,3.7639434268673995,2.0485044798624994,2.351100349489261,6.446795601329271,0.07142857142857142,0.16245937343200342,4.0,1.232587744386466,0.45178571428571435,0.0,0.6666666666666666,0.5,0.0,0.03511904761904762,1.0445134575569357,0.203781512605042
S3,2,W04_C5,EVAE,15.990255427470213,7.013088429402013,8.422094754875824,4.921136649768577,6.564028272145537,5.432726472863811,1.6615107760599042,0.14285714285714285,8.524506470234689,2.189999593256698,0.14285714285714288,4.440714292739763,2.3256342740621125,0.19725274725274722,5.20700396281065,2.63295728509871,0.08219537815126049,0.05718954248366013,0.3072478991596639,1.4555165139612596,0.5673007309783556,4.6076557741822395,3.6780608308598097,1.7570484608767802,2.034289792836219,5.752590587521807,0.17857142857142855,0.11135595896864277,3.5,0.7710219669804943,0.11764705882352941,0.5,0.6666666666666666,0.75,0.5,0.0625,0.6287878787878788,0.1363851992409867
S3,2,W04_C5,KDE-cl,10.725581056018328,5.708588393377356,8.107890911915735,6.373889553946748,5.67059156186394,4.725506213468986,2.587080148946858,0.023809523809523836,7.823300213340131,1.6031697066686998,0.11904761904761904,5.442421892746406,2.399900320225652,0.15238095238095237,2.998487039929384,3.6647761239738843,0.009523809523809518,0.06666666666666667,0.18571428571428572,1.8606432683457306,0.8202404111434664,5.649394322741756,3.11566443337207,1.7634454547733307,1.6931794847214099,6.562409595176341,0.07142857142857142,0.17435423723060367,4.0,1.1597788866811607,0.45178571428571435,0.0,0.6666666666666666,0.5,0.0,0.08035714285714285,0.8923076923076922,0.17334756483238453
S3,2,W04_C6,ADFNE-cl,9.530854963191182,5.2081115762603165,4.08076404194631,4.853369432574999,n.d.,2.5340924259035025,1.856952499936313,0.047619047619047616,2.873594040326033,1.7500964921636966,0.047619047619047616,3.2906250027046933,2.622950853570292,0.15238095238095237,n.d.,n.d.,0.06190476190476191,0.06190476190476191,0.17142857142857143,2.055502079084337,1.5896905948899613,1.3770428696679922,6.420083134242655,2.3339048277326784,2.174534815153083,n.d.,0.07142857142857142,0.1608048298493459,1.0,1.4715764993785272,0.2327380952380953,0.25,0.25,0.5,1.0,0.04695652173913043,0.47,0.10666666666666663
S3,2,W04_C6,EVAE,14.61951162016544,7.10933739921356,5.934464737897077,4.395522287692308,n.d.,3.9266244509848116,2.713903537147239,0.12337662337662336,4.068268109450518,4.0283063719095695,0.09375,1.8287068091374223,3.088626823142927,0.14285714285714285,n.d.,n.d.,0.07142857142857142,0.07142857142857142,0.27083333333333326,1.6982723373620796,1.0888559541328195,0.6973457086778467,6.462076699545978,1.9810676011457928,2.3777984187386876,n.d.,0.14285714285714285,0.1599073887135733,0.5,0.7643044414391962,0.27281746031746024,0.5,0.25,0.5,1.0,0.06398809523809523,0.2727272727272727,0.07007575757575757
S3,2,W04_C6,KDE-cl,9.640802132291743,5.714488518699217,4.736527380916548,6.5504603768887595,n.d.,4.239856313191796,1.5989637563360795,0.047619047619047616,1.8606277117497938,2.86263592057952,0.047619047619047616,4.082728545102182,3.815512390047215,0.15238095238095237,n.d.,n.d.,0.06190476190476191,0.004761904761904759,0.15714285714285714,2.23359262516888,1.0772181856104202,0.5325822893101961,6.5008523226029205,1.7052337057498432,2.949856836138964,n.d.,0.07142857142857142,0.1506907295649783,2.0,1.4492619535957547,0.29940476190476195,0.25,0.25,0.5,1.0,0.08796296296296297,0.7032967032967032,0.1277480689245395
S3,2,W05_C5,ADFNE-cl,7.90084338595353,5.6024372910791485,4.391418117376021,5.8837426787461515,7.763604732514314,3.773600965644167,2.5224152934914237,0.019607843137254943,2.899834501839056,2.531234784304785,0.039215686274509776,2.341957437702233,5.472654970078363,0.0431372549019608,7.0952452662418075,2.6116848378637716,0.0431372549019608,0.06666666666666667,0.10588235294117648,1.6930358367517646,1.1198910260536938,1.3864086958620248,3.7299549323426806,1.972577099982907,2.061871554224372,2.7773325087746032,0.11764705882352941,0.23702132954082394,4.0,0.8696094838535554,0.2666666666666666,0.16666666666666666,0.1,0.3333333333333333,0.3333333333333333,0.20833333333333331,0.19047619047619047,0.21288625167935515
S3,2,W05_C5,EVAE,12.747858835082601,5.734767163689523,4.594305292575681,6.709941240976788,8.202297418402583,4.400412233036475,1.641287874746416,0.14705882352941174,2.9752914754436697,1.1125746220611692,0.06302521008403361,4.499958624304373,5.829162033204856,0.1118872549019608,6.137904936549649,6.294214540396844,0.06209150326797387,0.05555555555555555,0.226890756302521,1.221160247984745,0.33450394868850597,1.0855716171397711,2.7214022343762254,2.7247558142784505,1.449860389031064,3.289236601402912,0.08823529411764705,0.12764484412774751,3.0,1.0762059153471235,0.6834150326797386,0.5,0.2,0.6666666666666666,0.3333333333333333,0.22713032581453632,0.5020703933747411,0.23106060606060608
S3,2,W05_C5,KDE-cl,7.826206697844164,4.948426671842345,4.812328243481007,6.799179011175635,8.521984057581069,4.057209809392348,2.365996677256887,0.019607843137254943,3.491707377918246,1.5761124388460006,0.039215686274509776,2.705484420966414,7.3406153875816536,0.0431372549019608,8.521980842194159,1.6565069419918208,0.0431372549019608,0.06666666666666667,0.10588235294117648,1.8462571523923557,0.969236754047875,2.3865683772901813,3.3802180671713375,2.2672236256924636,2.368456954644511,3.038444996221423,0.11764705882352941,0.2113357834346234,4.0,0.8281516612269398,0.2514705882352941,0.16666666666666666,0.0,0.3333333333333333,0.3333333333333333,0.20289855072463767,0.4398934398934399,0.22406417112299465
S3,2,W05_C6,ADFNE-cl,12.042393958373609,5.939597750115357,4.130411350683657,n.d.,7.721355747378311,4.27744425802397,1.912411847823873,0.16666666666666666,2.6081552807519426,1.8843354637999474,0.22222222222222227,n.d.,n.d.,0.07777777777777778,7.287548675797494,2.7173242439559933,0.08888888888888888,0.06666666666666667,0.3111111111111111,1.5718599358218563,1.1831988984614132,1.421832904296283,2.6093808654584665,3.038311201366586,n.d.,2.7926147260746226,0.16666666666666666,0.26596363219186947,1.5,0.6740293722939825,0.1875,0.6666666666666666,0.5,1.0,0.5,0.05357142857142857,0.6350461133069828,0.13148148148148153
S3,2,W05_C6,EVAE,14.677164308713309,6.5417783352969945,4.410543248754256,n.d.,7.5430315801934125,4.219588841394893,2.2753337512515373,0.11507936507936509,2.8469906057499283,1.3074883991718451,0.19191919191919193,n.d.,n.d.,0.06209150326797386,5.9710841418974665,1.8501323048182168,0.1111111111111111,0.0,0.3282828282828283,0.9507229101741625,0.8036862749868212,0.35805908907568185,2.9406880495566368,2.625989806979636,n.d.,2.435691040261852,0.2222222222222222,0.21237434027514807,1.0,1.1857889893069684,0.13095238095238093,0.6666666666666666,0.5,1.0,0.5,0.07575757575757575,0.445141065830721,0.09913793103448278
S3,2,W05_C6,KDE-cl,12.637112664539542,7.0098400426305245,4.882434978698415,n.d.,5.706264585788658,3.9774609730304924,1.9375050616660214,0.16666666666666666,3.0328439057250938,2.538946493293823,0.22222222222222227,n.d.,n.d.,0.07777777777777778,5.364609325302455,2.28478137546493,0.08888888888888888,0.06666666666666667,0.3111111111111111,1.4290638290325508,1.1109201119527146,0.851577221934352,2.6711066799876937,2.6306592998399623,n.d.,2.3552126376447786,0.16666666666666666,0.14815914281592618,2.0,0.5517767886084456,0.3208333333333334,0.6666666666666666,0.5,1.0,0.5,0.041407867494824016,0.8584415584415584,0.16666666666666669
S3,2,W06_C5,ADFNE-cl,12.243604776433216,6.276257289967079,6.316446721814091,5.283300052427766,n.d.,2.589248184965814,3.606091266760946,0.09890109890109894,5.5624998473191365,2.9277681201205046,0.16483516483516486,3.880782174955978,4.231178803903081,0.2032967032967033,n.d.,n.d.,0.005494505494505503,0.06593406593406592,0.2692307692307693,1.262448877547465,0.9887707559045078,1.6046068596131136,1.9868046732630973,1.8756742907587274,2.046350652489751,n.d.,0.07142857142857142,0.15600459767084607,n.d.,0.6905084997902985,0.6998626373626374,0.25,1.0,0.6,0.0,0.0507943143812709,0.9953379953379953,0.20153846153846156
S3,2,W06_C5,EVAE,15.767543852527526,6.377422614963956,6.885281040621097,4.705931582792033,n.d.,5.770136368825671,1.6682634116853716,0.24369747899159666,5.009369000467247,2.6301874778492556,0.1512605042016807,3.44160581643077,3.073290944651815,0.23949579831932774,n.d.,n.d.,0.07142857142857142,0.14285714285714285,0.39985994397759106,1.1998862761491198,0.9768309234950012,1.3694763906015561,2.264755799295779,1.9888532275463817,2.267695930385633,n.d.,0.21428571428571427,0.33934096257399643,n.d.,1.0111171554119762,0.1407424812030075,1.0,1.0,0.6,1.0,0.07692307692307693,1.0256410256410255,0.21729883020205604
S3,2,W06_C5,KDE-cl,10.516962181633692,5.925478387573435,6.4328036315309145,5.597552516907324,n.d.,3.4173537882207428,2.48844495778053,0.09890109890109894,4.184324904609987,2.3083199188641292,0.16483516483516486,4.002907352896274,5.528002943990073,0.2032967032967033,n.d.,n.d.,0.005494505494505503,0.06593406593406592,0.2692307692307693,1.0955061960022374,0.6778893672992947,0.966992763307643,2.185523592386396,1.525517205144058,3.1156992920503157,n.d.,0.07142857142857142,0.13951522370005887,n.d.,0.7765228276911025,0.3921703296703297,0.25,1.0,0.6,0.0,0.04818181818181817,0.7403626122161591,0.16695652173913045
S3,2,W06_C6,ADFNE-cl,13.071789942066495,10.757997938013247,7.69086354398587,10.431338357553186,n.d.,7.61058766692096,5.209313857749714,0.02097902097902099,5.562804114732814,5.528280418485526,0.05594405594405594,10.437375369883334,2.357597221207233,0.11888111888111885,n.d.,n.d.,0.07692307692307693,0.07692307692307693,0.17482517482517482,3.6309286889065646,3.231562498448937,5.5112761019460335,4.272073247978936,5.161110100659948,2.5534364189494028,n.d.,0.18181818181818182,0.2734030729927849,0.3333333333333333,0.6061224546411892,0.23688811188811187,0.25,0.0,0.3333333333333333,n.d.,0.0741687979539642,0.6,0.10416666666666666
S3,2,W06_C6,EVAE,15.425145493264392,8.83085815343877,7.61939966393904,5.2541026135746485,n.d.,4.6705189281748885,6.268884863757817,0.14285714285714285,3.3724389312368093,6.821966177717782,0.11363636363636365,5.162282698804058,3.0888444303129754,0.19155844155844154,n.d.,n.d.,0.12916666666666665,0.058823529411764705,0.32386363636363635,3.492984692242495,3.2243792509817295,5.724114707126211,3.9183470118616945,4.199648472001081,2.052325234642759,n.d.,0.40909090909090906,0.1149532635647931,0.5,1.1450224032036767,0.6482286096256684,0.75,0.25,0.6666666666666666,n.d.,0.05,0.591304347826087,0.09615384615384616
S3,2,W06_C6,KDE-cl,14.767033126654724,9.548578244491042,7.693911152624248,12.056808301997979,n.d.,7.864440222344047,4.592745932259592,0.02097902097902099,4.237705623100355,5.817540764885,0.05594405594405594,12.05720725653055,1.6676320737402985,0.11888111888111885,n.d.,n.d.,0.07692307692307693,0.07692307692307693,0.17482517482517482,3.508243054890672,3.201810354014051,6.147301828913301,4.527129972496246,3.9297136968131365,3.070552615976439,n.d.,0.18181818181818182,0.2507967778230281,0.5,0.7045919294154872,0.22465034965034958,0.25,0.0,0.3333333333333333,n.d.,0.09375,0.6562091503267974,0.11713286713286714
S3,3,W00_C7,ADFNE-cl,11.859938012126523,7.09881943825078,7.561439624375676,n.d.,5.3618172024703386,5.028544566728038,5.610093299465387,0.21794871794871798,7.578967157244364,1.7383355375346827,0.1367521367521367,n.d.,n.d.,0.0982905982905983,4.752262740292572,2.0023457421875737,0.14529914529914528,0.03418803418803418,0.31623931623931617,1.3544322358329886,0.8328720624806372,2.820811026795008,2.254440668077801,1.6744877784625245,n.d.,2.432329924918423,0.2777777777777778,0.18626992490683464,0.6666666666666666,0.7137326416650827,0.2617521367521367,0.6666666666666666,0.5,1.0,0.75,0.053947368421052626,0.5724137931034482,0.1216346153846154
S3,3,W00_C7,EVAE,12.528095292052484,7.497366903339728,5.372720797926932,n.d.,6.983449219232426,3.190897178878367,6.961992129884326,0.23333333333333336,4.3296694348101,2.5325370298854235,0.17777777777777776,n.d.,n.d.,0.10486111111111111,5.487899321971248,2.72499076841247,0.07863247863247862,0.1111111111111111,0.3729166666666667,1.7210206236905132,0.7159451564523134,3.90809873387872,4.383287728236299,1.987149878262935,n.d.,2.0891814491132426,0.2222222222222222,0.13818186187158804,0.3333333333333333,1.6963623593369865,0.5055555555555555,0.6666666666666666,0.625,1.0,0.5,0.07569610916466901,0.37777777777777777,0.09828629032258064
S3,3,W00_C7,KDE-cl,11.518047421152703,8.229095609731257,6.738409965887846,n.d.,n.d.,6.170069105036397,6.591356176070399,0.21794871794871798,5.768435402503643,2.422200592782381,0.1367521367521367,n.d.,n.d.,0.0982905982905983,n.d.,n.d.,0.14529914529914528,0.03418803418803418,0.31623931623931617,1.3299385516500601,0.6592017286423774,2.1108650738806385,2.317670824592404,1.504748643047126,n.d.,n.d.,0.2777777777777778,0.11632513686937737,1.0,0.7961348902076948,0.36965811965811957,0.6666666666666666,0.5,1.0,0.75,0.05691147932527243,0.8239289446185999,0.14604166666666668
S3,3,W00_C8,ADFNE-cl,24.022336882696916,n.d.,6.073030758088764,4.252642440723525,12.311230337183131,n.d.,n.d.,0.38461538461538464,6.00695204511844,1.6573968620922575,0.15384615384615385,4.058174831718919,1.7483527103585983,0.07692307692307693,12.302935964518156,1.506319093430783,0.15384615384615385,0.0,0.38461538461538464,1.7409562249822919,1.6513875317608044,1.0079710448889463,n.d.,3.5204195968567022,3.7482651074388587,1.9056533753993556,0.0,0.23916941621097126,n.d.,0.9656600955968537,0.4615384615384616,n.d.,0.3333333333333333,0.3333333333333333,0.6666666666666666,0.08392857142857142,1.0982456140350876,0.2227272727272727
S3,3,W00_C8,EVAE,24.47248936482174,n.d.,5.522575998801733,5.753394823127851,5.412829068495515,n.d.,n.d.,0.3693181818181818,5.508821786781109,2.8353675886487126,0.1948717948717949,5.414872865031674,0.975716451321099,0.08482142857142858,4.984492664749016,2.1094623063421523,0.10160256410256412,0.07142857142857142,0.42307692307692313,1.6446866472734922,1.5689665675724942,0.6949691625310006,n.d.,4.195457720339978,5.278755995301128,2.5755669077194314,0.15384615384615385,0.13926220572187997,n.d.,0.5263640707738906,0.16941391941391942,n.d.,0.3333333333333333,0.3333333333333333,0.3333333333333333,0.07771739130434782,0.8909090909090909,0.19499999999999995
S3,3,W00_C8,KDE-cl,23.20239409802742,n.d.,6.132146666176782,4.671943570983313,n.d.,n.d.,n.d.,0.38461538461538464,4.989762531898327,2.3558413931811697,0.15384615384615385,3.5149586147692187,1.9849343277740554,0.07692307692307693,n.d.,n.d.,0.15384615384615385,0.0,0.38461538461538464,2.08597366531548,1.2171608137806555,2.6426674287970653,n.d.,3.9624361886276587,3.8927266767574404,n.d.,0.0,0.3023962363749675,n.d.,1.055725395618163,0.6153846153846156,n.d.,0.3333333333333333,0.3333333333333333,0.6666666666666666,0.09999999999999999,1.1588516746411484,0.25285714285714284
S3,3,W03_C7,ADFNE-cl,15.811665293675473,14.204481465280011,8.940031619118876,5.054076429979896,5.807374070255641,14.113597437775603,5.70210772134977,0.16071428571428573,8.087790790026279,4.037117193918713,0.09821428571428573,3.1930750850008596,3.0007884698491694,0.08928571428571427,5.731674137656,2.004065168213396,0.01785714285714285,0.15178571428571427,0.2589285714285714,1.254106168178195,0.7636885758552553,1.3149870309364098,2.2356641920889686,2.404460315650056,2.9090222551336704,1.7307286782050162,0.14285714285714285,0.11236505557733845,5.0,1.2882919630321839,0.3035714285714286,1.0,0.6666666666666666,0.3333333333333333,0.0,0.029761904761904767,0.9193121693121693,0.1636363636363637
S3,3,W03_C7,EVAE,15.331533436421473,16.345011417193028,10.42188682839248,3.5394175382268647,5.0674943990354295,16.030096364826612,6.5936483371943275,0.14400305576776168,8.642538534163938,4.727129996912966,0.09134615384615385,2.4882112727726398,1.3984226466453658,0.053030303030303025,3.6003476789377062,2.5464175250239505,0.05194805194805194,0.15362394957983194,0.26282051282051283,0.9819343059132468,0.8229268609937423,2.11465249213311,3.3005146175558604,1.9159379841891084,2.035219185473213,3.0528007585418795,0.14285714285714285,0.20793137831335345,2.5,0.8287999510503354,0.3048844537815126,0.6666666666666666,0.3333333333333333,0.3333333333333333,0.5,0.03888888888888889,0.4710162503031773,0.09295541623127831
S3,3,W03_C7,KDE-cl,15.51747092796618,12.225967734243051,9.981429741453464,4.614157395819648,5.311311815079514,12.206721100967474,5.865571751094699,0.16071428571428573,9.693490722536215,4.328360037086562,0.09821428571428573,3.542032244426511,2.514358459336881,0.08928571428571427,5.31131181507952,3.3764290793487053,0.01785714285714285,0.15178571428571427,0.2589285714285714,1.2950283565298504,0.9308257260871927,1.4188980463333067,2.0503108786269797,2.7061207782647836,3.0589058286129314,2.272744223915474,0.14285714285714285,0.20103973106560255,6.5,1.3246928615635805,0.3035714285714286,1.0,0.6666666666666666,0.3333333333333333,0.0,0.047619047619047616,1.120879120879121,0.19340463458110516
S3,3,W03_C8,ADFNE-cl,10.524174743807066,5.724538376144424,12.35109637141191,3.8449394575735214,n.d.,5.063299516429202,1.950516390450356,0.009615384615384637,12.36041784971647,3.8622767289443334,0.15865384615384615,3.1090293801722737,2.402288834586617,0.10576923076923078,n.d.,n.d.,0.04807692307692307,0.09134615384615385,0.20673076923076925,1.4375867666208906,0.734389125441755,2.052804183949007,2.5356115182770376,2.5233553958163886,2.029742877545317,n.d.,0.23076923076923078,0.14008796899297693,4.0,0.8051037849246387,0.5144230769230769,0.2,1.5,0.3333333333333333,1.0,0.1176923076923077,1.0085470085470085,0.20570175438596489
S3,3,W03_C8,EVAE,12.05312213724026,7.346296868076513,15.406488247442194,3.911482267293889,n.d.,6.833256879109481,2.3499229108800637,0.07451923076923078,15.439507593013088,6.0733643701094255,0.14946266968325791,2.972749513760686,2.4231159013455152,0.10576923076923078,n.d.,n.d.,0.06666666666666667,0.15384615384615385,0.25240384615384615,0.9882239905760553,1.3614337713874018,2.726532851466753,3.1304084584320004,2.111941338282546,1.8911324047660643,n.d.,0.23076923076923078,0.33177619103460987,2.0,1.390762274806626,0.8894230769230769,0.2,1.5,0.3333333333333333,1.0,0.11126373626373626,0.709904474610357,0.15679824561403505
S3,3,W03_C8,KDE-cl,10.67842281209106,6.184497788219915,11.543947985906453,3.8623110569347046,n.d.,5.419215368443845,1.9186466248789182,0.009615384615384637,11.212477236225027,6.324814699533777,0.15865384615384615,3.317083110268319,2.2920132186713578,0.10576923076923078,n.d.,n.d.,0.04807692307692307,0.09134615384615385,0.20673076923076925,1.3128339349504845,1.087926788071231,1.1171331355175007,1.5239295657569145,2.624274645738841,2.100007845452595,n.d.,0.23076923076923078,0.23832253304398737,7.0,0.7515092409594526,0.26442307692307687,0.2,1.5,0.3333333333333333,1.0,0.12771739130434784,1.4682539682539684,0.2699490662139219
S3,3,W04_C7,ADFNE-cl,18.694197638286425,8.922598898192021,4.910750904542844,8.846198185164194,n.d.,8.509650511438302,4.494255922438455,0.0892857142857143,2.7948291940153456,1.7294814579224438,0.0267857142857143,8.844470156501453,2.00526215132993,0.30357142857142855,n.d.,n.d.,0.125,0.0625,0.3035714285714286,2.2969677750172566,0.8429093182957748,5.4358795187120705,2.5262996048577033,10.504793185446427,1.4650061847468672,n.d.,1.2857142857142858,0.6331673036873104,n.d.,2.680833782868361,0.3125,2.0,1.5,0.3333333333333333,n.d.,0.14285714285714285,1.5692307692307694,0.3077651515151515
S3,3,W04_C7,EVAE,19.213088826868926,11.599935779024081,7.042645604540746,10.42940573372118,n.d.,9.478284954022204,8.424709347676188,0.12016806722689077,4.190262216622833,3.8570166196472533,0.05882352941176472,10.44241675183246,1.6606890469356195,0.26138876603272887,n.d.,n.d.,0.16718266253869968,0.058823529411764705,0.3455513784461153,1.8075102702322114,0.981320135032851,4.5104422726926865,3.621546883350811,10.777363047713866,2.2499333134106685,n.d.,1.2857142857142858,0.9848498807354303,n.d.,1.4775214717190852,0.1875,2.0,1.0,0.3333333333333333,n.d.,0.09526209677419355,1.0161290322580645,0.22401433691756273
S3,3,W04_C7,KDE-cl,19.33008379392121,10.815361501742426,5.841769347109599,8.491186412498058,n.d.,10.659051061825224,5.155397010273164,0.0892857142857143,2.7845034517835425,1.9747861955088202,0.0267857142857143,8.489458383835316,1.3572971523003234,0.30357142857142855,n.d.,n.d.,0.125,0.0625,0.3035714285714286,2.3410243990320185,0.5459756194277893,5.65734949922645,1.9319882320136685,10.004164772195793,2.026746201696212,n.d.,1.2857142857142858,0.8062723502194173,n.d.,2.774134559495838,0.25,2.0,1.5,0.3333333333333333,n.d.,0.15692307692307694,1.776551724137931,0.35214626391096976
S3,3,W04_C8,ADFNE-cl,16.00922559629635,5.550882550577529,6.490442652149726,10.499328421663908,n.d.,1.6441890823886165,2.5357450059214157,0.0,3.35320901785828,6.462501074910097,0.0625,10.507091342145621,1.4961166278877556,0.125,n.d.,n.d.,0.125,0.0625,0.1875,1.8979796733777095,1.7125545898759125,1.6795073163661893,5.093968521223118,2.774297782491561,2.0515438599598728,n.d.,1.0,0.5191885440345435,5.0,2.085597049498575,0.125,1.0,1.5,0.0,n.d.,0.04620689655172414,0.5086206896551724,0.09978238607270867
S3,3,W04_C8,EVAE,16.70504759046996,7.161743229140042,9.102606710364014,11.576286302044629,n.d.,2.918803449990432,4.172318194543144,0.0625,3.616801338281583,7.0239065762012824,0.0625,11.5764990479606,1.321334015322488,0.0784313725490196,n.d.,n.d.,0.13942307692307693,0.0625,0.22474747474747475,1.1229996725814841,0.4030025005340576,0.4135361313819885,3.4875684335414814,1.6738509614229977,1.7828567324411722,n.d.,1.0,0.8648637148087888,3.0,1.1685261312292643,0.375,1.0,1.0,0.25,n.d.,0.05123152709359606,0.2206896551724138,0.07947900053163211
S3,3,W04_C8,KDE-cl,16.44579728198483,6.581059556538358,8.801223853793427,7.947294596522065,n.d.,3.5829777276765835,2.8564195568863884,0.0,2.973640242488921,7.644427347708878,0.0625,7.947294596522065,1.4592797350429982,0.125,n.d.,n.d.,0.125,0.0625,0.1875,1.7031744639048374,0.686180750645784,1.945994146836848,4.573906773155494,1.654741488506092,1.8755443882353182,n.d.,1.0,0.5875491465247986,5.0,2.038360028807017,0.125,1.0,1.5,0.0,n.d.,0.05119825708061003,0.5086206896551724,0.1062091503267974
S3,3,W05_C7,ADFNE-cl,19.311253162374705,9.960079718756738,8.7219657522377,6.169932492642889,n.d.,9.778152020405216,2.070736858351477,0.1527777777777778,7.919707334060264,2.369073443121481,0.13194444444444442,6.171301541549689,2.517637020728759,0.09722222222222221,n.d.,n.d.,0.06944444444444445,0.0069444444444444475,0.22916666666666663,1.3424093568389366,0.8744182562413041,1.6194303792732785,4.029722236756802,1.6301611870376318,2.6206245622380226,n.d.,0.1111111111111111,0.15053844532452706,1.75,0.6406367841953492,0.45833333333333337,0.5,0.375,0.5,1.0,0.0458892958892959,0.8060731538992408,0.1401098901098901
S3,3,W05_C7,EVAE,18.78504743938212,8.68678224998264,4.980326527753501,4.630548052103254,n.d.,7.854032712046383,4.256005685764877,0.1527777777777778,2.412691412787953,2.5867923000689315,0.19444444444444442,4.138407526444249,2.418325370027552,0.09722222222222221,n.d.,n.d.,0.1047008547008547,0.05555555555555555,0.28338675213675213,0.8315502330407472,0.3416081597988663,0.5697532800012062,3.042307346089547,1.5897781865756047,2.156124442406919,n.d.,0.1111111111111111,0.08797865102856542,0.5,1.4109867097466875,0.16666666666666663,0.5,0.5,0.5,1.0,0.06439560439560438,0.25823451910408435,0.09268549485940787
S3,3,W05_C7,KDE-cl,19.947837990512006,9.981782221636234,7.97929994976797,5.103774996310564,n.d.,9.951479161807667,2.2298456552119905,0.1527777777777778,6.888367720420934,1.9276706762533626,0.13194444444444442,4.971190238542537,2.2310599175579817,0.09722222222222221,n.d.,n.d.,0.06944444444444445,0.0069444444444444475,0.22916666666666663,1.3870480196073425,0.703607770576748,1.3664220508128482,4.194992815630208,1.7722439207112908,2.626984142401983,n.d.,0.1111111111111111,0.17743927382662167,2.5,0.7485832167594676,0.39583333333333337,0.5,0.375,0.5,1.0,0.05454545454545455,0.9298029556650247,0.17384489573395123
S3,3,W05_C8,ADFNE-cl,12.799309121786578,6.609875469296893,6.1407367590815305,5.291744407116732,6.133353599436171,3.6300172166415425,4.246318582843636,0.11184210526315791,5.61643944081877,2.1044734233896567,0.04934210526315791,2.287216499643386,4.4809463822792255,0.1381578947368421,2.3958711730184854,4.81157589694144,0.019736842105263164,0.042763157894736836,0.18092105263157895,1.382828664748431,1.8972233777288183,1.5377086622886071,2.0484241097607425,1.7696862901879677,2.487610618551056,9.74075212033625,0.15789473684210525,0.26460730204155125,1.0,0.7031774760098459,0.2203947368421053,0.2,0.0,0.6,0.0,0.1223076923076923,0.4414814814814815,0.13528138528138528
S3,3,W05_C8,EVAE,12.947640137290932,4.759146509210129,8.396234648723532,4.13344408065689,7.452696026078522,1.5556643205530785,2.8597247744556977,0.11184210526315791,7.300642217677339,2.1069652340673417,0.07291666666666666,1.6696462373518104,2.01787941643987,0.1381578947368421,6.817719079085615,4.58200314063307,0.040178571428571425,0.06313131313131314,0.22462406015037595,0.8806703887866637,0.4343613230228749,0.9816554393819232,3.643664340356718,1.3537605314295216,1.5100124149485823,9.218304391313877,0.15789473684210525,0.16242945792771046,0.3333333333333333,1.195141130424167,0.31452429149797567,0.2,0.2,0.6,0.5,0.1388294314381271,0.37280632411067194,0.12743707904998225
S3,3,W05_C8,KDE-cl,13.42277530721708,6.331601776054363,5.669237527934449,5.82428999838361,6.233524360270964,2.842137607848442,4.969676855310835,0.11184210526315791,5.043351971005073,1.8271117789422058,0.04934210526315791,3.7797782451555806,4.405785106122233,0.1381578947368421,4.458572142680553,6.010372989477119,0.019736842105263164,0.042763157894736836,0.18092105263157895,1.2038115193541434,0.9615638086731576,0.7565251027186115,1.6147972319979382,1.5372170994434735,2.487620538574611,9.064272023276736,0.15789473684210525,0.20584414857497035,1.3333333333333333,0.7234940438954243,0.3453947368421053,0.2,0.0,0.6,0.0,0.10931818181818181,0.48,0.1437665343915344
S3,3,W06_C7,ADFNE-cl,15.001450648657695,8.099211262803836,4.216449543131899,5.339116420930387,4.837145468507836,7.4469488321495,1.9711759987620159,0.11794871794871797,3.357563207150184,1.7513533049238337,0.09230769230769231,5.344408153890093,1.784516803381851,0.046153846153846156,4.837145468507854,1.8049675256922173,0.056410256410256404,0.07692307692307693,0.1948717948717949,1.624935288038535,2.0056903877345627,2.320912198851101,1.8030884593550263,3.022158958055712,2.8563352365656005,4.597223571604313,0.13333333333333333,0.32809819775156335,1.0,0.7090896826971169,0.439102564102564,0.25,0.3333333333333333,0.3333333333333333,0.5,0.05189576928707364,0.701010101010101,0.13795977011494254
S3,3,W06_C7,EVAE,17.519166612116283,10.771940712723215,6.818489721590353,3.897981673901139,5.790807638066884,10.69819078167827,2.381677903072193,0.14754901960784314,3.6341236664612158,3.2474691017418724,0.14114832535885166,3.8963845199453377,1.6171592562686392,0.0786764705882353,3.536422735907215,3.86002719485979,0.04278074866310161,0.05263157894736842,0.2324561403508772,1.4138360589912287,0.8986788272273227,0.6553785982629234,2.68811498124553,3.8166310791944653,2.6928375032969902,1.7899328847932345,0.13333333333333333,0.08029169904507505,1.0,1.0062384977558045,0.9834558823529411,0.625,0.3333333333333333,0.3333333333333333,0.5,0.08101851851851852,0.6944444444444445,0.1405993431855501
S3,3,W06_C7,KDE-cl,14.954205726412475,7.145232830292455,7.031431718803616,7.263940963916659,n.d.,6.042205435275813,1.9947196823854325,0.11794871794871797,4.981155428469409,3.52820198340404,0.09230769230769231,7.26923269687636,2.3974736852440452,0.046153846153846156,n.d.,n.d.,0.056410256410256404,0.07692307692307693,0.19487179487179487,1.7518740449526349,1.3633798877419046,2.711398271737218,1.5251219940785659,3.1679358440368555,2.7582605342286284,n.d.,0.13333333333333333,0.30876556394189497,1.25,0.733152675650012,0.439102564102564,0.25,0.3333333333333333,0.3333333333333333,0.5,0.06613756613756613,0.8888888888888888,0.17291536050156742
S3,3,W06_C8,ADFNE-cl,23.629908835637465,n.d.,5.799731031495817,4.4036935458683395,6.753652763017415,n.d.,n.d.,0.38461538461538464,3.7221843139200326,1.7332542521038077,0.025641025641025605,4.257957406411254,1.760947126587212,0.17948717948717946,5.484459805400094,1.9250532022905027,0.2564102564102564,0.07692307692307693,0.46153846153846145,3.599271869052342,3.042304485014963,4.057859833204551,n.d.,2.9094093643484786,10.850097443810927,2.0006557215356984,1.1666666666666667,0.28226757390254065,3.0,3.0642782118990533,0.15544871794871795,n.d.,1.0,0.0,0.5,0.10263157894736842,0.8472222222222222,0.17157894736842105
S3,3,W06_C8,EVAE,25.08936887558013,n.d.,5.313308841292976,4.509057145323699,4.616353599137572,n.d.,n.d.,0.375,3.079522462761306,2.8115818068962737,0.08333333333333331,2.3064388494859234,3.6760903413351107,0.1875,2.9274166442765406,2.607861827929598,0.20833333333333331,0.0625,0.47291666666666665,2.6722869533222964,2.6117501484582597,3.106078359199679,n.d.,3.0661098407624596,10.429373554248613,1.7953863912888282,1.6666666666666667,0.7452832138535368,3.0,3.191227174105091,0.5833333333333334,n.d.,1.0,0.5,0.5,0.11145510835913312,0.8187134502923976,0.163768115942029
S3,3,W06_C8,KDE-cl,23.70875180662845,n.d.,5.715445283638758,4.994406947735689,n.d.,n.d.,n.d.,0.38461538461538464,4.928161675237199,2.979872361131659,0.025641025641025605,3.3885439999370526,2.2335549987141987,0.17948717948717946,n.d.,n.d.,0.2564102564102564,0.07692307692307693,0.46153846153846145,2.894694023850783,2.2953322360102035,4.164699988750067,n.d.,2.8105861767093328,9.292809255210106,n.d.,1.1666666666666667,0.45539370322769956,4.0,3.1894349882959947,0.23076923076923073,n.d.,1.0,0.0,0.5,0.1464285714285714,1.1356421356421356,0.20769230769230773
