fold,box,method,orient_w1_deg,oc1_w1_deg,oc2_w1_deg,oc3_w1_deg,oc4_w1_deg,oc1_centre_err_deg,oc1_spread_err_deg,oc1_share_err,oc2_centre_err_deg,oc2_spread_err_deg,oc2_share_err,oc3_centre_err_deg,oc3_spread_err_deg,oc3_share_err,oc4_centre_err_deg,oc4_spread_err_deg,oc4_share_err,unclustered_share_err,cluster_share_tv,len_w1_m,len_med_err_m,len_p90_err_m,oc1_len_w1_m,oc2_len_w1_m,oc3_len_w1_m,oc4_len_w1_m,P20_relerr,P21_relerr,P22_relerr,nn_w1_m,cluster_vmr_err,oc1_count_relerr,oc2_count_relerr,oc3_count_relerr,oc4_count_relerr,term_share_err,CL_err,node_tv,n
0,W02_C2,A_double,13.270688508190123,6.324890640736444,8.453372009531344,5.648421734825217,n.d.,4.17225304593764,2.969502004527297,0.11742424242424243,6.16448048137233,6.58508003270258,0.25,2.9554285329505863,3.747221278662011,0.11778846153846154,n.d.,n.d.,0.20714285714285713,0.06904761904761905,0.34545454545454546,3.5285607420066367,4.4372748681887675,4.012830927625773,4.251916132055619,5.150265083335892,4.099298322298915,n.d.,0.3,0.16063293650342975,0.6,1.5273909956217215,0.25061813186813187,0.5,0.4,0.75,n.d.,0.06904761904761905,1.38743961352657,0.25286478227654696,13.0
0,W02_C2,A_half,11.832696155920868,7.548601723920369,7.51369510679127,4.3615801578165385,n.d.,5.741908126737622,2.680515987324183,0.08571428571428572,5.031629110413403,6.014350749393225,0.2692307692307692,2.5529623408259225,2.731974707099985,0.09134615384615385,n.d.,n.d.,0.15384615384615385,0.06111111111111111,0.3384615384615385,3.7067357123357825,4.416854624293546,4.6144001213796235,3.8288639807369504,5.785586757366186,4.481036188624128,n.d.,0.3,0.15189516712615755,0.4,1.3268326298638233,0.28024475524475523,0.3333333333333333,0.4,0.5,n.d.,0.08893280632411067,1.4603174603174605,0.24986316365626707,13.0
0,W02_C2,B_double,11.541982429076501,6.131325397472415,7.951794556488526,5.0048942204183895,n.d.,5.570460051845303,2.511817294229134,0.11176470588235295,4.082151992658744,6.336184268472538,0.21008403361344538,3.1819603309292543,2.7152592433961664,0.07083333333333335,n.d.,n.d.,0.14835164835164835,0.0625,0.318552036199095,3.7896741955538937,4.6028359515411985,4.6371275714047115,3.8260246920461247,5.123679784500116,4.24898650888763,n.d.,0.45,0.07828893338235998,0.4,1.283680875926661,0.3354166666666667,0.6666666666666666,0.30000000000000004,0.5,n.d.,0.07275132275132275,1.4882154882154883,0.24587912087912084,14.5
0,W02_C2,B_half,11.605677217183397,5.94994619965488,6.365771129485108,4.538376157824684,n.d.,4.839014274261023,3.1569904840113745,0.0888888888888889,3.3933104110584513,3.3312568726909326,0.2272727272727273,3.162170485368426,2.828966133834656,0.0727272727272727,n.d.,n.d.,0.13942307692307693,0.06904761904761905,0.30625,4.080195937113584,5.251158606410811,5.060408091389876,3.619134880543724,5.723284647116155,4.203198593102149,n.d.,0.25,0.2043490556363866,0.4,1.324610816293257,0.35833333333333334,0.6666666666666666,0.30000000000000004,0.5,n.d.,0.07738095238095238,1.2222222222222223,0.21428571428571425,12.5
0,W02_C2,C_double,12.53916676274974,6.77235557055404,6.439989203585378,4.98260196977693,n.d.,3.838943282180449,4.073535766461251,0.08461538461538465,2.2850017273564336,4.958050269975459,0.24166666666666667,3.818973410125092,1.89646686041054,0.06666666666666667,n.d.,n.d.,0.15384615384615385,0.06904761904761905,0.3139423076923077,4.043018881895258,5.1832309920819215,5.739499362557588,3.755760811979399,5.9994391173608985,3.697150275207327,n.d.,0.4,0.1509638953809791,0.6,1.3775646855081878,0.3821428571428572,0.5,0.4,0.5,n.d.,0.045454545454545456,1.5555555555555558,0.26168831168831164,14.0
0,W02_C2,C_half,12.206621553401908,9.705550985385981,6.189925805701723,4.8610513321957995,n.d.,8.074965910039511,5.250951638710179,0.11428571428571427,3.698718075957059,4.6377813190019435,0.23214285714285715,2.7631434657182865,1.9537184841076678,0.05714285714285716,n.d.,n.d.,0.15384615384615385,0.1,0.3563492063492063,3.5683676950189085,4.657997834504947,4.065442624498138,4.280835725903299,4.6787922035124705,4.678657401625763,n.d.,0.4,0.11758014858648039,0.6,1.2560302457984562,0.3125,0.3333333333333333,0.4,0.5,n.d.,0.08347826086956522,1.4222222222222223,0.2682100508187465,14.0
0,W02_C2,D_double,12.195848185201253,5.8402431583180014,5.978349580972571,5.257349745923342,n.d.,4.021294442715611,2.7539764854407656,0.08571428571428572,3.489051197712477,4.3337755030785505,0.21008403361344538,2.9338600600092564,3.878032803995535,0.0823529411764706,n.d.,n.d.,0.14835164835164835,0.06904761904761905,0.30000000000000004,3.9960890182466486,4.5320592150279735,5.1244082776792155,4.075230693663448,5.318750297793752,5.046427057048959,n.d.,0.45,0.11644321867395122,0.5,1.3201565199204786,0.5160714285714285,0.6666666666666666,0.2,0.5,n.d.,0.09307359307359307,1.3567251461988306,0.24357142857142855,14.5
0,W02_C2,D_half,11.975053672361522,6.574390234618555,5.303454338620286,5.099455518939317,n.d.,5.039933823422917,3.4393713095387337,0.08194444444444446,2.0892502433825157,3.089093607922896,0.20714285714285716,2.4271698727908713,3.183274560218008,0.08006535947712419,n.d.,n.d.,0.17424242424242425,0.0625,0.3055555555555556,3.8165720114398862,4.7142809342359,4.9467226592786435,3.3583655053275496,5.969144452753665,5.067868991671265,n.d.,0.45,0.09134804537148791,0.6,1.3903852791729312,0.36130952380952386,0.3333333333333333,0.2,0.5,n.d.,0.050505050505050504,1.473970473970474,0.2571428571428571,14.5
0,W02_C2,Paper,11.239197752126103,6.87318045538232,6.751176736684226,6.848903592177894,n.d.,5.034354519013556,2.8945040374130055,0.14523809523809522,2.9053886718304023,4.959552081625738,0.16666666666666669,4.782081738594304,2.5566573039153773,0.1085972850678733,n.d.,n.d.,0.16517857142857142,0.0625,0.30625,4.148216812281673,5.093480317190748,4.522089335132371,4.351824625225106,5.430077219630455,4.746002369353223,n.d.,0.4,0.1362883863051536,0.4,1.2530849477509338,0.20654761904761904,0.5,0.30000000000000004,0.75,n.d.,0.10818713450292397,1.3663869819476229,0.22049689440993786,14.0
0,W04_C2,A_double,9.664971432730798,5.323778594525219,6.87418856418136,6.570511188080756,n.d.,3.3824102249002976,1.3753800714907358,0.13392857142857142,4.81226000860177,2.095624752818077,0.07142857142857144,5.427803953111232,3.134553305127775,0.07142857142857142,n.d.,n.d.,0.07142857142857142,0.06666666666666667,0.23214285714285712,2.4089368663747943,1.4472616615530787,3.755299810557732,4.872343954989264,1.9905300003986384,6.691122018001122,n.d.,0.07142857142857142,0.28695328083988725,0.5,1.3996289530032824,0.5714285714285714,0.2857142857142857,0.25,0.5,1.0,0.11904761904761904,1.6841736694677873,0.25384615384615383,14.0
0,W04_C2,A_half,10.035684921524844,5.670127872177288,7.2462307791002,3.92010796108307,n.d.,2.622008086285348,1.7745421646348647,0.15476190476190477,4.5805031468197015,3.523565025184486,0.09855769230769232,1.5436469192914712,3.4254097094592795,0.07142857142857142,n.d.,n.d.,0.10014005602240897,0.06066176470588235,0.24505494505494507,2.4852579014793217,1.3420477887989928,3.999308023839361,4.057637895398892,1.670662701723242,5.330681496807346,n.d.,0.07142857142857142,0.2989595707901369,0.6666666666666666,1.381078202553632,0.6298076923076923,0.2857142857142857,0.25,0.5,1.5,0.16416040100250626,1.922305764411028,0.3016483516483516,14.0
0,W04_C2,B_double,12.001263498500851,5.175590590812195,5.615952720393925,4.709641831163667,n.d.,3.220030319608706,2.1919870785661617,0.12019230769230768,2.8016761854534833,3.5739903373610353,0.0982142857142857,4.259610169482433,2.2635276700363223,0.06868131868131867,n.d.,n.d.,0.07142857142857142,0.03125,0.23482142857142857,2.4716397034947404,1.4161684570182835,5.027941953798227,4.180682906543897,1.6532782714643561,6.69832732182314,n.d.,0.07142857142857142,0.27022314552016574,0.6666666666666666,1.3356146839883838,0.6461538461538461,0.2857142857142857,0.25,0.5,1.0,0.14732142857142855,1.7904761904761908,0.2797101449275362,14.0
0,W04_C2,B_half,10.131463191995193,5.4701945462647625,6.046771854814638,4.195212421025041,n.d.,2.981604689111953,1.724164138704083,0.1568627450980392,4.828400032937559,2.4464482912910555,0.07894736842105263,3.2875865072808756,2.7288350981717233,0.039128151260504215,n.d.,n.d.,0.06666666666666667,0.0625,0.23855092276144907,2.7637975304643345,2.3273651328958906,4.49498249863313,3.6584471398322576,1.3673470950326805,6.904732307331391,n.d.,0.21428571428571427,0.19790974463458966,0.3333333333333333,1.254228668080045,0.7083333333333333,0.2857142857142857,0.25,0.5,1.0,0.12732919254658384,1.552910052910053,0.23251689189189184,16.5
0,W04_C2,C_double,11.204190530285338,6.010718376731733,6.791151584950461,3.911511552120427,n.d.,5.125591242233215,1.9486835930266224,0.1449579831932773,4.731363786382177,2.5986824233366566,0.07142857142857142,2.3953213682290753,1.6864292075866523,0.07142857142857142,n.d.,n.d.,0.11055672268907564,0.0,0.21008403361344538,2.63029506296097,2.2172476999246324,4.319427661983491,3.885479599692209,1.8086663675739048,6.4093450201004,n.d.,0.07142857142857142,0.26530329092511395,0.6666666666666666,1.4690001690730325,0.7169117647058824,0.2857142857142857,0.25,0.5,2.0,0.19155844155844154,2.012987012987013,0.32499999999999996,14.5
0,W04_C2,C_half,11.070735193171199,6.421550937365506,6.360033305251362,5.221251535538412,n.d.,5.448480939465766,2.389999968462252,0.16666666666666669,5.396811616617793,1.6640382777667906,0.07142857142857144,3.9456400320711436,4.494726230246856,0.0738095238095238,n.d.,n.d.,0.11190476190476191,0.0,0.2523809523809524,2.3650201404223017,1.7476079764601538,3.5510651508859437,4.8823382150768975,2.0953344424480163,4.493181453095813,n.d.,0.07142857142857142,0.2638552919809668,0.6666666666666666,1.3150857139022092,0.6625,0.2857142857142857,0.25,0.5,1.5,0.12337662337662336,1.7168831168831171,0.2645604395604395,14.0
0,W04_C2,D_double,10.380073987077754,5.317493875557619,6.200224702097889,3.1161815397667922,n.d.,3.446970732641374,2.4904423564523497,0.09821428571428573,3.5617771952353388,3.027274361643764,0.07857142857142857,2.032498924034229,2.574412680191286,0.050892857142857156,n.d.,n.d.,0.07142857142857142,0.05718954248366013,0.21428571428571427,2.646656829486477,1.478540779976691,5.205590132861502,4.205452661795864,2.734747344327953,8.367551319458343,n.d.,0.0,0.2729722944343268,0.6666666666666666,1.3678968148417532,0.9375,0.14285714285714285,0.5,0.5,1.0,0.13980295566502463,1.7964285714285717,0.29999999999999993,14.0
0,W04_C2,D_half,10.999641660920927,5.337930483885225,7.014056332183095,5.206478999970239,n.d.,4.157563553963064,1.5997714297378867,0.12019230769230768,7.0121404540893675,3.402206820145823,0.07857142857142857,3.7618536816191845,2.5329249194788854,0.07619047619047618,n.d.,n.d.,0.07142857142857142,0.058823529411764705,0.23277310924369748,2.5128808928245183,1.9232894251421706,4.363564784153215,3.9121778187518164,1.7676593598745463,8.562521263719963,n.d.,0.14285714285714285,0.2051197353371046,0.5,1.4511197569954593,0.6944444444444444,0.14285714285714285,0.25,0.5,1.0,0.1415343915343915,1.8375350140056024,0.287719298245614,15.0
0,W04_C2,Paper,10.29850198657213,5.657008253756982,6.697160836817037,3.964937844689838,n.d.,3.6325349135275005,2.6712033688924732,0.11538461538461536,6.46117536885153,3.1952922849695797,0.09230769230769231,3.251188195991394,2.9996335246705197,0.06868131868131867,n.d.,n.d.,0.07142857142857142,0.07142857142857142,0.19780219780219777,2.7030360237068987,1.6721436307045816,4.366164347429334,4.376039285344451,1.7030395434285919,6.783073839127395,n.d.,0.07142857142857142,0.27749519908043146,0.5,1.254762244119704,0.5416666666666666,0.21428571428571427,0.25,0.5,1.0,0.1326190476190476,1.6984126984126986,0.2600961538461538,14.0
0,W04_C4,A_double,14.37653928019827,8.124756529098454,6.152876317391753,n.d.,n.d.,4.302950662079679,4.80852346396918,0.22912087912087908,3.962220826733952,3.5622290121073426,0.07747252747252746,n.d.,n.d.,0.06666666666666665,n.d.,n.d.,0.14285714285714285,0.07142857142857142,0.3011904761904762,1.564999074578005,0.8045055276752949,2.512096433469697,3.0414165266368958,2.983208502141318,n.d.,n.d.,0.4,0.1197107473963818,2.0,1.0306419432402927,0.13502673796791445,0.16666666666666666,0.3333333333333333,1.0,n.d.,0.07670454545454546,0.4899267399267399,0.10529556650246308,14.0
0,W04_C4,A_half,14.59331928029166,7.6429102343557656,7.694597434699607,n.d.,n.d.,5.3532749419852665,4.08294227918867,0.26666666666666666,3.638577035568403,5.997174195426747,0.08571428571428572,n.d.,n.d.,0.042857142857142844,n.d.,n.d.,0.20714285714285713,0.0,0.3270833333333333,1.6058845513468554,0.6236925108939367,2.859332429532869,2.1188629087374538,3.201122434024969,n.d.,n.d.,0.4,0.10420187219395738,1.0,1.1855499593549323,0.10384615384615387,0.3333333333333333,0.3333333333333333,1.0,n.d.,0.08333333333333333,0.4899267399267399,0.11168179646440518,14.0
0,W04_C4,B_double,13.42734561636173,7.18249872497506,6.228393711145819,n.d.,n.d.,5.253627404411759,4.177342974178262,0.21538461538461534,3.5570377311173513,2.747545280558729,0.13541666666666669,n.d.,n.d.,0.07142857142857142,n.d.,n.d.,0.1875,0.0,0.3285714285714285,1.5022163973933138,0.6042933040029519,3.3644951400772705,2.8645084401001486,3.1929343852811347,n.d.,n.d.,0.45,0.17340003873896329,2.0,1.2749287196051253,0.08750000000000002,0.16666666666666666,0.3333333333333333,1.0,n.d.,0.05718954248366013,0.36103834246249106,0.0886876281613124,14.5
0,W04_C4,B_half,16.102461345864068,7.366904742696047,7.3131705968788445,n.d.,n.d.,3.3030213383671745,4.952347690232181,0.27708333333333335,3.1657673563666986,4.9122285795043625,0.09999999999999998,n.d.,n.d.,0.08823529411764706,n.d.,n.d.,0.12916666666666665,0.08012820512820512,0.34326923076923077,1.8008582146019685,1.471381302902889,3.2953544506742793,2.5121417799262318,3.0832256635270956,n.d.,n.d.,0.5,0.1667677451975761,3.0,1.1156542979790793,0.17916666666666667,0.16666666666666666,0.3333333333333333,1.0,n.d.,0.11805555555555555,0.9601648351648352,0.19250331711632024,15.0
0,W04_C4,C_double,14.61507712592942,7.5671088129960875,7.804114487394856,n.d.,n.d.,4.399636217800649,4.9281653175451,0.19999999999999996,3.305552777273207,5.622995946753293,0.08571428571428572,n.d.,n.d.,0.09375,n.d.,n.d.,0.15384615384615385,0.0,0.3055555555555555,1.7183691924282227,1.516183948073081,3.583637749111693,2.752737609354895,2.8467214863624295,n.d.,n.d.,0.4,0.08135454895583849,1.0,0.9836024629467521,0.0715277777777778,0.16666666666666666,0.3333333333333333,1.0,n.d.,0.047619047619047616,0.2857142857142857,0.07894736842105264,14.0
0,W04_C4,C_half,14.166730707025462,7.401510530083628,6.596383857423137,n.d.,n.d.,4.7793618943274865,5.081618065236902,0.24285714285714283,3.2130540708748887,3.125288798246638,0.09285714285714285,n.d.,n.d.,0.1,n.d.,n.d.,0.17424242424242425,0.06904761904761905,0.3357142857142857,1.3083655543956345,0.5010413093815086,2.6033627219751123,2.831202566011853,3.2173720491349664,n.d.,n.d.,0.4,0.14866573271873615,2.0,1.2692934892954375,0.1517857142857143,0.16666666666666666,0.3333333333333333,1.0,n.d.,0.08695652173913043,0.5618729096989966,0.1208791208791209,14.0
0,W04_C4,D_double,13.682475861085866,5.799868443438515,6.721497098190429,n.d.,n.d.,4.311847052176121,4.58828264571694,0.24285714285714283,3.0369590039837977,5.136910254102329,0.08571428571428572,n.d.,n.d.,0.042857142857142844,n.d.,n.d.,0.15476190476190477,0.0,0.2794642857142857,1.7199833260784103,0.8245791308610773,4.146796252027934,2.364111083770441,3.0776968325836473,n.d.,n.d.,0.4,0.12584862866791396,1.0,1.0506887887541585,0.1875,0.16666666666666666,0.3333333333333333,1.0,n.d.,0.09761904761904762,0.5684981684981685,0.1414337474120083,14.0
0,W04_C4,D_half,15.020312625636867,5.575315944681908,6.388573463393462,n.d.,n.d.,4.301090712097133,3.6589965137278924,0.23961038961038958,4.779756233164079,3.5045782147688125,0.07500000000000001,n.d.,n.d.,0.0846590909090909,n.d.,n.d.,0.1875,0.0,0.3330357142857142,1.6815730697808164,0.9492402469179251,3.153039497907424,2.3954326544732307,2.9695865515065303,n.d.,n.d.,0.55,0.19920101211454921,1.5,1.1925251752649735,0.10340909090909092,0.16666666666666666,0.3333333333333333,1.0,n.d.,0.08166666666666667,0.45787545787545786,0.10876623376623379,15.5
0,W04_C4,Paper,14.263619883662557,7.96799998722657,5.7533505320294775,n.d.,n.d.,3.935627726860299,4.489427163464509,0.241025641025641,1.9646852663459433,4.864137434676604,0.10833333333333336,n.d.,n.d.,0.05384615384615385,n.d.,n.d.,0.15384615384615385,0.0,0.3191919191919192,1.5958576384054997,0.9591890844233103,3.2707425780847323,2.607616290216287,2.608118091491345,n.d.,n.d.,0.4,0.11411566063618175,2.0,1.1325739085160365,0.1785714285714286,0.3333333333333333,0.3333333333333333,1.0,n.d.,0.09523809523809523,0.6032807771938207,0.12472527472527473,14.0
0,W04_C6,A_double,11.616765723769014,4.922711892951332,5.780620699895689,6.014410954586541,n.d.,3.4520649879634187,2.4825685185732436,0.0625,4.763436395039606,3.894543251732741,0.05952380952380952,4.164366856505599,2.533003753626118,0.08806818181818182,n.d.,n.d.,0.08241758241758243,0.06666666666666667,0.19986263736263737,1.8157177942424083,0.8907670190726141,2.3239564144333813,6.205385860770387,3.0415146187788435,2.4031651442728164,n.d.,0.07142857142857142,0.17090191523678377,0.5,0.7448695384250206,0.185964770523594,0.25,0.25,0.25,1.0,0.0736842105263158,0.4114832535885168,0.08620169082125606,14.0
0,W04_C6,A_half,12.935007719175212,6.16190493175048,6.191028338350725,5.501597010343829,n.d.,4.4753050286047245,2.4753664142813463,0.047619047619047616,3.579004488463201,3.427787152034819,0.0875,4.810242182548978,1.869589645780401,0.13141025641025642,n.d.,n.d.,0.08241758241758243,0.06666666666666667,0.2523809523809524,1.8246444370676054,0.8829533407472401,1.4791488064239506,6.15674903537654,1.5935010691292726,2.4774458411023876,n.d.,0.07142857142857142,0.1898628736108141,0.5,0.7644251027949003,0.21758241758241753,0.25,0.25,0.5,1.0,0.075,0.3333333333333333,0.0777777777777778,13.0
0,W04_C6,B_double,13.411736553673244,5.386596773520523,5.850119812474387,4.7974064764599715,n.d.,3.6816222109840555,2.6717853952950694,0.09196428571428569,4.840452695998526,2.9589110603470226,0.07857142857142857,4.111402602205863,2.0785953336928245,0.11904761904761904,n.d.,n.d.,0.08882783882783883,0.07142857142857142,0.22619047619047616,1.6799803177818962,0.9302608375602295,1.1135054574756076,6.12827602821311,2.3281123115916533,2.920962551871147,n.d.,0.07142857142857142,0.13514384065005142,1.0,0.8339464074980263,0.28273809523809523,0.25,0.25,0.375,1.0,0.07222222222222222,0.3765182186234818,0.09595959595959594,14.0
0,W04_C6,B_half,11.727552567393907,5.10678925462795,6.331067867182392,4.92983677432081,n.d.,3.853421157342007,2.7220626640345733,0.07894736842105263,5.377531466225162,2.3854212443376355,0.047619047619047616,3.5665326062996954,2.5836931933194336,0.0794205794205794,n.d.,n.d.,0.07692307692307693,0.04989495798319328,0.19047619047619047,2.01958328446206,1.5316000680894644,0.973491013050079,5.366178659675742,2.0948094507971553,1.6814706650770983,n.d.,0.14285714285714285,0.2675624148692316,0.5,0.8163652746935259,0.3235119047619047,0.25,0.25,0.25,1.0,0.054144385026737976,0.358974358974359,0.09178743961352655,13.0
0,W04_C6,C_double,12.689280827936974,6.204182744112573,6.5342801116331755,6.1668150319413115,n.d.,2.4036115877166155,2.897236973462886,0.07142857142857144,4.796618688441454,4.163010138583008,0.07142857142857144,2.1795270632045707,2.831852822151303,0.0982142857142857,n.d.,n.d.,0.13383458646616542,0.06666666666666667,0.22857142857142856,1.8317008158370145,1.5090128649565715,0.8735344047520721,6.444825085219952,1.9119013886106893,2.5506955055505927,n.d.,0.07142857142857142,0.16890882437463003,0.5,0.763815278253871,0.2857142857142857,0.25,0.25,0.25,2.0,0.07954545454545454,0.4415584415584416,0.09722222222222221,14.0
0,W04_C6,C_half,12.651964727471313,7.0009402680259925,6.913108117649918,4.624131727697241,n.d.,1.7645394788697464,4.366697134617024,0.09230769230769231,3.802380666385175,4.700691352217128,0.07142857142857145,2.7643780535575324,2.054156005761421,0.07142857142857145,n.d.,n.d.,0.07142857142857142,0.06666666666666667,0.22023809523809523,1.8422446624965074,0.8631299428658051,1.751736297579668,6.717065486710265,2.1313926501424048,2.7405423279395302,n.d.,0.07142857142857142,0.1527737776486249,0.5,0.8117806983510445,0.1428571428571428,0.375,0.25,0.25,1.0,0.0625,0.40958605664488024,0.08888888888888889,14.0
0,W04_C6,D_double,12.303234099850368,5.896407974271632,5.457435789011952,5.690767979774094,n.d.,4.03981851481277,3.326509531457808,0.07142857142857142,4.215637560523494,3.2731666735391345,0.07142857142857144,4.369108426305716,2.7737172720316554,0.07142857142857142,n.d.,n.d.,0.13571428571428573,0.014239028944911296,0.19285714285714284,1.7763227550261824,0.9802122881392267,1.2535475635251025,6.120998687368866,1.8204902739123758,1.3448515756928336,n.d.,0.03571428571428571,0.1874600372746964,0.5,0.6920345258421184,0.4027777777777778,0.25,0.25,0.25,2.0,0.05570652173913043,0.22774327122153215,0.0725925925925926,14.0
0,W04_C6,D_half,10.804150005004672,5.860283946924089,5.712134461933671,5.236046496226092,n.d.,2.7875092032463518,3.170191011595946,0.04901960784313725,4.019476327818708,3.632087108449558,0.09375,3.9258969242340425,2.5165819211498337,0.07857142857142856,n.d.,n.d.,0.06190476190476191,0.045454545454545456,0.17542016806722688,1.821022744751525,1.0152069429378041,1.2314068941158385,5.653571123717631,2.0819345069472486,1.8021184639829149,n.d.,0.14285714285714285,0.14293357872108048,0.5,0.822209820444922,0.27281746031746024,0.25,0.25,0.25,1.0,0.046538461538461535,0.22774327122153215,0.06845238095238096,14.5
0,W04_C6,Paper,12.626174932623073,5.241791590718201,6.286105735128058,5.222083792135043,n.d.,3.595520424616187,2.5487905892722695,0.10897435897435899,3.6706541014576466,3.884329493173822,0.11904761904761904,3.7007327968717916,2.1319192203376294,0.11904761904761904,n.d.,n.d.,0.1468253968253968,0.04662698412698413,0.27976190476190477,1.9130329097266348,1.2267773175720076,1.530028076263269,5.9716235531768564,2.46384816581915,2.0357410738194925,n.d.,0.10714285714285714,0.19291554648525577,0.5,0.7213272714962111,0.1428571428571428,0.25,0.5,0.25,2.0,0.06743421052631579,0.33333333333333326,0.07523809523809522,13.0
1,W02_C3,A_double,12.911147781410003,n.d.,6.18683849254409,6.025653630612097,2.838315806431609,n.d.,n.d.,0.23076923076923078,2.9403327783320954,2.183670210754622,0.05769230769230771,4.657620666784514,2.2451678014859757,0.10164835164835165,2.004132118666666,1.7749035019781707,0.17857142857142858,0.11190476190476191,0.36190476190476195,1.6094995821503026,0.4097922439993379,0.535060978831644,n.d.,5.348075549144743,6.374325182713534,2.2852237917513945,0.16666666666666666,0.0560099545532665,n.d.,0.695481656310099,0.13690476190476192,n.d.,0.3333333333333333,0.3333333333333333,0.6666666666666666,0.05555555555555555,0.6984126984126984,0.15555555555555553,14.0
1,W02_C3,A_half,13.831742506882385,n.d.,6.765176886123589,6.85860832119794,3.249149376374132,n.d.,n.d.,0.3205128205128205,4.624590247118685,2.0429367221636157,0.05330882352941177,6.1964529420423,2.5873961894314315,0.07291666666666666,1.8741750648227566,1.7131714974738266,0.18333333333333335,0.16666666666666669,0.41666666666666663,1.3366478744751442,0.38108196878326117,0.41729374761351745,n.d.,4.826180465473287,5.844084199619926,2.633270750048025,0.25,0.09435472514456537,n.d.,0.5860603758372347,0.10686274509803922,n.d.,0.3333333333333333,0.3333333333333333,0.6666666666666666,0.06944444444444445,0.71256038647343,0.16650374714890842,15.0
1,W02_C3,B_double,13.90951137019806,n.d.,6.101029680173226,6.3338038904510885,3.461262666501784,n.d.,n.d.,0.3125,4.888468524342122,2.7089442127741963,0.1064102564102564,5.421405006286403,2.5500233473445153,0.10164835164835165,3.05579671727011,3.1862476374184556,0.18541666666666667,0.12083333333333333,0.43028846153846156,1.456783400898332,0.28044625412174007,0.7475194748844827,n.d.,5.015731713367942,5.9096984887273765,2.8283212199255945,0.20833333333333331,0.07865643314573173,n.d.,0.5664832221385032,0.11220238095238097,n.d.,0.6666666666666666,0.3333333333333333,0.6666666666666666,0.04801587301587302,0.8616938616938616,0.17817460317460315,14.5
1,W02_C3,B_half,14.157736855039285,n.d.,6.150151914060619,6.195962681813379,1.8047172187586957,n.d.,n.d.,0.26969696969696966,3.2464579259289814,2.0610913475605215,0.07291666666666666,5.550886556543639,1.8101135908857078,0.08333333333333333,1.7737843496052716,0.7854968378142617,0.18933823529411764,0.12083333333333333,0.3570261437908496,1.8242616217037342,0.6235166084597354,1.2448979287868223,n.d.,5.557942999790445,6.364717763361202,3.9836805745424715,0.25,0.1250291151687189,n.d.,0.6590590704635684,0.11764705882352941,n.d.,0.6666666666666666,0.3333333333333333,0.6666666666666666,0.05555555555555555,0.4785450412048878,0.12764744216357116,15.0
1,W02_C3,C_double,14.547888233030516,n.d.,6.270101250381185,5.602107513838106,3.5786179241797824,n.d.,n.d.,0.3333333333333333,2.4462302025402645,1.9248056401022802,0.08333333333333331,4.363312174867078,2.716302070663074,0.09523809523809525,3.57130767351862,2.7495786934392714,0.18541666666666667,0.1590909090909091,0.4015151515151515,1.685598838607418,0.381745908653644,1.1563902467017835,n.d.,5.108656371158551,6.4421027871855205,3.9408474616613565,0.16666666666666666,0.1429255315562909,n.d.,0.7883235385569654,0.11764705882352941,n.d.,0.3333333333333333,0.3333333333333333,0.6666666666666666,0.05555555555555555,0.7777777777777778,0.1717171717171717,14.0
1,W02_C3,C_half,11.917241516777139,n.d.,6.926215560581648,5.165340993025502,2.9254256333036484,n.d.,n.d.,0.2899159663865546,4.3377445860039,2.5000537320443916,0.08333333333333331,4.784541395307181,1.9756538411966145,0.05769230769230771,2.28676198370028,2.1076735667486113,0.18333333333333335,0.11666666666666667,0.3928571428571429,1.5047553789360726,0.4476799157330241,0.9008624659431891,n.d.,5.003974883218147,6.631924641059774,1.1831367871017398,0.20833333333333331,0.09197042121785912,n.d.,0.6663138172914952,0.16666666666666669,n.d.,0.3333333333333333,0.3333333333333333,0.6666666666666666,0.04880016132284735,0.6198830409356725,0.13636363636363633,14.5
1,W02_C3,D_double,13.763438127767317,n.d.,6.086488305101602,7.140669691908774,4.092936407231006,n.d.,n.d.,0.3076923076923077,3.7349710661060698,2.150587170780508,0.060096153846153855,6.335392346233638,2.474419885808052,0.0625,3.489665722498196,1.926080383157443,0.1875,0.11607142857142858,0.3701923076923077,1.505590216412118,0.3930992790845317,1.0235070586204538,n.d.,4.8807784177668925,6.844564613211077,4.28507542099821,0.20833333333333331,0.08785333935210726,n.d.,0.5920081308842542,0.17291666666666666,n.d.,0.3333333333333333,0.3333333333333333,0.6666666666666666,0.05357142857142857,0.7008547008547009,0.14444444444444443,14.5
1,W02_C3,D_half,14.054859606461726,n.d.,6.537531815654914,5.876535128513763,3.066730422889936,n.d.,n.d.,0.2857142857142857,4.652039175613309,2.126162327213085,0.10164835164835165,3.529356505263072,2.524594537806694,0.10714285714285715,1.2223258254609672,1.9964302258690463,0.18095238095238098,0.125,0.3869047619047619,1.670627766761573,0.4613049517295087,1.8010910292024007,n.d.,5.54038696096079,7.07492132061296,3.431513598152099,0.16666666666666666,0.09093756104607595,n.d.,0.5626752721403478,0.19374999999999998,n.d.,0.6666666666666666,0.3333333333333333,0.6666666666666666,0.05555555555555555,0.709904474610357,0.1568504594820384,14.0
1,W02_C3,Paper,13.860464533138398,n.d.,5.687320614915434,6.022580728936218,3.876204850255207,n.d.,n.d.,0.25,2.2650336711369876,1.1628101071293253,0.1103896103896104,4.142178682368255,1.777071396637373,0.10714285714285715,3.7783379712568816,1.7883712881794673,0.17857142857142858,0.16987179487179488,0.4083333333333333,1.5506459100890662,0.26056975126266535,0.916631167990839,n.d.,5.38042466731598,6.153084083332788,4.973169163108525,0.16666666666666666,0.07760618538534063,n.d.,0.6105169683473926,0.13690476190476192,n.d.,0.6666666666666666,0.3333333333333333,0.6666666666666666,0.04444444444444445,0.6274018379281536,0.14040404040404036,14.0
1,W04_C3,A_double,14.606845157686678,7.681090673524025,7.07382608042566,3.7769596030457526,2.460010442208529,3.2597416423831373,3.8238134618966813,0.13333333333333333,3.907025136648458,6.69631306455746,0.18734335839598998,2.9480799001982505,2.072159978623658,0.08646616541353383,2.109176370706098,1.163361974455789,0.09331140350877193,0.05263157894736842,0.29824561403508776,0.9489955362718083,0.728748407730071,1.3260172568503459,2.3997769881574587,2.3664065114114843,2.1867802936695,4.7568635256963265,0.23684210526315788,0.24497478651619742,2.0,1.0749421126810588,0.19210526315789467,0.4444444444444444,0.6666666666666666,0.3333333333333333,0.6666666666666666,0.08874458874458874,0.2565034965034965,0.10466988727858295,14.5
1,W04_C3,A_half,10.668912171189422,6.905051830285196,7.993842987777583,2.671125951773647,2.7827974926842134,2.6589815539256487,4.236259611701619,0.0692307692307692,3.403194536560491,7.665600707298086,0.18524251805985553,1.7152185844564494,1.5590207419426239,0.08097165991902833,1.160761686931478,0.3940226352899041,0.15789473684210525,0.02749662618083671,0.23292004048582995,1.09206745624002,0.3030591739678412,2.6442010126880056,2.151336031254509,2.6758099678084672,1.5262958952524894,1.3179574201123088,0.21052631578947367,0.21174595583765193,2.0,0.86590967737483,0.1546052631578947,0.3333333333333333,0.6666666666666666,0.6666666666666666,1.0,0.04475703324808185,0.2777777777777778,0.0961321287408244,15.0
1,W04_C3,B_double,12.509942653059088,5.8862865792888766,7.634024992003559,3.436014336344239,2.9705295834046908,2.7789533557589596,3.231000076706854,0.12844611528822053,3.8312532906295984,5.31319415062365,0.1650219298245614,2.150354474821217,2.502761200209094,0.08646616541353383,0.9167088525744673,1.7870192812386243,0.0888471177944862,0.05263157894736842,0.25614035087719295,1.0608575245046437,0.7160871757531195,1.9050278935942044,2.2010898225589246,2.696632267052051,2.479309910613951,1.9222138569609524,0.2631578947368421,0.2494541722840268,2.0,0.6976101123310505,0.19210526315789467,0.3333333333333333,0.6666666666666666,0.5,0.6666666666666666,0.04911433172302737,0.5244755244755245,0.1068751338616406,14.0
1,W04_C3,B_half,14.009921757658446,7.72982471595372,7.1498496474544915,4.492706099738397,2.403016260645618,3.180254359842351,3.7570697639813,0.1877364981080151,3.0936216037108393,6.940917436302392,0.1962719298245614,3.5191926627686843,2.315104184909543,0.04210526315789476,2.403967136790087,0.2882507346850727,0.13011695906432746,0.08546365914786967,0.32886136910904706,1.2187111252936589,0.9665079184590836,3.3002700684335267,2.7038594912058063,2.6370661264478494,2.026876576788395,3.8340022177244175,0.13157894736842105,0.17613997609378568,1.5,0.7696799746127948,0.2409147869674185,0.4444444444444444,1.0,0.3333333333333333,0.8333333333333333,0.06493506493506493,0.34449760765550236,0.0952023988005997,16.5
1,W04_C3,C_double,10.085580402426803,5.628438067565835,6.923144130884507,2.740464844174504,1.974787053077046,1.6917222114329058,3.2027123129472432,0.0607843137254902,4.574842029034915,6.283842739319604,0.17543859649122806,1.8987833064594009,1.873013042119283,0.08097165991902833,1.4866891741919148,1.0127483661369636,0.10070519435844513,0.05263157894736842,0.2537955465587044,1.1592017372665906,0.38607734794687154,3.1553553959563443,1.7667342862643007,2.6944404139651565,2.1725541394877768,1.5370202959995867,0.18421052631578946,0.22019407240806088,1.5,0.832239095226778,0.2796052631578947,0.2222222222222222,0.6666666666666666,0.5,0.6666666666666666,0.06456876456876456,0.3333333333333333,0.12640901771336552,15.5
1,W04_C3,C_half,11.158342567102185,7.671809778849218,8.635543578277503,6.131156839532299,3.550009555419824,3.853044828044082,2.9490988095301587,0.09387651821862344,4.774125428367507,6.505553478249699,0.15460526315789475,4.288281006299085,2.958373767606291,0.032894736842105254,3.5509604315642935,0.6144268180669438,0.08609986504723346,0.05263157894736842,0.2233939628482972,1.0470938524137852,0.9271961625967612,1.364686281230063,2.298206942695285,2.28192417854618,2.2639054566553156,3.3993044754801236,0.21052631578947367,0.19648181642079307,2.0,1.0925554784759695,0.26174812030075184,0.3333333333333333,0.6666666666666666,0.3333333333333333,0.6666666666666666,0.04252199413489735,0.23272727272727267,0.08695652173913046,15.0
1,W04_C3,D_double,11.526183081394493,6.59495675857331,7.21680921398946,4.468131983258489,3.995151822810736,4.686966810840982,3.6298901662879297,0.12844611528822053,3.821014430022977,6.762701192810812,0.17692669172932332,3.8112453576634633,2.276628545098874,0.08371891266628108,2.649072240591788,1.2233158243591502,0.09539473684210525,0.07236842105263158,0.2845394736842105,0.9747680351184134,0.42635819239082884,1.9211037717149337,2.280790458171968,2.7581755168741195,1.6538677900400054,3.55179507372828,0.21052631578947367,0.20922131724870874,2.0,1.0312209496551408,0.20789473684210535,0.4444444444444444,0.6666666666666666,0.3333333333333333,0.6666666666666666,0.05502830502830504,0.2712457912457912,0.09863337561988239,15.0
1,W04_C3,D_half,10.957600746051924,6.443262791568545,6.555750298054797,5.005459583246369,2.449513036732675,3.992989098344741,3.7560771891050533,0.10416666666666669,3.274752574256653,6.171231145970159,0.15460526315789475,4.889470394596221,2.6199572083591027,0.0888471177944862,1.5791061184236843,1.7359270317561997,0.09331140350877193,0.03070175438596491,0.25471491228070176,1.1958443520699251,1.2627813961417518,2.29597114566881,1.989337217906387,2.943199218521413,2.4443452995559505,5.109466581615774,0.21052631578947367,0.27151092757160733,1.5,0.6878735149097599,0.1546052631578947,0.3333333333333333,0.6666666666666666,0.6666666666666666,0.6666666666666666,0.04166666666666667,0.19786096256684493,0.0834836038202097,15.0
1,W04_C3,Paper,11.563073010667871,7.052607431163461,7.499067878852495,2.8336574828043872,3.4550272936957036,3.2196526204117326,3.1273141657738703,0.07177033492822965,4.868689797833052,7.39216713398862,0.17543859649122806,2.6461752171371264,1.575379755321682,0.06168831168831168,1.255777956362162,1.2859237863273827,0.09122807017543859,0.05263157894736842,0.2450657894736842,1.0395830493441163,0.6229067875409156,2.7425406778247985,2.373040604770179,2.707523954780583,1.510418161420337,1.8531327511233253,0.21052631578947367,0.26755064869993017,1.0,1.0079858161506172,0.19210526315789467,0.3333333333333333,0.6666666666666666,0.3333333333333333,0.6666666666666666,0.081951871657754,0.2647058823529412,0.09159420289855072,15.0
1,W04_C5,A_double,12.474959431934552,6.364073980361134,n.d.,4.380610801501909,n.d.,4.598065637446313,2.617919104337351,0.09047619047619049,n.d.,n.d.,0.21428571428571427,2.9697075901521934,3.6956557895792876,0.2571428571428571,n.d.,n.d.,0.07142857142857142,0.07142857142857142,0.3642857142857142,1.5462385786697435,0.34755307859022866,3.854478232773284,2.9521778777683765,n.d.,1.5876228488472732,n.d.,0.07142857142857142,0.18251270957746712,2.0,0.8457419244990065,0.1428571428571429,0.2,3.0,0.5833333333333333,1.0,0.0475,0.4053708439897698,0.09546035805626595,14.0
1,W04_C5,A_half,12.037350964597952,6.104576355295733,n.d.,4.687482804827122,n.d.,3.604017379036394,2.6556140122083374,0.0672268907563025,n.d.,n.d.,0.23626373626373628,2.329557223796237,3.2199335178708575,0.2747252747252747,n.d.,n.d.,0.07142857142857142,0.07142857142857142,0.3660714285714286,1.618384426545203,0.3049302101135254,4.736371505771788,3.0215934905960053,n.d.,1.6640096242241995,n.d.,0.07142857142857142,0.13786559658717729,2.0,0.8396165186578423,0.0997495151906917,0.2,4.0,0.6666666666666666,1.0,0.0625,0.5,0.10620915032679737,14.0
1,W04_C5,B_double,12.53380530810171,6.468912486681814,n.d.,4.46342323340798,n.d.,5.563689454501853,2.060731978093923,0.07589285714285715,n.d.,n.d.,0.260989010989011,2.991106713772755,2.9884568726123977,0.29047619047619044,n.d.,n.d.,0.05773809523809524,0.07142857142857142,0.3895833333333333,1.447555070362152,0.3156065873159236,4.618300156597926,3.1116173906259483,n.d.,3.008491156607324,n.d.,0.07142857142857142,0.13868399930113234,3.0,0.7723288083807123,0.08301282051282052,0.2,3.5,0.6666666666666666,1.0,0.07559523809523809,0.6801242236024845,0.1369825708061002,14.0
1,W04_C5,B_half,12.205620594063486,6.427004206220166,n.d.,4.527808526239277,n.d.,4.766651390962124,2.8565625520588895,0.09047619047619049,n.d.,n.d.,0.24107142857142858,3.4072773473112283,2.550044562938665,0.24391233766233764,n.d.,n.d.,0.03739495798319328,0.05773809523809524,0.35317460317460314,1.7366831597417627,0.4293318092823023,5.759366605216423,3.4977035927424702,n.d.,1.358494150509798,n.d.,0.14285714285714285,0.12781489101540305,1.0,0.9108489156339046,0.08257575757575758,0.2,4.0,0.5,0.5,0.03249336870026525,0.33666666666666667,0.07336182336182337,15.0
1,W04_C5,C_double,11.7492920808927,6.356137695204129,n.d.,4.926461249599903,n.d.,3.6764427694617243,2.431520625555863,0.07142857142857142,n.d.,n.d.,0.25148809523809523,2.622572159999722,3.207410986639438,0.2802197802197802,n.d.,n.d.,0.04989495798319328,0.053571428571428575,0.3619047619047619,1.7971132838204489,0.46753768874473134,5.468066373108083,2.8480268244528997,n.d.,2.047334271904288,n.d.,0.14285714285714285,0.17651344712955797,1.0,0.9857042937384002,0.17261904761904767,0.2,4.0,0.6666666666666666,1.0,0.057692307692307696,0.3166666666666667,0.08084033613445377,14.0
1,W04_C5,C_half,12.237274077241706,6.455675310912145,n.d.,4.565764083468245,n.d.,3.289378893917216,2.201647195904612,0.09047619047619049,n.d.,n.d.,0.26190476190476186,3.11060129341707,3.0392396916363986,0.26831501831501825,n.d.,n.d.,0.03273809523809524,0.06190476190476191,0.3404761904761905,1.369844603129815,0.553668255239844,3.6970862424528947,2.6595656270802674,n.d.,1.8427253847494471,n.d.,0.07142857142857142,0.11727519181814074,2.0,0.8463859121518862,0.19970238095238096,0.2,4.0,0.6666666666666666,0.5,0.0625,0.45999999999999996,0.09926470588235292,15.0
1,W04_C5,D_double,12.884336154875378,6.70949750177338,n.d.,4.3015346827830685,n.d.,2.9137597147865497,2.8562321513369557,0.09047619047619049,n.d.,n.d.,0.24107142857142858,2.733925192604837,2.2826189756864452,0.31607142857142856,n.d.,n.d.,0.053571428571428575,0.07142857142857142,0.39740259740259737,1.49192183355576,0.4799369007518478,4.933754003195958,3.1807947122667084,n.d.,1.8669492046340264,n.d.,0.14285714285714285,0.12720686670977738,1.5,0.907298899272559,0.26542207792207795,0.30000000000000004,4.0,0.75,1.0,0.0563235294117647,0.3963210702341137,0.08580121703853952,15.0
1,W04_C5,D_half,11.987958694059667,6.455039520376841,n.d.,3.895229293946897,n.d.,3.5579626179099857,2.6008112162050843,0.09047619047619049,n.d.,n.d.,0.3035714285714286,2.8276207130719944,2.2382861289698943,0.2633928571428571,n.d.,n.d.,0.06190476190476191,0.053571428571428575,0.35,1.7467211538036684,0.7288916936513654,5.10974480319859,3.197897918416216,n.d.,1.45009232641126,n.d.,0.07142857142857142,0.1833254143503631,2.0,0.7091152551875648,0.21172161172161175,0.2,4.5,0.5833333333333333,1.0,0.03511904761904762,0.2823529411764706,0.07375629073508785,15.0
1,W04_C5,Paper,11.95063786365353,6.639782461311057,n.d.,4.6022389330359355,n.d.,4.5164923863071005,2.9047037233275512,0.10833333333333334,n.d.,n.d.,0.2738095238095238,2.945308278865352,3.389842009912377,0.2857142857142857,n.d.,n.d.,0.07142857142857142,0.07142857142857142,0.39578754578754577,1.672398704421954,0.46257346029464186,5.311749922041729,3.323712558439852,n.d.,1.8526284077734565,n.d.,0.07142857142857142,0.19130572900307885,1.0,0.9258314569062076,0.08688186813186816,0.30000000000000004,3.5,0.6666666666666666,1.0,0.03511904761904762,0.30000000000000004,0.07499999999999998,14.0
1,W04_C7,A_double,15.601295060441085,11.45556714891761,5.622548078469335,12.75201846780099,n.d.,10.426311272927016,9.315423408246277,0.07142857142857144,3.6103549018840697,1.9740766626864659,0.07857142857142857,12.75662454789839,2.777207817181087,0.19780219780219777,n.d.,n.d.,0.06904761904761905,0.1380952380952381,0.29047619047619044,1.858403587973756,0.4931271076202398,4.0720717018198185,2.1000568184320625,10.142011555617284,1.9640068025018946,n.d.,1.0,0.6491924245305404,n.d.,1.3141913678120993,0.08653846153846156,0.5,1.0,0.3333333333333333,n.d.,0.08333333333333333,0.9523809523809523,0.21130952380952384,14.0
1,W04_C7,A_half,15.582835442506557,8.757139803809196,6.888914771290802,12.182895911847524,n.d.,7.684740142470016,6.579221571707124,0.054945054945054916,5.108242664130422,2.7639394037885046,0.08035714285714288,12.044248781628475,3.3173351828361897,0.19780219780219777,n.d.,n.d.,0.06666666666666667,0.12916666666666665,0.26373626373626374,1.9596072842416419,0.6430801627002933,5.0912687897076445,1.9108653869923462,10.28248319530119,2.868532211534669,n.d.,1.0,0.6093528688449621,n.d.,1.2414772924926083,0.09999999999999998,1.0,1.5,0.3333333333333333,n.d.,0.06349206349206349,0.8545454545454545,0.18823529411764706,14.0
1,W04_C7,B_double,16.833926938333146,13.807643911649496,6.153892617580237,10.455610176612211,n.d.,11.78601410268615,4.46584924252221,0.07142857142857145,3.18377699549555,3.102277802109869,0.07857142857142856,9.780915841788229,2.397204828080808,0.20604395604395603,n.d.,n.d.,0.07142857142857142,0.07692307692307693,0.2802197802197802,1.7064518846284917,0.3536437451839447,3.922801688729721,1.8848150047270322,10.85399983647001,3.383848455606646,n.d.,1.0,0.6493277782278783,n.d.,1.2530568241110749,0.22115384615384615,1.0,0.75,0.3333333333333333,n.d.,0.15894736842105261,1.303030303030303,0.2774725274725275,14.0
1,W04_C7,B_half,16.141160405665914,8.709516454595935,5.8533482843796865,8.932471197825214,n.d.,6.889280332383225,4.351792641823122,0.09855769230769232,1.657070588207842,3.1837829242453046,0.07647058823529412,8.446107668454866,2.8114387886259893,0.22857142857142854,n.d.,n.d.,0.07179487179487179,0.11764705882352941,0.3075105042016807,2.0174918504071284,0.6358654041720015,5.9219126133546,2.6849175201910453,10.687907667684382,1.0650326610330745,n.d.,1.2142857142857144,0.6628751206539099,n.d.,1.3249304025130555,0.12279040404040403,0.5,1.25,0.3333333333333333,n.d.,0.04904306220095694,0.6781609195402298,0.14495798319327735,15.5
1,W04_C7,C_double,17.897472174336556,11.580953591977222,5.127919800108723,12.598825243768282,n.d.,10.38150473004186,5.453957636563079,0.09890109890109894,1.982705774415372,2.6369622418391,0.0892857142857143,12.678446506674097,2.3926998922525744,0.19780219780219777,n.d.,n.d.,0.0625,0.13942307692307693,0.29166666666666663,2.035451477399219,0.5268385704360129,5.72545042806416,2.7144427205275847,10.71337522273032,2.0682525875728603,n.d.,1.0,0.631418884152924,n.d.,1.3100541701720494,0.22115384615384615,1.0,1.0,0.3333333333333333,n.d.,0.06787330316742082,0.8792270531400965,0.18452380952380953,14.0
1,W04_C7,C_half,16.53332656724054,9.762386475443712,6.304402917823232,8.771634109244054,n.d.,9.22692137882709,6.887325347384812,0.0746753246753247,4.147943311021175,1.6671858824296102,0.07142857142857145,8.489144353808207,2.6719260720740117,0.20604395604395603,n.d.,n.d.,0.06666666666666667,0.10416666666666666,0.26190476190476186,1.7283909267689301,0.2770106774790393,4.0090422952848215,1.8579109816141073,9.570902949364442,1.2855211559755193,n.d.,1.1428571428571428,0.7193936445430587,n.d.,1.2347170057405688,0.16964285714285715,1.0,1.0,0.3333333333333333,n.d.,0.06666666666666667,0.681159420289855,0.15587044534412958,15.0
1,W04_C7,D_double,17.041460763573625,9.748149971707212,5.391807752553106,11.435584633789945,n.d.,6.430917365955227,6.58095432686389,0.09375,2.8664733878713378,2.1000388307636344,0.0892857142857143,11.452464052733893,2.913520553842644,0.17857142857142855,n.d.,n.d.,0.075,0.17424242424242425,0.31339285714285714,1.9671348787663105,0.4509394524829832,5.392488998815438,2.653688803123462,9.970630252673548,1.6283369300724546,n.d.,1.1428571428571428,0.6480819647910054,n.d.,1.3584292960002737,0.1875,0.5,1.0,0.3333333333333333,n.d.,0.067816091954023,0.6162962962962963,0.14835164835164838,15.0
1,W04_C7,D_half,17.063754804776337,10.381789292897059,5.787066869515387,11.03351912579995,n.d.,5.915260513734768,8.497366457063364,0.07857142857142857,2.822837518496517,3.1182704206372014,0.0982142857142857,10.800649997750021,2.716284609856517,0.1964285714285714,n.d.,n.d.,0.0625,0.12916666666666665,0.29166666666666663,1.9296483300209455,0.43792729399777575,4.9688533208425065,3.8431070917839794,10.580651623922833,2.0630990465829857,n.d.,1.0714285714285714,0.6198730196478279,n.d.,1.455107535769867,0.1095467032967033,1.0,1.0,0.3333333333333333,n.d.,0.09761904761904762,0.898989898989899,0.20416666666666666,14.5
1,W04_C7,Paper,15.876134539844792,9.788582435160965,5.751724285094123,11.6619511151257,n.d.,8.55329061318407,5.779655871747727,0.07142857142857142,3.452819813023149,2.5851549486509926,0.11147186147186146,11.683196313423153,3.4810886652260122,0.1294642857142857,n.d.,n.d.,0.027777777777777776,0.11858974358974358,0.2738095238095238,2.0167106516953375,0.3668028039094984,5.604086471313928,1.6793959121013458,11.411381417302627,2.720580705047435,n.d.,1.0,0.5130214690040499,n.d.,1.107623933767107,0.09326923076923077,0.5,0.5,0.3333333333333333,n.d.,0.06066176470588235,0.5352941176470588,0.12373737373737374,14.0
2,W01_C2,A_double,16.12936392401733,n.d.,5.159953623475731,5.345731348031716,6.364594403817642,n.d.,n.d.,0.2967032967032967,3.6686698833793994,2.850497545766416,0.2090909090909091,4.456752959079404,1.9824853543613,0.10384615384615385,5.317975228141908,3.0561497914034153,0.11666666666666665,0.09375,0.3845238095238095,1.3450612774784492,0.6944701665781311,4.063063061096828,n.d.,2.3392215634507076,3.2082346145448897,7.3684268035377,0.3,0.21475554873447633,n.d.,0.7240554394027797,0.1383928571428571,n.d.,0.5,1.0,0.3333333333333333,0.04367201426024955,0.8353623188405799,0.1726190476190476,13.0
2,W01_C2,A_half,13.857487227370765,n.d.,5.5901830857773245,4.056523972011615,6.790881530994335,n.d.,n.d.,0.2649122807017544,3.893153544556894,1.785923334031592,0.15000000000000002,3.8067881268159045,1.5793087966148258,0.11813186813186814,6.1200175074303935,3.135158775084876,0.13333333333333333,0.04868421052631579,0.3291666666666667,1.8190142753669494,0.5914901314868232,5.5571032021185225,n.d.,1.6730890898725295,1.8284172604319333,8.009130424865408,0.3,0.1601073054068259,n.d.,0.6084363481291026,0.16964285714285715,n.d.,0.5,0.5,0.3333333333333333,0.033823529411764704,0.47692307692307695,0.10135658914728679,13.0
2,W01_C2,B_double,15.406572132897118,n.d.,5.97805719322269,5.071599286369571,7.732246710338397,n.d.,n.d.,0.27525252525252525,4.893695122001784,2.5351157545447647,0.16785714285714287,2.853555441594329,2.1319318890885013,0.09670329670329669,7.572128516930684,2.636270634629226,0.14523809523809522,0.06783216783216783,0.40714285714285714,1.5366453557919968,0.555398616470093,4.61835545883433,n.d.,2.181090363908134,2.1620241193595593,7.094424223000808,0.4,0.23758841224528068,n.d.,0.730989740440035,0.15833333333333327,n.d.,0.25,0.75,0.3333333333333333,0.027777777777777776,0.39460784313725494,0.1111111111111111,14.0
2,W01_C2,B_half,17.21975197853409,n.d.,5.740913886821767,5.301940553737463,5.409300141866684,n.d.,n.d.,0.2857142857142857,4.997738828146257,1.8778335208622385,0.15000000000000002,4.7722664380164,1.4460958268564776,0.06190476190476191,4.21501136324167,3.3846284720468853,0.14523809523809522,0.046428571428571416,0.3583333333333334,1.615775255165645,0.8001266889606945,5.379193806282419,n.d.,1.5554864381744429,2.888954737267526,6.965417420969944,0.4,0.20503416848923223,n.d.,0.7317612256400294,0.11696428571428569,n.d.,0.25,0.75,0.3333333333333333,0.03609625668449198,0.8028673835125449,0.18728956228956228,14.0
2,W01_C2,C_double,14.647865052647372,n.d.,5.752472324142203,5.621698623975468,7.041418550796861,n.d.,n.d.,0.25,5.436272669805386,2.0962927438760275,0.15000000000000002,3.8444252213118046,1.6454829106555655,0.0888888888888889,6.836022701419877,1.505901814273665,0.07747252747252746,0.04914529914529915,0.37083333333333335,1.6947328459467301,0.7011197977100841,5.424973700530533,n.d.,1.7132863448160538,2.502797886722658,7.289235439427408,0.4,0.204386223330715,n.d.,0.7935673683705531,0.15138888888888882,n.d.,0.25,0.5,0.6666666666666666,0.047435897435897434,0.5911111111111111,0.16666666666666663,14.0
2,W01_C2,C_half,14.782407317827968,n.d.,6.358958005518308,5.641425286296156,9.645741360806468,n.d.,n.d.,0.22252747252747251,5.078880357497006,2.7692770738187464,0.15000000000000002,4.421590460558542,2.5777086885554343,0.09181286549707604,8.793158155287333,3.420280194148141,0.13333333333333333,0.06228070175438595,0.375,1.5934115035878422,0.6835426859890442,5.283938431734963,n.d.,1.9131422610365671,2.288729746061866,6.845512291433549,0.2,0.19199010913982786,n.d.,0.7868708977185681,0.09513888888888888,n.d.,0.25,0.5,0.3333333333333333,0.03679653679653679,0.6666666666666667,0.15662555344718532,12.0
2,W01_C2,D_double,14.140960497427237,n.d.,6.707459309977695,4.892363981922234,7.233254927330742,n.d.,n.d.,0.23076923076923078,5.282855833399871,1.856581762824523,0.13205741626794262,3.3895426971332756,2.065308036796477,0.07525252525252524,6.5981844411565636,2.211717987786632,0.13333333333333333,0.09090909090909091,0.33484848484848484,1.6108718097785664,0.7322750971074626,5.034684193302175,n.d.,2.3687040811327313,2.6996291248623177,7.946082538112736,0.3,0.18232610160964674,n.d.,0.7983571484007352,0.15138888888888882,n.d.,0.25,0.5,0.3333333333333333,0.03869047619047619,0.46666666666666673,0.13466183574879223,13.0
2,W01_C2,D_half,18.23583907684204,n.d.,4.984927319021501,5.464794658498091,7.895999963222627,n.d.,n.d.,0.3117408906882591,2.6162695188058915,2.7099058236898985,0.2,3.628078694392017,2.9344116945293086,0.1076923076923077,7.286995572737143,3.1278969098323985,0.13974358974358975,0.04365079365079365,0.3854166666666667,1.4622713481936704,0.6352902629122931,5.37839429161567,n.d.,1.9322821264918018,2.9822067851104217,7.080872901228647,0.4,0.22241562808213095,n.d.,0.6325845308762286,0.16428571428571426,n.d.,0.5,0.5,0.3333333333333333,0.0630952380952381,0.3157894736842105,0.08876811594202896,14.0
2,W01_C2,Paper,15.6213082164294,n.d.,6.162128586456191,4.8311863332844025,6.276656227793404,n.d.,n.d.,0.2857142857142857,4.46704218830101,3.0365814390700185,0.16923076923076924,4.160799783040171,1.9416784969642826,0.09022556390977443,6.169010635065605,2.415063162107164,0.1675213675213675,0.047511312217194575,0.3699248120300752,1.5372492086508815,0.6890496832170747,4.500027602770489,n.d.,1.7861340622221022,2.6026428626459652,7.779545558440269,0.35,0.23546811892970138,n.d.,0.8272293956829901,0.08226495726495725,n.d.,0.5,0.5,0.6666666666666666,0.06934731934731936,0.5720375106564365,0.1481481481481481,13.5
2,W03_C2,A_double,12.72429739210755,6.694172248350182,6.6701969784645705,4.2387131894187275,n.d.,3.8725083866826853,3.3491584080622,0.1381578947368421,4.296664610699834,4.789800892963261,0.17474747474747473,2.4321699448197305,1.9247304117945874,0.043589743589743594,n.d.,n.d.,0.0982905982905983,0.0,0.26923076923076916,0.9753288194552285,0.8107249609514361,0.8563082064321104,2.1594164715641067,3.2992768859521022,1.618177494331602,n.d.,0.2777777777777778,0.2763184766238529,0.5,0.8068228168742035,0.21031746031746024,0.2857142857142857,0.5625,0.5,1.0,0.05263157894736842,0.5336067441330599,0.10362318840579708,13.0
2,W03_C2,A_half,12.950550984948164,5.548669730429855,7.301983079424574,4.656123910817104,n.d.,3.2979748285104264,4.082939327079177,0.1111111111111111,3.423634517639825,6.2131070806100395,0.2333333333333333,4.2735993453823,2.4556334767569625,0.0826388888888889,n.d.,n.d.,0.0982905982905983,0.0,0.3067765567765568,1.219675319962885,1.249498832961095,1.6927246670097262,2.5219860399304785,3.5308770359361654,1.5623307870002268,n.d.,0.2777777777777778,0.26143180267383137,1.0,0.9829583828715514,0.3013888888888888,0.2857142857142857,0.625,0.5,1.0,0.09307359307359307,0.35294117647058826,0.11437908496732024,13.0
2,W03_C2,B_double,12.040306494238937,7.175417276598559,5.7787878702602224,4.803194926721998,n.d.,4.84371911705888,5.593667902946956,0.1111111111111111,2.6865224353369324,3.5459511782874564,0.23015873015873015,2.7414489847392014,3.2722849306625768,0.07070707070707072,n.d.,n.d.,0.07777777777777778,0.0,0.24114774114774112,0.964964597685366,0.8557844350891897,1.0280536972442167,2.2701363015376494,3.3398734177326093,1.7388656069375807,n.d.,0.2222222222222222,0.22855636642910715,0.5,0.9728472954516685,0.35317460317460314,0.2857142857142857,0.625,0.5,1.0,0.09903381642512077,0.4,0.12499999999999997,14.0
2,W03_C2,B_half,11.075384652494868,7.261263278130967,6.960645344579998,3.889746230335362,n.d.,4.650487144019824,3.756851518890035,0.05555555555555558,3.874921567845629,3.57419816090369,0.19444444444444442,2.7624025555579124,2.2621702830275967,0.09603174603174604,n.d.,n.d.,0.0992063492063492,0.07142857142857142,0.28174603174603174,1.0215869707751344,1.0835000282305196,1.35798761138878,1.8967151146283143,3.2851174027893264,2.6266479371418274,n.d.,0.2222222222222222,0.26090351514402943,0.5,0.9536932910495416,0.21031746031746024,0.3571428571428571,0.625,0.5,1.0,0.058823529411764705,0.6332676611314382,0.14393939393939392,14.0
2,W03_C2,C_double,11.999573274112532,6.070230858551968,5.436417375833928,4.2570583514697775,n.d.,3.0031228790140654,2.725013894356466,0.11666666666666667,3.573552672377529,3.033106673637292,0.17474747474747473,2.548203052842442,2.627004073929114,0.06313131313131314,n.d.,n.d.,0.1111111111111111,0.029411764705882353,0.26282051282051283,1.1289055940551374,1.0763656683168525,1.2538080906501625,2.454642800528269,3.389911093159749,2.374647603661753,n.d.,0.2222222222222222,0.25388342941385567,1.0,0.934773677675732,0.3013888888888888,0.2857142857142857,0.5625,0.5,1.0,0.10344827586206896,0.8886322389044712,0.17486772486772487,14.0
2,W03_C2,C_half,10.718033299591069,6.123910194822813,5.8034619069978,4.561212124901809,n.d.,4.427203048459861,4.280056489446832,0.05555555555555558,1.9862589602483536,3.925472338479517,0.19444444444444442,4.4013187578747495,1.5163319487913363,0.05555555555555555,n.d.,n.d.,0.1111111111111111,0.0,0.2633928571428571,1.0337407057501395,1.2767725773058058,1.1423601563812524,2.723632134603828,3.312711288937036,2.1622985526795975,n.d.,0.2777777777777778,0.2501733873367221,1.0,0.9552136851542785,0.18055555555555547,0.3571428571428571,0.5625,0.5,1.0,0.04047619047619047,0.5183080808080808,0.09968102073365229,13.0
2,W03_C2,D_double,12.928933024493066,6.07315635636313,6.261027104747137,4.139743457145993,n.d.,3.189055131232163,4.006936013629286,0.1111111111111111,4.064419464541429,3.8858383543215274,0.21367521367521364,3.327331955331368,2.3109579069162884,0.08333333333333333,n.d.,n.d.,0.1047008547008547,0.0,0.2694444444444445,1.0745263229036346,1.2052594080903127,0.7474334610113531,2.9506780044577874,3.8984112353244504,1.666345067769237,n.d.,0.2777777777777778,0.2455327116667093,0.5,0.9292873548422165,0.26869658119658113,0.3571428571428571,0.625,0.5,1.0,0.075,0.49747474747474746,0.10620300751879698,13.0
2,W03_C2,D_half,12.272821406012486,5.087536070719694,6.083404607261306,3.942238184874867,n.d.,1.1605247210359853,3.5761646373940774,0.1111111111111111,4.200327504238016,3.362092571626961,0.15873015873015872,2.649012883026944,2.0658332061305744,0.05044934640522875,n.d.,n.d.,0.07837301587301587,0.03125,0.24374999999999997,1.007715800177739,0.7300952725883059,1.7996046164834556,2.1791954593338527,3.347970553005452,2.004792060904392,n.d.,0.2222222222222222,0.22823878913278034,0.5,0.8979262952189945,0.23950702075702068,0.21428571428571427,0.5,0.5,1.0,0.04772727272727273,0.3320158102766798,0.08,14.0
2,W03_C2,Paper,11.930339616834361,6.234656097201111,5.7494825035934465,4.027737466138861,n.d.,4.003106194880355,3.8737373389585645,0.09218559218559219,3.175483275086462,3.53105813279047,0.17658730158730157,2.063268358861789,3.048501291993558,0.1111111111111111,n.d.,n.d.,0.041666666666666664,0.02631578947368421,0.25417710944026733,1.1118802191089885,1.2018104852445655,0.8229023064305829,2.992792289180822,3.104516512146836,1.5174860463849136,n.d.,0.2222222222222222,0.23886662490274213,0.75,0.8847457037989501,0.14770299145299137,0.2857142857142857,0.5,0.5,0.5,0.13333333333333333,0.5423465423465423,0.14416221033868093,14.0
2,W03_C4,A_double,17.165869866655118,11.736494308323596,6.962005816378866,7.133121286779138,5.208308111791569,11.061347845492648,5.494905651778257,0.11607142857142855,6.718142308917705,2.1114029856635446,0.22321428571428573,6.878718715719135,2.7270964961107196,0.10576923076923078,3.296346587698654,2.2810316480869557,0.055952380952380955,0.06274509803921569,0.29464285714285715,1.142406399656587,0.3919436109856522,0.365020691409762,3.501926965472009,1.778349139965677,2.356358885109255,2.140822504455019,0.15625,0.17453284807292918,n.d.,1.4129278510006058,0.1964285714285714,0.30000000000000004,0.5714285714285714,0.5,0.5,0.0562200956937799,0.5251336898395722,0.1343501326259947,14.0
2,W03_C4,A_half,15.773707357772818,12.365098525912742,8.000284498392089,7.672351677755501,5.792511829600711,11.22939272160183,6.851678331189528,0.10833333333333334,7.430746966116607,2.8305619785095657,0.2604166666666667,6.428151363273966,2.230803414348732,0.09752747252747253,4.415523575346012,3.7452268785644787,0.08026315789473684,0.0,0.30357142857142855,1.1336545272026317,0.44956705928631435,0.7554065195730753,2.689827470135334,1.6660244810420963,1.4938076607436153,2.5469693765474544,0.1875,0.2193093390926683,n.d.,1.6095116278608477,0.3333333333333333,0.4,0.7142857142857143,0.5,0.5,0.04097222222222223,0.38095238095238093,0.09761904761904763,13.0
2,W03_C4,B_double,15.80064944511621,11.32690690035299,5.416943375190769,6.165397317146878,6.800394882698647,11.175726221471882,6.181057503012185,0.11607142857142855,4.0378454615461985,2.6911380693656923,0.22321428571428573,4.850414293800059,3.093462755815744,0.08928571428571427,4.578296614033612,2.211363805296184,0.08928571428571427,0.0,0.2915521978021978,0.9566485084755321,0.5371044186785273,0.5188658566766002,3.1033308523752225,1.4238647261185702,1.3769290816592976,1.9026288209799647,0.125,0.12622248215290335,n.d.,1.4411470695497886,0.2715909090909091,0.30000000000000004,0.5714285714285714,0.5,0.5,0.048684210526315795,0.42105263157894735,0.1270161290322581,14.0
2,W03_C4,B_half,15.066237411146837,12.465214438677037,7.66596966353432,8.374174121841287,6.4738620708325465,12.006556729001822,5.894603744303773,0.10535714285714286,6.128015020045676,2.1068244638580254,0.23223684210526316,8.3805211736538,2.0589818431789944,0.08928571428571427,4.246792732980176,3.8562779157810683,0.053571428571428575,0.06904761904761905,0.2922077922077922,1.008105079629407,0.2891419304047549,0.693872992001624,3.105558092507189,2.424636791943746,1.5087166348902203,2.7268333258649964,0.125,0.16080175714057632,n.d.,1.3882822298761046,0.1964285714285714,0.2,0.6428571428571428,0.5,0.5,0.049999999999999996,0.808695652173913,0.18583333333333335,14.0
2,W03_C4,C_double,14.840028385274573,11.52213597911829,6.179293714620702,7.643856700728415,5.764520575925703,11.524495129419718,5.7417261220364955,0.10061919504643962,5.295480673947137,1.6023988571131262,0.20220588235294118,6.7773745879597005,3.368888726008615,0.09752747252747253,4.0785699027442055,2.3572501565157147,0.08214285714285714,0.0,0.2628205128205128,1.1637410037330465,0.29327922142809104,1.0497778692960318,2.792189306382223,1.4334328756797599,2.241899619807568,3.0811301933848307,0.15625,0.145953445704411,n.d.,1.3246199691013913,0.21034663865546216,0.2,0.5714285714285714,0.5,0.5,0.0581140350877193,0.46549707602339174,0.15192307692307694,14.0
2,W03_C4,C_half,14.394045477094092,9.537417256278975,7.876558824799925,7.924053471443529,5.613862804272474,9.153349500768094,5.470999381224953,0.1011904761904762,7.431389720389266,2.967725050836921,0.1875,7.2816077257374605,2.9719977375543736,0.07773109243697479,4.03931444144267,3.124973164486967,0.0661764705882353,0.06066176470588235,0.275735294117647,1.113337915849311,0.5507373033547353,0.936642784491924,3.239091723497145,2.060562181833093,2.42040809896148,1.9447876856002344,0.1875,0.17204024025869763,n.d.,1.5447445471781736,0.181547619047619,0.4,0.5714285714285714,0.5,0.5,0.05742753623188407,0.515032679738562,0.15,13.0
2,W03_C4,D_double,13.75218521171003,11.744212913780853,5.79400300315903,6.944308950448857,5.876397897952517,10.225003218590247,6.629767606449085,0.10416666666666669,4.543469718047444,2.772800853063071,0.1875,5.937102181234483,3.8906000445862303,0.04807692307692307,4.810340955332296,1.2693549769901464,0.04487179487179487,0.029411764705882353,0.2548076923076923,1.1198143021420972,0.6612172778687858,0.7760051919213384,3.167274085995142,1.7288641884106848,1.9625033716997349,1.9338406630743434,0.1875,0.18137862992221676,n.d.,1.5475874055399959,0.2548076923076923,0.30000000000000004,0.5714285714285714,0.5,0.5,0.05894736842105262,0.6526315789473683,0.14904761904761907,13.0
2,W03_C4,D_half,17.01330984623783,13.264851209935461,7.49588834922387,6.643994856154742,6.379261774661224,13.137850119635921,6.132613977977201,0.11607142857142855,5.455560080691046,2.939763205594338,0.25,6.66425170088192,2.7794637065741776,0.10576923076923078,3.281827386410598,1.6114180284888135,0.06875,0.0,0.2952380952380952,1.2133471220345573,0.42658782347154756,0.9963965600143337,2.9109130915451367,1.8577493729946744,1.7816710730276744,2.787728648573011,0.125,0.16156575567259804,n.d.,1.4567587489931355,0.20157967032967034,0.4,0.5714285714285714,0.5,0.5,0.05833333333333334,0.4872549019607843,0.11638795986622075,14.0
2,W03_C4,Paper,15.24844906203383,10.850985667150422,7.60331635081865,6.417959580134193,5.907699804230552,10.81427827950914,5.1072667140271975,0.11607142857142855,7.335417578230995,1.6046597150839275,0.1971153846153846,5.983587796928566,2.562296352303056,0.125,2.429593400017715,3.9180446910685087,0.053571428571428575,0.0,0.2767857142857143,1.1886559576195115,0.33015682632266063,0.6665868025967747,2.986539161546666,1.4028420537571935,2.4542414806553436,2.5545165679359956,0.1875,0.13596457486449698,n.d.,1.2894321595482996,0.10096153846153844,0.2,0.5714285714285714,0.75,0.5,0.04722222222222223,0.5467787114845938,0.13961038961038963,13.5
2,W05_C2,A_double,11.233187997774332,4.824051353357536,6.907453320188594,6.147290906647276,n.d.,2.9070306499259773,0.848928542333014,0.09999999999999998,4.963763174609288,2.891045178009099,0.06801470588235294,5.391557923618991,2.9439202993795295,0.042857142857142844,n.d.,n.d.,0.14358974358974358,0.05,0.20147058823529412,1.1576951949440888,0.4126851533104603,0.5833428119375605,1.6812980813362794,6.187067660003431,4.281786941348179,n.d.,0.3,0.34731367545079156,0.5,1.0040718373383628,0.3711538461538461,0.4166666666666667,0.4,0.5,n.d.,0.10818713450292397,0.700228832951945,0.1512834224598931,14.0
2,W05_C2,A_half,11.71982880512337,4.476883594204866,8.00062536024302,4.881018107544181,n.d.,2.5119619921215053,2.4143278876741703,0.17291666666666664,6.347805945699523,4.782687256636814,0.06578947368421051,2.870119509324136,3.337164476976821,0.04736842105263159,n.d.,n.d.,0.16025641025641024,0.05,0.2708333333333333,1.1831413805650357,0.3583598663212473,1.13862804743925,1.9839046974210475,6.233818111401131,4.954616387844352,n.d.,0.275,0.25711833372491194,0.5,1.0918741632572737,0.4739697802197802,0.4166666666666667,0.4,0.5,n.d.,0.125,0.6883643892339545,0.15211822660098526,14.5
2,W05_C2,B_double,11.70882420529363,4.376078087851319,6.0315637532191815,5.846911447010909,n.d.,2.448017483646006,2.096885919980572,0.06862745098039214,2.861896630828713,3.26555195573684,0.08974358974358973,5.433258135496432,4.199120584500172,0.04914529914529915,n.d.,n.d.,0.1380952380952381,0.05,0.21666666666666665,1.0844663272430077,0.5792552977800375,0.4512585050057938,1.9224285026241157,5.070326541243359,4.0528378941491505,n.d.,0.3,0.290018524015255,0.5,1.0548303041575398,0.35568181818181815,0.3333333333333333,0.4,0.5,n.d.,0.08166666666666667,0.5352907961603613,0.11615384615384616,14.0
2,W05_C2,B_half,13.556001055070707,5.460895357676634,6.604944930985763,5.575447049204122,n.d.,2.719030381508351,2.6225414619386562,0.22828947368421051,4.338318301114715,3.2927576288985856,0.03759398496240603,4.684399738160948,3.4862562418710112,0.05587044534412955,n.d.,n.d.,0.17857142857142855,0.038461538461538464,0.3111111111111111,1.1300647772625692,0.2134935557842238,0.8889067471027368,1.7551391538061782,6.045160011249077,4.054044661776594,n.d.,0.275,0.26319550391057844,1.25,0.9533131178146312,0.2964285714285714,0.5,0.2,0.5,n.d.,0.13043478260869565,1.075098814229249,0.20523035230352304,14.5
2,W05_C2,C_double,11.366199995281217,4.655977645703583,5.9548995060371475,5.719908757902839,n.d.,3.582115458652878,2.3278937159250983,0.1669642857142857,3.188811246950878,4.296926952321531,0.08333333333333331,5.613417916451591,3.178527585515098,0.04914529914529915,n.d.,n.d.,0.18181818181818182,0.03712121212121212,0.2509049773755656,1.1432710275123608,0.41200682520866394,0.7815829834286692,1.405793783641189,6.4148711492745445,4.977445099831904,n.d.,0.25,0.2508232107921209,0.5,0.9776675858896442,0.4126827485380117,0.4166666666666667,0.4,0.5,n.d.,0.0757142857142857,0.6321739130434783,0.12950888192267507,15.0
2,W05_C2,C_half,10.97098128281639,5.488468301166156,7.447953593712492,6.138141716076754,n.d.,4.426351343373195,1.8706713457874438,0.11470588235294116,4.414856718318843,4.994113197537099,0.07843137254901959,4.039922609441159,3.4461210861306206,0.04444444444444445,n.d.,n.d.,0.16666666666666666,0.05,0.21862745098039216,1.0612900366364515,0.31688541203028553,0.5523181855678572,1.4219934067529385,6.540342040723426,5.657550459835033,n.d.,0.25,0.23854979503305873,1.0,1.0475916769220386,0.3124613003095975,0.3333333333333333,0.4,0.5,n.d.,0.09545454545454546,0.821054368451448,0.1701930501930502,15.0
2,W05_C2,D_double,10.51041238954911,4.777216867842453,7.130067625484779,6.095528142425975,n.d.,2.830002067329999,1.5449274615206123,0.11470588235294116,6.065029216235625,3.5079816597712696,0.10164835164835165,4.8200702258359645,3.116752280985006,0.05587044534412955,n.d.,n.d.,0.15384615384615385,0.05,0.2401785714285714,1.165230712601515,0.4633588035269587,0.5548309223878412,2.042389054749449,5.502622678563299,4.150719107443747,n.d.,0.3,0.22310544735719023,1.0,0.89732288907689,0.3552447552447552,0.375,0.4,0.5,n.d.,0.11032388663967611,0.8118377785896967,0.15904761904761908,14.0
2,W05_C2,D_half,10.54673036760363,4.206178213280472,7.372811410438084,6.821421872950474,n.d.,2.3727944447423144,2.1933954762225447,0.09999999999999998,4.8470699148238765,4.344609321023107,0.04910714285714286,6.851351303429903,3.073532958869312,0.042857142857142844,n.d.,n.d.,0.13392857142857142,0.05,0.21428571428571425,1.2013553287651093,0.52808571593017,1.5620058402333155,1.8036282293458383,6.672972972291884,3.8621563978438456,n.d.,0.3,0.298233214668031,0.5,1.0329501453159418,0.32916666666666666,0.4166666666666667,0.4,0.5,n.d.,0.1,0.589477988278588,0.13022727272727275,14.0
2,W05_C2,Paper,11.474367678625136,4.7299680343793185,6.72653904473315,5.061032216455258,n.d.,2.5299751482530946,2.229307648009408,0.14700854700854699,5.663330354089439,3.920195336137936,0.04999999999999999,3.253313866517802,1.9088540218187378,0.04201680672268907,n.d.,n.d.,0.16228070175438597,0.041666666666666664,0.269047619047619,1.1149960552536697,0.3319668684639626,0.5745568910085408,2.1011515405941457,5.869180207063284,5.15779720809318,n.d.,0.3,0.2901759759319909,0.75,1.0451169580657016,0.2666666666666666,0.4166666666666667,0.4,0.5,n.d.,0.1225,0.8161524076671343,0.17680672268907566,14.0
2,W05_C4,A_double,8.538616950077204,4.731253325727417,5.332472756624134,n.d.,n.d.,2.9986407348427155,1.5623050469369435,0.12062395808525841,3.0574865327378005,1.877875554285716,0.07983193277310927,n.d.,n.d.,0.08403361344537814,n.d.,n.d.,0.07450980392156863,0.0,0.18325791855203621,1.6072069435356036,0.24762541055679377,1.8652704083434468,2.6345572695368507,1.5925584302355278,n.d.,n.d.,0.17647058823529413,0.2712848635239467,0.5,1.299796521944775,0.3682126696832579,0.35,0.4,1.0,1.0,0.04974937343358396,0.2506265664160401,0.08300395256916997,14.0
2,W05_C4,A_half,10.72281473294068,5.932776194350366,5.023234858126516,n.d.,n.d.,4.523538449051543,2.923227320219743,0.16937564499484006,2.608971147675952,1.7394479200061896,0.07983193277310927,n.d.,n.d.,0.10345717234262125,n.d.,n.d.,0.09704691593236485,0.0,0.21568627450980393,1.6076189707739812,0.4497116108115362,2.134390132409114,2.4401110810920343,1.497746738784965,n.d.,n.d.,0.20588235294117646,0.28913649368675143,0.5,1.3432547979773775,0.5373303167420814,0.35,0.4,1.5,1.0,0.071658615136876,0.3913043478260869,0.09938689217758984,13.5
2,W05_C4,B_double,10.231068997922677,5.719487667844355,5.649297017276377,n.d.,n.d.,4.073370176753035,2.373781224150722,0.14667685255920554,4.35135413650414,3.0522932061804795,0.08516483516483518,n.d.,n.d.,0.08403361344537814,n.d.,n.d.,0.08952811893988365,0.0,0.23949579831932777,1.7087542582030524,0.5324849002548193,1.7932473095055035,2.8726756673204834,1.9542833010089273,n.d.,n.d.,0.17647058823529413,0.2478034193121893,0.5,1.362776304633634,0.36864973262032086,0.4,0.4,1.0,1.0,0.06987179487179487,0.30303030303030304,0.08921451355661883,14.0
2,W05_C4,B_half,10.791470174106191,5.750223381517344,5.224272671904505,n.d.,n.d.,3.690030997686879,2.1963423311848738,0.23109243697478993,4.01709577286155,1.6910963871711635,0.07706766917293233,n.d.,n.d.,0.08403361344537814,n.d.,n.d.,0.11274509803921569,0.05718954248366013,0.2773993808049536,1.7147817723720133,0.4706181551611377,2.2539630801127553,2.9519251008989835,2.2828217731813765,n.d.,n.d.,0.17647058823529413,0.24018353298299006,1.0,1.3017559080452572,0.3251050420168067,0.5,0.30000000000000004,1.0,1.5,0.04999999999999999,0.3333333333333333,0.0928030303030303,14.0
2,W05_C4,C_double,12.266022256338822,6.278338946352302,5.7283630701921044,n.d.,n.d.,4.927904178640427,2.5981134929595964,0.1900452488687783,3.559759122551956,3.4719419060047816,0.09855769230769232,n.d.,n.d.,0.10784313725490195,n.d.,n.d.,0.09502262443438915,0.0,0.2630718954248366,1.6604109804776286,0.2980467395878983,2.1356473142463983,2.4806840538605837,1.5976357629800044,n.d.,n.d.,0.17647058823529413,0.2608181339552684,0.75,1.3188781826567721,0.4002673796791444,0.4,0.4,1.5,1.0,0.05238095238095239,0.18823529411764706,0.060865060865060876,14.0
2,W05_C4,C_half,11.242584663779848,5.751966221648369,5.229262877797003,n.d.,n.d.,4.393932482960951,1.4824778931836047,0.17401960784313728,4.5717484232646886,2.5201640548133826,0.0758636788048553,n.d.,n.d.,0.10784313725490195,n.d.,n.d.,0.0625,0.0,0.2669683257918552,1.6255880355154264,0.4010417034929592,2.1802546703330417,2.452880868918142,2.3705117679054486,n.d.,n.d.,0.20588235294117646,0.25855320671984505,1.0,1.2921367949986449,0.32414215686274506,0.45,0.4,1.0,1.0,0.06106719367588932,0.19999999999999996,0.07954545454545456,13.5
2,W05_C4,D_double,10.237671094916703,6.991289501114063,5.5013648484245135,n.d.,n.d.,6.162827267871258,2.186367593288759,0.1715686274509804,4.298683833358991,3.0128685059809888,0.0904977375565611,n.d.,n.d.,0.14831932773109244,n.d.,n.d.,0.08952811893988365,0.0,0.26910507792860733,1.6966233656860776,0.49211255349379757,2.240261528385714,2.427669012064855,1.6030007851517913,n.d.,n.d.,0.23529411764705882,0.2553336549849178,0.5,1.0915806164044444,0.4253869969040247,0.5,0.4,2.0,1.0,0.09444444444444444,0.19259259259259254,0.08982683982683984,13.0
2,W05_C4,D_half,9.108896806631101,4.941307030966033,6.414977830901879,n.d.,n.d.,3.1119477168023453,2.4401902106882076,0.1551995798319328,4.55754742589756,3.378687945752586,0.07983193277310927,n.d.,n.d.,0.09593837535014005,n.d.,n.d.,0.08403361344537814,0.0,0.23739495798319332,1.5513427791591823,0.41414055172123876,2.842905039241245,2.4069267279498083,1.9349004283868922,n.d.,n.d.,0.17647058823529413,0.24994102551647096,0.5,1.3419038898842943,0.3251050420168067,0.3,0.4,1.0,1.0,0.05692640692640692,0.2240802675585285,0.05681818181818182,14.0
2,W05_C4,Paper,11.466138753202555,5.746236143704995,4.915641714879746,n.d.,n.d.,2.9960388411929997,1.9589601912247883,0.19379084967320262,3.3964626594307763,2.635934867044053,0.06334841628959276,n.d.,n.d.,0.10784313725490195,n.d.,n.d.,0.07927170868347339,0.02631578947368421,0.21568627450980393,1.523294145440434,0.39185077300318116,1.1738580190650305,2.4986627110129422,1.9662853888220941,n.d.,n.d.,0.20588235294117646,0.2507495103937368,0.5,1.2730114521472249,0.28909313725490193,0.4,0.4,2.0,1.0,0.06980676328502415,0.4928571428571429,0.10703185703185703,13.5
2,W05_C6,A_double,14.878491910823513,7.081121140060034,5.679654267205311,9.115972162937808,6.1832570514865814,4.385950880455584,2.3114633302012955,0.10606060606060605,2.9228769942824044,2.2171958551943387,0.2857142857142857,2.962113331294055,8.557305580261826,0.11965811965811968,3.379196172246458,5.327423195749356,0.06837606837606836,0.0,0.33760683760683763,1.1356301003044638,0.5326410687443667,0.31998792290687583,3.8907689572550717,3.6011165812453028,2.4175446038607715,2.4298075631025453,0.2777777777777778,0.2948385036659342,0.5,1.328623889097322,0.12499999999999994,0.3333333333333333,0.6666666666666666,0.5,0.5,0.03535353535353536,0.2727272727272727,0.06904761904761902,13.0
2,W05_C6,A_half,15.235488536836854,7.173412439366022,5.7318754975399155,8.726055993497225,9.818007390065599,3.5811328070292925,2.832661095091367,0.14102564102564105,5.0142967089963575,3.048549216631524,0.2692307692307692,4.870610952427093,7.6134000925430225,0.15674603174603174,6.2150240374981935,5.4822056348207635,0.06837606837606836,0.0,0.376984126984127,1.1868000360065076,0.6757449810826882,0.8741088129692276,4.0681526302547475,3.92390197530459,1.5885011300423606,2.3434617767902326,0.2777777777777778,0.34330585869853597,0.5,1.553421624266106,0.12797619047619044,0.3333333333333333,0.6666666666666666,0.5,0.5,0.041407867494824016,0.3367965367965368,0.08333333333333331,13.0
2,W05_C6,B_double,17.698416249394718,6.8591887986809335,4.724148567432568,8.101927649869793,7.149193498435936,4.310606246924974,3.642524121583296,0.1904761904761905,3.1278393377467504,1.7222270066580707,0.24825174825174826,4.371312673151586,7.494060627349983,0.14063714063714064,2.942129366608242,3.93400813658704,0.1381673881673882,0.07417582417582418,0.36507936507936506,1.0760124215273166,0.5671696817004779,0.692138437134856,3.700920168892474,2.650883594761579,1.8546800931292031,2.034745927331402,0.2777777777777778,0.2760692268305652,0.0,1.2981107160960446,0.13095238095238093,0.5,0.6666666666666666,0.5,0.625,0.04318181818181818,0.22058823529411764,0.05128205128205124,13.0
2,W05_C6,B_half,16.56548330181808,6.777898770086179,4.608774316076733,7.842261367834013,7.737239543425845,2.5940411914613546,3.4336468548558576,0.1261904761904762,2.481749324777465,2.4956598317089216,0.25,4.336013603093384,7.374913738271373,0.15025252525252525,4.975495579135021,3.1942065935325266,0.07936507936507936,0.07142857142857142,0.365079365079365,1.1605145730394857,0.571766866787109,0.8658200269550337,2.8121573673999123,3.307551526194649,1.884402132004136,4.354931798887506,0.2222222222222222,0.3108801856602508,1.0,1.2495787278054058,0.12499999999999994,0.3333333333333333,0.6666666666666666,0.75,0.5,0.03743961352657005,0.3787878787878788,0.09116809116809119,14.0
2,W05_C6,C_double,16.496283256548878,7.280935737826727,4.54368938178194,9.045109999164602,6.7653638237775615,3.579845253817962,2.8597897546252926,0.10606060606060605,3.137773457540634,1.468293991165341,0.26785714285714285,4.6852101173463785,8.454004538112025,0.14722222222222223,3.1997135828780965,1.580865214414136,0.1351010101010101,0.0,0.376984126984127,1.2099206733354864,0.6387039862971322,1.398051863573706,3.8223382574164106,3.9234049693435615,2.0706083701336415,2.9098438086134895,0.2777777777777778,0.3130299640682275,0.5,1.2210632199472673,0.10505952380952377,0.3333333333333333,0.6666666666666666,1.0,0.75,0.036815523657628926,0.2777777777777778,0.08333333333333329,13.0
2,W05_C6,C_half,15.419135574409175,6.525812564060883,4.785274185557895,8.444693042113421,8.752223466912696,4.496700949614705,2.751430702039877,0.14102564102564105,2.874239127857477,2.453761622653367,0.24166666666666667,4.497910584282811,7.316598036663375,0.1388888888888889,6.479066723222029,2.7512944317542973,0.11388888888888889,0.07692307692307693,0.3354700854700855,1.1287928073752127,0.5351816986258201,0.7904022336006161,3.831565359185186,3.675054468184458,1.669169986785755,3.291318037893989,0.3055555555555556,0.31704320063010916,0.5,1.4329274000969439,0.04407051282051283,0.3333333333333333,0.6111111111111112,0.5,0.5,0.0491699604743083,0.24197860962566847,0.08333333333333331,12.5
2,W05_C6,D_double,14.931584371024737,7.593074927213605,3.954765574687842,8.711364379282445,6.279964351051852,5.120425591513149,2.5971329060066726,0.12354312354312355,2.082372652791127,1.7471151551290234,0.25,3.747567321333225,7.618186168481897,0.16773504273504275,5.0947230091571285,2.134610734953605,0.07692307692307693,0.0,0.33760683760683763,1.2239306802133165,0.5961597719578293,1.208312509609946,4.233581786256667,3.3276327586866317,1.7123125217861288,2.2581149212413223,0.2777777777777778,0.32323060825197514,0.5,1.3304093529903382,0.10737179487179493,0.3333333333333333,0.6666666666666666,0.75,0.5,0.0606060606060606,0.2777777777777778,0.08333333333333331,13.0
2,W05_C6,D_half,17.361578174059886,7.2518428237622405,5.392818929594607,8.411850293546188,7.802773507458697,2.5891895163703715,2.4222349059149355,0.17857142857142858,4.6451791955685025,2.4376141823402744,0.2857142857142857,3.5477075438817267,7.466989866461723,0.16507936507936508,4.517175435421217,4.152790268829284,0.10416666666666666,0.07142857142857142,0.365079365079365,1.1007729609941281,0.47682564578896025,0.8151650246749664,3.749103720454077,4.05231374209289,1.8861602664679775,2.589875316201625,0.2222222222222222,0.28108941598223125,0.5,1.2475729925252432,0.13095238095238093,0.6666666666666666,0.6666666666666666,1.0,0.5,0.046442687747035576,0.3112128146453089,0.08152173913043476,14.0
2,W05_C6,Paper,17.00479303145056,7.71322513770562,5.9894361561496865,8.820203317304268,6.777420312833898,6.3799586608584855,2.7640391880047175,0.11904761904761904,3.6775201433870794,3.5127043225676573,0.27521008403361347,4.609183610303795,7.5685991736603535,0.1746031746031746,3.9964199751423344,5.175201376613074,0.1388888888888889,0.03571428571428571,0.376984126984127,1.0815762838531007,0.5750929428845009,1.224957282944787,4.162994713238357,3.642320507868097,2.4834251193653016,2.019199510678062,0.2222222222222222,0.2778541447364889,1.0,1.239637585254509,0.15476190476190477,0.3333333333333333,0.6666666666666666,1.0,0.625,0.0491699604743083,0.42828282828282827,0.08333333333333334,14.0
3,W01_C3,A_double,13.563018541189088,16.52712044633002,8.173817283171704,4.400263284477767,n.d.,16.11323646528182,6.418222800441618,0.125,7.452776207677783,2.2408407788292086,0.08333333333333331,2.0424103554990576,4.447061776788781,0.08333333333333331,n.d.,n.d.,0.16666666666666666,0.125,0.25,2.6202724090562084,0.8520450913654326,5.311781740050607,2.9336840182375457,11.272399702652569,2.0214827446102186,n.d.,0.5,0.14512485433060573,0.5,1.7514496117463811,0.0892857142857143,0.3333333333333333,1.0,0.5,n.d.,0.05718954248366013,0.29166666666666663,0.08611111111111112,12.0
3,W01_C3,A_half,13.395070337899819,10.717635237146075,6.377810389632288,4.689347331040404,n.d.,10.196972976485402,7.066886982764344,0.14423076923076922,4.579338140733538,2.7214098886118574,0.08333333333333333,2.945734337305174,2.9161412286362784,0.08333333333333331,n.d.,n.d.,0.12222222222222222,0.04487179487179487,0.28846153846153844,2.849678770274306,1.477626382887962,6.270261569246917,2.8792216152335994,11.556270188923072,1.8241369916511667,n.d.,0.5,0.08257525392299872,0.5,1.2709989211177248,0.08762254901960786,0.3333333333333333,1.0,0.75,n.d.,0.07142857142857142,0.33333333333333326,0.1017241379310345,12.0
3,W01_C3,B_double,13.78483390043666,11.045203408981152,7.193436910386443,6.149704184767228,n.d.,10.783026943319717,8.689161776087209,0.125,5.875571260413293,1.7703485019008118,0.07051282051282051,4.434562627558363,2.3973211000580505,0.10164835164835165,n.d.,n.d.,0.19047619047619047,0.06433823529411764,0.2692307692307692,2.7050005914055166,0.9004051723776813,6.175918285469018,3.1540845136962807,11.55914602896325,2.4391043052954093,n.d.,0.625,0.19630013171206293,1.0,1.6206622196373595,0.08333333333333331,0.3333333333333333,1.0,0.5,n.d.,0.05555555555555555,0.4142857142857143,0.10161290322580643,13.0
3,W01_C3,B_half,13.88778680608926,12.896836345906287,8.261932316224632,5.378729551067569,n.d.,12.617961676863583,3.627485874727265,0.125,8.177907361455123,2.4726566654909323,0.09412955465587045,3.277156886595241,3.323729185699066,0.08333333333333334,n.d.,n.d.,0.11688311688311688,0.0551948051948052,0.2897727272727273,2.8287511447996136,1.2232942845687533,6.89986621254749,2.930944164642445,11.086539186436786,2.0996644640451723,n.d.,0.5625,0.10469526533957516,0.5,1.3399272754389717,0.1875,0.3333333333333333,0.5,1.0,n.d.,0.09523809523809523,0.27205882352941174,0.08831168831168831,12.5
3,W01_C3,C_double,13.1253065985429,13.345205889243774,7.439366065173552,5.169549538376586,n.d.,13.379258435268488,4.978201999210454,0.14423076923076922,5.28696387159431,1.8686981566109937,0.10784313725490195,3.852460028335927,4.085778919587802,0.05769230769230771,n.d.,n.d.,0.18181818181818182,0.059873949579831935,0.3018939393939394,3.005954019086929,0.9545890727339751,7.47802879554278,2.8963109078193128,11.651492625236322,1.6890059397501467,n.d.,0.75,0.19735749109181577,0.5,1.4727665172095674,0.09059873949579833,0.3333333333333333,1.0,1.0,n.d.,0.07179487179487179,0.2727272727272727,0.11010101010101012,14.0
3,W01_C3,C_half,14.2272894092416,14.15521223927415,9.416294496077589,4.907321499888348,n.d.,13.536859051938364,6.840673101964258,0.0892857142857143,9.143112395495391,2.8785876861756545,0.08974358974358973,3.1363674019878256,2.7119257700620434,0.08333333333333331,n.d.,n.d.,0.18181818181818182,0.125,0.30332167832167833,2.8105696712330666,0.9795734026728636,6.190717301192343,3.3742773936863384,11.90009489332362,1.8538806334578573,n.d.,0.625,0.14639001157569584,0.5,1.5242258341568327,0.14903846153846156,0.3333333333333333,1.0,0.5,n.d.,0.08116883116883117,0.31372549019607837,0.10912698412698416,13.0
3,W01_C3,D_double,12.504500843606637,13.056505753067961,8.638711939598899,4.946652521421352,n.d.,12.003401062662618,6.302884694986587,0.06730769230769229,8.35071262788323,2.864690137226484,0.08333333333333333,2.8832446458329137,4.403356472496043,0.05769230769230771,n.d.,n.d.,0.15384615384615385,0.125,0.25,2.862005989641162,1.4050453435987582,6.640703765489462,3.2137101844375318,11.141283290805168,1.891025169089577,n.d.,0.625,0.15352235751888807,0.5,1.6216012899769232,0.13701923076923078,0.3333333333333333,1.0,0.5,n.d.,0.08514492753623187,0.4285714285714286,0.13996415770609316,13.0
3,W01_C3,D_half,14.163366756135204,13.73438957513785,7.988198378256292,6.002770165269737,n.d.,13.747542517187094,3.373526331045631,0.16071428571428573,7.745375874948859,2.435773880016657,0.0995475113122172,3.7256032554168765,3.3186779733436222,0.08333333333333334,n.d.,n.d.,0.16025641025641024,0.053571428571428575,0.28708791208791207,2.838996511906305,0.8065689049188585,6.148414990725577,3.103508888409369,11.199425935583518,2.113681083210528,n.d.,0.6875,0.172223093932729,0.5,1.5474021043057067,0.09255952380952381,0.3333333333333333,1.0,0.5,n.d.,0.10941644562334218,0.24705882352941172,0.11120448179271711,13.5
3,W01_C3,Paper,14.839897876021649,10.464365478372512,8.213672976919142,4.295247976417523,n.d.,10.456860205025169,6.111626435787305,0.15247252747252749,6.988319540586034,1.6639684876475278,0.12171052631578946,2.3856055173538127,2.6254495779075118,0.1103896103896104,n.d.,n.d.,0.14285714285714285,0.125,0.3004807692307692,2.8856579568020035,1.4001591250501848,6.797011880885961,3.661355892377869,12.236307785818397,1.4986431336079096,n.d.,0.625,0.13625218035596257,1.0,1.360718656433675,0.11916208791208793,0.3333333333333333,1.25,0.5,n.d.,0.08893280632411067,0.2121212121212121,0.11388888888888889,13.0
3,W03_C3,A_double,13.507381858571296,7.017448296305984,6.782988418483554,5.702632340080932,8.753909393493844,5.977294169219818,3.6257808840205836,0.12727272727272726,6.135960371939107,2.8294067199052675,0.19444444444444442,4.9523310667177105,2.6468348557998533,0.05555555555555555,8.200585528713562,2.056685525211724,0.05555555555555555,0.0,0.24007936507936506,0.9535926040733214,0.42735740542411804,0.46228465437888944,2.259652657569008,2.243003006713276,2.4966370859833025,2.5539871232640787,0.3333333333333333,0.3142460109247348,1.0,1.1228579223027426,0.0982142857142857,0.16666666666666666,0.5625,0.5,0.25,0.046266233766233775,0.3781818181818182,0.11293103448275864,12.0
3,W03_C3,A_half,12.862764408618451,8.246674152685932,4.997276335811785,6.580323853003563,8.73322054932041,5.640117497453901,1.8884128545912233,0.11875,3.3056182254466204,2.315245031096193,0.1111111111111111,6.579660590512591,2.2522073354885754,0.049999999999999996,5.535142525431228,7.373610368577527,0.06313131313131314,0.0,0.22619047619047622,0.9725385652045466,0.3473859723795236,0.7268436584308302,2.5004999331141047,2.1269254285960435,3.3596580530323283,3.2790931306789135,0.2777777777777778,0.29031464919882205,0.5,1.3825233355854283,0.15802253302253302,0.3333333333333333,0.5,0.5,0.5,0.05194805194805194,0.3444976076555023,0.08333333333333331,13.0
3,W03_C3,B_double,12.641493601707792,6.870556864195116,6.590795896363831,7.127265728232345,9.64225265663074,4.991019138393457,2.8786857617897033,0.09294871794871795,5.16600808866197,3.9898868374993413,0.15873015873015872,5.1749990585722925,1.7159546807190775,0.10317460317460317,9.64225265663074,5.779076326793964,0.10317460317460317,0.0,0.2373015873015873,0.9618977730817639,0.4626365005970007,1.0588753450530608,2.3790710694974924,2.137431984312461,2.825048996607551,2.365578877963041,0.2222222222222222,0.27013119502442523,1.0,1.2404250919647064,0.1423139768728004,0.3333333333333333,0.5,0.5,0.5,0.046442687747035576,0.4155844155844155,0.09854497354497357,14.0
3,W03_C3,B_half,12.806230314406683,8.457866261599627,6.631878859832993,6.100816093165993,8.95901688574972,8.123309525621123,3.8967452686945814,0.08333333333333331,5.4727592104203415,2.6361347701118536,0.19444444444444442,3.9914698105458504,2.9254405280563542,0.1388888888888889,6.719998859150978,3.875314106471627,0.04914529914529915,0.06904761904761905,0.2611111111111111,1.030104971572057,0.3804025053977972,1.8935373827547708,2.430768155485455,2.0250095759063704,2.2255309890126758,2.990059354742589,0.25,0.295762621509702,0.5,1.4727051155102766,0.3319444444444445,0.5,0.5625,0.5,0.5,0.0487012987012987,0.3181818181818181,0.09090909090909091,13.5
3,W03_C3,C_double,12.069952784515737,6.886397591240631,4.258688487877309,5.363425788802196,8.1558937981041,6.542278875873463,2.522783299346286,0.11904761904761904,2.1545270639330987,3.0525162455079773,0.2196545284780579,4.661121500299204,1.2412086630583952,0.1111111111111111,7.203341903300444,4.274214948081255,0.06535947712418302,0.0,0.2777777777777778,0.9313246059838839,0.531089156866073,2.0306437420244166,2.1052619094546623,1.8382240131508543,2.354523089874034,2.7060684497014496,0.2222222222222222,0.272867978948784,0.5,1.2846060570697766,0.2420634920634921,0.41666666666666663,0.625,1.0,0.5,0.04393939393939394,0.2577777777777778,0.07077205882352944,14.0
3,W03_C3,C_half,11.69917513119961,7.809434356298,6.303857769289625,6.251076299680033,5.981990805466102,7.4537025787621785,3.0558542831920548,0.09890109890109888,4.635237972679459,3.137833325289605,0.16825396825396824,3.6782346925576226,1.8122706692474466,0.07979797979797981,4.879992400780419,3.754114518852266,0.06803327391562687,0.0,0.25240384615384615,0.936277876430953,0.2089133847284802,0.9146363070741226,2.132964359296299,2.3623448778537837,2.291912741142615,2.5884618482892696,0.2777777777777778,0.28817455056097924,0.5,1.3008966206944383,0.09920634920634919,0.3333333333333333,0.5,0.5,0.5,0.038200339558573854,0.2990430622009569,0.08064516129032256,13.0
3,W03_C3,D_double,12.800288163359701,7.72371638594706,5.361878562476837,5.8449730939273215,5.768683445419274,5.609719481168169,3.712485428377952,0.0892857142857143,4.568918771450985,1.7434207437847906,0.1957264957264957,3.771834616870458,2.2775289184717673,0.10317460317460317,5.497245867220381,3.8262137303569506,0.1111111111111111,0.0,0.2777777777777778,1.0326564037204666,0.5889233633573876,0.6697834957259763,2.5865714318801367,2.0298625629776907,2.9469024712572933,2.9386777351829,0.2222222222222222,0.2824296788192161,0.75,1.0935100310986132,0.1977272727272727,0.3333333333333333,0.625,0.5,0.5,0.038131313131313134,0.3207821926357395,0.0833333333333333,14.0
3,W03_C3,D_half,14.370207131907602,7.3584781703883895,5.88785688506789,5.209013456339264,9.194039939096095,5.425636605405927,3.4664491701473477,0.1011904761904762,3.880758199336616,2.259248964692379,0.14774114774114772,4.443847500241424,2.0212064368942615,0.08694083694083694,9.225233301190569,4.856430996809316,0.06803327391562687,0.0,0.23333333333333334,1.0010978878156431,0.49693999609345174,1.230948375471218,2.322943721804206,2.2972556284198244,2.8550872171348796,2.4751601737643285,0.2222222222222222,0.29082772074363444,1.0,1.1883755048754654,0.2420634920634921,0.3333333333333333,0.5,0.5,0.5,0.03618421052631579,0.3896103896103895,0.08928571428571427,14.0
3,W03_C3,Paper,13.49068004420507,9.284571258470839,6.362466804991219,5.470390412810091,7.201564066451725,7.987788375773445,2.9945415433393903,0.0892857142857143,4.430519671804872,2.084224251778106,0.14774114774114772,4.449842147952466,1.3951264494132516,0.07979797979797981,4.446194216853733,3.8258138763616154,0.041208791208791215,0.0,0.2373015873015873,1.0077249684793772,0.38327217216009846,1.491943054260596,2.205960564118013,2.4858537494110307,2.3044752433835587,2.8838779356036834,0.2222222222222222,0.2842916776862183,0.5,1.4140251312366967,0.20625,0.3333333333333333,0.5,0.5,0.5,0.041666666666666664,0.3781818181818182,0.08333333333333333,14.0
3,W03_C5,A_double,12.028683603998378,10.30101395204974,11.023357332563629,5.17273766279618,7.992343250188187,10.241128407402943,2.8465262820317125,0.09523809523809523,7.573531763750322,7.155174866192222,0.047619047619047616,3.944301263497225,1.8693529513509697,0.11904761904761904,4.157090850057871,3.2287096024639057,0.05952380952380952,0.0,0.19047619047619047,1.1922994191565983,0.7340882907579038,1.9308012276188957,2.8660755283040094,2.3010579175304304,1.4570641170790155,2.8374986174039805,0.14285714285714285,0.10659391926804439,n.d.,0.8177920258383771,0.11309523809523803,0.3333333333333333,0.3333333333333333,0.3333333333333333,0.5,0.0625,0.9761904761904762,0.20833333333333337,12.0
3,W03_C5,A_half,12.536308163943776,10.587228991508791,9.594748560618116,5.413467223231346,6.679081532143693,10.604807754302577,2.3739968353874437,0.12087912087912084,6.683806430978272,8.429282091799493,0.07142857142857142,4.481569168254303,3.2375011176292414,0.11904761904761904,4.5209912064211775,4.79410167983038,0.06868131868131867,0.07142857142857142,0.23809523809523808,1.1722125326456616,1.0206630751882606,1.7559197719069042,2.816110518075096,2.000368716038155,2.2237081797595435,2.068405976233919,0.14285714285714285,0.14755151475394818,n.d.,1.2105039075213133,0.2012362637362637,0.3333333333333333,0.3333333333333333,0.3333333333333333,0.5,0.05263157894736842,0.8421052631578947,0.17914438502673796,12.0
3,W03_C5,B_double,12.531326424193153,10.803180557353834,9.5364025382291,5.962900472591476,5.213788522751198,10.803004760387761,3.307332218041154,0.11538461538461536,6.258701094567396,4.060809310792251,0.06043956043956042,3.641487060868821,2.6060821785872843,0.08241758241758243,3.971255369961754,4.150416717270345,0.07142857142857142,0.0,0.21428571428571425,1.1220795744626617,0.776559039328783,1.0940690219414217,2.356483089295107,2.243203613399203,1.7513670292659487,2.497836416413554,0.07142857142857142,0.03609559641580709,n.d.,0.8611032250781422,0.1428571428571428,0.3333333333333333,0.3333333333333333,0.3333333333333333,0.5,0.059027777777777776,1.0480549199084668,0.2207792207792208,13.5
3,W03_C5,B_half,12.586315256102603,11.04782990090915,7.195427387250047,6.739823047202165,7.427020565826874,10.92187130091326,3.0407406912702726,0.1672077922077922,4.16839476564663,7.056049044503261,0.11904761904761904,5.7042604418879295,3.482637295461851,0.06593406593406592,6.714531236269342,4.430616740494538,0.05194805194805194,0.07142857142857142,0.22023809523809518,0.9683744208741848,0.9431377200025665,0.44121314350807683,2.419318310996454,1.9784977833434834,1.463650039260433,3.112952682817715,0.14285714285714285,0.13107620847804213,n.d.,1.1501093026541858,0.2857142857142857,0.5,0.3333333333333333,0.3333333333333333,0.5,0.11437908496732026,1.0025062656641603,0.21780303030303033,12.0
3,W03_C5,C_double,13.313251529674405,9.640862525735102,11.664244014755557,6.251146230544398,7.214034156185176,9.764705420729888,2.8323150951351286,0.14935064935064934,7.458966683445384,8.603865916999377,0.07142857142857142,4.876143090891219,3.9161528088673845,0.07619047619047618,6.467495481298313,3.5185866819154055,0.07142857142857142,0.0,0.24925074925074925,0.8681468252802584,0.5763531426630625,0.5537774198491191,2.3896412753620138,2.0372286996167976,1.4307915439666092,1.8013199727782765,0.10714285714285714,0.11652518949080465,n.d.,1.1116562479342573,0.20211038961038957,0.3333333333333333,0.3333333333333333,0.3333333333333333,0.5,0.05756578947368421,0.6076923076923078,0.1333333333333333,13.0
3,W03_C5,C_half,12.456610282530225,13.479625750262214,8.91296254439969,6.597368705534176,9.478444929381514,13.552127980554358,2.0209221304795886,0.11888111888111885,4.977639671645675,8.319347588304689,0.06493506493506493,5.422795836296895,3.709325516921559,0.07142857142857142,6.681367100043128,3.850646006963233,0.06593406593406592,0.0,0.18106893106893107,1.0970005093184514,0.5595319162080381,1.1215050043737829,2.8636469566108813,2.013478530496137,1.752608935538445,3.3829337499372714,0.07142857142857142,0.10006460330382622,n.d.,0.9740983637239982,0.1428571428571428,0.3333333333333333,0.3333333333333333,0.3333333333333333,0.5,0.0625,0.8888888888888888,0.1952380952380952,13.0
3,W03_C5,D_double,11.280380489774922,11.283745494079048,8.034861184000386,6.236783864442296,5.163318234291311,10.551306145280032,1.3601538233042731,0.09523809523809523,3.5771073497361066,7.247394397060509,0.09340659340659344,4.875418497800649,2.8388329026893935,0.06593406593406592,3.5062500782039536,4.675816462746422,0.06593406593406592,0.0,0.20238095238095236,1.2618345732039846,1.228923783113176,1.757024126765302,3.001681635830388,2.6475877072461866,1.675302503359755,3.697221634806163,0.10714285714285714,0.16331942562125767,n.d.,0.9266084588633058,0.2012362637362637,0.3333333333333333,0.3333333333333333,0.3333333333333333,0.5,0.07919254658385093,0.8285714285714285,0.18198529411764708,12.5
3,W03_C5,D_half,11.404384618801924,10.399696841253114,9.475297979943075,7.12962300369043,6.164336298367663,10.190398054390169,3.1668212993972875,0.12087912087912084,5.593453581115722,6.350456347061612,0.0890231092436975,4.644348774376005,3.9301076875764016,0.09134615384615385,3.5283737424099217,5.808657227777126,0.05952380952380952,0.07142857142857142,0.21428571428571425,1.128174659892844,0.7553555271772949,1.4304357486380326,2.4206591052978528,2.5135637091964473,2.0130179041767993,2.2695157477352246,0.07142857142857142,0.07801867865138287,n.d.,1.0010084284218166,0.2857142857142857,0.3333333333333333,0.3333333333333333,0.3333333333333333,0.5,0.07738095238095238,0.8888888888888888,0.18898809523809523,14.0
3,W03_C5,Paper,11.925430348571588,12.458607709989453,8.809078072909713,5.801894358607313,8.60666384088054,12.531987804790614,3.121466784197226,0.1672077922077922,4.8728832391025385,8.721427892843096,0.08241758241758243,4.544306629844857,3.8223957010100156,0.11904761904761904,6.268728897026772,7.246000355557593,0.06547619047619047,0.0,0.2261904761904762,0.9900388158046654,0.6368842124100726,0.6994010366231329,3.0637966926921045,1.8888185972960325,1.5363988220460567,2.616742033014007,0.07142857142857142,0.08230545674522838,n.d.,1.0970672170537914,0.2797619047619047,0.5,0.3333333333333333,0.3333333333333333,0.5,0.05263157894736842,0.6357894736842105,0.14285714285714288,13.5
3,W05_C3,A_double,14.455790312323085,7.109273721895297,5.795951645010952,8.055878912954283,n.d.,5.7287456104308445,4.510517764952021,0.08823529411764708,3.47293824192696,2.277845589459396,0.08071895424836603,6.659884071141841,1.7477642704310057,0.044871794871794865,n.d.,n.d.,0.09722222222222221,0.11764705882352941,0.24409250879839117,1.2025714821826035,0.5039910676751075,0.6346633532669188,2.169750950585792,2.1565385669446746,2.31703321329857,n.d.,0.17647058823529413,0.22290510243897918,0.3333333333333333,0.9422119178101425,0.1701923076923077,0.14285714285714285,0.3333333333333333,0.5,n.d.,0.07773386034255599,0.33333333333333337,0.08247892458418775,14.0
3,W05_C3,A_half,11.782956700311363,5.6900896469677456,5.4404037957727,6.515415175026758,n.d.,4.292261844401935,4.074119454282097,0.08823529411764708,4.224848230673591,2.278561450837338,0.0862745098039216,5.272538804127116,2.4734250749124254,0.050980392156862744,n.d.,n.d.,0.1111111111111111,0.11764705882352941,0.23529411764705888,1.3518352894158339,0.651422862208359,0.6816233357763635,2.273138897236845,2.380698909396337,3.54459765800193,n.d.,0.11764705882352941,0.17348615273566098,0.6666666666666666,1.2845462756168664,0.13291855203619912,0.14285714285714285,0.3333333333333333,0.5,n.d.,0.0976190476190476,0.27635327635327633,0.09154135338345865,15.0
3,W05_C3,B_double,13.462623086469195,7.033630740685359,5.719950618585521,6.978416512158715,n.d.,6.3222871656701685,3.9295469216612053,0.08823529411764708,4.041258153806125,2.5390665791771605,0.12217194570135748,6.804845185078879,1.410978945303571,0.046218487394957986,n.d.,n.d.,0.07142857142857142,0.0819327731092437,0.23109243697478993,1.2748150911104448,0.2989937673459059,0.8403076164286405,2.4531645006616536,2.5542378221952626,2.105044853906017,n.d.,0.17647058823529413,0.2424978146604524,0.6666666666666666,1.1588991396639075,0.10372899159663868,0.14285714285714285,0.5,0.5,n.d.,0.06979166666666665,0.5398550724637681,0.11408209195155933,14.0
3,W05_C3,B_half,11.74106502041062,6.296275377268997,5.120932087709791,5.843558845190436,n.d.,5.983770230868939,4.339128179648585,0.07017543859649122,2.918633100834179,2.128387305859048,0.07516339869281047,2.7742334525717287,3.5863654367074567,0.049999999999999996,n.d.,n.d.,0.12916666666666665,0.05514705882352941,0.2113970588235294,1.221025835639408,0.45281149038344737,2.0325162732816016,2.736840385079678,2.2855707540534107,2.407876658990311,n.d.,0.11764705882352941,0.13711653466337748,0.5,1.0368567507753979,0.31425223598211216,0.2857142857142857,0.3333333333333333,0.5,n.d.,0.06666666666666665,0.23487179487179477,0.07033208020050125,16.0
3,W05_C3,C_double,14.130288599623643,8.128903156356698,5.449121210091487,8.047500010823825,n.d.,6.989523449265379,4.458518984791302,0.1215686274509804,3.8938009363404134,2.1833999613412693,0.0862745098039216,6.9766539957265366,2.7919650784683996,0.040485829959514164,n.d.,n.d.,0.10882352941176471,0.11764705882352941,0.23529411764705885,1.1782530181338393,0.46791299274413223,1.9346014515978827,2.356917102401104,2.176764434129347,1.9550537460753354,n.d.,0.14705882352941177,0.2126517459881294,0.3333333333333333,1.1025813353332086,0.23266806722689082,0.14285714285714285,0.3333333333333333,0.5,n.d.,0.0753623188405797,0.4985507246376811,0.09875776397515529,15.0
3,W05_C3,C_half,12.861138993068375,5.601937271224823,6.026428999385438,6.907920493816053,n.d.,4.529308260234139,3.7535802503015834,0.08823529411764708,4.428094367109379,3.730304831672894,0.08071895424836603,6.907920493816053,1.2573263538717963,0.030704589528118942,n.d.,n.d.,0.07417582417582418,0.11764705882352941,0.21155830753353974,1.2055793496934775,0.428528094839975,1.6341907028760883,2.435453953203175,2.2299294866586328,2.3674366461581275,n.d.,0.14705882352941177,0.18260503716694612,0.6666666666666666,0.8774941858849705,0.10171568627450989,0.2857142857142857,0.3333333333333333,0.0,n.d.,0.0962962962962963,0.4603174603174603,0.09273182957393482,15.0
3,W05_C3,D_double,12.528080532324632,6.618367164907336,5.28090154120482,8.421762944025666,n.d.,4.70132805652582,5.220378375693851,0.08823529411764708,3.424540456147726,2.107538282459302,0.06372549019607843,6.152736385363321,1.7883116291361216,0.0600812693498452,n.d.,n.d.,0.10049019607843138,0.11764705882352941,0.2457983193277311,1.3109253415408215,0.6507771468549944,0.4171311519246024,2.182791886389274,3.1338396528478456,2.4820886243552787,n.d.,0.17647058823529413,0.23343129064749635,0.3333333333333333,1.0925820902342513,0.23266806722689082,0.14285714285714285,0.16666666666666666,0.5,n.d.,0.06904761904761904,0.37878787878787873,0.08392857142857144,14.0
3,W05_C3,D_half,13.35622485754832,6.936259018844902,5.054963463967592,6.510599168302832,n.d.,6.340036308418581,3.652800822739138,0.08823529411764708,3.598395764709204,1.8457350171506022,0.08802889576883388,5.766267091699715,1.3713803630089707,0.0565359477124183,n.d.,n.d.,0.07142857142857142,0.06209150326797386,0.24509803921568626,1.2879184216488633,0.38593527892529456,1.1089426279067993,2.137369631362647,3.161161947518764,2.666916504002693,n.d.,0.17647058823529413,0.25265162809280783,0.3333333333333333,1.046579779783443,0.23266806722689082,0.14285714285714285,0.3333333333333333,0.5,n.d.,0.08152173913043478,0.38416422287390034,0.10046082949308756,14.0
3,W05_C3,Paper,13.905838630075994,6.455061653129493,5.823665086781994,7.32866206999706,n.d.,5.648326532417718,4.418780707124202,0.08333333333333334,3.3415476117157064,2.3988504354148663,0.10597761371755182,6.068999353939612,1.5348914038442287,0.05306372549019608,n.d.,n.d.,0.15384615384615385,0.11764705882352941,0.2542016806722689,1.1797946081618689,0.3843728068605884,1.504653850011216,2.2536905038577713,2.4679436005922843,1.9374144831384634,n.d.,0.11764705882352941,0.1507757161839863,0.3333333333333333,1.1418445084830253,0.21977124183006538,0.21428571428571427,0.3333333333333333,0.5,n.d.,0.05555555555555555,0.31481481481481477,0.08504398826979472,15.0
3,W05_C5,A_double,10.093829648013397,5.19361900968441,6.954994323603351,6.457441997192511,6.066136522523142,3.4727904906523666,1.5106558061850421,0.07936507936507936,4.9834020595723425,3.3788360352655147,0.07480203619909503,3.496550823576934,5.976718892275991,0.0980392156862745,2.785974406076366,4.080067517911969,0.07352941176470587,0.0,0.18069381598793363,1.22030812667463,0.3822405850070504,0.3740781987640973,3.0721535411138357,2.9499066275956576,0.957686928435797,1.9312248215249264,0.29411764705882354,0.29634693247319843,2.0,1.0976743478840487,0.5306372549019608,0.16666666666666666,0.25,0.25,0.3333333333333333,0.2222222222222222,0.41652983032293367,0.22708450969320532,12.0
3,W05_C5,A_half,10.567910052756407,6.214715057609878,5.404861016082758,5.458532868196215,6.501959226390301,5.309271437417252,2.9429435673099986,0.10294117647058826,3.066925602152527,2.6714884853951837,0.08144796380090497,2.410485369241648,4.651936737153966,0.13636363636363635,3.5560098533096887,5.802547479647123,0.05982905982905984,0.0,0.19607843137254904,1.3831943339737727,0.5620527806959374,0.6486175632064151,3.0860155299243437,2.9157212014385188,2.321322268162737,3.6951179111640933,0.23529411764705882,0.2663047522899172,2.0,1.3583697175947722,0.6187782805429864,0.3333333333333333,0.25,0.5,0.3333333333333333,0.26428571428571423,0.5238095238095237,0.2584670231729055,13.0
3,W05_C5,B_double,10.903790193170032,5.271495402020673,5.566098666798012,4.940714174136114,8.118429750251781,4.4121579685109324,1.4557380421749295,0.052036199095022634,4.860992411763846,2.255061399394588,0.07692307692307693,2.753539121042299,2.0125986786204964,0.09243697478991597,4.141412580961538,6.698686487827713,0.05429864253393665,0.0,0.2118616677440207,1.2777232981413942,0.453851309515117,1.1700581610202787,3.1579692297635447,2.777452674262575,1.6550436501855499,2.2935611894134857,0.23529411764705882,0.22569323447596676,3.0,1.1208725911269903,0.6187782805429864,0.16666666666666666,0.25,0.5,0.3333333333333333,0.24818840579710144,0.5930735930735931,0.2503657262277952,13.0
3,W05_C5,B_half,10.953300940874712,7.5913629016240085,4.97468124658996,5.0597844541629655,8.880274985601229,7.276524237076003,1.933036402878499,0.10294117647058826,2.8768789021212533,2.7598418972842573,0.0980392156862745,2.8102868614515932,3.7955088436701367,0.09523809523809523,7.140034955849531,2.2263169710443744,0.07954545454545454,0.0,0.19607843137254902,1.4188097301020113,0.526529490605962,1.4789590973367817,4.162476126321163,2.9635975452680743,1.9601506662831594,2.4014085532941376,0.29411764705882354,0.27749002645473203,2.0,1.2357664500896737,0.7211134453781514,0.5,0.125,0.25,0.5,0.22807017543859648,0.49749373433583954,0.22924901185770752,12.0
3,W05_C5,C_double,10.542724215025906,4.6287916458140685,5.717250246315007,6.0457866496419586,8.364801783046522,2.9450410349742744,2.1611911641024975,0.07792207792207792,4.878461889671165,3.4036400292460467,0.06862745098039216,4.713644366367451,3.948134750288946,0.07239819004524889,3.5855194669417334,4.567869798351648,0.06391402714932126,0.0,0.18732492997198882,1.4034076313251527,0.431364754620408,1.683338037527034,3.0388864310950696,3.0047796075564,1.2900662852044642,3.059569067004545,0.23529411764705882,0.27056617953914375,1.0,1.347975276673069,0.6973039215686274,0.3333333333333333,0.5,0.25,0.3333333333333333,0.2745098039215686,0.8281573498964803,0.2654040404040404,13.0
3,W05_C5,C_half,9.72932476683142,5.706303484855891,6.34795303971535,5.436704085676631,7.56742664868636,4.37789558746479,2.0645040363914315,0.07563025210084029,4.333740246426701,3.131158187121544,0.09523809523809523,2.6486226316563277,4.786831386662578,0.09999999999999999,4.1942812978771205,4.326192916602869,0.059640522875816976,0.0,0.19656862745098042,1.2869680968858037,0.24912765678005766,0.7347715719787029,3.268011522921155,2.930825898638845,1.5845520220490248,2.9636088350174603,0.23529411764705882,0.25162730219705953,1.0,1.2455325733600837,0.5392682072829131,0.3333333333333333,0.25,0.5,0.3333333333333333,0.27267156862745096,0.7678571428571428,0.2665945165945166,13.0
3,W05_C5,D_double,9.76167648200086,5.993293945206837,5.5654041751047965,5.687795245392407,8.67411826597634,4.828762454696761,2.6453578893815934,0.061274509803921545,3.9845056697488728,3.0549883334512202,0.07051282051282053,4.010224026635425,6.080671095835663,0.0888655462184874,2.962373714772511,4.617799612278564,0.0946969696969697,0.0,0.19677871148459383,1.4394602833238184,0.781064152437973,0.48993414886242537,3.3451019723236217,2.7811244276797735,1.4756453184688056,3.0582856408715626,0.23529411764705882,0.31167683708845195,2.0,1.1059538080431817,0.6187782805429864,0.25,0.25,0.5,0.3333333333333333,0.1869047619047619,0.33557422969187667,0.1968582887700535,13.0
3,W05_C5,D_half,10.723823785628156,6.273035040499234,5.564258851524802,5.48889728301673,6.421235124558223,4.260886086853704,2.7041152862903544,0.07119514472455651,3.8366430192280863,3.2564921455248044,0.07503770739064856,2.8852761866258354,4.443039352683494,0.10994397759103641,3.761607234349211,4.589742608610221,0.0931372549019608,0.0,0.22175536881419236,1.157983465117604,0.4690626809009807,1.141630808707792,3.2556244178734772,2.6021887435662903,2.385184214131903,2.2697721159618642,0.17647058823529413,0.24999332836062185,2.0,1.0760060120171826,0.5955411010558069,0.25,0.375,0.5,0.5,0.2429800724637681,0.6418650793650793,0.23947811447811448,14.0
3,W05_C5,Paper,11.142412475235098,6.235724051553812,5.424621397746489,5.31963505254576,6.984037119904325,3.50905337362264,4.000305758184954,0.0915775401069519,3.728898731249975,3.1927064168675545,0.06561085972850679,2.574680932235185,4.008911757242939,0.11974789915966387,2.5924414154828934,6.185383155474554,0.04047619047619047,0.06349206349206349,0.2089169000933707,1.332113507427668,0.47252803099608276,1.0382554157821067,3.429915379036025,2.923254485847786,2.215167811996513,2.7130595342346386,0.17647058823529413,0.24148133956828577,1.0,1.261595032445965,0.589588720103426,0.3333333333333333,0.25,0.25,0.3333333333333333,0.24440052700922266,0.6265664160401002,0.2408008658008658,14.0
3,W05_C7,A_double,13.206019594922374,11.18674685478064,7.032261735624522,4.520910621984967,n.d.,10.734634458349962,4.359249871648392,0.06593406593406592,5.475633595273381,2.9413451214833137,0.11666666666666667,1.8590268929723375,2.9798517032147904,0.11904761904761904,n.d.,n.d.,0.07777777777777778,0.03333333333333333,0.22619047619047622,1.0980749516051995,0.48246432843813025,0.9112475124173602,4.03455993699478,1.8325493270761344,1.3373862534791414,n.d.,0.3333333333333333,0.26592106644073854,0.75,1.3131526193129677,0.07916666666666661,0.25,0.42857142857142855,0.5,1.0,0.08035714285714285,0.23529411764705882,0.09179407548972766,12.0
3,W05_C7,A_half,13.981296952020767,10.083804204140463,6.013501928366136,4.639345445751984,n.d.,9.283031724661594,2.9248214553535465,0.06837606837606836,5.552749777229803,4.237679767677832,0.1,2.9726231600896664,2.803798695129963,0.10256410256410253,n.d.,n.d.,0.1047008547008547,0.038461538461538464,0.22222222222222224,1.2530463753736147,0.4596965585729723,0.6255160542515625,4.262740246966224,1.7119975821654525,1.6008151004383253,n.d.,0.3055555555555556,0.2674490214541566,0.5,1.547515632500644,0.11618589743589744,0.25,0.42857142857142855,0.5,1.0,0.08876357560568086,0.2982456140350877,0.10079051383399214,12.5
3,W05_C7,B_double,15.282028255542983,9.975304860803222,6.0070584735000585,5.599650742411994,n.d.,8.433878130662137,5.212135062975448,0.07692307692307693,2.5903855278850063,1.8690066357657482,0.09243697478991597,2.1700762493194325,3.1047864045319833,0.12362637362637365,n.d.,n.d.,0.0982905982905983,0.0,0.2692307692307693,1.1183988170187473,0.5355935062983774,0.7969035531019125,4.491539112656309,2.072719879842512,1.9854154561299107,n.d.,0.2777777777777778,0.19947334015371276,1.0,1.242700775482465,0.05032051282051281,0.25,0.42857142857142855,0.5,1.0,0.04937888198757763,0.38095238095238093,0.09638187899057465,13.0
3,W05_C7,B_half,12.310020651456071,7.64239298293537,5.752790436297239,6.266538841155879,n.d.,6.5800663272060556,4.113590188447301,0.0505050505050505,3.6532793753426427,1.9466728007494165,0.10714285714285715,3.819158705184539,2.0623451250116025,0.08333333333333334,n.d.,n.d.,0.0992063492063492,0.07738095238095238,0.22619047619047616,1.1216160323303164,0.5773154887178864,0.8265709087704498,4.309891706063151,1.963191385397528,1.3450725177998422,n.d.,0.3333333333333333,0.2764348625939337,0.5,1.4962645437377877,0.19791666666666663,0.25,0.42857142857142855,0.5,1.0,0.0738095238095238,0.2557544757033248,0.082815734989648,12.0
3,W05_C7,C_double,12.50817404327035,9.001846056738152,5.562831486731975,4.267515865530541,n.d.,7.5130543558694445,4.555242838496902,0.06349206349206349,4.706006696412856,1.9241330383175317,0.10966810966810969,1.4668923141974313,3.2531184674919524,0.07196969696969696,n.d.,n.d.,0.0873015873015873,0.07142857142857142,0.24145299145299143,1.246535582453046,0.3520341736850735,1.1752251180834334,4.304585377930548,2.164332243897961,1.3476928956360772,n.d.,0.2222222222222222,0.23744587428041367,0.5,1.366439786153516,0.13095238095238093,0.25,0.42857142857142855,0.3333333333333333,1.0,0.05714285714285716,0.35064935064935066,0.08786231884057968,14.0
3,W05_C7,C_half,15.928772649545241,10.207129565929577,5.990124017331635,5.326868537762681,n.d.,10.205901771411733,4.405192525510475,0.0854700854700855,4.003029196791966,2.176564849302748,0.08791208791208793,2.9986013412775954,4.270542162048292,0.15909090909090906,n.d.,n.d.,0.1111111111111111,0.03571428571428571,0.2641802641802642,1.1882520585775782,0.44936371705719846,0.45096940148474984,4.828636629288353,2.116257364751289,2.218128517636694,n.d.,0.2777777777777778,0.24758776784760878,0.5,1.3579876276653424,0.13446969696969702,0.25,0.42857142857142855,0.6666666666666666,1.0,0.05454545454545455,0.3939393939393939,0.08695652173913042,13.0
3,W05_C7,D_double,15.171351631910998,8.315245067502197,8.072846400339104,4.195408261760096,n.d.,7.661642025230716,3.781538574039987,0.06837606837606836,6.0015006965851745,4.239369208898827,0.1581196581196581,2.329009536447888,2.9119675538192915,0.07499999999999998,n.d.,n.d.,0.0982905982905983,0.0,0.2564102564102564,1.3151153711101284,0.8218124564867582,1.051505854445024,4.610573872933258,2.1392317808748342,1.5198759644080866,n.d.,0.2777777777777778,0.30273106755398355,0.5,1.3366143825428711,0.11618589743589744,0.25,0.5714285714285714,0.5,1.0,0.05267558528428094,0.3962848297213622,0.10341183574879226,13.0
3,W05_C7,D_half,12.68449728471768,9.734638177639454,6.486127681716022,4.62707665991903,n.d.,8.036012317790709,3.9237251616432776,0.0803921568627451,3.7004999748992953,2.314486640874078,0.09218559218559219,2.743619386256234,2.5072042568606503,0.08333333333333334,n.d.,n.d.,0.0982905982905983,0.0,0.2636752136752137,1.080911041366425,0.6844087983149877,0.7438955399221936,4.017739743728413,1.826503274249026,1.7423077525255153,n.d.,0.2222222222222222,0.21484910256141065,0.5,1.3400670032465207,0.1609848484848485,0.25,0.42857142857142855,0.5,1.0,0.07222222222222223,0.26501035196687384,0.09479107848673066,14.0
3,W05_C7,Paper,13.090051043465806,11.20292801931628,5.289279329126506,5.020626950848027,n.d.,10.377664311697504,4.105673861838945,0.06593406593406592,3.2670517047555085,2.771071343545983,0.09603174603174605,2.133514253530534,2.548175829090619,0.12727272727272726,n.d.,n.d.,0.08253968253968254,0.0,0.2222222222222222,1.1651082833193587,0.5123794379700994,0.7372602926120392,3.883904388149644,1.8457324381120306,1.5488430270880862,n.d.,0.3055555555555556,0.2701741246045919,0.5,1.5746212656824488,0.12797619047619044,0.25,0.3571428571428571,0.5,1.0,0.09022556390977443,0.38095238095238093,0.09925558312655088,12.5
