scheme,fold,box,run_seed,draw,generator_seed,seed_key,arms,file_name
S1,0,W02_C2,1337,0,331215491,EVAE|S1|geobg|0|W02_C2|1337|0,"single_noguide, single_guide, dual_noguide, EVAE",f0_W02_C2_s1337_d00.csv
S1,0,W02_C2,1337,1,1689960981,EVAE|S1|geobg|0|W02_C2|1337|1,"single_noguide, single_guide, dual_noguide, EVAE",f0_W02_C2_s1337_d01.csv
S1,0,W02_C2,1337,2,4256404399,EVAE|S1|geobg|0|W02_C2|1337|2,"single_noguide, single_guide, dual_noguide, EVAE",f0_W02_C2_s1337_d02.csv
S1,0,W02_C2,1337,3,2327094073,EVAE|S1|geobg|0|W02_C2|1337|3,"single_noguide, single_guide, dual_noguide, EVAE",f0_W02_C2_s1337_d03.csv
S1,0,W02_C2,1337,4,349189786,EVAE|S1|geobg|0|W02_C2|1337|4,"single_noguide, single_guide, dual_noguide, EVAE",f0_W02_C2_s1337_d04.csv
S1,0,W02_C2,1337,5,1675036172,EVAE|S1|geobg|0|W02_C2|1337|5,"single_noguide, single_guide, dual_noguide, EVAE",f0_W02_C2_s1337_d05.csv
S1,0,W02_C2,1337,6,4208875446,EVAE|S1|geobg|0|W02_C2|1337|6,"single_noguide, single_guide, dual_noguide, EVAE",f0_W02_C2_s1337_d06.csv
S1,0,W02_C2,1337,7,2379835168,EVAE|S1|geobg|0|W02_C2|1337|7,"single_noguide, single_guide, dual_noguide, EVAE",f0_W02_C2_s1337_d07.csv
S1,0,W02_C2,20260903,0,59077096,EVAE|S1|geobg|0|W02_C2|20260903|0,"single_noguide, single_guide, dual_noguide, EVAE",f0_W02_C2_s20260903_d00.csv
S1,0,W02_C2,20260903,1,1954693502,EVAE|S1|geobg|0|W02_C2|20260903|1,"single_noguide, single_guide, dual_noguide, EVAE",f0_W02_C2_s20260903_d01.csv
S1,0,W02_C2,20260903,2,3985313988,EVAE|S1|geobg|0|W02_C2|20260903|2,"single_noguide, single_guide, dual_noguide, EVAE",f0_W02_C2_s20260903_d02.csv
S1,0,W02_C2,20260903,3,2592874578,EVAE|S1|geobg|0|W02_C2|20260903|3,"single_noguide, single_guide, dual_noguide, EVAE",f0_W02_C2_s20260903_d03.csv
S1,0,W02_C2,20260903,4,82359793,EVAE|S1|geobg|0|W02_C2|20260903|4,"single_noguide, single_guide, dual_noguide, EVAE",f0_W02_C2_s20260903_d04.csv
S1,0,W02_C2,20260903,5,1945077095,EVAE|S1|geobg|0|W02_C2|20260903|5,"single_noguide, single_guide, dual_noguide, EVAE",f0_W02_C2_s20260903_d05.csv
S1,0,W02_C2,20260903,6,3940996317,EVAE|S1|geobg|0|W02_C2|20260903|6,"single_noguide, single_guide, dual_noguide, EVAE",f0_W02_C2_s20260903_d06.csv
S1,0,W02_C2,20260903,7,2648826955,EVAE|S1|geobg|0|W02_C2|20260903|7,"single_noguide, single_guide, dual_noguide, EVAE",f0_W02_C2_s20260903_d07.csv
S1,0,W02_C2,7,0,3205140015,EVAE|S1|geobg|0|W02_C2|7|0,"single_noguide, single_guide, dual_noguide, EVAE",f0_W02_C2_s7_d00.csv
S1,0,W02_C2,7,1,3356343993,EVAE|S1|geobg|0|W02_C2|7|1,"single_noguide, single_guide, dual_noguide, EVAE",f0_W02_C2_s7_d01.csv
S1,0,W02_C2,7,2,1359277827,EVAE|S1|geobg|0|W02_C2|7|2,"single_noguide, single_guide, dual_noguide, EVAE",f0_W02_C2_s7_d02.csv
S1,0,W02_C2,7,3,637788053,EVAE|S1|geobg|0|W02_C2|7|3,"single_noguide, single_guide, dual_noguide, EVAE",f0_W02_C2_s7_d03.csv
S1,0,W02_C2,7,4,3093776950,EVAE|S1|geobg|0|W02_C2|7|4,"single_noguide, single_guide, dual_noguide, EVAE",f0_W02_C2_s7_d04.csv
S1,0,W02_C2,7,5,3479206560,EVAE|S1|geobg|0|W02_C2|7|5,"single_noguide, single_guide, dual_noguide, EVAE",f0_W02_C2_s7_d05.csv
S1,0,W02_C2,7,6,1449732890,EVAE|S1|geobg|0|W02_C2|7|6,"single_noguide, single_guide, dual_noguide, EVAE",f0_W02_C2_s7_d06.csv
S1,0,W02_C2,7,7,560864140,EVAE|S1|geobg|0|W02_C2|7|7,"single_noguide, single_guide, dual_noguide, EVAE",f0_W02_C2_s7_d07.csv
S1,0,W04_C2,1337,0,4211620032,EVAE|S1|geobg|0|W04_C2|1337|0,"single_noguide, single_guide, dual_noguide, EVAE",f0_W04_C2_s1337_d00.csv
S1,0,W04_C2,1337,1,2349795414,EVAE|S1|geobg|0|W04_C2|1337|1,"single_noguide, single_guide, dual_noguide, EVAE",f0_W04_C2_s1337_d01.csv
S1,0,W04_C2,1337,2,352737772,EVAE|S1|geobg|0|W04_C2|1337|2,"single_noguide, single_guide, dual_noguide, EVAE",f0_W04_C2_s1337_d02.csv
S1,0,W04_C2,1337,3,1644259706,EVAE|S1|geobg|0|W04_C2|1337|3,"single_noguide, single_guide, dual_noguide, EVAE",f0_W04_C2_s1337_d03.csv
S1,0,W04_C2,1337,4,4234542297,EVAE|S1|geobg|0|W04_C2|1337|4,"single_noguide, single_guide, dual_noguide, EVAE",f0_W04_C2_s1337_d04.csv
S1,0,W04_C2,1337,5,2338507855,EVAE|S1|geobg|0|W04_C2|1337|5,"single_noguide, single_guide, dual_noguide, EVAE",f0_W04_C2_s1337_d05.csv
S1,0,W04_C2,1337,6,309042677,EVAE|S1|geobg|0|W04_C2|1337|6,"single_noguide, single_guide, dual_noguide, EVAE",f0_W04_C2_s1337_d06.csv
S1,0,W04_C2,1337,7,1701621091,EVAE|S1|geobg|0|W04_C2|1337|7,"single_noguide, single_guide, dual_noguide, EVAE",f0_W04_C2_s1337_d07.csv
S1,0,W04_C2,20260903,0,562013466,EVAE|S1|geobg|0|W04_C2|20260903|0,"single_noguide, single_guide, dual_noguide, EVAE",f0_W04_C2_s20260903_d00.csv
S1,0,W04_C2,20260903,1,1450743180,EVAE|S1|geobg|0|W04_C2|20260903|1,"single_noguide, single_guide, dual_noguide, EVAE",f0_W04_C2_s20260903_d01.csv
S1,0,W04_C2,20260903,2,3480339510,EVAE|S1|geobg|0|W04_C2|20260903|2,"single_noguide, single_guide, dual_noguide, EVAE",f0_W04_C2_s20260903_d02.csv
S1,0,W04_C2,20260903,3,3094803616,EVAE|S1|geobg|0|W04_C2|20260903|3,"single_noguide, single_guide, dual_noguide, EVAE",f0_W04_C2_s20260903_d03.csv
S1,0,W04_C2,20260903,4,638738691,EVAE|S1|geobg|0|W04_C2|20260903|4,"single_noguide, single_guide, dual_noguide, EVAE",f0_W04_C2_s20260903_d04.csv
S1,0,W04_C2,20260903,5,1360351637,EVAE|S1|geobg|0|W04_C2|20260903|5,"single_noguide, single_guide, dual_noguide, EVAE",f0_W04_C2_s20260903_d05.csv
S1,0,W04_C2,20260903,6,3357278255,EVAE|S1|geobg|0|W04_C2|20260903|6,"single_noguide, single_guide, dual_noguide, EVAE",f0_W04_C2_s20260903_d06.csv
S1,0,W04_C2,20260903,7,3206230201,EVAE|S1|geobg|0|W04_C2|20260903|7,"single_noguide, single_guide, dual_noguide, EVAE",f0_W04_C2_s20260903_d07.csv
S1,0,W04_C2,7,0,2036697000,EVAE|S1|geobg|0|W04_C2|7|0,"single_noguide, single_guide, dual_noguide, EVAE",f0_W04_C2_s7_d00.csv
S1,0,W04_C2,7,1,241350462,EVAE|S1|geobg|0|W04_C2|7|1,"single_noguide, single_guide, dual_noguide, EVAE",f0_W04_C2_s7_d01.csv
S1,0,W04_C2,7,2,2540430980,EVAE|S1|geobg|0|W04_C2|7|2,"single_noguide, single_guide, dual_noguide, EVAE",f0_W04_C2_s7_d02.csv
S1,0,W04_C2,7,3,3765229074,EVAE|S1|geobg|0|W04_C2|7|3,"single_noguide, single_guide, dual_noguide, EVAE",f0_W04_C2_s7_d03.csv
S1,0,W04_C2,7,4,2114470833,EVAE|S1|geobg|0|W04_C2|7|4,"single_noguide, single_guide, dual_noguide, EVAE",f0_W04_C2_s7_d04.csv
S1,0,W04_C2,7,5,152007463,EVAE|S1|geobg|0|W04_C2|7|5,"single_noguide, single_guide, dual_noguide, EVAE",f0_W04_C2_s7_d05.csv
S1,0,W04_C2,7,6,2416321181,EVAE|S1|geobg|0|W04_C2|7|6,"single_noguide, single_guide, dual_noguide, EVAE",f0_W04_C2_s7_d06.csv
S1,0,W04_C2,7,7,3875607051,EVAE|S1|geobg|0|W04_C2|7|7,"single_noguide, single_guide, dual_noguide, EVAE",f0_W04_C2_s7_d07.csv
S1,0,W04_C4,1337,0,1030172999,EVAE|S1|geobg|0|W04_C4|1337|0,"single_noguide, single_guide, dual_noguide, EVAE",f0_W04_C4_s1337_d00.csv
S1,0,W04_C4,1337,1,1247805905,EVAE|S1|geobg|0|W04_C4|1337|1,"single_noguide, single_guide, dual_noguide, EVAE",f0_W04_C4_s1337_d01.csv
S1,0,W04_C4,1337,2,3546894443,EVAE|S1|geobg|0|W04_C4|1337|2,"single_noguide, single_guide, dual_noguide, EVAE",f0_W04_C4_s1337_d02.csv
S1,0,W04_C4,1337,3,2758697213,EVAE|S1|geobg|0|W04_C4|1337|3,"single_noguide, single_guide, dual_noguide, EVAE",f0_W04_C4_s1337_d03.csv
S1,0,W04_C4,1337,4,973796702,EVAE|S1|geobg|0|W04_C4|1337|4,"single_noguide, single_guide, dual_noguide, EVAE",f0_W04_C4_s1337_d04.csv
S1,0,W04_C4,1337,5,1292748232,EVAE|S1|geobg|0|W04_C4|1337|5,"single_noguide, single_guide, dual_noguide, EVAE",f0_W04_C4_s1337_d05.csv
S1,0,W04_C4,1337,6,3557069938,EVAE|S1|geobg|0|W04_C4|1337|6,"single_noguide, single_guide, dual_noguide, EVAE",f0_W04_C4_s1337_d06.csv
S1,0,W04_C4,1337,7,2734925028,EVAE|S1|geobg|0|W04_C4|1337|7,"single_noguide, single_guide, dual_noguide, EVAE",f0_W04_C4_s1337_d07.csv
S1,0,W04_C4,20260903,0,3460432122,EVAE|S1|geobg|0|W04_C4|20260903|0,"single_noguide, single_guide, dual_noguide, EVAE",f0_W04_C4_s20260903_d00.csv
S1,0,W04_C4,20260903,1,3108319340,EVAE|S1|geobg|0|W04_C4|20260903|1,"single_noguide, single_guide, dual_noguide, EVAE",f0_W04_C4_s20260903_d01.csv
S1,0,W04_C4,20260903,2,541876694,EVAE|S1|geobg|0|W04_C4|20260903|2,"single_noguide, single_guide, dual_noguide, EVAE",f0_W04_C4_s20260903_d02.csv
S1,0,W04_C4,20260903,3,1464553792,EVAE|S1|geobg|0|W04_C4|20260903|3,"single_noguide, single_guide, dual_noguide, EVAE",f0_W04_C4_s20260903_d03.csv
S1,0,W04_C4,20260903,4,3375351011,EVAE|S1|geobg|0|W04_C4|20260903|4,"single_noguide, single_guide, dual_noguide, EVAE",f0_W04_C4_s20260903_d04.csv
S1,0,W04_C4,20260903,5,3190355061,EVAE|S1|geobg|0|W04_C4|20260903|5,"single_noguide, single_guide, dual_noguide, EVAE",f0_W04_C4_s20260903_d05.csv
S1,0,W04_C4,20260903,6,656516559,EVAE|S1|geobg|0|W04_C4|20260903|6,"single_noguide, single_guide, dual_noguide, EVAE",f0_W04_C4_s20260903_d06.csv
S1,0,W04_C4,20260903,7,1344705881,EVAE|S1|geobg|0|W04_C4|20260903|7,"single_noguide, single_guide, dual_noguide, EVAE",f0_W04_C4_s20260903_d07.csv
S1,0,W04_C4,7,0,4129649160,EVAE|S1|geobg|0|W04_C4|7|0,"single_noguide, single_guide, dual_noguide, EVAE",f0_W04_C4_s7_d00.csv
S1,0,W04_C4,7,1,2166506142,EVAE|S1|geobg|0|W04_C4|7|1,"single_noguide, single_guide, dual_noguide, EVAE",f0_W04_C4_s7_d01.csv
S1,0,W04_C4,7,2,405476132,EVAE|S1|geobg|0|W04_C4|7|2,"single_noguide, single_guide, dual_noguide, EVAE",f0_W04_C4_s7_d02.csv
S1,0,W04_C4,7,3,1865163698,EVAE|S1|geobg|0|W04_C4|7|3,"single_noguide, single_guide, dual_noguide, EVAE",f0_W04_C4_s7_d03.csv
S1,0,W04_C4,7,4,4048074257,EVAE|S1|geobg|0|W04_C4|7|4,"single_noguide, single_guide, dual_noguide, EVAE",f0_W04_C4_s7_d04.csv
S1,0,W04_C4,7,5,2253358727,EVAE|S1|geobg|0|W04_C4|7|5,"single_noguide, single_guide, dual_noguide, EVAE",f0_W04_C4_s7_d05.csv
S1,0,W04_C4,7,6,524736317,EVAE|S1|geobg|0|W04_C4|7|6,"single_noguide, single_guide, dual_noguide, EVAE",f0_W04_C4_s7_d06.csv
S1,0,W04_C4,7,7,1749149611,EVAE|S1|geobg|0|W04_C4|7|7,"single_noguide, single_guide, dual_noguide, EVAE",f0_W04_C4_s7_d07.csv
S1,0,W04_C6,1337,0,2135045690,EVAE|S1|geobg|0|W04_C6|1337|0,"single_noguide, single_guide, dual_noguide, EVAE",f0_W04_C6_s1337_d00.csv
S1,0,W04_C6,1337,1,138741420,EVAE|S1|geobg|0|W04_C6|1337|1,"single_noguide, single_guide, dual_noguide, EVAE",f0_W04_C6_s1337_d01.csv
S1,0,W04_C6,1337,2,2437699350,EVAE|S1|geobg|0|W04_C6|1337|2,"single_noguide, single_guide, dual_noguide, EVAE",f0_W04_C6_s1337_d02.csv
S1,0,W04_C6,1337,3,3863701376,EVAE|S1|geobg|0|W04_C6|1337|3,"single_noguide, single_guide, dual_noguide, EVAE",f0_W04_C6_s1337_d03.csv
S1,0,W04_C6,1337,4,2016408099,EVAE|S1|geobg|0|W04_C6|1337|4,"single_noguide, single_guide, dual_noguide, EVAE",f0_W04_C6_s1337_d04.csv
S1,0,W04_C6,1337,5,254329525,EVAE|S1|geobg|0|W04_C6|1337|5,"single_noguide, single_guide, dual_noguide, EVAE",f0_W04_C6_s1337_d05.csv
S1,0,W04_C6,1337,6,2518782735,EVAE|S1|geobg|0|W04_C6|1337|6,"single_noguide, single_guide, dual_noguide, EVAE",f0_W04_C6_s1337_d06.csv
S1,0,W04_C6,1337,7,3777405849,EVAE|S1|geobg|0|W04_C6|1337|7,"single_noguide, single_guide, dual_noguide, EVAE",f0_W04_C6_s1337_d07.csv
S1,0,W04_C6,20260903,0,578395749,EVAE|S1|geobg|0|W04_C6|20260903|0,"single_noguide, single_guide, dual_noguide, EVAE",f0_W04_C6_s20260903_d00.csv
S1,0,W04_C6,20260903,1,1434365683,EVAE|S1|geobg|0|W04_C6|20260903|1,"single_noguide, single_guide, dual_noguide, EVAE",f0_W04_C6_s20260903_d01.csv
S1,0,W04_C6,20260903,2,3430416201,EVAE|S1|geobg|0|W04_C6|20260903|2,"single_noguide, single_guide, dual_noguide, EVAE",f0_W04_C6_s20260903_d02.csv
S1,0,W04_C6,20260903,3,3144732639,EVAE|S1|geobg|0|W04_C6|20260903|3,"single_noguide, single_guide, dual_noguide, EVAE",f0_W04_C6_s20260903_d03.csv
S1,0,W04_C6,20260903,4,622090876,EVAE|S1|geobg|0|W04_C6|20260903|4,"single_noguide, single_guide, dual_noguide, EVAE",f0_W04_C6_s20260903_d04.csv
S1,0,W04_C6,20260903,5,1377004266,EVAE|S1|geobg|0|W04_C6|20260903|5,"single_noguide, single_guide, dual_noguide, EVAE",f0_W04_C6_s20260903_d05.csv
S1,0,W04_C6,20260903,6,3407493968,EVAE|S1|geobg|0|W04_C6|20260903|6,"single_noguide, single_guide, dual_noguide, EVAE",f0_W04_C6_s20260903_d06.csv
S1,0,W04_C6,20260903,7,3156020166,EVAE|S1|geobg|0|W04_C6|20260903|7,"single_noguide, single_guide, dual_noguide, EVAE",f0_W04_C6_s20260903_d07.csv
S1,0,W04_C6,7,0,2363826536,EVAE|S1|geobg|0|W04_C6|7|0,"single_noguide, single_guide, dual_noguide, EVAE",f0_W04_C6_s7_d00.csv
S1,0,W04_C6,7,1,4225896958,EVAE|S1|geobg|0|W04_C6|7|1,"single_noguide, single_guide, dual_noguide, EVAE",f0_W04_C6_s7_d01.csv
S1,0,W04_C6,7,2,1659584580,EVAE|S1|geobg|0|W04_C6|7|2,"single_noguide, single_guide, dual_noguide, EVAE",f0_W04_C6_s7_d02.csv
S1,0,W04_C6,7,3,367816914,EVAE|S1|geobg|0|W04_C6|7|3,"single_noguide, single_guide, dual_noguide, EVAE",f0_W04_C6_s7_d03.csv
S1,0,W04_C6,7,4,2341004657,EVAE|S1|geobg|0|W04_C6|7|4,"single_noguide, single_guide, dual_noguide, EVAE",f0_W04_C6_s7_d04.csv
S1,0,W04_C6,7,5,4237284839,EVAE|S1|geobg|0|W04_C6|7|5,"single_noguide, single_guide, dual_noguide, EVAE",f0_W04_C6_s7_d05.csv
S1,0,W04_C6,7,6,1703314525,EVAE|S1|geobg|0|W04_C6|7|6,"single_noguide, single_guide, dual_noguide, EVAE",f0_W04_C6_s7_d06.csv
S1,0,W04_C6,7,7,310490315,EVAE|S1|geobg|0|W04_C6|7|7,"single_noguide, single_guide, dual_noguide, EVAE",f0_W04_C6_s7_d07.csv
S1,1,W02_C3,1337,0,1726753269,EVAE|S1|geobg|1|W02_C3|1337|0,"single_noguide, single_guide, dual_noguide, EVAE",f1_W02_C3_s1337_d00.csv
S1,1,W02_C3,1337,1,300620131,EVAE|S1|geobg|1|W02_C3|1337|1,"single_noguide, single_guide, dual_noguide, EVAE",f1_W02_C3_s1337_d01.csv
S1,1,W02_C3,1337,2,2296531161,EVAE|S1|geobg|1|W02_C3|1337|2,"single_noguide, single_guide, dual_noguide, EVAE",f1_W02_C3_s1337_d02.csv
S1,1,W02_C3,1337,3,4293228623,EVAE|S1|geobg|1|W02_C3|1337|3,"single_noguide, single_guide, dual_noguide, EVAE",f1_W02_C3_s1337_d03.csv
S1,1,W02_C3,1337,4,1635905004,EVAE|S1|geobg|1|W02_C3|1337|4,"single_noguide, single_guide, dual_noguide, EVAE",f1_W02_C3_s1337_d04.csv
S1,1,W02_C3,1337,5,377937274,EVAE|S1|geobg|1|W02_C3|1337|5,"single_noguide, single_guide, dual_noguide, EVAE",f1_W02_C3_s1337_d05.csv
S1,1,W02_C3,1337,6,2408549568,EVAE|S1|geobg|1|W02_C3|1337|6,"single_noguide, single_guide, dual_noguide, EVAE",f1_W02_C3_s1337_d06.csv
S1,1,W02_C3,1337,7,4169710678,EVAE|S1|geobg|1|W02_C3|1337|7,"single_noguide, single_guide, dual_noguide, EVAE",f1_W02_C3_s1337_d07.csv
S1,1,W02_C3,20260903,0,1338162655,EVAE|S1|geobg|1|W02_C3|20260903|0,"single_noguide, single_guide, dual_noguide, EVAE",f1_W02_C3_s20260903_d00.csv
S1,1,W02_C3,20260903,1,952470857,EVAE|S1|geobg|1|W02_C3|20260903|1,"single_noguide, single_guide, dual_noguide, EVAE",f1_W02_C3_s20260903_d01.csv
S1,1,W02_C3,20260903,2,2714557683,EVAE|S1|geobg|1|W02_C3|20260903|2,"single_noguide, single_guide, dual_noguide, EVAE",f1_W02_C3_s20260903_d02.csv
S1,1,W02_C3,20260903,3,3603688549,EVAE|S1|geobg|1|W02_C3|20260903|3,"single_noguide, single_guide, dual_noguide, EVAE",f1_W02_C3_s20260903_d03.csv
S1,1,W02_C3,20260903,4,1219459526,EVAE|S1|geobg|1|W02_C3|20260903|4,"single_noguide, single_guide, dual_noguide, EVAE",f1_W02_C3_s20260903_d04.csv
S1,1,W02_C3,20260903,5,1067993424,EVAE|S1|geobg|1|W02_C3|20260903|5,"single_noguide, single_guide, dual_noguide, EVAE",f1_W02_C3_s20260903_d05.csv
S1,1,W02_C3,20260903,6,2795575530,EVAE|S1|geobg|1|W02_C3|20260903|6,"single_noguide, single_guide, dual_noguide, EVAE",f1_W02_C3_s20260903_d06.csv
S1,1,W02_C3,20260903,7,3517327484,EVAE|S1|geobg|1|W02_C3|20260903|7,"single_noguide, single_guide, dual_noguide, EVAE",f1_W02_C3_s20260903_d07.csv
S1,1,W02_C3,7,0,433056752,EVAE|S1|geobg|1|W02_C3|7|0,"single_noguide, single_guide, dual_noguide, EVAE",f1_W02_C3_s7_d00.csv
S1,1,W02_C3,7,1,1858657126,EVAE|S1|geobg|1|W02_C3|7|1,"single_noguide, single_guide, dual_noguide, EVAE",f1_W02_C3_s7_d01.csv
S1,1,W02_C3,7,2,4156656348,EVAE|S1|geobg|1|W02_C3|7|2,"single_noguide, single_guide, dual_noguide, EVAE",f1_W02_C3_s7_d02.csv
S1,1,W02_C3,7,3,2160507466,EVAE|S1|geobg|1|W02_C3|7|3,"single_noguide, single_guide, dual_noguide, EVAE",f1_W02_C3_s7_d03.csv
S1,1,W02_C3,7,4,513945577,EVAE|S1|geobg|1|W02_C3|7|4,"single_noguide, single_guide, dual_noguide, EVAE",f1_W02_C3_s7_d04.csv
S1,1,W02_C3,7,5,1772429183,EVAE|S1|geobg|1|W02_C3|7|5,"single_noguide, single_guide, dual_noguide, EVAE",f1_W02_C3_s7_d05.csv
S1,1,W02_C3,7,6,4037824197,EVAE|S1|geobg|1|W02_C3|7|6,"single_noguide, single_guide, dual_noguide, EVAE",f1_W02_C3_s7_d06.csv
S1,1,W02_C3,7,7,2276163155,EVAE|S1|geobg|1|W02_C3|7|7,"single_noguide, single_guide, dual_noguide, EVAE",f1_W02_C3_s7_d07.csv
S1,1,W04_C3,1337,0,2388255670,EVAE|S1|geobg|1|W04_C3|1337|0,"single_noguide, single_guide, dual_noguide, EVAE",f1_W04_C3_s1337_d00.csv
S1,1,W04_C3,1337,1,4183741216,EVAE|S1|geobg|1|W04_C3|1337|1,"single_noguide, single_guide, dual_noguide, EVAE",f1_W04_C3_s1337_d01.csv
S1,1,W04_C3,1337,2,1616347802,EVAE|S1|geobg|1|W04_C3|1337|2,"single_noguide, single_guide, dual_noguide, EVAE",f1_W04_C3_s1337_d02.csv
S1,1,W04_C3,1337,3,391164428,EVAE|S1|geobg|1|W04_C3|1337|3,"single_noguide, single_guide, dual_noguide, EVAE",f1_W04_C3_s1337_d03.csv
S1,1,W04_C3,1337,4,2301896623,EVAE|S1|geobg|1|W04_C3|1337|4,"single_noguide, single_guide, dual_noguide, EVAE",f1_W04_C3_s1337_d04.csv
S1,1,W04_C3,1337,5,4264761145,EVAE|S1|geobg|1|W04_C3|1337|5,"single_noguide, single_guide, dual_noguide, EVAE",f1_W04_C3_s1337_d05.csv
S1,1,W04_C3,1337,6,1731872387,EVAE|S1|geobg|1|W04_C3|1337|6,"single_noguide, single_guide, dual_noguide, EVAE",f1_W04_C3_s1337_d06.csv
S1,1,W04_C3,1337,7,272463381,EVAE|S1|geobg|1|W04_C3|1337|7,"single_noguide, single_guide, dual_noguide, EVAE",f1_W04_C3_s1337_d07.csv
S1,1,W04_C3,20260903,0,1832413485,EVAE|S1|geobg|1|W04_C3|20260903|0,"single_noguide, single_guide, dual_noguide, EVAE",f1_W04_C3_s20260903_d00.csv
S1,1,W04_C3,20260903,1,440359355,EVAE|S1|geobg|1|W04_C3|20260903|1,"single_noguide, single_guide, dual_noguide, EVAE",f1_W04_C3_s20260903_d01.csv
S1,1,W04_C3,20260903,2,2201356289,EVAE|S1|geobg|1|W04_C3|20260903|2,"single_noguide, single_guide, dual_noguide, EVAE",f1_W04_C3_s20260903_d02.csv
S1,1,W04_C3,20260903,3,4096866455,EVAE|S1|geobg|1|W04_C3|20260903|3,"single_noguide, single_guide, dual_noguide, EVAE",f1_W04_C3_s20260903_d03.csv
S1,1,W04_C3,20260903,4,1783999796,EVAE|S1|geobg|1|W04_C3|20260903|4,"single_noguide, single_guide, dual_noguide, EVAE",f1_W04_C3_s20260903_d04.csv
S1,1,W04_C3,20260903,5,491953570,EVAE|S1|geobg|1|W04_C3|20260903|5,"single_noguide, single_guide, dual_noguide, EVAE",f1_W04_C3_s20260903_d05.csv
S1,1,W04_C3,20260903,6,2220608536,EVAE|S1|geobg|1|W04_C3|20260903|6,"single_noguide, single_guide, dual_noguide, EVAE",f1_W04_C3_s20260903_d06.csv
S1,1,W04_C3,20260903,7,4082957454,EVAE|S1|geobg|1|W04_C3|20260903|7,"single_noguide, single_guide, dual_noguide, EVAE",f1_W04_C3_s20260903_d07.csv
S1,1,W04_C3,7,0,3751862903,EVAE|S1|geobg|1|W04_C3|7|0,"single_noguide, single_guide, dual_noguide, EVAE",f1_W04_C3_s7_d00.csv
S1,1,W04_C3,7,1,2829570785,EVAE|S1|geobg|1|W04_C3|7|1,"single_noguide, single_guide, dual_noguide, EVAE",f1_W04_C3_s7_d01.csv
S1,1,W04_C3,7,2,833520475,EVAE|S1|geobg|1|W04_C3|7|2,"single_noguide, single_guide, dual_noguide, EVAE",f1_W04_C3_s7_d02.csv
S1,1,W04_C3,7,3,1185526733,EVAE|S1|geobg|1|W04_C3|7|3,"single_noguide, single_guide, dual_noguide, EVAE",f1_W04_C3_s7_d03.csv
S1,1,W04_C3,7,4,3637323374,EVAE|S1|geobg|1|W04_C3|7|4,"single_noguide, single_guide, dual_noguide, EVAE",f1_W04_C3_s7_d04.csv
S1,1,W04_C3,7,5,2949256952,EVAE|S1|geobg|1|W04_C3|7|5,"single_noguide, single_guide, dual_noguide, EVAE",f1_W04_C3_s7_d05.csv
S1,1,W04_C3,7,6,918767426,EVAE|S1|geobg|1|W04_C3|7|6,"single_noguide, single_guide, dual_noguide, EVAE",f1_W04_C3_s7_d06.csv
S1,1,W04_C3,7,7,1103394772,EVAE|S1|geobg|1|W04_C3|7|7,"single_noguide, single_guide, dual_noguide, EVAE",f1_W04_C3_s7_d07.csv
S1,1,W04_C5,1337,0,1211558449,EVAE|S1|geobg|1|W04_C5|1337|0,"single_noguide, single_guide, dual_noguide, EVAE",f1_W04_C5_s1337_d00.csv
S1,1,W04_C5,1337,1,1060231847,EVAE|S1|geobg|1|W04_C5|1337|1,"single_noguide, single_guide, dual_noguide, EVAE",f1_W04_C5_s1337_d01.csv
S1,1,W04_C5,1337,2,2788723485,EVAE|S1|geobg|1|W04_C5|1337|2,"single_noguide, single_guide, dual_noguide, EVAE",f1_W04_C5_s1337_d02.csv
S1,1,W04_C5,1337,3,3510614923,EVAE|S1|geobg|1|W04_C5|1337|3,"single_noguide, single_guide, dual_noguide, EVAE",f1_W04_C5_s1337_d03.csv
S1,1,W04_C5,1337,4,1331375656,EVAE|S1|geobg|1|W04_C5|1337|4,"single_noguide, single_guide, dual_noguide, EVAE",f1_W04_C5_s1337_d04.csv
S1,1,W04_C5,1337,5,945561278,EVAE|S1|geobg|1|W04_C5|1337|5,"single_noguide, single_guide, dual_noguide, EVAE",f1_W04_C5_s1337_d05.csv
S1,1,W04_C5,1337,6,2706722564,EVAE|S1|geobg|1|W04_C5|1337|6,"single_noguide, single_guide, dual_noguide, EVAE",f1_W04_C5_s1337_d06.csv
S1,1,W04_C5,1337,7,3595730834,EVAE|S1|geobg|1|W04_C5|1337|7,"single_noguide, single_guide, dual_noguide, EVAE",f1_W04_C5_s1337_d07.csv
S1,1,W04_C5,20260903,0,2181418189,EVAE|S1|geobg|1|W04_C5|20260903|0,"single_noguide, single_guide, dual_noguide, EVAE",f1_W04_C5_s20260903_d00.csv
S1,1,W04_C5,20260903,1,4110613595,EVAE|S1|geobg|1|W04_C5|20260903|1,"single_noguide, single_guide, dual_noguide, EVAE",f1_W04_C5_s20260903_d01.csv
S1,1,W04_C5,20260903,2,1812704737,EVAE|S1|geobg|1|W04_C5|20260903|2,"single_noguide, single_guide, dual_noguide, EVAE",f1_W04_C5_s20260903_d02.csv
S1,1,W04_C5,20260903,3,453811575,EVAE|S1|geobg|1|W04_C5|20260903|3,"single_noguide, single_guide, dual_noguide, EVAE",f1_W04_C5_s20260903_d03.csv
S1,1,W04_C5,20260903,4,2238187732,EVAE|S1|geobg|1|W04_C5|20260903|4,"single_noguide, single_guide, dual_noguide, EVAE",f1_W04_C5_s20260903_d04.csv
S1,1,W04_C5,20260903,5,4067375170,EVAE|S1|geobg|1|W04_C5|20260903|5,"single_noguide, single_guide, dual_noguide, EVAE",f1_W04_C5_s20260903_d05.csv
S1,1,W04_C5,20260903,6,1801873912,EVAE|S1|geobg|1|W04_C5|20260903|6,"single_noguide, single_guide, dual_noguide, EVAE",f1_W04_C5_s20260903_d06.csv
S1,1,W04_C5,20260903,7,476141934,EVAE|S1|geobg|1|W04_C5|20260903|7,"single_noguide, single_guide, dual_noguide, EVAE",f1_W04_C5_s20260903_d07.csv
S1,1,W04_C5,7,0,1356863447,EVAE|S1|geobg|1|W04_C5|7|0,"single_noguide, single_guide, dual_noguide, EVAE",f1_W04_C5_s7_d00.csv
S1,1,W04_C5,7,1,669460289,EVAE|S1|geobg|1|W04_C5|7|1,"single_noguide, single_guide, dual_noguide, EVAE",f1_W04_C5_s7_d01.csv
S1,1,W04_C5,7,2,3203299067,EVAE|S1|geobg|1|W04_C5|7|2,"single_noguide, single_guide, dual_noguide, EVAE",f1_W04_C5_s7_d02.csv
S1,1,W04_C5,7,3,3387508333,EVAE|S1|geobg|1|W04_C5|7|3,"single_noguide, single_guide, dual_noguide, EVAE",f1_W04_C5_s7_d03.csv
S1,1,W04_C5,7,4,1468912590,EVAE|S1|geobg|1|W04_C5|7|4,"single_noguide, single_guide, dual_noguide, EVAE",f1_W04_C5_s7_d04.csv
S1,1,W04_C5,7,5,545973080,EVAE|S1|geobg|1|W04_C5|7|5,"single_noguide, single_guide, dual_noguide, EVAE",f1_W04_C5_s7_d05.csv
S1,1,W04_C5,7,6,3112415970,EVAE|S1|geobg|1|W04_C5|7|6,"single_noguide, single_guide, dual_noguide, EVAE",f1_W04_C5_s7_d06.csv
S1,1,W04_C5,7,7,3464790644,EVAE|S1|geobg|1|W04_C5|7|7,"single_noguide, single_guide, dual_noguide, EVAE",f1_W04_C5_s7_d07.csv
S1,1,W04_C7,1337,0,169078092,EVAE|S1|geobg|1|W04_C7|1337|0,"single_noguide, single_guide, dual_noguide, EVAE",f1_W04_C7_s1337_d00.csv
S1,1,W04_C7,1337,1,2098519514,EVAE|S1|geobg|1|W04_C7|1337|1,"single_noguide, single_guide, dual_noguide, EVAE",f1_W04_C7_s1337_d01.csv
S1,1,W04_C7,1337,2,3827141728,EVAE|S1|geobg|1|W04_C7|1337|2,"single_noguide, single_guide, dual_noguide, EVAE",f1_W04_C7_s1337_d02.csv
S1,1,W04_C7,1337,3,2468003062,EVAE|S1|geobg|1|W04_C7|1337|3,"single_noguide, single_guide, dual_noguide, EVAE",f1_W04_C7_s1337_d03.csv
S1,1,W04_C7,1337,4,226371925,EVAE|S1|geobg|1|W04_C7|1337|4,"single_noguide, single_guide, dual_noguide, EVAE",f1_W04_C7_s1337_d04.csv
S1,1,W04_C7,1337,5,2054756803,EVAE|S1|geobg|1|W04_C7|1337|5,"single_noguide, single_guide, dual_noguide, EVAE",f1_W04_C7_s1337_d05.csv
S1,1,W04_C7,1337,6,3815786617,EVAE|S1|geobg|1|W04_C7|1337|6,"single_noguide, single_guide, dual_noguide, EVAE",f1_W04_C7_s1337_d06.csv
S1,1,W04_C7,1337,7,2490857711,EVAE|S1|geobg|1|W04_C7|1337|7,"single_noguide, single_guide, dual_noguide, EVAE",f1_W04_C7_s1337_d07.csv
S1,1,W04_C7,20260903,0,1849578066,EVAE|S1|geobg|1|W04_C7|20260903|0,"single_noguide, single_guide, dual_noguide, EVAE",f1_W04_C7_s20260903_d00.csv
S1,1,W04_C7,20260903,1,423191236,EVAE|S1|geobg|1|W04_C7|20260903|1,"single_noguide, single_guide, dual_noguide, EVAE",f1_W04_C7_s20260903_d01.csv
S1,1,W04_C7,20260903,2,2150642558,EVAE|S1|geobg|1|W04_C7|20260903|2,"single_noguide, single_guide, dual_noguide, EVAE",f1_W04_C7_s20260903_d02.csv
S1,1,W04_C7,20260903,3,4147577832,EVAE|S1|geobg|1|W04_C7|20260903|3,"single_noguide, single_guide, dual_noguide, EVAE",f1_W04_C7_s20260903_d03.csv
S1,1,W04_C7,20260903,4,1767085643,EVAE|S1|geobg|1|W04_C7|20260903|4,"single_noguide, single_guide, dual_noguide, EVAE",f1_W04_C7_s20260903_d04.csv
S1,1,W04_C7,20260903,5,508864221,EVAE|S1|geobg|1|W04_C7|20260903|5,"single_noguide, single_guide, dual_noguide, EVAE",f1_W04_C7_s20260903_d05.csv
S1,1,W04_C7,20260903,6,2271082343,EVAE|S1|geobg|1|W04_C7|20260903|6,"single_noguide, single_guide, dual_noguide, EVAE",f1_W04_C7_s20260903_d06.csv
S1,1,W04_C7,20260903,7,4032481265,EVAE|S1|geobg|1|W04_C7|20260903|7,"single_noguide, single_guide, dual_noguide, EVAE",f1_W04_C7_s20260903_d07.csv
S1,1,W04_C7,7,0,706757815,EVAE|S1|geobg|1|W04_C7|7|0,"single_noguide, single_guide, dual_noguide, EVAE",f1_W04_C7_s7_d00.csv
S1,1,W04_C7,7,1,1562866721,EVAE|S1|geobg|1|W04_C7|7|1,"single_noguide, single_guide, dual_noguide, EVAE",f1_W04_C7_s7_d01.csv
S1,1,W04_C7,7,2,3291358619,EVAE|S1|geobg|1|W04_C7|7|2,"single_noguide, single_guide, dual_noguide, EVAE",f1_W04_C7_s7_d02.csv
S1,1,W04_C7,7,3,3005814029,EVAE|S1|geobg|1|W04_C7|7|3,"single_noguide, single_guide, dual_noguide, EVAE",f1_W04_C7_s7_d03.csv
S1,1,W04_C7,7,4,760053934,EVAE|S1|geobg|1|W04_C7|7|4,"single_noguide, single_guide, dual_noguide, EVAE",f1_W04_C7_s7_d04.csv
S1,1,W04_C7,7,5,1514844216,EVAE|S1|geobg|1|W04_C7|7|5,"single_noguide, single_guide, dual_noguide, EVAE",f1_W04_C7_s7_d05.csv
S1,1,W04_C7,7,6,3276005762,EVAE|S1|geobg|1|W04_C7|7|6,"single_noguide, single_guide, dual_noguide, EVAE",f1_W04_C7_s7_d06.csv
S1,1,W04_C7,7,7,3024408852,EVAE|S1|geobg|1|W04_C7|7|7,"single_noguide, single_guide, dual_noguide, EVAE",f1_W04_C7_s7_d07.csv
S1,2,W01_C2,1337,0,584656147,EVAE|S1|geobg|2|W01_C2|1337|0,"single_noguide, single_guide, dual_noguide, EVAE",f2_W01_C2_s1337_d00.csv
S1,2,W01_C2,1337,1,1440617861,EVAE|S1|geobg|2|W01_C2|1337|1,"single_noguide, single_guide, dual_noguide, EVAE",f2_W01_C2_s1337_d01.csv
S1,2,W01_C2,1337,2,3436659775,EVAE|S1|geobg|2|W01_C2|1337|2,"single_noguide, single_guide, dual_noguide, EVAE",f2_W01_C2_s1337_d02.csv
S1,2,W01_C2,1337,3,3151000745,EVAE|S1|geobg|2|W01_C2|1337|3,"single_noguide, single_guide, dual_noguide, EVAE",f2_W01_C2_s1337_d03.csv
S1,2,W01_C2,1337,4,632611082,EVAE|S1|geobg|2|W01_C2|1337|4,"single_noguide, single_guide, dual_noguide, EVAE",f2_W01_C2_s1337_d04.csv
S1,2,W01_C2,1337,5,1387516316,EVAE|S1|geobg|2|W01_C2|1337|5,"single_noguide, single_guide, dual_noguide, EVAE",f2_W01_C2_s1337_d05.csv
S1,2,W01_C2,1337,6,3417997350,EVAE|S1|geobg|2|W01_C2|1337|6,"single_noguide, single_guide, dual_noguide, EVAE",f2_W01_C2_s1337_d06.csv
S1,2,W01_C2,1337,7,3166548144,EVAE|S1|geobg|2|W01_C2|1337|7,"single_noguide, single_guide, dual_noguide, EVAE",f2_W01_C2_s1337_d07.csv
S1,2,W01_C2,20260903,0,1716264288,EVAE|S1|geobg|2|W01_C2|20260903|0,"single_noguide, single_guide, dual_noguide, EVAE",f2_W01_C2_s20260903_d00.csv
S1,2,W01_C2,20260903,1,290139638,EVAE|S1|geobg|2|W01_C2|20260903|1,"single_noguide, single_guide, dual_noguide, EVAE",f2_W01_C2_s20260903_d01.csv
S1,2,W01_C2,20260903,2,2286058572,EVAE|S1|geobg|2|W01_C2|20260903|2,"single_noguide, single_guide, dual_noguide, EVAE",f2_W01_C2_s20260903_d02.csv
S1,2,W01_C2,20260903,3,4282731738,EVAE|S1|geobg|2|W01_C2|20260903|3,"single_noguide, single_guide, dual_noguide, EVAE",f2_W01_C2_s20260903_d03.csv
S1,2,W01_C2,20260903,4,1629608313,EVAE|S1|geobg|2|W01_C2|20260903|4,"single_noguide, single_guide, dual_noguide, EVAE",f2_W01_C2_s20260903_d04.csv
S1,2,W01_C2,20260903,5,371649007,EVAE|S1|geobg|2|W01_C2|20260903|5,"single_noguide, single_guide, dual_noguide, EVAE",f2_W01_C2_s20260903_d05.csv
S1,2,W01_C2,20260903,6,2402269269,EVAE|S1|geobg|2|W01_C2|20260903|6,"single_noguide, single_guide, dual_noguide, EVAE",f2_W01_C2_s20260903_d06.csv
S1,2,W01_C2,20260903,7,4163406019,EVAE|S1|geobg|2|W01_C2|20260903|7,"single_noguide, single_guide, dual_noguide, EVAE",f2_W01_C2_s20260903_d07.csv
S1,2,W01_C2,7,0,3720222547,EVAE|S1|geobg|2|W01_C2|7|0,"single_noguide, single_guide, dual_noguide, EVAE",f2_W01_C2_s7_d00.csv
S1,2,W01_C2,7,1,2864261061,EVAE|S1|geobg|2|W01_C2|7|1,"single_noguide, single_guide, dual_noguide, EVAE",f2_W01_C2_s7_d01.csv
S1,2,W01_C2,7,2,867202687,EVAE|S1|geobg|2|W01_C2|7|2,"single_noguide, single_guide, dual_noguide, EVAE",f2_W01_C2_s7_d02.csv
S1,2,W01_C2,7,3,1152861929,EVAE|S1|geobg|2|W01_C2|7|3,"single_noguide, single_guide, dual_noguide, EVAE",f2_W01_C2_s7_d03.csv
S1,2,W01_C2,7,4,3671315274,EVAE|S1|geobg|2|W01_C2|7|4,"single_noguide, single_guide, dual_noguide, EVAE",f2_W01_C2_s7_d04.csv
S1,2,W01_C2,7,5,2916410332,EVAE|S1|geobg|2|W01_C2|7|5,"single_noguide, single_guide, dual_noguide, EVAE",f2_W01_C2_s7_d05.csv
S1,2,W01_C2,7,6,886944358,EVAE|S1|geobg|2|W01_C2|7|6,"single_noguide, single_guide, dual_noguide, EVAE",f2_W01_C2_s7_d06.csv
S1,2,W01_C2,7,7,1138393840,EVAE|S1|geobg|2|W01_C2|7|7,"single_noguide, single_guide, dual_noguide, EVAE",f2_W01_C2_s7_d07.csv
S1,2,W03_C2,1337,0,2058722514,EVAE|S1|geobg|2|W03_C2|1337|0,"single_noguide, single_guide, dual_noguide, EVAE",f2_W03_C2_s1337_d00.csv
S1,2,W03_C2,1337,1,229813316,EVAE|S1|geobg|2|W03_C2|1337|1,"single_noguide, single_guide, dual_noguide, EVAE",f2_W03_C2_s1337_d01.csv
S1,2,W03_C2,1337,2,2495348222,EVAE|S1|geobg|2|W03_C2|1337|2,"single_noguide, single_guide, dual_noguide, EVAE",f2_W03_C2_s1337_d02.csv
S1,2,W03_C2,1337,3,3820801384,EVAE|S1|geobg|2|W03_C2|1337|3,"single_noguide, single_guide, dual_noguide, EVAE",f2_W03_C2_s1337_d03.csv
S1,2,W03_C2,1337,4,2111330507,EVAE|S1|geobg|2|W03_C2|1337|4,"single_noguide, single_guide, dual_noguide, EVAE",f2_W03_C2_s1337_d04.csv
S1,2,W03_C2,1337,5,182413405,EVAE|S1|geobg|2|W03_C2|1337|5,"single_noguide, single_guide, dual_noguide, EVAE",f2_W03_C2_s1337_d05.csv
S1,2,W03_C2,1337,6,2480290279,EVAE|S1|geobg|2|W03_C2|1337|6,"single_noguide, single_guide, dual_noguide, EVAE",f2_W03_C2_s1337_d06.csv
S1,2,W03_C2,1337,7,3838904689,EVAE|S1|geobg|2|W03_C2|1337|7,"single_noguide, single_guide, dual_noguide, EVAE",f2_W03_C2_s1337_d07.csv
S1,2,W03_C2,20260903,0,3469389041,EVAE|S1|geobg|2|W03_C2|20260903|0,"single_noguide, single_guide, dual_noguide, EVAE",f2_W03_C2_s20260903_d00.csv
S1,2,W03_C2,20260903,1,3117259879,EVAE|S1|geobg|2|W03_C2|20260903|1,"single_noguide, single_guide, dual_noguide, EVAE",f2_W03_C2_s20260903_d01.csv
S1,2,W03_C2,20260903,2,549768669,EVAE|S1|geobg|2|W03_C2|20260903|2,"single_noguide, single_guide, dual_noguide, EVAE",f2_W03_C2_s20260903_d02.csv
S1,2,W03_C2,20260903,3,1472462155,EVAE|S1|geobg|2|W03_C2|20260903|3,"single_noguide, single_guide, dual_noguide, EVAE",f2_W03_C2_s20260903_d03.csv
S1,2,W03_C2,20260903,4,3383191784,EVAE|S1|geobg|2|W03_C2|20260903|4,"single_noguide, single_guide, dual_noguide, EVAE",f2_W03_C2_s20260903_d04.csv
S1,2,W03_C2,20260903,5,3198179454,EVAE|S1|geobg|2|W03_C2|20260903|5,"single_noguide, single_guide, dual_noguide, EVAE",f2_W03_C2_s20260903_d05.csv
S1,2,W03_C2,20260903,6,665389508,EVAE|S1|geobg|2|W03_C2|20260903|6,"single_noguide, single_guide, dual_noguide, EVAE",f2_W03_C2_s20260903_d06.csv
S1,2,W03_C2,20260903,7,1353595218,EVAE|S1|geobg|2|W03_C2|20260903|7,"single_noguide, single_guide, dual_noguide, EVAE",f2_W03_C2_s20260903_d07.csv
S1,2,W03_C2,7,0,2677739566,EVAE|S1|geobg|2|W03_C2|7|0,"single_noguide, single_guide, dual_noguide, EVAE",f2_W03_C2_s7_d00.csv
S1,2,W03_C2,7,1,3902546104,EVAE|S1|geobg|2|W03_C2|7|1,"single_noguide, single_guide, dual_noguide, EVAE",f2_W03_C2_s7_d01.csv
S1,2,W03_C2,7,2,1905619202,EVAE|S1|geobg|2|W03_C2|7|2,"single_noguide, single_guide, dual_noguide, EVAE",f2_W03_C2_s7_d02.csv
S1,2,W03_C2,7,3,110248340,EVAE|S1|geobg|2|W03_C2|7|3,"single_noguide, single_guide, dual_noguide, EVAE",f2_W03_C2_s7_d03.csv
S1,2,W03_C2,7,4,2566313015,EVAE|S1|geobg|2|W03_C2|7|4,"single_noguide, single_guide, dual_noguide, EVAE",f2_W03_C2_s7_d04.csv
S1,2,W03_C2,7,5,4025607329,EVAE|S1|geobg|2|W03_C2|7|5,"single_noguide, single_guide, dual_noguide, EVAE",f2_W03_C2_s7_d05.csv
S1,2,W03_C2,7,6,1996010779,EVAE|S1|geobg|2|W03_C2|7|6,"single_noguide, single_guide, dual_noguide, EVAE",f2_W03_C2_s7_d06.csv
S1,2,W03_C2,7,7,33523085,EVAE|S1|geobg|2|W03_C2|7|7,"single_noguide, single_guide, dual_noguide, EVAE",f2_W03_C2_s7_d07.csv
S1,2,W03_C4,1337,0,3168441685,EVAE|S1|geobg|2|W03_C4|1337|0,"single_noguide, single_guide, dual_noguide, EVAE",f2_W03_C4_s1337_d00.csv
S1,2,W03_C4,1337,1,3420300739,EVAE|S1|geobg|2|W03_C4|1337|1,"single_noguide, single_guide, dual_noguide, EVAE",f2_W03_C4_s1337_d01.csv
S1,2,W03_C4,1337,2,1389687929,EVAE|S1|geobg|2|W03_C4|1337|2,"single_noguide, single_guide, dual_noguide, EVAE",f2_W03_C4_s1337_d02.csv
S1,2,W03_C4,1337,3,634635503,EVAE|S1|geobg|2|W03_C4|1337|3,"single_noguide, single_guide, dual_noguide, EVAE",f2_W03_C4_s1337_d03.csv
S1,2,W03_C4,1337,4,3149353292,EVAE|S1|geobg|2|W03_C4|1337|4,"single_noguide, single_guide, dual_noguide, EVAE",f2_W03_C4_s1337_d04.csv
S1,2,W03_C4,1337,5,3434111450,EVAE|S1|geobg|2|W03_C4|1337|5,"single_noguide, single_guide, dual_noguide, EVAE",f2_W03_C4_s1337_d05.csv
S1,2,W03_C4,1337,6,1438199904,EVAE|S1|geobg|2|W03_C4|1337|6,"single_noguide, single_guide, dual_noguide, EVAE",f2_W03_C4_s1337_d06.csv
S1,2,W03_C4,1337,7,582877430,EVAE|S1|geobg|2|W03_C4|1337|7,"single_noguide, single_guide, dual_noguide, EVAE",f2_W03_C4_s1337_d07.csv
S1,2,W03_C4,20260903,0,569837841,EVAE|S1|geobg|2|W03_C4|20260903|0,"single_noguide, single_guide, dual_noguide, EVAE",f2_W03_C4_s20260903_d00.csv
S1,2,W03_C4,20260903,1,1458583943,EVAE|S1|geobg|2|W03_C4|20260903|1,"single_noguide, single_guide, dual_noguide, EVAE",f2_W03_C4_s20260903_d01.csv
S1,2,W03_C4,20260903,2,3489228861,EVAE|S1|geobg|2|W03_C4|20260903|2,"single_noguide, single_guide, dual_noguide, EVAE",f2_W03_C4_s20260903_d02.csv
S1,2,W03_C4,20260903,3,3103676587,EVAE|S1|geobg|2|W03_C4|20260903|3,"single_noguide, single_guide, dual_noguide, EVAE",f2_W03_C4_s20260903_d03.csv
S1,2,W03_C4,20260903,4,647679240,EVAE|S1|geobg|2|W03_C4|20260903|4,"single_noguide, single_guide, dual_noguide, EVAE",f2_W03_C4_s20260903_d04.csv
S1,2,W03_C4,20260903,5,1369308574,EVAE|S1|geobg|2|W03_C4|20260903|5,"single_noguide, single_guide, dual_noguide, EVAE",f2_W03_C4_s20260903_d05.csv
S1,2,W03_C4,20260903,6,3365186596,EVAE|S1|geobg|2|W03_C4|20260903|6,"single_noguide, single_guide, dual_noguide, EVAE",f2_W03_C4_s20260903_d06.csv
S1,2,W03_C4,20260903,7,3214122162,EVAE|S1|geobg|2|W03_C4|20260903|7,"single_noguide, single_guide, dual_noguide, EVAE",f2_W03_C4_s20260903_d07.csv
S1,2,W03_C4,7,0,282846606,EVAE|S1|geobg|2|W03_C4|7|0,"single_noguide, single_guide, dual_noguide, EVAE",f2_W03_C4_s7_d00.csv
S1,2,W03_C4,7,1,1742525720,EVAE|S1|geobg|2|W03_C4|7|1,"single_noguide, single_guide, dual_noguide, EVAE",f2_W03_C4_s7_d01.csv
S1,2,W03_C4,7,2,4275405986,EVAE|S1|geobg|2|W03_C4|7|2,"single_noguide, single_guide, dual_noguide, EVAE",f2_W03_C4_s7_d02.csv
S1,2,W03_C4,7,3,2312287284,EVAE|S1|geobg|2|W03_C4|7|3,"single_noguide, single_guide, dual_noguide, EVAE",f2_W03_C4_s7_d03.csv
S1,2,W03_C4,7,4,397812119,EVAE|S1|geobg|2|W03_C4|7|4,"single_noguide, single_guide, dual_noguide, EVAE",f2_W03_C4_s7_d04.csv
S1,2,W03_C4,7,5,1622216961,EVAE|S1|geobg|2|W03_C4|7|5,"single_noguide, single_guide, dual_noguide, EVAE",f2_W03_C4_s7_d05.csv
S1,2,W03_C4,7,6,4189601979,EVAE|S1|geobg|2|W03_C4|7|6,"single_noguide, single_guide, dual_noguide, EVAE",f2_W03_C4_s7_d06.csv
S1,2,W03_C4,7,7,2394910765,EVAE|S1|geobg|2|W03_C4|7|7,"single_noguide, single_guide, dual_noguide, EVAE",f2_W03_C4_s7_d07.csv
S1,2,W05_C2,1337,0,2449495697,EVAE|S1|geobg|2|W05_C2|1337|0,"single_noguide, single_guide, dual_noguide, EVAE",f2_W05_C2_s1337_d00.csv
S1,2,W05_C2,1337,1,3842467335,EVAE|S1|geobg|2|W05_C2|1337|1,"single_noguide, single_guide, dual_noguide, EVAE",f2_W05_C2_s1337_d01.csv
S1,2,W05_C2,1337,2,2081306557,EVAE|S1|geobg|2|W05_C2|1337|2,"single_noguide, single_guide, dual_noguide, EVAE",f2_W05_C2_s1337_d02.csv
S1,2,W05_C2,1337,3,185141035,EVAE|S1|geobg|2|W05_C2|1337|3,"single_noguide, single_guide, dual_noguide, EVAE",f2_W05_C2_s1337_d03.csv
S1,2,W05_C2,1337,4,2506986120,EVAE|S1|geobg|2|W05_C2|1337|4,"single_noguide, single_guide, dual_noguide, EVAE",f2_W05_C2_s1337_d04.csv
S1,2,W05_C2,1337,5,3798639134,EVAE|S1|geobg|2|W05_C2|1337|5,"single_noguide, single_guide, dual_noguide, EVAE",f2_W05_C2_s1337_d05.csv
S1,2,W05_C2,1337,6,2070148004,EVAE|S1|geobg|2|W05_C2|1337|6,"single_noguide, single_guide, dual_noguide, EVAE",f2_W05_C2_s1337_d06.csv
S1,2,W05_C2,1337,7,207930162,EVAE|S1|geobg|2|W05_C2|1337|7,"single_noguide, single_guide, dual_noguide, EVAE",f2_W05_C2_s1337_d07.csv
S1,2,W05_C2,20260903,0,3962599427,EVAE|S1|geobg|2|W05_C2|20260903|0,"single_noguide, single_guide, dual_noguide, EVAE",f2_W05_C2_s20260903_d00.csv
S1,2,W05_C2,20260903,1,2604091541,EVAE|S1|geobg|2|W05_C2|20260903|1,"single_noguide, single_guide, dual_noguide, EVAE",f2_W05_C2_s20260903_d01.csv
S1,2,W05_C2,20260903,2,37624111,EVAE|S1|geobg|2|W05_C2|20260903|2,"single_noguide, single_guide, dual_noguide, EVAE",f2_W05_C2_s20260903_d02.csv
S1,2,W05_C2,20260903,3,1966680505,EVAE|S1|geobg|2|W05_C2|20260903|3,"single_noguide, single_guide, dual_noguide, EVAE",f2_W05_C2_s20260903_d03.csv
S1,2,W05_C2,20260903,4,3948788762,EVAE|S1|geobg|2|W05_C2|20260903|4,"single_noguide, single_guide, dual_noguide, EVAE",f2_W05_C2_s20260903_d04.csv
S1,2,W05_C2,20260903,5,2623179916,EVAE|S1|geobg|2|W05_C2|20260903|5,"single_noguide, single_guide, dual_noguide, EVAE",f2_W05_C2_s20260903_d05.csv
S1,2,W05_C2,20260903,6,89382198,EVAE|S1|geobg|2|W05_C2|20260903|6,"single_noguide, single_guide, dual_noguide, EVAE",f2_W05_C2_s20260903_d06.csv
S1,2,W05_C2,20260903,7,1918168480,EVAE|S1|geobg|2|W05_C2|20260903|7,"single_noguide, single_guide, dual_noguide, EVAE",f2_W05_C2_s20260903_d07.csv
S1,2,W05_C2,7,0,1509169577,EVAE|S1|geobg|2|W05_C2|7|0,"single_noguide, single_guide, dual_noguide, EVAE",f2_W05_C2_s7_d00.csv
S1,2,W05_C2,7,1,787687743,EVAE|S1|geobg|2|W05_C2|7|1,"single_noguide, single_guide, dual_noguide, EVAE",f2_W05_C2_s7_d01.csv
S1,2,W05_C2,7,2,3086645381,EVAE|S1|geobg|2|W05_C2|7|2,"single_noguide, single_guide, dual_noguide, EVAE",f2_W05_C2_s7_d02.csv
S1,2,W05_C2,7,3,3237824531,EVAE|S1|geobg|2|W05_C2|7|3,"single_noguide, single_guide, dual_noguide, EVAE",f2_W05_C2_s7_d03.csv
S1,2,W05_C2,7,4,1587142064,EVAE|S1|geobg|2|W05_C2|7|4,"single_noguide, single_guide, dual_noguide, EVAE",f2_W05_C2_s7_d04.csv
S1,2,W05_C2,7,5,698281254,EVAE|S1|geobg|2|W05_C2|7|5,"single_noguide, single_guide, dual_noguide, EVAE",f2_W05_C2_s7_d05.csv
S1,2,W05_C2,7,6,2962734236,EVAE|S1|geobg|2|W05_C2|7|6,"single_noguide, single_guide, dual_noguide, EVAE",f2_W05_C2_s7_d06.csv
S1,2,W05_C2,7,7,3348139018,EVAE|S1|geobg|2|W05_C2|7|7,"single_noguide, single_guide, dual_noguide, EVAE",f2_W05_C2_s7_d07.csv
S1,2,W05_C4,1337,0,1416584982,EVAE|S1|geobg|2|W05_C4|1337|0,"single_noguide, single_guide, dual_noguide, EVAE",f2_W05_C4_s1337_d00.csv
S1,2,W05_C4,1337,1,594046848,EVAE|S1|geobg|2|W05_C4|1337|1,"single_noguide, single_guide, dual_noguide, EVAE",f2_W05_C4_s1337_d01.csv
S1,2,W05_C4,1337,2,3126935098,EVAE|S1|geobg|2|W05_C4|1337|2,"single_noguide, single_guide, dual_noguide, EVAE",f2_W05_C4_s1337_d02.csv
S1,2,W05_C4,1337,3,3446017708,EVAE|S1|geobg|2|W05_C4|1337|3,"single_noguide, single_guide, dual_noguide, EVAE",f2_W05_C4_s1337_d03.csv
S1,2,W05_C4,1337,4,1392679695,EVAE|S1|geobg|2|W05_C4|1337|4,"single_noguide, single_guide, dual_noguide, EVAE",f2_W05_C4_s1337_d04.csv
S1,2,W05_C4,1337,5,604351385,EVAE|S1|geobg|2|W05_C4|1337|5,"single_noguide, single_guide, dual_noguide, EVAE",f2_W05_C4_s1337_d05.csv
S1,2,W05_C4,1337,6,3171744291,EVAE|S1|geobg|2|W05_C4|1337|6,"single_noguide, single_guide, dual_noguide, EVAE",f2_W05_C4_s1337_d06.csv
S1,2,W05_C4,1337,7,3389770421,EVAE|S1|geobg|2|W05_C4|1337|7,"single_noguide, single_guide, dual_noguide, EVAE",f2_W05_C4_s1337_d07.csv
S1,2,W05_C4,20260903,0,51240419,EVAE|S1|geobg|2|W05_C4|20260903|0,"single_noguide, single_guide, dual_noguide, EVAE",f2_W05_C4_s20260903_d00.csv
S1,2,W05_C4,20260903,1,1946873205,EVAE|S1|geobg|2|W05_C4|20260903|1,"single_noguide, single_guide, dual_noguide, EVAE",f2_W05_C4_s20260903_d01.csv
S1,2,W05_C4,20260903,2,3976445135,EVAE|S1|geobg|2|W05_C4|20260903|2,"single_noguide, single_guide, dual_noguide, EVAE",f2_W05_C4_s20260903_d02.csv
S1,2,W05_C4,20260903,3,2583989337,EVAE|S1|geobg|2|W05_C4|20260903|3,"single_noguide, single_guide, dual_noguide, EVAE",f2_W05_C4_s20260903_d03.csv
S1,2,W05_C4,20260903,4,73406970,EVAE|S1|geobg|2|W05_C4|20260903|4,"single_noguide, single_guide, dual_noguide, EVAE",f2_W05_C4_s20260903_d04.csv
S1,2,W05_C4,20260903,5,1936140652,EVAE|S1|geobg|2|W05_C4|20260903|5,"single_noguide, single_guide, dual_noguide, EVAE",f2_W05_C4_s20260903_d05.csv
S1,2,W05_C4,20260903,6,3933108438,EVAE|S1|geobg|2|W05_C4|20260903|6,"single_noguide, single_guide, dual_noguide, EVAE",f2_W05_C4_s20260903_d06.csv
S1,2,W05_C4,20260903,7,2640922688,EVAE|S1|geobg|2|W05_C4|20260903|7,"single_noguide, single_guide, dual_noguide, EVAE",f2_W05_C4_s20260903_d07.csv
S1,2,W05_C4,7,0,3602181129,EVAE|S1|geobg|2|W05_C4|7|0,"single_noguide, single_guide, dual_noguide, EVAE",f2_W05_C4_s7_d00.csv
S1,2,W05_C4,7,1,2712919199,EVAE|S1|geobg|2|W05_C4|7|1,"single_noguide, single_guide, dual_noguide, EVAE",f2_W05_C4_s7_d01.csv
S1,2,W05_C4,7,2,951749925,EVAE|S1|geobg|2|W05_C4|7|2,"single_noguide, single_guide, dual_noguide, EVAE",f2_W05_C4_s7_d02.csv
S1,2,W05_C4,7,3,1337834931,EVAE|S1|geobg|2|W05_C4|7|3,"single_noguide, single_guide, dual_noguide, EVAE",f2_W05_C4_s7_d03.csv
S1,2,W05_C4,7,4,3520669712,EVAE|S1|geobg|2|W05_C4|7|4,"single_noguide, single_guide, dual_noguide, EVAE",f2_W05_C4_s7_d04.csv
S1,2,W05_C4,7,5,2799573126,EVAE|S1|geobg|2|W05_C4|7|5,"single_noguide, single_guide, dual_noguide, EVAE",f2_W05_C4_s7_d05.csv
S1,2,W05_C4,7,6,1071073596,EVAE|S1|geobg|2|W05_C4|7|6,"single_noguide, single_guide, dual_noguide, EVAE",f2_W05_C4_s7_d06.csv
S1,2,W05_C4,7,7,1221622186,EVAE|S1|geobg|2|W05_C4|7|7,"single_noguide, single_guide, dual_noguide, EVAE",f2_W05_C4_s7_d07.csv
S1,2,W05_C6,1337,0,373971051,EVAE|S1|geobg|2|W05_C6|1337|0,"single_noguide, single_guide, dual_noguide, EVAE",f2_W05_C6_s1337_d00.csv
S1,2,W05_C6,1337,1,1632463101,EVAE|S1|geobg|2|W05_C6|1337|1,"single_noguide, single_guide, dual_noguide, EVAE",f2_W05_C6_s1337_d01.csv
S1,2,W05_C6,1337,2,4165220679,EVAE|S1|geobg|2|W05_C6|1337|2,"single_noguide, single_guide, dual_noguide, EVAE",f2_W05_C6_s1337_d02.csv
S1,2,W05_C6,1337,3,2403535313,EVAE|S1|geobg|2|W05_C6|1337|3,"single_noguide, single_guide, dual_noguide, EVAE",f2_W05_C6_s1337_d03.csv
S1,2,W05_C6,1337,4,287808626,EVAE|S1|geobg|2|W05_C6|1337|4,"single_noguide, single_guide, dual_noguide, EVAE",f2_W05_C6_s1337_d04.csv
S1,2,W05_C6,1337,5,1713417444,EVAE|S1|geobg|2|W05_C6|1337|5,"single_noguide, single_guide, dual_noguide, EVAE",f2_W05_C6_s1337_d05.csv
S1,2,W05_C6,1337,6,4280941918,EVAE|S1|geobg|2|W05_C6|1337|6,"single_noguide, single_guide, dual_noguide, EVAE",f2_W05_C6_s1337_d06.csv
S1,2,W05_C6,1337,7,2284768712,EVAE|S1|geobg|2|W05_C6|1337|7,"single_noguide, single_guide, dual_noguide, EVAE",f2_W05_C6_s1337_d07.csv
S1,2,W05_C6,20260903,0,4013310844,EVAE|S1|geobg|2|W05_C6|20260903|0,"single_noguide, single_guide, dual_noguide, EVAE",f2_W05_C6_s20260903_d00.csv
S1,2,W05_C6,20260903,1,2553377770,EVAE|S1|geobg|2|W05_C6|20260903|1,"single_noguide, single_guide, dual_noguide, EVAE",f2_W05_C6_s20260903_d01.csv
S1,2,W05_C6,20260903,2,20456016,EVAE|S1|geobg|2|W05_C6|20260903|2,"single_noguide, single_guide, dual_noguide, EVAE",f2_W05_C6_s20260903_d02.csv
S1,2,W05_C6,20260903,3,1983845062,EVAE|S1|geobg|2|W05_C6|20260903|3,"single_noguide, single_guide, dual_noguide, EVAE",f2_W05_C6_s20260903_d03.csv
S1,2,W05_C6,20260903,4,3898312549,EVAE|S1|geobg|2|W05_C6|20260903|4,"single_noguide, single_guide, dual_noguide, EVAE",f2_W05_C6_s20260903_d04.csv
S1,2,W05_C6,20260903,5,2673653747,EVAE|S1|geobg|2|W05_C6|20260903|5,"single_noguide, single_guide, dual_noguide, EVAE",f2_W05_C6_s20260903_d05.csv
S1,2,W05_C6,20260903,6,106292809,EVAE|S1|geobg|2|W05_C6|20260903|6,"single_noguide, single_guide, dual_noguide, EVAE",f2_W05_C6_s20260903_d06.csv
S1,2,W05_C6,20260903,7,1901254367,EVAE|S1|geobg|2|W05_C6|20260903|7,"single_noguide, single_guide, dual_noguide, EVAE",f2_W05_C6_s20260903_d07.csv
S1,2,W05_C6,7,0,2893332329,EVAE|S1|geobg|2|W05_C6|7|0,"single_noguide, single_guide, dual_noguide, EVAE",f2_W05_C6_s7_d00.csv
S1,2,W05_C6,7,1,3681783807,EVAE|S1|geobg|2|W05_C6|7|1,"single_noguide, single_guide, dual_noguide, EVAE",f2_W05_C6_s7_d01.csv
S1,2,W05_C6,7,2,1115348549,EVAE|S1|geobg|2|W05_C6|7|2,"single_noguide, single_guide, dual_noguide, EVAE",f2_W05_C6_s7_d02.csv
S1,2,W05_C6,7,3,897445587,EVAE|S1|geobg|2|W05_C6|7|3,"single_noguide, single_guide, dual_noguide, EVAE",f2_W05_C6_s7_d03.csv
S1,2,W05_C6,7,4,2870573936,EVAE|S1|geobg|2|W05_C6|7|4,"single_noguide, single_guide, dual_noguide, EVAE",f2_W05_C6_s7_d04.csv
S1,2,W05_C6,7,5,3692973030,EVAE|S1|geobg|2|W05_C6|7|5,"single_noguide, single_guide, dual_noguide, EVAE",f2_W05_C6_s7_d05.csv
S1,2,W05_C6,7,6,1159141980,EVAE|S1|geobg|2|W05_C6|7|6,"single_noguide, single_guide, dual_noguide, EVAE",f2_W05_C6_s7_d06.csv
S1,2,W05_C6,7,7,839920330,EVAE|S1|geobg|2|W05_C6|7|7,"single_noguide, single_guide, dual_noguide, EVAE",f2_W05_C6_s7_d07.csv
S1,3,W01_C3,1337,0,1468595813,EVAE|S1|geobg|3|W01_C3|1337|0,"single_noguide, single_guide, dual_noguide, EVAE",f3_W01_C3_s1337_d00.csv
S1,3,W01_C3,1337,1,546295539,EVAE|S1|geobg|3|W01_C3|1337|1,"single_noguide, single_guide, dual_noguide, EVAE",f3_W01_C3_s1337_d01.csv
S1,3,W01_C3,1337,2,3112607561,EVAE|S1|geobg|3|W01_C3|1337|2,"single_noguide, single_guide, dual_noguide, EVAE",f3_W01_C3_s1337_d02.csv
S1,3,W01_C3,1337,3,3464605663,EVAE|S1|geobg|3|W01_C3|1337|3,"single_noguide, single_guide, dual_noguide, EVAE",f3_W01_C3_s1337_d03.csv
S1,3,W01_C3,1337,4,1357199996,EVAE|S1|geobg|3|W01_C3|1337|4,"single_noguide, single_guide, dual_noguide, EVAE",f3_W01_C3_s1337_d04.csv
S1,3,W01_C3,1337,5,669125354,EVAE|S1|geobg|3|W01_C3|1337|5,"single_noguide, single_guide, dual_noguide, EVAE",f3_W01_C3_s1337_d05.csv
S1,3,W01_C3,1337,6,3203095376,EVAE|S1|geobg|3|W01_C3|1337|6,"single_noguide, single_guide, dual_noguide, EVAE",f3_W01_C3_s1337_d06.csv
S1,3,W01_C3,1337,7,3387714502,EVAE|S1|geobg|3|W01_C3|1337|7,"single_noguide, single_guide, dual_noguide, EVAE",f3_W01_C3_s1337_d07.csv
S1,3,W01_C3,20260903,0,705417559,EVAE|S1|geobg|3|W01_C3|20260903|0,"single_noguide, single_guide, dual_noguide, EVAE",f3_W01_C3_s20260903_d00.csv
S1,3,W01_C3,20260903,1,1561125313,EVAE|S1|geobg|3|W01_C3|20260903|1,"single_noguide, single_guide, dual_noguide, EVAE",f3_W01_C3_s20260903_d01.csv
S1,3,W01_C3,20260903,2,3288707195,EVAE|S1|geobg|3|W01_C3|20260903|2,"single_noguide, single_guide, dual_noguide, EVAE",f3_W01_C3_s20260903_d02.csv
S1,3,W01_C3,20260903,3,3003285741,EVAE|S1|geobg|3|W01_C3|20260903|3,"single_noguide, single_guide, dual_noguide, EVAE",f3_W01_C3_s20260903_d03.csv
S1,3,W01_C3,20260903,4,761664846,EVAE|S1|geobg|3|W01_C3|20260903|4,"single_noguide, single_guide, dual_noguide, EVAE",f3_W01_C3_s20260903_d04.csv
S1,3,W01_C3,20260903,5,1516316120,EVAE|S1|geobg|3|W01_C3|20260903|5,"single_noguide, single_guide, dual_noguide, EVAE",f3_W01_C3_s20260903_d05.csv
S1,3,W01_C3,20260903,6,3278402658,EVAE|S1|geobg|3|W01_C3|20260903|6,"single_noguide, single_guide, dual_noguide, EVAE",f3_W01_C3_s20260903_d06.csv
S1,3,W01_C3,20260903,7,3027191028,EVAE|S1|geobg|3|W01_C3|20260903|7,"single_noguide, single_guide, dual_noguide, EVAE",f3_W01_C3_s20260903_d07.csv
S1,3,W01_C3,7,0,2071687820,EVAE|S1|geobg|3|W01_C3|7|0,"single_noguide, single_guide, dual_noguide, EVAE",f3_W01_C3_s7_d00.csv
S1,3,W01_C3,7,1,209469978,EVAE|S1|geobg|3|W01_C3|7|1,"single_noguide, single_guide, dual_noguide, EVAE",f3_W01_C3_s7_d01.csv
S1,3,W01_C3,7,2,2507477920,EVAE|S1|geobg|3|W01_C3|7|2,"single_noguide, single_guide, dual_noguide, EVAE",f3_W01_C3_s7_d02.csv
S1,3,W01_C3,7,3,3799130934,EVAE|S1|geobg|3|W01_C3|7|3,"single_noguide, single_guide, dual_noguide, EVAE",f3_W01_C3_s7_d03.csv
S1,3,W01_C3,7,4,2081863317,EVAE|S1|geobg|3|W01_C3|7|4,"single_noguide, single_guide, dual_noguide, EVAE",f3_W01_C3_s7_d04.csv
S1,3,W01_C3,7,5,185697795,EVAE|S1|geobg|3|W01_C3|7|5,"single_noguide, single_guide, dual_noguide, EVAE",f3_W01_C3_s7_d05.csv
S1,3,W01_C3,7,6,2451101625,EVAE|S1|geobg|3|W01_C3|7|6,"single_noguide, single_guide, dual_noguide, EVAE",f3_W01_C3_s7_d06.csv
S1,3,W01_C3,7,7,3844073263,EVAE|S1|geobg|3|W01_C3|7|7,"single_noguide, single_guide, dual_noguide, EVAE",f3_W01_C3_s7_d07.csv
S1,3,W03_C3,1337,0,266618788,EVAE|S1|geobg|3|W03_C3|1337|0,"single_noguide, single_guide, dual_noguide, EVAE",f3_W03_C3_s1337_d00.csv
S1,3,W03_C3,1337,1,2028173106,EVAE|S1|geobg|3|W03_C3|1337|1,"single_noguide, single_guide, dual_noguide, EVAE",f3_W03_C3_s1337_d01.csv
S1,3,W03_C3,1337,2,3790218888,EVAE|S1|geobg|3|W03_C3|1337|2,"single_noguide, single_guide, dual_noguide, EVAE",f3_W03_C3_s1337_d02.csv
S1,3,W03_C3,1337,3,2532120094,EVAE|S1|geobg|3|W03_C3|1337|3,"single_noguide, single_guide, dual_noguide, EVAE",f3_W03_C3_s1337_d03.csv
S1,3,W03_C3,1337,4,143229885,EVAE|S1|geobg|3|W03_C3|1337|4,"single_noguide, single_guide, dual_noguide, EVAE",f3_W03_C3_s1337_d04.csv
S1,3,W03_C3,1337,5,2140058411,EVAE|S1|geobg|3|W03_C3|1337|5,"single_noguide, single_guide, dual_noguide, EVAE",f3_W03_C3_s1337_d05.csv
S1,3,W03_C3,1337,6,3867665041,EVAE|S1|geobg|3|W03_C3|1337|6,"single_noguide, single_guide, dual_noguide, EVAE",f3_W03_C3_s1337_d06.csv
S1,3,W03_C3,1337,7,2441138695,EVAE|S1|geobg|3|W03_C3|1337|7,"single_noguide, single_guide, dual_noguide, EVAE",f3_W03_C3_s1337_d07.csv
S1,3,W03_C3,20260903,0,2190303430,EVAE|S1|geobg|3|W03_C3|20260903|0,"single_noguide, single_guide, dual_noguide, EVAE",f3_W03_C3_s20260903_d00.csv
S1,3,W03_C3,20260903,1,4119482448,EVAE|S1|geobg|3|W03_C3|20260903|1,"single_noguide, single_guide, dual_noguide, EVAE",f3_W03_C3_s20260903_d01.csv
S1,3,W03_C3,20260903,2,1820525034,EVAE|S1|geobg|3|W03_C3|20260903|2,"single_noguide, single_guide, dual_noguide, EVAE",f3_W03_C3_s20260903_d02.csv
S1,3,W03_C3,20260903,3,461648252,EVAE|S1|geobg|3|W03_C3|20260903|3,"single_noguide, single_guide, dual_noguide, EVAE",f3_W03_C3_s20260903_d03.csv
S1,3,W03_C3,20260903,4,2246091999,EVAE|S1|geobg|3|W03_C3|20260903|4,"single_noguide, single_guide, dual_noguide, EVAE",f3_W03_C3_s20260903_d04.csv
S1,3,W03_C3,20260903,5,4075263049,EVAE|S1|geobg|3|W03_C3|20260903|5,"single_noguide, single_guide, dual_noguide, EVAE",f3_W03_C3_s20260903_d05.csv
S1,3,W03_C3,20260903,6,1810810355,EVAE|S1|geobg|3|W03_C3|20260903|6,"single_noguide, single_guide, dual_noguide, EVAE",f3_W03_C3_s20260903_d06.csv
S1,3,W03_C3,20260903,7,485094757,EVAE|S1|geobg|3|W03_C3|20260903|7,"single_noguide, single_guide, dual_noguide, EVAE",f3_W03_C3_s20260903_d07.csv
S1,3,W03_C3,7,0,962491889,EVAE|S1|geobg|3|W03_C3|7|0,"single_noguide, single_guide, dual_noguide, EVAE",f3_W03_C3_s7_d00.csv
S1,3,W03_C3,7,1,1314473319,EVAE|S1|geobg|3|W03_C3|7|1,"single_noguide, single_guide, dual_noguide, EVAE",f3_W03_C3_s7_d01.csv
S1,3,W03_C3,7,2,3612349661,EVAE|S1|geobg|3|W03_C3|7|2,"single_noguide, single_guide, dual_noguide, EVAE",f3_W03_C3_s7_d02.csv
S1,3,W03_C3,7,3,2690065483,EVAE|S1|geobg|3|W03_C3|7|3,"single_noguide, single_guide, dual_noguide, EVAE",f3_W03_C3_s7_d03.csv
S1,3,W03_C3,7,4,1043575272,EVAE|S1|geobg|3|W03_C3|7|4,"single_noguide, single_guide, dual_noguide, EVAE",f3_W03_C3_s7_d04.csv
S1,3,W03_C3,7,5,1228177790,EVAE|S1|geobg|3|W03_C3|7|5,"single_noguide, single_guide, dual_noguide, EVAE",f3_W03_C3_s7_d05.csv
S1,3,W03_C3,7,6,3493712068,EVAE|S1|geobg|3|W03_C3|7|6,"single_noguide, single_guide, dual_noguide, EVAE",f3_W03_C3_s7_d06.csv
S1,3,W03_C3,7,7,2805653586,EVAE|S1|geobg|3|W03_C3|7|7,"single_noguide, single_guide, dual_noguide, EVAE",f3_W03_C3_s7_d07.csv
S1,3,W03_C5,1337,0,3381349923,EVAE|S1|geobg|3|W03_C5|1337|0,"single_noguide, single_guide, dual_noguide, EVAE",f3_W03_C5_s1337_d00.csv
S1,3,W03_C5,1337,1,3196878517,EVAE|S1|geobg|3|W03_C5|1337|1,"single_noguide, single_guide, dual_noguide, EVAE",f3_W03_C5_s1337_d01.csv
S1,3,W03_C5,1337,2,663039759,EVAE|S1|geobg|3|W03_C5|1337|2,"single_noguide, single_guide, dual_noguide, EVAE",f3_W03_C5_s1337_d02.csv
S1,3,W03_C5,1337,3,1350705049,EVAE|S1|geobg|3|W03_C5|1337|3,"single_noguide, single_guide, dual_noguide, EVAE",f3_W03_C5_s1337_d03.csv
S1,3,W03_C5,1337,4,3471215162,EVAE|S1|geobg|3|W03_C5|1337|4,"single_noguide, single_guide, dual_noguide, EVAE",f3_W03_C5_s1337_d04.csv
S1,3,W03_C5,1337,5,3118578348,EVAE|S1|geobg|3|W03_C5|1337|5,"single_noguide, single_guide, dual_noguide, EVAE",f3_W03_C5_s1337_d05.csv
S1,3,W03_C5,1337,6,552135446,EVAE|S1|geobg|3|W03_C5|1337|6,"single_noguide, single_guide, dual_noguide, EVAE",f3_W03_C5_s1337_d06.csv
S1,3,W03_C5,1337,7,1475337088,EVAE|S1|geobg|3|W03_C5|1337|7,"single_noguide, single_guide, dual_noguide, EVAE",f3_W03_C5_s1337_d07.csv
S1,3,W03_C5,20260903,0,1840301350,EVAE|S1|geobg|3|W03_C5|20260903|0,"single_noguide, single_guide, dual_noguide, EVAE",f3_W03_C5_s20260903_d00.csv
S1,3,W03_C5,20260903,1,448263600,EVAE|S1|geobg|3|W03_C5|20260903|1,"single_noguide, single_guide, dual_noguide, EVAE",f3_W03_C5_s20260903_d01.csv
S1,3,W03_C5,20260903,2,2210309130,EVAE|S1|geobg|3|W03_C5|20260903|2,"single_noguide, single_guide, dual_noguide, EVAE",f3_W03_C5_s20260903_d02.csv
S1,3,W03_C5,20260903,3,4105802908,EVAE|S1|geobg|3|W03_C5|20260903|3,"single_noguide, single_guide, dual_noguide, EVAE",f3_W03_C5_s20260903_d03.csv
S1,3,W03_C5,20260903,4,1792868671,EVAE|S1|geobg|3|W03_C5|20260903|4,"single_noguide, single_guide, dual_noguide, EVAE",f3_W03_C5_s20260903_d04.csv
S1,3,W03_C5,20260903,5,500838825,EVAE|S1|geobg|3|W03_C5|20260903|5,"single_noguide, single_guide, dual_noguide, EVAE",f3_W03_C5_s20260903_d05.csv
S1,3,W03_C5,20260903,6,2228445203,EVAE|S1|geobg|3|W03_C5|20260903|6,"single_noguide, single_guide, dual_noguide, EVAE",f3_W03_C5_s20260903_d06.csv
S1,3,W03_C5,20260903,7,4090777733,EVAE|S1|geobg|3|W03_C5|20260903|7,"single_noguide, single_guide, dual_noguide, EVAE",f3_W03_C5_s20260903_d07.csv
S1,3,W03_C5,7,0,3055452241,EVAE|S1|geobg|3|W03_C5|7|0,"single_noguide, single_guide, dual_noguide, EVAE",f3_W03_C5_s7_d00.csv
S1,3,W03_C5,7,1,3239686343,EVAE|S1|geobg|3|W03_C5|7|1,"single_noguide, single_guide, dual_noguide, EVAE",f3_W03_C5_s7_d01.csv
S1,3,W03_C5,7,2,1477501309,EVAE|S1|geobg|3|W03_C5|7|2,"single_noguide, single_guide, dual_noguide, EVAE",f3_W03_C5_s7_d02.csv
S1,3,W03_C5,7,3,790090219,EVAE|S1|geobg|3|W03_C5|7|3,"single_noguide, single_guide, dual_noguide, EVAE",f3_W03_C5_s7_d03.csv
S1,3,W03_C5,7,4,2977121352,EVAE|S1|geobg|3|W03_C5|7|4,"single_noguide, single_guide, dual_noguide, EVAE",f3_W03_C5_s7_d04.csv
S1,3,W03_C5,7,5,3329520862,EVAE|S1|geobg|3|W03_C5|7|5,"single_noguide, single_guide, dual_noguide, EVAE",f3_W03_C5_s7_d05.csv
S1,3,W03_C5,7,6,1602037092,EVAE|S1|geobg|3|W03_C5|7|6,"single_noguide, single_guide, dual_noguide, EVAE",f3_W03_C5_s7_d06.csv
S1,3,W03_C5,7,7,679089650,EVAE|S1|geobg|3|W03_C5|7|7,"single_noguide, single_guide, dual_noguide, EVAE",f3_W03_C5_s7_d07.csv
S1,3,W05_C3,1337,0,3880881639,EVAE|S1|geobg|3|W05_C3|1337|0,"single_noguide, single_guide, dual_noguide, EVAE",f3_W05_C3_s1337_d00.csv
S1,3,W05_C3,1337,1,2421603697,EVAE|S1|geobg|3|W05_C3|1337|1,"single_noguide, single_guide, dual_noguide, EVAE",f3_W05_C3_s1337_d01.csv
S1,3,W05_C3,1337,2,157281483,EVAE|S1|geobg|3|W05_C3|1337|2,"single_noguide, single_guide, dual_noguide, EVAE",f3_W05_C3_s1337_d02.csv
S1,3,W05_C3,1337,3,2119752797,EVAE|S1|geobg|3|W05_C3|1337|3,"single_noguide, single_guide, dual_noguide, EVAE",f3_W05_C3_s1337_d03.csv
S1,3,W05_C3,1337,4,3762047486,EVAE|S1|geobg|3|W05_C3|1337|4,"single_noguide, single_guide, dual_noguide, EVAE",f3_W05_C3_s1337_d04.csv
S1,3,W05_C3,1337,5,2537257320,EVAE|S1|geobg|3|W05_C3|1337|5,"single_noguide, single_guide, dual_noguide, EVAE",f3_W05_C3_s1337_d05.csv
S1,3,W05_C3,1337,6,238168274,EVAE|S1|geobg|3|W05_C3|1337|6,"single_noguide, single_guide, dual_noguide, EVAE",f3_W05_C3_s1337_d06.csv
S1,3,W05_C3,1337,7,2033522756,EVAE|S1|geobg|3|W05_C3|1337|7,"single_noguide, single_guide, dual_noguide, EVAE",f3_W05_C3_s1337_d07.csv
S1,3,W05_C3,20260903,0,2692199476,EVAE|S1|geobg|3|W05_C3|20260903|0,"single_noguide, single_guide, dual_noguide, EVAE",f3_W05_C3_s20260903_d00.csv
S1,3,W05_C3,20260903,1,3614475426,EVAE|S1|geobg|3|W05_C3|20260903|1,"single_noguide, single_guide, dual_noguide, EVAE",f3_W05_C3_s20260903_d01.csv
S1,3,W05_C3,20260903,2,1316607256,EVAE|S1|geobg|3|W05_C3|20260903|2,"single_noguide, single_guide, dual_noguide, EVAE",f3_W05_C3_s20260903_d02.csv
S1,3,W05_C3,20260903,3,964617614,EVAE|S1|geobg|3|W05_C3|20260903|3,"single_noguide, single_guide, dual_noguide, EVAE",f3_W05_C3_s20260903_d03.csv
S1,3,W05_C3,20260903,4,2803527725,EVAE|S1|geobg|3|W05_C3|20260903|4,"single_noguide, single_guide, dual_noguide, EVAE",f3_W05_C3_s20260903_d04.csv
S1,3,W05_C3,20260903,5,3491578043,EVAE|S1|geobg|3|W05_C3|20260903|5,"single_noguide, single_guide, dual_noguide, EVAE",f3_W05_C3_s20260903_d05.csv
S1,3,W05_C3,20260903,6,1226051841,EVAE|S1|geobg|3|W05_C3|20260903|6,"single_noguide, single_guide, dual_noguide, EVAE",f3_W05_C3_s20260903_d06.csv
S1,3,W05_C3,20260903,7,1041441175,EVAE|S1|geobg|3|W05_C3|20260903|7,"single_noguide, single_guide, dual_noguide, EVAE",f3_W05_C3_s20260903_d07.csv
S1,3,W05_C3,7,0,4281433206,EVAE|S1|geobg|3|W05_C3|7|0,"single_noguide, single_guide, dual_noguide, EVAE",f3_W05_C3_s7_d00.csv
S1,3,W05_C3,7,1,2285260000,EVAE|S1|geobg|3|W05_C3|7|1,"single_noguide, single_guide, dual_noguide, EVAE",f3_W05_C3_s7_d01.csv
S1,3,W05_C3,7,2,289348954,EVAE|S1|geobg|3|W05_C3|7|2,"single_noguide, single_guide, dual_noguide, EVAE",f3_W05_C3_s7_d02.csv
S1,3,W05_C3,7,3,1714957772,EVAE|S1|geobg|3|W05_C3|7|3,"single_noguide, single_guide, dual_noguide, EVAE",f3_W05_C3_s7_d03.csv
S1,3,W05_C3,7,4,4166826095,EVAE|S1|geobg|3|W05_C3|7|4,"single_noguide, single_guide, dual_noguide, EVAE",f3_W05_C3_s7_d04.csv
S1,3,W05_C3,7,5,2405140729,EVAE|S1|geobg|3|W05_C3|7|5,"single_noguide, single_guide, dual_noguide, EVAE",f3_W05_C3_s7_d05.csv
S1,3,W05_C3,7,6,374528323,EVAE|S1|geobg|3|W05_C3|7|6,"single_noguide, single_guide, dual_noguide, EVAE",f3_W05_C3_s7_d06.csv
S1,3,W05_C3,7,7,1633020373,EVAE|S1|geobg|3|W05_C3|7|7,"single_noguide, single_guide, dual_noguide, EVAE",f3_W05_C3_s7_d07.csv
S1,3,W05_C5,1337,0,557745248,EVAE|S1|geobg|3|W05_C5|1337|0,"single_noguide, single_guide, dual_noguide, EVAE",f3_W05_C5_s1337_d00.csv
S1,3,W05_C5,1337,1,1446622454,EVAE|S1|geobg|3|W05_C5|1337|1,"single_noguide, single_guide, dual_noguide, EVAE",f3_W05_C5_s1337_d01.csv
S1,3,W05_C5,1337,2,3476088140,EVAE|S1|geobg|3|W05_C5|1337|2,"single_noguide, single_guide, dual_noguide, EVAE",f3_W05_C5_s1337_d02.csv
S1,3,W05_C5,1337,3,3090666970,EVAE|S1|geobg|3|W05_C5|1337|3,"single_noguide, single_guide, dual_noguide, EVAE",f3_W05_C5_s1337_d03.csv
S1,3,W05_C5,1337,4,642990201,EVAE|S1|geobg|3|W05_C5|1337|4,"single_noguide, single_guide, dual_noguide, EVAE",f3_W05_C5_s1337_d04.csv
S1,3,W05_C5,1337,5,1364488431,EVAE|S1|geobg|3|W05_C5|1337|5,"single_noguide, single_guide, dual_noguide, EVAE",f3_W05_C5_s1337_d05.csv
S1,3,W05_C5,1337,6,3361546581,EVAE|S1|geobg|3|W05_C5|1337|6,"single_noguide, single_guide, dual_noguide, EVAE",f3_W05_C5_s1337_d06.csv
S1,3,W05_C5,1337,7,3210351043,EVAE|S1|geobg|3|W05_C5|1337|7,"single_noguide, single_guide, dual_noguide, EVAE",f3_W05_C5_s1337_d07.csv
S1,3,W05_C5,20260903,0,1330254292,EVAE|S1|geobg|3|W05_C5|20260903|0,"single_noguide, single_guide, dual_noguide, EVAE",f3_W05_C5_s20260903_d00.csv
S1,3,W05_C5,20260903,1,944578882,EVAE|S1|geobg|3|W05_C5|20260903|1,"single_noguide, single_guide, dual_noguide, EVAE",f3_W05_C5_s20260903_d01.csv
S1,3,W05_C5,20260903,2,2705617144,EVAE|S1|geobg|3|W05_C5|20260903|2,"single_noguide, single_guide, dual_noguide, EVAE",f3_W05_C5_s20260903_d02.csv
S1,3,W05_C5,20260903,3,3594731630,EVAE|S1|geobg|3|W05_C5|20260903|3,"single_noguide, single_guide, dual_noguide, EVAE",f3_W05_C5_s20260903_d03.csv
S1,3,W05_C5,20260903,4,1210570189,EVAE|S1|geobg|3|W05_C5|20260903|4,"single_noguide, single_guide, dual_noguide, EVAE",f3_W05_C5_s20260903_d04.csv
S1,3,W05_C5,20260903,5,1059120475,EVAE|S1|geobg|3|W05_C5|20260903|5,"single_noguide, single_guide, dual_noguide, EVAE",f3_W05_C5_s20260903_d05.csv
S1,3,W05_C5,20260903,6,2787751137,EVAE|S1|geobg|3|W05_C5|20260903|6,"single_noguide, single_guide, dual_noguide, EVAE",f3_W05_C5_s20260903_d06.csv
S1,3,W05_C5,20260903,7,3509486711,EVAE|S1|geobg|3|W05_C5|20260903|7,"single_noguide, single_guide, dual_noguide, EVAE",f3_W05_C5_s20260903_d07.csv
S1,3,W05_C5,7,0,1886489046,EVAE|S1|geobg|3|W05_C5|7|0,"single_noguide, single_guide, dual_noguide, EVAE",f3_W05_C5_s7_d00.csv
S1,3,W05_C5,7,1,125221184,EVAE|S1|geobg|3|W05_C5|7|1,"single_noguide, single_guide, dual_noguide, EVAE",f3_W05_C5_s7_d01.csv
S1,3,W05_C5,7,2,2659182842,EVAE|S1|geobg|3|W05_C5|7|2,"single_noguide, single_guide, dual_noguide, EVAE",f3_W05_C5_s7_d02.csv
S1,3,W05_C5,7,3,3917011052,EVAE|S1|geobg|3|W05_C5|7|3,"single_noguide, single_guide, dual_noguide, EVAE",f3_W05_C5_s7_d03.csv
S1,3,W05_C5,7,4,1998343631,EVAE|S1|geobg|3|W05_C5|7|4,"single_noguide, single_guide, dual_noguide, EVAE",f3_W05_C5_s7_d04.csv
S1,3,W05_C5,7,5,1801561,EVAE|S1|geobg|3|W05_C5|7|5,"single_noguide, single_guide, dual_noguide, EVAE",f3_W05_C5_s7_d05.csv
S1,3,W05_C5,7,6,2568105187,EVAE|S1|geobg|3|W05_C5|7|6,"single_noguide, single_guide, dual_noguide, EVAE",f3_W05_C5_s7_d06.csv
S1,3,W05_C5,7,7,3994360949,EVAE|S1|geobg|3|W05_C5|7|7,"single_noguide, single_guide, dual_noguide, EVAE",f3_W05_C5_s7_d07.csv
S1,3,W05_C7,1337,0,1662747421,EVAE|S1|geobg|3|W05_C7|1337|0,"single_noguide, single_guide, dual_noguide, EVAE",f3_W05_C7_s1337_d00.csv
S1,3,W05_C7,1337,1,337425291,EVAE|S1|geobg|3|W05_C7|1337|1,"single_noguide, single_guide, dual_noguide, EVAE",f3_W05_C7_s1337_d01.csv
S1,3,W05_C7,1337,2,2367021617,EVAE|S1|geobg|3|W05_C7|1337|2,"single_noguide, single_guide, dual_noguide, EVAE",f3_W05_C7_s1337_d02.csv
S1,3,W05_C7,1337,3,4195537575,EVAE|S1|geobg|3|W05_C7|1337|3,"single_noguide, single_guide, dual_noguide, EVAE",f3_W05_C7_s1337_d03.csv
S1,3,W05_C7,1337,4,1685473028,EVAE|S1|geobg|3|W05_C7|1337|4,"single_noguide, single_guide, dual_noguide, EVAE",f3_W05_C7_s1337_d04.csv
S1,3,W05_C7,1337,5,326203282,EVAE|S1|geobg|3|W05_C7|1337|5,"single_noguide, single_guide, dual_noguide, EVAE",f3_W05_C7_s1337_d05.csv
S1,3,W05_C7,1337,6,2323129896,EVAE|S1|geobg|3|W05_C7|1337|6,"single_noguide, single_guide, dual_noguide, EVAE",f3_W05_C7_s1337_d06.csv
S1,3,W05_C7,1337,7,4252964542,EVAE|S1|geobg|3|W05_C7|1337|7,"single_noguide, single_guide, dual_noguide, EVAE",f3_W05_C7_s1337_d07.csv
S1,3,W05_C7,20260903,0,2742128459,EVAE|S1|geobg|3|W05_C7|20260903|0,"single_noguide, single_guide, dual_noguide, EVAE",f3_W05_C7_s20260903_d00.csv
S1,3,W05_C7,20260903,1,3564552157,EVAE|S1|geobg|3|W05_C7|20260903|1,"single_noguide, single_guide, dual_noguide, EVAE",f3_W05_C7_s20260903_d01.csv
S1,3,W05_C7,20260903,2,1300229735,EVAE|S1|geobg|3|W05_C7|20260903|2,"single_noguide, single_guide, dual_noguide, EVAE",f3_W05_C7_s20260903_d02.csv
S1,3,W05_C7,20260903,3,980999921,EVAE|S1|geobg|3|W05_C7|20260903|3,"single_noguide, single_guide, dual_noguide, EVAE",f3_W05_C7_s20260903_d03.csv
S1,3,W05_C7,20260903,4,2753317714,EVAE|S1|geobg|3|W05_C7|20260903|4,"single_noguide, single_guide, dual_noguide, EVAE",f3_W05_C7_s20260903_d04.csv
S1,3,W05_C7,20260903,5,3541793732,EVAE|S1|geobg|3|W05_C7|20260903|5,"single_noguide, single_guide, dual_noguide, EVAE",f3_W05_C7_s20260903_d05.csv
S1,3,W05_C7,20260903,6,1242704510,EVAE|S1|geobg|3|W05_C7|20260903|6,"single_noguide, single_guide, dual_noguide, EVAE",f3_W05_C7_s20260903_d06.csv
S1,3,W05_C7,20260903,7,1024793320,EVAE|S1|geobg|3|W05_C7|20260903|7,"single_noguide, single_guide, dual_noguide, EVAE",f3_W05_C7_s20260903_d07.csv
S1,3,W05_C7,7,0,179428022,EVAE|S1|geobg|3|W05_C7|7|0,"single_noguide, single_guide, dual_noguide, EVAE",f3_W05_C7_s7_d00.csv
S1,3,W05_C7,7,1,2109139488,EVAE|S1|geobg|3|W05_C7|7|1,"single_noguide, single_guide, dual_noguide, EVAE",f3_W05_C7_s7_d01.csv
S1,3,W05_C7,7,2,3837770650,EVAE|S1|geobg|3|W05_C7|7|2,"single_noguide, single_guide, dual_noguide, EVAE",f3_W05_C7_s7_d02.csv
S1,3,W05_C7,7,3,2478344972,EVAE|S1|geobg|3|W05_C7|7|3,"single_noguide, single_guide, dual_noguide, EVAE",f3_W05_C7_s7_d03.csv
S1,3,W05_C7,7,4,232529583,EVAE|S1|geobg|3|W05_C7|7|4,"single_noguide, single_guide, dual_noguide, EVAE",f3_W05_C7_s7_d04.csv
S1,3,W05_C7,7,5,2061184569,EVAE|S1|geobg|3|W05_C7|7|5,"single_noguide, single_guide, dual_noguide, EVAE",f3_W05_C7_s7_d05.csv
S1,3,W05_C7,7,6,3822223235,EVAE|S1|geobg|3|W05_C7|7|6,"single_noguide, single_guide, dual_noguide, EVAE",f3_W05_C7_s7_d06.csv
S1,3,W05_C7,7,7,2497007381,EVAE|S1|geobg|3|W05_C7|7|7,"single_noguide, single_guide, dual_noguide, EVAE",f3_W05_C7_s7_d07.csv
S2,0,W00_C1,1337,0,3015407004,EVAE|S2|geobg|0|W00_C1|1337|0,"single_noguide, single_guide, dual_noguide, EVAE",f0_W00_C1_s1337_d00.csv
S2,0,W00_C1,1337,1,3300672778,EVAE|S2|geobg|0|W00_C1|1337|1,"single_noguide, single_guide, dual_noguide, EVAE",f0_W00_C1_s1337_d01.csv
S2,0,W00_C1,1337,2,1572148400,EVAE|S2|geobg|0|W00_C1|1337|2,"single_noguide, single_guide, dual_noguide, EVAE",f0_W00_C1_s1337_d02.csv
S2,0,W00_C1,1337,3,716317734,EVAE|S2|geobg|0|W00_C1|1337|3,"single_noguide, single_guide, dual_noguide, EVAE",f0_W00_C1_s1337_d03.csv
S2,0,W00_C1,1337,4,3033969029,EVAE|S2|geobg|0|W00_C1|1337|4,"single_noguide, single_guide, dual_noguide, EVAE",f0_W00_C1_s1337_d04.csv
S2,0,W00_C1,1337,5,3285287187,EVAE|S2|geobg|0|W00_C1|1337|5,"single_noguide, single_guide, dual_noguide, EVAE",f0_W00_C1_s1337_d05.csv
S2,0,W00_C1,1337,6,1524158633,EVAE|S2|geobg|0|W00_C1|1337|6,"single_noguide, single_guide, dual_noguide, EVAE",f0_W00_C1_s1337_d06.csv
S2,0,W00_C1,1337,7,769646655,EVAE|S2|geobg|0|W00_C1|1337|7,"single_noguide, single_guide, dual_noguide, EVAE",f0_W00_C1_s1337_d07.csv
S2,0,W00_C1,20260903,0,1862877002,EVAE|S2|geobg|0|W00_C1|20260903|0,"single_noguide, single_guide, dual_noguide, EVAE",f0_W00_C1_s20260903_d00.csv
S2,0,W00_C1,20260903,1,403574748,EVAE|S2|geobg|0|W00_C1|20260903|1,"single_noguide, single_guide, dual_noguide, EVAE",f0_W00_C1_s20260903_d01.csv
S2,0,W00_C1,20260903,2,2164743782,EVAE|S2|geobg|0|W00_C1|20260903|2,"single_noguide, single_guide, dual_noguide, EVAE",f0_W00_C1_s20260903_d02.csv
S2,0,W00_C1,20260903,3,4127223536,EVAE|S2|geobg|0|W00_C1|20260903|3,"single_noguide, single_guide, dual_noguide, EVAE",f0_W00_C1_s20260903_d03.csv
S2,0,W00_C1,20260903,4,1751448403,EVAE|S2|geobg|0|W00_C1|20260903|4,"single_noguide, single_guide, dual_noguide, EVAE",f0_W00_C1_s20260903_d04.csv
S2,0,W00_C1,20260903,5,526633925,EVAE|S2|geobg|0|W00_C1|20260903|5,"single_noguide, single_guide, dual_noguide, EVAE",f0_W00_C1_s20260903_d05.csv
S2,0,W00_C1,20260903,6,2255133311,EVAE|S2|geobg|0|W00_C1|20260903|6,"single_noguide, single_guide, dual_noguide, EVAE",f0_W00_C1_s20260903_d06.csv
S2,0,W00_C1,20260903,7,4050496233,EVAE|S2|geobg|0|W00_C1|20260903|7,"single_noguide, single_guide, dual_noguide, EVAE",f0_W00_C1_s20260903_d07.csv
S2,0,W00_C1,7,0,354860616,EVAE|S2|geobg|0|W00_C1|7|0,"single_noguide, single_guide, dual_noguide, EVAE",f0_W00_C1_s7_d00.csv
S2,0,W00_C1,7,1,1646366430,EVAE|S2|geobg|0|W00_C1|7|1,"single_noguide, single_guide, dual_noguide, EVAE",f0_W00_C1_s7_d01.csv
S2,0,W00_C1,7,2,4213759844,EVAE|S2|geobg|0|W00_C1|7|2,"single_noguide, single_guide, dual_noguide, EVAE",f0_W00_C1_s7_d02.csv
S2,0,W00_C1,7,3,2351951858,EVAE|S2|geobg|0|W00_C1|7|3,"single_noguide, single_guide, dual_noguide, EVAE",f0_W00_C1_s7_d03.csv
S2,0,W00_C1,7,4,306936401,EVAE|S2|geobg|0|W00_C1|7|4,"single_noguide, single_guide, dual_noguide, EVAE",f0_W00_C1_s7_d04.csv
S2,0,W00_C1,7,5,1699498695,EVAE|S2|geobg|0|W00_C1|7|5,"single_noguide, single_guide, dual_noguide, EVAE",f0_W00_C1_s7_d05.csv
S2,0,W00_C1,7,6,4232387453,EVAE|S2|geobg|0|W00_C1|7|6,"single_noguide, single_guide, dual_noguide, EVAE",f0_W00_C1_s7_d06.csv
S2,0,W00_C1,7,7,2336369643,EVAE|S2|geobg|0|W00_C1|7|7,"single_noguide, single_guide, dual_noguide, EVAE",f0_W00_C1_s7_d07.csv
S2,0,W00_C2,1337,0,1026847359,EVAE|S2|geobg|0|W00_C2|1337|0,"single_noguide, single_guide, dual_noguide, EVAE",f0_W00_C2_s1337_d00.csv
S2,0,W00_C2,1337,1,1244873449,EVAE|S2|geobg|0|W00_C2|1337|1,"single_noguide, single_guide, dual_noguide, EVAE",f0_W00_C2_s1337_d01.csv
S2,0,W00_C2,1337,2,3543798611,EVAE|S2|geobg|0|W00_C2|1337|2,"single_noguide, single_guide, dual_noguide, EVAE",f0_W00_C2_s1337_d02.csv
S2,0,W00_C2,1337,3,2755470277,EVAE|S2|geobg|0|W00_C2|1337|3,"single_noguide, single_guide, dual_noguide, EVAE",f0_W00_C2_s1337_d03.csv
S2,0,W00_C2,1337,4,978957926,EVAE|S2|geobg|0|W00_C2|1337|4,"single_noguide, single_guide, dual_noguide, EVAE",f0_W00_C2_s1337_d04.csv
S2,0,W00_C2,1337,5,1298040560,EVAE|S2|geobg|0|W00_C2|1337|5,"single_noguide, single_guide, dual_noguide, EVAE",f0_W00_C2_s1337_d05.csv
S2,0,W00_C2,1337,6,3562526538,EVAE|S2|geobg|0|W00_C2|1337|6,"single_noguide, single_guide, dual_noguide, EVAE",f0_W00_C2_s1337_d06.csv
S2,0,W00_C2,1337,7,2739988444,EVAE|S2|geobg|0|W00_C2|1337|7,"single_noguide, single_guide, dual_noguide, EVAE",f0_W00_C2_s1337_d07.csv
S2,0,W00_C2,20260903,0,412609978,EVAE|S2|geobg|0|W00_C2|20260903|0,"single_noguide, single_guide, dual_noguide, EVAE",f0_W00_C2_s20260903_d00.csv
S2,0,W00_C2,20260903,1,1871764780,EVAE|S2|geobg|0|W00_C2|20260903|1,"single_noguide, single_guide, dual_noguide, EVAE",f0_W00_C2_s20260903_d01.csv
S2,0,W00_C2,20260903,2,4137258134,EVAE|S2|geobg|0|W00_C2|20260903|2,"single_noguide, single_guide, dual_noguide, EVAE",f0_W00_C2_s20260903_d02.csv
S2,0,W00_C2,20260903,3,2174663680,EVAE|S2|geobg|0|W00_C2|20260903|3,"single_noguide, single_guide, dual_noguide, EVAE",f0_W00_C2_s20260903_d03.csv
S2,0,W00_C2,20260903,4,536488355,EVAE|S2|geobg|0|W00_C2|20260903|4,"single_noguide, single_guide, dual_noguide, EVAE",f0_W00_C2_s20260903_d04.csv
S2,0,W00_C2,20260903,5,1761417525,EVAE|S2|geobg|0|W00_C2|20260903|5,"single_noguide, single_guide, dual_noguide, EVAE",f0_W00_C2_s20260903_d05.csv
S2,0,W00_C2,20260903,6,4059318415,EVAE|S2|geobg|0|W00_C2|20260903|6,"single_noguide, single_guide, dual_noguide, EVAE",f0_W00_C2_s20260903_d06.csv
S2,0,W00_C2,20260903,7,2264102937,EVAE|S2|geobg|0|W00_C2|20260903|7,"single_noguide, single_guide, dual_noguide, EVAE",f0_W00_C2_s20260903_d07.csv
S2,0,W00_C2,7,0,1384563864,EVAE|S2|geobg|0|W00_C2|7|0,"single_noguide, single_guide, dual_noguide, EVAE",f0_W00_C2_s7_d00.csv
S2,0,W00_C2,7,1,629273614,EVAE|S2|geobg|0|W00_C2|7|1,"single_noguide, single_guide, dual_noguide, EVAE",f0_W00_C2_s7_d01.csv
S2,0,W00_C2,7,2,3163071924,EVAE|S2|geobg|0|W00_C2|7|2,"single_noguide, single_guide, dual_noguide, EVAE",f0_W00_C2_s7_d02.csv
S2,0,W00_C2,7,3,3415184674,EVAE|S2|geobg|0|W00_C2|7|3,"single_noguide, single_guide, dual_noguide, EVAE",f0_W00_C2_s7_d03.csv
S2,0,W00_C2,7,4,1441464449,EVAE|S2|geobg|0|W00_C2|7|4,"single_noguide, single_guide, dual_noguide, EVAE",f0_W00_C2_s7_d04.csv
S2,0,W00_C2,7,5,585904151,EVAE|S2|geobg|0|W00_C2|7|5,"single_noguide, single_guide, dual_noguide, EVAE",f0_W00_C2_s7_d05.csv
S2,0,W00_C2,7,6,3152372141,EVAE|S2|geobg|0|W00_C2|7|6,"single_noguide, single_guide, dual_noguide, EVAE",f0_W00_C2_s7_d06.csv
S2,0,W00_C2,7,7,3437383995,EVAE|S2|geobg|0|W00_C2|7|7,"single_noguide, single_guide, dual_noguide, EVAE",f0_W00_C2_s7_d07.csv
S2,0,W00_C3,1337,0,4053693153,EVAE|S2|geobg|0|W00_C3|1337|0,"single_noguide, single_guide, dual_noguide, EVAE",f0_W00_C3_s1337_d00.csv
S2,0,W00_C3,1337,1,2258190967,EVAE|S2|geobg|0|W00_C3|1337|1,"single_noguide, single_guide, dual_noguide, EVAE",f0_W00_C3_s1337_d01.csv
S2,0,W00_C3,1337,2,529535949,EVAE|S2|geobg|0|W00_C3|1337|2,"single_noguide, single_guide, dual_noguide, EVAE",f0_W00_C3_s1337_d02.csv
S2,0,W00_C3,1337,3,1754735451,EVAE|S2|geobg|0|W00_C3|1337|3,"single_noguide, single_guide, dual_noguide, EVAE",f0_W00_C3_s1337_d03.csv
S2,0,W00_C3,1337,4,4143167224,EVAE|S2|geobg|0|W00_C3|1337|4,"single_noguide, single_guide, dual_noguide, EVAE",f0_W00_C3_s1337_d04.csv
S2,0,W00_C3,1337,5,2180286062,EVAE|S2|geobg|0|W00_C3|1337|5,"single_noguide, single_guide, dual_noguide, EVAE",f0_W00_C3_s1337_d05.csv
S2,0,W00_C3,1337,6,419289044,EVAE|S2|geobg|0|W00_C3|1337|6,"single_noguide, single_guide, dual_noguide, EVAE",f0_W00_C3_s1337_d06.csv
S2,0,W00_C3,1337,7,1878714178,EVAE|S2|geobg|0|W00_C3|1337|7,"single_noguide, single_guide, dual_noguide, EVAE",f0_W00_C3_s1337_d07.csv
S2,0,W00_C3,20260903,0,2201133525,EVAE|S2|geobg|0|W00_C3|20260903|0,"single_noguide, single_guide, dual_noguide, EVAE",f0_W00_C3_s20260903_d00.csv
S2,0,W00_C3,20260903,1,4097151299,EVAE|S2|geobg|0|W00_C3|20260903|1,"single_noguide, single_guide, dual_noguide, EVAE",f0_W00_C3_s20260903_d01.csv
S2,0,W00_C3,20260903,2,1832698105,EVAE|S2|geobg|0|W00_C3|20260903|2,"single_noguide, single_guide, dual_noguide, EVAE",f0_W00_C3_s20260903_d02.csv
S2,0,W00_C3,20260903,3,440135791,EVAE|S2|geobg|0|W00_C3|20260903|3,"single_noguide, single_guide, dual_noguide, EVAE",f0_W00_C3_s20260903_d03.csv
S2,0,W00_C3,20260903,4,2220844492,EVAE|S2|geobg|0|W00_C3|20260903|4,"single_noguide, single_guide, dual_noguide, EVAE",f0_W00_C3_s20260903_d04.csv
S2,0,W00_C3,20260903,5,4082652506,EVAE|S2|geobg|0|W00_C3|20260903|5,"single_noguide, single_guide, dual_noguide, EVAE",f0_W00_C3_s20260903_d05.csv
S2,0,W00_C3,20260903,6,1783694560,EVAE|S2|geobg|0|W00_C3|20260903|6,"single_noguide, single_guide, dual_noguide, EVAE",f0_W00_C3_s20260903_d06.csv
S2,0,W00_C3,20260903,7,492188790,EVAE|S2|geobg|0|W00_C3|20260903|7,"single_noguide, single_guide, dual_noguide, EVAE",f0_W00_C3_s20260903_d07.csv
S2,0,W00_C3,7,0,1877404968,EVAE|S2|geobg|0|W00_C3|7|0,"single_noguide, single_guide, dual_noguide, EVAE",f0_W00_C3_s7_d00.csv
S2,0,W00_C3,7,1,417455550,EVAE|S2|geobg|0|W00_C3|7|1,"single_noguide, single_guide, dual_noguide, EVAE",f0_W00_C3_s7_d01.csv
S2,0,W00_C3,7,2,2179501060,EVAE|S2|geobg|0|W00_C3|7|2,"single_noguide, single_guide, dual_noguide, EVAE",f0_W00_C3_s7_d02.csv
S2,0,W00_C3,7,3,4142906514,EVAE|S2|geobg|0|W00_C3|7|3,"single_noguide, single_guide, dual_noguide, EVAE",f0_W00_C3_s7_d03.csv
S2,0,W00_C3,7,4,1753950513,EVAE|S2|geobg|0|W00_C3|7|4,"single_noguide, single_guide, dual_noguide, EVAE",f0_W00_C3_s7_d04.csv
S2,0,W00_C3,7,5,529275303,EVAE|S2|geobg|0|W00_C3|7|5,"single_noguide, single_guide, dual_noguide, EVAE",f0_W00_C3_s7_d05.csv
S2,0,W00_C3,7,6,2256881693,EVAE|S2|geobg|0|W00_C3|7|6,"single_noguide, single_guide, dual_noguide, EVAE",f0_W00_C3_s7_d06.csv
S2,0,W00_C3,7,7,4051859595,EVAE|S2|geobg|0|W00_C3|7|7,"single_noguide, single_guide, dual_noguide, EVAE",f0_W00_C3_s7_d07.csv
S2,0,W00_C4,1337,0,4217076728,EVAE|S2|geobg|0|W00_C4|1337|0,"single_noguide, single_guide, dual_noguide, EVAE",f0_W00_C4_s1337_d00.csv
S2,0,W00_C4,1337,1,2354858862,EVAE|S2|geobg|0|W00_C4|1337|1,"single_noguide, single_guide, dual_noguide, EVAE",f0_W00_C4_s1337_d01.csv
S2,0,W00_C4,1337,2,357898964,EVAE|S2|geobg|0|W00_C4|1337|2,"single_noguide, single_guide, dual_noguide, EVAE",f0_W00_C4_s1337_d02.csv
S2,0,W00_C4,1337,3,1649551938,EVAE|S2|geobg|0|W00_C4|1337|3,"single_noguide, single_guide, dual_noguide, EVAE",f0_W00_C4_s1337_d03.csv
S2,0,W00_C4,1337,4,4231446497,EVAE|S2|geobg|0|W00_C4|1337|4,"single_noguide, single_guide, dual_noguide, EVAE",f0_W00_C4_s1337_d04.csv
S2,0,W00_C4,1337,5,2335281015,EVAE|S2|geobg|0|W00_C4|1337|5,"single_noguide, single_guide, dual_noguide, EVAE",f0_W00_C4_s1337_d05.csv
S2,0,W00_C4,1337,6,305716941,EVAE|S2|geobg|0|W00_C4|1337|6,"single_noguide, single_guide, dual_noguide, EVAE",f0_W00_C4_s1337_d06.csv
S2,0,W00_C4,1337,7,1698688603,EVAE|S2|geobg|0|W00_C4|1337|7,"single_noguide, single_guide, dual_noguide, EVAE",f0_W00_C4_s1337_d07.csv
S2,0,W00_C4,20260903,0,4155131994,EVAE|S2|geobg|0|W00_C4|20260903|0,"single_noguide, single_guide, dual_noguide, EVAE",f0_W00_C4_s20260903_d00.csv
S2,0,W00_C4,20260903,1,2158852300,EVAE|S2|geobg|0|W00_C4|20260903|1,"single_noguide, single_guide, dual_noguide, EVAE",f0_W00_C4_s20260903_d01.csv
S2,0,W00_C4,20260903,2,430188918,EVAE|S2|geobg|0|W00_C4|20260903|2,"single_noguide, single_guide, dual_noguide, EVAE",f0_W00_C4_s20260903_d02.csv
S2,0,W00_C4,20260903,3,1856182752,EVAE|S2|geobg|0|W00_C4|20260903|3,"single_noguide, single_guide, dual_noguide, EVAE",f0_W00_C4_s20260903_d03.csv
S2,0,W00_C4,20260903,4,4039609411,EVAE|S2|geobg|0|W00_C4|20260903|4,"single_noguide, single_guide, dual_noguide, EVAE",f0_W00_C4_s20260903_d04.csv
S2,0,W00_C4,20260903,5,2277555413,EVAE|S2|geobg|0|W00_C4|20260903|5,"single_noguide, single_guide, dual_noguide, EVAE",f0_W00_C4_s20260903_d05.csv
S2,0,W00_C4,20260903,6,516549999,EVAE|S2|geobg|0|W00_C4|20260903|6,"single_noguide, single_guide, dual_noguide, EVAE",f0_W00_C4_s20260903_d06.csv
S2,0,W00_C4,20260903,7,1775164921,EVAE|S2|geobg|0|W00_C4|20260903|7,"single_noguide, single_guide, dual_noguide, EVAE",f0_W00_C4_s20260903_d07.csv
S2,0,W00_C4,7,0,3720753464,EVAE|S2|geobg|0|W00_C4|7|0,"single_noguide, single_guide, dual_noguide, EVAE",f0_W00_C4_s7_d00.csv
S2,0,W00_C4,7,1,2864775598,EVAE|S2|geobg|0|W00_C4|7|1,"single_noguide, single_guide, dual_noguide, EVAE",f0_W00_C4_s7_d01.csv
S2,0,W00_C4,7,2,868765716,EVAE|S2|geobg|0|W00_C4|7|2,"single_noguide, single_guide, dual_noguide, EVAE",f0_W00_C4_s7_d02.csv
S2,0,W00_C4,7,3,1154441346,EVAE|S2|geobg|0|W00_C4|7|3,"single_noguide, single_guide, dual_noguide, EVAE",f0_W00_C4_s7_d03.csv
S2,0,W00_C4,7,4,3668702497,EVAE|S2|geobg|0|W00_C4|7|4,"single_noguide, single_guide, dual_noguide, EVAE",f0_W00_C4_s7_d04.csv
S2,0,W00_C4,7,5,2913781175,EVAE|S2|geobg|0|W00_C4|7|5,"single_noguide, single_guide, dual_noguide, EVAE",f0_W00_C4_s7_d05.csv
S2,0,W00_C4,7,6,883266573,EVAE|S2|geobg|0|W00_C4|7|6,"single_noguide, single_guide, dual_noguide, EVAE",f0_W00_C4_s7_d06.csv
S2,0,W00_C4,7,7,1134732443,EVAE|S2|geobg|0|W00_C4|7|7,"single_noguide, single_guide, dual_noguide, EVAE",f0_W00_C4_s7_d07.csv
S2,0,W00_C5,1337,0,938572646,EVAE|S2|geobg|0|W00_C5|1337|0,"single_noguide, single_guide, dual_noguide, EVAE",f0_W00_C5_s1337_d00.csv
S2,0,W00_C5,1337,1,1089883120,EVAE|S2|geobg|0|W00_C5|1337|1,"single_noguide, single_guide, dual_noguide, EVAE",f0_W00_C5_s1337_d01.csv
S2,0,W00_C5,1337,2,3657374282,EVAE|S2|geobg|0|W00_C5|1337|2,"single_noguide, single_guide, dual_noguide, EVAE",f0_W00_C5_s1337_d02.csv
S2,0,W00_C5,1337,3,2935499484,EVAE|S2|geobg|0|W00_C5|1337|3,"single_noguide, single_guide, dual_noguide, EVAE",f0_W00_C5_s1337_d03.csv
S2,0,W00_C5,1337,4,815579007,EVAE|S2|geobg|0|W00_C5|1337|4,"single_noguide, single_guide, dual_noguide, EVAE",f0_W00_C5_s1337_d04.csv
S2,0,W00_C5,1337,5,1201377257,EVAE|S2|geobg|0|W00_C5|1337|5,"single_noguide, single_guide, dual_noguide, EVAE",f0_W00_C5_s1337_d05.csv
S2,0,W00_C5,1337,6,3734167123,EVAE|S2|geobg|0|W00_C5|1337|6,"single_noguide, single_guide, dual_noguide, EVAE",f0_W00_C5_s1337_d06.csv
S2,0,W00_C5,1337,7,2845175493,EVAE|S2|geobg|0|W00_C5|1337|7,"single_noguide, single_guide, dual_noguide, EVAE",f0_W00_C5_s1337_d07.csv
S2,0,W00_C5,20260903,0,1812923445,EVAE|S2|geobg|0|W00_C5|20260903|0,"single_noguide, single_guide, dual_noguide, EVAE",f0_W00_C5_s20260903_d00.csv
S2,0,W00_C5,20260903,1,453522595,EVAE|S2|geobg|0|W00_C5|20260903|1,"single_noguide, single_guide, dual_noguide, EVAE",f0_W00_C5_s20260903_d01.csv
S2,0,W00_C5,20260903,2,2181129497,EVAE|S2|geobg|0|W00_C5|20260903|2,"single_noguide, single_guide, dual_noguide, EVAE",f0_W00_C5_s20260903_d02.csv
S2,0,W00_C5,20260903,3,4110833039,EVAE|S2|geobg|0|W00_C5|20260903|3,"single_noguide, single_guide, dual_noguide, EVAE",f0_W00_C5_s20260903_d03.csv
S2,0,W00_C5,20260903,4,1801633836,EVAE|S2|geobg|0|W00_C5|20260903|4,"single_noguide, single_guide, dual_noguide, EVAE",f0_W00_C5_s20260903_d04.csv
S2,0,W00_C5,20260903,5,476442810,EVAE|S2|geobg|0|W00_C5|20260903|5,"single_noguide, single_guide, dual_noguide, EVAE",f0_W00_C5_s20260903_d05.csv
S2,0,W00_C5,20260903,6,2238488832,EVAE|S2|geobg|0|W00_C5|20260903|6,"single_noguide, single_guide, dual_noguide, EVAE",f0_W00_C5_s20260903_d06.csv
S2,0,W00_C5,20260903,7,4067135894,EVAE|S2|geobg|0|W00_C5|20260903|7,"single_noguide, single_guide, dual_noguide, EVAE",f0_W00_C5_s20260903_d07.csv
S2,0,W00_C5,7,0,3768981640,EVAE|S2|geobg|0|W00_C5|7|0,"single_noguide, single_guide, dual_noguide, EVAE",f0_W00_C5_s7_d00.csv
S2,0,W00_C5,7,1,2543921182,EVAE|S2|geobg|0|W00_C5|7|1,"single_noguide, single_guide, dual_noguide, EVAE",f0_W00_C5_s7_d01.csv
S2,0,W00_C5,7,2,245922212,EVAE|S2|geobg|0|W00_C5|7|2,"single_noguide, single_guide, dual_noguide, EVAE",f0_W00_C5_s7_d02.csv
S2,0,W00_C5,7,3,2041530674,EVAE|S2|geobg|0|W00_C5|7|3,"single_noguide, single_guide, dual_noguide, EVAE",f0_W00_C5_s7_d03.csv
S2,0,W00_C5,7,4,3888897169,EVAE|S2|geobg|0|W00_C5|7|4,"single_noguide, single_guide, dual_noguide, EVAE",f0_W00_C5_s7_d04.csv
S2,0,W00_C5,7,5,2429348871,EVAE|S2|geobg|0|W00_C5|7|5,"single_noguide, single_guide, dual_noguide, EVAE",f0_W00_C5_s7_d05.csv
S2,0,W00_C5,7,6,163954109,EVAE|S2|geobg|0|W00_C5|7|6,"single_noguide, single_guide, dual_noguide, EVAE",f0_W00_C5_s7_d06.csv
S2,0,W00_C5,7,7,2126679339,EVAE|S2|geobg|0|W00_C5|7|7,"single_noguide, single_guide, dual_noguide, EVAE",f0_W00_C5_s7_d07.csv
S2,0,W00_C6,1337,0,3112074373,EVAE|S2|geobg|0|W00_C6|1337|0,"single_noguide, single_guide, dual_noguide, EVAE",f0_W00_C6_s1337_d00.csv
S2,0,W00_C6,1337,1,3464055827,EVAE|S2|geobg|0|W00_C6|1337|1,"single_noguide, single_guide, dual_noguide, EVAE",f0_W00_C6_s1337_d01.csv
S2,0,W00_C6,1337,2,1466965417,EVAE|S2|geobg|0|W00_C6|1337|2,"single_noguide, single_guide, dual_noguide, EVAE",f0_W00_C6_s1337_d02.csv
S2,0,W00_C6,1337,3,544681279,EVAE|S2|geobg|0|W00_C6|1337|3,"single_noguide, single_guide, dual_noguide, EVAE",f0_W00_C6_s1337_d03.csv
S2,0,W00_C6,1337,4,3188963484,EVAE|S2|geobg|0|W00_C6|1337|4,"single_noguide, single_guide, dual_noguide, EVAE",f0_W00_C6_s1337_d04.csv
S2,0,W00_C6,1337,5,3373565962,EVAE|S2|geobg|0|W00_C6|1337|5,"single_noguide, single_guide, dual_noguide, EVAE",f0_W00_C6_s1337_d05.csv
S2,0,W00_C6,1337,6,1344133552,EVAE|S2|geobg|0|W00_C6|1337|6,"single_noguide, single_guide, dual_noguide, EVAE",f0_W00_C6_s1337_d06.csv
S2,0,W00_C6,1337,7,656075046,EVAE|S2|geobg|0|W00_C6|1337|7,"single_noguide, single_guide, dual_noguide, EVAE",f0_W00_C6_s1337_d07.csv
S2,0,W00_C6,20260903,0,462542533,EVAE|S2|geobg|0|W00_C6|20260903|0,"single_noguide, single_guide, dual_noguide, EVAE",f0_W00_C6_s20260903_d00.csv
S2,0,W00_C6,20260903,1,1821828691,EVAE|S2|geobg|0|W00_C6|20260903|1,"single_noguide, single_guide, dual_noguide, EVAE",f0_W00_C6_s20260903_d01.csv
S2,0,W00_C6,20260903,2,4120885225,EVAE|S2|geobg|0|W00_C6|20260903|2,"single_noguide, single_guide, dual_noguide, EVAE",f0_W00_C6_s20260903_d02.csv
S2,0,W00_C6,20260903,3,2191034239,EVAE|S2|geobg|0|W00_C6|20260903|3,"single_noguide, single_guide, dual_noguide, EVAE",f0_W00_C6_s20260903_d03.csv
S2,0,W00_C6,20260903,4,486281948,EVAE|S2|geobg|0|W00_C6|20260903|4,"single_noguide, single_guide, dual_noguide, EVAE",f0_W00_C6_s20260903_d04.csv
S2,0,W00_C6,20260903,5,1811620426,EVAE|S2|geobg|0|W00_C6|20260903|5,"single_noguide, single_guide, dual_noguide, EVAE",f0_W00_C6_s20260903_d05.csv
S2,0,W00_C6,20260903,6,4075975664,EVAE|S2|geobg|0|W00_C6|20260903|6,"single_noguide, single_guide, dual_noguide, EVAE",f0_W00_C6_s20260903_d06.csv
S2,0,W00_C6,20260903,7,2247443302,EVAE|S2|geobg|0|W00_C6|20260903|7,"single_noguide, single_guide, dual_noguide, EVAE",f0_W00_C6_s20260903_d07.csv
S2,0,W00_C6,7,0,2802213464,EVAE|S2|geobg|0|W00_C6|7|0,"single_noguide, single_guide, dual_noguide, EVAE",f0_W00_C6_s7_d00.csv
S2,0,W00_C6,7,1,3489747662,EVAE|S2|geobg|0|W00_C6|7|1,"single_noguide, single_guide, dual_noguide, EVAE",f0_W00_C6_s7_d01.csv
S2,0,W00_C6,7,2,1225261940,EVAE|S2|geobg|0|W00_C6|7|2,"single_noguide, single_guide, dual_noguide, EVAE",f0_W00_C6_s7_d02.csv
S2,0,W00_C6,7,3,1041183714,EVAE|S2|geobg|0|W00_C6|7|3,"single_noguide, single_guide, dual_noguide, EVAE",f0_W00_C6_s7_d03.csv
S2,0,W00_C6,7,4,2691409473,EVAE|S2|geobg|0|W00_C6|7|4,"single_noguide, single_guide, dual_noguide, EVAE",f0_W00_C6_s7_d04.csv
S2,0,W00_C6,7,5,3614217943,EVAE|S2|geobg|0|W00_C6|7|5,"single_noguide, single_guide, dual_noguide, EVAE",f0_W00_C6_s7_d05.csv
S2,0,W00_C6,7,6,1315293037,EVAE|S2|geobg|0|W00_C6|7|6,"single_noguide, single_guide, dual_noguide, EVAE",f0_W00_C6_s7_d06.csv
S2,0,W00_C6,7,7,962787323,EVAE|S2|geobg|0|W00_C6|7|7,"single_noguide, single_guide, dual_noguide, EVAE",f0_W00_C6_s7_d07.csv
S2,0,W00_C7,1337,0,1976859675,EVAE|S2|geobg|0|W00_C7|1337|0,"single_noguide, single_guide, dual_noguide, EVAE",f0_W00_C7_s1337_d00.csv
S2,0,W00_C7,1337,1,47402125,EVAE|S2|geobg|0|W00_C7|1337|1,"single_noguide, single_guide, dual_noguide, EVAE",f0_W00_C7_s1337_d01.csv
S2,0,W00_C7,1337,2,2614762807,EVAE|S2|geobg|0|W00_C7|1337|2,"single_noguide, single_guide, dual_noguide, EVAE",f0_W00_C7_s1337_d02.csv
S2,0,W00_C7,1337,3,3973918113,EVAE|S2|geobg|0|W00_C7|1337|3,"single_noguide, single_guide, dual_noguide, EVAE",f0_W00_C7_s1337_d03.csv
S2,0,W00_C7,1337,4,1924773890,EVAE|S2|geobg|0|W00_C7|1337|4,"single_noguide, single_guide, dual_noguide, EVAE",f0_W00_C7_s1337_d04.csv
S2,0,W00_C7,1337,5,96372884,EVAE|S2|geobg|0|W00_C7|1337|5,"single_noguide, single_guide, dual_noguide, EVAE",f0_W00_C7_s1337_d05.csv
S2,0,W00_C7,1337,6,2629294382,EVAE|S2|geobg|0|W00_C7|1337|6,"single_noguide, single_guide, dual_noguide, EVAE",f0_W00_C7_s1337_d06.csv
S2,0,W00_C7,1337,7,3954239928,EVAE|S2|geobg|0|W00_C7|1337|7,"single_noguide, single_guide, dual_noguide, EVAE",f0_W00_C7_s1337_d07.csv
S2,0,W00_C7,20260903,0,2150931114,EVAE|S2|geobg|0|W00_C7|20260903|0,"single_noguide, single_guide, dual_noguide, EVAE",f0_W00_C7_s20260903_d00.csv
S2,0,W00_C7,20260903,1,4147358268,EVAE|S2|geobg|0|W00_C7|20260903|1,"single_noguide, single_guide, dual_noguide, EVAE",f0_W00_C7_s20260903_d01.csv
S2,0,W00_C7,20260903,2,1849359238,EVAE|S2|geobg|0|W00_C7|20260903|2,"single_noguide, single_guide, dual_noguide, EVAE",f0_W00_C7_s20260903_d02.csv
S2,0,W00_C7,20260903,3,423480080,EVAE|S2|geobg|0|W00_C7|20260903|3,"single_noguide, single_guide, dual_noguide, EVAE",f0_W00_C7_s20260903_d03.csv
S2,0,W00_C7,20260903,4,2270781107,EVAE|S2|geobg|0|W00_C7|20260903|4,"single_noguide, single_guide, dual_noguide, EVAE",f0_W00_C7_s20260903_d04.csv
S2,0,W00_C7,20260903,5,4032720421,EVAE|S2|geobg|0|W00_C7|20260903|5,"single_noguide, single_guide, dual_noguide, EVAE",f0_W00_C7_s20260903_d05.csv
S2,0,W00_C7,20260903,6,1767325599,EVAE|S2|geobg|0|W00_C7|20260903|6,"single_noguide, single_guide, dual_noguide, EVAE",f0_W00_C7_s20260903_d06.csv
S2,0,W00_C7,20260903,7,508563209,EVAE|S2|geobg|0|W00_C7|20260903|7,"single_noguide, single_guide, dual_noguide, EVAE",f0_W00_C7_s20260903_d07.csv
S2,0,W00_C7,7,0,2590395368,EVAE|S2|geobg|0|W00_C7|7|0,"single_noguide, single_guide, dual_noguide, EVAE",f0_W00_C7_s7_d00.csv
S2,0,W00_C7,7,1,3982588798,EVAE|S2|geobg|0|W00_C7|7|1,"single_noguide, single_guide, dual_noguide, EVAE",f0_W00_C7_s7_d01.csv
S2,0,W00_C7,7,2,1952983748,EVAE|S2|geobg|0|W00_C7|7|2,"single_noguide, single_guide, dual_noguide, EVAE",f0_W00_C7_s7_d02.csv
S2,0,W00_C7,7,3,57612882,EVAE|S2|geobg|0|W00_C7|7|3,"single_noguide, single_guide, dual_noguide, EVAE",f0_W00_C7_s7_d03.csv
S2,0,W00_C7,7,4,2634780657,EVAE|S2|geobg|0|W00_C7|7|4,"single_noguide, single_guide, dual_noguide, EVAE",f0_W00_C7_s7_d04.csv
S2,0,W00_C7,7,5,3926703975,EVAE|S2|geobg|0|W00_C7|7|5,"single_noguide, single_guide, dual_noguide, EVAE",f0_W00_C7_s7_d05.csv
S2,0,W00_C7,7,6,1929768669,EVAE|S2|geobg|0|W00_C7|7|6,"single_noguide, single_guide, dual_noguide, EVAE",f0_W00_C7_s7_d06.csv
S2,0,W00_C7,7,7,67296843,EVAE|S2|geobg|0|W00_C7|7|7,"single_noguide, single_guide, dual_noguide, EVAE",f0_W00_C7_s7_d07.csv
S2,0,W00_C8,1337,0,2901700279,EVAE|S2|geobg|0|W00_C8|1337|0,"single_noguide, single_guide, dual_noguide, EVAE",f0_W00_C8_s1337_d00.csv
S2,0,W00_C8,1337,1,3690159649,EVAE|S2|geobg|0|W00_C8|1337|1,"single_noguide, single_guide, dual_noguide, EVAE",f0_W00_C8_s1337_d01.csv
S2,0,W00_C8,1337,2,1123684251,EVAE|S2|geobg|0|W00_C8|1337|2,"single_noguide, single_guide, dual_noguide, EVAE",f0_W00_C8_s1337_d02.csv
S2,0,W00_C8,1337,3,905789197,EVAE|S2|geobg|0|W00_C8|1337|3,"single_noguide, single_guide, dual_noguide, EVAE",f0_W00_C8_s1337_d03.csv
S2,0,W00_C8,1337,4,2878974638,EVAE|S2|geobg|0|W00_C8|1337|4,"single_noguide, single_guide, dual_noguide, EVAE",f0_W00_C8_s1337_d04.csv
S2,0,W00_C8,1337,5,3701381688,EVAE|S2|geobg|0|W00_C8|1337|5,"single_noguide, single_guide, dual_noguide, EVAE",f0_W00_C8_s1337_d05.csv
S2,0,W00_C8,1337,6,1167575938,EVAE|S2|geobg|0|W00_C8|1337|6,"single_noguide, single_guide, dual_noguide, EVAE",f0_W00_C8_s1337_d06.csv
S2,0,W00_C8,1337,7,848362260,EVAE|S2|geobg|0|W00_C8|1337|7,"single_noguide, single_guide, dual_noguide, EVAE",f0_W00_C8_s1337_d07.csv
S2,0,W00_C8,20260903,0,4070573531,EVAE|S2|geobg|0|W00_C8|20260903|0,"single_noguide, single_guide, dual_noguide, EVAE",f0_W00_C8_s20260903_d00.csv
S2,0,W00_C8,20260903,1,2242327885,EVAE|S2|geobg|0|W00_C8|20260903|1,"single_noguide, single_guide, dual_noguide, EVAE",f0_W00_C8_s20260903_d01.csv
S2,0,W00_C8,20260903,2,481191159,EVAE|S2|geobg|0|W00_C8|20260903|2,"single_noguide, single_guide, dual_noguide, EVAE",f0_W00_C8_s20260903_d02.csv
S2,0,W00_C8,20260903,3,1806259297,EVAE|S2|geobg|0|W00_C8|20260903|3,"single_noguide, single_guide, dual_noguide, EVAE",f0_W00_C8_s20260903_d03.csv
S2,0,W00_C8,20260903,4,4123902402,EVAE|S2|geobg|0|W00_C8|20260903|4,"single_noguide, single_guide, dual_noguide, EVAE",f0_W00_C8_s20260903_d04.csv
S2,0,W00_C8,20260903,5,2194338132,EVAE|S2|geobg|0|W00_C8|20260903|5,"single_noguide, single_guide, dual_noguide, EVAE",f0_W00_C8_s20260903_d05.csv
S2,0,W00_C8,20260903,6,465805550,EVAE|S2|geobg|0|W00_C8|20260903|6,"single_noguide, single_guide, dual_noguide, EVAE",f0_W00_C8_s20260903_d06.csv
S2,0,W00_C8,20260903,7,1824821368,EVAE|S2|geobg|0|W00_C8|20260903|7,"single_noguide, single_guide, dual_noguide, EVAE",f0_W00_C8_s20260903_d07.csv
S2,0,W00_C8,7,0,406248505,EVAE|S2|geobg|0|W00_C8|7|0,"single_noguide, single_guide, dual_noguide, EVAE",f0_W00_C8_s7_d00.csv
S2,0,W00_C8,7,1,1865542831,EVAE|S2|geobg|0|W00_C8|7|1,"single_noguide, single_guide, dual_noguide, EVAE",f0_W00_C8_s7_d01.csv
S2,0,W00_C8,7,2,4130913557,EVAE|S2|geobg|0|W00_C8|7|2,"single_noguide, single_guide, dual_noguide, EVAE",f0_W00_C8_s7_d02.csv
S2,0,W00_C8,7,3,2168425859,EVAE|S2|geobg|0|W00_C8|7|3,"single_noguide, single_guide, dual_noguide, EVAE",f0_W00_C8_s7_d03.csv
S2,0,W00_C8,7,4,526063648,EVAE|S2|geobg|0|W00_C8|7|4,"single_noguide, single_guide, dual_noguide, EVAE",f0_W00_C8_s7_d04.csv
S2,0,W00_C8,7,5,1750870198,EVAE|S2|geobg|0|W00_C8|7|5,"single_noguide, single_guide, dual_noguide, EVAE",f0_W00_C8_s7_d05.csv
S2,0,W00_C8,7,6,4048910604,EVAE|S2|geobg|0|W00_C8|7|6,"single_noguide, single_guide, dual_noguide, EVAE",f0_W00_C8_s7_d06.csv
S2,0,W00_C8,7,7,2253539738,EVAE|S2|geobg|0|W00_C8|7|7,"single_noguide, single_guide, dual_noguide, EVAE",f0_W00_C8_s7_d07.csv
S2,1,W01_C1,1337,0,3419304372,EVAE|S2|geobg|1|W01_C1|1337|0,"single_noguide, single_guide, dual_noguide, EVAE",f1_W01_C1_s1337_d00.csv
S2,1,W01_C1,1337,1,3167306018,EVAE|S2|geobg|1|W01_C1|1337|1,"single_noguide, single_guide, dual_noguide, EVAE",f1_W01_C1_s1337_d01.csv
S2,1,W01_C1,1337,2,633344152,EVAE|S2|geobg|1|W01_C1|1337|2,"single_noguide, single_guide, dual_noguide, EVAE",f1_W01_C1_s1337_d02.csv
S2,1,W01_C1,1337,3,1388781582,EVAE|S2|geobg|1|W01_C1|1337|3,"single_noguide, single_guide, dual_noguide, EVAE",f1_W01_C1_s1337_d03.csv
S2,1,W01_C1,1337,4,3433280941,EVAE|S2|geobg|1|W01_C1|1337|4,"single_noguide, single_guide, dual_noguide, EVAE",f1_W01_C1_s1337_d04.csv
S2,1,W01_C1,1337,5,3148121403,EVAE|S2|geobg|1|W01_C1|1337|5,"single_noguide, single_guide, dual_noguide, EVAE",f1_W01_C1_s1337_d05.csv
S2,1,W01_C1,1337,6,581817473,EVAE|S2|geobg|1|W01_C1|1337|6,"single_noguide, single_guide, dual_noguide, EVAE",f1_W01_C1_s1337_d06.csv
S2,1,W01_C1,1337,7,1437262871,EVAE|S2|geobg|1|W01_C1|1337|7,"single_noguide, single_guide, dual_noguide, EVAE",f1_W01_C1_s1337_d07.csv
S2,1,W01_C1,20260903,0,17851642,EVAE|S2|geobg|1|W01_C1|20260903|0,"single_noguide, single_guide, dual_noguide, EVAE",f1_W01_C1_s20260903_d00.csv
S2,1,W01_C1,20260903,1,1981240428,EVAE|S2|geobg|1|W01_C1|20260903|1,"single_noguide, single_guide, dual_noguide, EVAE",f1_W01_C1_s20260903_d01.csv
S2,1,W01_C1,20260903,2,4011722198,EVAE|S2|geobg|1|W01_C1|20260903|2,"single_noguide, single_guide, dual_noguide, EVAE",f1_W01_C1_s20260903_d02.csv
S2,1,W01_C1,20260903,3,2551788864,EVAE|S2|geobg|1|W01_C1|20260903|3,"single_noguide, single_guide, dual_noguide, EVAE",f1_W01_C1_s20260903_d03.csv
S2,1,W01_C1,20260903,4,108896483,EVAE|S2|geobg|1|W01_C1|20260903|4,"single_noguide, single_guide, dual_noguide, EVAE",f1_W01_C1_s20260903_d04.csv
S2,1,W01_C1,20260903,5,1903857781,EVAE|S2|geobg|1|W01_C1|20260903|5,"single_noguide, single_guide, dual_noguide, EVAE",f1_W01_C1_s20260903_d05.csv
S2,1,W01_C1,20260903,6,3899900367,EVAE|S2|geobg|1|W01_C1|20260903|6,"single_noguide, single_guide, dual_noguide, EVAE",f1_W01_C1_s20260903_d06.csv
S2,1,W01_C1,20260903,7,2675241305,EVAE|S2|geobg|1|W01_C1|20260903|7,"single_noguide, single_guide, dual_noguide, EVAE",f1_W01_C1_s20260903_d07.csv
S2,1,W01_C1,7,0,1110045369,EVAE|S2|geobg|1|W01_C1|7|0,"single_noguide, single_guide, dual_noguide, EVAE",f1_W01_C1_s7_d00.csv
S2,1,W01_C1,7,1,892256815,EVAE|S2|geobg|1|W01_C1|7|1,"single_noguide, single_guide, dual_noguide, EVAE",f1_W01_C1_s7_d01.csv
S2,1,W01_C1,7,2,2888274837,EVAE|S2|geobg|1|W01_C1|7|2,"single_noguide, single_guide, dual_noguide, EVAE",f1_W01_C1_s7_d02.csv
S2,1,W01_C1,7,3,3676349187,EVAE|S2|geobg|1|W01_C1|7|3,"single_noguide, single_guide, dual_noguide, EVAE",f1_W01_C1_s7_d03.csv
S2,1,W01_C1,7,4,1162098336,EVAE|S2|geobg|1|W01_C1|7|4,"single_noguide, single_guide, dual_noguide, EVAE",f1_W01_C1_s7_d04.csv
S2,1,W01_C1,7,5,843253302,EVAE|S2|geobg|1|W01_C1|7|5,"single_noguide, single_guide, dual_noguide, EVAE",f1_W01_C1_s7_d05.csv
S2,1,W01_C1,7,6,2873776012,EVAE|S2|geobg|1|W01_C1|7|6,"single_noguide, single_guide, dual_noguide, EVAE",f1_W01_C1_s7_d06.csv
S2,1,W01_C1,7,7,3696060186,EVAE|S2|geobg|1|W01_C1|7|7,"single_noguide, single_guide, dual_noguide, EVAE",f1_W01_C1_s7_d07.csv
S2,1,W01_C2,1337,0,1161918039,EVAE|S2|geobg|1|W01_C2|1337|0,"single_noguide, single_guide, dual_noguide, EVAE",f1_W01_C2_s1337_d00.csv
S2,1,W01_C2,1337,1,843466433,EVAE|S2|geobg|1|W01_C2|1337|1,"single_noguide, single_guide, dual_noguide, EVAE",f1_W01_C2_s1337_d01.csv
S2,1,W01_C2,1337,2,2874087291,EVAE|S2|geobg|1|W01_C2|1337|2,"single_noguide, single_guide, dual_noguide, EVAE",f1_W01_C2_s1337_d02.csv
S2,1,W01_C2,1337,3,3695716333,EVAE|S2|geobg|1|W01_C2|1337|3,"single_noguide, single_guide, dual_noguide, EVAE",f1_W01_C2_s1337_d03.csv
S2,1,W01_C2,1337,4,1110225486,EVAE|S2|geobg|1|W01_C2|1337|4,"single_noguide, single_guide, dual_noguide, EVAE",f1_W01_C2_s1337_d04.csv
S2,1,W01_C2,1337,5,892043992,EVAE|S2|geobg|1|W01_C2|1337|5,"single_noguide, single_guide, dual_noguide, EVAE",f1_W01_C2_s1337_d05.csv
S2,1,W01_C2,1337,6,2887963490,EVAE|S2|geobg|1|W01_C2|1337|6,"single_noguide, single_guide, dual_noguide, EVAE",f1_W01_C2_s1337_d06.csv
S2,1,W01_C2,1337,7,3676693492,EVAE|S2|geobg|1|W01_C2|1337|7,"single_noguide, single_guide, dual_noguide, EVAE",f1_W01_C2_s1337_d07.csv
S2,1,W01_C2,20260903,0,1989064202,EVAE|S2|geobg|1|W01_C2|20260903|0,"single_noguide, single_guide, dual_noguide, EVAE",f1_W01_C2_s20260903_d00.csv
S2,1,W01_C2,20260903,1,25790108,EVAE|S2|geobg|1|W01_C2|20260903|1,"single_noguide, single_guide, dual_noguide, EVAE",f1_W01_C2_s20260903_d01.csv
S2,1,W01_C2,20260903,2,2558580518,EVAE|S2|geobg|1|W01_C2|20260903|2,"single_noguide, single_guide, dual_noguide, EVAE",f1_W01_C2_s20260903_d02.csv
S2,1,W01_C2,20260903,3,4018661296,EVAE|S2|geobg|1|W01_C2|20260903|3,"single_noguide, single_guide, dual_noguide, EVAE",f1_W01_C2_s20260903_d03.csv
S2,1,W01_C2,20260903,4,1910731283,EVAE|S2|geobg|1|W01_C2|20260903|4,"single_noguide, single_guide, dual_noguide, EVAE",f1_W01_C2_s20260903_d04.csv
S2,1,W01_C2,20260903,5,115622533,EVAE|S2|geobg|1|W01_C2|20260903|5,"single_noguide, single_guide, dual_noguide, EVAE",f1_W01_C2_s20260903_d05.csv
S2,1,W01_C2,20260903,6,2683114303,EVAE|S2|geobg|1|W01_C2|20260903|6,"single_noguide, single_guide, dual_noguide, EVAE",f1_W01_C2_s20260903_d06.csv
S2,1,W01_C2,20260903,7,3907658665,EVAE|S2|geobg|1|W01_C2|20260903|7,"single_noguide, single_guide, dual_noguide, EVAE",f1_W01_C2_s20260903_d07.csv
S2,1,W01_C2,7,0,92899433,EVAE|S2|geobg|1|W01_C2|7|0,"single_noguide, single_guide, dual_noguide, EVAE",f1_W01_C2_s7_d00.csv
S2,1,W01_C2,7,1,1921956095,EVAE|S2|geobg|1|W01_C2|7|1,"single_noguide, single_guide, dual_noguide, EVAE",f1_W01_C2_s7_d01.csv
S2,1,W01_C2,7,2,3951552837,EVAE|S2|geobg|1|W01_C2|7|2,"single_noguide, single_guide, dual_noguide, EVAE",f1_W01_C2_s7_d02.csv
S2,1,W01_C2,7,3,2625690067,EVAE|S2|geobg|1|W01_C2|7|3,"single_noguide, single_guide, dual_noguide, EVAE",f1_W01_C2_s7_d03.csv
S2,1,W01_C2,7,4,48516208,EVAE|S2|geobg|1|W01_C2|7|4,"single_noguide, single_guide, dual_noguide, EVAE",f1_W01_C2_s7_d04.csv
S2,1,W01_C2,7,5,1977842918,EVAE|S2|geobg|1|W01_C2|7|5,"single_noguide, single_guide, dual_noguide, EVAE",f1_W01_C2_s7_d05.csv
S2,1,W01_C2,7,6,3974770012,EVAE|S2|geobg|1|W01_C2|7|6,"single_noguide, single_guide, dual_noguide, EVAE",f1_W01_C2_s7_d06.csv
S2,1,W01_C2,7,7,2616008138,EVAE|S2|geobg|1|W01_C2|7|7,"single_noguide, single_guide, dual_noguide, EVAE",f1_W01_C2_s7_d07.csv
S2,1,W01_C3,1337,0,2313909961,EVAE|S2|geobg|1|W01_C3|1337|0,"single_noguide, single_guide, dual_noguide, EVAE",f1_W01_C3_s1337_d00.csv
S2,1,W01_C3,1337,1,4276897375,EVAE|S2|geobg|1|W01_C3|1337|1,"single_noguide, single_guide, dual_noguide, EVAE",f1_W01_C3_s1337_d01.csv
S2,1,W01_C3,1337,2,1743067109,EVAE|S2|geobg|1|W01_C3|1337|2,"single_noguide, single_guide, dual_noguide, EVAE",f1_W01_C3_s1337_d02.csv
S2,1,W01_C3,1337,3,283256691,EVAE|S2|geobg|1|W01_C3|1337|3,"single_noguide, single_guide, dual_noguide, EVAE",f1_W01_C3_s1337_d03.csv
S2,1,W01_C3,1337,4,2391192272,EVAE|S2|geobg|1|W01_C3|1337|4,"single_noguide, single_guide, dual_noguide, EVAE",f1_W01_C3_s1337_d04.csv
S2,1,W01_C3,1337,5,4186014278,EVAE|S2|geobg|1|W01_C3|1337|5,"single_noguide, single_guide, dual_noguide, EVAE",f1_W01_C3_s1337_d05.csv
S2,1,W01_C3,1337,6,1619579900,EVAE|S2|geobg|1|W01_C3|1337|6,"single_noguide, single_guide, dual_noguide, EVAE",f1_W01_C3_s1337_d06.csv
S2,1,W01_C3,1337,7,395305834,EVAE|S2|geobg|1|W01_C3|1337|7,"single_noguide, single_guide, dual_noguide, EVAE",f1_W01_C3_s1337_d07.csv
S2,1,W01_C3,20260903,0,3979082341,EVAE|S2|geobg|1|W01_C3|20260903|0,"single_noguide, single_guide, dual_noguide, EVAE",f1_W01_C3_s20260903_d00.csv
S2,1,W01_C3,20260903,1,2586626803,EVAE|S2|geobg|1|W01_C3|20260903|1,"single_noguide, single_guide, dual_noguide, EVAE",f1_W01_C3_s20260903_d01.csv
S2,1,W01_C3,20260903,2,52796233,EVAE|S2|geobg|1|W01_C3|20260903|2,"single_noguide, single_guide, dual_noguide, EVAE",f1_W01_C3_s20260903_d02.csv
S2,1,W01_C3,20260903,3,1948429279,EVAE|S2|geobg|1|W01_C3|20260903|3,"single_noguide, single_guide, dual_noguide, EVAE",f1_W01_C3_s20260903_d03.csv
S2,1,W01_C3,20260903,4,3930472060,EVAE|S2|geobg|1|W01_C3|20260903|4,"single_noguide, single_guide, dual_noguide, EVAE",f1_W01_C3_s20260903_d04.csv
S2,1,W01_C3,20260903,5,2638286570,EVAE|S2|geobg|1|W01_C3|20260903|5,"single_noguide, single_guide, dual_noguide, EVAE",f1_W01_C3_s20260903_d05.csv
S2,1,W01_C3,20260903,6,71851856,EVAE|S2|geobg|1|W01_C3|20260903|6,"single_noguide, single_guide, dual_noguide, EVAE",f1_W01_C3_s20260903_d06.csv
S2,1,W01_C3,20260903,7,1934585798,EVAE|S2|geobg|1|W01_C3|20260903|7,"single_noguide, single_guide, dual_noguide, EVAE",f1_W01_C3_s20260903_d07.csv
S2,1,W01_C3,7,0,954835417,EVAE|S2|geobg|1|W01_C3|7|0,"single_noguide, single_guide, dual_noguide, EVAE",f1_W01_C3_s7_d00.csv
S2,1,W01_C3,7,1,1341034831,EVAE|S2|geobg|1|W01_C3|7|1,"single_noguide, single_guide, dual_noguide, EVAE",f1_W01_C3_s7_d01.csv
S2,1,W01_C3,7,2,3605512437,EVAE|S2|geobg|1|W01_C3|7|2,"single_noguide, single_guide, dual_noguide, EVAE",f1_W01_C3_s7_d02.csv
S2,1,W01_C3,7,3,2715873379,EVAE|S2|geobg|1|W01_C3|7|3,"single_noguide, single_guide, dual_noguide, EVAE",f1_W01_C3_s7_d03.csv
S2,1,W01_C3,7,4,1065641408,EVAE|S2|geobg|1|W01_C3|7|4,"single_noguide, single_guide, dual_noguide, EVAE",f1_W01_C3_s7_d04.csv
S2,1,W01_C3,7,5,1216566614,EVAE|S2|geobg|1|W01_C3|7|5,"single_noguide, single_guide, dual_noguide, EVAE",f1_W01_C3_s7_d05.csv
S2,1,W01_C3,7,6,3515483372,EVAE|S2|geobg|1|W01_C3|7|6,"single_noguide, single_guide, dual_noguide, EVAE",f1_W01_C3_s7_d06.csv
S2,1,W01_C3,7,7,2794271866,EVAE|S2|geobg|1|W01_C3|7|7,"single_noguide, single_guide, dual_noguide, EVAE",f1_W01_C3_s7_d07.csv
S2,1,W01_C4,1337,0,2200862672,EVAE|S2|geobg|1|W01_C4|1337|0,"single_noguide, single_guide, dual_noguide, EVAE",f1_W01_C4_s1337_d00.csv
S2,1,W01_C4,1337,1,4096347974,EVAE|S2|geobg|1|W01_C4|1337|1,"single_noguide, single_guide, dual_noguide, EVAE",f1_W01_C4_s1337_d01.csv
S2,1,W01_C4,1337,2,1830821628,EVAE|S2|geobg|1|W01_C4|1337|2,"single_noguide, single_guide, dual_noguide, EVAE",f1_W01_C4_s1337_d02.csv
S2,1,W01_C4,1337,3,438775402,EVAE|S2|geobg|1|W01_C4|1337|3,"single_noguide, single_guide, dual_noguide, EVAE",f1_W01_C4_s1337_d03.csv
S2,1,W01_C4,1337,4,2219031497,EVAE|S2|geobg|1|W01_C4|1337|4,"single_noguide, single_guide, dual_noguide, EVAE",f1_W01_C4_s1337_d04.csv
S2,1,W01_C4,1337,5,4081355615,EVAE|S2|geobg|1|W01_C4|1337|5,"single_noguide, single_guide, dual_noguide, EVAE",f1_W01_C4_s1337_d05.csv
S2,1,W01_C4,1337,6,1783487205,EVAE|S2|geobg|1|W01_C4|1337|6,"single_noguide, single_guide, dual_noguide, EVAE",f1_W01_C4_s1337_d06.csv
S2,1,W01_C4,1337,7,491448947,EVAE|S2|geobg|1|W01_C4|1337|7,"single_noguide, single_guide, dual_noguide, EVAE",f1_W01_C4_s1337_d07.csv
S2,1,W01_C4,20260903,0,2578650090,EVAE|S2|geobg|1|W01_C4|20260903|0,"single_noguide, single_guide, dual_noguide, EVAE",f1_W01_C4_s20260903_d00.csv
S2,1,W01_C4,20260903,1,4004782972,EVAE|S2|geobg|1|W01_C4|20260903|1,"single_noguide, single_guide, dual_noguide, EVAE",f1_W01_C4_s20260903_d01.csv
S2,1,W01_C4,20260903,2,2008904390,EVAE|S2|geobg|1|W01_C4|20260903|2,"single_noguide, single_guide, dual_noguide, EVAE",f1_W01_C4_s20260903_d02.csv
S2,1,W01_C4,20260903,3,12206672,EVAE|S2|geobg|1|W01_C4|20260903|3,"single_noguide, single_guide, dual_noguide, EVAE",f1_W01_C4_s20260903_d03.csv
S2,1,W01_C4,20260903,4,2665404403,EVAE|S2|geobg|1|W01_C4|20260903|4,"single_noguide, single_guide, dual_noguide, EVAE",f1_W01_C4_s20260903_d04.csv
S2,1,W01_C4,20260903,5,3923371877,EVAE|S2|geobg|1|W01_C4|20260903|5,"single_noguide, single_guide, dual_noguide, EVAE",f1_W01_C4_s20260903_d05.csv
S2,1,W01_C4,20260903,6,1892726495,EVAE|S2|geobg|1|W01_C4|20260903|6,"single_noguide, single_guide, dual_noguide, EVAE",f1_W01_C4_s20260903_d06.csv
S2,1,W01_C4,20260903,7,131565129,EVAE|S2|geobg|1|W01_C4|20260903|7,"single_noguide, single_guide, dual_noguide, EVAE",f1_W01_C4_s20260903_d07.csv
S2,1,W01_C4,7,0,2328460745,EVAE|S2|geobg|1|W01_C4|7|0,"single_noguide, single_guide, dual_noguide, EVAE",f1_W01_C4_s7_d00.csv
S2,1,W01_C4,7,1,4258155871,EVAE|S2|geobg|1|W01_C4|7|1,"single_noguide, single_guide, dual_noguide, EVAE",f1_W01_C4_s7_d01.csv
S2,1,W01_C4,7,2,1690770661,EVAE|S2|geobg|1|W01_C4|7|2,"single_noguide, single_guide, dual_noguide, EVAE",f1_W01_C4_s7_d02.csv
S2,1,W01_C4,7,3,331361395,EVAE|S2|geobg|1|W01_C4|7|3,"single_noguide, single_guide, dual_noguide, EVAE",f1_W01_C4_s7_d03.csv
S2,1,W01_C4,7,4,2376382928,EVAE|S2|geobg|1|W01_C4|7|4,"single_noguide, single_guide, dual_noguide, EVAE",f1_W01_C4_s7_d04.csv
S2,1,W01_C4,7,5,4205021510,EVAE|S2|geobg|1|W01_C4|7|5,"single_noguide, single_guide, dual_noguide, EVAE",f1_W01_C4_s7_d05.csv
S2,1,W01_C4,7,6,1672141052,EVAE|S2|geobg|1|W01_C4|7|6,"single_noguide, single_guide, dual_noguide, EVAE",f1_W01_C4_s7_d06.csv
S2,1,W01_C4,7,7,346941546,EVAE|S2|geobg|1|W01_C4|7|7,"single_noguide, single_guide, dual_noguide, EVAE",f1_W01_C4_s7_d07.csv
S2,2,W02_C1,1337,0,1129414092,EVAE|S2|geobg|2|W02_C1|1337|0,"single_noguide, single_guide, dual_noguide, EVAE",f2_W02_C1_s1337_d00.csv
S2,2,W02_C1,1337,1,878071130,EVAE|S2|geobg|2|W02_C1|1337|1,"single_noguide, single_guide, dual_noguide, EVAE",f2_W02_C1_s1337_d01.csv
S2,2,W02_C1,1337,2,2908691680,EVAE|S2|geobg|2|W02_C1|1337|2,"single_noguide, single_guide, dual_noguide, EVAE",f2_W02_C1_s1337_d02.csv
S2,2,W02_C1,1337,3,3663211638,EVAE|S2|geobg|2|W02_C1|1337|3,"single_noguide, single_guide, dual_noguide, EVAE",f2_W02_C1_s1337_d03.csv
S2,2,W02_C1,1337,4,1144830421,EVAE|S2|geobg|2|W02_C1|1337|4,"single_noguide, single_guide, dual_noguide, EVAE",f2_W02_C1_s1337_d04.csv
S2,2,W02_C1,1337,5,859539779,EVAE|S2|geobg|2|W02_C1|1337|5,"single_noguide, single_guide, dual_noguide, EVAE",f2_W02_C1_s1337_d05.csv
S2,2,W02_C1,1337,6,2855459065,EVAE|S2|geobg|2|W02_C1|1337|6,"single_noguide, single_guide, dual_noguide, EVAE",f2_W02_C1_s1337_d06.csv
S2,2,W02_C1,1337,7,3711297647,EVAE|S2|geobg|2|W02_C1|1337|7,"single_noguide, single_guide, dual_noguide, EVAE",f2_W02_C1_s1337_d07.csv
S2,2,W02_C1,20260903,0,3007023146,EVAE|S2|geobg|2|W02_C1|20260903|0,"single_noguide, single_guide, dual_noguide, EVAE",f2_W02_C1_s20260903_d00.csv
S2,2,W02_C1,20260903,1,3292313788,EVAE|S2|geobg|2|W02_C1|20260903|1,"single_noguide, single_guide, dual_noguide, EVAE",f2_W02_C1_s20260903_d01.csv
S2,2,W02_C1,20260903,2,1563814150,EVAE|S2|geobg|2|W02_C1|20260903|2,"single_noguide, single_guide, dual_noguide, EVAE",f2_W02_C1_s20260903_d02.csv
S2,2,W02_C1,20260903,3,707975568,EVAE|S2|geobg|2|W02_C1|20260903|3,"single_noguide, single_guide, dual_noguide, EVAE",f2_W02_C1_s20260903_d03.csv
S2,2,W02_C1,20260903,4,3025554483,EVAE|S2|geobg|2|W02_C1|20260903|4,"single_noguide, single_guide, dual_noguide, EVAE",f2_W02_C1_s20260903_d04.csv
S2,2,W02_C1,20260903,5,3276897445,EVAE|S2|geobg|2|W02_C1|20260903|5,"single_noguide, single_guide, dual_noguide, EVAE",f2_W02_C1_s20260903_d05.csv
S2,2,W02_C1,20260903,6,1515728159,EVAE|S2|geobg|2|W02_C1|20260903|6,"single_noguide, single_guide, dual_noguide, EVAE",f2_W02_C1_s20260903_d06.csv
S2,2,W02_C1,20260903,7,761208201,EVAE|S2|geobg|2|W02_C1|20260903|7,"single_noguide, single_guide, dual_noguide, EVAE",f2_W02_C1_s20260903_d07.csv
S2,2,W02_C1,7,0,3141019562,EVAE|S2|geobg|2|W02_C1|7|0,"single_noguide, single_guide, dual_noguide, EVAE",f2_W02_C1_s7_d00.csv
S2,2,W02_C1,7,1,3426686780,EVAE|S2|geobg|2|W02_C1|7|1,"single_noguide, single_guide, dual_noguide, EVAE",f2_W02_C1_s7_d01.csv
S2,2,W02_C1,7,2,1429620358,EVAE|S2|geobg|2|W02_C1|7|2,"single_noguide, single_guide, dual_noguide, EVAE",f2_W02_C1_s7_d02.csv
S2,2,W02_C1,7,3,573666832,EVAE|S2|geobg|2|W02_C1|7|3,"single_noguide, single_guide, dual_noguide, EVAE",f2_W02_C1_s7_d03.csv
S2,2,W02_C1,7,4,3159745459,EVAE|S2|geobg|2|W02_C1|7|4,"single_noguide, single_guide, dual_noguide, EVAE",f2_W02_C1_s7_d04.csv
S2,2,W02_C1,7,5,3411202853,EVAE|S2|geobg|2|W02_C1|7|5,"single_noguide, single_guide, dual_noguide, EVAE",f2_W02_C1_s7_d05.csv
S2,2,W02_C1,7,6,1381728927,EVAE|S2|geobg|2|W02_C1|7|6,"single_noguide, single_guide, dual_noguide, EVAE",f2_W02_C1_s7_d06.csv
S2,2,W02_C1,7,7,626831881,EVAE|S2|geobg|2|W02_C1|7|7,"single_noguide, single_guide, dual_noguide, EVAE",f2_W02_C1_s7_d07.csv
S2,2,W02_C2,1337,0,3453909551,EVAE|S2|geobg|2|W02_C2|1337|0,"single_noguide, single_guide, dual_noguide, EVAE",f2_W02_C2_s1337_d00.csv
S2,2,W02_C2,1337,1,3134802617,EVAE|S2|geobg|2|W02_C2|1337|1,"single_noguide, single_guide, dual_noguide, EVAE",f2_W02_C2_s1337_d01.csv
S2,2,W02_C2,1337,2,600840963,EVAE|S2|geobg|2|W02_C2|1337|2,"single_noguide, single_guide, dual_noguide, EVAE",f2_W02_C2_s1337_d02.csv
S2,2,W02_C2,1337,3,1423387541,EVAE|S2|geobg|2|W02_C2|1337|3,"single_noguide, single_guide, dual_noguide, EVAE",f2_W02_C2_s1337_d03.csv
S2,2,W02_C2,1337,4,3400777270,EVAE|S2|geobg|2|W02_C2|1337|4,"single_noguide, single_guide, dual_noguide, EVAE",f2_W02_C2_s1337_d04.csv
S2,2,W02_C2,1337,5,3182726816,EVAE|S2|geobg|2|W02_C2|1337|5,"single_noguide, single_guide, dual_noguide, EVAE",f2_W02_C2_s1337_d05.csv
S2,2,W02_C2,1337,6,616423194,EVAE|S2|geobg|2|W02_C2|1337|6,"single_noguide, single_guide, dual_noguide, EVAE",f2_W02_C2_s1337_d06.csv
S2,2,W02_C2,1337,7,1404759948,EVAE|S2|geobg|2|W02_C2|1337|7,"single_noguide, single_guide, dual_noguide, EVAE",f2_W02_C2_s1337_d07.csv
S2,2,W02_C2,20260903,0,3299171034,EVAE|S2|geobg|2|W02_C2|20260903|0,"single_noguide, single_guide, dual_noguide, EVAE",f2_W02_C2_s20260903_d00.csv
S2,2,W02_C2,20260903,1,3013765708,EVAE|S2|geobg|2|W02_C2|20260903|1,"single_noguide, single_guide, dual_noguide, EVAE",f2_W02_C2_s20260903_d01.csv
S2,2,W02_C2,20260903,2,715865078,EVAE|S2|geobg|2|W02_C2|20260903|2,"single_noguide, single_guide, dual_noguide, EVAE",f2_W02_C2_s20260903_d02.csv
S2,2,W02_C2,20260903,3,1571556192,EVAE|S2|geobg|2|W02_C2|20260903|3,"single_noguide, single_guide, dual_noguide, EVAE",f2_W02_C2_s20260903_d03.csv
S2,2,W02_C2,20260903,4,3284704963,EVAE|S2|geobg|2|W02_C2|20260903|4,"single_noguide, single_guide, dual_noguide, EVAE",f2_W02_C2_s20260903_d04.csv
S2,2,W02_C2,20260903,5,3033509461,EVAE|S2|geobg|2|W02_C2|20260903|5,"single_noguide, single_guide, dual_noguide, EVAE",f2_W02_C2_s20260903_d05.csv
S2,2,W02_C2,20260903,6,768016367,EVAE|S2|geobg|2|W02_C2|20260903|6,"single_noguide, single_guide, dual_noguide, EVAE",f2_W02_C2_s20260903_d06.csv
S2,2,W02_C2,20260903,7,1522651001,EVAE|S2|geobg|2|W02_C2|20260903|7,"single_noguide, single_guide, dual_noguide, EVAE",f2_W02_C2_s20260903_d07.csv
S2,2,W02_C2,7,0,4237843834,EVAE|S2|geobg|2|W02_C2|7|0,"single_noguide, single_guide, dual_noguide, EVAE",f2_W02_C2_s7_d00.csv
S2,2,W02_C2,7,1,2342481388,EVAE|S2|geobg|2|W02_C2|7|1,"single_noguide, single_guide, dual_noguide, EVAE",f2_W02_C2_s7_d01.csv
S2,2,W02_C2,7,2,311835734,EVAE|S2|geobg|2|W02_C2|7|2,"single_noguide, single_guide, dual_noguide, EVAE",f2_W02_C2_s7_d02.csv
S2,2,W02_C2,7,3,1704004800,EVAE|S2|geobg|2|W02_C2|7|3,"single_noguide, single_guide, dual_noguide, EVAE",f2_W02_C2_s7_d03.csv
S2,2,W02_C2,7,4,4227176803,EVAE|S2|geobg|2|W02_C2|7|4,"single_noguide, single_guide, dual_noguide, EVAE",f2_W02_C2_s7_d04.csv
S2,2,W02_C2,7,5,2364713461,EVAE|S2|geobg|2|W02_C2|7|5,"single_noguide, single_guide, dual_noguide, EVAE",f2_W02_C2_s7_d05.csv
S2,2,W02_C2,7,6,368834639,EVAE|S2|geobg|2|W02_C2|7|6,"single_noguide, single_guide, dual_noguide, EVAE",f2_W02_C2_s7_d06.csv
S2,2,W02_C2,7,7,1660733657,EVAE|S2|geobg|2|W02_C2|7|7,"single_noguide, single_guide, dual_noguide, EVAE",f2_W02_C2_s7_d07.csv
S2,2,W02_C3,1337,0,24410801,EVAE|S2|geobg|2|W02_C3|1337|0,"single_noguide, single_guide, dual_noguide, EVAE",f2_W02_C3_s1337_d00.csv
S2,2,W02_C3,1337,1,1987267111,EVAE|S2|geobg|2|W02_C3|1337|1,"single_noguide, single_guide, dual_noguide, EVAE",f2_W02_C3_s1337_d01.csv
S2,2,W02_C3,1337,2,4017757085,EVAE|S2|geobg|2|W02_C3|1337|2,"single_noguide, single_guide, dual_noguide, EVAE",f2_W02_C3_s1337_d02.csv
S2,2,W02_C3,1337,3,2558339851,EVAE|S2|geobg|2|W02_C3|1337|3,"single_noguide, single_guide, dual_noguide, EVAE",f2_W02_C3_s1337_d03.csv
S2,2,W02_C3,1337,4,102350504,EVAE|S2|geobg|2|W02_C3|1337|4,"single_noguide, single_guide, dual_noguide, EVAE",f2_W02_C3_s1337_d04.csv
S2,2,W02_C3,1337,5,1897827902,EVAE|S2|geobg|2|W02_C3|1337|5,"single_noguide, single_guide, dual_noguide, EVAE",f2_W02_C3_s1337_d05.csv
S2,2,W02_C3,1337,6,3893878660,EVAE|S2|geobg|2|W02_C3|1337|6,"single_noguide, single_guide, dual_noguide, EVAE",f2_W02_C3_s1337_d06.csv
S2,2,W02_C3,1337,7,2668687122,EVAE|S2|geobg|2|W02_C3|1337|7,"single_noguide, single_guide, dual_noguide, EVAE",f2_W02_C3_s1337_d07.csv
S2,2,W02_C3,20260903,0,1593841333,EVAE|S2|geobg|2|W02_C3|20260903|0,"single_noguide, single_guide, dual_noguide, EVAE",f2_W02_C3_s20260903_d00.csv
S2,2,W02_C3,20260903,1,671557155,EVAE|S2|geobg|2|W02_C3|20260903|1,"single_noguide, single_guide, dual_noguide, EVAE",f2_W02_C3_s20260903_d01.csv
S2,2,W02_C3,20260903,2,2970515353,EVAE|S2|geobg|2|W02_C3|20260903|2,"single_noguide, single_guide, dual_noguide, EVAE",f2_W02_C3_s20260903_d02.csv
S2,2,W02_C3,20260903,3,3322496783,EVAE|S2|geobg|2|W02_C3|20260903|3,"single_noguide, single_guide, dual_noguide, EVAE",f2_W02_C3_s20260903_d03.csv
S2,2,W02_C3,20260903,4,1483592364,EVAE|S2|geobg|2|W02_C3|20260903|4,"single_noguide, single_guide, dual_noguide, EVAE",f2_W02_C3_s20260903_d04.csv
S2,2,W02_C3,20260903,5,795533882,EVAE|S2|geobg|2|W02_C3|20260903|5,"single_noguide, single_guide, dual_noguide, EVAE",f2_W02_C3_s20260903_d05.csv
S2,2,W02_C3,20260903,6,3059987328,EVAE|S2|geobg|2|W02_C3|20260903|6,"single_noguide, single_guide, dual_noguide, EVAE",f2_W02_C3_s20260903_d06.csv
S2,2,W02_C3,20260903,7,3244589846,EVAE|S2|geobg|2|W02_C3|20260903|7,"single_noguide, single_guide, dual_noguide, EVAE",f2_W02_C3_s20260903_d07.csv
S2,2,W02_C3,7,0,3254285514,EVAE|S2|geobg|2|W02_C3|7|0,"single_noguide, single_guide, dual_noguide, EVAE",f2_W02_C3_s7_d00.csv
S2,2,W02_C3,7,1,3070182492,EVAE|S2|geobg|2|W02_C3|7|1,"single_noguide, single_guide, dual_noguide, EVAE",f2_W02_C3_s7_d01.csv
S2,2,W02_C3,7,2,804656614,EVAE|S2|geobg|2|W02_C3|7|2,"single_noguide, single_guide, dual_noguide, EVAE",f2_W02_C3_s7_d02.csv
S2,2,W02_C3,7,3,1492198768,EVAE|S2|geobg|2|W02_C3|7|3,"single_noguide, single_guide, dual_noguide, EVAE",f2_W02_C3_s7_d03.csv
S2,2,W02_C3,7,4,3331698899,EVAE|S2|geobg|2|W02_C3|7|4,"single_noguide, single_guide, dual_noguide, EVAE",f2_W02_C3_s7_d04.csv
S2,2,W02_C3,7,5,2979168325,EVAE|S2|geobg|2|W02_C3|7|5,"single_noguide, single_guide, dual_noguide, EVAE",f2_W02_C3_s7_d05.csv
S2,2,W02_C3,7,6,681300479,EVAE|S2|geobg|2|W02_C3|7|6,"single_noguide, single_guide, dual_noguide, EVAE",f2_W02_C3_s7_d06.csv
S2,2,W02_C3,7,7,1604116841,EVAE|S2|geobg|2|W02_C3|7|7,"single_noguide, single_guide, dual_noguide, EVAE",f2_W02_C3_s7_d07.csv
S2,2,W02_C4,1337,0,196178856,EVAE|S2|geobg|2|W02_C4|1337|0,"single_noguide, single_guide, dual_noguide, EVAE",f2_W02_C4_s1337_d00.csv
S2,2,W02_C4,1337,1,2092319550,EVAE|S2|geobg|2|W02_C4|1337|1,"single_noguide, single_guide, dual_noguide, EVAE",f2_W02_C4_s1337_d01.csv
S2,2,W02_C4,1337,2,3854504580,EVAE|S2|geobg|2|W02_C4|1337|2,"single_noguide, single_guide, dual_noguide, EVAE",f2_W02_C4_s1337_d02.csv
S2,2,W02_C4,1337,3,2461540882,EVAE|S2|geobg|2|W02_C4|1337|3,"single_noguide, single_guide, dual_noguide, EVAE",f2_W02_C4_s1337_d03.csv
S2,2,W02_C4,1337,4,215791537,EVAE|S2|geobg|2|W02_C4|1337|4,"single_noguide, single_guide, dual_noguide, EVAE",f2_W02_C4_s1337_d04.csv
S2,2,W02_C4,1337,5,2077984551,EVAE|S2|geobg|2|W02_C4|1337|5,"single_noguide, single_guide, dual_noguide, EVAE",f2_W02_C4_s1337_d05.csv
S2,2,W02_C4,1337,6,3805468317,EVAE|S2|geobg|2|W02_C4|1337|6,"single_noguide, single_guide, dual_noguide, EVAE",f2_W02_C4_s1337_d06.csv
S2,2,W02_C4,1337,7,2513823243,EVAE|S2|geobg|2|W02_C4|1337|7,"single_noguide, single_guide, dual_noguide, EVAE",f2_W02_C4_s1337_d07.csv
S2,2,W02_C4,20260903,0,731447098,EVAE|S2|geobg|2|W02_C4|20260903|0,"single_noguide, single_guide, dual_noguide, EVAE",f2_W02_C4_s20260903_d00.csv
S2,2,W02_C4,20260903,1,1553977260,EVAE|S2|geobg|2|W02_C4|20260903|1,"single_noguide, single_guide, dual_noguide, EVAE",f2_W02_C4_s20260903_d01.csv
S2,2,W02_C4,20260903,2,3314982422,EVAE|S2|geobg|2|W02_C4|20260903|2,"single_noguide, single_guide, dual_noguide, EVAE",f2_W02_C4_s20260903_d02.csv
S2,2,W02_C4,20260903,3,2995891840,EVAE|S2|geobg|2|W02_C4|20260903|3,"single_noguide, single_guide, dual_noguide, EVAE",f2_W02_C4_s20260903_d03.csv
S2,2,W02_C4,20260903,4,754268963,EVAE|S2|geobg|2|W02_C4|20260903|4,"single_noguide, single_guide, dual_noguide, EVAE",f2_W02_C4_s20260903_d04.csv
S2,2,W02_C4,20260903,5,1542589365,EVAE|S2|geobg|2|W02_C4|20260903|5,"single_noguide, single_guide, dual_noguide, EVAE",f2_W02_C4_s20260903_d05.csv
S2,2,W02_C4,20260903,6,3271252495,EVAE|S2|geobg|2|W02_C4|20260903|6,"single_noguide, single_guide, dual_noguide, EVAE",f2_W02_C4_s20260903_d06.csv
S2,2,W02_C4,20260903,7,3053218457,EVAE|S2|geobg|2|W02_C4|20260903|7,"single_noguide, single_guide, dual_noguide, EVAE",f2_W02_C4_s20260903_d07.csv
S2,2,W02_C4,7,0,1943578842,EVAE|S2|geobg|2|W02_C4|7|0,"single_noguide, single_guide, dual_noguide, EVAE",f2_W02_C4_s7_d00.csv
S2,2,W02_C4,7,1,81762380,EVAE|S2|geobg|2|W02_C4|7|1,"single_noguide, single_guide, dual_noguide, EVAE",f2_W02_C4_s7_d01.csv
S2,2,W02_C4,7,2,2648099318,EVAE|S2|geobg|2|W02_C4|7|2,"single_noguide, single_guide, dual_noguide, EVAE",f2_W02_C4_s7_d02.csv
S2,2,W02_C4,7,3,3939629408,EVAE|S2|geobg|2|W02_C4|7|3,"single_noguide, single_guide, dual_noguide, EVAE",f2_W02_C4_s7_d03.csv
S2,2,W02_C4,7,4,1958046915,EVAE|S2|geobg|2|W02_C4|7|4,"single_noguide, single_guide, dual_noguide, EVAE",f2_W02_C4_s7_d04.csv
S2,2,W02_C4,7,5,62020693,EVAE|S2|geobg|2|W02_C4|7|5,"single_noguide, single_guide, dual_noguide, EVAE",f2_W02_C4_s7_d05.csv
S2,2,W02_C4,7,6,2595950063,EVAE|S2|geobg|2|W02_C4|7|6,"single_noguide, single_guide, dual_noguide, EVAE",f2_W02_C4_s7_d06.csv
S2,2,W02_C4,7,7,3988536697,EVAE|S2|geobg|2|W02_C4|7|7,"single_noguide, single_guide, dual_noguide, EVAE",f2_W02_C4_s7_d07.csv
S2,2,W02_C5,1337,0,3340464950,EVAE|S2|geobg|2|W02_C5|1337|0,"single_noguide, single_guide, dual_noguide, EVAE",f2_W02_C5_s1337_d00.csv
S2,2,W02_C5,1337,1,2954642336,EVAE|S2|geobg|2|W02_C5|1337|1,"single_noguide, single_guide, dual_noguide, EVAE",f2_W02_C5_s1337_d01.csv
S2,2,W02_C5,1337,2,689246746,EVAE|S2|geobg|2|W02_C5|1337|2,"single_noguide, single_guide, dual_noguide, EVAE",f2_W02_C5_s1337_d02.csv
S2,2,W02_C5,1337,3,1578246796,EVAE|S2|geobg|2|W02_C5|1337|3,"single_noguide, single_guide, dual_noguide, EVAE",f2_W02_C5_s1337_d03.csv
S2,2,W02_C5,1337,4,3229005615,EVAE|S2|geobg|2|W02_C5|1337|4,"single_noguide, single_guide, dual_noguide, EVAE",f2_W02_C5_s1337_d04.csv
S2,2,W02_C5,1337,5,3077670841,EVAE|S2|geobg|2|W02_C5|1337|5,"single_noguide, single_guide, dual_noguide, EVAE",f2_W02_C5_s1337_d05.csv
S2,2,W02_C5,1337,6,779671043,EVAE|S2|geobg|2|W02_C5|1337|6,"single_noguide, single_guide, dual_noguide, EVAE",f2_W02_C5_s1337_d06.csv
S2,2,W02_C5,1337,7,1501554325,EVAE|S2|geobg|2|W02_C5|1337|7,"single_noguide, single_guide, dual_noguide, EVAE",f2_W02_C5_s1337_d07.csv
S2,2,W02_C5,20260903,0,2956833621,EVAE|S2|geobg|2|W02_C5|20260903|0,"single_noguide, single_guide, dual_noguide, EVAE",f2_W02_C5_s20260903_d00.csv
S2,2,W02_C5,20260903,1,3342500803,EVAE|S2|geobg|2|W02_C5|20260903|1,"single_noguide, single_guide, dual_noguide, EVAE",f2_W02_C5_s20260903_d01.csv
S2,2,W02_C5,20260903,2,1580454521,EVAE|S2|geobg|2|W02_C5|20260903|2,"single_noguide, single_guide, dual_noguide, EVAE",f2_W02_C5_s20260903_d02.csv
S2,2,W02_C5,20260903,3,691331823,EVAE|S2|geobg|2|W02_C5|20260903|3,"single_noguide, single_guide, dual_noguide, EVAE",f2_W02_C5_s20260903_d03.csv
S2,2,W02_C5,20260903,4,3075503948,EVAE|S2|geobg|2|W02_C5|20260903|4,"single_noguide, single_guide, dual_noguide, EVAE",f2_W02_C5_s20260903_d04.csv
S2,2,W02_C5,20260903,5,3226945498,EVAE|S2|geobg|2|W02_C5|20260903|5,"single_noguide, single_guide, dual_noguide, EVAE",f2_W02_C5_s20260903_d05.csv
S2,2,W02_C5,20260903,6,1499338336,EVAE|S2|geobg|2|W02_C5|20260903|6,"single_noguide, single_guide, dual_noguide, EVAE",f2_W02_C5_s20260903_d06.csv
S2,2,W02_C5,20260903,7,777594614,EVAE|S2|geobg|2|W02_C5|20260903|7,"single_noguide, single_guide, dual_noguide, EVAE",f2_W02_C5_s20260903_d07.csv
S2,2,W02_C5,7,0,1320714602,EVAE|S2|geobg|2|W02_C5|7|0,"single_noguide, single_guide, dual_noguide, EVAE",f2_W02_C5_s7_d00.csv
S2,2,W02_C5,7,1,968864252,EVAE|S2|geobg|2|W02_C5|7|1,"single_noguide, single_guide, dual_noguide, EVAE",f2_W02_C5_s7_d01.csv
S2,2,W02_C5,7,2,2696339526,EVAE|S2|geobg|2|W02_C5|7|2,"single_noguide, single_guide, dual_noguide, EVAE",f2_W02_C5_s7_d02.csv
S2,2,W02_C5,7,3,3618754768,EVAE|S2|geobg|2|W02_C5|7|3,"single_noguide, single_guide, dual_noguide, EVAE",f2_W02_C5_s7_d03.csv
S2,2,W02_C5,7,4,1238713715,EVAE|S2|geobg|2|W02_C5|7|4,"single_noguide, single_guide, dual_noguide, EVAE",f2_W02_C5_s7_d04.csv
S2,2,W02_C5,7,5,1053980133,EVAE|S2|geobg|2|W02_C5|7|5,"single_noguide, single_guide, dual_noguide, EVAE",f2_W02_C5_s7_d05.csv
S2,2,W02_C5,7,6,2816156767,EVAE|S2|geobg|2|W02_C5|7|6,"single_noguide, single_guide, dual_noguide, EVAE",f2_W02_C5_s7_d06.csv
S2,2,W02_C5,7,7,3504084169,EVAE|S2|geobg|2|W02_C5|7|7,"single_noguide, single_guide, dual_noguide, EVAE",f2_W02_C5_s7_d07.csv
S2,2,W02_C6,1337,0,1234466005,EVAE|S2|geobg|2|W02_C6|1337|0,"single_noguide, single_guide, dual_noguide, EVAE",f2_W02_C6_s1337_d00.csv
S2,2,W02_C6,1337,1,1049838659,EVAE|S2|geobg|2|W02_C6|1337|1,"single_noguide, single_guide, dual_noguide, EVAE",f2_W02_C6_s1337_d01.csv
S2,2,W02_C6,1337,2,2811893241,EVAE|S2|geobg|2|W02_C6|1337|2,"single_noguide, single_guide, dual_noguide, EVAE",f2_W02_C6_s1337_d02.csv
S2,2,W02_C6,1337,3,3499959663,EVAE|S2|geobg|2|W02_C6|1337|3,"single_noguide, single_guide, dual_noguide, EVAE",f2_W02_C6_s1337_d03.csv
S2,2,W02_C6,1337,4,1324986572,EVAE|S2|geobg|2|W02_C6|1337|4,"single_noguide, single_guide, dual_noguide, EVAE",f2_W02_C6_s1337_d04.csv
S2,2,W02_C6,1337,5,972980314,EVAE|S2|geobg|2|W02_C6|1337|5,"single_noguide, single_guide, dual_noguide, EVAE",f2_W02_C6_s1337_d05.csv
S2,2,W02_C6,1337,6,2700595680,EVAE|S2|geobg|2|W02_C6|1337|6,"single_noguide, single_guide, dual_noguide, EVAE",f2_W02_C6_s1337_d06.csv
S2,2,W02_C6,1337,7,3622887798,EVAE|S2|geobg|2|W02_C6|1337|7,"single_noguide, single_guide, dual_noguide, EVAE",f2_W02_C6_s1337_d07.csv
S2,2,W02_C6,20260903,0,3349373349,EVAE|S2|geobg|2|W02_C6|20260903|0,"single_noguide, single_guide, dual_noguide, EVAE",f2_W02_C6_s20260903_d00.csv
S2,2,W02_C6,20260903,1,2963558707,EVAE|S2|geobg|2|W02_C6|20260903|1,"single_noguide, single_guide, dual_noguide, EVAE",f2_W02_C6_s20260903_d01.csv
S2,2,W02_C6,20260903,2,699203721,EVAE|S2|geobg|2|W02_C6|20260903|2,"single_noguide, single_guide, dual_noguide, EVAE",f2_W02_C6_s20260903_d02.csv
S2,2,W02_C6,20260903,3,1588211743,EVAE|S2|geobg|2|W02_C6|20260903|3,"single_noguide, single_guide, dual_noguide, EVAE",f2_W02_C6_s20260903_d03.csv
S2,2,W02_C6,20260903,4,3234768316,EVAE|S2|geobg|2|W02_C6|20260903|4,"single_noguide, single_guide, dual_noguide, EVAE",f2_W02_C6_s20260903_d04.csv
S2,2,W02_C6,20260903,5,3083441450,EVAE|S2|geobg|2|W02_C6|20260903|5,"single_noguide, single_guide, dual_noguide, EVAE",f2_W02_C6_s20260903_d05.csv
S2,2,W02_C6,20260903,6,784385168,EVAE|S2|geobg|2|W02_C6|20260903|6,"single_noguide, single_guide, dual_noguide, EVAE",f2_W02_C6_s20260903_d06.csv
S2,2,W02_C6,20260903,7,1506276358,EVAE|S2|geobg|2|W02_C6|20260903|7,"single_noguide, single_guide, dual_noguide, EVAE",f2_W02_C6_s20260903_d07.csv
S2,2,W02_C6,7,0,152632250,EVAE|S2|geobg|2|W02_C6|7|0,"single_noguide, single_guide, dual_noguide, EVAE",f2_W02_C6_s7_d00.csv
S2,2,W02_C6,7,1,2116012844,EVAE|S2|geobg|2|W02_C6|7|1,"single_noguide, single_guide, dual_noguide, EVAE",f2_W02_C6_s7_d01.csv
S2,2,W02_C6,7,2,3877018262,EVAE|S2|geobg|2|W02_C6|7|2,"single_noguide, single_guide, dual_noguide, EVAE",f2_W02_C6_s7_d02.csv
S2,2,W02_C6,7,3,2417076736,EVAE|S2|geobg|2|W02_C6|7|3,"single_noguide, single_guide, dual_noguide, EVAE",f2_W02_C6_s7_d03.csv
S2,2,W02_C6,7,4,242565027,EVAE|S2|geobg|2|W02_C6|7|4,"single_noguide, single_guide, dual_noguide, EVAE",f2_W02_C6_s7_d04.csv
S2,2,W02_C6,7,5,2037518133,EVAE|S2|geobg|2|W02_C6|7|5,"single_noguide, single_guide, dual_noguide, EVAE",f2_W02_C6_s7_d05.csv
S2,2,W02_C6,7,6,3766181519,EVAE|S2|geobg|2|W02_C6|7|6,"single_noguide, single_guide, dual_noguide, EVAE",f2_W02_C6_s7_d06.csv
S2,2,W02_C6,7,7,2541514265,EVAE|S2|geobg|2|W02_C6|7|7,"single_noguide, single_guide, dual_noguide, EVAE",f2_W02_C6_s7_d07.csv
S2,3,W03_C1,1337,0,992246244,EVAE|S2|geobg|3|W03_C1|1337|0,"single_noguide, single_guide, dual_noguide, EVAE",f3_W03_C1_s1337_d00.csv
S2,3,W03_C1,1337,1,1277380978,EVAE|S2|geobg|3|W03_C1|1337|1,"single_noguide, single_guide, dual_noguide, EVAE",f3_W03_C1_s1337_d01.csv
S2,3,W03_C1,1337,2,3576305864,EVAE|S2|geobg|3|W03_C1|1337|2,"single_noguide, single_guide, dual_noguide, EVAE",f3_W03_C1_s1337_d02.csv
S2,3,W03_C1,1337,3,2720868446,EVAE|S2|geobg|3|W03_C1|1337|3,"single_noguide, single_guide, dual_noguide, EVAE",f3_W03_C1_s1337_d03.csv
S2,3,W03_C1,1337,4,1011465725,EVAE|S2|geobg|3|W03_C1|1337|4,"single_noguide, single_guide, dual_noguide, EVAE",f3_W03_C1_s1337_d04.csv
S2,3,W03_C1,1337,5,1263439211,EVAE|S2|geobg|3|W03_C1|1337|5,"single_noguide, single_guide, dual_noguide, EVAE",f3_W03_C1_s1337_d05.csv
S2,3,W03_C1,1337,6,3527924945,EVAE|S2|geobg|3|W03_C1|1337|6,"single_noguide, single_guide, dual_noguide, EVAE",f3_W03_C1_s1337_d06.csv
S2,3,W03_C1,1337,7,2772495431,EVAE|S2|geobg|3|W03_C1|1337|7,"single_noguide, single_guide, dual_noguide, EVAE",f3_W03_C1_s1337_d07.csv
S2,3,W03_C1,20260903,0,3710047130,EVAE|S2|geobg|3|W03_C1|20260903|0,"single_noguide, single_guide, dual_noguide, EVAE",f3_W03_C1_s20260903_d00.csv
S2,3,W03_C1,20260903,1,2854609676,EVAE|S2|geobg|3|W03_C1|20260903|1,"single_noguide, single_guide, dual_noguide, EVAE",f3_W03_C1_s20260903_d01.csv
S2,3,W03_C1,20260903,2,858567350,EVAE|S2|geobg|3|W03_C1|20260903|2,"single_noguide, single_guide, dual_noguide, EVAE",f3_W03_C1_s20260903_d02.csv
S2,3,W03_C1,20260903,3,1143702048,EVAE|S2|geobg|3|W03_C1|20260903|3,"single_noguide, single_guide, dual_noguide, EVAE",f3_W03_C1_s20260903_d03.csv
S2,3,W03_C1,20260903,4,3662616451,EVAE|S2|geobg|3|W03_C1|20260903|4,"single_noguide, single_guide, dual_noguide, EVAE",f3_W03_C1_s20260903_d04.csv
S2,3,W03_C1,20260903,5,2907186965,EVAE|S2|geobg|3|W03_C1|20260903|5,"single_noguide, single_guide, dual_noguide, EVAE",f3_W03_C1_s20260903_d05.csv
S2,3,W03_C1,20260903,6,876705455,EVAE|S2|geobg|3|W03_C1|20260903|6,"single_noguide, single_guide, dual_noguide, EVAE",f3_W03_C1_s20260903_d06.csv
S2,3,W03_C1,20260903,7,1128678969,EVAE|S2|geobg|3|W03_C1|20260903|7,"single_noguide, single_guide, dual_noguide, EVAE",f3_W03_C1_s20260903_d07.csv
S2,3,W03_C1,7,0,3963054939,EVAE|S2|geobg|3|W03_C1|7|0,"single_noguide, single_guide, dual_noguide, EVAE",f3_W03_C1_s7_d00.csv
S2,3,W03_C1,7,1,2603637709,EVAE|S2|geobg|3|W03_C1|7|1,"single_noguide, single_guide, dual_noguide, EVAE",f3_W03_C1_s7_d01.csv
S2,3,W03_C1,7,2,37292663,EVAE|S2|geobg|3|W03_C1|7|2,"single_noguide, single_guide, dual_noguide, EVAE",f3_W03_C1_s7_d02.csv
S2,3,W03_C1,7,3,1967012577,EVAE|S2|geobg|3|W03_C1|7|3,"single_noguide, single_guide, dual_noguide, EVAE",f3_W03_C1_s7_d03.csv
S2,3,W03_C1,7,4,3948588866,EVAE|S2|geobg|3|W03_C1|7|4,"single_noguide, single_guide, dual_noguide, EVAE",f3_W03_C1_s7_d04.csv
S2,3,W03_C1,7,5,2623381460,EVAE|S2|geobg|3|W03_C1|7|5,"single_noguide, single_guide, dual_noguide, EVAE",f3_W03_C1_s7_d05.csv
S2,3,W03_C1,7,6,89443950,EVAE|S2|geobg|3|W03_C1|7|6,"single_noguide, single_guide, dual_noguide, EVAE",f3_W03_C1_s7_d06.csv
S2,3,W03_C1,7,7,1918107384,EVAE|S2|geobg|3|W03_C1|7|7,"single_noguide, single_guide, dual_noguide, EVAE",f3_W03_C1_s7_d07.csv
S2,3,W03_C2,1337,0,3047915015,EVAE|S2|geobg|3|W03_C2|1337|0,"single_noguide, single_guide, dual_noguide, EVAE",f3_W03_C2_s1337_d00.csv
S2,3,W03_C2,1337,1,3266072209,EVAE|S2|geobg|3|W03_C2|1337|1,"single_noguide, single_guide, dual_noguide, EVAE",f3_W03_C2_s1337_d01.csv
S2,3,W03_C2,1337,2,1537548075,EVAE|S2|geobg|3|W03_C2|1337|2,"single_noguide, single_guide, dual_noguide, EVAE",f3_W03_C2_s1337_d02.csv
S2,3,W03_C2,1337,3,748826557,EVAE|S2|geobg|3|W03_C2|1337|3,"single_noguide, single_guide, dual_noguide, EVAE",f3_W03_C2_s1337_d03.csv
S2,3,W03_C2,1337,4,2999368222,EVAE|S2|geobg|3|W03_C2|1337|4,"single_noguide, single_guide, dual_noguide, EVAE",f3_W03_C2_s1337_d04.csv
S2,3,W03_C2,1337,5,3317795464,EVAE|S2|geobg|3|W03_C2|1337|5,"single_noguide, single_guide, dual_noguide, EVAE",f3_W03_C2_s1337_d05.csv
S2,3,W03_C2,1337,6,1556667186,EVAE|S2|geobg|3|W03_C2|1337|6,"single_noguide, single_guide, dual_noguide, EVAE",f3_W03_C2_s1337_d06.csv
S2,3,W03_C2,1337,7,735046564,EVAE|S2|geobg|3|W03_C2|1337|7,"single_noguide, single_guide, dual_noguide, EVAE",f3_W03_C2_s1337_d07.csv
S2,3,W03_C2,20260903,0,2864447850,EVAE|S2|geobg|3|W03_C2|20260903|0,"single_noguide, single_guide, dual_noguide, EVAE",f3_W03_C2_s20260903_d00.csv
S2,3,W03_C2,20260903,1,3720032764,EVAE|S2|geobg|3|W03_C2|20260903|1,"single_noguide, single_guide, dual_noguide, EVAE",f3_W03_C2_s20260903_d01.csv
S2,3,W03_C2,20260903,2,1152540742,EVAE|S2|geobg|3|W03_C2|20260903|2,"single_noguide, single_guide, dual_noguide, EVAE",f3_W03_C2_s20260903_d02.csv
S2,3,W03_C2,20260903,3,867520720,EVAE|S2|geobg|3|W03_C2|20260903|3,"single_noguide, single_guide, dual_noguide, EVAE",f3_W03_C2_s20260903_d03.csv
S2,3,W03_C2,20260903,4,2916205939,EVAE|S2|geobg|3|W03_C2|20260903|4,"single_noguide, single_guide, dual_noguide, EVAE",f3_W03_C2_s20260903_d04.csv
S2,3,W03_C2,20260903,5,3671520741,EVAE|S2|geobg|3|W03_C2|20260903|5,"single_noguide, single_guide, dual_noguide, EVAE",f3_W03_C2_s20260903_d05.csv
S2,3,W03_C2,20260903,6,1138730079,EVAE|S2|geobg|3|W03_C2|20260903|6,"single_noguide, single_guide, dual_noguide, EVAE",f3_W03_C2_s20260903_d06.csv
S2,3,W03_C2,20260903,7,886609097,EVAE|S2|geobg|3|W03_C2|20260903|7,"single_noguide, single_guide, dual_noguide, EVAE",f3_W03_C2_s20260903_d07.csv
S2,3,W03_C2,7,0,2878804363,EVAE|S2|geobg|3|W03_C2|7|0,"single_noguide, single_guide, dual_noguide, EVAE",f3_W03_C2_s7_d00.csv
S2,3,W03_C2,7,1,3700433181,EVAE|S2|geobg|3|W03_C2|7|1,"single_noguide, single_guide, dual_noguide, EVAE",f3_W03_C2_s7_d01.csv
S2,3,W03_C2,7,2,1167683751,EVAE|S2|geobg|3|W03_C2|7|2,"single_noguide, single_guide, dual_noguide, EVAE",f3_W03_C2_s7_d02.csv
S2,3,W03_C2,7,3,849231921,EVAE|S2|geobg|3|W03_C2|7|3,"single_noguide, single_guide, dual_noguide, EVAE",f3_W03_C2_s7_d03.csv
S2,3,W03_C2,7,4,2902119826,EVAE|S2|geobg|3|W03_C2|7|4,"single_noguide, single_guide, dual_noguide, EVAE",f3_W03_C2_s7_d04.csv
S2,3,W03_C2,7,5,3690849540,EVAE|S2|geobg|3|W03_C2|7|5,"single_noguide, single_guide, dual_noguide, EVAE",f3_W03_C2_s7_d05.csv
S2,3,W03_C2,7,6,1123333310,EVAE|S2|geobg|3|W03_C2|7|6,"single_noguide, single_guide, dual_noguide, EVAE",f3_W03_C2_s7_d06.csv
S2,3,W03_C2,7,7,905151528,EVAE|S2|geobg|3|W03_C2|7|7,"single_noguide, single_guide, dual_noguide, EVAE",f3_W03_C2_s7_d07.csv
S2,3,W03_C3,1337,0,2030141081,EVAE|S2|geobg|3|W03_C3|1337|0,"single_noguide, single_guide, dual_noguide, EVAE",f3_W03_C3_s1337_d00.csv
S2,3,W03_C3,1337,1,235294223,EVAE|S2|geobg|3|W03_C3|1337|1,"single_noguide, single_guide, dual_noguide, EVAE",f3_W03_C3_s1337_d01.csv
S2,3,W03_C3,1337,2,2534350773,EVAE|S2|geobg|3|W03_C3|1337|2,"single_noguide, single_guide, dual_noguide, EVAE",f3_W03_C3_s1337_d02.csv
S2,3,W03_C3,1337,3,3758632739,EVAE|S2|geobg|3|W03_C3|1337|3,"single_noguide, single_guide, dual_noguide, EVAE",f3_W03_C3_s1337_d03.csv
S2,3,W03_C3,1337,4,2121054848,EVAE|S2|geobg|3|W03_C3|1337|4,"single_noguide, single_guide, dual_noguide, EVAE",f3_W03_C3_s1337_d04.csv
S2,3,W03_C3,1337,5,158042646,EVAE|S2|geobg|3|W03_C3|1337|5,"single_noguide, single_guide, dual_noguide, EVAE",f3_W03_C3_s1337_d05.csv
S2,3,W03_C3,1337,6,2422397868,EVAE|S2|geobg|3|W03_C3|1337|6,"single_noguide, single_guide, dual_noguide, EVAE",f3_W03_C3_s1337_d06.csv
S2,3,W03_C3,1337,7,3882216250,EVAE|S2|geobg|3|W03_C3|1337|7,"single_noguide, single_guide, dual_noguide, EVAE",f3_W03_C3_s1337_d07.csv
S2,3,W03_C3,20260903,0,823741701,EVAE|S2|geobg|3|W03_C3|20260903|0,"single_noguide, single_guide, dual_noguide, EVAE",f3_W03_C3_s20260903_d00.csv
S2,3,W03_C3,20260903,1,1176403347,EVAE|S2|geobg|3|W03_C3|20260903|1,"single_noguide, single_guide, dual_noguide, EVAE",f3_W03_C3_s20260903_d01.csv
S2,3,W03_C3,20260903,2,3742837801,EVAE|S2|geobg|3|W03_C3|20260903|2,"single_noguide, single_guide, dual_noguide, EVAE",f3_W03_C3_s20260903_d02.csv
S2,3,W03_C3,20260903,3,2819628223,EVAE|S2|geobg|3|W03_C3|20260903|3,"single_noguide, single_guide, dual_noguide, EVAE",f3_W03_C3_s20260903_d03.csv
S2,3,W03_C3,20260903,4,913606940,EVAE|S2|geobg|3|W03_C3|20260903|4,"single_noguide, single_guide, dual_noguide, EVAE",f3_W03_C3_s20260903_d04.csv
S2,3,W03_C3,20260903,5,1098103178,EVAE|S2|geobg|3|W03_C3|20260903|5,"single_noguide, single_guide, dual_noguide, EVAE",f3_W03_C3_s20260903_d05.csv
S2,3,W03_C3,20260903,6,3631933488,EVAE|S2|geobg|3|W03_C3|20260903|6,"single_noguide, single_guide, dual_noguide, EVAE",f3_W03_C3_s20260903_d06.csv
S2,3,W03_C3,20260903,7,2944260262,EVAE|S2|geobg|3|W03_C3|20260903|7,"single_noguide, single_guide, dual_noguide, EVAE",f3_W03_C3_s20260903_d07.csv
S2,3,W03_C3,7,0,2532784187,EVAE|S2|geobg|3|W03_C3|7|0,"single_noguide, single_guide, dual_noguide, EVAE",f3_W03_C3_s7_d00.csv
S2,3,W03_C3,7,1,3790604461,EVAE|S2|geobg|3|W03_C3|7|1,"single_noguide, single_guide, dual_noguide, EVAE",f3_W03_C3_s7_d01.csv
S2,3,W03_C3,7,2,2029607191,EVAE|S2|geobg|3|W03_C3|7|2,"single_noguide, single_guide, dual_noguide, EVAE",f3_W03_C3_s7_d02.csv
S2,3,W03_C3,7,3,268331393,EVAE|S2|geobg|3|W03_C3|7|3,"single_noguide, single_guide, dual_noguide, EVAE",f3_W03_C3_s7_d03.csv
S2,3,W03_C3,7,4,2442853410,EVAE|S2|geobg|3|W03_C3|7|4,"single_noguide, single_guide, dual_noguide, EVAE",f3_W03_C3_s7_d04.csv
S2,3,W03_C3,7,5,3869101236,EVAE|S2|geobg|3|W03_C3|7|5,"single_noguide, single_guide, dual_noguide, EVAE",f3_W03_C3_s7_d05.csv
S2,3,W03_C3,7,6,2140445966,EVAE|S2|geobg|3|W03_C3|7|6,"single_noguide, single_guide, dual_noguide, EVAE",f3_W03_C3_s7_d06.csv
S2,3,W03_C3,7,7,143895960,EVAE|S2|geobg|3|W03_C3|7|7,"single_noguide, single_guide, dual_noguide, EVAE",f3_W03_C3_s7_d07.csv
S2,3,W03_C4,1337,0,1942255488,EVAE|S2|geobg|3|W03_C4|1337|0,"single_noguide, single_guide, dual_noguide, EVAE",f3_W03_C4_s1337_d00.csv
S2,3,W03_C4,1337,1,79906582,EVAE|S2|geobg|3|W03_C4|1337|1,"single_noguide, single_guide, dual_noguide, EVAE",f3_W03_C4_s1337_d01.csv
S2,3,W03_C4,1337,2,2647266988,EVAE|S2|geobg|3|W03_C4|1337|2,"single_noguide, single_guide, dual_noguide, EVAE",f3_W03_C4_s1337_d02.csv
S2,3,W03_C4,1337,3,3939313210,EVAE|S2|geobg|3|W03_C4|1337|3,"single_noguide, single_guide, dual_noguide, EVAE",f3_W03_C4_s1337_d03.csv
S2,3,W03_C4,1337,4,1957278617,EVAE|S2|geobg|3|W03_C4|1337|4,"single_noguide, single_guide, dual_noguide, EVAE",f3_W03_C4_s1337_d04.csv
S2,3,W03_C4,1337,5,61768463,EVAE|S2|geobg|3|W03_C4|1337|5,"single_noguide, single_guide, dual_noguide, EVAE",f3_W03_C4_s1337_d05.csv
S2,3,W03_C4,1337,6,2594689717,EVAE|S2|geobg|3|W03_C4|1337|6,"single_noguide, single_guide, dual_noguide, EVAE",f3_W03_C4_s1337_d06.csv
S2,3,W03_C4,1337,7,3986743843,EVAE|S2|geobg|3|W03_C4|1337|7,"single_noguide, single_guide, dual_noguide, EVAE",f3_W03_C4_s1337_d07.csv
S2,3,W03_C4,20260903,0,1166124170,EVAE|S2|geobg|3|W03_C4|20260903|0,"single_noguide, single_guide, dual_noguide, EVAE",f3_W03_C4_s20260903_d00.csv
S2,3,W03_C4,20260903,1,847680540,EVAE|S2|geobg|3|W03_C4|20260903|1,"single_noguide, single_guide, dual_noguide, EVAE",f3_W03_C4_s20260903_d01.csv
S2,3,W03_C4,20260903,2,2878326182,EVAE|S2|geobg|3|W03_C4|20260903|2,"single_noguide, single_guide, dual_noguide, EVAE",f3_W03_C4_s20260903_d02.csv
S2,3,W03_C4,20260903,3,3699963184,EVAE|S2|geobg|3|W03_C4|20260903|3,"single_noguide, single_guide, dual_noguide, EVAE",f3_W03_C4_s20260903_d03.csv
S2,3,W03_C4,20260903,4,1122787475,EVAE|S2|geobg|3|W03_C4|20260903|4,"single_noguide, single_guide, dual_noguide, EVAE",f3_W03_C4_s20260903_d04.csv
S2,3,W03_C4,20260903,5,904613893,EVAE|S2|geobg|3|W03_C4|20260903|5,"single_noguide, single_guide, dual_noguide, EVAE",f3_W03_C4_s20260903_d05.csv
S2,3,W03_C4,20260903,6,2900492735,EVAE|S2|geobg|3|W03_C4|20260903|6,"single_noguide, single_guide, dual_noguide, EVAE",f3_W03_C4_s20260903_d06.csv
S2,3,W03_C4,20260903,7,3689230633,EVAE|S2|geobg|3|W03_C4|20260903|7,"single_noguide, single_guide, dual_noguide, EVAE",f3_W03_C4_s20260903_d07.csv
S2,3,W03_C4,7,0,618128427,EVAE|S2|geobg|3|W03_C4|7|0,"single_noguide, single_guide, dual_noguide, EVAE",f3_W03_C4_s7_d00.csv
S2,3,W03_C4,7,1,1406194877,EVAE|S2|geobg|3|W03_C4|7|1,"single_noguide, single_guide, dual_noguide, EVAE",f3_W03_C4_s7_d01.csv
S2,3,W03_C4,7,2,3403252999,EVAE|S2|geobg|3|W03_C4|7|2,"single_noguide, single_guide, dual_noguide, EVAE",f3_W03_C4_s7_d02.csv
S2,3,W03_C4,7,3,3185489297,EVAE|S2|geobg|3|W03_C4|7|3,"single_noguide, single_guide, dual_noguide, EVAE",f3_W03_C4_s7_d03.csv
S2,3,W03_C4,7,4,599400498,EVAE|S2|geobg|3|W03_C4|7|4,"single_noguide, single_guide, dual_noguide, EVAE",f3_W03_C4_s7_d04.csv
S2,3,W03_C4,7,5,1421676708,EVAE|S2|geobg|3|W03_C4|7|5,"single_noguide, single_guide, dual_noguide, EVAE",f3_W03_C4_s7_d05.csv
S2,3,W03_C4,7,6,3451142430,EVAE|S2|geobg|3|W03_C4|7|6,"single_noguide, single_guide, dual_noguide, EVAE",f3_W03_C4_s7_d06.csv
S2,3,W03_C4,7,7,3132322184,EVAE|S2|geobg|3|W03_C4|7|7,"single_noguide, single_guide, dual_noguide, EVAE",f3_W03_C4_s7_d07.csv
S2,3,W03_C5,1337,0,3211687710,EVAE|S2|geobg|3|W03_C5|1337|0,"single_noguide, single_guide, dual_noguide, EVAE",f3_W03_C5_s1337_d00.csv
S2,3,W03_C5,1337,1,3362342792,EVAE|S2|geobg|3|W03_C5|1337|1,"single_noguide, single_guide, dual_noguide, EVAE",f3_W03_C5_s1337_d01.csv
S2,3,W03_C5,1337,2,1365251634,EVAE|S2|geobg|3|W03_C5|1337|2,"single_noguide, single_guide, dual_noguide, EVAE",f3_W03_C5_s1337_d02.csv
S2,3,W03_C5,1337,3,644294308,EVAE|S2|geobg|3|W03_C5|1337|3,"single_noguide, single_guide, dual_noguide, EVAE",f3_W03_C5_s1337_d03.csv
S2,3,W03_C5,1337,4,3087250183,EVAE|S2|geobg|3|W03_C5|1337|4,"single_noguide, single_guide, dual_noguide, EVAE",f3_W03_C5_s1337_d04.csv
S2,3,W03_C5,1337,5,3473179537,EVAE|S2|geobg|3|W03_C5|1337|5,"single_noguide, single_guide, dual_noguide, EVAE",f3_W03_C5_s1337_d05.csv
S2,3,W03_C5,1337,6,1443746347,EVAE|S2|geobg|3|W03_C5|1337|6,"single_noguide, single_guide, dual_noguide, EVAE",f3_W03_C5_s1337_d06.csv
S2,3,W03_C5,1337,7,554361533,EVAE|S2|geobg|3|W03_C5|1337|7,"single_noguide, single_guide, dual_noguide, EVAE",f3_W03_C5_s1337_d07.csv
S2,3,W03_C5,20260903,0,3726960869,EVAE|S2|geobg|3|W03_C5|20260903|0,"single_noguide, single_guide, dual_noguide, EVAE",f3_W03_C5_s20260903_d00.csv
S2,3,W03_C5,20260903,1,2837698675,EVAE|S2|geobg|3|W03_C5|20260903|1,"single_noguide, single_guide, dual_noguide, EVAE",f3_W03_C5_s20260903_d01.csv
S2,3,W03_C5,20260903,2,808094153,EVAE|S2|geobg|3|W03_C5|20260903|2,"single_noguide, single_guide, dual_noguide, EVAE",f3_W03_C5_s20260903_d02.csv
S2,3,W03_C5,20260903,3,1194178911,EVAE|S2|geobg|3|W03_C5|20260903|3,"single_noguide, single_guide, dual_noguide, EVAE",f3_W03_C5_s20260903_d03.csv
S2,3,W03_C5,20260903,4,3645451516,EVAE|S2|geobg|3|W03_C5|20260903|4,"single_noguide, single_guide, dual_noguide, EVAE",f3_W03_C5_s20260903_d04.csv
S2,3,W03_C5,20260903,5,2924354666,EVAE|S2|geobg|3|W03_C5|20260903|5,"single_noguide, single_guide, dual_noguide, EVAE",f3_W03_C5_s20260903_d05.csv
S2,3,W03_C5,20260903,6,927419856,EVAE|S2|geobg|3|W03_C5|20260903|6,"single_noguide, single_guide, dual_noguide, EVAE",f3_W03_C5_s20260903_d06.csv
S2,3,W03_C5,20260903,7,1077968198,EVAE|S2|geobg|3|W03_C5|20260903|7,"single_noguide, single_guide, dual_noguide, EVAE",f3_W03_C5_s20260903_d07.csv
S2,3,W03_C5,7,0,431476123,EVAE|S2|geobg|3|W03_C5|7|0,"single_noguide, single_guide, dual_noguide, EVAE",f3_W03_C5_s7_d00.csv
S2,3,W03_C5,7,1,1857092877,EVAE|S2|geobg|3|W03_C5|7|1,"single_noguide, single_guide, dual_noguide, EVAE",f3_W03_C5_s7_d01.csv
S2,3,W03_C5,7,2,4156140727,EVAE|S2|geobg|3|W03_C5|7|2,"single_noguide, single_guide, dual_noguide, EVAE",f3_W03_C5_s7_d02.csv
S2,3,W03_C5,7,3,2159975457,EVAE|S2|geobg|3|W03_C5|7|3,"single_noguide, single_guide, dual_noguide, EVAE",f3_W03_C5_s7_d03.csv
S2,3,W03_C5,7,4,517605762,EVAE|S2|geobg|3|W03_C5|7|4,"single_noguide, single_guide, dual_noguide, EVAE",f3_W03_C5_s7_d04.csv
S2,3,W03_C5,7,5,1776105748,EVAE|S2|geobg|3|W03_C5|7|5,"single_noguide, single_guide, dual_noguide, EVAE",f3_W03_C5_s7_d05.csv
S2,3,W03_C5,7,6,4040452270,EVAE|S2|geobg|3|W03_C5|7|6,"single_noguide, single_guide, dual_noguide, EVAE",f3_W03_C5_s7_d06.csv
S2,3,W03_C5,7,7,2278774840,EVAE|S2|geobg|3|W03_C5|7|7,"single_noguide, single_guide, dual_noguide, EVAE",f3_W03_C5_s7_d07.csv
S2,3,W03_C6,1337,0,836858109,EVAE|S2|geobg|3|W03_C6|1337|0,"single_noguide, single_guide, dual_noguide, EVAE",f3_W03_C6_s1337_d00.csv
S2,3,W03_C6,1337,1,1189494891,EVAE|S2|geobg|3|W03_C6|1337|1,"single_noguide, single_guide, dual_noguide, EVAE",f3_W03_C6_s1337_d01.csv
S2,3,W03_C6,1337,2,3756986833,EVAE|S2|geobg|3|W03_C6|1337|2,"single_noguide, single_guide, dual_noguide, EVAE",f3_W03_C6_s1337_d02.csv
S2,3,W03_C6,1337,3,2833785159,EVAE|S2|geobg|3|W03_C6|1337|3,"single_noguide, single_guide, dual_noguide, EVAE",f3_W03_C6_s1337_d03.csv
S2,3,W03_C6,1337,4,915191012,EVAE|S2|geobg|3|W03_C6|1337|4,"single_noguide, single_guide, dual_noguide, EVAE",f3_W03_C6_s1337_d04.csv
S2,3,W03_C6,1337,5,1099662450,EVAE|S2|geobg|3|W03_C6|1337|5,"single_noguide, single_guide, dual_noguide, EVAE",f3_W03_C6_s1337_d05.csv
S2,3,W03_C6,1337,6,3632453064,EVAE|S2|geobg|3|W03_C6|1337|6,"single_noguide, single_guide, dual_noguide, EVAE",f3_W03_C6_s1337_d06.csv
S2,3,W03_C6,1337,7,2944787806,EVAE|S2|geobg|3|W03_C6|1337|7,"single_noguide, single_guide, dual_noguide, EVAE",f3_W03_C6_s1337_d07.csv
S2,3,W03_C6,20260903,0,2847554069,EVAE|S2|geobg|3|W03_C6|20260903|0,"single_noguide, single_guide, dual_noguide, EVAE",f3_W03_C6_s20260903_d00.csv
S2,3,W03_C6,20260903,1,3736930947,EVAE|S2|geobg|3|W03_C6|20260903|1,"single_noguide, single_guide, dual_noguide, EVAE",f3_W03_C6_s20260903_d01.csv
S2,3,W03_C6,20260903,2,1203002169,EVAE|S2|geobg|3|W03_C6|20260903|2,"single_noguide, single_guide, dual_noguide, EVAE",f3_W03_C6_s20260903_d02.csv
S2,3,W03_C6,20260903,3,817064879,EVAE|S2|geobg|3|W03_C6|20260903|3,"single_noguide, single_guide, dual_noguide, EVAE",f3_W03_C6_s20260903_d03.csv
S2,3,W03_C6,20260903,4,2933390860,EVAE|S2|geobg|3|W03_C6|20260903|4,"single_noguide, single_guide, dual_noguide, EVAE",f3_W03_C6_s20260903_d04.csv
S2,3,W03_C6,20260903,5,3654340250,EVAE|S2|geobg|3|W03_C6|20260903|5,"single_noguide, single_guide, dual_noguide, EVAE",f3_W03_C6_s20260903_d05.csv
S2,3,W03_C6,20260903,6,1088003872,EVAE|S2|geobg|3|W03_C6|20260903|6,"single_noguide, single_guide, dual_noguide, EVAE",f3_W03_C6_s20260903_d06.csv
S2,3,W03_C6,20260903,7,937340854,EVAE|S2|geobg|3|W03_C6|20260903|7,"single_noguide, single_guide, dual_noguide, EVAE",f3_W03_C6_s20260903_d07.csv
S2,3,W03_C6,7,0,1578612555,EVAE|S2|geobg|3|W03_C6|7|0,"single_noguide, single_guide, dual_noguide, EVAE",f3_W03_C6_s7_d00.csv
S2,3,W03_C6,7,1,688949213,EVAE|S2|geobg|3|W03_C6|7|1,"single_noguide, single_guide, dual_noguide, EVAE",f3_W03_C6_s7_d01.csv
S2,3,W03_C6,7,2,2954483303,EVAE|S2|geobg|3|W03_C6|7|2,"single_noguide, single_guide, dual_noguide, EVAE",f3_W03_C6_s7_d02.csv
S2,3,W03_C6,7,3,3340691185,EVAE|S2|geobg|3|W03_C6|7|3,"single_noguide, single_guide, dual_noguide, EVAE",f3_W03_C6_s7_d03.csv
S2,3,W03_C6,7,4,1501197138,EVAE|S2|geobg|3|W03_C6|7|4,"single_noguide, single_guide, dual_noguide, EVAE",f3_W03_C6_s7_d04.csv
S2,3,W03_C6,7,5,779961284,EVAE|S2|geobg|3|W03_C6|7|5,"single_noguide, single_guide, dual_noguide, EVAE",f3_W03_C6_s7_d05.csv
S2,3,W03_C6,7,6,3077837438,EVAE|S2|geobg|3|W03_C6|7|6,"single_noguide, single_guide, dual_noguide, EVAE",f3_W03_C6_s7_d06.csv
S2,3,W03_C6,7,7,3228771048,EVAE|S2|geobg|3|W03_C6|7|7,"single_noguide, single_guide, dual_noguide, EVAE",f3_W03_C6_s7_d07.csv
S2,3,W03_C7,1337,0,4249579619,EVAE|S2|geobg|3|W03_C7|1337|0,"single_noguide, single_guide, dual_noguide, EVAE",f3_W03_C7_s1337_d00.csv
S2,3,W03_C7,1337,1,2320253173,EVAE|S2|geobg|3|W03_C7|1337|1,"single_noguide, single_guide, dual_noguide, EVAE",f3_W03_C7_s1337_d01.csv
S2,3,W03_C7,1337,2,323293519,EVAE|S2|geobg|3|W03_C7|1337|2,"single_noguide, single_guide, dual_noguide, EVAE",f3_W03_C7_s1337_d02.csv
S2,3,W03_C7,1337,3,1682055641,EVAE|S2|geobg|3|W03_C7|1337|3,"single_noguide, single_guide, dual_noguide, EVAE",f3_W03_C7_s1337_d03.csv
S2,3,W03_C7,1337,4,4196840570,EVAE|S2|geobg|3|W03_C7|1337|4,"single_noguide, single_guide, dual_noguide, EVAE",f3_W03_C7_s1337_d04.csv
S2,3,W03_C7,1337,5,2367784172,EVAE|S2|geobg|3|W03_C7|1337|5,"single_noguide, single_guide, dual_noguide, EVAE",f3_W03_C7_s1337_d05.csv
S2,3,W03_C7,1337,6,338220374,EVAE|S2|geobg|3|W03_C7|1337|6,"single_noguide, single_guide, dual_noguide, EVAE",f3_W03_C7_s1337_d06.csv
S2,3,W03_C7,1337,7,1664083392,EVAE|S2|geobg|3|W03_C7|1337|7,"single_noguide, single_guide, dual_noguide, EVAE",f3_W03_C7_s1337_d07.csv
S2,3,W03_C7,20260903,0,840922746,EVAE|S2|geobg|3|W03_C7|20260903|0,"single_noguide, single_guide, dual_noguide, EVAE",f3_W03_C7_s20260903_d00.csv
S2,3,W03_C7,20260903,1,1159218924,EVAE|S2|geobg|3|W03_C7|20260903|1,"single_noguide, single_guide, dual_noguide, EVAE",f3_W03_C7_s20260903_d01.csv
S2,3,W03_C7,20260903,2,3692107606,EVAE|S2|geobg|3|W03_C7|20260903|2,"single_noguide, single_guide, dual_noguide, EVAE",f3_W03_C7_s20260903_d02.csv
S2,3,W03_C7,20260903,3,2870355904,EVAE|S2|geobg|3|W03_C7|20260903|3,"single_noguide, single_guide, dual_noguide, EVAE",f3_W03_C7_s20260903_d03.csv
S2,3,W03_C7,20260903,4,896709219,EVAE|S2|geobg|3|W03_C7|20260903|4,"single_noguide, single_guide, dual_noguide, EVAE",f3_W03_C7_s20260903_d04.csv
S2,3,W03_C7,20260903,5,1114997493,EVAE|S2|geobg|3|W03_C7|20260903|5,"single_noguide, single_guide, dual_noguide, EVAE",f3_W03_C7_s20260903_d05.csv
S2,3,W03_C7,20260903,6,3682390863,EVAE|S2|geobg|3|W03_C7|20260903|6,"single_noguide, single_guide, dual_noguide, EVAE",f3_W03_C7_s20260903_d06.csv
S2,3,W03_C7,20260903,7,2893800409,EVAE|S2|geobg|3|W03_C7|20260903|7,"single_noguide, single_guide, dual_noguide, EVAE",f3_W03_C7_s20260903_d07.csv
S2,3,W03_C7,7,0,1668783867,EVAE|S2|geobg|3|W03_C7|7|0,"single_noguide, single_guide, dual_noguide, EVAE",f3_W03_C7_s7_d00.csv
S2,3,W03_C7,7,1,342929005,EVAE|S2|geobg|3|W03_C7|7|1,"single_noguide, single_guide, dual_noguide, EVAE",f3_W03_C7_s7_d01.csv
S2,3,W03_C7,7,2,2373582807,EVAE|S2|geobg|3|W03_C7|7|2,"single_noguide, single_guide, dual_noguide, EVAE",f3_W03_C7_s7_d02.csv
S2,3,W03_C7,7,3,4202614593,EVAE|S2|geobg|3|W03_C7|7|3,"single_noguide, single_guide, dual_noguide, EVAE",f3_W03_C7_s7_d03.csv
S2,3,W03_C7,7,4,1679448802,EVAE|S2|geobg|3|W03_C7|7|4,"single_noguide, single_guide, dual_noguide, EVAE",f3_W03_C7_s7_d04.csv
S2,3,W03_C7,7,5,320694900,EVAE|S2|geobg|3|W03_C7|7|5,"single_noguide, single_guide, dual_noguide, EVAE",f3_W03_C7_s7_d05.csv
S2,3,W03_C7,7,6,2316581838,EVAE|S2|geobg|3|W03_C7|7|6,"single_noguide, single_guide, dual_noguide, EVAE",f3_W03_C7_s7_d06.csv
S2,3,W03_C7,7,7,4245883736,EVAE|S2|geobg|3|W03_C7|7|7,"single_noguide, single_guide, dual_noguide, EVAE",f3_W03_C7_s7_d07.csv
S2,3,W03_C8,1337,0,611017423,EVAE|S2|geobg|3|W03_C8|1337|0,"single_noguide, single_guide, dual_noguide, EVAE",f3_W03_C8_s1337_d00.csv
S2,3,W03_C8,1337,1,1399607897,EVAE|S2|geobg|3|W03_C8|1337|1,"single_noguide, single_guide, dual_noguide, EVAE",f3_W03_C8_s1337_d01.csv
S2,3,W03_C8,1337,2,3395617763,EVAE|S2|geobg|3|W03_C8|1337|2,"single_noguide, single_guide, dual_noguide, EVAE",f3_W03_C8_s1337_d02.csv
S2,3,W03_C8,1337,3,3177329525,EVAE|S2|geobg|3|W03_C8|1337|3,"single_noguide, single_guide, dual_noguide, EVAE",f3_W03_C8_s1337_d03.csv
S2,3,W03_C8,1337,4,587638486,EVAE|S2|geobg|3|W03_C8|1337|4,"single_noguide, single_guide, dual_noguide, EVAE",f3_W03_C8_s1337_d04.csv
S2,3,W03_C8,1337,5,1409390144,EVAE|S2|geobg|3|W03_C8|1337|5,"single_noguide, single_guide, dual_noguide, EVAE",f3_W03_C8_s1337_d05.csv
S2,3,W03_C8,1337,6,3439904762,EVAE|S2|geobg|3|W03_C8|1337|6,"single_noguide, single_guide, dual_noguide, EVAE",f3_W03_C8_s1337_d06.csv
S2,3,W03_C8,1337,7,3121608556,EVAE|S2|geobg|3|W03_C8|1337|7,"single_noguide, single_guide, dual_noguide, EVAE",f3_W03_C8_s1337_d07.csv
S2,3,W03_C8,20260903,0,1082910987,EVAE|S2|geobg|3|W03_C8|20260903|0,"single_noguide, single_guide, dual_noguide, EVAE",f3_W03_C8_s20260903_d00.csv
S2,3,W03_C8,20260903,1,931977629,EVAE|S2|geobg|3|W03_C8|20260903|1,"single_noguide, single_guide, dual_noguide, EVAE",f3_W03_C8_s20260903_d01.csv
S2,3,W03_C8,20260903,2,2927986727,EVAE|S2|geobg|3|W03_C8|20260903|2,"single_noguide, single_guide, dual_noguide, EVAE",f3_W03_C8_s20260903_d02.csv
S2,3,W03_C8,20260903,3,3649222833,EVAE|S2|geobg|3|W03_C8|20260903|3,"single_noguide, single_guide, dual_noguide, EVAE",f3_W03_C8_s20260903_d03.csv
S2,3,W03_C8,20260903,4,1206267154,EVAE|S2|geobg|3|W03_C8|20260903|4,"single_noguide, single_guide, dual_noguide, EVAE",f3_W03_C8_s20260903_d04.csv
S2,3,W03_C8,20260903,5,820059524,EVAE|S2|geobg|3|W03_C8|20260903|5,"single_noguide, single_guide, dual_noguide, EVAE",f3_W03_C8_s20260903_d05.csv
S2,3,W03_C8,20260903,6,2850573374,EVAE|S2|geobg|3|W03_C8|20260903|6,"single_noguide, single_guide, dual_noguide, EVAE",f3_W03_C8_s20260903_d06.csv
S2,3,W03_C8,20260903,7,3740236968,EVAE|S2|geobg|3|W03_C8|20260903|7,"single_noguide, single_guide, dual_noguide, EVAE",f3_W03_C8_s20260903_d07.csv
S2,3,W03_C8,7,0,3777431850,EVAE|S2|geobg|3|W03_C8|7|0,"single_noguide, single_guide, dual_noguide, EVAE",f3_W03_C8_s7_d00.csv
S2,3,W03_C8,7,1,2518694332,EVAE|S2|geobg|3|W03_C8|7|1,"single_noguide, single_guide, dual_noguide, EVAE",f3_W03_C8_s7_d01.csv
S2,3,W03_C8,7,2,254371846,EVAE|S2|geobg|3|W03_C8|7|2,"single_noguide, single_guide, dual_noguide, EVAE",f3_W03_C8_s7_d02.csv
S2,3,W03_C8,7,3,2016303248,EVAE|S2|geobg|3|W03_C8|7|3,"single_noguide, single_guide, dual_noguide, EVAE",f3_W03_C8_s7_d03.csv
S2,3,W03_C8,7,4,3863661875,EVAE|S2|geobg|3|W03_C8|7|4,"single_noguide, single_guide, dual_noguide, EVAE",f3_W03_C8_s7_d04.csv
S2,3,W03_C8,7,5,2437807525,EVAE|S2|geobg|3|W03_C8|7|5,"single_noguide, single_guide, dual_noguide, EVAE",f3_W03_C8_s7_d05.csv
S2,3,W03_C8,7,6,138718239,EVAE|S2|geobg|3|W03_C8|7|6,"single_noguide, single_guide, dual_noguide, EVAE",f3_W03_C8_s7_d06.csv
S2,3,W03_C8,7,7,2135137417,EVAE|S2|geobg|3|W03_C8|7|7,"single_noguide, single_guide, dual_noguide, EVAE",f3_W03_C8_s7_d07.csv
S2,4,W04_C1,1337,0,2300470141,EVAE|S2|geobg|4|W04_C1|1337|0,"single_noguide, single_guide, dual_noguide, EVAE",f4_W04_C1_s1337_d00.csv
S2,4,W04_C1,1337,1,4263072747,EVAE|S2|geobg|4|W04_C1|1337|1,"single_noguide, single_guide, dual_noguide, EVAE",f4_W04_C1_s1337_d01.csv
S2,4,W04_C1,1337,2,1729102417,EVAE|S2|geobg|4|W04_C1|1337|2,"single_noguide, single_guide, dual_noguide, EVAE",f4_W04_C1_s1337_d02.csv
S2,4,W04_C1,1337,3,269955783,EVAE|S2|geobg|4|W04_C1|1337|3,"single_noguide, single_guide, dual_noguide, EVAE",f4_W04_C1_s1337_d03.csv
S2,4,W04_C1,1337,4,2389944164,EVAE|S2|geobg|4|W04_C1|1337|4,"single_noguide, single_guide, dual_noguide, EVAE",f4_W04_C1_s1337_d04.csv
S2,4,W04_C1,1337,5,4185167858,EVAE|S2|geobg|4|W04_C1|1337|5,"single_noguide, single_guide, dual_noguide, EVAE",f4_W04_C1_s1337_d05.csv
S2,4,W04_C1,1337,6,1618855496,EVAE|S2|geobg|4|W04_C1|1337|6,"single_noguide, single_guide, dual_noguide, EVAE",f4_W04_C1_s1337_d06.csv
S2,4,W04_C1,1337,7,393934558,EVAE|S2|geobg|4|W04_C1|1337|7,"single_noguide, single_guide, dual_noguide, EVAE",f4_W04_C1_s1337_d07.csv
S2,4,W04_C1,20260903,0,203249611,EVAE|S2|geobg|4|W04_C1|20260903|0,"single_noguide, single_guide, dual_noguide, EVAE",f4_W04_C1_s20260903_d00.csv
S2,4,W04_C1,20260903,1,2065327965,EVAE|S2|geobg|4|W04_C1|20260903|1,"single_noguide, single_guide, dual_noguide, EVAE",f4_W04_C1_s20260903_d01.csv
S2,4,W04_C1,20260903,2,3792910055,EVAE|S2|geobg|4|W04_C1|20260903|2,"single_noguide, single_guide, dual_noguide, EVAE",f4_W04_C1_s20260903_d02.csv
S2,4,W04_C1,20260903,3,2501117553,EVAE|S2|geobg|4|W04_C1|20260903|3,"single_noguide, single_guide, dual_noguide, EVAE",f4_W04_C1_s20260903_d03.csv
S2,4,W04_C1,20260903,4,191927250,EVAE|S2|geobg|4|W04_C1|20260903|4,"single_noguide, single_guide, dual_noguide, EVAE",f4_W04_C1_s20260903_d04.csv
S2,4,W04_C1,20260903,5,2088215364,EVAE|S2|geobg|4|W04_C1|20260903|5,"single_noguide, single_guide, dual_noguide, EVAE",f4_W04_C1_s20260903_d05.csv
S2,4,W04_C1,20260903,6,3850302206,EVAE|S2|geobg|4|W04_C1|20260903|6,"single_noguide, single_guide, dual_noguide, EVAE",f4_W04_C1_s20260903_d06.csv
S2,4,W04_C1,20260903,7,2457453160,EVAE|S2|geobg|4|W04_C1|20260903|7,"single_noguide, single_guide, dual_noguide, EVAE",f4_W04_C1_s20260903_d07.csv
S2,4,W04_C1,7,0,2456456141,EVAE|S2|geobg|4|W04_C1|7|0,"single_noguide, single_guide, dual_noguide, EVAE",f4_W04_C1_s7_d00.csv
S2,4,W04_C1,7,1,3849173851,EVAE|S2|geobg|4|W04_C1|7|1,"single_noguide, single_guide, dual_noguide, EVAE",f4_W04_C1_s7_d01.csv
S2,4,W04_C1,7,2,2086988513,EVAE|S2|geobg|4|W04_C1|7|2,"single_noguide, single_guide, dual_noguide, EVAE",f4_W04_C1_s7_d02.csv
S2,4,W04_C1,7,3,191093367,EVAE|S2|geobg|4|W04_C1|7|3,"single_noguide, single_guide, dual_noguide, EVAE",f4_W04_C1_s7_d03.csv
S2,4,W04_C1,7,4,2500284372,EVAE|S2|geobg|4|W04_C1|7|4,"single_noguide, single_guide, dual_noguide, EVAE",f4_W04_C1_s7_d04.csv
S2,4,W04_C1,7,5,3791683394,EVAE|S2|geobg|4|W04_C1|7|5,"single_noguide, single_guide, dual_noguide, EVAE",f4_W04_C1_s7_d05.csv
S2,4,W04_C1,7,6,2064199416,EVAE|S2|geobg|4|W04_C1|7|6,"single_noguide, single_guide, dual_noguide, EVAE",f4_W04_C1_s7_d06.csv
S2,4,W04_C1,7,7,202251886,EVAE|S2|geobg|4|W04_C1|7|7,"single_noguide, single_guide, dual_noguide, EVAE",f4_W04_C1_s7_d07.csv
S2,4,W04_C2,1337,0,126968990,EVAE|S2|geobg|4|W04_C2|1337|0,"single_noguide, single_guide, dual_noguide, EVAE",f4_W04_C2_s1337_d00.csv
S2,4,W04_C2,1337,1,1888900104,EVAE|S2|geobg|4|W04_C2|1337|1,"single_noguide, single_guide, dual_noguide, EVAE",f4_W04_C2_s1337_d01.csv
S2,4,W04_C2,1337,2,3919513010,EVAE|S2|geobg|4|W04_C2|1337|2,"single_noguide, single_guide, dual_noguide, EVAE",f4_W04_C2_s1337_d02.csv
S2,4,W04_C2,1337,3,2660775204,EVAE|S2|geobg|4|W04_C2|1337|3,"single_noguide, single_guide, dual_noguide, EVAE",f4_W04_C2_s1337_d03.csv
S2,4,W04_C2,1337,4,16556167,EVAE|S2|geobg|4|W04_C2|1337|4,"single_noguide, single_guide, dual_noguide, EVAE",f4_W04_C2_s1337_d04.csv
S2,4,W04_C2,1337,5,2012975121,EVAE|S2|geobg|4|W04_C2|1337|5,"single_noguide, single_guide, dual_noguide, EVAE",f4_W04_C2_s1337_d05.csv
S2,4,W04_C2,1337,6,4008886699,EVAE|S2|geobg|4|W04_C2|1337|6,"single_noguide, single_guide, dual_noguide, EVAE",f4_W04_C2_s1337_d06.csv
S2,4,W04_C2,1337,7,2583032125,EVAE|S2|geobg|4|W04_C2|1337|7,"single_noguide, single_guide, dual_noguide, EVAE",f4_W04_C2_s1337_d07.csv
S2,4,W04_C2,20260903,0,2072216891,EVAE|S2|geobg|4|W04_C2|20260903|0,"single_noguide, single_guide, dual_noguide, EVAE",f4_W04_C2_s20260903_d00.csv
S2,4,W04_C2,20260903,1,210023853,EVAE|S2|geobg|4|W04_C2|20260903|1,"single_noguide, single_guide, dual_noguide, EVAE",f4_W04_C2_s20260903_d01.csv
S2,4,W04_C2,20260903,2,2509104151,EVAE|S2|geobg|4|W04_C2|20260903|2,"single_noguide, single_guide, dual_noguide, EVAE",f4_W04_C2_s20260903_d02.csv
S2,4,W04_C2,20260903,3,3800749185,EVAE|S2|geobg|4|W04_C2|20260903|3,"single_noguide, single_guide, dual_noguide, EVAE",f4_W04_C2_s20260903_d03.csv
S2,4,W04_C2,20260903,4,2095989026,EVAE|S2|geobg|4|W04_C2|20260903|4,"single_noguide, single_guide, dual_noguide, EVAE",f4_W04_C2_s20260903_d04.csv
S2,4,W04_C2,20260903,5,199848372,EVAE|S2|geobg|4|W04_C2|20260903|5,"single_noguide, single_guide, dual_noguide, EVAE",f4_W04_C2_s20260903_d05.csv
S2,4,W04_C2,20260903,6,2464161806,EVAE|S2|geobg|4|W04_C2|20260903|6,"single_noguide, single_guide, dual_noguide, EVAE",f4_W04_C2_s20260903_d06.csv
S2,4,W04_C2,20260903,7,3857125528,EVAE|S2|geobg|4|W04_C2|20260903|7,"single_noguide, single_guide, dual_noguide, EVAE",f4_W04_C2_s20260903_d07.csv
S2,4,W04_C2,7,0,3586847005,EVAE|S2|geobg|4|W04_C2|7|0,"single_noguide, single_guide, dual_noguide, EVAE",f4_W04_C2_s7_d00.csv
S2,4,W04_C2,7,1,2731393419,EVAE|S2|geobg|4|W04_C2|7|1,"single_noguide, single_guide, dual_noguide, EVAE",f4_W04_C2_s7_d01.csv
S2,4,W04_C2,7,2,1002737713,EVAE|S2|geobg|4|W04_C2|7|2,"single_noguide, single_guide, dual_noguide, EVAE",f4_W04_C2_s7_d02.csv
S2,4,W04_C2,7,3,1287889063,EVAE|S2|geobg|4|W04_C2|7|3,"single_noguide, single_guide, dual_noguide, EVAE",f4_W04_C2_s7_d03.csv
S2,4,W04_C2,7,4,3534173444,EVAE|S2|geobg|4|W04_C2|7|4,"single_noguide, single_guide, dual_noguide, EVAE",f4_W04_C2_s7_d04.csv
S2,4,W04_C2,7,5,2778727826,EVAE|S2|geobg|4|W04_C2|7|5,"single_noguide, single_guide, dual_noguide, EVAE",f4_W04_C2_s7_d05.csv
S2,4,W04_C2,7,6,1017730088,EVAE|S2|geobg|4|W04_C2|7|6,"single_noguide, single_guide, dual_noguide, EVAE",f4_W04_C2_s7_d06.csv
S2,4,W04_C2,7,7,1269720254,EVAE|S2|geobg|4|W04_C2|7|7,"single_noguide, single_guide, dual_noguide, EVAE",f4_W04_C2_s7_d07.csv
S2,4,W04_C3,1337,0,3409667072,EVAE|S2|geobg|4|W04_C3|1337|0,"single_noguide, single_guide, dual_noguide, EVAE",f4_W04_C3_s1337_d00.csv
S2,4,W04_C3,1337,1,3158070422,EVAE|S2|geobg|4|W04_C3|1337|1,"single_noguide, single_guide, dual_noguide, EVAE",f4_W04_C3_s1337_d01.csv
S2,4,W04_C3,1337,2,624231724,EVAE|S2|geobg|4|W04_C3|1337|2,"single_noguide, single_guide, dual_noguide, EVAE",f4_W04_C3_s1337_d02.csv
S2,4,W04_C3,1337,3,1379022266,EVAE|S2|geobg|4|W04_C3|1337|3,"single_noguide, single_guide, dual_noguide, EVAE",f4_W04_C3_s1337_d03.csv
S2,4,W04_C3,1337,4,3428229145,EVAE|S2|geobg|4|W04_C3|1337|4,"single_noguide, single_guide, dual_noguide, EVAE",f4_W04_C3_s1337_d04.csv
S2,4,W04_C3,1337,5,3142684815,EVAE|S2|geobg|4|W04_C3|1337|5,"single_noguide, single_guide, dual_noguide, EVAE",f4_W04_C3_s1337_d05.csv
S2,4,W04_C3,1337,6,576241973,EVAE|S2|geobg|4|W04_C3|1337|6,"single_noguide, single_guide, dual_noguide, EVAE",f4_W04_C3_s1337_d06.csv
S2,4,W04_C3,1337,7,1432351139,EVAE|S2|geobg|4|W04_C3|1337|7,"single_noguide, single_guide, dual_noguide, EVAE",f4_W04_C3_s1337_d07.csv
S2,4,W04_C3,20260903,0,3760638292,EVAE|S2|geobg|4|W04_C3|20260903|0,"single_noguide, single_guide, dual_noguide, EVAE",f4_W04_C3_s20260903_d00.csv
S2,4,W04_C3,20260903,1,2535586242,EVAE|S2|geobg|4|W04_C3|20260903|1,"single_noguide, single_guide, dual_noguide, EVAE",f4_W04_C3_s20260903_d01.csv
S2,4,W04_C3,20260903,2,237545592,EVAE|S2|geobg|4|W04_C3|20260903|2,"single_noguide, single_guide, dual_noguide, EVAE",f4_W04_C3_s20260903_d02.csv
S2,4,W04_C3,20260903,3,2033162478,EVAE|S2|geobg|4|W04_C3|20260903|3,"single_noguide, single_guide, dual_noguide, EVAE",f4_W04_C3_s20260903_d03.csv
S2,4,W04_C3,20260903,4,3880455501,EVAE|S2|geobg|4|W04_C3|20260903|4,"single_noguide, single_guide, dual_noguide, EVAE",f4_W04_C3_s20260903_d04.csv
S2,4,W04_C3,20260903,5,2420915675,EVAE|S2|geobg|4|W04_C3|20260903|5,"single_noguide, single_guide, dual_noguide, EVAE",f4_W04_C3_s20260903_d05.csv
S2,4,W04_C3,20260903,6,155544673,EVAE|S2|geobg|4|W04_C3|20260903|6,"single_noguide, single_guide, dual_noguide, EVAE",f4_W04_C3_s20260903_d06.csv
S2,4,W04_C3,20260903,7,2118278391,EVAE|S2|geobg|4|W04_C3|20260903|7,"single_noguide, single_guide, dual_noguide, EVAE",f4_W04_C3_s20260903_d07.csv
S2,4,W04_C3,7,0,3903510701,EVAE|S2|geobg|4|W04_C3|7|0,"single_noguide, single_guide, dual_noguide, EVAE",f4_W04_C3_s7_d00.csv
S2,4,W04_C3,7,1,2678974523,EVAE|S2|geobg|4|W04_C3|7|1,"single_noguide, single_guide, dual_noguide, EVAE",f4_W04_C3_s7_d01.csv
S2,4,W04_C3,7,2,111458689,EVAE|S2|geobg|4|W04_C3|7|2,"single_noguide, single_guide, dual_noguide, EVAE",f4_W04_C3_s7_d02.csv
S2,4,W04_C3,7,3,1906542871,EVAE|S2|geobg|4|W04_C3|7|3,"single_noguide, single_guide, dual_noguide, EVAE",f4_W04_C3_s7_d03.csv
S2,4,W04_C3,7,4,4022803636,EVAE|S2|geobg|4|W04_C3|7|4,"single_noguide, single_guide, dual_noguide, EVAE",f4_W04_C3_s7_d04.csv
S2,4,W04_C3,7,5,2562731042,EVAE|S2|geobg|4|W04_C3|7|5,"single_noguide, single_guide, dual_noguide, EVAE",f4_W04_C3_s7_d05.csv
S2,4,W04_C3,7,6,29982104,EVAE|S2|geobg|4|W04_C3|7|6,"single_noguide, single_guide, dual_noguide, EVAE",f4_W04_C3_s7_d06.csv
S2,4,W04_C3,7,7,1993231630,EVAE|S2|geobg|4|W04_C3|7|7,"single_noguide, single_guide, dual_noguide, EVAE",f4_W04_C3_s7_d07.csv
S2,4,W04_C4,1337,0,3254676761,EVAE|S2|geobg|4|W04_C4|1337|0,"single_noguide, single_guide, dual_noguide, EVAE",f4_W04_C4_s1337_d00.csv
S2,4,W04_C4,1337,1,3069795727,EVAE|S2|geobg|4|W04_C4|1337|1,"single_noguide, single_guide, dual_noguide, EVAE",f4_W04_C4_s1337_d01.csv
S2,4,W04_C4,1337,2,804260917,EVAE|S2|geobg|4|W04_C4|1337|2,"single_noguide, single_guide, dual_noguide, EVAE",f4_W04_C4_s1337_d02.csv
S2,4,W04_C4,1337,3,1492597923,EVAE|S2|geobg|4|W04_C4|1337|3,"single_noguide, single_guide, dual_noguide, EVAE",f4_W04_C4_s1337_d03.csv
S2,4,W04_C4,1337,4,3331565824,EVAE|S2|geobg|4|W04_C4|1337|4,"single_noguide, single_guide, dual_noguide, EVAE",f4_W04_C4_s1337_d04.csv
S2,4,W04_C4,1337,5,2979305878,EVAE|S2|geobg|4|W04_C4|1337|5,"single_noguide, single_guide, dual_noguide, EVAE",f4_W04_C4_s1337_d05.csv
S2,4,W04_C4,1337,6,681429036,EVAE|S2|geobg|4|W04_C4|1337|6,"single_noguide, single_guide, dual_noguide, EVAE",f4_W04_C4_s1337_d06.csv
S2,4,W04_C4,1337,7,1603991738,EVAE|S2|geobg|4|W04_C4|1337|7,"single_noguide, single_guide, dual_noguide, EVAE",f4_W04_C4_s1337_d07.csv
S2,4,W04_C4,20260903,0,2495488219,EVAE|S2|geobg|4|W04_C4|20260903|0,"single_noguide, single_guide, dual_noguide, EVAE",f4_W04_C4_s20260903_d00.csv
S2,4,W04_C4,20260903,1,3820556365,EVAE|S2|geobg|4|W04_C4|20260903|1,"single_noguide, single_guide, dual_noguide, EVAE",f4_W04_C4_s20260903_d01.csv
S2,4,W04_C4,20260903,2,2058371575,EVAE|S2|geobg|4|W04_C4|20260903|2,"single_noguide, single_guide, dual_noguide, EVAE",f4_W04_C4_s20260903_d02.csv
S2,4,W04_C4,20260903,3,230125921,EVAE|S2|geobg|4|W04_C4|20260903|3,"single_noguide, single_guide, dual_noguide, EVAE",f4_W04_C4_s20260903_d03.csv
S2,4,W04_C4,20260903,4,2480137410,EVAE|S2|geobg|4|W04_C4|20260903|4,"single_noguide, single_guide, dual_noguide, EVAE",f4_W04_C4_s20260903_d04.csv
S2,4,W04_C4,20260903,5,3839153236,EVAE|S2|geobg|4|W04_C4|20260903|5,"single_noguide, single_guide, dual_noguide, EVAE",f4_W04_C4_s20260903_d05.csv
S2,4,W04_C4,20260903,6,2111669742,EVAE|S2|geobg|4|W04_C4|20260903|6,"single_noguide, single_guide, dual_noguide, EVAE",f4_W04_C4_s20260903_d06.csv
S2,4,W04_C4,20260903,7,182105464,EVAE|S2|geobg|4|W04_C4|20260903|7,"single_noguide, single_guide, dual_noguide, EVAE",f4_W04_C4_s20260903_d07.csv
S2,4,W04_C4,7,0,1518994621,EVAE|S2|geobg|4|W04_C4|7|0,"single_noguide, single_guide, dual_noguide, EVAE",f4_W04_C4_s7_d00.csv
S2,4,W04_C4,7,1,764228651,EVAE|S2|geobg|4|W04_C4|7|1,"single_noguide, single_guide, dual_noguide, EVAE",f4_W04_C4_s7_d01.csv
S2,4,W04_C4,7,2,3028575633,EVAE|S2|geobg|4|W04_C4|7|2,"single_noguide, single_guide, dual_noguide, EVAE",f4_W04_C4_s7_d02.csv
S2,4,W04_C4,7,3,3280164103,EVAE|S2|geobg|4|W04_C4|7|3,"single_noguide, single_guide, dual_noguide, EVAE",f4_W04_C4_s7_d03.csv
S2,4,W04_C4,7,4,1575469220,EVAE|S2|geobg|4|W04_C4|7|4,"single_noguide, single_guide, dual_noguide, EVAE",f4_W04_C4_s7_d04.csv
S2,4,W04_C4,7,5,719384626,EVAE|S2|geobg|4|W04_C4|7|5,"single_noguide, single_guide, dual_noguide, EVAE",f4_W04_C4_s7_d05.csv
S2,4,W04_C4,7,6,3018432904,EVAE|S2|geobg|4|W04_C4|7|6,"single_noguide, single_guide, dual_noguide, EVAE",f4_W04_C4_s7_d06.csv
S2,4,W04_C4,7,7,3303969054,EVAE|S2|geobg|4|W04_C4|7|7,"single_noguide, single_guide, dual_noguide, EVAE",f4_W04_C4_s7_d07.csv
S2,4,W04_C5,1337,0,223636871,EVAE|S2|geobg|4|W04_C5|1337|0,"single_noguide, single_guide, dual_noguide, EVAE",f4_W04_C5_s1337_d00.csv
S2,4,W04_C5,1337,1,2052283665,EVAE|S2|geobg|4|W04_C5|1337|1,"single_noguide, single_guide, dual_noguide, EVAE",f4_W04_C5_s1337_d01.csv
S2,4,W04_C5,1337,2,3814329515,EVAE|S2|geobg|4|W04_C5|1337|2,"single_noguide, single_guide, dual_noguide, EVAE",f4_W04_C5_s1337_d02.csv
S2,4,W04_C5,1337,3,2489138237,EVAE|S2|geobg|4|W04_C5|1337|3,"single_noguide, single_guide, dual_noguide, EVAE",f4_W04_C5_s1337_d03.csv
S2,4,W04_C5,1337,4,171551134,EVAE|S2|geobg|4|W04_C5|1337|4,"single_noguide, single_guide, dual_noguide, EVAE",f4_W04_C5_s1337_d04.csv
S2,4,W04_C5,1337,5,2101254408,EVAE|S2|geobg|4|W04_C5|1337|5,"single_noguide, single_guide, dual_noguide, EVAE",f4_W04_C5_s1337_d05.csv
S2,4,W04_C5,1337,6,3828861106,EVAE|S2|geobg|4|W04_C5|1337|6,"single_noguide, single_guide, dual_noguide, EVAE",f4_W04_C5_s1337_d06.csv
S2,4,W04_C5,1337,7,2469460004,EVAE|S2|geobg|4|W04_C5|1337|7,"single_noguide, single_guide, dual_noguide, EVAE",f4_W04_C5_s1337_d07.csv
S2,4,W04_C5,20260903,0,253455540,EVAE|S2|geobg|4|W04_C5|20260903|0,"single_noguide, single_guide, dual_noguide, EVAE",f4_W04_C5_s20260903_d00.csv
S2,4,W04_C5,20260903,1,2015124514,EVAE|S2|geobg|4|W04_C5|20260903|1,"single_noguide, single_guide, dual_noguide, EVAE",f4_W04_C5_s20260903_d01.csv
S2,4,W04_C5,20260903,2,3776253336,EVAE|S2|geobg|4|W04_C5|20260903|2,"single_noguide, single_guide, dual_noguide, EVAE",f4_W04_C5_s20260903_d02.csv
S2,4,W04_C5,20260903,3,2517777678,EVAE|S2|geobg|4|W04_C5|20260903|3,"single_noguide, single_guide, dual_noguide, EVAE",f4_W04_C5_s20260903_d03.csv
S2,4,W04_C5,20260903,4,141994157,EVAE|S2|geobg|4|W04_C5|20260903|4,"single_noguide, single_guide, dual_noguide, EVAE",f4_W04_C5_s20260903_d04.csv
S2,4,W04_C5,20260903,5,2138150971,EVAE|S2|geobg|4|W04_C5|20260903|5,"single_noguide, single_guide, dual_noguide, EVAE",f4_W04_C5_s20260903_d05.csv
S2,4,W04_C5,20260903,6,3866675585,EVAE|S2|geobg|4|W04_C5|20260903|6,"single_noguide, single_guide, dual_noguide, EVAE",f4_W04_C5_s20260903_d06.csv
S2,4,W04_C5,20260903,7,2441083159,EVAE|S2|geobg|4|W04_C5|20260903|7,"single_noguide, single_guide, dual_noguide, EVAE",f4_W04_C5_s20260903_d07.csv
S2,4,W04_C5,7,0,1743400205,EVAE|S2|geobg|4|W04_C5|7|0,"single_noguide, single_guide, dual_noguide, EVAE",f4_W04_C5_s7_d00.csv
S2,4,W04_C5,7,1,283975067,EVAE|S2|geobg|4|W04_C5|7|1,"single_noguide, single_guide, dual_noguide, EVAE",f4_W04_C5_s7_d01.csv
S2,4,W04_C5,7,2,2313440289,EVAE|S2|geobg|4|W04_C5|7|2,"single_noguide, single_guide, dual_noguide, EVAE",f4_W04_C5_s7_d02.csv
S2,4,W04_C5,7,3,4276321463,EVAE|S2|geobg|4|W04_C5|7|3,"single_noguide, single_guide, dual_noguide, EVAE",f4_W04_C5_s7_d03.csv
S2,4,W04_C5,7,4,1619519764,EVAE|S2|geobg|4|W04_C5|7|4,"single_noguide, single_guide, dual_noguide, EVAE",f4_W04_C5_s7_d04.csv
S2,4,W04_C5,7,5,394320258,EVAE|S2|geobg|4|W04_C5|7|5,"single_noguide, single_guide, dual_noguide, EVAE",f4_W04_C5_s7_d05.csv
S2,4,W04_C5,7,6,2391377976,EVAE|S2|geobg|4|W04_C5|7|6,"single_noguide, single_guide, dual_noguide, EVAE",f4_W04_C5_s7_d06.csv
S2,4,W04_C5,7,7,4186880174,EVAE|S2|geobg|4|W04_C5|7|7,"single_noguide, single_guide, dual_noguide, EVAE",f4_W04_C5_s7_d07.csv
S2,4,W04_C6,1337,0,2212194916,EVAE|S2|geobg|4|W04_C6|1337|0,"single_noguide, single_guide, dual_noguide, EVAE",f4_W04_C6_s1337_d00.csv
S2,4,W04_C6,1337,1,4108081906,EVAE|S2|geobg|4|W04_C6|1337|1,"single_noguide, single_guide, dual_noguide, EVAE",f4_W04_C6_s1337_d01.csv
S2,4,W04_C6,1337,2,1842678600,EVAE|S2|geobg|4|W04_C6|1337|2,"single_noguide, single_guide, dual_noguide, EVAE",f4_W04_C6_s1337_d02.csv
S2,4,W04_C6,1337,3,449985502,EVAE|S2|geobg|4|W04_C6|1337|3,"single_noguide, single_guide, dual_noguide, EVAE",f4_W04_C6_s1337_d03.csv
S2,4,W04_C6,1337,4,2226564733,EVAE|S2|geobg|4|W04_C6|1337|4,"single_noguide, single_guide, dual_noguide, EVAE",f4_W04_C6_s1337_d04.csv
S2,4,W04_C6,1337,5,4088504043,EVAE|S2|geobg|4|W04_C6|1337|5,"single_noguide, single_guide, dual_noguide, EVAE",f4_W04_C6_s1337_d05.csv
S2,4,W04_C6,1337,6,1790496593,EVAE|S2|geobg|4|W04_C6|1337|6,"single_noguide, single_guide, dual_noguide, EVAE",f4_W04_C6_s1337_d06.csv
S2,4,W04_C6,1337,7,499122119,EVAE|S2|geobg|4|W04_C6|1337|7,"single_noguide, single_guide, dual_noguide, EVAE",f4_W04_C6_s1337_d07.csv
S2,4,W04_C6,20260903,0,2022030916,EVAE|S2|geobg|4|W04_C6|20260903|0,"single_noguide, single_guide, dual_noguide, EVAE",f4_W04_C6_s20260903_d00.csv
S2,4,W04_C6,20260903,1,260214482,EVAE|S2|geobg|4|W04_C6|20260903|1,"single_noguide, single_guide, dual_noguide, EVAE",f4_W04_C6_s20260903_d01.csv
S2,4,W04_C6,20260903,2,2525749096,EVAE|S2|geobg|4|W04_C6|20260903|2,"single_noguide, single_guide, dual_noguide, EVAE",f4_W04_C6_s20260903_d02.csv
S2,4,W04_C6,20260903,3,3784110078,EVAE|S2|geobg|4|W04_C6|20260903|3,"single_noguide, single_guide, dual_noguide, EVAE",f4_W04_C6_s20260903_d03.csv
S2,4,W04_C6,20260903,4,2145942109,EVAE|S2|geobg|4|W04_C6|20260903|4,"single_noguide, single_guide, dual_noguide, EVAE",f4_W04_C6_s20260903_d04.csv
S2,4,W04_C6,20260903,5,149899979,EVAE|S2|geobg|4|W04_C6|20260903|5,"single_noguide, single_guide, dual_noguide, EVAE",f4_W04_C6_s20260903_d05.csv
S2,4,W04_C6,20260903,6,2447776625,EVAE|S2|geobg|4|W04_C6|20260903|6,"single_noguide, single_guide, dual_noguide, EVAE",f4_W04_C6_s20260903_d06.csv
S2,4,W04_C6,20260903,7,3873516519,EVAE|S2|geobg|4|W04_C6|20260903|7,"single_noguide, single_guide, dual_noguide, EVAE",f4_W04_C6_s20260903_d07.csv
S2,4,W04_C6,7,0,541743069,EVAE|S2|geobg|4|W04_C6|7|0,"single_noguide, single_guide, dual_noguide, EVAE",f4_W04_C6_s7_d00.csv
S2,4,W04_C6,7,1,1464690507,EVAE|S2|geobg|4|W04_C6|7|1,"single_noguide, single_guide, dual_noguide, EVAE",f4_W04_C6_s7_d01.csv
S2,4,W04_C6,7,2,3460577009,EVAE|S2|geobg|4|W04_C6|7|2,"single_noguide, single_guide, dual_noguide, EVAE",f4_W04_C6_s7_d02.csv
S2,4,W04_C6,7,3,3108177511,EVAE|S2|geobg|4|W04_C6|7|3,"single_noguide, single_guide, dual_noguide, EVAE",f4_W04_C6_s7_d03.csv
S2,4,W04_C6,7,4,656905156,EVAE|S2|geobg|4|W04_C6|7|4,"single_noguide, single_guide, dual_noguide, EVAE",f4_W04_C6_s7_d04.csv
S2,4,W04_C6,7,5,1344316242,EVAE|S2|geobg|4|W04_C6|7|5,"single_noguide, single_guide, dual_noguide, EVAE",f4_W04_C6_s7_d05.csv
S2,4,W04_C6,7,6,3374969576,EVAE|S2|geobg|4|W04_C6|7|6,"single_noguide, single_guide, dual_noguide, EVAE",f4_W04_C6_s7_d06.csv
S2,4,W04_C6,7,7,3190735486,EVAE|S2|geobg|4|W04_C6|7|7,"single_noguide, single_guide, dual_noguide, EVAE",f4_W04_C6_s7_d07.csv
S2,4,W04_C7,1337,0,1332833018,EVAE|S2|geobg|4|W04_C7|1337|0,"single_noguide, single_guide, dual_noguide, EVAE",f4_W04_C7_s1337_d00.csv
S2,4,W04_C7,1337,1,947280492,EVAE|S2|geobg|4|W04_C7|1337|1,"single_noguide, single_guide, dual_noguide, EVAE",f4_W04_C7_s1337_d01.csv
S2,4,W04_C7,1337,2,2709457878,EVAE|S2|geobg|4|W04_C7|1337|2,"single_noguide, single_guide, dual_noguide, EVAE",f4_W04_C7_s1337_d02.csv
S2,4,W04_C7,1337,3,3598203712,EVAE|S2|geobg|4|W04_C7|1337|3,"single_noguide, single_guide, dual_noguide, EVAE",f4_W04_C7_s1337_d03.csv
S2,4,W04_C7,1337,4,1209839331,EVAE|S2|geobg|4|W04_C7|1337|4,"single_noguide, single_guide, dual_noguide, EVAE",f4_W04_C7_s1337_d04.csv
S2,4,W04_C7,1337,5,1058774645,EVAE|S2|geobg|4|W04_C7|1337|5,"single_noguide, single_guide, dual_noguide, EVAE",f4_W04_C7_s1337_d05.csv
S2,4,W04_C7,1337,6,2786250703,EVAE|S2|geobg|4|W04_C7|1337|6,"single_noguide, single_guide, dual_noguide, EVAE",f4_W04_C7_s1337_d06.csv
S2,4,W04_C7,1337,7,3507879769,EVAE|S2|geobg|4|W04_C7|1337|7,"single_noguide, single_guide, dual_noguide, EVAE",f4_W04_C7_s1337_d07.csv
S2,4,W04_C7,20260903,0,3810587179,EVAE|S2|geobg|4|W04_C7|20260903|0,"single_noguide, single_guide, dual_noguide, EVAE",f4_W04_C7_s20260903_d00.csv
S2,4,W04_C7,20260903,1,2485633725,EVAE|S2|geobg|4|W04_C7|20260903|1,"single_noguide, single_guide, dual_noguide, EVAE",f4_W04_C7_s20260903_d01.csv
S2,4,W04_C7,20260903,2,221156103,EVAE|S2|geobg|4|W04_C7|20260903|2,"single_noguide, single_guide, dual_noguide, EVAE",f4_W04_C7_s20260903_d02.csv
S2,4,W04_C7,20260903,3,2049549201,EVAE|S2|geobg|4|W04_C7|20260903|3,"single_noguide, single_guide, dual_noguide, EVAE",f4_W04_C7_s20260903_d03.csv
S2,4,W04_C7,20260903,4,3830265394,EVAE|S2|geobg|4|W04_C7|20260903|4,"single_noguide, single_guide, dual_noguide, EVAE",f4_W04_C7_s20260903_d04.csv
S2,4,W04_C7,20260903,5,2471102116,EVAE|S2|geobg|4|W04_C7|20260903|5,"single_noguide, single_guide, dual_noguide, EVAE",f4_W04_C7_s20260903_d05.csv
S2,4,W04_C7,20260903,6,172185374,EVAE|S2|geobg|4|W04_C7|20260903|6,"single_noguide, single_guide, dual_noguide, EVAE",f4_W04_C7_s20260903_d06.csv
S2,4,W04_C7,20260903,7,2101634952,EVAE|S2|geobg|4|W04_C7|20260903|7,"single_noguide, single_guide, dual_noguide, EVAE",f4_W04_C7_s20260903_d07.csv
S2,4,W04_C7,7,0,489324141,EVAE|S2|geobg|4|W04_C7|7|0,"single_noguide, single_guide, dual_noguide, EVAE",f4_W04_C7_s7_d00.csv
S2,4,W04_C7,7,1,1781354235,EVAE|S2|geobg|4|W04_C7|7|1,"single_noguide, single_guide, dual_noguide, EVAE",f4_W04_C7_s7_d01.csv
S2,4,W04_C7,7,2,4079230785,EVAE|S2|geobg|4|W04_C7|7|2,"single_noguide, single_guide, dual_noguide, EVAE",f4_W04_C7_s7_d02.csv
S2,4,W04_C7,7,3,2216898519,EVAE|S2|geobg|4|W04_C7|7|3,"single_noguide, single_guide, dual_noguide, EVAE",f4_W04_C7_s7_d03.csv
S2,4,W04_C7,7,4,440908404,EVAE|S2|geobg|4|W04_C7|7|4,"single_noguide, single_guide, dual_noguide, EVAE",f4_W04_C7_s7_d04.csv
S2,4,W04_C7,7,5,1832946402,EVAE|S2|geobg|4|W04_C7|7|5,"single_noguide, single_guide, dual_noguide, EVAE",f4_W04_C7_s7_d05.csv
S2,4,W04_C7,7,6,4098480984,EVAE|S2|geobg|4|W04_C7|7|6,"single_noguide, single_guide, dual_noguide, EVAE",f4_W04_C7_s7_d06.csv
S2,4,W04_C7,7,7,2202987470,EVAE|S2|geobg|4|W04_C7|7|7,"single_noguide, single_guide, dual_noguide, EVAE",f4_W04_C7_s7_d07.csv
S2,4,W04_C8,1337,0,2521921622,EVAE|S2|geobg|4|W04_C8|1337|0,"single_noguide, single_guide, dual_noguide, EVAE",f4_W04_C8_s1337_d00.csv
S2,4,W04_C8,1337,1,3780528320,EVAE|S2|geobg|4|W04_C8|1337|1,"single_noguide, single_guide, dual_noguide, EVAE",f4_W04_C8_s1337_d01.csv
S2,4,W04_C8,1337,2,2019498362,EVAE|S2|geobg|4|W04_C8|1337|2,"single_noguide, single_guide, dual_noguide, EVAE",f4_W04_C8_s1337_d02.csv
S2,4,W04_C8,1337,3,257436140,EVAE|S2|geobg|4|W04_C8|1337|3,"single_noguide, single_guide, dual_noguide, EVAE",f4_W04_C8_s1337_d03.csv
S2,4,W04_C8,1337,4,2436676687,EVAE|S2|geobg|4|W04_C8|1337|4,"single_noguide, single_guide, dual_noguide, EVAE",f4_W04_C8_s1337_d04.csv
S2,4,W04_C8,1337,5,3862662361,EVAE|S2|geobg|4|W04_C8|1337|5,"single_noguide, single_guide, dual_noguide, EVAE",f4_W04_C8_s1337_d05.csv
S2,4,W04_C8,1337,6,2134039907,EVAE|S2|geobg|4|W04_C8|1337|6,"single_noguide, single_guide, dual_noguide, EVAE",f4_W04_C8_s1337_d06.csv
S2,4,W04_C8,1337,7,137752053,EVAE|S2|geobg|4|W04_C8|1337|7,"single_noguide, single_guide, dual_noguide, EVAE",f4_W04_C8_s1337_d07.csv
S2,4,W04_C8,20260903,0,2444520794,EVAE|S2|geobg|4|W04_C8|20260903|0,"single_noguide, single_guide, dual_noguide, EVAE",f4_W04_C8_s20260903_d00.csv
S2,4,W04_C8,20260903,1,3870514636,EVAE|S2|geobg|4|W04_C8|20260903|1,"single_noguide, single_guide, dual_noguide, EVAE",f4_W04_C8_s20260903_d01.csv
S2,4,W04_C8,20260903,2,2142899318,EVAE|S2|geobg|4|W04_C8|20260903|2,"single_noguide, single_guide, dual_noguide, EVAE",f4_W04_C8_s20260903_d02.csv
S2,4,W04_C8,20260903,3,146619616,EVAE|S2|geobg|4|W04_C8|20260903|3,"single_noguide, single_guide, dual_noguide, EVAE",f4_W04_C8_s20260903_d03.csv
S2,4,W04_C8,20260903,4,2530847043,EVAE|S2|geobg|4|W04_C8|20260903|4,"single_noguide, single_guide, dual_noguide, EVAE",f4_W04_C8_s20260903_d04.csv
S2,4,W04_C8,20260903,5,3789461973,EVAE|S2|geobg|4|W04_C8|20260903|5,"single_noguide, single_guide, dual_noguide, EVAE",f4_W04_C8_s20260903_d05.csv
S2,4,W04_C8,20260903,6,2027407471,EVAE|S2|geobg|4|W04_C8|20260903|6,"single_noguide, single_guide, dual_noguide, EVAE",f4_W04_C8_s20260903_d06.csv
S2,4,W04_C8,20260903,7,265353465,EVAE|S2|geobg|4|W04_C8|20260903|7,"single_noguide, single_guide, dual_noguide, EVAE",f4_W04_C8_s20260903_d07.csv
S2,4,W04_C8,7,0,2675632572,EVAE|S2|geobg|4|W04_C8|7|0,"single_noguide, single_guide, dual_noguide, EVAE",f4_W04_C8_s7_d00.csv
S2,4,W04_C8,7,1,3900561706,EVAE|S2|geobg|4|W04_C8|7|1,"single_noguide, single_guide, dual_noguide, EVAE",f4_W04_C8_s7_d01.csv
S2,4,W04_C8,7,2,1903462544,EVAE|S2|geobg|4|W04_C8|7|2,"single_noguide, single_guide, dual_noguide, EVAE",f4_W04_C8_s7_d02.csv
S2,4,W04_C8,7,3,108247046,EVAE|S2|geobg|4|W04_C8|7|3,"single_noguide, single_guide, dual_noguide, EVAE",f4_W04_C8_s7_d03.csv
S2,4,W04_C8,7,4,2551655845,EVAE|S2|geobg|4|W04_C8|7|4,"single_noguide, single_guide, dual_noguide, EVAE",f4_W04_C8_s7_d04.csv
S2,4,W04_C8,7,5,4010810675,EVAE|S2|geobg|4|W04_C8|7|5,"single_noguide, single_guide, dual_noguide, EVAE",f4_W04_C8_s7_d05.csv
S2,4,W04_C8,7,6,1981369481,EVAE|S2|geobg|4|W04_C8|7|6,"single_noguide, single_guide, dual_noguide, EVAE",f4_W04_C8_s7_d06.csv
S2,4,W04_C8,7,7,18775071,EVAE|S2|geobg|4|W04_C8|7|7,"single_noguide, single_guide, dual_noguide, EVAE",f4_W04_C8_s7_d07.csv
S2,5,W05_C1,1337,0,4050347861,EVAE|S2|geobg|5|W05_C1|1337|0,"single_noguide, single_guide, dual_noguide, EVAE",f5_W05_C1_s1337_d00.csv
S2,5,W05_C1,1337,1,2255247299,EVAE|S2|geobg|5|W05_C1|1337|1,"single_noguide, single_guide, dual_noguide, EVAE",f5_W05_C1_s1337_d01.csv
S2,5,W05_C1,1337,2,526714489,EVAE|S2|geobg|5|W05_C1|1337|2,"single_noguide, single_guide, dual_noguide, EVAE",f5_W05_C1_s1337_d02.csv
S2,5,W05_C1,1337,3,1751267055,EVAE|S2|geobg|5|W05_C1|1337|3,"single_noguide, single_guide, dual_noguide, EVAE",f5_W05_C1_s1337_d03.csv
S2,5,W05_C1,1337,4,4127630156,EVAE|S2|geobg|5|W05_C1|1337|4,"single_noguide, single_guide, dual_noguide, EVAE",f5_W05_C1_s1337_d04.csv
S2,5,W05_C1,1337,5,2164364250,EVAE|S2|geobg|5|W05_C1|1337|5,"single_noguide, single_guide, dual_noguide, EVAE",f5_W05_C1_s1337_d05.csv
S2,5,W05_C1,1337,6,403227232,EVAE|S2|geobg|5|W05_C1|1337|6,"single_noguide, single_guide, dual_noguide, EVAE",f5_W05_C1_s1337_d06.csv
S2,5,W05_C1,1337,7,1863316214,EVAE|S2|geobg|5|W05_C1|1337|7,"single_noguide, single_guide, dual_noguide, EVAE",f5_W05_C1_s1337_d07.csv
S2,5,W05_C1,20260903,0,1644432507,EVAE|S2|geobg|5|W05_C1|20260903|0,"single_noguide, single_guide, dual_noguide, EVAE",f5_W05_C1_s20260903_d00.csv
S2,5,W05_C1,20260903,1,352533741,EVAE|S2|geobg|5|W05_C1|20260903|1,"single_noguide, single_guide, dual_noguide, EVAE",f5_W05_C1_s20260903_d01.csv
S2,5,W05_C1,20260903,2,2349493591,EVAE|S2|geobg|5|W05_C1|20260903|2,"single_noguide, single_guide, dual_noguide, EVAE",f5_W05_C1_s20260903_d02.csv
S2,5,W05_C1,20260903,3,4211957185,EVAE|S2|geobg|5|W05_C1|20260903|3,"single_noguide, single_guide, dual_noguide, EVAE",f5_W05_C1_s20260903_d03.csv
S2,5,W05_C1,20260903,4,1701431394,EVAE|S2|geobg|5|W05_C1|20260903|4,"single_noguide, single_guide, dual_noguide, EVAE",f5_W05_C1_s20260903_d04.csv
S2,5,W05_C1,20260903,5,309262580,EVAE|S2|geobg|5|W05_C1|20260903|5,"single_noguide, single_guide, dual_noguide, EVAE",f5_W05_C1_s20260903_d05.csv
S2,5,W05_C1,20260903,6,2338826574,EVAE|S2|geobg|5|W05_C1|20260903|6,"single_noguide, single_guide, dual_noguide, EVAE",f5_W05_C1_s20260903_d06.csv
S2,5,W05_C1,20260903,7,4234189272,EVAE|S2|geobg|5|W05_C1|20260903|7,"single_noguide, single_guide, dual_noguide, EVAE",f5_W05_C1_s20260903_d07.csv
S2,5,W05_C1,7,0,3311781692,EVAE|S2|geobg|5|W05_C1|7|0,"single_noguide, single_guide, dual_noguide, EVAE",f5_W05_C1_s7_d00.csv
S2,5,W05_C1,7,1,2992830378,EVAE|S2|geobg|5|W05_C1|7|1,"single_noguide, single_guide, dual_noguide, EVAE",f5_W05_C1_s7_d01.csv
S2,5,W05_C1,7,2,728475152,EVAE|S2|geobg|5|W05_C1|7|2,"single_noguide, single_guide, dual_noguide, EVAE",f5_W05_C1_s7_d02.csv
S2,5,W05_C1,7,3,1550620294,EVAE|S2|geobg|5|W05_C1|7|3,"single_noguide, single_guide, dual_noguide, EVAE",f5_W05_C1_s7_d03.csv
S2,5,W05_C1,7,4,3255304997,EVAE|S2|geobg|5|W05_C1|7|4,"single_noguide, single_guide, dual_noguide, EVAE",f5_W05_C1_s7_d04.csv
S2,5,W05_C1,7,5,3037672371,EVAE|S2|geobg|5|W05_C1|7|5,"single_noguide, single_guide, dual_noguide, EVAE",f5_W05_C1_s7_d05.csv
S2,5,W05_C1,7,6,738615817,EVAE|S2|geobg|5|W05_C1|7|6,"single_noguide, single_guide, dual_noguide, EVAE",f5_W05_C1_s7_d06.csv
S2,5,W05_C1,7,7,1526813343,EVAE|S2|geobg|5|W05_C1|7|7,"single_noguide, single_guide, dual_noguide, EVAE",f5_W05_C1_s7_d07.csv
S2,5,W05_C2,1337,0,2145673398,EVAE|S2|geobg|5|W05_C2|1337|0,"single_noguide, single_guide, dual_noguide, EVAE",f5_W05_C2_s1337_d00.csv
S2,5,W05_C2,1337,1,149114912,EVAE|S2|geobg|5|W05_C2|1337|1,"single_noguide, single_guide, dual_noguide, EVAE",f5_W05_C2_s1337_d01.csv
S2,5,W05_C2,1337,2,2448032154,EVAE|S2|geobg|5|W05_C2|1337|2,"single_noguide, single_guide, dual_noguide, EVAE",f5_W05_C2_s1337_d02.csv
S2,5,W05_C2,1337,3,3874304268,EVAE|S2|geobg|5|W05_C2|1337|3,"single_noguide, single_guide, dual_noguide, EVAE",f5_W05_C2_s1337_d03.csv
S2,5,W05_C2,1337,4,2022286511,EVAE|S2|geobg|5|W05_C2|1337|4,"single_noguide, single_guide, dual_noguide, EVAE",f5_W05_C2_s1337_d04.csv
S2,5,W05_C2,1337,5,261002297,EVAE|S2|geobg|5|W05_C2|1337|5,"single_noguide, single_guide, dual_noguide, EVAE",f5_W05_C2_s1337_d05.csv
S2,5,W05_C2,1337,6,2525480323,EVAE|S2|geobg|5|W05_C2|1337|6,"single_noguide, single_guide, dual_noguide, EVAE",f5_W05_C2_s1337_d06.csv
S2,5,W05_C2,1337,7,3783324949,EVAE|S2|geobg|5|W05_C2|1337|7,"single_noguide, single_guide, dual_noguide, EVAE",f5_W05_C2_s1337_d07.csv
S2,5,W05_C2,20260903,0,362471051,EVAE|S2|geobg|5|W05_C2|20260903|0,"single_noguide, single_guide, dual_noguide, EVAE",f5_W05_C2_s20260903_d00.csv
S2,5,W05_C2,20260903,1,1654517277,EVAE|S2|geobg|5|W05_C2|20260903|1,"single_noguide, single_guide, dual_noguide, EVAE",f5_W05_C2_s20260903_d01.csv
S2,5,W05_C2,20260903,2,4220829607,EVAE|S2|geobg|5|W05_C2|20260903|2,"single_noguide, single_guide, dual_noguide, EVAE",f5_W05_C2_s20260903_d02.csv
S2,5,W05_C2,20260903,3,2358480689,EVAE|S2|geobg|5|W05_C2|20260903|3,"single_noguide, single_guide, dual_noguide, EVAE",f5_W05_C2_s20260903_d03.csv
S2,5,W05_C2,20260903,4,318184082,EVAE|S2|geobg|5|W05_C2|20260903|4,"single_noguide, single_guide, dual_noguide, EVAE",f5_W05_C2_s20260903_d04.csv
S2,5,W05_C2,20260903,5,1710238212,EVAE|S2|geobg|5|W05_C2|20260903|5,"single_noguide, single_guide, dual_noguide, EVAE",f5_W05_C2_s20260903_d05.csv
S2,5,W05_C2,20260903,6,4244208574,EVAE|S2|geobg|5|W05_C2|20260903|6,"single_noguide, single_guide, dual_noguide, EVAE",f5_W05_C2_s20260903_d06.csv
S2,5,W05_C2,20260903,7,2348698408,EVAE|S2|geobg|5|W05_C2|20260903|7,"single_noguide, single_guide, dual_noguide, EVAE",f5_W05_C2_s20260903_d07.csv
S2,5,W05_C2,7,0,2193997292,EVAE|S2|geobg|5|W05_C2|7|0,"single_noguide, single_guide, dual_noguide, EVAE",f5_W05_C2_s7_d00.csv
S2,5,W05_C2,7,1,4123168122,EVAE|S2|geobg|5|W05_C2|7|1,"single_noguide, single_guide, dual_noguide, EVAE",f5_W05_C2_s7_d01.csv
S2,5,W05_C2,7,2,1825299648,EVAE|S2|geobg|5|W05_C2|7|2,"single_noguide, single_guide, dual_noguide, EVAE",f5_W05_C2_s7_d02.csv
S2,5,W05_C2,7,3,466414678,EVAE|S2|geobg|5|W05_C2|7|3,"single_noguide, single_guide, dual_noguide, EVAE",f5_W05_C2_s7_d03.csv
S2,5,W05_C2,7,4,2242410997,EVAE|S2|geobg|5|W05_C2|7|4,"single_noguide, single_guide, dual_noguide, EVAE",f5_W05_C2_s7_d04.csv
S2,5,W05_C2,7,5,4071573859,EVAE|S2|geobg|5|W05_C2|7|5,"single_noguide, single_guide, dual_noguide, EVAE",f5_W05_C2_s7_d05.csv
S2,5,W05_C2,7,6,1806047449,EVAE|S2|geobg|5|W05_C2|7|6,"single_noguide, single_guide, dual_noguide, EVAE",f5_W05_C2_s7_d06.csv
S2,5,W05_C2,7,7,480323663,EVAE|S2|geobg|5|W05_C2|7|7,"single_noguide, single_guide, dual_noguide, EVAE",f5_W05_C2_s7_d07.csv
S2,5,W05_C3,1337,0,3008258088,EVAE|S2|geobg|5|W05_C3|1337|0,"single_noguide, single_guide, dual_noguide, EVAE",f5_W05_C3_s1337_d00.csv
S2,5,W05_C3,1337,1,3293139134,EVAE|S2|geobg|5|W05_C3|1337|1,"single_noguide, single_guide, dual_noguide, EVAE",f5_W05_C3_s1337_d01.csv
S2,5,W05_C3,1337,2,1564475652,EVAE|S2|geobg|5|W05_C3|1337|2,"single_noguide, single_guide, dual_noguide, EVAE",f5_W05_C3_s1337_d02.csv
S2,5,W05_C3,1337,3,709308818,EVAE|S2|geobg|5|W05_C3|1337|3,"single_noguide, single_guide, dual_noguide, EVAE",f5_W05_C3_s1337_d03.csv
S2,5,W05_C3,1337,4,3022234673,EVAE|S2|geobg|5|W05_C3|1337|4,"single_noguide, single_guide, dual_noguide, EVAE",f5_W05_C3_s1337_d04.csv
S2,5,W05_C3,1337,5,3273954471,EVAE|S2|geobg|5|W05_C3|1337|5,"single_noguide, single_guide, dual_noguide, EVAE",f5_W05_C3_s1337_d05.csv
S2,5,W05_C3,1337,6,1512949021,EVAE|S2|geobg|5|W05_C3|1337|6,"single_noguide, single_guide, dual_noguide, EVAE",f5_W05_C3_s1337_d06.csv
S2,5,W05_C3,1337,7,757790091,EVAE|S2|geobg|5|W05_C3|1337|7,"single_noguide, single_guide, dual_noguide, EVAE",f5_W05_C3_s1337_d07.csv
S2,5,W05_C3,20260903,0,2386531044,EVAE|S2|geobg|5|W05_C3|20260903|0,"single_noguide, single_guide, dual_noguide, EVAE",f5_W05_C3_s20260903_d00.csv
S2,5,W05_C3,20260903,1,4181238386,EVAE|S2|geobg|5|W05_C3|20260903|1,"single_noguide, single_guide, dual_noguide, EVAE",f5_W05_C3_s20260903_d01.csv
S2,5,W05_C3,20260903,2,1613886408,EVAE|S2|geobg|5|W05_C3|20260903|2,"single_noguide, single_guide, dual_noguide, EVAE",f5_W05_C3_s20260903_d02.csv
S2,5,W05_C3,20260903,3,389464926,EVAE|S2|geobg|5|W05_C3|20260903|3,"single_noguide, single_guide, dual_noguide, EVAE",f5_W05_C3_s20260903_d03.csv
S2,5,W05_C3,20260903,4,2303874813,EVAE|S2|geobg|5|W05_C3|20260903|4,"single_noguide, single_guide, dual_noguide, EVAE",f5_W05_C3_s20260903_d04.csv
S2,5,W05_C3,20260903,5,4267009643,EVAE|S2|geobg|5|W05_C3|20260903|5,"single_noguide, single_guide, dual_noguide, EVAE",f5_W05_C3_s20260903_d05.csv
S2,5,W05_C3,20260903,6,1734096849,EVAE|S2|geobg|5|W05_C3|20260903|6,"single_noguide, single_guide, dual_noguide, EVAE",f5_W05_C3_s20260903_d06.csv
S2,5,W05_C3,20260903,7,274401095,EVAE|S2|geobg|5|W05_C3|20260903|7,"single_noguide, single_guide, dual_noguide, EVAE",f5_W05_C3_s20260903_d07.csv
S2,5,W05_C3,7,0,3215299676,EVAE|S2|geobg|5|W05_C3|7|0,"single_noguide, single_guide, dual_noguide, EVAE",f5_W05_C3_s7_d00.csv
S2,5,W05_C3,7,1,3366102218,EVAE|S2|geobg|5|W05_C3|7|1,"single_noguide, single_guide, dual_noguide, EVAE",f5_W05_C3_s7_d01.csv
S2,5,W05_C3,7,2,1370223984,EVAE|S2|geobg|5|W05_C3|7|2,"single_noguide, single_guide, dual_noguide, EVAE",f5_W05_C3_s7_d02.csv
S2,5,W05_C3,7,3,648857062,EVAE|S2|geobg|5|W05_C3|7|3,"single_noguide, single_guide, dual_noguide, EVAE",f5_W05_C3_s7_d03.csv
S2,5,W05_C3,7,4,3100135493,EVAE|S2|geobg|5|W05_C3|7|4,"single_noguide, single_guide, dual_noguide, EVAE",f5_W05_C3_s7_d04.csv
S2,5,W05_C3,7,5,3486474451,EVAE|S2|geobg|5|W05_C3|7|5,"single_noguide, single_guide, dual_noguide, EVAE",f5_W05_C3_s7_d05.csv
S2,5,W05_C3,7,6,1455829353,EVAE|S2|geobg|5|W05_C3|7|6,"single_noguide, single_guide, dual_noguide, EVAE",f5_W05_C3_s7_d06.csv
S2,5,W05_C3,7,7,566297087,EVAE|S2|geobg|5|W05_C3|7|7,"single_noguide, single_guide, dual_noguide, EVAE",f5_W05_C3_s7_d07.csv
S2,5,W05_C4,1337,0,3112921393,EVAE|S2|geobg|5|W05_C4|1337|0,"single_noguide, single_guide, dual_noguide, EVAE",f5_W05_C4_s1337_d00.csv
S2,5,W05_C4,1337,1,3465304487,EVAE|S2|geobg|5|W05_C4|1337|1,"single_noguide, single_guide, dual_noguide, EVAE",f5_W05_C4_s1337_d01.csv
S2,5,W05_C4,1337,2,1468336157,EVAE|S2|geobg|5|W05_C4|1337|2,"single_noguide, single_guide, dual_noguide, EVAE",f5_W05_C4_s1337_d02.csv
S2,5,W05_C4,1337,3,545405067,EVAE|S2|geobg|5|W05_C4|1337|3,"single_noguide, single_guide, dual_noguide, EVAE",f5_W05_C4_s1337_d03.csv
S2,5,W05_C4,1337,4,3202788648,EVAE|S2|geobg|5|W05_C4|1337|4,"single_noguide, single_guide, dual_noguide, EVAE",f5_W05_C4_s1337_d04.csv
S2,5,W05_C4,1337,5,3387006398,EVAE|S2|geobg|5|W05_C4|1337|5,"single_noguide, single_guide, dual_noguide, EVAE",f5_W05_C4_s1337_d05.csv
S2,5,W05_C4,1337,6,1357433860,EVAE|S2|geobg|5|W05_C4|1337|6,"single_noguide, single_guide, dual_noguide, EVAE",f5_W05_C4_s1337_d06.csv
S2,5,W05_C4,1337,7,670039186,EVAE|S2|geobg|5|W05_C4|1337|7,"single_noguide, single_guide, dual_noguide, EVAE",f5_W05_C4_s1337_d07.csv
S2,5,W05_C4,20260903,0,4205280107,EVAE|S2|geobg|5|W05_C4|20260903|0,"single_noguide, single_guide, dual_noguide, EVAE",f5_W05_C4_s20260903_d00.csv
S2,5,W05_C4,20260903,1,2376092669,EVAE|S2|geobg|5|W05_C4|20260903|1,"single_noguide, single_guide, dual_noguide, EVAE",f5_W05_C4_s20260903_d01.csv
S2,5,W05_C4,20260903,2,346626631,EVAE|S2|geobg|5|W05_C4|20260903|2,"single_noguide, single_guide, dual_noguide, EVAE",f5_W05_C4_s20260903_d02.csv
S2,5,W05_C4,20260903,3,1672358609,EVAE|S2|geobg|5|W05_C4|20260903|3,"single_noguide, single_guide, dual_noguide, EVAE",f5_W05_C4_s20260903_d03.csv
S2,5,W05_C4,20260903,4,4257922930,EVAE|S2|geobg|5|W05_C4|20260903|4,"single_noguide, single_guide, dual_noguide, EVAE",f5_W05_C4_s20260903_d04.csv
S2,5,W05_C4,20260903,5,2328727524,EVAE|S2|geobg|5|W05_C4|20260903|5,"single_noguide, single_guide, dual_noguide, EVAE",f5_W05_C4_s20260903_d05.csv
S2,5,W05_C4,20260903,6,331669086,EVAE|S2|geobg|5|W05_C4|20260903|6,"single_noguide, single_guide, dual_noguide, EVAE",f5_W05_C4_s20260903_d06.csv
S2,5,W05_C4,20260903,7,1690562248,EVAE|S2|geobg|5|W05_C4|20260903|7,"single_noguide, single_guide, dual_noguide, EVAE",f5_W05_C4_s20260903_d07.csv
S2,5,W05_C4,7,0,226838604,EVAE|S2|geobg|5|W05_C4|7|0,"single_noguide, single_guide, dual_noguide, EVAE",f5_W05_C4_s7_d00.csv
S2,5,W05_C4,7,1,2055370970,EVAE|S2|geobg|5|W05_C4|7|1,"single_noguide, single_guide, dual_noguide, EVAE",f5_W05_C4_s7_d01.csv
S2,5,W05_C4,7,2,3817548128,EVAE|S2|geobg|5|W05_C4|7|2,"single_noguide, single_guide, dual_noguide, EVAE",f5_W05_C4_s7_d02.csv
S2,5,W05_C4,7,3,2492209654,EVAE|S2|geobg|5|W05_C4|7|3,"single_noguide, single_guide, dual_noguide, EVAE",f5_W05_C4_s7_d03.csv
S2,5,W05_C4,7,4,183012437,EVAE|S2|geobg|5|W05_C4|7|4,"single_noguide, single_guide, dual_noguide, EVAE",f5_W05_C4_s7_d04.csv
S2,5,W05_C4,7,5,2112863427,EVAE|S2|geobg|5|W05_C4|7|5,"single_noguide, single_guide, dual_noguide, EVAE",f5_W05_C4_s7_d05.csv
S2,5,W05_C4,7,6,3840339321,EVAE|S2|geobg|5|W05_C4|7|6,"single_noguide, single_guide, dual_noguide, EVAE",f5_W05_C4_s7_d06.csv
S2,5,W05_C4,7,7,2481053167,EVAE|S2|geobg|5|W05_C4|7|7,"single_noguide, single_guide, dual_noguide, EVAE",f5_W05_C4_s7_d07.csv
S2,5,W05_C5,1337,0,1965124015,EVAE|S2|geobg|5|W05_C5|1337|0,"single_noguide, single_guide, dual_noguide, EVAE",f5_W05_C5_s1337_d00.csv
S2,5,W05_C5,1337,1,36067641,EVAE|S2|geobg|5|W05_C5|1337|1,"single_noguide, single_guide, dual_noguide, EVAE",f5_W05_C5_s1337_d01.csv
S2,5,W05_C5,1337,2,2603550851,EVAE|S2|geobg|5|W05_C5|1337|2,"single_noguide, single_guide, dual_noguide, EVAE",f5_W05_C5_s1337_d02.csv
S2,5,W05_C5,1337,3,3962058773,EVAE|S2|geobg|5|W05_C5|1337|3,"single_noguide, single_guide, dual_noguide, EVAE",f5_W05_C5_s1337_d03.csv
S2,5,W05_C5,1337,4,1917627830,EVAE|S2|geobg|5|W05_C5|1337|4,"single_noguide, single_guide, dual_noguide, EVAE",f5_W05_C5_s1337_d04.csv
S2,5,W05_C5,1337,5,88841504,EVAE|S2|geobg|5|W05_C5|1337|5,"single_noguide, single_guide, dual_noguide, EVAE",f5_W05_C5_s1337_d05.csv
S2,5,W05_C5,1337,6,2621623450,EVAE|S2|geobg|5|W05_C5|1337|6,"single_noguide, single_guide, dual_noguide, EVAE",f5_W05_C5_s1337_d06.csv
S2,5,W05_C5,1337,7,3947232268,EVAE|S2|geobg|5|W05_C5|1337|7,"single_noguide, single_guide, dual_noguide, EVAE",f5_W05_C5_s1337_d07.csv
S2,5,W05_C5,20260903,0,1627535108,EVAE|S2|geobg|5|W05_C5|20260903|0,"single_noguide, single_guide, dual_noguide, EVAE",f5_W05_C5_s20260903_d00.csv
S2,5,W05_C5,20260903,1,369428370,EVAE|S2|geobg|5|W05_C5|20260903|1,"single_noguide, single_guide, dual_noguide, EVAE",f5_W05_C5_s20260903_d01.csv
S2,5,W05_C5,20260903,2,2399950376,EVAE|S2|geobg|5|W05_C5|20260903|2,"single_noguide, single_guide, dual_noguide, EVAE",f5_W05_C5_s20260903_d02.csv
S2,5,W05_C5,20260903,3,4161496766,EVAE|S2|geobg|5|W05_C5|20260903|3,"single_noguide, single_guide, dual_noguide, EVAE",f5_W05_C5_s20260903_d03.csv
S2,5,W05_C5,20260903,4,1718612765,EVAE|S2|geobg|5|W05_C5|20260903|4,"single_noguide, single_guide, dual_noguide, EVAE",f5_W05_C5_s20260903_d04.csv
S2,5,W05_C5,20260903,5,292078475,EVAE|S2|geobg|5|W05_C5|20260903|5,"single_noguide, single_guide, dual_noguide, EVAE",f5_W05_C5_s20260903_d05.csv
S2,5,W05_C5,20260903,6,2288095793,EVAE|S2|geobg|5|W05_C5|20260903|6,"single_noguide, single_guide, dual_noguide, EVAE",f5_W05_C5_s20260903_d06.csv
S2,5,W05_C5,20260903,7,4284916391,EVAE|S2|geobg|5|W05_C5|20260903|7,"single_noguide, single_guide, dual_noguide, EVAE",f5_W05_C5_s20260903_d07.csv
S2,5,W05_C5,7,0,820339196,EVAE|S2|geobg|5|W05_C5|7|0,"single_noguide, single_guide, dual_noguide, EVAE",f5_W05_C5_s7_d00.csv
S2,5,W05_C5,7,1,1206014314,EVAE|S2|geobg|5|W05_C5|7|1,"single_noguide, single_guide, dual_noguide, EVAE",f5_W05_C5_s7_d01.csv
S2,5,W05_C5,7,2,3739943120,EVAE|S2|geobg|5|W05_C5|7|2,"single_noguide, single_guide, dual_noguide, EVAE",f5_W05_C5_s7_d02.csv
S2,5,W05_C5,7,3,2850828358,EVAE|S2|geobg|5|W05_C5|7|3,"single_noguide, single_guide, dual_noguide, EVAE",f5_W05_C5_s7_d03.csv
S2,5,W05_C5,7,4,931702245,EVAE|S2|geobg|5|W05_C5|7|4,"single_noguide, single_guide, dual_noguide, EVAE",f5_W05_C5_s7_d04.csv
S2,5,W05_C5,7,5,1083151731,EVAE|S2|geobg|5|W05_C5|7|5,"single_noguide, single_guide, dual_noguide, EVAE",f5_W05_C5_s7_d05.csv
S2,5,W05_C5,7,6,3649488073,EVAE|S2|geobg|5|W05_C5|7|6,"single_noguide, single_guide, dual_noguide, EVAE",f5_W05_C5_s7_d06.csv
S2,5,W05_C5,7,7,2927752287,EVAE|S2|geobg|5|W05_C5|7|7,"single_noguide, single_guide, dual_noguide, EVAE",f5_W05_C5_s7_d07.csv
S2,5,W05_C6,1337,0,4222512716,EVAE|S2|geobg|5|W05_C6|1337|0,"single_noguide, single_guide, dual_noguide, EVAE",f5_W05_C6_s1337_d00.csv
S2,5,W05_C6,1337,1,2359910106,EVAE|S2|geobg|5|W05_C6|1337|1,"single_noguide, single_guide, dual_noguide, EVAE",f5_W05_C6_s1337_d01.csv
S2,5,W05_C6,1337,2,362811232,EVAE|S2|geobg|5|W05_C6|1337|2,"single_noguide, single_guide, dual_noguide, EVAE",f5_W05_C6_s1337_d02.csv
S2,5,W05_C6,1337,3,1655128054,EVAE|S2|geobg|5|W05_C6|1337|3,"single_noguide, single_guide, dual_noguide, EVAE",f5_W05_C6_s1337_d03.csv
S2,5,W05_C6,1337,4,4240681557,EVAE|S2|geobg|5|W05_C6|1337|4,"single_noguide, single_guide, dual_noguide, EVAE",f5_W05_C6_s1337_d04.csv
S2,5,W05_C6,1337,5,2344917699,EVAE|S2|geobg|5|W05_C6|1337|5,"single_noguide, single_guide, dual_noguide, EVAE",f5_W05_C6_s1337_d05.csv
S2,5,W05_C6,1337,6,315476857,EVAE|S2|geobg|5|W05_C6|1337|6,"single_noguide, single_guide, dual_noguide, EVAE",f5_W05_C6_s1337_d06.csv
S2,5,W05_C6,1337,7,1707801583,EVAE|S2|geobg|5|W05_C6|1337|7,"single_noguide, single_guide, dual_noguide, EVAE",f5_W05_C6_s1337_d07.csv
S2,5,W05_C6,20260903,0,379381236,EVAE|S2|geobg|5|W05_C6|20260903|0,"single_noguide, single_guide, dual_noguide, EVAE",f5_W05_C6_s20260903_d00.csv
S2,5,W05_C6,20260903,1,1637602658,EVAE|S2|geobg|5|W05_C6|20260903|1,"single_noguide, single_guide, dual_noguide, EVAE",f5_W05_C6_s20260903_d01.csv
S2,5,W05_C6,20260903,2,4170351832,EVAE|S2|geobg|5|W05_C6|20260903|2,"single_noguide, single_guide, dual_noguide, EVAE",f5_W05_C6_s20260903_d02.csv
S2,5,W05_C6,20260903,3,2408952910,EVAE|S2|geobg|5|W05_C6|20260903|3,"single_noguide, single_guide, dual_noguide, EVAE",f5_W05_C6_s20260903_d03.csv
S2,5,W05_C6,20260903,4,301015533,EVAE|S2|geobg|5|W05_C6|20260903|4,"single_noguide, single_guide, dual_noguide, EVAE",f5_W05_C6_s20260903_d04.csv
S2,5,W05_C6,20260903,5,1727402363,EVAE|S2|geobg|5|W05_C6|20260903|5,"single_noguide, single_guide, dual_noguide, EVAE",f5_W05_C6_s20260903_d05.csv
S2,5,W05_C6,20260903,6,4294918337,EVAE|S2|geobg|5|W05_C6|20260903|6,"single_noguide, single_guide, dual_noguide, EVAE",f5_W05_C6_s20260903_d06.csv
S2,5,W05_C6,20260903,7,2297983063,EVAE|S2|geobg|5|W05_C6|20260903|7,"single_noguide, single_guide, dual_noguide, EVAE",f5_W05_C6_s20260903_d07.csv
S2,5,W05_C6,7,0,2001017644,EVAE|S2|geobg|5|W05_C6|7|0,"single_noguide, single_guide, dual_noguide, EVAE",f5_W05_C6_s7_d00.csv
S2,5,W05_C6,7,1,4336570,EVAE|S2|geobg|5|W05_C6|7|1,"single_noguide, single_guide, dual_noguide, EVAE",f5_W05_C6_s7_d01.csv
S2,5,W05_C6,7,2,2571860480,EVAE|S2|geobg|5|W05_C6|7|2,"single_noguide, single_guide, dual_noguide, EVAE",f5_W05_C6_s7_d02.csv
S2,5,W05_C6,7,3,3997977238,EVAE|S2|geobg|5|W05_C6|7|3,"single_noguide, single_guide, dual_noguide, EVAE",f5_W05_C6_s7_d03.csv
S2,5,W05_C6,7,4,1881726773,EVAE|S2|geobg|5|W05_C6|7|4,"single_noguide, single_guide, dual_noguide, EVAE",f5_W05_C6_s7_d04.csv
S2,5,W05_C6,7,5,120582051,EVAE|S2|geobg|5|W05_C6|7|5,"single_noguide, single_guide, dual_noguide, EVAE",f5_W05_C6_s7_d05.csv
S2,5,W05_C6,7,6,2653339161,EVAE|S2|geobg|5|W05_C6|7|6,"single_noguide, single_guide, dual_noguide, EVAE",f5_W05_C6_s7_d06.csv
S2,5,W05_C6,7,7,3911290511,EVAE|S2|geobg|5|W05_C6|7|7,"single_noguide, single_guide, dual_noguide, EVAE",f5_W05_C6_s7_d07.csv
S2,5,W05_C7,1337,0,923037394,EVAE|S2|geobg|5|W05_C7|1337|0,"single_noguide, single_guide, dual_noguide, EVAE",f5_W05_C7_s1337_d00.csv
S2,5,W05_C7,1337,1,1073962564,EVAE|S2|geobg|5|W05_C7|1337|1,"single_noguide, single_guide, dual_noguide, EVAE",f5_W05_C7_s1337_d01.csv
S2,5,W05_C7,1337,2,3641315326,EVAE|S2|geobg|5|W05_C7|1337|2,"single_noguide, single_guide, dual_noguide, EVAE",f5_W05_C7_s1337_d02.csv
S2,5,W05_C7,1337,3,2920103784,EVAE|S2|geobg|5|W05_C7|1337|3,"single_noguide, single_guide, dual_noguide, EVAE",f5_W05_C7_s1337_d03.csv
S2,5,W05_C7,1337,4,812231371,EVAE|S2|geobg|5|W05_C7|1337|4,"single_noguide, single_guide, dual_noguide, EVAE",f5_W05_C7_s1337_d04.csv
S2,5,W05_C7,1337,5,1198430813,EVAE|S2|geobg|5|W05_C7|1337|5,"single_noguide, single_guide, dual_noguide, EVAE",f5_W05_C7_s1337_d05.csv
S2,5,W05_C7,1337,6,3731344359,EVAE|S2|geobg|5|W05_C7|1337|6,"single_noguide, single_guide, dual_noguide, EVAE",f5_W05_C7_s1337_d06.csv
S2,5,W05_C7,1337,7,2841705329,EVAE|S2|geobg|5|W05_C7|1337|7,"single_noguide, single_guide, dual_noguide, EVAE",f5_W05_C7_s1337_d07.csv
S2,5,W05_C7,20260903,0,2369366427,EVAE|S2|geobg|5|W05_C7|20260903|0,"single_noguide, single_guide, dual_noguide, EVAE",f5_W05_C7_s20260903_d00.csv
S2,5,W05_C7,20260903,1,4198406413,EVAE|S2|geobg|5|W05_C7|20260903|1,"single_noguide, single_guide, dual_noguide, EVAE",f5_W05_C7_s20260903_d01.csv
S2,5,W05_C7,20260903,2,1664600247,EVAE|S2|geobg|5|W05_C7|20260903|2,"single_noguide, single_guide, dual_noguide, EVAE",f5_W05_C7_s20260903_d02.csv
S2,5,W05_C7,20260903,3,338753569,EVAE|S2|geobg|5|W05_C7|20260903|3,"single_noguide, single_guide, dual_noguide, EVAE",f5_W05_C7_s20260903_d03.csv
S2,5,W05_C7,20260903,4,2320788866,EVAE|S2|geobg|5|W05_C7|20260903|4,"single_noguide, single_guide, dual_noguide, EVAE",f5_W05_C7_s20260903_d04.csv
S2,5,W05_C7,20260903,5,4250098964,EVAE|S2|geobg|5|W05_C7|20260903|5,"single_noguide, single_guide, dual_noguide, EVAE",f5_W05_C7_s20260903_d05.csv
S2,5,W05_C7,20260903,6,1683623086,EVAE|S2|geobg|5|W05_C7|20260903|6,"single_noguide, single_guide, dual_noguide, EVAE",f5_W05_C7_s20260903_d06.csv
S2,5,W05_C7,20260903,7,324877368,EVAE|S2|geobg|5|W05_C7|20260903|7,"single_noguide, single_guide, dual_noguide, EVAE",f5_W05_C7_s20260903_d07.csv
S2,5,W05_C7,7,0,1243951772,EVAE|S2|geobg|5|W05_C7|7|0,"single_noguide, single_guide, dual_noguide, EVAE",f5_W05_C7_s7_d00.csv
S2,5,W05_C7,7,1,1025638922,EVAE|S2|geobg|5|W05_C7|7|1,"single_noguide, single_guide, dual_noguide, EVAE",f5_W05_C7_s7_d01.csv
S2,5,W05_C7,7,2,2754302896,EVAE|S2|geobg|5|W05_C7|7|2,"single_noguide, single_guide, dual_noguide, EVAE",f5_W05_C7_s7_d02.csv
S2,5,W05_C7,7,3,3542901542,EVAE|S2|geobg|5|W05_C7|7|3,"single_noguide, single_guide, dual_noguide, EVAE",f5_W05_C7_s7_d03.csv
S2,5,W05_C7,7,4,1296627333,EVAE|S2|geobg|5|W05_C7|7|4,"single_noguide, single_guide, dual_noguide, EVAE",f5_W05_C7_s7_d04.csv
S2,5,W05_C7,7,5,978306579,EVAE|S2|geobg|5|W05_C7|7|5,"single_noguide, single_guide, dual_noguide, EVAE",f5_W05_C7_s7_d05.csv
S2,5,W05_C7,7,6,2739312553,EVAE|S2|geobg|5|W05_C7|7|6,"single_noguide, single_guide, dual_noguide, EVAE",f5_W05_C7_s7_d06.csv
S2,5,W05_C7,7,7,3561072447,EVAE|S2|geobg|5|W05_C7|7|7,"single_noguide, single_guide, dual_noguide, EVAE",f5_W05_C7_s7_d07.csv
S2,5,W05_C8,1337,0,3995368574,EVAE|S2|geobg|5|W05_C8|1337|0,"single_noguide, single_guide, dual_noguide, EVAE",f5_W05_C8_s1337_d00.csv
S2,5,W05_C8,1337,1,2569227496,EVAE|S2|geobg|5|W05_C8|1337|1,"single_noguide, single_guide, dual_noguide, EVAE",f5_W05_C8_s1337_d01.csv
S2,5,W05_C8,1337,2,2760018,EVAE|S2|geobg|5|W05_C8|1337|2,"single_noguide, single_guide, dual_noguide, EVAE",f5_W05_C8_s1337_d02.csv
S2,5,W05_C8,1337,3,1999449540,EVAE|S2|geobg|5|W05_C8|1337|3,"single_noguide, single_guide, dual_noguide, EVAE",f5_W05_C8_s1337_d03.csv
S2,5,W05_C8,1337,4,3913922663,EVAE|S2|geobg|5|W05_C8|1337|4,"single_noguide, single_guide, dual_noguide, EVAE",f5_W05_C8_s1337_d04.csv
S2,5,W05_C8,1337,5,2655946993,EVAE|S2|geobg|5|W05_C8|1337|5,"single_noguide, single_guide, dual_noguide, EVAE",f5_W05_C8_s1337_d05.csv
S2,5,W05_C8,1337,6,122149195,EVAE|S2|geobg|5|W05_C8|1337|6,"single_noguide, single_guide, dual_noguide, EVAE",f5_W05_C8_s1337_d06.csv
S2,5,W05_C8,1337,7,1883302365,EVAE|S2|geobg|5|W05_C8|1337|7,"single_noguide, single_guide, dual_noguide, EVAE",f5_W05_C8_s1337_d07.csv
S2,5,W05_C8,20260903,0,4289541866,EVAE|S2|geobg|5|W05_C8|20260903|0,"single_noguide, single_guide, dual_noguide, EVAE",f5_W05_C8_s20260903_d00.csv
S2,5,W05_C8,20260903,1,2292844156,EVAE|S2|geobg|5|W05_C8|20260903|1,"single_noguide, single_guide, dual_noguide, EVAE",f5_W05_C8_s20260903_d01.csv
S2,5,W05_C8,20260903,2,295917510,EVAE|S2|geobg|5|W05_C8|20260903|2,"single_noguide, single_guide, dual_noguide, EVAE",f5_W05_C8_s20260903_d02.csv
S2,5,W05_C8,20260903,3,1722050384,EVAE|S2|geobg|5|W05_C8|20260903|3,"single_noguide, single_guide, dual_noguide, EVAE",f5_W05_C8_s20260903_d03.csv
S2,5,W05_C8,20260903,4,4173394675,EVAE|S2|geobg|5|W05_C8|20260903|4,"single_noguide, single_guide, dual_noguide, EVAE",f5_W05_C8_s20260903_d04.csv
S2,5,W05_C8,20260903,5,2412233317,EVAE|S2|geobg|5|W05_C8|20260903|5,"single_noguide, single_guide, dual_noguide, EVAE",f5_W05_C8_s20260903_d05.csv
S2,5,W05_C8,20260903,6,382637023,EVAE|S2|geobg|5|W05_C8|20260903|6,"single_noguide, single_guide, dual_noguide, EVAE",f5_W05_C8_s20260903_d06.csv
S2,5,W05_C8,20260903,7,1640604489,EVAE|S2|geobg|5|W05_C8|20260903|7,"single_noguide, single_guide, dual_noguide, EVAE",f5_W05_C8_s20260903_d07.csv
S2,5,W05_C8,7,0,3363153229,EVAE|S2|geobg|5|W05_C8|7|0,"single_noguide, single_guide, dual_noguide, EVAE",f5_W05_C8_s7_d00.csv
S2,5,W05_C8,7,1,3211957723,EVAE|S2|geobg|5|W05_C8|7|1,"single_noguide, single_guide, dual_noguide, EVAE",f5_W05_C8_s7_d01.csv
S2,5,W05_C8,7,2,645645409,EVAE|S2|geobg|5|W05_C8|7|2,"single_noguide, single_guide, dual_noguide, EVAE",f5_W05_C8_s7_d02.csv
S2,5,W05_C8,7,3,1367143671,EVAE|S2|geobg|5|W05_C8|7|3,"single_noguide, single_guide, dual_noguide, EVAE",f5_W05_C8_s7_d03.csv
S2,5,W05_C8,7,4,3474481492,EVAE|S2|geobg|5|W05_C8|7|4,"single_noguide, single_guide, dual_noguide, EVAE",f5_W05_C8_s7_d04.csv
S2,5,W05_C8,7,5,3089060290,EVAE|S2|geobg|5|W05_C8|7|5,"single_noguide, single_guide, dual_noguide, EVAE",f5_W05_C8_s7_d05.csv
S2,5,W05_C8,7,6,555090040,EVAE|S2|geobg|5|W05_C8|7|6,"single_noguide, single_guide, dual_noguide, EVAE",f5_W05_C8_s7_d06.csv
S2,5,W05_C8,7,7,1443967214,EVAE|S2|geobg|5|W05_C8|7|7,"single_noguide, single_guide, dual_noguide, EVAE",f5_W05_C8_s7_d07.csv
S2,6,W06_C1,1337,0,2046061357,EVAE|S2|geobg|6|W06_C1|1337|0,"single_noguide, single_guide, dual_noguide, EVAE",f6_W06_C1_s1337_d00.csv
S2,6,W06_C1,1337,1,250829755,EVAE|S2|geobg|6|W06_C1|1337|1,"single_noguide, single_guide, dual_noguide, EVAE",f6_W06_C1_s1337_d01.csv
S2,6,W06_C1,1337,2,2549746177,EVAE|S2|geobg|6|W06_C1|1337|2,"single_noguide, single_guide, dual_noguide, EVAE",f6_W06_C1_s1337_d02.csv
S2,6,W06_C1,1337,3,3774691991,EVAE|S2|geobg|6|W06_C1|1337|3,"single_noguide, single_guide, dual_noguide, EVAE",f6_W06_C1_s1337_d03.csv
S2,6,W06_C1,1337,4,2124001076,EVAE|S2|geobg|6|W06_C1|1337|4,"single_noguide, single_guide, dual_noguide, EVAE",f6_W06_C1_s1337_d04.csv
S2,6,W06_C1,1337,5,161390498,EVAE|S2|geobg|6|W06_C1|1337|5,"single_noguide, single_guide, dual_noguide, EVAE",f6_W06_C1_s1337_d05.csv
S2,6,W06_C1,1337,6,2425867800,EVAE|S2|geobg|6|W06_C1|1337|6,"single_noguide, single_guide, dual_noguide, EVAE",f6_W06_C1_s1337_d06.csv
S2,6,W06_C1,1337,7,3885039246,EVAE|S2|geobg|6|W06_C1|1337|7,"single_noguide, single_guide, dual_noguide, EVAE",f6_W06_C1_s1337_d07.csv
S2,6,W06_C1,20260903,0,3492798635,EVAE|S2|geobg|6|W06_C1|20260903|0,"single_noguide, single_guide, dual_noguide, EVAE",f6_W06_C1_s20260903_d00.csv
S2,6,W06_C1,20260903,1,2804469821,EVAE|S2|geobg|6|W06_C1|20260903|1,"single_noguide, single_guide, dual_noguide, EVAE",f6_W06_C1_s20260903_d01.csv
S2,6,W06_C1,20260903,2,1042383239,EVAE|S2|geobg|6|W06_C1|20260903|2,"single_noguide, single_guide, dual_noguide, EVAE",f6_W06_C1_s20260903_d02.csv
S2,6,W06_C1,20260903,3,1227272465,EVAE|S2|geobg|6|W06_C1|20260903|3,"single_noguide, single_guide, dual_noguide, EVAE",f6_W06_C1_s20260903_d03.csv
S2,6,W06_C1,20260903,4,3611436210,EVAE|S2|geobg|6|W06_C1|20260903|4,"single_noguide, single_guide, dual_noguide, EVAE",f6_W06_C1_s20260903_d04.csv
S2,6,W06_C1,20260903,5,2688881700,EVAE|S2|geobg|6|W06_C1|20260903|5,"single_noguide, single_guide, dual_noguide, EVAE",f6_W06_C1_s20260903_d05.csv
S2,6,W06_C1,20260903,6,961299870,EVAE|S2|geobg|6|W06_C1|20260903|6,"single_noguide, single_guide, dual_noguide, EVAE",f6_W06_C1_s20260903_d06.csv
S2,6,W06_C1,20260903,7,1313568008,EVAE|S2|geobg|6|W06_C1|20260903|7,"single_noguide, single_guide, dual_noguide, EVAE",f6_W06_C1_s20260903_d07.csv
S2,6,W06_C1,7,0,1014239791,EVAE|S2|geobg|6|W06_C1|7|0,"single_noguide, single_guide, dual_noguide, EVAE",f6_W06_C1_s7_d00.csv
S2,6,W06_C1,7,1,1265836729,EVAE|S2|geobg|6|W06_C1|7|1,"single_noguide, single_guide, dual_noguide, EVAE",f6_W06_C1_s7_d01.csv
S2,6,W06_C1,7,2,3531240195,EVAE|S2|geobg|6|W06_C1|7|2,"single_noguide, single_guide, dual_noguide, EVAE",f6_W06_C1_s7_d02.csv
S2,6,W06_C1,7,3,2776449941,EVAE|S2|geobg|6|W06_C1|7|3,"single_noguide, single_guide, dual_noguide, EVAE",f6_W06_C1_s7_d03.csv
S2,6,W06_C1,7,4,991548982,EVAE|S2|geobg|6|W06_C1|7|4,"single_noguide, single_guide, dual_noguide, EVAE",f6_W06_C1_s7_d04.csv
S2,6,W06_C1,7,5,1277093536,EVAE|S2|geobg|6|W06_C1|7|5,"single_noguide, single_guide, dual_noguide, EVAE",f6_W06_C1_s7_d05.csv
S2,6,W06_C1,7,6,3575101210,EVAE|S2|geobg|6|W06_C1|7|6,"single_noguide, single_guide, dual_noguide, EVAE",f6_W06_C1_s7_d06.csv
S2,6,W06_C1,7,7,2718992268,EVAE|S2|geobg|6|W06_C1|7|7,"single_noguide, single_guide, dual_noguide, EVAE",f6_W06_C1_s7_d07.csv
S2,6,W06_C2,1337,0,4152061134,EVAE|S2|geobg|6|W06_C2|1337|0,"single_noguide, single_guide, dual_noguide, EVAE",f6_W06_C2_s1337_d00.csv
S2,6,W06_C2,1337,1,2155633752,EVAE|S2|geobg|6|W06_C2|1337|1,"single_noguide, single_guide, dual_noguide, EVAE",f6_W06_C2_s1337_d01.csv
S2,6,W06_C2,1337,2,427101666,EVAE|S2|geobg|6|W06_C2|1337|2,"single_noguide, single_guide, dual_noguide, EVAE",f6_W06_C2_s1337_d02.csv
S2,6,W06_C2,1337,3,1852980596,EVAE|S2|geobg|6|W06_C2|1337|3,"single_noguide, single_guide, dual_noguide, EVAE",f6_W06_C2_s1337_d03.csv
S2,6,W06_C2,1337,4,4028016855,EVAE|S2|geobg|6|W06_C2|1337|4,"single_noguide, single_guide, dual_noguide, EVAE",f6_W06_C2_s1337_d04.csv
S2,6,W06_C2,1337,5,2266077249,EVAE|S2|geobg|6|W06_C2|1337|5,"single_noguide, single_guide, dual_noguide, EVAE",f6_W06_C2_s1337_d05.csv
S2,6,W06_C2,1337,6,504941051,EVAE|S2|geobg|6|W06_C2|1337|6,"single_noguide, single_guide, dual_noguide, EVAE",f6_W06_C2_s1337_d06.csv
S2,6,W06_C2,1337,7,1763703149,EVAE|S2|geobg|6|W06_C2|1337|7,"single_noguide, single_guide, dual_noguide, EVAE",f6_W06_C2_s1337_d07.csv
S2,6,W06_C2,20260903,0,2813407835,EVAE|S2|geobg|6|W06_C2|20260903|0,"single_noguide, single_guide, dual_noguide, EVAE",f6_W06_C2_s20260903_d00.csv
S2,6,W06_C2,20260903,1,3501589197,EVAE|S2|geobg|6|W06_C2|20260903|1,"single_noguide, single_guide, dual_noguide, EVAE",f6_W06_C2_s20260903_d01.csv
S2,6,W06_C2,20260903,2,1237275511,EVAE|S2|geobg|6|W06_C2|20260903|2,"single_noguide, single_guide, dual_noguide, EVAE",f6_W06_C2_s20260903_d02.csv
S2,6,W06_C2,20260903,3,1052271585,EVAE|S2|geobg|6|W06_C2|20260903|3,"single_noguide, single_guide, dual_noguide, EVAE",f6_W06_C2_s20260903_d03.csv
S2,6,W06_C2,20260903,4,2698835522,EVAE|S2|geobg|6|W06_C2|20260903|4,"single_noguide, single_guide, dual_noguide, EVAE",f6_W06_C2_s20260903_d04.csv
S2,6,W06_C2,20260903,5,3621504724,EVAE|S2|geobg|6|W06_C2|20260903|5,"single_noguide, single_guide, dual_noguide, EVAE",f6_W06_C2_s20260903_d05.csv
S2,6,W06_C2,20260903,6,1322424174,EVAE|S2|geobg|6|W06_C2|20260903|6,"single_noguide, single_guide, dual_noguide, EVAE",f6_W06_C2_s20260903_d06.csv
S2,6,W06_C2,20260903,7,970303480,EVAE|S2|geobg|6|W06_C2|20260903|7,"single_noguide, single_guide, dual_noguide, EVAE",f6_W06_C2_s20260903_d07.csv
S2,6,W06_C2,7,0,2077518079,EVAE|S2|geobg|6|W06_C2|7|0,"single_noguide, single_guide, dual_noguide, EVAE",f6_W06_C2_s7_d00.csv
S2,6,W06_C2,7,1,215177321,EVAE|S2|geobg|6|W06_C2|7|1,"single_noguide, single_guide, dual_noguide, EVAE",f6_W06_C2_s7_d01.csv
S2,6,W06_C2,7,2,2514094547,EVAE|S2|geobg|6|W06_C2|7|2,"single_noguide, single_guide, dual_noguide, EVAE",f6_W06_C2_s7_d02.csv
S2,6,W06_C2,7,3,3806148933,EVAE|S2|geobg|6|W06_C2|7|3,"single_noguide, single_guide, dual_noguide, EVAE",f6_W06_C2_s7_d03.csv
S2,6,W06_C2,7,4,2092543206,EVAE|S2|geobg|6|W06_C2|7|4,"single_noguide, single_guide, dual_noguide, EVAE",f6_W06_C2_s7_d04.csv
S2,6,W06_C2,7,5,197041264,EVAE|S2|geobg|6|W06_C2|7|5,"single_noguide, single_guide, dual_noguide, EVAE",f6_W06_C2_s7_d05.csv
S2,6,W06_C2,7,6,2461519306,EVAE|S2|geobg|6|W06_C2|7|6,"single_noguide, single_guide, dual_noguide, EVAE",f6_W06_C2_s7_d06.csv
S2,6,W06_C2,7,7,3853581660,EVAE|S2|geobg|6|W06_C2|7|7,"single_noguide, single_guide, dual_noguide, EVAE",f6_W06_C2_s7_d07.csv
S2,6,W06_C3,1337,0,1003580496,EVAE|S2|geobg|6|W06_C3|1337|0,"single_noguide, single_guide, dual_noguide, EVAE",f6_W06_C3_s1337_d00.csv
S2,6,W06_C3,1337,1,1289116870,EVAE|S2|geobg|6|W06_C3|1337|1,"single_noguide, single_guide, dual_noguide, EVAE",f6_W06_C3_s1337_d01.csv
S2,6,W06_C3,1337,2,3588164988,EVAE|S2|geobg|6|W06_C3|1337|2,"single_noguide, single_guide, dual_noguide, EVAE",f6_W06_C3_s1337_d02.csv
S2,6,W06_C3,1337,3,2732080618,EVAE|S2|geobg|6|W06_C3|1337|3,"single_noguide, single_guide, dual_noguide, EVAE",f6_W06_C3_s1337_d03.csv
S2,6,W06_C3,1337,4,1018996809,EVAE|S2|geobg|6|W06_C3|1337|4,"single_noguide, single_guide, dual_noguide, EVAE",f6_W06_C3_s1337_d04.csv
S2,6,W06_C3,1337,5,1270585567,EVAE|S2|geobg|6|W06_C3|1337|5,"single_noguide, single_guide, dual_noguide, EVAE",f6_W06_C3_s1337_d05.csv
S2,6,W06_C3,1337,6,3534932325,EVAE|S2|geobg|6|W06_C3|1337|6,"single_noguide, single_guide, dual_noguide, EVAE",f6_W06_C3_s1337_d06.csv
S2,6,W06_C3,1337,7,2780166643,EVAE|S2|geobg|6|W06_C3|1337|7,"single_noguide, single_guide, dual_noguide, EVAE",f6_W06_C3_s1337_d07.csv
S2,6,W06_C3,20260903,0,1007975988,EVAE|S2|geobg|6|W06_C3|20260903|0,"single_noguide, single_guide, dual_noguide, EVAE",f6_W06_C3_s20260903_d00.csv
S2,6,W06_C3,20260903,1,1259556514,EVAE|S2|geobg|6|W06_C3|20260903|1,"single_noguide, single_guide, dual_noguide, EVAE",f6_W06_C3_s20260903_d01.csv
S2,6,W06_C3,20260903,2,3524927256,EVAE|S2|geobg|6|W06_C3|20260903|2,"single_noguide, single_guide, dual_noguide, EVAE",f6_W06_C3_s20260903_d02.csv
S2,6,W06_C3,20260903,3,2770153358,EVAE|S2|geobg|6|W06_C3|20260903|3,"single_noguide, single_guide, dual_noguide, EVAE",f6_W06_C3_s20260903_d03.csv
S2,6,W06_C3,20260903,4,997833261,EVAE|S2|geobg|6|W06_C3|20260903|4,"single_noguide, single_guide, dual_noguide, EVAE",f6_W06_C3_s20260903_d04.csv
S2,6,W06_C3,20260903,5,1283361467,EVAE|S2|geobg|6|W06_C3|20260903|5,"single_noguide, single_guide, dual_noguide, EVAE",f6_W06_C3_s20260903_d05.csv
S2,6,W06_C3,20260903,6,3581401857,EVAE|S2|geobg|6|W06_C3|20260903|6,"single_noguide, single_guide, dual_noguide, EVAE",f6_W06_C3_s20260903_d06.csv
S2,6,W06_C3,20260903,7,2725309335,EVAE|S2|geobg|6|W06_C3|20260903|7,"single_noguide, single_guide, dual_noguide, EVAE",f6_W06_C3_s20260903_d07.csv
S2,6,W06_C3,7,0,1186218319,EVAE|S2|geobg|6|W06_C3|7|0,"single_noguide, single_guide, dual_noguide, EVAE",f6_W06_C3_s7_d00.csv
S2,6,W06_C3,7,1,833843673,EVAE|S2|geobg|6|W06_C3|7|1,"single_noguide, single_guide, dual_noguide, EVAE",f6_W06_C3_s7_d01.csv
S2,6,W06_C3,7,2,2830770275,EVAE|S2|geobg|6|W06_C3|7|2,"single_noguide, single_guide, dual_noguide, EVAE",f6_W06_C3_s7_d02.csv
S2,6,W06_C3,7,3,3753709813,EVAE|S2|geobg|6|W06_C3|7|3,"single_noguide, single_guide, dual_noguide, EVAE",f6_W06_C3_s7_d03.csv
S2,6,W06_C3,7,4,1104774486,EVAE|S2|geobg|6|W06_C3|7|4,"single_noguide, single_guide, dual_noguide, EVAE",f6_W06_C3_s7_d04.csv
S2,6,W06_C3,7,5,920565184,EVAE|S2|geobg|6|W06_C3|7|5,"single_noguide, single_guide, dual_noguide, EVAE",f6_W06_C3_s7_d05.csv
S2,6,W06_C3,7,6,2950161530,EVAE|S2|geobg|6|W06_C3|7|6,"single_noguide, single_guide, dual_noguide, EVAE",f6_W06_C3_s7_d06.csv
S2,6,W06_C3,7,7,3637564652,EVAE|S2|geobg|6|W06_C3|7|7,"single_noguide, single_guide, dual_noguide, EVAE",f6_W06_C3_s7_d07.csv
S2,6,W06_C4,1337,0,823420233,EVAE|S2|geobg|6|W06_C4|1337|0,"single_noguide, single_guide, dual_noguide, EVAE",f6_W06_C4_s1337_d00.csv
S2,6,W06_C4,1337,1,1175672287,EVAE|S2|geobg|6|W06_C4|1337|1,"single_noguide, single_guide, dual_noguide, EVAE",f6_W06_C4_s1337_d01.csv
S2,6,W06_C4,1337,2,3743024229,EVAE|S2|geobg|6|W06_C4|1337|2,"single_noguide, single_guide, dual_noguide, EVAE",f6_W06_C4_s1337_d02.csv
S2,6,W06_C4,1337,3,2820486387,EVAE|S2|geobg|6|W06_C4|1337|3,"single_noguide, single_guide, dual_noguide, EVAE",f6_W06_C4_s1337_d03.csv
S2,6,W06_C4,1337,4,913940816,EVAE|S2|geobg|6|W06_C4|1337|4,"single_noguide, single_guide, dual_noguide, EVAE",f6_W06_C4_s1337_d04.csv
S2,6,W06_C4,1337,5,1098813894,EVAE|S2|geobg|6|W06_C4|1337|5,"single_noguide, single_guide, dual_noguide, EVAE",f6_W06_C4_s1337_d05.csv
S2,6,W06_C4,1337,6,3631726716,EVAE|S2|geobg|6|W06_C4|1337|6,"single_noguide, single_guide, dual_noguide, EVAE",f6_W06_C4_s1337_d06.csv
S2,6,W06_C4,1337,7,2943414506,EVAE|S2|geobg|6|W06_C4|1337|7,"single_noguide, single_guide, dual_noguide, EVAE",f6_W06_C4_s1337_d07.csv
S2,6,W06_C4,20260903,0,1217173435,EVAE|S2|geobg|6|W06_C4|20260903|0,"single_noguide, single_guide, dual_noguide, EVAE",f6_W06_C4_s20260903_d00.csv
S2,6,W06_C4,20260903,1,1066116909,EVAE|S2|geobg|6|W06_C4|20260903|1,"single_noguide, single_guide, dual_noguide, EVAE",f6_W06_C4_s20260903_d01.csv
S2,6,W06_C4,20260903,2,2793600663,EVAE|S2|geobg|6|W06_C4|20260903|2,"single_noguide, single_guide, dual_noguide, EVAE",f6_W06_C4_s20260903_d02.csv
S2,6,W06_C4,20260903,3,3515205121,EVAE|S2|geobg|6|W06_C4|20260903|3,"single_noguide, single_guide, dual_noguide, EVAE",f6_W06_C4_s20260903_d03.csv
S2,6,W06_C4,20260903,4,1340167074,EVAE|S2|geobg|6|W06_C4|20260903|4,"single_noguide, single_guide, dual_noguide, EVAE",f6_W06_C4_s20260903_d04.csv
S2,6,W06_C4,20260903,5,954622772,EVAE|S2|geobg|6|W06_C4|20260903|5,"single_noguide, single_guide, dual_noguide, EVAE",f6_W06_C4_s20260903_d05.csv
S2,6,W06_C4,20260903,6,2716807822,EVAE|S2|geobg|6|W06_C4|20260903|6,"single_noguide, single_guide, dual_noguide, EVAE",f6_W06_C4_s20260903_d06.csv
S2,6,W06_C4,20260903,7,3605529112,EVAE|S2|geobg|6|W06_C4|20260903|7,"single_noguide, single_guide, dual_noguide, EVAE",f6_W06_C4_s20260903_d07.csv
S2,6,W06_C4,7,0,4103380319,EVAE|S2|geobg|6|W06_C4|7|0,"single_noguide, single_guide, dual_noguide, EVAE",f6_W06_C4_s7_d00.csv
S2,6,W06_C4,7,1,2207493577,EVAE|S2|geobg|6|W06_C4|7|1,"single_noguide, single_guide, dual_noguide, EVAE",f6_W06_C4_s7_d01.csv
S2,6,W06_C4,7,2,446364787,EVAE|S2|geobg|6|W06_C4|7|2,"single_noguide, single_guide, dual_noguide, EVAE",f6_W06_C4_s7_d02.csv
S2,6,W06_C4,7,3,1839058149,EVAE|S2|geobg|6|W06_C4|7|3,"single_noguide, single_guide, dual_noguide, EVAE",f6_W06_C4_s7_d03.csv
S2,6,W06_C4,7,4,4093204806,EVAE|S2|geobg|6|W06_C4|7|4,"single_noguide, single_guide, dual_noguide, EVAE",f6_W06_C4_s7_d04.csv
S2,6,W06_C4,7,5,2231265744,EVAE|S2|geobg|6|W06_C4|7|5,"single_noguide, single_guide, dual_noguide, EVAE",f6_W06_C4_s7_d05.csv
S2,6,W06_C4,7,6,502741098,EVAE|S2|geobg|6|W06_C4|7|6,"single_noguide, single_guide, dual_noguide, EVAE",f6_W06_C4_s7_d06.csv
S2,6,W06_C4,7,7,1794115836,EVAE|S2|geobg|6|W06_C4|7|7,"single_noguide, single_guide, dual_noguide, EVAE",f6_W06_C4_s7_d07.csv
S2,6,W06_C5,1337,0,4257113559,EVAE|S2|geobg|6|W06_C5|1337|0,"single_noguide, single_guide, dual_noguide, EVAE",f6_W06_C5_s1337_d00.csv
S2,6,W06_C5,1337,1,2327401793,EVAE|S2|geobg|6|W06_C5|1337|1,"single_noguide, single_guide, dual_noguide, EVAE",f6_W06_C5_s1337_d01.csv
S2,6,W06_C5,1337,2,330302715,EVAE|S2|geobg|6|W06_C5|1337|2,"single_noguide, single_guide, dual_noguide, EVAE",f6_W06_C5_s1337_d02.csv
S2,6,W06_C5,1337,3,1689728109,EVAE|S2|geobg|6|W06_C5|1337|3,"single_noguide, single_guide, dual_noguide, EVAE",f6_W06_C5_s1337_d03.csv
S2,6,W06_C5,1337,4,4208173518,EVAE|S2|geobg|6|W06_C5|1337|4,"single_noguide, single_guide, dual_noguide, EVAE",f6_W06_C5_s1337_d04.csv
S2,6,W06_C5,1337,5,2379518296,EVAE|S2|geobg|6|W06_C5|1337|5,"single_noguide, single_guide, dual_noguide, EVAE",f6_W06_C5_s1337_d05.csv
S2,6,W06_C5,1337,6,350077154,EVAE|S2|geobg|6|W06_C5|1337|6,"single_noguide, single_guide, dual_noguide, EVAE",f6_W06_C5_s1337_d06.csv
S2,6,W06_C5,1337,7,1675292788,EVAE|S2|geobg|6|W06_C5|1337|7,"single_noguide, single_guide, dual_noguide, EVAE",f6_W06_C5_s1337_d07.csv
S2,6,W06_C5,20260903,0,3542735828,EVAE|S2|geobg|6|W06_C5|20260903|0,"single_noguide, single_guide, dual_noguide, EVAE",f6_W06_C5_s20260903_d00.csv
S2,6,W06_C5,20260903,1,2754538306,EVAE|S2|geobg|6|W06_C5|20260903|1,"single_noguide, single_guide, dual_noguide, EVAE",f6_W06_C5_s20260903_d01.csv
S2,6,W06_C5,20260903,2,1026013944,EVAE|S2|geobg|6|W06_C5|20260903|2,"single_noguide, single_guide, dual_noguide, EVAE",f6_W06_C5_s20260903_d02.csv
S2,6,W06_C5,20260903,3,1243646574,EVAE|S2|geobg|6|W06_C5|20260903|3,"single_noguide, single_guide, dual_noguide, EVAE",f6_W06_C5_s20260903_d03.csv
S2,6,W06_C5,20260903,4,3561234381,EVAE|S2|geobg|6|W06_C5|20260903|4,"single_noguide, single_guide, dual_noguide, EVAE",f6_W06_C5_s20260903_d04.csv
S2,6,W06_C5,20260903,5,2739089243,EVAE|S2|geobg|6|W06_C5|20260903|5,"single_noguide, single_guide, dual_noguide, EVAE",f6_W06_C5_s20260903_d05.csv
S2,6,W06_C5,20260903,6,977960673,EVAE|S2|geobg|6|W06_C5|20260903|6,"single_noguide, single_guide, dual_noguide, EVAE",f6_W06_C5_s20260903_d06.csv
S2,6,W06_C5,20260903,7,1296911991,EVAE|S2|geobg|6|W06_C5|20260903|7,"single_noguide, single_guide, dual_noguide, EVAE",f6_W06_C5_s20260903_d07.csv
S2,6,W06_C5,7,0,3388257519,EVAE|S2|geobg|6|W06_C5|7|0,"single_noguide, single_guide, dual_noguide, EVAE",f6_W06_C5_s7_d00.csv
S2,6,W06_C5,7,1,3203630201,EVAE|S2|geobg|6|W06_C5|7|1,"single_noguide, single_guide, dual_noguide, EVAE",f6_W06_C5_s7_d01.csv
S2,6,W06_C5,7,2,670750147,EVAE|S2|geobg|6|W06_C5|7|2,"single_noguide, single_guide, dual_noguide, EVAE",f6_W06_C5_s7_d02.csv
S2,6,W06_C5,7,3,1358816597,EVAE|S2|geobg|6|W06_C5|7|3,"single_noguide, single_guide, dual_noguide, EVAE",f6_W06_C5_s7_d03.csv
S2,6,W06_C5,7,4,3466162422,EVAE|S2|geobg|6|W06_C5|7|4,"single_noguide, single_guide, dual_noguide, EVAE",f6_W06_C5_s7_d04.csv
S2,6,W06_C5,7,5,3114156128,EVAE|S2|geobg|6|W06_C5|7|5,"single_noguide, single_guide, dual_noguide, EVAE",f6_W06_C5_s7_d05.csv
S2,6,W06_C5,7,6,546771418,EVAE|S2|geobg|6|W06_C5|7|6,"single_noguide, single_guide, dual_noguide, EVAE",f6_W06_C5_s7_d06.csv
S2,6,W06_C5,7,7,1469063500,EVAE|S2|geobg|6|W06_C5|7|7,"single_noguide, single_guide, dual_noguide, EVAE",f6_W06_C5_s7_d07.csv
S2,6,W06_C6,1337,0,1932616244,EVAE|S2|geobg|6|W06_C6|1337|0,"single_noguide, single_guide, dual_noguide, EVAE",f6_W06_C6_s1337_d00.csv
S2,6,W06_C6,1337,1,70668962,EVAE|S2|geobg|6|W06_C6|1337|1,"single_noguide, single_guide, dual_noguide, EVAE",f6_W06_C6_s1337_d01.csv
S2,6,W06_C6,1337,2,2638152472,EVAE|S2|geobg|6|W06_C6|1337|2,"single_noguide, single_guide, dual_noguide, EVAE",f6_W06_C6_s1337_d02.csv
S2,6,W06_C6,1337,3,3929551758,EVAE|S2|geobg|6|W06_C6|1337|3,"single_noguide, single_guide, dual_noguide, EVAE",f6_W06_C6_s1337_d03.csv
S2,6,W06_C6,1337,4,1952228909,EVAE|S2|geobg|6|W06_C6|1337|4,"single_noguide, single_guide, dual_noguide, EVAE",f6_W06_C6_s1337_d04.csv
S2,6,W06_C6,1337,5,56334011,EVAE|S2|geobg|6|W06_C6|1337|5,"single_noguide, single_guide, dual_noguide, EVAE",f6_W06_C6_s1337_d05.csv
S2,6,W06_C6,1337,6,2589116161,EVAE|S2|geobg|6|W06_C6|1337|6,"single_noguide, single_guide, dual_noguide, EVAE",f6_W06_C6_s1337_d06.csv
S2,6,W06_C6,1337,7,3981834135,EVAE|S2|geobg|6|W06_C6|1337|7,"single_noguide, single_guide, dual_noguide, EVAE",f6_W06_C6_s1337_d07.csv
S2,6,W06_C6,20260903,0,2763458852,EVAE|S2|geobg|6|W06_C6|20260903|0,"single_noguide, single_guide, dual_noguide, EVAE",f6_W06_C6_s20260903_d00.csv
S2,6,W06_C6,20260903,1,3551541682,EVAE|S2|geobg|6|W06_C6|20260903|1,"single_noguide, single_guide, dual_noguide, EVAE",f6_W06_C6_s20260903_d01.csv
S2,6,W06_C6,20260903,2,1253664776,EVAE|S2|geobg|6|W06_C6|20260903|2,"single_noguide, single_guide, dual_noguide, EVAE",f6_W06_C6_s20260903_d02.csv
S2,6,W06_C6,20260903,3,1035884702,EVAE|S2|geobg|6|W06_C6|20260903|3,"single_noguide, single_guide, dual_noguide, EVAE",f6_W06_C6_s20260903_d03.csv
S2,6,W06_C6,20260903,4,2749025597,EVAE|S2|geobg|6|W06_C6|20260903|4,"single_noguide, single_guide, dual_noguide, EVAE",f6_W06_C6_s20260903_d04.csv
S2,6,W06_C6,20260903,5,3571318187,EVAE|S2|geobg|6|W06_C6|20260903|5,"single_noguide, single_guide, dual_noguide, EVAE",f6_W06_C6_s20260903_d05.csv
S2,6,W06_C6,20260903,6,1305783313,EVAE|S2|geobg|6|W06_C6|20260903|6,"single_noguide, single_guide, dual_noguide, EVAE",f6_W06_C6_s20260903_d06.csv
S2,6,W06_C6,20260903,7,986946695,EVAE|S2|geobg|6|W06_C6|20260903|7,"single_noguide, single_guide, dual_noguide, EVAE",f6_W06_C6_s20260903_d07.csv
S2,6,W06_C6,7,0,2387922495,EVAE|S2|geobg|6|W06_C6|7|0,"single_noguide, single_guide, dual_noguide, EVAE",f6_W06_C6_s7_d00.csv
S2,6,W06_C6,7,1,4183031465,EVAE|S2|geobg|6|W06_C6|7|1,"single_noguide, single_guide, dual_noguide, EVAE",f6_W06_C6_s7_d01.csv
S2,6,W06_C6,7,2,1616555795,EVAE|S2|geobg|6|W06_C6|7|2,"single_noguide, single_guide, dual_noguide, EVAE",f6_W06_C6_s7_d02.csv
S2,6,W06_C6,7,3,392011653,EVAE|S2|geobg|6|W06_C6|7|3,"single_noguide, single_guide, dual_noguide, EVAE",f6_W06_C6_s7_d03.csv
S2,6,W06_C6,7,4,2302216742,EVAE|S2|geobg|6|W06_C6|7|4,"single_noguide, single_guide, dual_noguide, EVAE",f6_W06_C6_s7_d04.csv
S2,6,W06_C6,7,5,4265491120,EVAE|S2|geobg|6|W06_C6|7|5,"single_noguide, single_guide, dual_noguide, EVAE",f6_W06_C6_s7_d05.csv
S2,6,W06_C6,7,6,1731685130,EVAE|S2|geobg|6|W06_C6|7|6,"single_noguide, single_guide, dual_noguide, EVAE",f6_W06_C6_s7_d06.csv
S2,6,W06_C6,7,7,271604636,EVAE|S2|geobg|6|W06_C6|7|7,"single_noguide, single_guide, dual_noguide, EVAE",f6_W06_C6_s7_d07.csv
S2,6,W06_C7,1337,0,3214631594,EVAE|S2|geobg|6|W06_C7|1337|0,"single_noguide, single_guide, dual_noguide, EVAE",f6_W06_C7_s1337_d00.csv
S2,6,W06_C7,1337,1,3365687868,EVAE|S2|geobg|6|W06_C7|1337|1,"single_noguide, single_guide, dual_noguide, EVAE",f6_W06_C7_s1337_d01.csv
S2,6,W06_C7,1337,2,1368720262,EVAE|S2|geobg|6|W06_C7|1337|2,"single_noguide, single_guide, dual_noguide, EVAE",f6_W06_C7_s1337_d02.csv
S2,6,W06_C7,1337,3,647115536,EVAE|S2|geobg|6|W06_C7|1337|3,"single_noguide, single_guide, dual_noguide, EVAE",f6_W06_C7_s1337_d03.csv
S2,6,W06_C7,1337,4,3103172275,EVAE|S2|geobg|6|W06_C7|1337|4,"single_noguide, single_guide, dual_noguide, EVAE",f6_W06_C7_s1337_d04.csv
S2,6,W06_C7,1337,5,3488716325,EVAE|S2|geobg|6|W06_C7|1337|5,"single_noguide, single_guide, dual_noguide, EVAE",f6_W06_C7_s1337_d05.csv
S2,6,W06_C7,1337,6,1459144607,EVAE|S2|geobg|6|W06_C7|1337|6,"single_noguide, single_guide, dual_noguide, EVAE",f6_W06_C7_s1337_d06.csv
S2,6,W06_C7,1337,7,570423049,EVAE|S2|geobg|6|W06_C7|1337|7,"single_noguide, single_guide, dual_noguide, EVAE",f6_W06_C7_s1337_d07.csv
S2,6,W06_C7,20260903,0,1058161995,EVAE|S2|geobg|6|W06_C7|20260903|0,"single_noguide, single_guide, dual_noguide, EVAE",f6_W06_C7_s20260903_d00.csv
S2,6,W06_C7,20260903,1,1209365981,EVAE|S2|geobg|6|W06_C7|20260903|1,"single_noguide, single_guide, dual_noguide, EVAE",f6_W06_C7_s20260903_d01.csv
S2,6,W06_C7,20260903,2,3508282471,EVAE|S2|geobg|6|W06_C7|20260903|2,"single_noguide, single_guide, dual_noguide, EVAE",f6_W06_C7_s20260903_d02.csv
S2,6,W06_C7,20260903,3,2786792689,EVAE|S2|geobg|6|W06_C7|20260903|3,"single_noguide, single_guide, dual_noguide, EVAE",f6_W06_C7_s20260903_d03.csv
S2,6,W06_C7,20260903,4,947880274,EVAE|S2|geobg|6|W06_C7|20260903|4,"single_noguide, single_guide, dual_noguide, EVAE",f6_W06_C7_s20260903_d04.csv
S2,6,W06_C7,20260903,5,1333309892,EVAE|S2|geobg|6|W06_C7|20260903|5,"single_noguide, single_guide, dual_noguide, EVAE",f6_W06_C7_s20260903_d05.csv
S2,6,W06_C7,20260903,6,3597787262,EVAE|S2|geobg|6|W06_C7|20260903|6,"single_noguide, single_guide, dual_noguide, EVAE",f6_W06_C7_s20260903_d06.csv
S2,6,W06_C7,20260903,7,2708918504,EVAE|S2|geobg|6|W06_C7|20260903|7,"single_noguide, single_guide, dual_noguide, EVAE",f6_W06_C7_s20260903_d07.csv
S2,6,W06_C7,7,0,3006588815,EVAE|S2|geobg|6|W06_C7|7|0,"single_noguide, single_guide, dual_noguide, EVAE",f6_W06_C7_s7_d00.csv
S2,6,W06_C7,7,1,3291731737,EVAE|S2|geobg|6|W06_C7|7|1,"single_noguide, single_guide, dual_noguide, EVAE",f6_W06_C7_s7_d01.csv
S2,6,W06_C7,7,2,1564116643,EVAE|S2|geobg|6|W06_C7|7|2,"single_noguide, single_guide, dual_noguide, EVAE",f6_W06_C7_s7_d02.csv
S2,6,W06_C7,7,3,708687413,EVAE|S2|geobg|6|W06_C7|7|3,"single_noguide, single_guide, dual_noguide, EVAE",f6_W06_C7_s7_d03.csv
S2,6,W06_C7,7,4,3025740694,EVAE|S2|geobg|6|W06_C7|7|4,"single_noguide, single_guide, dual_noguide, EVAE",f6_W06_C7_s7_d04.csv
S2,6,W06_C7,7,5,3277722368,EVAE|S2|geobg|6|W06_C7|7|5,"single_noguide, single_guide, dual_noguide, EVAE",f6_W06_C7_s7_d05.csv
S2,6,W06_C7,7,6,1515668154,EVAE|S2|geobg|6|W06_C7|7|6,"single_noguide, single_guide, dual_noguide, EVAE",f6_W06_C7_s7_d06.csv
S2,6,W06_C7,7,7,760246828,EVAE|S2|geobg|6|W06_C7|7|7,"single_noguide, single_guide, dual_noguide, EVAE",f6_W06_C7_s7_d07.csv
S2,6,W06_C8,1337,0,1723559942,EVAE|S2|geobg|6|W06_C8|1337|0,"single_noguide, single_guide, dual_noguide, EVAE",f6_W06_C8_s1337_d00.csv
S2,6,W06_C8,1337,1,297549968,EVAE|S2|geobg|6|W06_C8|1337|1,"single_noguide, single_guide, dual_noguide, EVAE",f6_W06_C8_s1337_d01.csv
S2,6,W06_C8,1337,2,2293567786,EVAE|S2|geobg|6|W06_C8|1337|2,"single_noguide, single_guide, dual_noguide, EVAE",f6_W06_C8_s1337_d02.csv
S2,6,W06_C8,1337,3,4289864124,EVAE|S2|geobg|6|W06_C8|1337|3,"single_noguide, single_guide, dual_noguide, EVAE",f6_W06_C8_s1337_d03.csv
S2,6,W06_C8,1337,4,1641460767,EVAE|S2|geobg|6|W06_C8|1337|4,"single_noguide, single_guide, dual_noguide, EVAE",f6_W06_C8_s1337_d04.csv
S2,6,W06_C8,1337,5,382829705,EVAE|S2|geobg|6|W06_C8|1337|5,"single_noguide, single_guide, dual_noguide, EVAE",f6_W06_C8_s1337_d05.csv
S2,6,W06_C8,1337,6,2413352243,EVAE|S2|geobg|6|W06_C8|1337|6,"single_noguide, single_guide, dual_noguide, EVAE",f6_W06_C8_s1337_d06.csv
S2,6,W06_C8,1337,7,4175422885,EVAE|S2|geobg|6|W06_C8|1337|7,"single_noguide, single_guide, dual_noguide, EVAE",f6_W06_C8_s1337_d07.csv
S2,6,W06_C8,20260903,0,1300683322,EVAE|S2|geobg|6|W06_C8|20260903|0,"single_noguide, single_guide, dual_noguide, EVAE",f6_W06_C8_s20260903_d00.csv
S2,6,W06_C8,20260903,1,981592748,EVAE|S2|geobg|6|W06_C8|20260903|1,"single_noguide, single_guide, dual_noguide, EVAE",f6_W06_C8_s20260903_d01.csv
S2,6,W06_C8,20260903,2,2743646998,EVAE|S2|geobg|6|W06_C8|20260903|2,"single_noguide, single_guide, dual_noguide, EVAE",f6_W06_C8_s20260903_d02.csv
S2,6,W06_C8,20260903,3,3566177152,EVAE|S2|geobg|6|W06_C8|20260903|3,"single_noguide, single_guide, dual_noguide, EVAE",f6_W06_C8_s20260903_d03.csv
S2,6,W06_C8,20260903,4,1256922659,EVAE|S2|geobg|6|W06_C8|20260903|4,"single_noguide, single_guide, dual_noguide, EVAE",f6_W06_C8_s20260903_d04.csv
S2,6,W06_C8,20260903,5,1038888629,EVAE|S2|geobg|6|W06_C8|20260903|5,"single_noguide, single_guide, dual_noguide, EVAE",f6_W06_C8_s20260903_d05.csv
S2,6,W06_C8,20260903,6,2766503695,EVAE|S2|geobg|6|W06_C8|20260903|6,"single_noguide, single_guide, dual_noguide, EVAE",f6_W06_C8_s20260903_d06.csv
S2,6,W06_C8,20260903,7,3554824089,EVAE|S2|geobg|6|W06_C8|20260903|7,"single_noguide, single_guide, dual_noguide, EVAE",f6_W06_C8_s20260903_d07.csv
S2,6,W06_C8,7,0,828665950,EVAE|S2|geobg|6|W06_C8|7|0,"single_noguide, single_guide, dual_noguide, EVAE",f6_W06_C8_s7_d00.csv
S2,6,W06_C8,7,1,1180909768,EVAE|S2|geobg|6|W06_C8|7|1,"single_noguide, single_guide, dual_noguide, EVAE",f6_W06_C8_s7_d01.csv
S2,6,W06_C8,7,2,3748270450,EVAE|S2|geobg|6|W06_C8|7|2,"single_noguide, single_guide, dual_noguide, EVAE",f6_W06_C8_s7_d02.csv
S2,6,W06_C8,7,3,2825724388,EVAE|S2|geobg|6|W06_C8|7|3,"single_noguide, single_guide, dual_noguide, EVAE",f6_W06_C8_s7_d03.csv
S2,6,W06_C8,7,4,906605639,EVAE|S2|geobg|6|W06_C8|7|4,"single_noguide, single_guide, dual_noguide, EVAE",f6_W06_C8_s7_d04.csv
S2,6,W06_C8,7,5,1091470545,EVAE|S2|geobg|6|W06_C8|7|5,"single_noguide, single_guide, dual_noguide, EVAE",f6_W06_C8_s7_d05.csv
S2,6,W06_C8,7,6,3624392043,EVAE|S2|geobg|6|W06_C8|7|6,"single_noguide, single_guide, dual_noguide, EVAE",f6_W06_C8_s7_d06.csv
S2,6,W06_C8,7,7,2936071677,EVAE|S2|geobg|6|W06_C8|7|7,"single_noguide, single_guide, dual_noguide, EVAE",f6_W06_C8_s7_d07.csv
S3,0,W00_C1,1337,0,684236616,EVAE|S3|geobg|0|W00_C1|1337|0,"single_noguide, single_guide, dual_noguide, EVAE",f0_W00_C1_s1337_d00.csv
S3,0,W00_C1,1337,1,1607446494,EVAE|S3|geobg|0|W00_C1|1337|1,"single_noguide, single_guide, dual_noguide, EVAE",f0_W00_C1_s1337_d01.csv
S3,0,W00_C1,1337,2,3334930020,EVAE|S3|geobg|0|W00_C1|1337|2,"single_noguide, single_guide, dual_noguide, EVAE",f0_W00_C1_s1337_d02.csv
S3,0,W00_C1,1337,3,2982268658,EVAE|S3|geobg|0|W00_C1|1337|3,"single_noguide, single_guide, dual_noguide, EVAE",f0_W00_C1_s1337_d03.csv
S3,0,W00_C1,1337,4,799365969,EVAE|S3|geobg|0|W00_C1|1337|4,"single_noguide, single_guide, dual_noguide, EVAE",f0_W00_C1_s1337_d04.csv
S3,0,W00_C1,1337,5,1487039431,EVAE|S3|geobg|0|W00_C1|1337|5,"single_noguide, single_guide, dual_noguide, EVAE",f0_W00_C1_s1337_d05.csv
S3,0,W00_C1,1337,6,3249224317,EVAE|S3|geobg|0|W00_C1|1337|6,"single_noguide, single_guide, dual_noguide, EVAE",f0_W00_C1_s1337_d06.csv
S3,0,W00_C1,1337,7,3064728299,EVAE|S3|geobg|0|W00_C1|1337|7,"single_noguide, single_guide, dual_noguide, EVAE",f0_W00_C1_s1337_d07.csv
S3,0,W00_C1,20260903,0,25502731,EVAE|S3|geobg|0|W00_C1|20260903|0,"single_noguide, single_guide, dual_noguide, EVAE",f0_W00_C1_s20260903_d00.csv
S3,0,W00_C1,20260903,1,1988236445,EVAE|S3|geobg|0|W00_C1|20260903|1,"single_noguide, single_guide, dual_noguide, EVAE",f0_W00_C1_s20260903_d01.csv
S3,0,W00_C1,20260903,2,4018881831,EVAE|S3|geobg|0|W00_C1|20260903|2,"single_noguide, single_guide, dual_noguide, EVAE",f0_W00_C1_s20260903_d02.csv
S3,0,W00_C1,20260903,3,2559342001,EVAE|S3|geobg|0|W00_C1|20260903|3,"single_noguide, single_guide, dual_noguide, EVAE",f0_W00_C1_s20260903_d03.csv
S3,0,W00_C1,20260903,4,115925010,EVAE|S3|geobg|0|W00_C1|20260903|4,"single_noguide, single_guide, dual_noguide, EVAE",f0_W00_C1_s20260903_d04.csv
S3,0,W00_C1,20260903,5,1911541892,EVAE|S3|geobg|0|W00_C1|20260903|5,"single_noguide, single_guide, dual_noguide, EVAE",f0_W00_C1_s20260903_d05.csv
S3,0,W00_C1,20260903,6,3907420478,EVAE|S3|geobg|0|W00_C1|20260903|6,"single_noguide, single_guide, dual_noguide, EVAE",f0_W00_C1_s20260903_d06.csv
S3,0,W00_C1,20260903,7,2682368424,EVAE|S3|geobg|0|W00_C1|20260903|7,"single_noguide, single_guide, dual_noguide, EVAE",f0_W00_C1_s20260903_d07.csv
S3,0,W00_C1,7,0,1883342094,EVAE|S3|geobg|0|W00_C1|7|0,"single_noguide, single_guide, dual_noguide, EVAE",f0_W00_C1_s7_d00.csv
S3,0,W00_C1,7,1,122074520,EVAE|S3|geobg|0|W00_C1|7|1,"single_noguide, single_guide, dual_noguide, EVAE",f0_W00_C1_s7_d01.csv
S3,0,W00_C1,7,2,2656035874,EVAE|S3|geobg|0|W00_C1|7|2,"single_noguide, single_guide, dual_noguide, EVAE",f0_W00_C1_s7_d02.csv
S3,0,W00_C1,7,3,3913864372,EVAE|S3|geobg|0|W00_C1|7|3,"single_noguide, single_guide, dual_noguide, EVAE",f0_W00_C1_s7_d03.csv
S3,0,W00_C1,7,4,1999388951,EVAE|S3|geobg|0|W00_C1|7|4,"single_noguide, single_guide, dual_noguide, EVAE",f0_W00_C1_s7_d04.csv
S3,0,W00_C1,7,5,2847105,EVAE|S3|geobg|0|W00_C1|7|5,"single_noguide, single_guide, dual_noguide, EVAE",f0_W00_C1_s7_d05.csv
S3,0,W00_C1,7,6,2569150523,EVAE|S3|geobg|0|W00_C1|7|6,"single_noguide, single_guide, dual_noguide, EVAE",f0_W00_C1_s7_d06.csv
S3,0,W00_C1,7,7,3995406509,EVAE|S3|geobg|0|W00_C1|7|7,"single_noguide, single_guide, dual_noguide, EVAE",f0_W00_C1_s7_d07.csv
S3,0,W00_C2,1337,0,2789709995,EVAE|S3|geobg|0|W00_C2|1337|0,"single_noguide, single_guide, dual_noguide, EVAE",f0_W00_C2_s1337_d00.csv
S3,0,W00_C2,1337,1,3510675517,EVAE|S3|geobg|0|W00_C2|1337|1,"single_noguide, single_guide, dual_noguide, EVAE",f0_W00_C2_s1337_d01.csv
S3,0,W00_C2,1337,2,1212807559,EVAE|S3|geobg|0|W00_C2|1337|2,"single_noguide, single_guide, dual_noguide, EVAE",f0_W00_C2_s1337_d02.csv
S3,0,W00_C2,1337,3,1062127889,EVAE|S3|geobg|0|W00_C2|1337|3,"single_noguide, single_guide, dual_noguide, EVAE",f0_W00_C2_s1337_d03.csv
S3,0,W00_C2,1337,4,2703908018,EVAE|S3|geobg|0|W00_C2|1337|4,"single_noguide, single_guide, dual_noguide, EVAE",f0_W00_C2_s1337_d04.csv
S3,0,W00_C2,1337,5,3593301028,EVAE|S3|geobg|0|W00_C2|1337|5,"single_noguide, single_guide, dual_noguide, EVAE",f0_W00_C2_s1337_d05.csv
S3,0,W00_C2,1337,6,1327775134,EVAE|S3|geobg|0|W00_C2|1337|6,"single_noguide, single_guide, dual_noguide, EVAE",f0_W00_C2_s1337_d06.csv
S3,0,W00_C2,1337,7,941821192,EVAE|S3|geobg|0|W00_C2|1337|7,"single_noguide, single_guide, dual_noguide, EVAE",f0_W00_C2_s1337_d07.csv
S3,0,W00_C2,20260903,0,1981544187,EVAE|S3|geobg|0|W00_C2|20260903|0,"single_noguide, single_guide, dual_noguide, EVAE",f0_W00_C2_s20260903_d00.csv
S3,0,W00_C2,20260903,1,18663021,EVAE|S3|geobg|0|W00_C2|20260903|1,"single_noguide, single_guide, dual_noguide, EVAE",f0_W00_C2_s20260903_d01.csv
S3,0,W00_C2,20260903,2,2551551959,EVAE|S3|geobg|0|W00_C2|20260903|2,"single_noguide, single_guide, dual_noguide, EVAE",f0_W00_C2_s20260903_d02.csv
S3,0,W00_C2,20260903,3,4010977089,EVAE|S3|geobg|0|W00_C2|20260903|3,"single_noguide, single_guide, dual_noguide, EVAE",f0_W00_C2_s20260903_d03.csv
S3,0,W00_C2,20260903,4,1903571682,EVAE|S3|geobg|0|W00_C2|20260903|4,"single_noguide, single_guide, dual_noguide, EVAE",f0_W00_C2_s20260903_d04.csv
S3,0,W00_C2,20260903,5,108069492,EVAE|S3|geobg|0|W00_C2|20260903|5,"single_noguide, single_guide, dual_noguide, EVAE",f0_W00_C2_s20260903_d05.csv
S3,0,W00_C2,20260903,6,2675463118,EVAE|S3|geobg|0|W00_C2|20260903|6,"single_noguide, single_guide, dual_noguide, EVAE",f0_W00_C2_s20260903_d06.csv
S3,0,W00_C2,20260903,7,3900662616,EVAE|S3|geobg|0|W00_C2|20260903|7,"single_noguide, single_guide, dual_noguide, EVAE",f0_W00_C2_s20260903_d07.csv
S3,0,W00_C2,7,0,937557982,EVAE|S3|geobg|0|W00_C2|7|0,"single_noguide, single_guide, dual_noguide, EVAE",f0_W00_C2_s7_d00.csv
S3,0,W00_C2,7,1,1088868168,EVAE|S3|geobg|0|W00_C2|7|1,"single_noguide, single_guide, dual_noguide, EVAE",f0_W00_C2_s7_d01.csv
S3,0,W00_C2,7,2,3656359666,EVAE|S3|geobg|0|W00_C2|7|2,"single_noguide, single_guide, dual_noguide, EVAE",f0_W00_C2_s7_d02.csv
S3,0,W00_C2,7,3,2934484580,EVAE|S3|geobg|0|W00_C2|7|3,"single_noguide, single_guide, dual_noguide, EVAE",f0_W00_C2_s7_d03.csv
S3,0,W00_C2,7,4,814496711,EVAE|S3|geobg|0|W00_C2|7|4,"single_noguide, single_guide, dual_noguide, EVAE",f0_W00_C2_s7_d04.csv
S3,0,W00_C2,7,5,1200294737,EVAE|S3|geobg|0|W00_C2|7|5,"single_noguide, single_guide, dual_noguide, EVAE",f0_W00_C2_s7_d05.csv
S3,0,W00_C2,7,6,3733084907,EVAE|S3|geobg|0|W00_C2|7|6,"single_noguide, single_guide, dual_noguide, EVAE",f0_W00_C2_s7_d06.csv
S3,0,W00_C2,7,7,2844093053,EVAE|S3|geobg|0|W00_C2|7|7,"single_noguide, single_guide, dual_noguide, EVAE",f0_W00_C2_s7_d07.csv
S3,0,W01_C1,1337,0,3913695368,EVAE|S3|geobg|0|W01_C1|1337|0,"single_noguide, single_guide, dual_noguide, EVAE",f0_W01_C1_s1337_d00.csv
S3,0,W01_C1,1337,1,2655088670,EVAE|S3|geobg|0|W01_C1|1337|1,"single_noguide, single_guide, dual_noguide, EVAE",f0_W01_C1_s1337_d01.csv
S3,0,W01_C1,1337,2,122167716,EVAE|S3|geobg|0|W01_C1|1337|2,"single_noguide, single_guide, dual_noguide, EVAE",f0_W01_C1_s1337_d02.csv
S3,0,W01_C1,1337,3,1884229938,EVAE|S3|geobg|0|W01_C1|1337|3,"single_noguide, single_guide, dual_noguide, EVAE",f0_W01_C1_s1337_d03.csv
S3,0,W01_C1,1337,4,3995829393,EVAE|S3|geobg|0|W01_C1|1337|4,"single_noguide, single_guide, dual_noguide, EVAE",f0_W01_C1_s1337_d04.csv
S3,0,W01_C1,1337,5,2569843719,EVAE|S3|geobg|0|W01_C1|1337|5,"single_noguide, single_guide, dual_noguide, EVAE",f0_W01_C1_s1337_d05.csv
S3,0,W01_C1,1337,6,2483645,EVAE|S3|geobg|0|W01_C1|1337|6,"single_noguide, single_guide, dual_noguide, EVAE",f0_W01_C1_s1337_d06.csv
S3,0,W01_C1,1337,7,1998771499,EVAE|S3|geobg|0|W01_C1|1337|7,"single_noguide, single_guide, dual_noguide, EVAE",f0_W01_C1_s1337_d07.csv
S3,0,W01_C1,20260903,0,3095330787,EVAE|S3|geobg|0|W01_C1|20260903|0,"single_noguide, single_guide, dual_noguide, EVAE",f0_W01_C1_s20260903_d00.csv
S3,0,W01_C1,20260903,1,3480866677,EVAE|S3|geobg|0|W01_C1|20260903|1,"single_noguide, single_guide, dual_noguide, EVAE",f0_W01_C1_s20260903_d01.csv
S3,0,W01_C1,20260903,2,1450221263,EVAE|S3|geobg|0|W01_C1|20260903|2,"single_noguide, single_guide, dual_noguide, EVAE",f0_W01_C1_s20260903_d02.csv
S3,0,W01_C1,20260903,3,561491545,EVAE|S3|geobg|0|W01_C1|20260903|3,"single_noguide, single_guide, dual_noguide, EVAE",f0_W01_C1_s20260903_d03.csv
S3,0,W01_C1,20260903,4,3205708794,EVAE|S3|geobg|0|W01_C1|20260903|4,"single_noguide, single_guide, dual_noguide, EVAE",f0_W01_C1_s20260903_d04.csv
S3,0,W01_C1,20260903,5,3356756844,EVAE|S3|geobg|0|W01_C1|20260903|5,"single_noguide, single_guide, dual_noguide, EVAE",f0_W01_C1_s20260903_d05.csv
S3,0,W01_C1,20260903,6,1360878294,EVAE|S3|geobg|0|W01_C1|20260903|6,"single_noguide, single_guide, dual_noguide, EVAE",f0_W01_C1_s20260903_d06.csv
S3,0,W01_C1,20260903,7,639265344,EVAE|S3|geobg|0|W01_C1|20260903|7,"single_noguide, single_guide, dual_noguide, EVAE",f0_W01_C1_s20260903_d07.csv
S3,0,W01_C1,7,0,3169551760,EVAE|S3|geobg|0|W01_C1|7|0,"single_noguide, single_guide, dual_noguide, EVAE",f0_W01_C1_s7_d00.csv
S3,0,W01_C1,7,1,3421287686,EVAE|S3|geobg|0|W01_C1|7|1,"single_noguide, single_guide, dual_noguide, EVAE",f0_W01_C1_s7_d01.csv
S3,0,W01_C1,7,2,1390798012,EVAE|S3|geobg|0|W01_C1|7|2,"single_noguide, single_guide, dual_noguide, EVAE",f0_W01_C1_s7_d02.csv
S3,0,W01_C1,7,3,635622442,EVAE|S3|geobg|0|W01_C1|7|3,"single_noguide, single_guide, dual_noguide, EVAE",f0_W01_C1_s7_d03.csv
S3,0,W01_C1,7,4,3146137993,EVAE|S3|geobg|0|W01_C1|7|4,"single_noguide, single_guide, dual_noguide, EVAE",f0_W01_C1_s7_d04.csv
S3,0,W01_C1,7,5,3431035167,EVAE|S3|geobg|0|W01_C1|7|5,"single_noguide, single_guide, dual_noguide, EVAE",f0_W01_C1_s7_d05.csv
S3,0,W01_C1,7,6,1434984613,EVAE|S3|geobg|0|W01_C1|7|6,"single_noguide, single_guide, dual_noguide, EVAE",f0_W01_C1_s7_d06.csv
S3,0,W01_C1,7,7,579801139,EVAE|S3|geobg|0|W01_C1|7|7,"single_noguide, single_guide, dual_noguide, EVAE",f0_W01_C1_s7_d07.csv
S3,0,W01_C2,1337,0,1741244267,EVAE|S3|geobg|0|W01_C2|1337|0,"single_noguide, single_guide, dual_noguide, EVAE",f0_W01_C2_s1337_d00.csv
S3,0,W01_C2,1337,1,281966589,EVAE|S3|geobg|0|W01_C2|1337|1,"single_noguide, single_guide, dual_noguide, EVAE",f0_W01_C2_s1337_d01.csv
S3,0,W01_C2,1337,2,2311530055,EVAE|S3|geobg|0|W01_C2|1337|2,"single_noguide, single_guide, dual_noguide, EVAE",f0_W01_C2_s1337_d02.csv
S3,0,W01_C2,1337,3,4274001617,EVAE|S3|geobg|0|W01_C2|1337|3,"single_noguide, single_guide, dual_noguide, EVAE",f0_W01_C2_s1337_d03.csv
S3,0,W01_C2,1337,4,1621394290,EVAE|S3|geobg|0|W01_C2|1337|4,"single_noguide, single_guide, dual_noguide, EVAE",f0_W01_C2_s1337_d04.csv
S3,0,W01_C2,1337,5,396604388,EVAE|S3|geobg|0|W01_C2|1337|5,"single_noguide, single_guide, dual_noguide, EVAE",f0_W01_C2_s1337_d05.csv
S3,0,W01_C2,1337,6,2393563742,EVAE|S3|geobg|0|W01_C2|1337|6,"single_noguide, single_guide, dual_noguide, EVAE",f0_W01_C2_s1337_d06.csv
S3,0,W01_C2,1337,7,4188918472,EVAE|S3|geobg|0|W01_C2|1337|7,"single_noguide, single_guide, dual_noguide, EVAE",f0_W01_C2_s1337_d07.csv
S3,0,W01_C2,20260903,0,3487575315,EVAE|S3|geobg|0|W01_C2|20260903|0,"single_noguide, single_guide, dual_noguide, EVAE",f0_W01_C2_s20260903_d00.csv
S3,0,W01_C2,20260903,1,3102154117,EVAE|S3|geobg|0|W01_C2|20260903|1,"single_noguide, single_guide, dual_noguide, EVAE",f0_W01_C2_s20260903_d01.csv
S3,0,W01_C2,20260903,2,569265215,EVAE|S3|geobg|0|W01_C2|20260903|2,"single_noguide, single_guide, dual_noguide, EVAE",f0_W01_C2_s20260903_d02.csv
S3,0,W01_C2,20260903,3,1458142377,EVAE|S3|geobg|0|W01_C2|20260903|3,"single_noguide, single_guide, dual_noguide, EVAE",f0_W01_C2_s20260903_d03.csv
S3,0,W01_C2,20260903,4,3364743434,EVAE|S3|geobg|0|W01_C2|20260903|4,"single_noguide, single_guide, dual_noguide, EVAE",f0_W01_C2_s20260903_d04.csv
S3,0,W01_C2,20260903,5,3213547932,EVAE|S3|geobg|0|W01_C2|20260903|5,"single_noguide, single_guide, dual_noguide, EVAE",f0_W01_C2_s20260903_d05.csv
S3,0,W01_C2,20260903,6,646154278,EVAE|S3|geobg|0|W01_C2|20260903|6,"single_noguide, single_guide, dual_noguide, EVAE",f0_W01_C2_s20260903_d06.csv
S3,0,W01_C2,20260903,7,1367652528,EVAE|S3|geobg|0|W01_C2|20260903|7,"single_noguide, single_guide, dual_noguide, EVAE",f0_W01_C2_s20260903_d07.csv
S3,0,W01_C2,7,0,4216061760,EVAE|S3|geobg|0|W01_C2|7|0,"single_noguide, single_guide, dual_noguide, EVAE",f0_W01_C2_s7_d00.csv
S3,0,W01_C2,7,1,2353844182,EVAE|S3|geobg|0|W01_C2|7|1,"single_noguide, single_guide, dual_noguide, EVAE",f0_W01_C2_s7_d01.csv
S3,0,W01_C2,7,2,356884076,EVAE|S3|geobg|0|W01_C2|7|2,"single_noguide, single_guide, dual_noguide, EVAE",f0_W01_C2_s7_d02.csv
S3,0,W01_C2,7,3,1648537338,EVAE|S3|geobg|0|W01_C2|7|3,"single_noguide, single_guide, dual_noguide, EVAE",f0_W01_C2_s7_d03.csv
S3,0,W01_C2,7,4,4230363993,EVAE|S3|geobg|0|W01_C2|7|4,"single_noguide, single_guide, dual_noguide, EVAE",f0_W01_C2_s7_d04.csv
S3,0,W01_C2,7,5,2334198735,EVAE|S3|geobg|0|W01_C2|7|5,"single_noguide, single_guide, dual_noguide, EVAE",f0_W01_C2_s7_d05.csv
S3,0,W01_C2,7,6,304634485,EVAE|S3|geobg|0|W01_C2|7|6,"single_noguide, single_guide, dual_noguide, EVAE",f0_W01_C2_s7_d06.csv
S3,0,W01_C2,7,7,1697606371,EVAE|S3|geobg|0|W01_C2|7|7,"single_noguide, single_guide, dual_noguide, EVAE",f0_W01_C2_s7_d07.csv
S3,0,W02_C1,1337,0,1889805961,EVAE|S3|geobg|0|W02_C1|1337|0,"single_noguide, single_guide, dual_noguide, EVAE",f0_W02_C1_s1337_d00.csv
S3,0,W02_C1,1337,1,128128543,EVAE|S3|geobg|0|W02_C1|1337|1,"single_noguide, single_guide, dual_noguide, EVAE",f0_W02_C1_s1337_d01.csv
S3,0,W02_C1,1337,2,2661959589,EVAE|S3|geobg|0|W02_C1|1337|2,"single_noguide, single_guide, dual_noguide, EVAE",f0_W02_C1_s1337_d02.csv
S3,0,W02_C1,1337,3,3920459571,EVAE|S3|geobg|0|W02_C1|1337|3,"single_noguide, single_guide, dual_noguide, EVAE",f0_W02_C1_s1337_d03.csv
S3,0,W02_C1,1337,4,2009719440,EVAE|S3|geobg|0|W02_C1|1337|4,"single_noguide, single_guide, dual_noguide, EVAE",f0_W02_C1_s1337_d04.csv
S3,0,W02_C1,1337,5,13554182,EVAE|S3|geobg|0|W02_C1|1337|5,"single_noguide, single_guide, dual_noguide, EVAE",f0_W02_C1_s1337_d05.csv
S3,0,W02_C1,1337,6,2579989436,EVAE|S3|geobg|0|W02_C1|1337|6,"single_noguide, single_guide, dual_noguide, EVAE",f0_W02_C1_s1337_d06.csv
S3,0,W02_C1,1337,7,4005606186,EVAE|S3|geobg|0|W02_C1|1337|7,"single_noguide, single_guide, dual_noguide, EVAE",f0_W02_C1_s1337_d07.csv
S3,0,W02_C1,20260903,0,2835584410,EVAE|S3|geobg|0|W02_C1|20260903|0,"single_noguide, single_guide, dual_noguide, EVAE",f0_W02_C1_s20260903_d00.csv
S3,0,W02_C1,20260903,1,3724846348,EVAE|S3|geobg|0|W02_C1|20260903|1,"single_noguide, single_guide, dual_noguide, EVAE",f0_W02_C1_s20260903_d01.csv
S3,0,W02_C1,20260903,2,1192096950,EVAE|S3|geobg|0|W02_C1|20260903|2,"single_noguide, single_guide, dual_noguide, EVAE",f0_W02_C1_s20260903_d02.csv
S3,0,W02_C1,20260903,3,806011936,EVAE|S3|geobg|0|W02_C1|20260903|3,"single_noguide, single_guide, dual_noguide, EVAE",f0_W02_C1_s20260903_d03.csv
S3,0,W02_C1,20260903,4,2926465411,EVAE|S3|geobg|0|W02_C1|20260903|4,"single_noguide, single_guide, dual_noguide, EVAE",f0_W02_C1_s20260903_d04.csv
S3,0,W02_C1,20260903,5,3647562005,EVAE|S3|geobg|0|W02_C1|20260903|5,"single_noguide, single_guide, dual_noguide, EVAE",f0_W02_C1_s20260903_d05.csv
S3,0,W02_C1,20260903,6,1080045743,EVAE|S3|geobg|0|W02_C1|20260903|6,"single_noguide, single_guide, dual_noguide, EVAE",f0_W02_C1_s20260903_d06.csv
S3,0,W02_C1,20260903,7,929497145,EVAE|S3|geobg|0|W02_C1|20260903|7,"single_noguide, single_guide, dual_noguide, EVAE",f0_W02_C1_s20260903_d07.csv
S3,0,W02_C1,7,0,845447795,EVAE|S3|geobg|0|W02_C1|7|0,"single_noguide, single_guide, dual_noguide, EVAE",f0_W02_C1_s7_d00.csv
S3,0,W02_C1,7,1,1164161765,EVAE|S3|geobg|0|W02_C1|7|1,"single_noguide, single_guide, dual_noguide, EVAE",f0_W02_C1_s7_d01.csv
S3,0,W02_C1,7,2,3697992543,EVAE|S3|geobg|0|W02_C1|7|2,"single_noguide, single_guide, dual_noguide, EVAE",f0_W02_C1_s7_d02.csv
S3,0,W02_C1,7,3,2876101577,EVAE|S3|geobg|0|W02_C1|7|3,"single_noguide, single_guide, dual_noguide, EVAE",f0_W02_C1_s7_d03.csv
S3,0,W02_C1,7,4,889800298,EVAE|S3|geobg|0|W02_C1|7|4,"single_noguide, single_guide, dual_noguide, EVAE",f0_W02_C1_s7_d04.csv
S3,0,W02_C1,7,5,1108244220,EVAE|S3|geobg|0|W02_C1|7|5,"single_noguide, single_guide, dual_noguide, EVAE",f0_W02_C1_s7_d05.csv
S3,0,W02_C1,7,6,3674679110,EVAE|S3|geobg|0|W02_C1|7|6,"single_noguide, single_guide, dual_noguide, EVAE",f0_W02_C1_s7_d06.csv
S3,0,W02_C1,7,7,2885687248,EVAE|S3|geobg|0|W02_C1|7|7,"single_noguide, single_guide, dual_noguide, EVAE",f0_W02_C1_s7_d07.csv
S3,0,W02_C2,1337,0,4264239466,EVAE|S3|geobg|0|W02_C2|1337|0,"single_noguide, single_guide, dual_noguide, EVAE",f0_W02_C2_s1337_d00.csv
S3,0,W02_C2,1337,1,2301366780,EVAE|S3|geobg|0|W02_C2|1337|1,"single_noguide, single_guide, dual_noguide, EVAE",f0_W02_C2_s1337_d01.csv
S3,0,W02_C2,1337,2,270876742,EVAE|S3|geobg|0|W02_C2|1337|2,"single_noguide, single_guide, dual_noguide, EVAE",f0_W02_C2_s1337_d02.csv
S3,0,W02_C2,1337,3,1730310352,EVAE|S3|geobg|0|W02_C2|1337|3,"single_noguide, single_guide, dual_noguide, EVAE",f0_W02_C2_s1337_d03.csv
S3,0,W02_C2,1337,4,4182173043,EVAE|S3|geobg|0|W02_C2|1337|4,"single_noguide, single_guide, dual_noguide, EVAE",f0_W02_C2_s1337_d04.csv
S3,0,W02_C2,1337,5,2386679269,EVAE|S3|geobg|0|W02_C2|1337|5,"single_noguide, single_guide, dual_noguide, EVAE",f0_W02_C2_s1337_d05.csv
S3,0,W02_C2,1337,6,390628447,EVAE|S3|geobg|0|W02_C2|1337|6,"single_noguide, single_guide, dual_noguide, EVAE",f0_W02_C2_s1337_d06.csv
S3,0,W02_C2,1337,7,1615836361,EVAE|S3|geobg|0|W02_C2|1337|7,"single_noguide, single_guide, dual_noguide, EVAE",f0_W02_C2_s1337_d07.csv
S3,0,W02_C2,20260903,0,3734849386,EVAE|S3|geobg|0|W02_C2|20260903|0,"single_noguide, single_guide, dual_noguide, EVAE",f0_W02_C2_s20260903_d00.csv
S3,0,W02_C2,20260903,1,2845472764,EVAE|S3|geobg|0|W02_C2|20260903|1,"single_noguide, single_guide, dual_noguide, EVAE",f0_W02_C2_s20260903_d01.csv
S3,0,W02_C2,20260903,2,814949958,EVAE|S3|geobg|0|W02_C2|20260903|2,"single_noguide, single_guide, dual_noguide, EVAE",f0_W02_C2_s20260903_d02.csv
S3,0,W02_C2,20260903,3,1200887504,EVAE|S3|geobg|0|W02_C2|20260903|3,"single_noguide, single_guide, dual_noguide, EVAE",f0_W02_C2_s20260903_d03.csv
S3,0,W02_C2,20260903,4,3656418163,EVAE|S3|geobg|0|W02_C2|20260903|4,"single_noguide, single_guide, dual_noguide, EVAE",f0_W02_C2_s20260903_d04.csv
S3,0,W02_C2,20260903,5,2935469029,EVAE|S3|geobg|0|W02_C2|20260903|5,"single_noguide, single_guide, dual_noguide, EVAE",f0_W02_C2_s20260903_d05.csv
S3,0,W02_C2,20260903,6,939450975,EVAE|S3|geobg|0|W02_C2|20260903|6,"single_noguide, single_guide, dual_noguide, EVAE",f0_W02_C2_s20260903_d06.csv
S3,0,W02_C2,20260903,7,1090114249,EVAE|S3|geobg|0|W02_C2|20260903|7,"single_noguide, single_guide, dual_noguide, EVAE",f0_W02_C2_s20260903_d07.csv
S3,0,W02_C2,7,0,1975842979,EVAE|S3|geobg|0|W02_C2|7|0,"single_noguide, single_guide, dual_noguide, EVAE",f0_W02_C2_s7_d00.csv
S3,0,W02_C2,7,1,46385205,EVAE|S3|geobg|0|W02_C2|7|1,"single_noguide, single_guide, dual_noguide, EVAE",f0_W02_C2_s7_d01.csv
S3,0,W02_C2,7,2,2613746063,EVAE|S3|geobg|0|W02_C2|7|2,"single_noguide, single_guide, dual_noguide, EVAE",f0_W02_C2_s7_d02.csv
S3,0,W02_C2,7,3,3972901145,EVAE|S3|geobg|0|W02_C2|7|3,"single_noguide, single_guide, dual_noguide, EVAE",f0_W02_C2_s7_d03.csv
S3,0,W02_C2,7,4,1923693754,EVAE|S3|geobg|0|W02_C2|7|4,"single_noguide, single_guide, dual_noguide, EVAE",f0_W02_C2_s7_d04.csv
S3,0,W02_C2,7,5,95292460,EVAE|S3|geobg|0|W02_C2|7|5,"single_noguide, single_guide, dual_noguide, EVAE",f0_W02_C2_s7_d05.csv
S3,0,W02_C2,7,6,2628214166,EVAE|S3|geobg|0|W02_C2|7|6,"single_noguide, single_guide, dual_noguide, EVAE",f0_W02_C2_s7_d06.csv
S3,0,W02_C2,7,7,3953159424,EVAE|S3|geobg|0|W02_C2|7|7,"single_noguide, single_guide, dual_noguide, EVAE",f0_W02_C2_s7_d07.csv
S3,0,W03_C1,1337,0,2972383561,EVAE|S3|geobg|0|W03_C1|1337|0,"single_noguide, single_guide, dual_noguide, EVAE",f0_W03_C1_s1337_d00.csv
S3,0,W03_C1,1337,1,3324889567,EVAE|S3|geobg|0|W03_C1|1337|1,"single_noguide, single_guide, dual_noguide, EVAE",f0_W03_C1_s1337_d01.csv
S3,0,W03_C1,1337,2,1596233829,EVAE|S3|geobg|0|W03_C1|1337|2,"single_noguide, single_guide, dual_noguide, EVAE",f0_W03_C1_s1337_d02.csv
S3,0,W03_C1,1337,3,673425651,EVAE|S3|geobg|0|W03_C1|1337|3,"single_noguide, single_guide, dual_noguide, EVAE",f0_W03_C1_s1337_d03.csv
S3,0,W03_C1,1337,4,3058122064,EVAE|S3|geobg|0|W03_C1|1337|4,"single_noguide, single_guide, dual_noguide, EVAE",f0_W03_C1_s1337_d04.csv
S3,0,W03_C1,1337,5,3242200518,EVAE|S3|geobg|0|W03_C1|1337|5,"single_noguide, single_guide, dual_noguide, EVAE",f0_W03_C1_s1337_d05.csv
S3,0,W03_C1,1337,6,1481202812,EVAE|S3|geobg|0|W03_C1|1337|6,"single_noguide, single_guide, dual_noguide, EVAE",f0_W03_C1_s1337_d06.csv
S3,0,W03_C1,1337,7,793668842,EVAE|S3|geobg|0|W03_C1|1337|7,"single_noguide, single_guide, dual_noguide, EVAE",f0_W03_C1_s1337_d07.csv
S3,0,W03_C1,20260903,0,284708466,EVAE|S3|geobg|0|W03_C1|20260903|0,"single_noguide, single_guide, dual_noguide, EVAE",f0_W03_C1_s20260903_d00.csv
S3,0,W03_C1,20260903,1,1744797412,EVAE|S3|geobg|0|W03_C1|20260903|1,"single_noguide, single_guide, dual_noguide, EVAE",f0_W03_C1_s20260903_d01.csv
S3,0,W03_C1,20260903,2,4277546846,EVAE|S3|geobg|0|W03_C1|20260903|2,"single_noguide, single_guide, dual_noguide, EVAE",f0_W03_C1_s20260903_d02.csv
S3,0,W03_C1,20260903,3,2314280904,EVAE|S3|geobg|0|W03_C1|20260903|3,"single_noguide, single_guide, dual_noguide, EVAE",f0_W03_C1_s20260903_d03.csv
S3,0,W03_C1,20260903,4,395676267,EVAE|S3|geobg|0|W03_C1|20260903|4,"single_noguide, single_guide, dual_noguide, EVAE",f0_W03_C1_s20260903_d04.csv
S3,0,W03_C1,20260903,5,1620228861,EVAE|S3|geobg|0|W03_C1|20260903|5,"single_noguide, single_guide, dual_noguide, EVAE",f0_W03_C1_s20260903_d05.csv
S3,0,W03_C1,20260903,6,4187745095,EVAE|S3|geobg|0|W03_C1|20260903|6,"single_noguide, single_guide, dual_noguide, EVAE",f0_W03_C1_s20260903_d06.csv
S3,0,W03_C1,20260903,7,2392644561,EVAE|S3|geobg|0|W03_C1|20260903|7,"single_noguide, single_guide, dual_noguide, EVAE",f0_W03_C1_s20260903_d07.csv
S3,0,W03_C1,7,0,4274946797,EVAE|S3|geobg|0|W03_C1|7|0,"single_noguide, single_guide, dual_noguide, EVAE",f0_W03_C1_s7_d00.csv
S3,0,W03_C1,7,1,2311697019,EVAE|S3|geobg|0|W03_C1|7|1,"single_noguide, single_guide, dual_noguide, EVAE",f0_W03_C1_s7_d01.csv
S3,0,W03_C1,7,2,281076673,EVAE|S3|geobg|0|W03_C1|7|2,"single_noguide, single_guide, dual_noguide, EVAE",f0_W03_C1_s7_d02.csv
S3,0,W03_C1,7,3,1741149015,EVAE|S3|geobg|0|W03_C1|7|3,"single_noguide, single_guide, dual_noguide, EVAE",f0_W03_C1_s7_d03.csv
S3,0,W03_C1,7,4,4188227316,EVAE|S3|geobg|0|W03_C1|7|4,"single_noguide, single_guide, dual_noguide, EVAE",f0_W03_C1_s7_d04.csv
S3,0,W03_C1,7,5,2393142882,EVAE|S3|geobg|0|W03_C1|7|5,"single_noguide, single_guide, dual_noguide, EVAE",f0_W03_C1_s7_d05.csv
S3,0,W03_C1,7,6,397223896,EVAE|S3|geobg|0|W03_C1|7|6,"single_noguide, single_guide, dual_noguide, EVAE",f0_W03_C1_s7_d06.csv
S3,0,W03_C1,7,7,1621759822,EVAE|S3|geobg|0|W03_C1|7|7,"single_noguide, single_guide, dual_noguide, EVAE",f0_W03_C1_s7_d07.csv
S3,0,W03_C2,1337,0,1067843242,EVAE|S3|geobg|0|W03_C2|1337|0,"single_noguide, single_guide, dual_noguide, EVAE",f0_W03_C2_s1337_d00.csv
S3,0,W03_C2,1337,1,1218629180,EVAE|S3|geobg|0|W03_C2|1337|1,"single_noguide, single_guide, dual_noguide, EVAE",f0_W03_C2_s1337_d01.csv
S3,0,W03_C2,1337,2,3517685638,EVAE|S3|geobg|0|W03_C2|1337|2,"single_noguide, single_guide, dual_noguide, EVAE",f0_W03_C2_s1337_d02.csv
S3,0,W03_C2,1337,3,2796334864,EVAE|S3|geobg|0|W03_C2|1337|3,"single_noguide, single_guide, dual_noguide, EVAE",f0_W03_C2_s1337_d03.csv
S3,0,W03_C2,1337,4,952646323,EVAE|S3|geobg|0|W03_C2|1337|4,"single_noguide, single_guide, dual_noguide, EVAE",f0_W03_C2_s1337_d04.csv
S3,0,W03_C2,1337,5,1338968613,EVAE|S3|geobg|0|W03_C2|1337|5,"single_noguide, single_guide, dual_noguide, EVAE",f0_W03_C2_s1337_d05.csv
S3,0,W03_C2,1337,6,3603323807,EVAE|S3|geobg|0|W03_C2|1337|6,"single_noguide, single_guide, dual_noguide, EVAE",f0_W03_C2_s1337_d06.csv
S3,0,W03_C2,1337,7,2713807625,EVAE|S3|geobg|0|W03_C2|1337|7,"single_noguide, single_guide, dual_noguide, EVAE",f0_W03_C2_s1337_d07.csv
S3,0,W03_C2,20260903,0,1734777986,EVAE|S3|geobg|0|W03_C2|20260903|0,"single_noguide, single_guide, dual_noguide, EVAE",f0_W03_C2_s20260903_d00.csv
S3,0,W03_C2,20260903,1,274836500,EVAE|S3|geobg|0|W03_C2|20260903|1,"single_noguide, single_guide, dual_noguide, EVAE",f0_W03_C2_s20260903_d01.csv
S3,0,W03_C2,20260903,2,2305359278,EVAE|S3|geobg|0|W03_C2|20260903|2,"single_noguide, single_guide, dual_noguide, EVAE",f0_W03_C2_s20260903_d02.csv
S3,0,W03_C2,20260903,3,4268739896,EVAE|S3|geobg|0|W03_C2|20260903|3,"single_noguide, single_guide, dual_noguide, EVAE",f0_W03_C2_s20260903_d03.csv
S3,0,W03_C2,20260903,4,1611356315,EVAE|S3|geobg|0|W03_C2|20260903|4,"single_noguide, single_guide, dual_noguide, EVAE",f0_W03_C2_s20260903_d04.csv
S3,0,W03_C2,20260903,5,386689037,EVAE|S3|geobg|0|W03_C2|20260903|5,"single_noguide, single_guide, dual_noguide, EVAE",f0_W03_C2_s20260903_d05.csv
S3,0,W03_C2,20260903,6,2382707127,EVAE|S3|geobg|0|W03_C2|20260903|6,"single_noguide, single_guide, dual_noguide, EVAE",f0_W03_C2_s20260903_d06.csv
S3,0,W03_C2,20260903,7,4177660193,EVAE|S3|geobg|0|W03_C2|20260903|7,"single_noguide, single_guide, dual_noguide, EVAE",f0_W03_C2_s20260903_d07.csv
S3,0,W03_C2,7,0,3111057469,EVAE|S3|geobg|0|W03_C2|7|0,"single_noguide, single_guide, dual_noguide, EVAE",f0_W03_C2_s7_d00.csv
S3,0,W03_C2,7,1,3463039147,EVAE|S3|geobg|0|W03_C2|7|1,"single_noguide, single_guide, dual_noguide, EVAE",f0_W03_C2_s7_d01.csv
S3,0,W03_C2,7,2,1465948433,EVAE|S3|geobg|0|W03_C2|7|2,"single_noguide, single_guide, dual_noguide, EVAE",f0_W03_C2_s7_d02.csv
S3,0,W03_C2,7,3,543664519,EVAE|S3|geobg|0|W03_C2|7|3,"single_noguide, single_guide, dual_noguide, EVAE",f0_W03_C2_s7_d03.csv
S3,0,W03_C2,7,4,3187883044,EVAE|S3|geobg|0|W03_C2|7|4,"single_noguide, single_guide, dual_noguide, EVAE",f0_W03_C2_s7_d04.csv
S3,0,W03_C2,7,5,3372485810,EVAE|S3|geobg|0|W03_C2|7|5,"single_noguide, single_guide, dual_noguide, EVAE",f0_W03_C2_s7_d05.csv
S3,0,W03_C2,7,6,1343053064,EVAE|S3|geobg|0|W03_C2|7|6,"single_noguide, single_guide, dual_noguide, EVAE",f0_W03_C2_s7_d06.csv
S3,0,W03_C2,7,7,654994846,EVAE|S3|geobg|0|W03_C2|7|7,"single_noguide, single_guide, dual_noguide, EVAE",f0_W03_C2_s7_d07.csv
S3,0,W04_C1,1337,0,2551311562,EVAE|S3|geobg|0|W04_C1|1337|0,"single_noguide, single_guide, dual_noguide, EVAE",f0_W04_C1_s1337_d00.csv
S3,0,W04_C1,1337,1,4011252828,EVAE|S3|geobg|0|W04_C1|1337|1,"single_noguide, single_guide, dual_noguide, EVAE",f0_W04_C1_s1337_d01.csv
S3,0,W04_C1,1337,2,1981779430,EVAE|S3|geobg|0|W04_C1|1337|2,"single_noguide, single_guide, dual_noguide, EVAE",f0_W04_C1_s1337_d02.csv
S3,0,W04_C1,1337,3,18398576,EVAE|S3|geobg|0|W04_C1|1337|3,"single_noguide, single_guide, dual_noguide, EVAE",f0_W04_C1_s1337_d03.csv
S3,0,W04_C1,1337,4,2675714259,EVAE|S3|geobg|0|W04_C1|1337|4,"single_noguide, single_guide, dual_noguide, EVAE",f0_W04_C1_s1337_d04.csv
S3,0,W04_C1,1337,5,3900381253,EVAE|S3|geobg|0|W04_C1|1337|5,"single_noguide, single_guide, dual_noguide, EVAE",f0_W04_C1_s1337_d05.csv
S3,0,W04_C1,1337,6,1903315455,EVAE|S3|geobg|0|W04_C1|1337|6,"single_noguide, single_guide, dual_noguide, EVAE",f0_W04_C1_s1337_d06.csv
S3,0,W04_C1,1337,7,108362089,EVAE|S3|geobg|0|W04_C1|1337|7,"single_noguide, single_guide, dual_noguide, EVAE",f0_W04_C1_s1337_d07.csv
S3,0,W04_C1,20260903,0,2348368232,EVAE|S3|geobg|0|W04_C1|20260903|0,"single_noguide, single_guide, dual_noguide, EVAE",f0_W04_C1_s20260903_d00.csv
S3,0,W04_C1,20260903,1,4244533758,EVAE|S3|geobg|0|W04_C1|20260903|1,"single_noguide, single_guide, dual_noguide, EVAE",f0_W04_C1_s20260903_d01.csv
S3,0,W04_C1,20260903,2,1710694468,EVAE|S3|geobg|0|W04_C1|20260903|2,"single_noguide, single_guide, dual_noguide, EVAE",f0_W04_C1_s20260903_d02.csv
S3,0,W04_C1,20260903,3,317722834,EVAE|S3|geobg|0|W04_C1|20260903|3,"single_noguide, single_guide, dual_noguide, EVAE",f0_W04_C1_s20260903_d03.csv
S3,0,W04_C1,20260903,4,2358543729,EVAE|S3|geobg|0|W04_C1|20260903|4,"single_noguide, single_guide, dual_noguide, EVAE",f0_W04_C1_s20260903_d04.csv
S3,0,W04_C1,20260903,5,4220761575,EVAE|S3|geobg|0|W04_C1|20260903|5,"single_noguide, single_guide, dual_noguide, EVAE",f0_W04_C1_s20260903_d05.csv
S3,0,W04_C1,20260903,6,1654318173,EVAE|S3|geobg|0|W04_C1|20260903|6,"single_noguide, single_guide, dual_noguide, EVAE",f0_W04_C1_s20260903_d06.csv
S3,0,W04_C1,20260903,7,362665163,EVAE|S3|geobg|0|W04_C1|20260903|7,"single_noguide, single_guide, dual_noguide, EVAE",f0_W04_C1_s20260903_d07.csv
S3,0,W04_C1,7,0,4094397428,EVAE|S3|geobg|0|W04_C1|7|0,"single_noguide, single_guide, dual_noguide, EVAE",f0_W04_C1_s7_d00.csv
S3,0,W04_C1,7,1,2198649698,EVAE|S3|geobg|0|W04_C1|7|1,"single_noguide, single_guide, dual_noguide, EVAE",f0_W04_C1_s7_d01.csv
S3,0,W04_C1,7,2,436595416,EVAE|S3|geobg|0|W04_C1|7|2,"single_noguide, single_guide, dual_noguide, EVAE",f0_W04_C1_s7_d02.csv
S3,0,W04_C1,7,3,1828903502,EVAE|S3|geobg|0|W04_C1|7|3,"single_noguide, single_guide, dual_noguide, EVAE",f0_W04_C1_s7_d03.csv
S3,0,W04_C1,7,4,4083568621,EVAE|S3|geobg|0|W04_C1|7|4,"single_noguide, single_guide, dual_noguide, EVAE",f0_W04_C1_s7_d04.csv
S3,0,W04_C1,7,5,2220982139,EVAE|S3|geobg|0|W04_C1|7|5,"single_noguide, single_guide, dual_noguide, EVAE",f0_W04_C1_s7_d05.csv
S3,0,W04_C1,7,6,493366977,EVAE|S3|geobg|0|W04_C1|7|6,"single_noguide, single_guide, dual_noguide, EVAE",f0_W04_C1_s7_d06.csv
S3,0,W04_C1,7,7,1785667159,EVAE|S3|geobg|0|W04_C1|7|7,"single_noguide, single_guide, dual_noguide, EVAE",f0_W04_C1_s7_d07.csv
S3,0,W04_C2,1337,0,379513641,EVAE|S3|geobg|0|W04_C2|1337|0,"single_noguide, single_guide, dual_noguide, EVAE",f0_W04_C2_s1337_d00.csv
S3,0,W04_C2,1337,1,1637473215,EVAE|S3|geobg|0|W04_C2|1337|1,"single_noguide, single_guide, dual_noguide, EVAE",f0_W04_C2_s1337_d01.csv
S3,0,W04_C2,1337,2,4170222085,EVAE|S3|geobg|0|W04_C2|1337|2,"single_noguide, single_guide, dual_noguide, EVAE",f0_W04_C2_s1337_d02.csv
S3,0,W04_C2,1337,3,2409085587,EVAE|S3|geobg|0|W04_C2|1337|3,"single_noguide, single_guide, dual_noguide, EVAE",f0_W04_C2_s1337_d03.csv
S3,0,W04_C2,1337,4,301150000,EVAE|S3|geobg|0|W04_C2|1337|4,"single_noguide, single_guide, dual_noguide, EVAE",f0_W04_C2_s1337_d04.csv
S3,0,W04_C2,1337,5,1727274918,EVAE|S3|geobg|0|W04_C2|1337|5,"single_noguide, single_guide, dual_noguide, EVAE",f0_W04_C2_s1337_d05.csv
S3,0,W04_C2,1337,6,4294790684,EVAE|S3|geobg|0|W04_C2|1337|6,"single_noguide, single_guide, dual_noguide, EVAE",f0_W04_C2_s1337_d06.csv
S3,0,W04_C2,1337,7,2298117770,EVAE|S3|geobg|0|W04_C2|1337|7,"single_noguide, single_guide, dual_noguide, EVAE",f0_W04_C2_s1337_d07.csv
S3,0,W04_C2,20260903,0,4234646424,EVAE|S3|geobg|0|W04_C2|20260903|0,"single_noguide, single_guide, dual_noguide, EVAE",f0_W04_C2_s20260903_d00.csv
S3,0,W04_C2,20260903,1,2338366222,EVAE|S3|geobg|0|W04_C2|20260903|1,"single_noguide, single_guide, dual_noguide, EVAE",f0_W04_C2_s20260903_d01.csv
S3,0,W04_C2,20260903,2,308933300,EVAE|S3|geobg|0|W04_C2|20260903|2,"single_noguide, single_guide, dual_noguide, EVAE",f0_W04_C2_s20260903_d02.csv
S3,0,W04_C2,20260903,3,1701757474,EVAE|S3|geobg|0|W04_C2|20260903|3,"single_noguide, single_guide, dual_noguide, EVAE",f0_W04_C2_s20260903_d03.csv
S3,0,W04_C2,20260903,4,4211758977,EVAE|S3|geobg|0|W04_C2|20260903|4,"single_noguide, single_guide, dual_noguide, EVAE",f0_W04_C2_s20260903_d04.csv
S3,0,W04_C2,20260903,5,2349688599,EVAE|S3|geobg|0|W04_C2|20260903|5,"single_noguide, single_guide, dual_noguide, EVAE",f0_W04_C2_s20260903_d05.csv
S3,0,W04_C2,20260903,6,352597677,EVAE|S3|geobg|0|W04_C2|20260903|6,"single_noguide, single_guide, dual_noguide, EVAE",f0_W04_C2_s20260903_d06.csv
S3,0,W04_C2,20260903,7,1644365371,EVAE|S3|geobg|0|W04_C2|20260903|7,"single_noguide, single_guide, dual_noguide, EVAE",f0_W04_C2_s20260903_d07.csv
S3,0,W04_C2,7,0,3014390052,EVAE|S3|geobg|0|W04_C2|7|0,"single_noguide, single_guide, dual_noguide, EVAE",f0_W04_C2_s7_d00.csv
S3,0,W04_C2,7,1,3299656114,EVAE|S3|geobg|0|W04_C2|7|1,"single_noguide, single_guide, dual_noguide, EVAE",f0_W04_C2_s7_d01.csv
S3,0,W04_C2,7,2,1571131400,EVAE|S3|geobg|0|W04_C2|7|2,"single_noguide, single_guide, dual_noguide, EVAE",f0_W04_C2_s7_d02.csv
S3,0,W04_C2,7,3,715301022,EVAE|S3|geobg|0|W04_C2|7|3,"single_noguide, single_guide, dual_noguide, EVAE",f0_W04_C2_s7_d03.csv
S3,0,W04_C2,7,4,3032888637,EVAE|S3|geobg|0|W04_C2|7|4,"single_noguide, single_guide, dual_noguide, EVAE",f0_W04_C2_s7_d04.csv
S3,0,W04_C2,7,5,3284207019,EVAE|S3|geobg|0|W04_C2|7|5,"single_noguide, single_guide, dual_noguide, EVAE",f0_W04_C2_s7_d05.csv
S3,0,W04_C2,7,6,1523078161,EVAE|S3|geobg|0|W04_C2|7|6,"single_noguide, single_guide, dual_noguide, EVAE",f0_W04_C2_s7_d06.csv
S3,0,W04_C2,7,7,768566407,EVAE|S3|geobg|0|W04_C2|7|7,"single_noguide, single_guide, dual_noguide, EVAE",f0_W04_C2_s7_d07.csv
S3,0,W05_C1,1337,0,1503605514,EVAE|S3|geobg|0|W05_C1|1337|0,"single_noguide, single_guide, dual_noguide, EVAE",f0_W05_C1_s1337_d00.csv
S3,0,W05_C1,1337,1,781714332,EVAE|S3|geobg|0|W05_C1|1337|1,"single_noguide, single_guide, dual_noguide, EVAE",f0_W05_C1_s1337_d01.csv
S3,0,W05_C1,1337,2,3079754278,EVAE|S3|geobg|0|W05_C1|1337|2,"single_noguide, single_guide, dual_noguide, EVAE",f0_W05_C1_s1337_d02.csv
S3,0,W05_C1,1337,3,3231081136,EVAE|S3|geobg|0|W05_C1|1337|3,"single_noguide, single_guide, dual_noguide, EVAE",f0_W05_C1_s1337_d03.csv
S3,0,W05_C1,1337,4,1592981267,EVAE|S3|geobg|0|W05_C1|1337|4,"single_noguide, single_guide, dual_noguide, EVAE",f0_W05_C1_s1337_d04.csv
S3,0,W05_C1,1337,5,703973253,EVAE|S3|geobg|0|W05_C1|1337|5,"single_noguide, single_guide, dual_noguide, EVAE",f0_W05_C1_s1337_d05.csv
S3,0,W05_C1,1337,6,2969343551,EVAE|S3|geobg|0|W05_C1|1337|6,"single_noguide, single_guide, dual_noguide, EVAE",f0_W05_C1_s1337_d06.csv
S3,0,W05_C1,1337,7,3355158185,EVAE|S3|geobg|0|W05_C1|1337|7,"single_noguide, single_guide, dual_noguide, EVAE",f0_W05_C1_s1337_d07.csv
S3,0,W05_C1,20260903,0,839031424,EVAE|S3|geobg|0|W05_C1|20260903|0,"single_noguide, single_guide, dual_noguide, EVAE",f0_W05_C1_s20260903_d00.csv
S3,0,W05_C1,20260903,1,1157999126,EVAE|S3|geobg|0|W05_C1|20260903|1,"single_noguide, single_guide, dual_noguide, EVAE",f0_W05_C1_s20260903_d01.csv
S3,0,W05_C1,20260903,2,3691838380,EVAE|S3|geobg|0|W05_C1|20260903|2,"single_noguide, single_guide, dual_noguide, EVAE",f0_W05_C1_s20260903_d02.csv
S3,0,W05_C1,20260903,3,2869676858,EVAE|S3|geobg|0|W05_C1|20260903|3,"single_noguide, single_guide, dual_noguide, EVAE",f0_W05_C1_s20260903_d03.csv
S3,0,W05_C1,20260903,4,896491161,EVAE|S3|geobg|0|W05_C1|20260903|4,"single_noguide, single_guide, dual_noguide, EVAE",f0_W05_C1_s20260903_d04.csv
S3,0,W05_C1,20260903,5,1114140175,EVAE|S3|geobg|0|W05_C1|20260903|5,"single_noguide, single_guide, dual_noguide, EVAE",f0_W05_C1_s20260903_d05.csv
S3,0,W05_C1,20260903,6,3680583605,EVAE|S3|geobg|0|W05_C1|20260903|6,"single_noguide, single_guide, dual_noguide, EVAE",f0_W05_C1_s20260903_d06.csv
S3,0,W05_C1,20260903,7,2892369699,EVAE|S3|geobg|0|W05_C1|20260903|7,"single_noguide, single_guide, dual_noguide, EVAE",f0_W05_C1_s20260903_d07.csv
S3,0,W05_C1,7,0,950111082,EVAE|S3|geobg|0|W05_C1|7|0,"single_noguide, single_guide, dual_noguide, EVAE",f0_W05_C1_s7_d00.csv
S3,0,W05_C1,7,1,1336327164,EVAE|S3|geobg|0|W05_C1|7|1,"single_noguide, single_guide, dual_noguide, EVAE",f0_W05_C1_s7_d01.csv
S3,0,W05_C1,7,2,3601852998,EVAE|S3|geobg|0|W05_C1|7|2,"single_noguide, single_guide, dual_noguide, EVAE",f0_W05_C1_s7_d02.csv
S3,0,W05_C1,7,3,2712197840,EVAE|S3|geobg|0|W05_C1|7|3,"single_noguide, single_guide, dual_noguide, EVAE",f0_W05_C1_s7_d03.csv
S3,0,W05_C1,7,4,1070354291,EVAE|S3|geobg|0|W05_C1|7|4,"single_noguide, single_guide, dual_noguide, EVAE",f0_W05_C1_s7_d04.csv
S3,0,W05_C1,7,5,1221296101,EVAE|S3|geobg|0|W05_C1|7|5,"single_noguide, single_guide, dual_noguide, EVAE",f0_W05_C1_s7_d05.csv
S3,0,W05_C1,7,6,3519163999,EVAE|S3|geobg|0|W05_C1|7|6,"single_noguide, single_guide, dual_noguide, EVAE",f0_W05_C1_s7_d06.csv
S3,0,W05_C1,7,7,2797936329,EVAE|S3|geobg|0|W05_C1|7|7,"single_noguide, single_guide, dual_noguide, EVAE",f0_W05_C1_s7_d07.csv
S3,0,W05_C2,1337,0,3608163561,EVAE|S3|geobg|0|W05_C2|1337|0,"single_noguide, single_guide, dual_noguide, EVAE",f0_W05_C2_s1337_d00.csv
S3,0,W05_C2,1337,1,2685863039,EVAE|S3|geobg|0|W05_C2|1337|1,"single_noguide, single_guide, dual_noguide, EVAE",f0_W05_C2_s1337_d01.csv
S3,0,W05_C2,1337,2,958289349,EVAE|S3|geobg|0|W05_C2|1337|2,"single_noguide, single_guide, dual_noguide, EVAE",f0_W05_C2_s1337_d02.csv
S3,0,W05_C2,1337,3,1310287187,EVAE|S3|geobg|0|W05_C2|1337|3,"single_noguide, single_guide, dual_noguide, EVAE",f0_W05_C2_s1337_d03.csv
S3,0,W05_C2,1337,4,3497914608,EVAE|S3|geobg|0|W05_C2|1337|4,"single_noguide, single_guide, dual_noguide, EVAE",f0_W05_C2_s1337_d04.csv
S3,0,W05_C2,1337,5,2809839718,EVAE|S3|geobg|0|W05_C2|1337|5,"single_noguide, single_guide, dual_noguide, EVAE",f0_W05_C2_s1337_d05.csv
S3,0,W05_C2,1337,6,1047761372,EVAE|S3|geobg|0|W05_C2|1337|6,"single_noguide, single_guide, dual_noguide, EVAE",f0_W05_C2_s1337_d06.csv
S3,0,W05_C2,1337,7,1232380234,EVAE|S3|geobg|0|W05_C2|1337|7,"single_noguide, single_guide, dual_noguide, EVAE",f0_W05_C2_s1337_d07.csv
S3,0,W05_C2,20260903,0,1167870064,EVAE|S3|geobg|0|W05_C2|20260903|0,"single_noguide, single_guide, dual_noguide, EVAE",f0_W05_C2_s20260903_d00.csv
S3,0,W05_C2,20260903,1,849049830,EVAE|S3|geobg|0|W05_C2|20260903|1,"single_noguide, single_guide, dual_noguide, EVAE",f0_W05_C2_s20260903_d01.csv
S3,0,W05_C2,20260903,2,2878482780,EVAE|S3|geobg|0|W05_C2|20260903|2,"single_noguide, single_guide, dual_noguide, EVAE",f0_W05_C2_s20260903_d02.csv
S3,0,W05_C2,20260903,3,3700758986,EVAE|S3|geobg|0|W05_C2|20260903|3,"single_noguide, single_guide, dual_noguide, EVAE",f0_W05_C2_s20260903_d03.csv
S3,0,W05_C2,20260903,4,1123126377,EVAE|S3|geobg|0|W05_C2|20260903|4,"single_noguide, single_guide, dual_noguide, EVAE",f0_W05_C2_s20260903_d04.csv
S3,0,W05_C2,20260903,5,905362687,EVAE|S3|geobg|0|W05_C2|20260903|5,"single_noguide, single_guide, dual_noguide, EVAE",f0_W05_C2_s20260903_d05.csv
S3,0,W05_C2,20260903,6,2902453573,EVAE|S3|geobg|0|W05_C2|20260903|6,"single_noguide, single_guide, dual_noguide, EVAE",f0_W05_C2_s20260903_d06.csv
S3,0,W05_C2,20260903,7,3690520019,EVAE|S3|geobg|0|W05_C2|20260903|7,"single_noguide, single_guide, dual_noguide, EVAE",f0_W05_C2_s20260903_d07.csv
S3,0,W05_C2,7,0,2130833850,EVAE|S3|geobg|0|W05_C2|7|0,"single_noguide, single_guide, dual_noguide, EVAE",f0_W05_C2_s7_d00.csv
S3,0,W05_C2,7,1,134660396,EVAE|S3|geobg|0|W05_C2|7|1,"single_noguide, single_guide, dual_noguide, EVAE",f0_W05_C2_s7_d01.csv
S3,0,W05_C2,7,2,2433716374,EVAE|S3|geobg|0|W05_C2|7|2,"single_noguide, single_guide, dual_noguide, EVAE",f0_W05_C2_s7_d02.csv
S3,0,W05_C2,7,3,3859324928,EVAE|S3|geobg|0|W05_C2|7|3,"single_noguide, single_guide, dual_noguide, EVAE",f0_W05_C2_s7_d03.csv
S3,0,W05_C2,7,4,2020357539,EVAE|S3|geobg|0|W05_C2|7|4,"single_noguide, single_guide, dual_noguide, EVAE",f0_W05_C2_s7_d04.csv
S3,0,W05_C2,7,5,258671925,EVAE|S3|geobg|0|W05_C2|7|5,"single_noguide, single_guide, dual_noguide, EVAE",f0_W05_C2_s7_d05.csv
S3,0,W05_C2,7,6,2523026575,EVAE|S3|geobg|0|W05_C2|7|6,"single_noguide, single_guide, dual_noguide, EVAE",f0_W05_C2_s7_d06.csv
S3,0,W05_C2,7,7,3781518361,EVAE|S3|geobg|0|W05_C2|7|7,"single_noguide, single_guide, dual_noguide, EVAE",f0_W05_C2_s7_d07.csv
S3,0,W06_C1,1337,0,3229439243,EVAE|S3|geobg|0|W06_C1|1337|0,"single_noguide, single_guide, dual_noguide, EVAE",f0_W06_C1_s1337_d00.csv
S3,0,W06_C1,1337,1,3078251933,EVAE|S3|geobg|0|W06_C1|1337|1,"single_noguide, single_guide, dual_noguide, EVAE",f0_W06_C1_s1337_d01.csv
S3,0,W06_C1,1337,2,779301927,EVAE|S3|geobg|0|W06_C1|1337|2,"single_noguide, single_guide, dual_noguide, EVAE",f0_W06_C1_s1337_d02.csv
S3,0,W06_C1,1337,3,1500775601,EVAE|S3|geobg|0|W06_C1|1337|3,"single_noguide, single_guide, dual_noguide, EVAE",f0_W06_C1_s1337_d03.csv
S3,0,W06_C1,1337,4,3339751698,EVAE|S3|geobg|0|W06_C1|1337|4,"single_noguide, single_guide, dual_noguide, EVAE",f0_W06_C1_s1337_d04.csv
S3,0,W06_C1,1337,5,2954338692,EVAE|S3|geobg|0|W06_C1|1337|5,"single_noguide, single_guide, dual_noguide, EVAE",f0_W06_C1_s1337_d05.csv
S3,0,W06_C1,1337,6,689893438,EVAE|S3|geobg|0|W06_C1|1337|6,"single_noguide, single_guide, dual_noguide, EVAE",f0_W06_C1_s1337_d06.csv
S3,0,W06_C1,1337,7,1578746024,EVAE|S3|geobg|0|W06_C1|1337|7,"single_noguide, single_guide, dual_noguide, EVAE",f0_W06_C1_s1337_d07.csv
S3,0,W06_C1,20260903,0,595587321,EVAE|S3|geobg|0|W06_C1|20260903|0,"single_noguide, single_guide, dual_noguide, EVAE",f0_W06_C1_s20260903_d00.csv
S3,0,W06_C1,20260903,1,1417199727,EVAE|S3|geobg|0|W06_C1|20260903|1,"single_noguide, single_guide, dual_noguide, EVAE",f0_W06_C1_s20260903_d01.csv
S3,0,W06_C1,20260903,2,3446772181,EVAE|S3|geobg|0|W06_C1|20260903|2,"single_noguide, single_guide, dual_noguide, EVAE",f0_W06_C1_s20260903_d02.csv
S3,0,W06_C1,20260903,3,3128336707,EVAE|S3|geobg|0|W06_C1|20260903|3,"single_noguide, single_guide, dual_noguide, EVAE",f0_W06_C1_s20260903_d03.csv
S3,0,W06_C1,20260903,4,605172960,EVAE|S3|geobg|0|W06_C1|20260903|4,"single_noguide, single_guide, dual_noguide, EVAE",f0_W06_C1_s20260903_d04.csv
S3,0,W06_C1,20260903,5,1393886326,EVAE|S3|geobg|0|W06_C1|20260903|5,"single_noguide, single_guide, dual_noguide, EVAE",f0_W06_C1_s20260903_d05.csv
S3,0,W06_C1,20260903,6,3390854604,EVAE|S3|geobg|0|W06_C1|20260903|6,"single_noguide, single_guide, dual_noguide, EVAE",f0_W06_C1_s20260903_d06.csv
S3,0,W06_C1,20260903,7,3172689242,EVAE|S3|geobg|0|W06_C1|20260903|7,"single_noguide, single_guide, dual_noguide, EVAE",f0_W06_C1_s20260903_d07.csv
S3,0,W06_C1,7,0,3056503945,EVAE|S3|geobg|0|W06_C1|7|0,"single_noguide, single_guide, dual_noguide, EVAE",f0_W06_C1_s7_d00.csv
S3,0,W06_C1,7,1,3240737823,EVAE|S3|geobg|0|W06_C1|7|1,"single_noguide, single_guide, dual_noguide, EVAE",f0_W06_C1_s7_d01.csv
S3,0,W06_C1,7,2,1478552997,EVAE|S3|geobg|0|W06_C1|7|2,"single_noguide, single_guide, dual_noguide, EVAE",f0_W06_C1_s7_d02.csv
S3,0,W06_C1,7,3,791141683,EVAE|S3|geobg|0|W06_C1|7|3,"single_noguide, single_guide, dual_noguide, EVAE",f0_W06_C1_s7_d03.csv
S3,0,W06_C1,7,4,2973976720,EVAE|S3|geobg|0|W06_C1|7|4,"single_noguide, single_guide, dual_noguide, EVAE",f0_W06_C1_s7_d04.csv
S3,0,W06_C1,7,5,3326375942,EVAE|S3|geobg|0|W06_C1|7|5,"single_noguide, single_guide, dual_noguide, EVAE",f0_W06_C1_s7_d05.csv
S3,0,W06_C1,7,6,1598892476,EVAE|S3|geobg|0|W06_C1|7|6,"single_noguide, single_guide, dual_noguide, EVAE",f0_W06_C1_s7_d06.csv
S3,0,W06_C1,7,7,675944746,EVAE|S3|geobg|0|W06_C1|7|7,"single_noguide, single_guide, dual_noguide, EVAE",f0_W06_C1_s7_d07.csv
S3,0,W06_C2,1337,0,1324503784,EVAE|S3|geobg|0|W06_C2|1337|0,"single_noguide, single_guide, dual_noguide, EVAE",f0_W06_C2_s1337_d00.csv
S3,0,W06_C2,1337,1,972382846,EVAE|S3|geobg|0|W06_C2|1337|1,"single_noguide, single_guide, dual_noguide, EVAE",f0_W06_C2_s1337_d01.csv
S3,0,W06_C2,1337,2,2700882884,EVAE|S3|geobg|0|W06_C2|1337|2,"single_noguide, single_guide, dual_noguide, EVAE",f0_W06_C2_s1337_d02.csv
S3,0,W06_C2,1337,3,3623551826,EVAE|S3|geobg|0|W06_C2|1337|3,"single_noguide, single_guide, dual_noguide, EVAE",f0_W06_C2_s1337_d03.csv
S3,0,W06_C2,1337,4,1235195633,EVAE|S3|geobg|0|W06_C2|1337|4,"single_noguide, single_guide, dual_noguide, EVAE",f0_W06_C2_s1337_d04.csv
S3,0,W06_C2,1337,5,1050191463,EVAE|S3|geobg|0|W06_C2|1337|5,"single_noguide, single_guide, dual_noguide, EVAE",f0_W06_C2_s1337_d05.csv
S3,0,W06_C2,1337,6,2811361245,EVAE|S3|geobg|0|W06_C2|1337|6,"single_noguide, single_guide, dual_noguide, EVAE",f0_W06_C2_s1337_d06.csv
S3,0,W06_C2,1337,7,3499542347,EVAE|S3|geobg|0|W06_C2|1337|7,"single_noguide, single_guide, dual_noguide, EVAE",f0_W06_C2_s1337_d07.csv
S3,0,W06_C2,20260903,0,1424040457,EVAE|S3|geobg|0|W06_C2|20260903|0,"single_noguide, single_guide, dual_noguide, EVAE",f0_W06_C2_s20260903_d00.csv
S3,0,W06_C2,20260903,1,602280607,EVAE|S3|geobg|0|W06_C2|20260903|1,"single_noguide, single_guide, dual_noguide, EVAE",f0_W06_C2_s20260903_d01.csv
S3,0,W06_C2,20260903,2,3136242469,EVAE|S3|geobg|0|W06_C2|20260903|2,"single_noguide, single_guide, dual_noguide, EVAE",f0_W06_C2_s20260903_d02.csv
S3,0,W06_C2,20260903,3,3454563251,EVAE|S3|geobg|0|W06_C2|20260903|3,"single_noguide, single_guide, dual_noguide, EVAE",f0_W06_C2_s20260903_d03.csv
S3,0,W06_C2,20260903,4,1401742864,EVAE|S3|geobg|0|W06_C2|20260903|4,"single_noguide, single_guide, dual_noguide, EVAE",f0_W06_C2_s20260903_d04.csv
S3,0,W06_C2,20260903,5,613144198,EVAE|S3|geobg|0|W06_C2|20260903|5,"single_noguide, single_guide, dual_noguide, EVAE",f0_W06_C2_s20260903_d05.csv
S3,0,W06_C2,20260903,6,3179448124,EVAE|S3|geobg|0|W06_C2|20260903|6,"single_noguide, single_guide, dual_noguide, EVAE",f0_W06_C2_s20260903_d06.csv
S3,0,W06_C2,20260903,7,3397760938,EVAE|S3|geobg|0|W06_C2|20260903|7,"single_noguide, single_guide, dual_noguide, EVAE",f0_W06_C2_s20260903_d07.csv
S3,0,W06_C2,7,0,4052678233,EVAE|S3|geobg|0|W06_C2|7|0,"single_noguide, single_guide, dual_noguide, EVAE",f0_W06_C2_s7_d00.csv
S3,0,W06_C2,7,1,2257176271,EVAE|S3|geobg|0|W06_C2|7|1,"single_noguide, single_guide, dual_noguide, EVAE",f0_W06_C2_s7_d01.csv
S3,0,W06_C2,7,2,528521077,EVAE|S3|geobg|0|W06_C2|7|2,"single_noguide, single_guide, dual_noguide, EVAE",f0_W06_C2_s7_d02.csv
S3,0,W06_C2,7,3,1753720803,EVAE|S3|geobg|0|W06_C2|7|3,"single_noguide, single_guide, dual_noguide, EVAE",f0_W06_C2_s7_d03.csv
S3,0,W06_C2,7,4,4142084672,EVAE|S3|geobg|0|W06_C2|7|4,"single_noguide, single_guide, dual_noguide, EVAE",f0_W06_C2_s7_d04.csv
S3,0,W06_C2,7,5,2179203798,EVAE|S3|geobg|0|W06_C2|7|5,"single_noguide, single_guide, dual_noguide, EVAE",f0_W06_C2_s7_d05.csv
S3,0,W06_C2,7,6,418206572,EVAE|S3|geobg|0|W06_C2|7|6,"single_noguide, single_guide, dual_noguide, EVAE",f0_W06_C2_s7_d06.csv
S3,0,W06_C2,7,7,1877631994,EVAE|S3|geobg|0|W06_C2|7|7,"single_noguide, single_guide, dual_noguide, EVAE",f0_W06_C2_s7_d07.csv
S3,1,W00_C3,1337,0,3541451741,EVAE|S3|geobg|1|W00_C3|1337|0,"single_noguide, single_guide, dual_noguide, EVAE",f1_W00_C3_s1337_d00.csv
S3,1,W00_C3,1337,1,2752607051,EVAE|S3|geobg|1|W00_C3|1337|1,"single_noguide, single_guide, dual_noguide, EVAE",f1_W00_C3_s1337_d01.csv
S3,1,W00_C3,1337,2,1024991985,EVAE|S3|geobg|1|W00_C3|1337|2,"single_noguide, single_guide, dual_noguide, EVAE",f1_W00_C3_s1337_d02.csv
S3,1,W00_C3,1337,3,1243550311,EVAE|S3|geobg|1|W00_C3|1337|3,"single_noguide, single_guide, dual_noguide, EVAE",f1_W00_C3_s1337_d03.csv
S3,1,W00_C3,1337,4,3564865476,EVAE|S3|geobg|1|W00_C3|1337|4,"single_noguide, single_guide, dual_noguide, EVAE",f1_W00_C3_s1337_d04.csv
S3,1,W00_C3,1337,5,2742859602,EVAE|S3|geobg|1|W00_C3|1337|5,"single_noguide, single_guide, dual_noguide, EVAE",f1_W00_C3_s1337_d05.csv
S3,1,W00_C3,1337,6,980805352,EVAE|S3|geobg|1|W00_C3|1337|6,"single_noguide, single_guide, dual_noguide, EVAE",f1_W00_C3_s1337_d06.csv
S3,1,W00_C3,1337,7,1299371646,EVAE|S3|geobg|1|W00_C3|1337|7,"single_noguide, single_guide, dual_noguide, EVAE",f1_W00_C3_s1337_d07.csv
S3,1,W00_C3,20260903,0,979122892,EVAE|S3|geobg|1|W00_C3|20260903|0,"single_noguide, single_guide, dual_noguide, EVAE",f1_W00_C3_s20260903_d00.csv
S3,1,W00_C3,20260903,1,1297812058,EVAE|S3|geobg|1|W00_C3|20260903|1,"single_noguide, single_guide, dual_noguide, EVAE",f1_W00_C3_s20260903_d01.csv
S3,1,W00_C3,20260903,2,3562167264,EVAE|S3|geobg|1|W00_C3|20260903|2,"single_noguide, single_guide, dual_noguide, EVAE",f1_W00_C3_s20260903_d02.csv
S3,1,W00_C3,20260903,3,2740284278,EVAE|S3|geobg|1|W00_C3|20260903|3,"single_noguide, single_guide, dual_noguide, EVAE",f1_W00_C3_s20260903_d03.csv
S3,1,W00_C3,20260903,4,1026686677,EVAE|S3|geobg|1|W00_C3|20260903|4,"single_noguide, single_guide, dual_noguide, EVAE",f1_W00_C3_s20260903_d04.csv
S3,1,W00_C3,20260903,5,1245105731,EVAE|S3|geobg|1|W00_C3|20260903|5,"single_noguide, single_guide, dual_noguide, EVAE",f1_W00_C3_s20260903_d05.csv
S3,1,W00_C3,20260903,6,3544162297,EVAE|S3|geobg|1|W00_C3|20260903|6,"single_noguide, single_guide, dual_noguide, EVAE",f1_W00_C3_s20260903_d06.csv
S3,1,W00_C3,20260903,7,2755178351,EVAE|S3|geobg|1|W00_C3|20260903|7,"single_noguide, single_guide, dual_noguide, EVAE",f1_W00_C3_s20260903_d07.csv
S3,1,W00_C3,7,0,2435095041,EVAE|S3|geobg|1|W00_C3|7|0,"single_noguide, single_guide, dual_noguide, EVAE",f1_W00_C3_s7_d00.csv
S3,1,W00_C3,7,1,3861097111,EVAE|S3|geobg|1|W00_C3|7|1,"single_noguide, single_guide, dual_noguide, EVAE",f1_W00_C3_s7_d01.csv
S3,1,W00_C3,7,2,2133523245,EVAE|S3|geobg|1|W00_C3|7|2,"single_noguide, single_guide, dual_noguide, EVAE",f1_W00_C3_s7_d02.csv
S3,1,W00_C3,7,3,137219003,EVAE|S3|geobg|1|W00_C3|7|3,"single_noguide, single_guide, dual_noguide, EVAE",f1_W00_C3_s7_d03.csv
S3,1,W00_C3,7,4,2521390616,EVAE|S3|geobg|1|W00_C3|7|4,"single_noguide, single_guide, dual_noguide, EVAE",f1_W00_C3_s7_d04.csv
S3,1,W00_C3,7,5,3780013710,EVAE|S3|geobg|1|W00_C3|7|5,"single_noguide, single_guide, dual_noguide, EVAE",f1_W00_C3_s7_d05.csv
S3,1,W00_C3,7,6,2017935156,EVAE|S3|geobg|1|W00_C3|7|6,"single_noguide, single_guide, dual_noguide, EVAE",f1_W00_C3_s7_d06.csv
S3,1,W00_C3,7,7,255856546,EVAE|S3|geobg|1|W00_C3|7|7,"single_noguide, single_guide, dual_noguide, EVAE",f1_W00_C3_s7_d07.csv
S3,1,W00_C4,1337,0,3654503108,EVAE|S3|geobg|1|W00_C4|1337|0,"single_noguide, single_guide, dual_noguide, EVAE",f1_W00_C4_s1337_d00.csv
S3,1,W00_C4,1337,1,2933160530,EVAE|S3|geobg|1|W00_C4|1337|1,"single_noguide, single_guide, dual_noguide, EVAE",f1_W00_C4_s1337_d01.csv
S3,1,W00_C4,1337,2,937241576,EVAE|S3|geobg|1|W00_C4|1337|2,"single_noguide, single_guide, dual_noguide, EVAE",f1_W00_C4_s1337_d02.csv
S3,1,W00_C4,1337,3,1088035710,EVAE|S3|geobg|1|W00_C4|1337|3,"single_noguide, single_guide, dual_noguide, EVAE",f1_W00_C4_s1337_d03.csv
S3,1,W00_C4,1337,4,3737030365,EVAE|S3|geobg|1|W00_C4|1337|4,"single_noguide, single_guide, dual_noguide, EVAE",f1_W00_C4_s1337_d04.csv
S3,1,W00_C4,1337,5,2847522379,EVAE|S3|geobg|1|W00_C4|1337|5,"single_noguide, single_guide, dual_noguide, EVAE",f1_W00_C4_s1337_d05.csv
S3,1,W00_C4,1337,6,816902129,EVAE|S3|geobg|1|W00_C4|1337|6,"single_noguide, single_guide, dual_noguide, EVAE",f1_W00_C4_s1337_d06.csv
S3,1,W00_C4,1337,7,1203232615,EVAE|S3|geobg|1|W00_C4|1337|7,"single_noguide, single_guide, dual_noguide, EVAE",f1_W00_C4_s1337_d07.csv
S3,1,W00_C4,20260903,0,1321521987,EVAE|S3|geobg|1|W00_C4|20260903|0,"single_noguide, single_guide, dual_noguide, EVAE",f1_W00_C4_s20260903_d00.csv
S3,1,W00_C4,20260903,1,969139157,EVAE|S3|geobg|1|W00_C4|20260903|1,"single_noguide, single_guide, dual_noguide, EVAE",f1_W00_C4_s20260903_d01.csv
S3,1,W00_C4,20260903,2,2697638511,EVAE|S3|geobg|1|W00_C4|20260903|2,"single_noguide, single_guide, dual_noguide, EVAE",f1_W00_C4_s20260903_d02.csv
S3,1,W00_C4,20260903,3,3620569849,EVAE|S3|geobg|1|W00_C4|20260903|3,"single_noguide, single_guide, dual_noguide, EVAE",f1_W00_C4_s20260903_d03.csv
S3,1,W00_C4,20260903,4,1235818330,EVAE|S3|geobg|1|W00_C4|20260903|4,"single_noguide, single_guide, dual_noguide, EVAE",f1_W00_C4_s20260903_d04.csv
S3,1,W00_C4,20260903,5,1051600844,EVAE|S3|geobg|1|W00_C4|20260903|5,"single_noguide, single_guide, dual_noguide, EVAE",f1_W00_C4_s20260903_d05.csv
S3,1,W00_C4,20260903,6,2812769910,EVAE|S3|geobg|1|W00_C4|20260903|6,"single_noguide, single_guide, dual_noguide, EVAE",f1_W00_C4_s20260903_d06.csv
S3,1,W00_C4,20260903,7,3500164832,EVAE|S3|geobg|1|W00_C4|20260903|7,"single_noguide, single_guide, dual_noguide, EVAE",f1_W00_C4_s20260903_d07.csv
S3,1,W00_C4,7,0,587482641,EVAE|S3|geobg|1|W00_C4|7|0,"single_noguide, single_guide, dual_noguide, EVAE",f1_W00_C4_s7_d00.csv
S3,1,W00_C4,7,1,1409513095,EVAE|S3|geobg|1|W00_C4|7|1,"single_noguide, single_guide, dual_noguide, EVAE",f1_W00_C4_s7_d01.csv
S3,1,W00_C4,7,2,3439994685,EVAE|S3|geobg|1|W00_C4|7|2,"single_noguide, single_guide, dual_noguide, EVAE",f1_W00_C4_s7_d02.csv
S3,1,W00_C4,7,3,3121420203,EVAE|S3|geobg|1|W00_C4|7|3,"single_noguide, single_guide, dual_noguide, EVAE",f1_W00_C4_s7_d03.csv
S3,1,W00_C4,7,4,610894344,EVAE|S3|geobg|1|W00_C4|7|4,"single_noguide, single_guide, dual_noguide, EVAE",f1_W00_C4_s7_d04.csv
S3,1,W00_C4,7,5,1399763614,EVAE|S3|geobg|1|W00_C4|7|5,"single_noguide, single_guide, dual_noguide, EVAE",f1_W00_C4_s7_d05.csv
S3,1,W00_C4,7,6,3395805988,EVAE|S3|geobg|1|W00_C4|7|6,"single_noguide, single_guide, dual_noguide, EVAE",f1_W00_C4_s7_d06.csv
S3,1,W00_C4,7,7,3177239474,EVAE|S3|geobg|1|W00_C4|7|7,"single_noguide, single_guide, dual_noguide, EVAE",f1_W00_C4_s7_d07.csv
S3,1,W01_C3,1337,0,311991325,EVAE|S3|geobg|1|W01_C3|1337|0,"single_noguide, single_guide, dual_noguide, EVAE",f1_W01_C3_s1337_d00.csv
S3,1,W01_C3,1337,1,1704963211,EVAE|S3|geobg|1|W01_C3|1337|1,"single_noguide, single_guide, dual_noguide, EVAE",f1_W01_C3_s1337_d01.csv
S3,1,W01_C3,1337,2,4237753649,EVAE|S3|geobg|1|W01_C3|1337|2,"single_noguide, single_guide, dual_noguide, EVAE",f1_W01_C3_s1337_d02.csv
S3,1,W01_C3,1337,3,2341588391,EVAE|S3|geobg|1|W01_C3|1337|3,"single_noguide, single_guide, dual_noguide, EVAE",f1_W01_C3_s1337_d03.csv
S3,1,W01_C3,1337,4,368400388,EVAE|S3|geobg|1|W01_C3|1337|4,"single_noguide, single_guide, dual_noguide, EVAE",f1_W01_C3_s1337_d04.csv
S3,1,W01_C3,1337,5,1660053650,EVAE|S3|geobg|1|W01_C3|1337|5,"single_noguide, single_guide, dual_noguide, EVAE",f1_W01_C3_s1337_d05.csv
S3,1,W01_C3,1337,6,4227545384,EVAE|S3|geobg|1|W01_C3|1337|6,"single_noguide, single_guide, dual_noguide, EVAE",f1_W01_C3_s1337_d06.csv
S3,1,W01_C3,1337,7,2365327806,EVAE|S3|geobg|1|W01_C3|1337|7,"single_noguide, single_guide, dual_noguide, EVAE",f1_W01_C3_s1337_d07.csv
S3,1,W01_C3,20260903,0,2208817444,EVAE|S3|geobg|1|W01_C3|20260903|0,"single_noguide, single_guide, dual_noguide, EVAE",f1_W01_C3_s20260903_d00.csv
S3,1,W01_C3,20260903,1,4104180146,EVAE|S3|geobg|1|W01_C3|20260903|1,"single_noguide, single_guide, dual_noguide, EVAE",f1_W01_C3_s20260903_d01.csv
S3,1,W01_C3,20260903,2,1839824904,EVAE|S3|geobg|1|W01_C3|20260903|2,"single_noguide, single_guide, dual_noguide, EVAE",f1_W01_C3_s20260903_d02.csv
S3,1,W01_C3,20260903,3,447656094,EVAE|S3|geobg|1|W01_C3|20260903|3,"single_noguide, single_guide, dual_noguide, EVAE",f1_W01_C3_s20260903_d03.csv
S3,1,W01_C3,20260903,4,2227840317,EVAE|S3|geobg|1|W01_C3|20260903|4,"single_noguide, single_guide, dual_noguide, EVAE",f1_W01_C3_s20260903_d04.csv
S3,1,W01_C3,20260903,5,4090303915,EVAE|S3|geobg|1|W01_C3|20260903|5,"single_noguide, single_guide, dual_noguide, EVAE",f1_W01_C3_s20260903_d05.csv
S3,1,W01_C3,20260903,6,1791247377,EVAE|S3|geobg|1|W01_C3|20260903|6,"single_noguide, single_guide, dual_noguide, EVAE",f1_W01_C3_s20260903_d06.csv
S3,1,W01_C3,20260903,7,499348615,EVAE|S3|geobg|1|W01_C3|20260903|7,"single_noguide, single_guide, dual_noguide, EVAE",f1_W01_C3_s20260903_d07.csv
S3,1,W01_C3,7,0,1569626783,EVAE|S3|geobg|1|W01_C3|7|0,"single_noguide, single_guide, dual_noguide, EVAE",f1_W01_C3_s7_d00.csv
S3,1,W01_C3,7,1,713665033,EVAE|S3|geobg|1|W01_C3|7|1,"single_noguide, single_guide, dual_noguide, EVAE",f1_W01_C3_s7_d01.csv
S3,1,W01_C3,7,2,3011574707,EVAE|S3|geobg|1|W01_C3|7|2,"single_noguide, single_guide, dual_noguide, EVAE",f1_W01_C3_s7_d02.csv
S3,1,W01_C3,7,3,3297233701,EVAE|S3|geobg|1|W01_C3|7|3,"single_noguide, single_guide, dual_noguide, EVAE",f1_W01_C3_s7_d03.csv
S3,1,W01_C3,7,4,1524850310,EVAE|S3|geobg|1|W01_C3|7|4,"single_noguide, single_guide, dual_noguide, EVAE",f1_W01_C3_s7_d04.csv
S3,1,W01_C3,7,5,769945104,EVAE|S3|geobg|1|W01_C3|7|5,"single_noguide, single_guide, dual_noguide, EVAE",f1_W01_C3_s7_d05.csv
S3,1,W01_C3,7,6,3035447210,EVAE|S3|geobg|1|W01_C3|7|6,"single_noguide, single_guide, dual_noguide, EVAE",f1_W01_C3_s7_d06.csv
S3,1,W01_C3,7,7,3286896444,EVAE|S3|geobg|1|W01_C3|7|7,"single_noguide, single_guide, dual_noguide, EVAE",f1_W01_C3_s7_d07.csv
S3,1,W01_C4,1337,0,408786180,EVAE|S3|geobg|1|W01_C4|1337|0,"single_noguide, single_guide, dual_noguide, EVAE",f1_W01_C4_s1337_d00.csv
S3,1,W01_C4,1337,1,1868211602,EVAE|S3|geobg|1|W01_C4|1337|1,"single_noguide, single_guide, dual_noguide, EVAE",f1_W01_C4_s1337_d01.csv
S3,1,W01_C4,1337,2,4132697128,EVAE|S3|geobg|1|W01_C4|1337|2,"single_noguide, single_guide, dual_noguide, EVAE",f1_W01_C4_s1337_d02.csv
S3,1,W01_C4,1337,3,2169816254,EVAE|S3|geobg|1|W01_C4|1337|3,"single_noguide, single_guide, dual_noguide, EVAE",f1_W01_C4_s1337_d03.csv
S3,1,W01_C4,1337,4,523260189,EVAE|S3|geobg|1|W01_C4|1337|4,"single_noguide, single_guide, dual_noguide, EVAE",f1_W01_C4_s1337_d04.csv
S3,1,W01_C4,1337,5,1748459915,EVAE|S3|geobg|1|W01_C4|1337|5,"single_noguide, single_guide, dual_noguide, EVAE",f1_W01_C4_s1337_d05.csv
S3,1,W01_C4,1337,6,4047384625,EVAE|S3|geobg|1|W01_C4|1337|6,"single_noguide, single_guide, dual_noguide, EVAE",f1_W01_C4_s1337_d06.csv
S3,1,W01_C4,1337,7,2251882663,EVAE|S3|geobg|1|W01_C4|1337|7,"single_noguide, single_guide, dual_noguide, EVAE",f1_W01_C4_s1337_d07.csv
S3,1,W01_C4,20260903,0,4148103339,EVAE|S3|geobg|1|W01_C4|20260903|0,"single_noguide, single_guide, dual_noguide, EVAE",f1_W01_C4_s20260903_d00.csv
S3,1,W01_C4,20260903,1,2151168061,EVAE|S3|geobg|1|W01_C4|20260903|1,"single_noguide, single_guide, dual_noguide, EVAE",f1_W01_C4_s20260903_d01.csv
S3,1,W01_C4,20260903,2,422668679,EVAE|S3|geobg|1|W01_C4|20260903|2,"single_noguide, single_guide, dual_noguide, EVAE",f1_W01_C4_s20260903_d02.csv
S3,1,W01_C4,20260903,3,1849055505,EVAE|S3|geobg|1|W01_C4|20260903|3,"single_noguide, single_guide, dual_noguide, EVAE",f1_W01_C4_s20260903_d03.csv
S3,1,W01_C4,20260903,4,4031958194,EVAE|S3|geobg|1|W01_C4|20260903|4,"single_noguide, single_guide, dual_noguide, EVAE",f1_W01_C4_s20260903_d04.csv
S3,1,W01_C4,20260903,5,2270559268,EVAE|S3|geobg|1|W01_C4|20260903|5,"single_noguide, single_guide, dual_noguide, EVAE",f1_W01_C4_s20260903_d05.csv
S3,1,W01_C4,20260903,6,509390238,EVAE|S3|geobg|1|W01_C4|20260903|6,"single_noguide, single_guide, dual_noguide, EVAE",f1_W01_C4_s20260903_d06.csv
S3,1,W01_C4,20260903,7,1767611656,EVAE|S3|geobg|1|W01_C4|20260903|7,"single_noguide, single_guide, dual_noguide, EVAE",f1_W01_C4_s20260903_d07.csv
S3,1,W01_C4,7,0,4021175951,EVAE|S3|geobg|1|W01_C4|7|0,"single_noguide, single_guide, dual_noguide, EVAE",f1_W01_C4_s7_d00.csv
S3,1,W01_C4,7,1,2561242649,EVAE|S3|geobg|1|W01_C4|7|1,"single_noguide, single_guide, dual_noguide, EVAE",f1_W01_C4_s7_d01.csv
S3,1,W01_C4,7,2,27273123,EVAE|S3|geobg|1|W01_C4|7|2,"single_noguide, single_guide, dual_noguide, EVAE",f1_W01_C4_s7_d02.csv
S3,1,W01_C4,7,3,1990661941,EVAE|S3|geobg|1|W01_C4|7|3,"single_noguide, single_guide, dual_noguide, EVAE",f1_W01_C4_s7_d03.csv
S3,1,W01_C4,7,4,3905127062,EVAE|S3|geobg|1|W01_C4|7|4,"single_noguide, single_guide, dual_noguide, EVAE",f1_W01_C4_s7_d04.csv
S3,1,W01_C4,7,5,2680467968,EVAE|S3|geobg|1|W01_C4|7|5,"single_noguide, single_guide, dual_noguide, EVAE",f1_W01_C4_s7_d05.csv
S3,1,W01_C4,7,6,114156474,EVAE|S3|geobg|1|W01_C4|7|6,"single_noguide, single_guide, dual_noguide, EVAE",f1_W01_C4_s7_d06.csv
S3,1,W01_C4,7,7,1909117740,EVAE|S3|geobg|1|W01_C4|7|7,"single_noguide, single_guide, dual_noguide, EVAE",f1_W01_C4_s7_d07.csv
S3,1,W02_C3,1337,0,2340092444,EVAE|S3|geobg|1|W02_C3|1337|0,"single_noguide, single_guide, dual_noguide, EVAE",f1_W02_C3_s1337_d00.csv
S3,1,W02_C3,1337,1,4236102282,EVAE|S3|geobg|1|W02_C3|1337|1,"single_noguide, single_guide, dual_noguide, EVAE",f1_W02_C3_s1337_d01.csv
S3,1,W02_C3,1337,2,1702140720,EVAE|S3|geobg|1|W02_C3|1337|2,"single_noguide, single_guide, dual_noguide, EVAE",f1_W02_C3_s1337_d02.csv
S3,1,W02_C3,1337,3,309570470,EVAE|S3|geobg|1|W02_C3|1337|3,"single_noguide, single_guide, dual_noguide, EVAE",f1_W02_C3_s1337_d03.csv
S3,1,W02_C3,1337,4,2350333445,EVAE|S3|geobg|1|W02_C3|1337|4,"single_noguide, single_guide, dual_noguide, EVAE",f1_W02_C3_s1337_d04.csv
S3,1,W02_C3,1337,5,4212133523,EVAE|S3|geobg|1|W02_C3|1337|5,"single_noguide, single_guide, dual_noguide, EVAE",f1_W02_C3_s1337_d05.csv
S3,1,W02_C3,1337,6,1645829929,EVAE|S3|geobg|1|W02_C3|1337|6,"single_noguide, single_guide, dual_noguide, EVAE",f1_W02_C3_s1337_d06.csv
S3,1,W02_C3,1337,7,354316223,EVAE|S3|geobg|1|W02_C3|1337|7,"single_noguide, single_guide, dual_noguide, EVAE",f1_W02_C3_s1337_d07.csv
S3,1,W02_C3,20260903,0,2463796061,EVAE|S3|geobg|1|W02_C3|20260903|0,"single_noguide, single_guide, dual_noguide, EVAE",f1_W02_C3_s20260903_d00.csv
S3,1,W02_C3,20260903,1,3856513995,EVAE|S3|geobg|1|W02_C3|20260903|1,"single_noguide, single_guide, dual_noguide, EVAE",f1_W02_C3_s20260903_d01.csv
S3,1,W02_C3,20260903,2,2094328433,EVAE|S3|geobg|1|W02_C3|20260903|2,"single_noguide, single_guide, dual_noguide, EVAE",f1_W02_C3_s20260903_d02.csv
S3,1,W02_C3,20260903,3,198433511,EVAE|S3|geobg|1|W02_C3|20260903|3,"single_noguide, single_guide, dual_noguide, EVAE",f1_W02_C3_s20260903_d03.csv
S3,1,W02_C3,20260903,4,2511818564,EVAE|S3|geobg|1|W02_C3|20260903|4,"single_noguide, single_guide, dual_noguide, EVAE",f1_W02_C3_s20260903_d04.csv
S3,1,W02_C3,20260903,5,3803217874,EVAE|S3|geobg|1|W02_C3|20260903|5,"single_noguide, single_guide, dual_noguide, EVAE",f1_W02_C3_s20260903_d05.csv
S3,1,W02_C3,20260903,6,2075733608,EVAE|S3|geobg|1|W02_C3|20260903|6,"single_noguide, single_guide, dual_noguide, EVAE",f1_W02_C3_s20260903_d06.csv
S3,1,W02_C3,20260903,7,213786366,EVAE|S3|geobg|1|W02_C3|20260903|7,"single_noguide, single_guide, dual_noguide, EVAE",f1_W02_C3_s20260903_d07.csv
S3,1,W02_C3,7,0,3540098428,EVAE|S3|geobg|1|W02_C3|7|0,"single_noguide, single_guide, dual_noguide, EVAE",f1_W02_C3_s7_d00.csv
S3,1,W02_C3,7,1,2751901162,EVAE|S3|geobg|1|W02_C3|7|1,"single_noguide, single_guide, dual_noguide, EVAE",f1_W02_C3_s7_d01.csv
S3,1,W02_C3,7,2,1024457808,EVAE|S3|geobg|1|W02_C3|7|2,"single_noguide, single_guide, dual_noguide, EVAE",f1_W02_C3_s7_d02.csv
S3,1,W02_C3,7,3,1242090694,EVAE|S3|geobg|1|W02_C3|7|3,"single_noguide, single_guide, dual_noguide, EVAE",f1_W02_C3_s7_d03.csv
S3,1,W02_C3,7,4,3563870565,EVAE|S3|geobg|1|W02_C3|7|4,"single_noguide, single_guide, dual_noguide, EVAE",f1_W02_C3_s7_d04.csv
S3,1,W02_C3,7,5,2741725683,EVAE|S3|geobg|1|W02_C3|7|5,"single_noguide, single_guide, dual_noguide, EVAE",f1_W02_C3_s7_d05.csv
S3,1,W02_C3,7,6,979515465,EVAE|S3|geobg|1|W02_C3|7|6,"single_noguide, single_guide, dual_noguide, EVAE",f1_W02_C3_s7_d06.csv
S3,1,W02_C3,7,7,1298467039,EVAE|S3|geobg|1|W02_C3|7|7,"single_noguide, single_guide, dual_noguide, EVAE",f1_W02_C3_s7_d07.csv
S3,1,W02_C4,1337,0,2176840453,EVAE|S3|geobg|1|W02_C4|1337|0,"single_noguide, single_guide, dual_noguide, EVAE",f1_W02_C4_s1337_d00.csv
S3,1,W02_C4,1337,1,4139303827,EVAE|S3|geobg|1|W02_C4|1337|1,"single_noguide, single_guide, dual_noguide, EVAE",f1_W02_C4_s1337_d01.csv
S3,1,W02_C4,1337,2,1873908265,EVAE|S3|geobg|1|W02_C4|1337|2,"single_noguide, single_guide, dual_noguide, EVAE",f1_W02_C4_s1337_d02.csv
S3,1,W02_C4,1337,3,414622399,EVAE|S3|geobg|1|W02_C4|1337|3,"single_noguide, single_guide, dual_noguide, EVAE",f1_W02_C4_s1337_d03.csv
S3,1,W02_C4,1337,4,2261923612,EVAE|S3|geobg|1|W02_C4|1337|4,"single_noguide, single_guide, dual_noguide, EVAE",f1_W02_C4_s1337_d04.csv
S3,1,W02_C4,1337,5,4057270154,EVAE|S3|geobg|1|W02_C4|1337|5,"single_noguide, single_guide, dual_noguide, EVAE",f1_W02_C4_s1337_d05.csv
S3,1,W02_C4,1337,6,1759270448,EVAE|S3|geobg|1|W02_C4|1337|6,"single_noguide, single_guide, dual_noguide, EVAE",f1_W02_C4_s1337_d06.csv
S3,1,W02_C4,1337,7,534472358,EVAE|S3|geobg|1|W02_C4|1337|7,"single_noguide, single_guide, dual_noguide, EVAE",f1_W02_C4_s1337_d07.csv
S3,1,W02_C4,20260903,0,3863110354,EVAE|S3|geobg|1|W02_C4|20260903|0,"single_noguide, single_guide, dual_noguide, EVAE",f1_W02_C4_s20260903_d00.csv
S3,1,W02_C4,20260903,1,2437239364,EVAE|S3|geobg|1|W02_C4|20260903|1,"single_noguide, single_guide, dual_noguide, EVAE",f1_W02_C4_s20260903_d01.csv
S3,1,W02_C4,20260903,2,139199486,EVAE|S3|geobg|1|W02_C4|20260903|2,"single_noguide, single_guide, dual_noguide, EVAE",f1_W02_C4_s20260903_d02.csv
S3,1,W02_C4,20260903,3,2135634792,EVAE|S3|geobg|1|W02_C4|20260903|3,"single_noguide, single_guide, dual_noguide, EVAE",f1_W02_C4_s20260903_d03.csv
S3,1,W02_C4,20260903,4,3777996491,EVAE|S3|geobg|1|W02_C4|20260903|4,"single_noguide, single_guide, dual_noguide, EVAE",f1_W02_C4_s20260903_d04.csv
S3,1,W02_C4,20260903,5,2519242333,EVAE|S3|geobg|1|W02_C4|20260903|5,"single_noguide, single_guide, dual_noguide, EVAE",f1_W02_C4_s20260903_d05.csv
S3,1,W02_C4,20260903,6,253872103,EVAE|S3|geobg|1|W02_C4|20260903|6,"single_noguide, single_guide, dual_noguide, EVAE",f1_W02_C4_s20260903_d06.csv
S3,1,W02_C4,20260903,7,2015819633,EVAE|S3|geobg|1|W02_C4|20260903|7,"single_noguide, single_guide, dual_noguide, EVAE",f1_W02_C4_s20260903_d07.csv
S3,1,W02_C4,7,0,1629569388,EVAE|S3|geobg|1|W02_C4|7|0,"single_noguide, single_guide, dual_noguide, EVAE",f1_W02_C4_s7_d00.csv
S3,1,W02_C4,7,1,371618298,EVAE|S3|geobg|1|W02_C4|7|1,"single_noguide, single_guide, dual_noguide, EVAE",f1_W02_C4_s7_d01.csv
S3,1,W02_C4,7,2,2402230336,EVAE|S3|geobg|1|W02_C4|7|2,"single_noguide, single_guide, dual_noguide, EVAE",f1_W02_C4_s7_d02.csv
S3,1,W02_C4,7,3,4163375318,EVAE|S3|geobg|1|W02_C4|7|3,"single_noguide, single_guide, dual_noguide, EVAE",f1_W02_C4_s7_d03.csv
S3,1,W02_C4,7,4,1716290933,EVAE|S3|geobg|1|W02_C4|7|4,"single_noguide, single_guide, dual_noguide, EVAE",f1_W02_C4_s7_d04.csv
S3,1,W02_C4,7,5,290174435,EVAE|S3|geobg|1|W02_C4|7|5,"single_noguide, single_guide, dual_noguide, EVAE",f1_W02_C4_s7_d05.csv
S3,1,W02_C4,7,6,2286085209,EVAE|S3|geobg|1|W02_C4|7|6,"single_noguide, single_guide, dual_noguide, EVAE",f1_W02_C4_s7_d06.csv
S3,1,W02_C4,7,7,4282766543,EVAE|S3|geobg|1|W02_C4|7|7,"single_noguide, single_guide, dual_noguide, EVAE",f1_W02_C4_s7_d07.csv
S3,1,W03_C3,1337,0,1257514460,EVAE|S3|geobg|1|W03_C3|1337|0,"single_noguide, single_guide, dual_noguide, EVAE",f1_W03_C3_s1337_d00.csv
S3,1,W03_C3,1337,1,1039340874,EVAE|S3|geobg|1|W03_C3|1337|1,"single_noguide, single_guide, dual_noguide, EVAE",f1_W03_C3_s1337_d01.csv
S3,1,W03_C3,1337,2,2767865072,EVAE|S3|geobg|1|W03_C3|1337|2,"single_noguide, single_guide, dual_noguide, EVAE",f1_W03_C3_s1337_d02.csv
S3,1,W03_C3,1337,3,3556602982,EVAE|S3|geobg|1|W03_C3|1337|3,"single_noguide, single_guide, dual_noguide, EVAE",f1_W03_C3_s1337_d03.csv
S3,1,W03_C3,1337,4,1301930437,EVAE|S3|geobg|1|W03_C3|1337|4,"single_noguide, single_guide, dual_noguide, EVAE",f1_W03_C3_s1337_d04.csv
S3,1,W03_C3,1337,5,983486803,EVAE|S3|geobg|1|W03_C3|1337|5,"single_noguide, single_guide, dual_noguide, EVAE",f1_W03_C3_s1337_d05.csv
S3,1,W03_C3,1337,6,2744615145,EVAE|S3|geobg|1|W03_C3|1337|6,"single_noguide, single_guide, dual_noguide, EVAE",f1_W03_C3_s1337_d06.csv
S3,1,W03_C3,1337,7,3566252159,EVAE|S3|geobg|1|W03_C3|1337|7,"single_noguide, single_guide, dual_noguide, EVAE",f1_W03_C3_s1337_d07.csv
S3,1,W03_C3,20260903,0,723603637,EVAE|S3|geobg|1|W03_C3|20260903|0,"single_noguide, single_guide, dual_noguide, EVAE",f1_W03_C3_s20260903_d00.csv
S3,1,W03_C3,20260903,1,1546018851,EVAE|S3|geobg|1|W03_C3|20260903|1,"single_noguide, single_guide, dual_noguide, EVAE",f1_W03_C3_s20260903_d01.csv
S3,1,W03_C3,20260903,2,3308204441,EVAE|S3|geobg|1|W03_C3|20260903|2,"single_noguide, single_guide, dual_noguide, EVAE",f1_W03_C3_s20260903_d02.csv
S3,1,W03_C3,20260903,3,2988966159,EVAE|S3|geobg|1|W03_C3|20260903|3,"single_noguide, single_guide, dual_noguide, EVAE",f1_W03_C3_s20260903_d03.csv
S3,1,W03_C3,20260903,4,743216300,EVAE|S3|geobg|1|W03_C3|20260903|4,"single_noguide, single_guide, dual_noguide, EVAE",f1_W03_C3_s20260903_d04.csv
S3,1,W03_C3,20260903,5,1531683898,EVAE|S3|geobg|1|W03_C3|20260903|5,"single_noguide, single_guide, dual_noguide, EVAE",f1_W03_C3_s20260903_d05.csv
S3,1,W03_C3,20260903,6,3259168128,EVAE|S3|geobg|1|W03_C3|20260903|6,"single_noguide, single_guide, dual_noguide, EVAE",f1_W03_C3_s20260903_d06.csv
S3,1,W03_C3,20260903,7,3041248534,EVAE|S3|geobg|1|W03_C3|20260903|7,"single_noguide, single_guide, dual_noguide, EVAE",f1_W03_C3_s20260903_d07.csv
S3,1,W03_C3,7,0,531340770,EVAE|S3|geobg|1|W03_C3|7|0,"single_noguide, single_guide, dual_noguide, EVAE",f1_W03_C3_s7_d00.csv
S3,1,W03_C3,7,1,1756147060,EVAE|S3|geobg|1|W03_C3|7|1,"single_noguide, single_guide, dual_noguide, EVAE",f1_W03_C3_s7_d01.csv
S3,1,W03_C3,7,2,4054187214,EVAE|S3|geobg|1|W03_C3|7|2,"single_noguide, single_guide, dual_noguide, EVAE",f1_W03_C3_s7_d02.csv
S3,1,W03_C3,7,3,2258816088,EVAE|S3|geobg|1|W03_C3|7|3,"single_noguide, single_guide, dual_noguide, EVAE",f1_W03_C3_s7_d03.csv
S3,1,W03_C3,7,4,415652347,EVAE|S3|geobg|1|W03_C3|7|4,"single_noguide, single_guide, dual_noguide, EVAE",f1_W03_C3_s7_d04.csv
S3,1,W03_C3,7,5,1874946413,EVAE|S3|geobg|1|W03_C3|7|5,"single_noguide, single_guide, dual_noguide, EVAE",f1_W03_C3_s7_d05.csv
S3,1,W03_C3,7,6,4140316887,EVAE|S3|geobg|1|W03_C3|7|6,"single_noguide, single_guide, dual_noguide, EVAE",f1_W03_C3_s7_d06.csv
S3,1,W03_C3,7,7,2177828929,EVAE|S3|geobg|1|W03_C3|7|7,"single_noguide, single_guide, dual_noguide, EVAE",f1_W03_C3_s7_d07.csv
S3,1,W03_C4,1337,0,1076964549,EVAE|S3|geobg|1|W03_C4|1337|0,"single_noguide, single_guide, dual_noguide, EVAE",f1_W03_C4_s1337_d00.csv
S3,1,W03_C4,1337,1,926293075,EVAE|S3|geobg|1|W03_C4|1337|1,"single_noguide, single_guide, dual_noguide, EVAE",f1_W03_C4_s1337_d01.csv
S3,1,W03_C4,1337,2,2923384297,EVAE|S3|geobg|1|W03_C4|1337|2,"single_noguide, single_guide, dual_noguide, EVAE",f1_W03_C4_s1337_d02.csv
S3,1,W03_C4,1337,3,3644358015,EVAE|S3|geobg|1|W03_C4|1337|3,"single_noguide, single_guide, dual_noguide, EVAE",f1_W03_C4_s1337_d03.csv
S3,1,W03_C4,1337,4,1197271260,EVAE|S3|geobg|1|W03_C4|1337|4,"single_noguide, single_guide, dual_noguide, EVAE",f1_W03_C4_s1337_d04.csv
S3,1,W03_C4,1337,5,811325514,EVAE|S3|geobg|1|W03_C4|1337|5,"single_noguide, single_guide, dual_noguide, EVAE",f1_W03_C4_s1337_d05.csv
S3,1,W03_C4,1337,6,2840758768,EVAE|S3|geobg|1|W03_C4|1337|6,"single_noguide, single_guide, dual_noguide, EVAE",f1_W03_C4_s1337_d06.csv
S3,1,W03_C4,1337,7,3730159974,EVAE|S3|geobg|1|W03_C4|1337|7,"single_noguide, single_guide, dual_noguide, EVAE",f1_W03_C4_s1337_d07.csv
S3,1,W03_C4,20260903,0,1606007098,EVAE|S3|geobg|1|W03_C4|20260903|0,"single_noguide, single_guide, dual_noguide, EVAE",f1_W03_C4_s20260903_d00.csv
S3,1,W03_C4,20260903,1,683575724,EVAE|S3|geobg|1|W03_C4|20260903|1,"single_noguide, single_guide, dual_noguide, EVAE",f1_W03_C4_s20260903_d01.csv
S3,1,W03_C4,20260903,2,2981615638,EVAE|S3|geobg|1|W03_C4|20260903|2,"single_noguide, single_guide, dual_noguide, EVAE",f1_W03_C4_s20260903_d02.csv
S3,1,W03_C4,20260903,3,3333482624,EVAE|S3|geobg|1|W03_C4|20260903|3,"single_noguide, single_guide, dual_noguide, EVAE",f1_W03_C4_s20260903_d03.csv
S3,1,W03_C4,20260903,4,1490320675,EVAE|S3|geobg|1|W03_C4|20260903|4,"single_noguide, single_guide, dual_noguide, EVAE",f1_W03_C4_s20260903_d04.csv
S3,1,W03_C4,20260903,5,802377141,EVAE|S3|geobg|1|W03_C4|20260903|5,"single_noguide, single_guide, dual_noguide, EVAE",f1_W03_C4_s20260903_d05.csv
S3,1,W03_C4,20260903,6,3067747343,EVAE|S3|geobg|1|W03_C4|20260903|6,"single_noguide, single_guide, dual_noguide, EVAE",f1_W03_C4_s20260903_d06.csv
S3,1,W03_C4,20260903,7,3252497561,EVAE|S3|geobg|1|W03_C4|20260903|7,"single_noguide, single_guide, dual_noguide, EVAE",f1_W03_C4_s20260903_d07.csv
S3,1,W03_C4,7,0,2911584754,EVAE|S3|geobg|1|W03_C4|7|0,"single_noguide, single_guide, dual_noguide, EVAE",f1_W03_C4_s7_d00.csv
S3,1,W03_C4,7,1,3666637156,EVAE|S3|geobg|1|W03_C4|7|1,"single_noguide, single_guide, dual_noguide, EVAE",f1_W03_C4_s7_d01.csv
S3,1,W03_C4,7,2,1132798174,EVAE|S3|geobg|1|W03_C4|7|2,"single_noguide, single_guide, dual_noguide, EVAE",f1_W03_C4_s7_d02.csv
S3,1,W03_C4,7,3,880939080,EVAE|S3|geobg|1|W03_C4|7|3,"single_noguide, single_guide, dual_noguide, EVAE",f1_W03_C4_s7_d03.csv
S3,1,W03_C4,7,4,2867234283,EVAE|S3|geobg|1|W03_C4|7|4,"single_noguide, single_guide, dual_noguide, EVAE",f1_W03_C4_s7_d04.csv
S3,1,W03_C4,7,5,3722556797,EVAE|S3|geobg|1|W03_C4|7|5,"single_noguide, single_guide, dual_noguide, EVAE",f1_W03_C4_s7_d05.csv
S3,1,W03_C4,7,6,1156113607,EVAE|S3|geobg|1|W03_C4|7|6,"single_noguide, single_guide, dual_noguide, EVAE",f1_W03_C4_s7_d06.csv
S3,1,W03_C4,7,7,871355473,EVAE|S3|geobg|1|W03_C4|7|7,"single_noguide, single_guide, dual_noguide, EVAE",f1_W03_C4_s7_d07.csv
S3,1,W04_C3,1337,0,1674522719,EVAE|S3|geobg|1|W04_C3|1337|0,"single_noguide, single_guide, dual_noguide, EVAE",f1_W04_C3_s1337_d00.csv
S3,1,W04_C3,1337,1,348651721,EVAE|S3|geobg|1|W04_C3|1337|1,"single_noguide, single_guide, dual_noguide, EVAE",f1_W04_C3_s1337_d01.csv
S3,1,W04_C3,1337,2,2378256755,EVAE|S3|geobg|1|W04_C3|1337|2,"single_noguide, single_guide, dual_noguide, EVAE",f1_W04_C3_s1337_d02.csv
S3,1,W04_C3,1337,3,4207305189,EVAE|S3|geobg|1|W04_C3|1337|3,"single_noguide, single_guide, dual_noguide, EVAE",f1_W04_C3_s1337_d03.csv
S3,1,W04_C3,1337,4,1688400966,EVAE|S3|geobg|1|W04_C3|1337|4,"single_noguide, single_guide, dual_noguide, EVAE",f1_W04_C3_s1337_d04.csv
S3,1,W04_C3,1337,5,329630928,EVAE|S3|geobg|1|W04_C3|1337|5,"single_noguide, single_guide, dual_noguide, EVAE",f1_W04_C3_s1337_d05.csv
S3,1,W04_C3,1337,6,2326566250,EVAE|S3|geobg|1|W04_C3|1337|6,"single_noguide, single_guide, dual_noguide, EVAE",f1_W04_C3_s1337_d06.csv
S3,1,W04_C3,1337,7,4255884796,EVAE|S3|geobg|1|W04_C3|1337|7,"single_noguide, single_guide, dual_noguide, EVAE",f1_W04_C3_s1337_d07.csv
S3,1,W04_C3,20260903,0,2954911663,EVAE|S3|geobg|1|W04_C3|20260903|0,"single_noguide, single_guide, dual_noguide, EVAE",f1_W04_C3_s20260903_d00.csv
S3,1,W04_C3,20260903,1,3341250361,EVAE|S3|geobg|1|W04_C3|20260903|1,"single_noguide, single_guide, dual_noguide, EVAE",f1_W04_C3_s20260903_d01.csv
S3,1,W04_C3,20260903,2,1580088963,EVAE|S3|geobg|1|W04_C3|20260903|2,"single_noguide, single_guide, dual_noguide, EVAE",f1_W04_C3_s20260903_d02.csv
S3,1,W04_C3,20260903,3,690556437,EVAE|S3|geobg|1|W04_C3|20260903|3,"single_noguide, single_guide, dual_noguide, EVAE",f1_W04_C3_s20260903_d03.csv
S3,1,W04_C3,20260903,4,3075316662,EVAE|S3|geobg|1|W04_C3|20260903|4,"single_noguide, single_guide, dual_noguide, EVAE",f1_W04_C3_s20260903_d04.csv
S3,1,W04_C3,20260903,5,3226118944,EVAE|S3|geobg|1|W04_C3|20260903|5,"single_noguide, single_guide, dual_noguide, EVAE",f1_W04_C3_s20260903_d05.csv
S3,1,W04_C3,20260903,6,1497627290,EVAE|S3|geobg|1|W04_C3|20260903|6,"single_noguide, single_guide, dual_noguide, EVAE",f1_W04_C3_s20260903_d06.csv
S3,1,W04_C3,20260903,7,776260108,EVAE|S3|geobg|1|W04_C3|20260903|7,"single_noguide, single_guide, dual_noguide, EVAE",f1_W04_C3_s20260903_d07.csv
S3,1,W04_C3,7,0,359568635,EVAE|S3|geobg|1|W04_C3|7|0,"single_noguide, single_guide, dual_noguide, EVAE",f1_W04_C3_s7_d00.csv
S3,1,W04_C3,7,1,1651090541,EVAE|S3|geobg|1|W04_C3|7|1,"single_noguide, single_guide, dual_noguide, EVAE",f1_W04_C3_s7_d01.csv
S3,1,W04_C3,7,2,4217435607,EVAE|S3|geobg|1|W04_C3|7|2,"single_noguide, single_guide, dual_noguide, EVAE",f1_W04_C3_s7_d02.csv
S3,1,W04_C3,7,3,2355610945,EVAE|S3|geobg|1|W04_C3|7|3,"single_noguide, single_guide, dual_noguide, EVAE",f1_W04_C3_s7_d03.csv
S3,1,W04_C3,7,4,302207202,EVAE|S3|geobg|1|W04_C3|7|4,"single_noguide, single_guide, dual_noguide, EVAE",f1_W04_C3_s7_d04.csv
S3,1,W04_C3,7,5,1694785652,EVAE|S3|geobg|1|W04_C3|7|5,"single_noguide, single_guide, dual_noguide, EVAE",f1_W04_C3_s7_d05.csv
S3,1,W04_C3,7,6,4228723150,EVAE|S3|geobg|1|W04_C3|7|6,"single_noguide, single_guide, dual_noguide, EVAE",f1_W04_C3_s7_d06.csv
S3,1,W04_C3,7,7,2332688728,EVAE|S3|geobg|1|W04_C3|7|7,"single_noguide, single_guide, dual_noguide, EVAE",f1_W04_C3_s7_d07.csv
S3,1,W04_C4,1337,0,1762277702,EVAE|S3|geobg|1|W04_C4|1337|0,"single_noguide, single_guide, dual_noguide, EVAE",f1_W04_C4_s1337_d00.csv
S3,1,W04_C4,1337,1,504170960,EVAE|S3|geobg|1|W04_C4|1337|1,"single_noguide, single_guide, dual_noguide, EVAE",f1_W04_C4_s1337_d01.csv
S3,1,W04_C4,1337,2,2265208938,EVAE|S3|geobg|1|W04_C4|1337|2,"single_noguide, single_guide, dual_noguide, EVAE",f1_W04_C4_s1337_d02.csv
S3,1,W04_C4,1337,3,4026755324,EVAE|S3|geobg|1|W04_C4|1337|3,"single_noguide, single_guide, dual_noguide, EVAE",f1_W04_C4_s1337_d03.csv
S3,1,W04_C4,1337,4,1852308831,EVAE|S3|geobg|1|W04_C4|1337|4,"single_noguide, single_guide, dual_noguide, EVAE",f1_W04_C4_s1337_d04.csv
S3,1,W04_C4,1337,5,425774537,EVAE|S3|geobg|1|W04_C4|1337|5,"single_noguide, single_guide, dual_noguide, EVAE",f1_W04_C4_s1337_d05.csv
S3,1,W04_C4,1337,6,2154404979,EVAE|S3|geobg|1|W04_C4|1337|6,"single_noguide, single_guide, dual_noguide, EVAE",f1_W04_C4_s1337_d06.csv
S3,1,W04_C4,1337,7,4151225573,EVAE|S3|geobg|1|W04_C4|1337|7,"single_noguide, single_guide, dual_noguide, EVAE",f1_W04_C4_s1337_d07.csv
S3,1,W04_C4,20260903,0,3300439584,EVAE|S3|geobg|1|W04_C4|20260903|0,"single_noguide, single_guide, dual_noguide, EVAE",f1_W04_C4_s20260903_d00.csv
S3,1,W04_C4,20260903,1,3015673526,EVAE|S3|geobg|1|W04_C4|20260903|1,"single_noguide, single_guide, dual_noguide, EVAE",f1_W04_C4_s20260903_d01.csv
S3,1,W04_C4,20260903,2,716625676,EVAE|S3|geobg|1|W04_C4|20260903|2,"single_noguide, single_guide, dual_noguide, EVAE",f1_W04_C4_s20260903_d02.csv
S3,1,W04_C4,20260903,3,1571940250,EVAE|S3|geobg|1|W04_C4|20260903|3,"single_noguide, single_guide, dual_noguide, EVAE",f1_W04_C4_s20260903_d03.csv
S3,1,W04_C4,20260903,4,3285545529,EVAE|S3|geobg|1|W04_C4|20260903|4,"single_noguide, single_guide, dual_noguide, EVAE",f1_W04_C4_s20260903_d04.csv
S3,1,W04_C4,20260903,5,3033678511,EVAE|S3|geobg|1|W04_C4|20260903|5,"single_noguide, single_guide, dual_noguide, EVAE",f1_W04_C4_s20260903_d05.csv
S3,1,W04_C4,20260903,6,769331989,EVAE|S3|geobg|1|W04_C4|20260903|6,"single_noguide, single_guide, dual_noguide, EVAE",f1_W04_C4_s20260903_d06.csv
S3,1,W04_C4,20260903,7,1524376451,EVAE|S3|geobg|1|W04_C4|20260903|7,"single_noguide, single_guide, dual_noguide, EVAE",f1_W04_C4_s20260903_d07.csv
S3,1,W04_C4,7,0,2806925547,EVAE|S3|geobg|1|W04_C4|7|0,"single_noguide, single_guide, dual_noguide, EVAE",f1_W04_C4_s7_d00.csv
S3,1,W04_C4,7,1,3494475901,EVAE|S3|geobg|1|W04_C4|7|1,"single_noguide, single_guide, dual_noguide, EVAE",f1_W04_C4_s7_d01.csv
S3,1,W04_C4,7,2,1228941767,EVAE|S3|geobg|1|W04_C4|7|2,"single_noguide, single_guide, dual_noguide, EVAE",f1_W04_C4_s7_d02.csv
S3,1,W04_C4,7,3,1044846929,EVAE|S3|geobg|1|W04_C4|7|3,"single_noguide, single_guide, dual_noguide, EVAE",f1_W04_C4_s7_d03.csv
S3,1,W04_C4,7,4,2686684402,EVAE|S3|geobg|1|W04_C4|7|4,"single_noguide, single_guide, dual_noguide, EVAE",f1_W04_C4_s7_d04.csv
S3,1,W04_C4,7,5,3609508964,EVAE|S3|geobg|1|W04_C4|7|5,"single_noguide, single_guide, dual_noguide, EVAE",f1_W04_C4_s7_d05.csv
S3,1,W04_C4,7,6,1311632862,EVAE|S3|geobg|1|W04_C4|7|6,"single_noguide, single_guide, dual_noguide, EVAE",f1_W04_C4_s7_d06.csv
S3,1,W04_C4,7,7,959110472,EVAE|S3|geobg|1|W04_C4|7|7,"single_noguide, single_guide, dual_noguide, EVAE",f1_W04_C4_s7_d07.csv
S3,1,W05_C3,1337,0,2722230175,EVAE|S3|geobg|1|W05_C3|1337|0,"single_noguide, single_guide, dual_noguide, EVAE",f1_W05_C3_s1337_d00.csv
S3,1,W05_C3,1337,1,3578191625,EVAE|S3|geobg|1|W05_C3|1337|1,"single_noguide, single_guide, dual_noguide, EVAE",f1_W05_C3_s1337_d01.csv
S3,1,W05_C3,1337,2,1280282291,EVAE|S3|geobg|1|W05_C3|1337|2,"single_noguide, single_guide, dual_noguide, EVAE",f1_W05_C3_s1337_d02.csv
S3,1,W05_C3,1337,3,994623013,EVAE|S3|geobg|1|W05_C3|1337|3,"single_noguide, single_guide, dual_noguide, EVAE",f1_W05_C3_s1337_d03.csv
S3,1,W05_C3,1337,4,2771135366,EVAE|S3|geobg|1|W05_C3|1337|4,"single_noguide, single_guide, dual_noguide, EVAE",f1_W05_C3_s1337_d04.csv
S3,1,W05_C3,1337,5,3526040336,EVAE|S3|geobg|1|W05_C3|1337|5,"single_noguide, single_guide, dual_noguide, EVAE",f1_W05_C3_s1337_d05.csv
S3,1,W05_C3,1337,6,1260538538,EVAE|S3|geobg|1|W05_C3|1337|6,"single_noguide, single_guide, dual_noguide, EVAE",f1_W05_C3_s1337_d06.csv
S3,1,W05_C3,1337,7,1009089084,EVAE|S3|geobg|1|W05_C3|1337|7,"single_noguide, single_guide, dual_noguide, EVAE",f1_W05_C3_s1337_d07.csv
S3,1,W05_C3,20260903,0,165381191,EVAE|S3|geobg|1|W05_C3|20260903|0,"single_noguide, single_guide, dual_noguide, EVAE",f1_W05_C3_s20260903_d00.csv
S3,1,W05_C3,20260903,1,2128393425,EVAE|S3|geobg|1|W05_C3|20260903|1,"single_noguide, single_guide, dual_noguide, EVAE",f1_W05_C3_s20260903_d01.csv
S3,1,W05_C3,20260903,2,3889554795,EVAE|S3|geobg|1|W05_C3|20260903|2,"single_noguide, single_guide, dual_noguide, EVAE",f1_W05_C3_s20260903_d02.csv
S3,1,W05_C3,20260903,3,2429736445,EVAE|S3|geobg|1|W05_C3|20260903|3,"single_noguide, single_guide, dual_noguide, EVAE",f1_W05_C3_s20260903_d03.csv
S3,1,W05_C3,20260903,4,246825054,EVAE|S3|geobg|1|W05_C3|20260903|4,"single_noguide, single_guide, dual_noguide, EVAE",f1_W05_C3_s20260903_d04.csv
S3,1,W05_C3,20260903,5,2041671880,EVAE|S3|geobg|1|W05_C3|20260903|5,"single_noguide, single_guide, dual_noguide, EVAE",f1_W05_C3_s20260903_d05.csv
S3,1,W05_C3,20260903,6,3770163570,EVAE|S3|geobg|1|W05_C3|20260903|6,"single_noguide, single_guide, dual_noguide, EVAE",f1_W05_C3_s20260903_d06.csv
S3,1,W05_C3,20260903,7,2545881572,EVAE|S3|geobg|1|W05_C3|20260903|7,"single_noguide, single_guide, dual_noguide, EVAE",f1_W05_C3_s20260903_d07.csv
S3,1,W05_C3,7,0,3653538917,EVAE|S3|geobg|1|W05_C3|7|0,"single_noguide, single_guide, dual_noguide, EVAE",f1_W05_C3_s7_d00.csv
S3,1,W05_C3,7,1,2932057331,EVAE|S3|geobg|1|W05_C3|7|1,"single_noguide, single_guide, dual_noguide, EVAE",f1_W05_C3_s7_d01.csv
S3,1,W05_C3,7,2,936047945,EVAE|S3|geobg|1|W05_C3|7|2,"single_noguide, single_guide, dual_noguide, EVAE",f1_W05_C3_s7_d02.csv
S3,1,W05_C3,7,3,1087227359,EVAE|S3|geobg|1|W05_C3|7|3,"single_noguide, single_guide, dual_noguide, EVAE",f1_W05_C3_s7_d03.csv
S3,1,W05_C3,7,4,3735638140,EVAE|S3|geobg|1|W05_C3|7|4,"single_noguide, single_guide, dual_noguide, EVAE",f1_W05_C3_s7_d04.csv
S3,1,W05_C3,7,5,2846777578,EVAE|S3|geobg|1|W05_C3|7|5,"single_noguide, single_guide, dual_noguide, EVAE",f1_W05_C3_s7_d05.csv
S3,1,W05_C3,7,6,816263504,EVAE|S3|geobg|1|W05_C3|7|6,"single_noguide, single_guide, dual_noguide, EVAE",f1_W05_C3_s7_d06.csv
S3,1,W05_C3,7,7,1201668550,EVAE|S3|geobg|1|W05_C3|7|7,"single_noguide, single_guide, dual_noguide, EVAE",f1_W05_C3_s7_d07.csv
S3,1,W05_C4,1337,0,2827282054,EVAE|S3|geobg|1|W05_C4|1337|0,"single_noguide, single_guide, dual_noguide, EVAE",f1_W05_C4_s1337_d00.csv
S3,1,W05_C4,1337,1,3749959184,EVAE|S3|geobg|1|W05_C4|1337|1,"single_noguide, single_guide, dual_noguide, EVAE",f1_W05_C4_s1337_d01.csv
S3,1,W05_C4,1337,2,1183483818,EVAE|S3|geobg|1|W05_C4|1337|2,"single_noguide, single_guide, dual_noguide, EVAE",f1_W05_C4_s1337_d02.csv
S3,1,W05_C4,1337,3,831371068,EVAE|S3|geobg|1|W05_C4|1337|3,"single_noguide, single_guide, dual_noguide, EVAE",f1_W05_C4_s1337_d03.csv
S3,1,W05_C4,1337,4,2951291551,EVAE|S3|geobg|1|W05_C4|1337|4,"single_noguide, single_guide, dual_noguide, EVAE",f1_W05_C4_s1337_d04.csv
S3,1,W05_C4,1337,5,3639480841,EVAE|S3|geobg|1|W05_C4|1337|5,"single_noguide, single_guide, dual_noguide, EVAE",f1_W05_C4_s1337_d05.csv
S3,1,W05_C4,1337,6,1105675187,EVAE|S3|geobg|1|W05_C4|1337|6,"single_noguide, single_guide, dual_noguide, EVAE",f1_W05_C4_s1337_d06.csv
S3,1,W05_C4,1337,7,920679205,EVAE|S3|geobg|1|W05_C4|1337|7,"single_noguide, single_guide, dual_noguide, EVAE",f1_W05_C4_s1337_d07.csv
S3,1,W05_C4,20260903,0,2101571016,EVAE|S3|geobg|1|W05_C4|20260903|0,"single_noguide, single_guide, dual_noguide, EVAE",f1_W05_C4_s20260903_d00.csv
S3,1,W05_C4,20260903,1,172252510,EVAE|S3|geobg|1|W05_C4|20260903|1,"single_noguide, single_guide, dual_noguide, EVAE",f1_W05_C4_s20260903_d01.csv
S3,1,W05_C4,20260903,2,2471300324,EVAE|S3|geobg|1|W05_C4|20260903|2,"single_noguide, single_guide, dual_noguide, EVAE",f1_W05_C4_s20260903_d02.csv
S3,1,W05_C4,20260903,3,3830070386,EVAE|S3|geobg|1|W05_C4|20260903|3,"single_noguide, single_guide, dual_noguide, EVAE",f1_W05_C4_s20260903_d03.csv
S3,1,W05_C4,20260903,4,2049878481,EVAE|S3|geobg|1|W05_C4|20260903|4,"single_noguide, single_guide, dual_noguide, EVAE",f1_W05_C4_s20260903_d04.csv
S3,1,W05_C4,20260903,5,220830023,EVAE|S3|geobg|1|W05_C4|20260903|5,"single_noguide, single_guide, dual_noguide, EVAE",f1_W05_C4_s20260903_d05.csv
S3,1,W05_C4,20260903,6,2485176573,EVAE|S3|geobg|1|W05_C4|20260903|6,"single_noguide, single_guide, dual_noguide, EVAE",f1_W05_C4_s20260903_d06.csv
S3,1,W05_C4,20260903,7,3811047531,EVAE|S3|geobg|1|W05_C4|20260903|7,"single_noguide, single_guide, dual_noguide, EVAE",f1_W05_C4_s20260903_d07.csv
S3,1,W05_C4,7,0,1810122869,EVAE|S3|geobg|1|W05_C4|7|0,"single_noguide, single_guide, dual_noguide, EVAE",f1_W05_C4_s7_d00.csv
S3,1,W05_C4,7,1,484669667,EVAE|S3|geobg|1|W05_C4|7|1,"single_noguide, single_guide, dual_noguide, EVAE",f1_W05_C4_s7_d01.csv
S3,1,W05_C4,7,2,2246715737,EVAE|S3|geobg|1|W05_C4|7|2,"single_noguide, single_guide, dual_noguide, EVAE",f1_W05_C4_s7_d02.csv
S3,1,W05_C4,7,3,4075624911,EVAE|S3|geobg|1|W05_C4|7|3,"single_noguide, single_guide, dual_noguide, EVAE",f1_W05_C4_s7_d03.csv
S3,1,W05_C4,7,4,1820953708,EVAE|S3|geobg|1|W05_C4|7|4,"single_noguide, single_guide, dual_noguide, EVAE",f1_W05_C4_s7_d04.csv
S3,1,W05_C4,7,5,462339322,EVAE|S3|geobg|1|W05_C4|7|5,"single_noguide, single_guide, dual_noguide, EVAE",f1_W05_C4_s7_d05.csv
S3,1,W05_C4,7,6,2189946176,EVAE|S3|geobg|1|W05_C4|7|6,"single_noguide, single_guide, dual_noguide, EVAE",f1_W05_C4_s7_d06.csv
S3,1,W05_C4,7,7,4118863318,EVAE|S3|geobg|1|W05_C4|7|7,"single_noguide, single_guide, dual_noguide, EVAE",f1_W05_C4_s7_d07.csv
S3,1,W06_C3,1337,0,1000573342,EVAE|S3|geobg|1|W06_C3|1337|0,"single_noguide, single_guide, dual_noguide, EVAE",f1_W06_C3_s1337_d00.csv
S3,1,W06_C3,1337,1,1285863688,EVAE|S3|geobg|1|W06_C3|1337|1,"single_noguide, single_guide, dual_noguide, EVAE",f1_W06_C3_s1337_d01.csv
S3,1,W06_C3,1337,2,3584944306,EVAE|S3|geobg|1|W06_C3|1337|2,"single_noguide, single_guide, dual_noguide, EVAE",f1_W06_C3_s1337_d02.csv
S3,1,W06_C3,1337,3,2729105444,EVAE|S3|geobg|1|W06_C3|1337|3,"single_noguide, single_guide, dual_noguide, EVAE",f1_W06_C3_s1337_d03.csv
S3,1,W06_C3,1337,4,1020153223,EVAE|S3|geobg|1|W06_C3|1337|4,"single_noguide, single_guide, dual_noguide, EVAE",f1_W06_C3_s1337_d04.csv
S3,1,W06_C3,1337,5,1271495953,EVAE|S3|geobg|1|W06_C3|1337|5,"single_noguide, single_guide, dual_noguide, EVAE",f1_W06_C3_s1337_d05.csv
S3,1,W06_C3,1337,6,3535809707,EVAE|S3|geobg|1|W06_C3|1337|6,"single_noguide, single_guide, dual_noguide, EVAE",f1_W06_C3_s1337_d06.csv
S3,1,W06_C3,1337,7,2781289533,EVAE|S3|geobg|1|W06_C3|1337|7,"single_noguide, single_guide, dual_noguide, EVAE",f1_W06_C3_s1337_d07.csv
S3,1,W06_C3,20260903,0,413593150,EVAE|S3|geobg|1|W06_C3|20260903|0,"single_noguide, single_guide, dual_noguide, EVAE",f1_W06_C3_s20260903_d00.csv
S3,1,W06_C3,20260903,1,1872879272,EVAE|S3|geobg|1|W06_C3|20260903|1,"single_noguide, single_guide, dual_noguide, EVAE",f1_W06_C3_s20260903_d01.csv
S3,1,W06_C3,20260903,2,4138241810,EVAE|S3|geobg|1|W06_C3|20260903|2,"single_noguide, single_guide, dual_noguide, EVAE",f1_W06_C3_s20260903_d02.csv
S3,1,W06_C3,20260903,3,2175778692,EVAE|S3|geobg|1|W06_C3|20260903|3,"single_noguide, single_guide, dual_noguide, EVAE",f1_W06_C3_s20260903_d03.csv
S3,1,W06_C3,20260903,4,533408295,EVAE|S3|geobg|1|W06_C3|20260903|4,"single_noguide, single_guide, dual_noguide, EVAE",f1_W06_C3_s20260903_d04.csv
S3,1,W06_C3,20260903,5,1758206641,EVAE|S3|geobg|1|W06_C3|20260903|5,"single_noguide, single_guide, dual_noguide, EVAE",f1_W06_C3_s20260903_d05.csv
S3,1,W06_C3,20260903,6,4056238859,EVAE|S3|geobg|1|W06_C3|20260903|6,"single_noguide, single_guide, dual_noguide, EVAE",f1_W06_C3_s20260903_d06.csv
S3,1,W06_C3,20260903,7,2260892573,EVAE|S3|geobg|1|W06_C3|20260903|7,"single_noguide, single_guide, dual_noguide, EVAE",f1_W06_C3_s20260903_d07.csv
S3,1,W06_C3,7,0,1464570758,EVAE|S3|geobg|1|W06_C3|7|0,"single_noguide, single_guide, dual_noguide, EVAE",f1_W06_C3_s7_d00.csv
S3,1,W06_C3,7,1,541893392,EVAE|S3|geobg|1|W06_C3|7|1,"single_noguide, single_guide, dual_noguide, EVAE",f1_W06_C3_s7_d01.csv
S3,1,W06_C3,7,2,3108369066,EVAE|S3|geobg|1|W06_C3|7|2,"single_noguide, single_guide, dual_noguide, EVAE",f1_W06_C3_s7_d02.csv
S3,1,W06_C3,7,3,3460481596,EVAE|S3|geobg|1|W06_C3|7|3,"single_noguide, single_guide, dual_noguide, EVAE",f1_W06_C3_s7_d03.csv
S3,1,W06_C3,7,4,1344690079,EVAE|S3|geobg|1|W06_C3|7|4,"single_noguide, single_guide, dual_noguide, EVAE",f1_W06_C3_s7_d04.csv
S3,1,W06_C3,7,5,656500489,EVAE|S3|geobg|1|W06_C3|7|5,"single_noguide, single_guide, dual_noguide, EVAE",f1_W06_C3_s7_d05.csv
S3,1,W06_C3,7,6,3190306483,EVAE|S3|geobg|1|W06_C3|7|6,"single_noguide, single_guide, dual_noguide, EVAE",f1_W06_C3_s7_d06.csv
S3,1,W06_C3,7,7,3375302181,EVAE|S3|geobg|1|W06_C3|7|7,"single_noguide, single_guide, dual_noguide, EVAE",f1_W06_C3_s7_d07.csv
S3,1,W06_C4,1337,0,828801159,EVAE|S3|geobg|1|W06_C4|1337|0,"single_noguide, single_guide, dual_noguide, EVAE",f1_W06_C4_s1337_d00.csv
S3,1,W06_C4,1337,1,1180807185,EVAE|S3|geobg|1|W06_C4|1337|1,"single_noguide, single_guide, dual_noguide, EVAE",f1_W06_C4_s1337_d01.csv
S3,1,W06_C4,1337,2,3748192683,EVAE|S3|geobg|1|W06_C4|1337|2,"single_noguide, single_guide, dual_noguide, EVAE",f1_W06_C4_s1337_d02.csv
S3,1,W06_C4,1337,3,2825900349,EVAE|S3|geobg|1|W06_C4|1337|3,"single_noguide, single_guide, dual_noguide, EVAE",f1_W06_C4_s1337_d03.csv
S3,1,W06_C4,1337,4,906708126,EVAE|S3|geobg|1|W06_C4|1337|4,"single_noguide, single_guide, dual_noguide, EVAE",f1_W06_C4_s1337_d04.csv
S3,1,W06_C4,1337,5,1091335176,EVAE|S3|geobg|1|W06_C4|1337|5,"single_noguide, single_guide, dual_noguide, EVAE",f1_W06_C4_s1337_d05.csv
S3,1,W06_C4,1337,6,3624215986,EVAE|S3|geobg|1|W06_C4|1337|6,"single_noguide, single_guide, dual_noguide, EVAE",f1_W06_C4_s1337_d06.csv
S3,1,W06_C4,1337,7,2936149284,EVAE|S3|geobg|1|W06_C4|1337|7,"single_noguide, single_guide, dual_noguide, EVAE",f1_W06_C4_s1337_d07.csv
S3,1,W06_C4,20260903,0,1816004529,EVAE|S3|geobg|1|W06_C4|20260903|0,"single_noguide, single_guide, dual_noguide, EVAE",f1_W06_C4_s20260903_d00.csv
S3,1,W06_C4,20260903,1,456734503,EVAE|S3|geobg|1|W06_C4|20260903|1,"single_noguide, single_guide, dual_noguide, EVAE",f1_W06_C4_s20260903_d01.csv
S3,1,W06_C4,20260903,2,2184210077,EVAE|S3|geobg|1|W06_C4|20260903|2,"single_noguide, single_guide, dual_noguide, EVAE",f1_W06_C4_s20260903_d02.csv
S3,1,W06_C4,20260903,3,4114044427,EVAE|S3|geobg|1|W06_C4|20260903|3,"single_noguide, single_guide, dual_noguide, EVAE",f1_W06_C4_s20260903_d03.csv
S3,1,W06_C4,20260903,4,1800651688,EVAE|S3|geobg|1|W06_C4|20260903|4,"single_noguide, single_guide, dual_noguide, EVAE",f1_W06_C4_s20260903_d04.csv
S3,1,W06_C4,20260903,5,475329342,EVAE|S3|geobg|1|W06_C4|20260903|5,"single_noguide, single_guide, dual_noguide, EVAE",f1_W06_C4_s20260903_d05.csv
S3,1,W06_C4,20260903,6,2237506180,EVAE|S3|geobg|1|W06_C4|20260903|6,"single_noguide, single_guide, dual_noguide, EVAE",f1_W06_C4_s20260903_d06.csv
S3,1,W06_C4,20260903,7,4066021906,EVAE|S3|geobg|1|W06_C4|20260903|7,"single_noguide, single_guide, dual_noguide, EVAE",f1_W06_C4_s20260903_d07.csv
S3,1,W06_C4,7,0,3849015190,EVAE|S3|geobg|1|W06_C4|7|0,"single_noguide, single_guide, dual_noguide, EVAE",f1_W06_C4_s7_d00.csv
S3,1,W06_C4,7,1,2456583936,EVAE|S3|geobg|1|W06_C4|7|1,"single_noguide, single_guide, dual_noguide, EVAE",f1_W06_C4_s7_d01.csv
S3,1,W06_C4,7,2,191180474,EVAE|S3|geobg|1|W06_C4|7|2,"single_noguide, single_guide, dual_noguide, EVAE",f1_W06_C4_s7_d02.csv
S3,1,W06_C4,7,3,2086805036,EVAE|S3|geobg|1|W06_C4|7|3,"single_noguide, single_guide, dual_noguide, EVAE",f1_W06_C4_s7_d03.csv
S3,1,W06_C4,7,4,3792079759,EVAE|S3|geobg|1|W06_C4|7|4,"single_noguide, single_guide, dual_noguide, EVAE",f1_W06_C4_s7_d04.csv
S3,1,W06_C4,7,5,2499918617,EVAE|S3|geobg|1|W06_C4|7|5,"single_noguide, single_guide, dual_noguide, EVAE",f1_W06_C4_s7_d05.csv
S3,1,W06_C4,7,6,201910947,EVAE|S3|geobg|1|W06_C4|7|6,"single_noguide, single_guide, dual_noguide, EVAE",f1_W06_C4_s7_d06.csv
S3,1,W06_C4,7,7,2064636469,EVAE|S3|geobg|1|W06_C4|7|7,"single_noguide, single_guide, dual_noguide, EVAE",f1_W06_C4_s7_d07.csv
S3,2,W00_C5,1337,0,67379235,EVAE|S3|geobg|2|W00_C5|1337|0,"single_noguide, single_guide, dual_noguide, EVAE",f2_W00_C5_s1337_d00.csv
S3,2,W00_C5,1337,1,1929580725,EVAE|S3|geobg|2|W00_C5|1337|1,"single_noguide, single_guide, dual_noguide, EVAE",f2_W00_C5_s1337_d01.csv
S3,2,W00_C5,1337,2,3926540559,EVAE|S3|geobg|2|W00_C5|1337|2,"single_noguide, single_guide, dual_noguide, EVAE",f2_W00_C5_s1337_d02.csv
S3,2,W00_C5,1337,3,2634903961,EVAE|S3|geobg|2|W00_C5|1337|3,"single_noguide, single_guide, dual_noguide, EVAE",f2_W00_C5_s1337_d03.csv
S3,2,W00_C5,1337,4,57271354,EVAE|S3|geobg|2|W00_C5|1337|4,"single_noguide, single_guide, dual_noguide, EVAE",f2_W00_C5_s1337_d04.csv
S3,2,W00_C5,1337,5,1953420460,EVAE|S3|geobg|2|W00_C5|1337|5,"single_noguide, single_guide, dual_noguide, EVAE",f2_W00_C5_s1337_d05.csv
S3,2,W00_C5,1337,6,3982984470,EVAE|S3|geobg|2|W00_C5|1337|6,"single_noguide, single_guide, dual_noguide, EVAE",f2_W00_C5_s1337_d06.csv
S3,2,W00_C5,1337,7,2590029184,EVAE|S3|geobg|2|W00_C5|1337|7,"single_noguide, single_guide, dual_noguide, EVAE",f2_W00_C5_s1337_d07.csv
S3,2,W00_C5,20260903,0,1983322501,EVAE|S3|geobg|2|W00_C5|20260903|0,"single_noguide, single_guide, dual_noguide, EVAE",f2_W00_C5_s20260903_d00.csv
S3,2,W00_C5,20260903,1,19933459,EVAE|S3|geobg|2|W00_C5|20260903|1,"single_noguide, single_guide, dual_noguide, EVAE",f2_W00_C5_s20260903_d01.csv
S3,2,W00_C5,20260903,2,2553903273,EVAE|S3|geobg|2|W00_C5|20260903|2,"single_noguide, single_guide, dual_noguide, EVAE",f2_W00_C5_s20260903_d02.csv
S3,2,W00_C5,20260903,3,4013836351,EVAE|S3|geobg|2|W00_C5|20260903|3,"single_noguide, single_guide, dual_noguide, EVAE",f2_W00_C5_s20260903_d03.csv
S3,2,W00_C5,20260903,4,1901780380,EVAE|S3|geobg|2|W00_C5|20260903|4,"single_noguide, single_guide, dual_noguide, EVAE",f2_W00_C5_s20260903_d04.csv
S3,2,W00_C5,20260903,5,106818826,EVAE|S3|geobg|2|W00_C5|20260903|5,"single_noguide, single_guide, dual_noguide, EVAE",f2_W00_C5_s20260903_d05.csv
S3,2,W00_C5,20260903,6,2673130672,EVAE|S3|geobg|2|W00_C5|20260903|6,"single_noguide, single_guide, dual_noguide, EVAE",f2_W00_C5_s20260903_d06.csv
S3,2,W00_C5,20260903,7,3897789478,EVAE|S3|geobg|2|W00_C5|20260903|7,"single_noguide, single_guide, dual_noguide, EVAE",f2_W00_C5_s20260903_d07.csv
S3,2,W00_C5,7,0,1778040145,EVAE|S3|geobg|2|W00_C5|7|0,"single_noguide, single_guide, dual_noguide, EVAE",f2_W00_C5_s7_d00.csv
S3,2,W00_C5,7,1,519933383,EVAE|S3|geobg|2|W00_C5|7|1,"single_noguide, single_guide, dual_noguide, EVAE",f2_W00_C5_s7_d01.csv
S3,2,W00_C5,7,2,2280971389,EVAE|S3|geobg|2|W00_C5|7|2,"single_noguide, single_guide, dual_noguide, EVAE",f2_W00_C5_s7_d02.csv
S3,2,W00_C5,7,3,4042517739,EVAE|S3|geobg|2|W00_C5|7|3,"single_noguide, single_guide, dual_noguide, EVAE",f2_W00_C5_s7_d03.csv
S3,2,W00_C5,7,4,1855420744,EVAE|S3|geobg|2|W00_C5|7|4,"single_noguide, single_guide, dual_noguide, EVAE",f2_W00_C5_s7_d04.csv
S3,2,W00_C5,7,5,428886494,EVAE|S3|geobg|2|W00_C5|7|5,"single_noguide, single_guide, dual_noguide, EVAE",f2_W00_C5_s7_d05.csv
S3,2,W00_C5,7,6,2157516900,EVAE|S3|geobg|2|W00_C5|7|6,"single_noguide, single_guide, dual_noguide, EVAE",f2_W00_C5_s7_d06.csv
S3,2,W00_C5,7,7,4154337522,EVAE|S3|geobg|2|W00_C5|7|7,"single_noguide, single_guide, dual_noguide, EVAE",f2_W00_C5_s7_d07.csv
S3,2,W00_C6,1337,0,2324375488,EVAE|S3|geobg|2|W00_C6|1337|0,"single_noguide, single_guide, dual_noguide, EVAE",f2_W00_C6_s1337_d00.csv
S3,2,W00_C6,1337,1,4253816662,EVAE|S3|geobg|2|W00_C6|1337|1,"single_noguide, single_guide, dual_noguide, EVAE",f2_W00_C6_s1337_d01.csv
S3,2,W00_C6,1337,2,1686456044,EVAE|S3|geobg|2|W00_C6|1337|2,"single_noguide, single_guide, dual_noguide, EVAE",f2_W00_C6_s1337_d02.csv
S3,2,W00_C6,1337,3,327317114,EVAE|S3|geobg|2|W00_C6|1337|3,"single_noguide, single_guide, dual_noguide, EVAE",f2_W00_C6_s1337_d03.csv
S3,2,W00_C6,1337,4,2380719065,EVAE|S3|geobg|2|W00_C6|1337|4,"single_noguide, single_guide, dual_noguide, EVAE",f2_W00_C6_s1337_d04.csv
S3,2,W00_C6,1337,5,4209103695,EVAE|S3|geobg|2|W00_C6|1337|5,"single_noguide, single_guide, dual_noguide, EVAE",f2_W00_C6_s1337_d05.csv
S3,2,W00_C6,1337,6,1676182261,EVAE|S3|geobg|2|W00_C6|1337|6,"single_noguide, single_guide, dual_noguide, EVAE",f2_W00_C6_s1337_d06.csv
S3,2,W00_C6,1337,7,351253091,EVAE|S3|geobg|2|W00_C6|1337|7,"single_noguide, single_guide, dual_noguide, EVAE",f2_W00_C6_s1337_d07.csv
S3,2,W00_C6,20260903,0,27904885,EVAE|S3|geobg|2|W00_C6|20260903|0,"single_noguide, single_guide, dual_noguide, EVAE",f2_W00_C6_s20260903_d00.csv
S3,2,W00_C6,20260903,1,1991179235,EVAE|S3|geobg|2|W00_C6|20260903|1,"single_noguide, single_guide, dual_noguide, EVAE",f2_W00_C6_s20260903_d01.csv
S3,2,W00_C6,20260903,2,4020742745,EVAE|S3|geobg|2|W00_C6|20260903|2,"single_noguide, single_guide, dual_noguide, EVAE",f2_W00_C6_s20260903_d02.csv
S3,2,W00_C6,20260903,3,2560662223,EVAE|S3|geobg|2|W00_C6|20260903|3,"single_noguide, single_guide, dual_noguide, EVAE",f2_W00_C6_s20260903_d03.csv
S3,2,W00_C6,20260903,4,113512300,EVAE|S3|geobg|2|W00_C6|20260903|4,"single_noguide, single_guide, dual_noguide, EVAE",f2_W00_C6_s20260903_d04.csv
S3,2,W00_C6,20260903,5,1908621306,EVAE|S3|geobg|2|W00_C6|20260903|5,"single_noguide, single_guide, dual_noguide, EVAE",f2_W00_C6_s20260903_d05.csv
S3,2,W00_C6,20260903,6,3905580608,EVAE|S3|geobg|2|W00_C6|20260903|6,"single_noguide, single_guide, dual_noguide, EVAE",f2_W00_C6_s20260903_d06.csv
S3,2,W00_C6,20260903,7,2681036502,EVAE|S3|geobg|2|W00_C6|20260903|7,"single_noguide, single_guide, dual_noguide, EVAE",f2_W00_C6_s20260903_d07.csv
S3,2,W00_C6,7,0,777701249,EVAE|S3|geobg|2|W00_C6|7|0,"single_noguide, single_guide, dual_noguide, EVAE",f2_W00_C6_s7_d00.csv
S3,2,W00_C6,7,1,1499330327,EVAE|S3|geobg|2|W00_C6|7|1,"single_noguide, single_guide, dual_noguide, EVAE",f2_W00_C6_s7_d01.csv
S3,2,W00_C6,7,2,3226773165,EVAE|S3|geobg|2|W00_C6|7|2,"single_noguide, single_guide, dual_noguide, EVAE",f2_W00_C6_s7_d02.csv
S3,2,W00_C6,7,3,3075708475,EVAE|S3|geobg|2|W00_C6|7|3,"single_noguide, single_guide, dual_noguide, EVAE",f2_W00_C6_s7_d03.csv
S3,2,W00_C6,7,4,691471256,EVAE|S3|geobg|2|W00_C6|7|4,"single_noguide, single_guide, dual_noguide, EVAE",f2_W00_C6_s7_d04.csv
S3,2,W00_C6,7,5,1580217102,EVAE|S3|geobg|2|W00_C6|7|5,"single_noguide, single_guide, dual_noguide, EVAE",f2_W00_C6_s7_d05.csv
S3,2,W00_C6,7,6,3342426804,EVAE|S3|geobg|2|W00_C6|7|6,"single_noguide, single_guide, dual_noguide, EVAE",f2_W00_C6_s7_d06.csv
S3,2,W00_C6,7,7,2956874274,EVAE|S3|geobg|2|W00_C6|7|7,"single_noguide, single_guide, dual_noguide, EVAE",f2_W00_C6_s7_d07.csv
S3,2,W02_C5,1337,0,1550359010,EVAE|S3|geobg|2|W02_C5|1337|0,"single_noguide, single_guide, dual_noguide, EVAE",f2_W02_C5_s1337_d00.csv
S3,2,W02_C5,1337,1,728738164,EVAE|S3|geobg|2|W02_C5|1337|1,"single_noguide, single_guide, dual_noguide, EVAE",f2_W02_C5_s1337_d01.csv
S3,2,W02_C5,1337,2,2993092814,EVAE|S3|geobg|2|W02_C5|1337|2,"single_noguide, single_guide, dual_noguide, EVAE",f2_W02_C5_s1337_d02.csv
S3,2,W02_C5,1337,3,3311519832,EVAE|S3|geobg|2|W02_C5|1337|3,"single_noguide, single_guide, dual_noguide, EVAE",f2_W02_C5_s1337_d03.csv
S3,2,W02_C5,1337,4,1527078395,EVAE|S3|geobg|2|W02_C5|1337|4,"single_noguide, single_guide, dual_noguide, EVAE",f2_W02_C5_s1337_d04.csv
S3,2,W02_C5,1337,5,738356589,EVAE|S3|geobg|2|W02_C5|1337|5,"single_noguide, single_guide, dual_noguide, EVAE",f2_W02_C5_s1337_d05.csv
S3,2,W02_C5,1337,6,3037412567,EVAE|S3|geobg|2|W02_C5|1337|6,"single_noguide, single_guide, dual_noguide, EVAE",f2_W02_C5_s1337_d06.csv
S3,2,W02_C5,1337,7,3255569473,EVAE|S3|geobg|2|W02_C5|1337|7,"single_noguide, single_guide, dual_noguide, EVAE",f2_W02_C5_s1337_d07.csv
S3,2,W02_C5,20260903,0,3736184852,EVAE|S3|geobg|2|W02_C5|20260903|0,"single_noguide, single_guide, dual_noguide, EVAE",f2_W02_C5_s20260903_d00.csv
S3,2,W02_C5,20260903,1,2847316098,EVAE|S3|geobg|2|W02_C5|20260903|1,"single_noguide, single_guide, dual_noguide, EVAE",f2_W02_C5_s20260903_d01.csv
S3,2,W02_C5,20260903,2,817875256,EVAE|S3|geobg|2|W02_C5|20260903|2,"single_noguide, single_guide, dual_noguide, EVAE",f2_W02_C5_s20260903_d02.csv
S3,2,W02_C5,20260903,3,1203304878,EVAE|S3|geobg|2|W02_C5|20260903|3,"single_noguide, single_guide, dual_noguide, EVAE",f2_W02_C5_s20260903_d03.csv
S3,2,W02_C5,20260903,4,3655101453,EVAE|S3|geobg|2|W02_C5|20260903|4,"single_noguide, single_guide, dual_noguide, EVAE",f2_W02_C5_s20260903_d04.csv
S3,2,W02_C5,20260903,5,2933611675,EVAE|S3|geobg|2|W02_C5|20260903|5,"single_noguide, single_guide, dual_noguide, EVAE",f2_W02_C5_s20260903_d05.csv
S3,2,W02_C5,20260903,6,936512801,EVAE|S3|geobg|2|W02_C5|20260903|6,"single_noguide, single_guide, dual_noguide, EVAE",f2_W02_C5_s20260903_d06.csv
S3,2,W02_C5,20260903,7,1087716791,EVAE|S3|geobg|2|W02_C5|20260903|7,"single_noguide, single_guide, dual_noguide, EVAE",f2_W02_C5_s20260903_d07.csv
S3,2,W02_C5,7,0,736082476,EVAE|S3|geobg|2|W02_C5|7|0,"single_noguide, single_guide, dual_noguide, EVAE",f2_W02_C5_s7_d00.csv
S3,2,W02_C5,7,1,1557695162,EVAE|S3|geobg|2|W02_C5|7|1,"single_noguide, single_guide, dual_noguide, EVAE",f2_W02_C5_s7_d01.csv
S3,2,W02_C5,7,2,3318864640,EVAE|S3|geobg|2|W02_C5|7|2,"single_noguide, single_guide, dual_noguide, EVAE",f2_W02_C5_s7_d02.csv
S3,2,W02_C5,7,3,3000429462,EVAE|S3|geobg|2|W02_C5|7|3,"single_noguide, single_guide, dual_noguide, EVAE",f2_W02_C5_s7_d03.csv
S3,2,W02_C5,7,4,749895221,EVAE|S3|geobg|2|W02_C5|7|4,"single_noguide, single_guide, dual_noguide, EVAE",f2_W02_C5_s7_d04.csv
S3,2,W02_C5,7,5,1538608803,EVAE|S3|geobg|2|W02_C5|7|5,"single_noguide, single_guide, dual_noguide, EVAE",f2_W02_C5_s7_d05.csv
S3,2,W02_C5,7,6,3267108633,EVAE|S3|geobg|2|W02_C5|7|6,"single_noguide, single_guide, dual_noguide, EVAE",f2_W02_C5_s7_d06.csv
S3,2,W02_C5,7,7,3048943503,EVAE|S3|geobg|2|W02_C5|7|7,"single_noguide, single_guide, dual_noguide, EVAE",f2_W02_C5_s7_d07.csv
S3,2,W02_C6,1337,0,3538394625,EVAE|S3|geobg|2|W02_C6|1337|0,"single_noguide, single_guide, dual_noguide, EVAE",f2_W02_C6_s1337_d00.csv
S3,2,W02_C6,1337,1,2782965399,EVAE|S3|geobg|2|W02_C6|1337|1,"single_noguide, single_guide, dual_noguide, EVAE",f2_W02_C6_s1337_d01.csv
S3,2,W02_C6,1337,2,1021968173,EVAE|S3|geobg|2|W02_C6|1337|2,"single_noguide, single_guide, dual_noguide, EVAE",f2_W02_C6_s1337_d02.csv
S3,2,W02_C6,1337,3,1273941947,EVAE|S3|geobg|2|W02_C6|1337|3,"single_noguide, single_guide, dual_noguide, EVAE",f2_W02_C6_s1337_d03.csv
S3,2,W02_C6,1337,4,3582614040,EVAE|S3|geobg|2|W02_C6|1337|4,"single_noguide, single_guide, dual_noguide, EVAE",f2_W02_C6_s1337_d04.csv
S3,2,W02_C6,1337,5,2727176846,EVAE|S3|geobg|2|W02_C6|1337|5,"single_noguide, single_guide, dual_noguide, EVAE",f2_W02_C6_s1337_d05.csv
S3,2,W02_C6,1337,6,998521652,EVAE|S3|geobg|2|W02_C6|1337|6,"single_noguide, single_guide, dual_noguide, EVAE",f2_W02_C6_s1337_d06.csv
S3,2,W02_C6,1337,7,1283656610,EVAE|S3|geobg|2|W02_C6|1337|7,"single_noguide, single_guide, dual_noguide, EVAE",f2_W02_C6_s1337_d07.csv
S3,2,W02_C6,20260903,0,2838461156,EVAE|S3|geobg|2|W02_C6|20260903|0,"single_noguide, single_guide, dual_noguide, EVAE",f2_W02_C6_s20260903_d00.csv
S3,2,W02_C6,20260903,1,3727182450,EVAE|S3|geobg|2|W02_C6|20260903|1,"single_noguide, single_guide, dual_noguide, EVAE",f2_W02_C6_s20260903_d01.csv
S3,2,W02_C6,20260903,2,1193352136,EVAE|S3|geobg|2|W02_C6|20260903|2,"single_noguide, single_guide, dual_noguide, EVAE",f2_W02_C6_s20260903_d02.csv
S3,2,W02_C6,20260903,3,807807838,EVAE|S3|geobg|2|W02_C6|20260903|3,"single_noguide, single_guide, dual_noguide, EVAE",f2_W02_C6_s20260903_d03.csv
S3,2,W02_C6,20260903,4,2923609853,EVAE|S3|geobg|2|W02_C6|20260903|4,"single_noguide, single_guide, dual_noguide, EVAE",f2_W02_C6_s20260903_d04.csv
S3,2,W02_C6,20260903,5,3645214315,EVAE|S3|geobg|2|W02_C6|20260903|5,"single_noguide, single_guide, dual_noguide, EVAE",f2_W02_C6_s20260903_d05.csv
S3,2,W02_C6,20260903,6,1078779857,EVAE|S3|geobg|2|W02_C6|20260903|6,"single_noguide, single_guide, dual_noguide, EVAE",f2_W02_C6_s20260903_d06.csv
S3,2,W02_C6,20260903,7,927723335,EVAE|S3|geobg|2|W02_C6|20260903|7,"single_noguide, single_guide, dual_noguide, EVAE",f2_W02_C6_s20260903_d07.csv
S3,2,W02_C6,7,0,1820311804,EVAE|S3|geobg|2|W02_C6|7|0,"single_noguide, single_guide, dual_noguide, EVAE",f2_W02_C6_s7_d00.csv
S3,2,W02_C6,7,1,460910698,EVAE|S3|geobg|2|W02_C6|7|1,"single_noguide, single_guide, dual_noguide, EVAE",f2_W02_C6_s7_d01.csv
S3,2,W02_C6,7,2,2188485072,EVAE|S3|geobg|2|W02_C6|7|2,"single_noguide, single_guide, dual_noguide, EVAE",f2_W02_C6_s7_d02.csv
S3,2,W02_C6,7,3,4118188358,EVAE|S3|geobg|2|W02_C6|7|3,"single_noguide, single_guide, dual_noguide, EVAE",f2_W02_C6_s7_d03.csv
S3,2,W02_C6,7,4,1796343013,EVAE|S3|geobg|2|W02_C6|7|4,"single_noguide, single_guide, dual_noguide, EVAE",f2_W02_C6_s7_d04.csv
S3,2,W02_C6,7,5,471151731,EVAE|S3|geobg|2|W02_C6|7|5,"single_noguide, single_guide, dual_noguide, EVAE",f2_W02_C6_s7_d05.csv
S3,2,W02_C6,7,6,2233230793,EVAE|S3|geobg|2|W02_C6|7|6,"single_noguide, single_guide, dual_noguide, EVAE",f2_W02_C6_s7_d06.csv
S3,2,W02_C6,7,7,4061877599,EVAE|S3|geobg|2|W02_C6|7|7,"single_noguide, single_guide, dual_noguide, EVAE",f2_W02_C6_s7_d07.csv
S3,2,W03_C5,1337,0,2649114146,EVAE|S3|geobg|2|W03_C5|1337|0,"single_noguide, single_guide, dual_noguide, EVAE",f2_W03_C5_s1337_d00.csv
S3,2,W03_C5,1337,1,3940644532,EVAE|S3|geobg|2|W03_C5|1337|1,"single_noguide, single_guide, dual_noguide, EVAE",f2_W03_C5_s1337_d01.csv
S3,2,W03_C5,1337,2,1944594190,EVAE|S3|geobg|2|W03_C5|1337|2,"single_noguide, single_guide, dual_noguide, EVAE",f2_W03_C5_s1337_d02.csv
S3,2,W03_C5,1337,3,82778008,EVAE|S3|geobg|2|W03_C5|1337|3,"single_noguide, single_guide, dual_noguide, EVAE",f2_W03_C5_s1337_d03.csv
S3,2,W03_C5,1337,4,2592834107,EVAE|S3|geobg|2|W03_C5|1337|4,"single_noguide, single_guide, dual_noguide, EVAE",f2_W03_C5_s1337_d04.csv
S3,2,W03_C5,1337,5,3985420973,EVAE|S3|geobg|2|W03_C5|1337|5,"single_noguide, single_guide, dual_noguide, EVAE",f2_W03_C5_s1337_d05.csv
S3,2,W03_C5,1337,6,1954931479,EVAE|S3|geobg|2|W03_C5|1337|6,"single_noguide, single_guide, dual_noguide, EVAE",f2_W03_C5_s1337_d06.csv
S3,2,W03_C5,1337,7,58905473,EVAE|S3|geobg|2|W03_C5|1337|7,"single_noguide, single_guide, dual_noguide, EVAE",f2_W03_C5_s1337_d07.csv
S3,2,W03_C5,20260903,0,1732932604,EVAE|S3|geobg|2|W03_C5|20260903|0,"single_noguide, single_guide, dual_noguide, EVAE",f2_W03_C5_s20260903_d00.csv
S3,2,W03_C5,20260903,1,273498986,EVAE|S3|geobg|2|W03_C5|20260903|1,"single_noguide, single_guide, dual_noguide, EVAE",f2_W03_C5_s20260903_d01.csv
S3,2,W03_C5,20260903,2,2302939856,EVAE|S3|geobg|2|W03_C5|20260903|2,"single_noguide, single_guide, dual_noguide, EVAE",f2_W03_C5_s20260903_d02.csv
S3,2,W03_C5,20260903,3,4265812550,EVAE|S3|geobg|2|W03_C5|20260903|3,"single_noguide, single_guide, dual_noguide, EVAE",f2_W03_C5_s20260903_d03.csv
S3,2,W03_C5,20260903,4,1613215717,EVAE|S3|geobg|2|W03_C5|20260903|4,"single_noguide, single_guide, dual_noguide, EVAE",f2_W03_C5_s20260903_d04.csv
S3,2,W03_C5,20260903,5,388007795,EVAE|S3|geobg|2|W03_C5|20260903|5,"single_noguide, single_guide, dual_noguide, EVAE",f2_W03_C5_s20260903_d05.csv
S3,2,W03_C5,20260903,6,2385106633,EVAE|S3|geobg|2|W03_C5|20260903|6,"single_noguide, single_guide, dual_noguide, EVAE",f2_W03_C5_s20260903_d06.csv
S3,2,W03_C5,20260903,7,4180600415,EVAE|S3|geobg|2|W03_C5|20260903|7,"single_noguide, single_guide, dual_noguide, EVAE",f2_W03_C5_s20260903_d07.csv
S3,2,W03_C5,7,0,3883252402,EVAE|S3|geobg|2|W03_C5|7|0,"single_noguide, single_guide, dual_noguide, EVAE",f2_W03_C5_s7_d00.csv
S3,2,W03_C5,7,1,2423425572,EVAE|S3|geobg|2|W03_C5|7|1,"single_noguide, single_guide, dual_noguide, EVAE",f2_W03_C5_s7_d01.csv
S3,2,W03_C5,7,2,159112094,EVAE|S3|geobg|2|W03_C5|7|2,"single_noguide, single_guide, dual_noguide, EVAE",f2_W03_C5_s7_d02.csv
S3,2,W03_C5,7,3,2122115848,EVAE|S3|geobg|2|W03_C5|7|3,"single_noguide, single_guide, dual_noguide, EVAE",f2_W03_C5_s7_d03.csv
S3,2,W03_C5,7,4,3759701675,EVAE|S3|geobg|2|W03_C5|7|4,"single_noguide, single_guide, dual_noguide, EVAE",f2_W03_C5_s7_d04.csv
S3,2,W03_C5,7,5,2535411261,EVAE|S3|geobg|2|W03_C5|7|5,"single_noguide, single_guide, dual_noguide, EVAE",f2_W03_C5_s7_d05.csv
S3,2,W03_C5,7,6,236330887,EVAE|S3|geobg|2|W03_C5|7|6,"single_noguide, single_guide, dual_noguide, EVAE",f2_W03_C5_s7_d06.csv
S3,2,W03_C5,7,7,2031169297,EVAE|S3|geobg|2|W03_C5|7|7,"single_noguide, single_guide, dual_noguide, EVAE",f2_W03_C5_s7_d07.csv
S3,2,W03_C6,1337,0,325665217,EVAE|S3|geobg|2|W03_C6|1337|0,"single_noguide, single_guide, dual_noguide, EVAE",f2_W03_C6_s1337_d00.csv
S3,2,W03_C6,1337,1,1684959575,EVAE|S3|geobg|2|W03_C6|1337|1,"single_noguide, single_guide, dual_noguide, EVAE",f2_W03_C6_s1337_d01.csv
S3,2,W03_C6,1337,2,4251394285,EVAE|S3|geobg|2|W03_C6|1337|2,"single_noguide, single_guide, dual_noguide, EVAE",f2_W03_C6_s1337_d02.csv
S3,2,W03_C6,1337,3,2321551483,EVAE|S3|geobg|2|W03_C6|1337|3,"single_noguide, single_guide, dual_noguide, EVAE",f2_W03_C6_s1337_d03.csv
S3,2,W03_C6,1337,4,335840728,EVAE|S3|geobg|2|W03_C6|1337|4,"single_noguide, single_guide, dual_noguide, EVAE",f2_W03_C6_s1337_d04.csv
S3,2,W03_C6,1337,5,1661187406,EVAE|S3|geobg|2|W03_C6|1337|5,"single_noguide, single_guide, dual_noguide, EVAE",f2_W03_C6_s1337_d05.csv
S3,2,W03_C6,1337,6,4195017972,EVAE|S3|geobg|2|W03_C6|1337|6,"single_noguide, single_guide, dual_noguide, EVAE",f2_W03_C6_s1337_d06.csv
S3,2,W03_C6,1337,7,2366493794,EVAE|S3|geobg|2|W03_C6|1337|7,"single_noguide, single_guide, dual_noguide, EVAE",f2_W03_C6_s1337_d07.csv
S3,2,W03_C6,20260903,0,282370316,EVAE|S3|geobg|2|W03_C6|20260903|0,"single_noguide, single_guide, dual_noguide, EVAE",f2_W03_C6_s20260903_d00.csv
S3,2,W03_C6,20260903,1,1741918618,EVAE|S3|geobg|2|W03_C6|20260903|1,"single_noguide, single_guide, dual_noguide, EVAE",f2_W03_C6_s20260903_d01.csv
S3,2,W03_C6,20260903,2,4275748896,EVAE|S3|geobg|2|W03_C6|20260903|2,"single_noguide, single_guide, dual_noguide, EVAE",f2_W03_C6_s20260903_d02.csv
S3,2,W03_C6,20260903,3,2313023670,EVAE|S3|geobg|2|W03_C6|20260903|3,"single_noguide, single_guide, dual_noguide, EVAE",f2_W03_C6_s20260903_d03.csv
S3,2,W03_C6,20260903,4,398026005,EVAE|S3|geobg|2|W03_C6|20260903|4,"single_noguide, single_guide, dual_noguide, EVAE",f2_W03_C6_s20260903_d04.csv
S3,2,W03_C6,20260903,5,1623086467,EVAE|S3|geobg|2|W03_C6|20260903|5,"single_noguide, single_guide, dual_noguide, EVAE",f2_W03_C6_s20260903_d05.csv
S3,2,W03_C6,20260903,6,4189520953,EVAE|S3|geobg|2|W03_C6|20260903|6,"single_noguide, single_guide, dual_noguide, EVAE",f2_W03_C6_s20260903_d06.csv
S3,2,W03_C6,20260903,7,2393912495,EVAE|S3|geobg|2|W03_C6|20260903|7,"single_noguide, single_guide, dual_noguide, EVAE",f2_W03_C6_s20260903_d07.csv
S3,2,W03_C6,7,0,2698362978,EVAE|S3|geobg|2|W03_C6|7|0,"single_noguide, single_guide, dual_noguide, EVAE",f2_W03_C6_s7_d00.csv
S3,2,W03_C6,7,1,3620925684,EVAE|S3|geobg|2|W03_C6|7|1,"single_noguide, single_guide, dual_noguide, EVAE",f2_W03_C6_s7_d01.csv
S3,2,W03_C6,7,2,1323016526,EVAE|S3|geobg|2|W03_C6|7|2,"single_noguide, single_guide, dual_noguide, EVAE",f2_W03_C6_s7_d02.csv
S3,2,W03_C6,7,3,970756568,EVAE|S3|geobg|2|W03_C6|7|3,"single_noguide, single_guide, dual_noguide, EVAE",f2_W03_C6_s7_d03.csv
S3,2,W03_C6,7,4,2813854843,EVAE|S3|geobg|2|W03_C6|7|4,"single_noguide, single_guide, dual_noguide, EVAE",f2_W03_C6_s7_d04.csv
S3,2,W03_C6,7,5,3502191853,EVAE|S3|geobg|2|W03_C6|7|5,"single_noguide, single_guide, dual_noguide, EVAE",f2_W03_C6_s7_d05.csv
S3,2,W03_C6,7,6,1236690263,EVAE|S3|geobg|2|W03_C6|7|6,"single_noguide, single_guide, dual_noguide, EVAE",f2_W03_C6_s7_d06.csv
S3,2,W03_C6,7,7,1051809217,EVAE|S3|geobg|2|W03_C6|7|7,"single_noguide, single_guide, dual_noguide, EVAE",f2_W03_C6_s7_d07.csv
S3,2,W04_C5,1337,0,3034403745,EVAE|S3|geobg|2|W04_C5|1337|0,"single_noguide, single_guide, dual_noguide, EVAE",f2_W04_C5_s1337_d00.csv
S3,2,W04_C5,1337,1,3285869367,EVAE|S3|geobg|2|W04_C5|1337|1,"single_noguide, single_guide, dual_noguide, EVAE",f2_W04_C5_s1337_d01.csv
S3,2,W04_C5,1337,2,1523790477,EVAE|S3|geobg|2|W04_C5|1337|2,"single_noguide, single_guide, dual_noguide, EVAE",f2_W04_C5_s1337_d02.csv
S3,2,W04_C5,1337,3,768868891,EVAE|S3|geobg|2|W04_C5|1337|3,"single_noguide, single_guide, dual_noguide, EVAE",f2_W04_C5_s1337_d03.csv
S3,2,W04_C5,1337,4,3014694840,EVAE|S3|geobg|2|W04_C5|1337|4,"single_noguide, single_guide, dual_noguide, EVAE",f2_W04_C5_s1337_d04.csv
S3,2,W04_C5,1337,5,3300370222,EVAE|S3|geobg|2|W04_C5|1337|5,"single_noguide, single_guide, dual_noguide, EVAE",f2_W04_C5_s1337_d05.csv
S3,2,W04_C5,1337,6,1572796052,EVAE|S3|geobg|2|W04_C5|1337|6,"single_noguide, single_guide, dual_noguide, EVAE",f2_W04_C5_s1337_d06.csv
S3,2,W04_C5,1337,7,716817922,EVAE|S3|geobg|2|W04_C5|1337|7,"single_noguide, single_guide, dual_noguide, EVAE",f2_W04_C5_s1337_d07.csv
S3,2,W04_C5,20260903,0,4232805606,EVAE|S3|geobg|2|W04_C5|20260903|0,"single_noguide, single_guide, dual_noguide, EVAE",f2_W04_C5_s20260903_d00.csv
S3,2,W04_C5,20260903,1,2337033328,EVAE|S3|geobg|2|W04_C5|20260903|1,"single_noguide, single_guide, dual_noguide, EVAE",f2_W04_C5_s20260903_d01.csv
S3,2,W04_C5,20260903,2,306519498,EVAE|S3|geobg|2|W04_C5|20260903|2,"single_noguide, single_guide, dual_noguide, EVAE",f2_W04_C5_s20260903_d02.csv
S3,2,W04_C5,20260903,3,1698835804,EVAE|S3|geobg|2|W04_C5|20260903|3,"single_noguide, single_guide, dual_noguide, EVAE",f2_W04_C5_s20260903_d03.csv
S3,2,W04_C5,20260903,4,4213618943,EVAE|S3|geobg|2|W04_C5|20260903|4,"single_noguide, single_guide, dual_noguide, EVAE",f2_W04_C5_s20260903_d04.csv
S3,2,W04_C5,20260903,5,2351007849,EVAE|S3|geobg|2|W04_C5|20260903|5,"single_noguide, single_guide, dual_noguide, EVAE",f2_W04_C5_s20260903_d05.csv
S3,2,W04_C5,20260903,6,354998739,EVAE|S3|geobg|2|W04_C5|20260903|6,"single_noguide, single_guide, dual_noguide, EVAE",f2_W04_C5_s20260903_d06.csv
S3,2,W04_C5,20260903,7,1647307077,EVAE|S3|geobg|2|W04_C5|20260903|7,"single_noguide, single_guide, dual_noguide, EVAE",f2_W04_C5_s20260903_d07.csv
S3,2,W04_C5,7,0,3987780523,EVAE|S3|geobg|2|W04_C5|7|0,"single_noguide, single_guide, dual_noguide, EVAE",f2_W04_C5_s7_d00.csv
S3,2,W04_C5,7,1,2595717949,EVAE|S3|geobg|2|W04_C5|7|1,"single_noguide, single_guide, dual_noguide, EVAE",f2_W04_C5_s7_d01.csv
S3,2,W04_C5,7,2,62837383,EVAE|S3|geobg|2|W04_C5|7|2,"single_noguide, single_guide, dual_noguide, EVAE",f2_W04_C5_s7_d02.csv
S3,2,W04_C5,7,3,1958339089,EVAE|S3|geobg|2|W04_C5|7|3,"single_noguide, single_guide, dual_noguide, EVAE",f2_W04_C5_s7_d03.csv
S3,2,W04_C5,7,4,3940382642,EVAE|S3|geobg|2|W04_C5|7|4,"single_noguide, single_guide, dual_noguide, EVAE",f2_W04_C5_s7_d04.csv
S3,2,W04_C5,7,5,2648327972,EVAE|S3|geobg|2|W04_C5|7|5,"single_noguide, single_guide, dual_noguide, EVAE",f2_W04_C5_s7_d05.csv
S3,2,W04_C5,7,6,80942750,EVAE|S3|geobg|2|W04_C5|7|6,"single_noguide, single_guide, dual_noguide, EVAE",f2_W04_C5_s7_d06.csv
S3,2,W04_C5,7,7,1943283208,EVAE|S3|geobg|2|W04_C5|7|7,"single_noguide, single_guide, dual_noguide, EVAE",f2_W04_C5_s7_d07.csv
S3,2,W04_C6,1337,0,978474050,EVAE|S3|geobg|2|W04_C6|1337|0,"single_noguide, single_guide, dual_noguide, EVAE",f2_W04_C6_s1337_d00.csv
S3,2,W04_C6,1337,1,1297442004,EVAE|S3|geobg|2|W04_C6|1337|1,"single_noguide, single_guide, dual_noguide, EVAE",f2_W04_C6_s1337_d01.csv
S3,2,W04_C6,1337,2,3562812782,EVAE|S3|geobg|2|W04_C6|1337|2,"single_noguide, single_guide, dual_noguide, EVAE",f2_W04_C6_s1337_d02.csv
S3,2,W04_C6,1337,3,2740651512,EVAE|S3|geobg|2|W04_C6|1337|3,"single_noguide, single_guide, dual_noguide, EVAE",f2_W04_C6_s1337_d03.csv
S3,2,W04_C6,1337,4,1027575899,EVAE|S3|geobg|2|W04_C6|1337|4,"single_noguide, single_guide, dual_noguide, EVAE",f2_W04_C6_s1337_d04.csv
S3,2,W04_C6,1337,5,1245225165,EVAE|S3|geobg|2|W04_C6|1337|5,"single_noguide, single_guide, dual_noguide, EVAE",f2_W04_C6_s1337_d05.csv
S3,2,W04_C6,1337,6,3543265655,EVAE|S3|geobg|2|W04_C6|1337|6,"single_noguide, single_guide, dual_noguide, EVAE",f2_W04_C6_s1337_d06.csv
S3,2,W04_C6,1337,7,2755052001,EVAE|S3|geobg|2|W04_C6|1337|7,"single_noguide, single_guide, dual_noguide, EVAE",f2_W04_C6_s1337_d07.csv
S3,2,W04_C6,20260903,0,2346036758,EVAE|S3|geobg|2|W04_C6|20260903|0,"single_noguide, single_guide, dual_noguide, EVAE",f2_W04_C6_s20260903_d00.csv
S3,2,W04_C6,20260903,1,4241661568,EVAE|S3|geobg|2|W04_C6|20260903|1,"single_noguide, single_guide, dual_noguide, EVAE",f2_W04_C6_s20260903_d01.csv
S3,2,W04_C6,20260903,2,1708904250,EVAE|S3|geobg|2|W04_C6|20260903|2,"single_noguide, single_guide, dual_noguide, EVAE",f2_W04_C6_s20260903_d02.csv
S3,2,W04_C6,20260903,3,316473260,EVAE|S3|geobg|2|W04_C6|20260903|3,"single_noguide, single_guide, dual_noguide, EVAE",f2_W04_C6_s20260903_d03.csv
S3,2,W04_C6,20260903,4,2360896015,EVAE|S3|geobg|2|W04_C6|20260903|4,"single_noguide, single_guide, dual_noguide, EVAE",f2_W04_C6_s20260903_d04.csv
S3,2,W04_C6,20260903,5,4223621785,EVAE|S3|geobg|2|W04_C6|20260903|5,"single_noguide, single_guide, dual_noguide, EVAE",f2_W04_C6_s20260903_d05.csv
S3,2,W04_C6,20260903,6,1656097571,EVAE|S3|geobg|2|W04_C6|20260903|6,"single_noguide, single_guide, dual_noguide, EVAE",f2_W04_C6_s20260903_d06.csv
S3,2,W04_C6,20260903,7,363936693,EVAE|S3|geobg|2|W04_C6|20260903|7,"single_noguide, single_guide, dual_noguide, EVAE",f2_W04_C6_s20260903_d07.csv
S3,2,W04_C6,7,0,2853226875,EVAE|S3|geobg|2|W04_C6|7|0,"single_noguide, single_guide, dual_noguide, EVAE",f2_W04_C6_s7_d00.csv
S3,2,W04_C6,7,1,3709336045,EVAE|S3|geobg|2|W04_C6|7|1,"single_noguide, single_guide, dual_noguide, EVAE",f2_W04_C6_s7_d01.csv
S3,2,W04_C6,7,2,1142859863,EVAE|S3|geobg|2|W04_C6|7|2,"single_noguide, single_guide, dual_noguide, EVAE",f2_W04_C6_s7_d02.csv
S3,2,W04_C6,7,3,857315521,EVAE|S3|geobg|2|W04_C6|7|3,"single_noguide, single_guide, dual_noguide, EVAE",f2_W04_C6_s7_d03.csv
S3,2,W04_C6,7,4,2910653794,EVAE|S3|geobg|2|W04_C6|7|4,"single_noguide, single_guide, dual_noguide, EVAE",f2_W04_C6_s7_d04.csv
S3,2,W04_C6,7,5,3665444340,EVAE|S3|geobg|2|W04_C6|7|5,"single_noguide, single_guide, dual_noguide, EVAE",f2_W04_C6_s7_d05.csv
S3,2,W04_C6,7,6,1131637838,EVAE|S3|geobg|2|W04_C6|7|6,"single_noguide, single_guide, dual_noguide, EVAE",f2_W04_C6_s7_d06.csv
S3,2,W04_C6,7,7,880041176,EVAE|S3|geobg|2|W04_C6|7|7,"single_noguide, single_guide, dual_noguide, EVAE",f2_W04_C6_s7_d07.csv
S3,2,W05_C5,1337,0,1968409697,EVAE|S3|geobg|2|W05_C5|1337|0,"single_noguide, single_guide, dual_noguide, EVAE",f2_W05_C5_s1337_d00.csv
S3,2,W05_C5,1337,1,39107831,EVAE|S3|geobg|2|W05_C5|1337|1,"single_noguide, single_guide, dual_noguide, EVAE",f2_W05_C5_s1337_d01.csv
S3,2,W05_C5,1337,2,2606624077,EVAE|S3|geobg|2|W05_C5|1337|2,"single_noguide, single_guide, dual_noguide, EVAE",f2_W05_C5_s1337_d02.csv
S3,2,W05_C5,1337,3,3965378011,EVAE|S3|geobg|2|W05_C5|1337|3,"single_noguide, single_guide, dual_noguide, EVAE",f2_W05_C5_s1337_d03.csv
S3,2,W05_C5,1337,4,1916684408,EVAE|S3|geobg|2|W05_C5|1337|4,"single_noguide, single_guide, dual_noguide, EVAE",f2_W05_C5_s1337_d04.csv
S3,2,W05_C5,1337,5,87652590,EVAE|S3|geobg|2|W05_C5|1337|5,"single_noguide, single_guide, dual_noguide, EVAE",f2_W05_C5_s1337_d05.csv
S3,2,W05_C5,1337,6,2620402004,EVAE|S3|geobg|2|W05_C5|1337|6,"single_noguide, single_guide, dual_noguide, EVAE",f2_W05_C5_s1337_d06.csv
S3,2,W05_C5,1337,7,3946256834,EVAE|S3|geobg|2|W05_C5|1337|7,"single_noguide, single_guide, dual_noguide, EVAE",f2_W05_C5_s1337_d07.csv
S3,2,W05_C5,20260903,0,1169205006,EVAE|S3|geobg|2|W05_C5|20260903|0,"single_noguide, single_guide, dual_noguide, EVAE",f2_W05_C5_s20260903_d00.csv
S3,2,W05_C5,20260903,1,850892696,EVAE|S3|geobg|2|W05_C5|20260903|1,"single_noguide, single_guide, dual_noguide, EVAE",f2_W05_C5_s20260903_d01.csv
S3,2,W05_C5,20260903,2,2881406498,EVAE|S3|geobg|2|W05_C5|20260903|2,"single_noguide, single_guide, dual_noguide, EVAE",f2_W05_C5_s20260903_d02.csv
S3,2,W05_C5,20260903,3,3703174836,EVAE|S3|geobg|2|W05_C5|20260903|3,"single_noguide, single_guide, dual_noguide, EVAE",f2_W05_C5_s20260903_d03.csv
S3,2,W05_C5,20260903,4,1121805079,EVAE|S3|geobg|2|W05_C5|20260903|4,"single_noguide, single_guide, dual_noguide, EVAE",f2_W05_C5_s20260903_d04.csv
S3,2,W05_C5,20260903,5,903500673,EVAE|S3|geobg|2|W05_C5|20260903|5,"single_noguide, single_guide, dual_noguide, EVAE",f2_W05_C5_s20260903_d05.csv
S3,2,W05_C5,20260903,6,2899509819,EVAE|S3|geobg|2|W05_C5|20260903|6,"single_noguide, single_guide, dual_noguide, EVAE",f2_W05_C5_s20260903_d06.csv
S3,2,W05_C5,20260903,7,3688116909,EVAE|S3|geobg|2|W05_C5|20260903|7,"single_noguide, single_guide, dual_noguide, EVAE",f2_W05_C5_s20260903_d07.csv
S3,2,W05_C5,7,0,555397941,EVAE|S3|geobg|2|W05_C5|7|0,"single_noguide, single_guide, dual_noguide, EVAE",f2_W05_C5_s7_d00.csv
S3,2,W05_C5,7,1,1444774819,EVAE|S3|geobg|2|W05_C5|7|1,"single_noguide, single_guide, dual_noguide, EVAE",f2_W05_C5_s7_d01.csv
S3,2,W05_C5,7,2,3474248217,EVAE|S3|geobg|2|W05_C5|7|2,"single_noguide, single_guide, dual_noguide, EVAE",f2_W05_C5_s7_d02.csv
S3,2,W05_C5,7,3,3088310927,EVAE|S3|geobg|2|W05_C5|7|3,"single_noguide, single_guide, dual_noguide, EVAE",f2_W05_C5_s7_d03.csv
S3,2,W05_C5,7,4,645363500,EVAE|S3|geobg|2|W05_C5|7|4,"single_noguide, single_guide, dual_noguide, EVAE",f2_W05_C5_s7_d04.csv
S3,2,W05_C5,7,5,1366312890,EVAE|S3|geobg|2|W05_C5|7|5,"single_noguide, single_guide, dual_noguide, EVAE",f2_W05_C5_s7_d05.csv
S3,2,W05_C5,7,6,3363378688,EVAE|S3|geobg|2|W05_C5|7|6,"single_noguide, single_guide, dual_noguide, EVAE",f2_W05_C5_s7_d06.csv
S3,2,W05_C5,7,7,3212715670,EVAE|S3|geobg|2|W05_C5|7|7,"single_noguide, single_guide, dual_noguide, EVAE",f2_W05_C5_s7_d07.csv
S3,2,W05_C6,1337,0,4225534850,EVAE|S3|geobg|2|W05_C6|1337|0,"single_noguide, single_guide, dual_noguide, EVAE",f2_W05_C6_s1337_d00.csv
S3,2,W05_C6,1337,1,2363210516,EVAE|S3|geobg|2|W05_C6|1337|1,"single_noguide, single_guide, dual_noguide, EVAE",f2_W05_C6_s1337_d01.csv
S3,2,W05_C6,1337,2,366144174,EVAE|S3|geobg|2|W05_C6|1337|2,"single_noguide, single_guide, dual_noguide, EVAE",f2_W05_C6_s1337_d02.csv
S3,2,W05_C6,1337,3,1658182200,EVAE|S3|geobg|2|W05_C6|1337|3,"single_noguide, single_guide, dual_noguide, EVAE",f2_W05_C6_s1337_d03.csv
S3,2,W05_C6,1337,4,4239478683,EVAE|S3|geobg|2|W05_C6|1337|4,"single_noguide, single_guide, dual_noguide, EVAE",f2_W05_C6_s1337_d04.csv
S3,2,W05_C6,1337,5,2343993101,EVAE|S3|geobg|2|W05_C6|1337|5,"single_noguide, single_guide, dual_noguide, EVAE",f2_W05_C6_s1337_d05.csv
S3,2,W05_C6,1337,6,314519223,EVAE|S3|geobg|2|W05_C6|1337|6,"single_noguide, single_guide, dual_noguide, EVAE",f2_W05_C6_s1337_d06.csv
S3,2,W05_C6,1337,7,1706565153,EVAE|S3|geobg|2|W05_C6|1337|7,"single_noguide, single_guide, dual_noguide, EVAE",f2_W05_C6_s1337_d07.csv
S3,2,W05_C6,20260903,0,841905662,EVAE|S3|geobg|2|W05_C6|20260903|0,"single_noguide, single_guide, dual_noguide, EVAE",f2_W05_C6_s20260903_d00.csv
S3,2,W05_C6,20260903,1,1160332648,EVAE|S3|geobg|2|W05_C6|20260903|1,"single_noguide, single_guide, dual_noguide, EVAE",f2_W05_C6_s20260903_d01.csv
S3,2,W05_C6,20260903,2,3693090002,EVAE|S3|geobg|2|W05_C6|20260903|2,"single_noguide, single_guide, dual_noguide, EVAE",f2_W05_C6_s20260903_d02.csv
S3,2,W05_C6,20260903,3,2871469124,EVAE|S3|geobg|2|W05_C6|20260903|3,"single_noguide, single_guide, dual_noguide, EVAE",f2_W05_C6_s20260903_d03.csv
S3,2,W05_C6,20260903,4,893628903,EVAE|S3|geobg|2|W05_C6|20260903|4,"single_noguide, single_guide, dual_noguide, EVAE",f2_W05_C6_s20260903_d04.csv
S3,2,W05_C6,20260903,5,1111785841,EVAE|S3|geobg|2|W05_C6|20260903|5,"single_noguide, single_guide, dual_noguide, EVAE",f2_W05_C6_s20260903_d05.csv
S3,2,W05_C6,20260903,6,3679310027,EVAE|S3|geobg|2|W05_C6|20260903|6,"single_noguide, single_guide, dual_noguide, EVAE",f2_W05_C6_s20260903_d06.csv
S3,2,W05_C6,20260903,7,2890588253,EVAE|S3|geobg|2|W05_C6|20260903|7,"single_noguide, single_guide, dual_noguide, EVAE",f2_W05_C6_s20260903_d07.csv
S3,2,W05_C6,7,0,1723517413,EVAE|S3|geobg|2|W05_C6|7|0,"single_noguide, single_guide, dual_noguide, EVAE",f2_W05_C6_s7_d00.csv
S3,2,W05_C6,7,1,297662835,EVAE|S3|geobg|2|W05_C6|7|1,"single_noguide, single_guide, dual_noguide, EVAE",f2_W05_C6_s7_d01.csv
S3,2,W05_C6,7,2,2293541065,EVAE|S3|geobg|2|W05_C6|7|2,"single_noguide, single_guide, dual_noguide, EVAE",f2_W05_C6_s7_d02.csv
S3,2,W05_C6,7,3,4289960031,EVAE|S3|geobg|2|W05_C6|7|3,"single_noguide, single_guide, dual_noguide, EVAE",f2_W05_C6_s7_d03.csv
S3,2,W05_C6,7,4,1641483772,EVAE|S3|geobg|2|W05_C6|7|4,"single_noguide, single_guide, dual_noguide, EVAE",f2_W05_C6_s7_d04.csv
S3,2,W05_C6,7,5,382745962,EVAE|S3|geobg|2|W05_C6|7|5,"single_noguide, single_guide, dual_noguide, EVAE",f2_W05_C6_s7_d05.csv
S3,2,W05_C6,7,6,2413391056,EVAE|S3|geobg|2|W05_C6|7|6,"single_noguide, single_guide, dual_noguide, EVAE",f2_W05_C6_s7_d06.csv
S3,2,W05_C6,7,7,4175322182,EVAE|S3|geobg|2|W05_C6|7|7,"single_noguide, single_guide, dual_noguide, EVAE",f2_W05_C6_s7_d07.csv
S3,2,W06_C5,1337,0,3971082848,EVAE|S3|geobg|2|W06_C5|1337|0,"single_noguide, single_guide, dual_noguide, EVAE",f2_W06_C5_s1337_d00.csv
S3,2,W06_C5,1337,1,2612452086,EVAE|S3|geobg|2|W06_C5|1337|1,"single_noguide, single_guide, dual_noguide, EVAE",f2_W06_C5_s1337_d01.csv
S3,2,W06_C5,1337,2,46107468,EVAE|S3|geobg|2|W06_C5|1337|2,"single_noguide, single_guide, dual_noguide, EVAE",f2_W06_C5_s1337_d02.csv
S3,2,W06_C5,1337,3,1975040986,EVAE|S3|geobg|2|W06_C5|1337|3,"single_noguide, single_guide, dual_noguide, EVAE",f2_W06_C5_s1337_d03.csv
S3,2,W06_C5,1337,4,3957075577,EVAE|S3|geobg|2|W06_C5|1337|4,"single_noguide, single_guide, dual_noguide, EVAE",f2_W06_C5_s1337_d04.csv
S3,2,W06_C5,1337,5,2631605999,EVAE|S3|geobg|2|W06_C5|1337|5,"single_noguide, single_guide, dual_noguide, EVAE",f2_W06_C5_s1337_d05.csv
S3,2,W06_C5,1337,6,97668949,EVAE|S3|geobg|2|W06_C5|1337|6,"single_noguide, single_guide, dual_noguide, EVAE",f2_W06_C5_s1337_d06.csv
S3,2,W06_C5,1337,7,1926594499,EVAE|S3|geobg|2|W06_C5|1337|7,"single_noguide, single_guide, dual_noguide, EVAE",f2_W06_C5_s1337_d07.csv
S3,2,W06_C5,20260903,0,1422773623,EVAE|S3|geobg|2|W06_C5|20260903|0,"single_noguide, single_guide, dual_noguide, EVAE",f2_W06_C5_s20260903_d00.csv
S3,2,W06_C5,20260903,1,600505825,EVAE|S3|geobg|2|W06_C5|20260903|1,"single_noguide, single_guide, dual_noguide, EVAE",f2_W06_C5_s20260903_d01.csv
S3,2,W06_C5,20260903,2,3133385819,EVAE|S3|geobg|2|W06_C5|20260903|2,"single_noguide, single_guide, dual_noguide, EVAE",f2_W06_C5_s20260903_d02.csv
S3,2,W06_C5,20260903,3,3452214477,EVAE|S3|geobg|2|W06_C5|20260903|3,"single_noguide, single_guide, dual_noguide, EVAE",f2_W06_C5_s20260903_d03.csv
S3,2,W06_C5,20260903,4,1402997102,EVAE|S3|geobg|2|W06_C5|20260903|4,"single_noguide, single_guide, dual_noguide, EVAE",f2_W06_C5_s20260903_d04.csv
S3,2,W06_C5,20260903,5,614939128,EVAE|S3|geobg|2|W06_C5|20260903|5,"single_noguide, single_guide, dual_noguide, EVAE",f2_W06_C5_s20260903_d05.csv
S3,2,W06_C5,20260903,6,3182323778,EVAE|S3|geobg|2|W06_C5|20260903|6,"single_noguide, single_guide, dual_noguide, EVAE",f2_W06_C5_s20260903_d06.csv
S3,2,W06_C5,20260903,7,3400095956,EVAE|S3|geobg|2|W06_C5|20260903|7,"single_noguide, single_guide, dual_noguide, EVAE",f2_W06_C5_s20260903_d07.csv
S3,2,W06_C5,7,0,2945823958,EVAE|S3|geobg|2|W06_C5|7|0,"single_noguide, single_guide, dual_noguide, EVAE",f2_W06_C5_s7_d00.csv
S3,2,W06_C5,7,1,3633480768,EVAE|S3|geobg|2|W06_C5|7|1,"single_noguide, single_guide, dual_noguide, EVAE",f2_W06_C5_s7_d01.csv
S3,2,W06_C5,7,2,1100731898,EVAE|S3|geobg|2|W06_C5|7|2,"single_noguide, single_guide, dual_noguide, EVAE",f2_W06_C5_s7_d02.csv
S3,2,W06_C5,7,3,916252012,EVAE|S3|geobg|2|W06_C5|7|3,"single_noguide, single_guide, dual_noguide, EVAE",f2_W06_C5_s7_d03.csv
S3,2,W06_C5,7,4,2834854095,EVAE|S3|geobg|2|W06_C5|7|4,"single_noguide, single_guide, dual_noguide, EVAE",f2_W06_C5_s7_d04.csv
S3,2,W06_C5,7,5,3758047321,EVAE|S3|geobg|2|W06_C5|7|5,"single_noguide, single_guide, dual_noguide, EVAE",f2_W06_C5_s7_d05.csv
S3,2,W06_C5,7,6,1190531555,EVAE|S3|geobg|2|W06_C5|7|6,"single_noguide, single_guide, dual_noguide, EVAE",f2_W06_C5_s7_d06.csv
S3,2,W06_C5,7,7,837886325,EVAE|S3|geobg|2|W06_C5|7|7,"single_noguide, single_guide, dual_noguide, EVAE",f2_W06_C5_s7_d07.csv
S3,2,W06_C6,1337,0,1648291203,EVAE|S3|geobg|2|W06_C6|1337|0,"single_noguide, single_guide, dual_noguide, EVAE",f2_W06_C6_s1337_d00.csv
S3,2,W06_C6,1337,1,356113685,EVAE|S3|geobg|2|W06_C6|1337|1,"single_noguide, single_guide, dual_noguide, EVAE",f2_W06_C6_s1337_d01.csv
S3,2,W06_C6,1337,2,2351991983,EVAE|S3|geobg|2|W06_C6|1337|2,"single_noguide, single_guide, dual_noguide, EVAE",f2_W06_C6_s1337_d02.csv
S3,2,W06_C6,1337,3,4214733881,EVAE|S3|geobg|2|W06_C6|1337|3,"single_noguide, single_guide, dual_noguide, EVAE",f2_W06_C6_s1337_d03.csv
S3,2,W06_C6,1337,4,1699948954,EVAE|S3|geobg|2|W06_C6|1337|4,"single_noguide, single_guide, dual_noguide, EVAE",f2_W06_C6_s1337_d04.csv
S3,2,W06_C6,1337,5,307501324,EVAE|S3|geobg|2|W06_C6|1337|5,"single_noguide, single_guide, dual_noguide, EVAE",f2_W06_C6_s1337_d05.csv
S3,2,W06_C6,1337,6,2338146486,EVAE|S3|geobg|2|W06_C6|1337|6,"single_noguide, single_guide, dual_noguide, EVAE",f2_W06_C6_s1337_d06.csv
S3,2,W06_C6,1337,7,4233787424,EVAE|S3|geobg|2|W06_C6|1337|7,"single_noguide, single_guide, dual_noguide, EVAE",f2_W06_C6_s1337_d07.csv
S3,2,W06_C6,20260903,0,592650119,EVAE|S3|geobg|2|W06_C6|20260903|0,"single_noguide, single_guide, dual_noguide, EVAE",f2_W06_C6_s20260903_d00.csv
S3,2,W06_C6,20260903,1,1414803217,EVAE|S3|geobg|2|W06_C6|20260903|1,"single_noguide, single_guide, dual_noguide, EVAE",f2_W06_C6_s20260903_d01.csv
S3,2,W06_C6,20260903,2,3445456555,EVAE|S3|geobg|2|W06_C6|20260903|2,"single_noguide, single_guide, dual_noguide, EVAE",f2_W06_C6_s20260903_d02.csv
S3,2,W06_C6,20260903,3,3126480445,EVAE|S3|geobg|2|W06_C6|20260903|3,"single_noguide, single_guide, dual_noguide, EVAE",f2_W06_C6_s20260903_d03.csv
S3,2,W06_C6,20260903,4,608099230,EVAE|S3|geobg|2|W06_C6|20260903|4,"single_noguide, single_guide, dual_noguide, EVAE",f2_W06_C6_s20260903_d04.csv
S3,2,W06_C6,20260903,5,1396304648,EVAE|S3|geobg|2|W06_C6|20260903|5,"single_noguide, single_guide, dual_noguide, EVAE",f2_W06_C6_s20260903_d05.csv
S3,2,W06_C6,20260903,6,3392191154,EVAE|S3|geobg|2|W06_C6|20260903|6,"single_noguide, single_guide, dual_noguide, EVAE",f2_W06_C6_s20260903_d06.csv
S3,2,W06_C6,20260903,7,3174533668,EVAE|S3|geobg|2|W06_C6|20260903|7,"single_noguide, single_guide, dual_noguide, EVAE",f2_W06_C6_s20260903_d07.csv
S3,2,W06_C6,7,0,3895840262,EVAE|S3|geobg|2|W06_C6|7|0,"single_noguide, single_guide, dual_noguide, EVAE",f2_W06_C6_s7_d00.csv
S3,2,W06_C6,7,1,2670919312,EVAE|S3|geobg|2|W06_C6|7|1,"single_noguide, single_guide, dual_noguide, EVAE",f2_W06_C6_s7_d01.csv
S3,2,W06_C6,7,2,104574762,EVAE|S3|geobg|2|W06_C6|7|2,"single_noguide, single_guide, dual_noguide, EVAE",f2_W06_C6_s7_d02.csv
S3,2,W06_C6,7,3,1899798460,EVAE|S3|geobg|2|W06_C6|7|3,"single_noguide, single_guide, dual_noguide, EVAE",f2_W06_C6_s7_d03.csv
S3,2,W06_C6,7,4,4015524383,EVAE|S3|geobg|2|W06_C6|7|4,"single_noguide, single_guide, dual_noguide, EVAE",f2_W06_C6_s7_d04.csv
S3,2,W06_C6,7,5,2556377737,EVAE|S3|geobg|2|W06_C6|7|5,"single_noguide, single_guide, dual_noguide, EVAE",f2_W06_C6_s7_d05.csv
S3,2,W06_C6,7,6,22440755,EVAE|S3|geobg|2|W06_C6|7|6,"single_noguide, single_guide, dual_noguide, EVAE",f2_W06_C6_s7_d06.csv
S3,2,W06_C6,7,7,1985043365,EVAE|S3|geobg|2|W06_C6|7|7,"single_noguide, single_guide, dual_noguide, EVAE",f2_W06_C6_s7_d07.csv
S3,3,W00_C7,1337,0,4292541622,EVAE|S3|geobg|3|W00_C7|1337|0,"single_noguide, single_guide, dual_noguide, EVAE",f3_W00_C7_s1337_d00.csv
S3,3,W00_C7,1337,1,2296237088,EVAE|S3|geobg|3|W00_C7|1337|1,"single_noguide, single_guide, dual_noguide, EVAE",f3_W00_C7_s1337_d01.csv
S3,3,W00_C7,1337,2,299146650,EVAE|S3|geobg|3|W00_C7|1337|2,"single_noguide, single_guide, dual_noguide, EVAE",f3_W00_C7_s1337_d02.csv
S3,3,W00_C7,1337,3,1725148428,EVAE|S3|geobg|3|W00_C7|1337|3,"single_noguide, single_guide, dual_noguide, EVAE",f3_W00_C7_s1337_d03.csv
S3,3,W00_C7,1337,4,4172757167,EVAE|S3|geobg|3|W00_C7|1337|4,"single_noguide, single_guide, dual_noguide, EVAE",f3_W00_C7_s1337_d04.csv
S3,3,W00_C7,1337,5,2410678329,EVAE|S3|geobg|3|W00_C7|1337|5,"single_noguide, single_guide, dual_noguide, EVAE",f3_W00_C7_s1337_d05.csv
S3,3,W00_C7,1337,6,381245827,EVAE|S3|geobg|3|W00_C7|1337|6,"single_noguide, single_guide, dual_noguide, EVAE",f3_W00_C7_s1337_d06.csv
S3,3,W00_C7,1337,7,1639868693,EVAE|S3|geobg|3|W00_C7|1337|7,"single_noguide, single_guide, dual_noguide, EVAE",f3_W00_C7_s1337_d07.csv
S3,3,W00_C7,20260903,0,1307445058,EVAE|S3|geobg|3|W00_C7|20260903|0,"single_noguide, single_guide, dual_noguide, EVAE",f3_W00_C7_s20260903_d00.csv
S3,3,W00_C7,20260903,1,988362708,EVAE|S3|geobg|3|W00_C7|20260903|1,"single_noguide, single_guide, dual_noguide, EVAE",f3_W00_C7_s20260903_d01.csv
S3,3,W00_C7,20260903,2,2749392494,EVAE|S3|geobg|3|W00_C7|20260903|2,"single_noguide, single_guide, dual_noguide, EVAE",f3_W00_C7_s20260903_d02.csv
S3,3,W00_C7,20260903,3,3571930872,EVAE|S3|geobg|3|W00_C7|20260903|3,"single_noguide, single_guide, dual_noguide, EVAE",f3_W00_C7_s20260903_d03.csv
S3,3,W00_C7,20260903,4,1250149211,EVAE|S3|geobg|3|W00_C7|20260903|4,"single_noguide, single_guide, dual_noguide, EVAE",f3_W00_C7_s20260903_d04.csv
S3,3,W00_C7,20260903,5,1032123341,EVAE|S3|geobg|3|W00_C7|20260903|5,"single_noguide, single_guide, dual_noguide, EVAE",f3_W00_C7_s20260903_d05.csv
S3,3,W00_C7,20260903,6,2760745591,EVAE|S3|geobg|3|W00_C7|20260903|6,"single_noguide, single_guide, dual_noguide, EVAE",f3_W00_C7_s20260903_d06.csv
S3,3,W00_C7,20260903,7,3549074145,EVAE|S3|geobg|3|W00_C7|20260903|7,"single_noguide, single_guide, dual_noguide, EVAE",f3_W00_C7_s20260903_d07.csv
S3,3,W00_C7,7,0,2292163166,EVAE|S3|geobg|3|W00_C7|7|0,"single_noguide, single_guide, dual_noguide, EVAE",f3_W00_C7_s7_d00.csv
S3,3,W00_C7,7,1,4288189128,EVAE|S3|geobg|3|W00_C7|7|1,"single_noguide, single_guide, dual_noguide, EVAE",f3_W00_C7_s7_d01.csv
S3,3,W00_C7,7,2,1720828786,EVAE|S3|geobg|3|W00_C7|7|2,"single_noguide, single_guide, dual_noguide, EVAE",f3_W00_C7_s7_d02.csv
S3,3,W00_C7,7,3,295105508,EVAE|S3|geobg|3|W00_C7|7|3,"single_noguide, single_guide, dual_noguide, EVAE",f3_W00_C7_s7_d03.csv
S3,3,W00_C7,7,4,2415027783,EVAE|S3|geobg|3|W00_C7|7|4,"single_noguide, single_guide, dual_noguide, EVAE",f3_W00_C7_s7_d04.csv
S3,3,W00_C7,7,5,4176828113,EVAE|S3|geobg|3|W00_C7|7|5,"single_noguide, single_guide, dual_noguide, EVAE",f3_W00_C7_s7_d05.csv
S3,3,W00_C7,7,6,1643906923,EVAE|S3|geobg|3|W00_C7|7|6,"single_noguide, single_guide, dual_noguide, EVAE",f3_W00_C7_s7_d06.csv
S3,3,W00_C7,7,7,385562621,EVAE|S3|geobg|3|W00_C7|7|7,"single_noguide, single_guide, dual_noguide, EVAE",f3_W00_C7_s7_d07.csv
S3,3,W00_C8,1337,0,653979162,EVAE|S3|geobg|3|W00_C8|1337|0,"single_noguide, single_guide, dual_noguide, EVAE",f3_W00_C8_s1337_d00.csv
S3,3,W00_C8,1337,1,1375592076,EVAE|S3|geobg|3|W00_C8|1337|1,"single_noguide, single_guide, dual_noguide, EVAE",f3_W00_C8_s1337_d01.csv
S3,3,W00_C8,1337,2,3371470646,EVAE|S3|geobg|3|W00_C8|1337|2,"single_noguide, single_guide, dual_noguide, EVAE",f3_W00_C8_s1337_d02.csv
S3,3,W00_C8,1337,3,3220422560,EVAE|S3|geobg|3|W00_C8|1337|3,"single_noguide, single_guide, dual_noguide, EVAE",f3_W00_C8_s1337_d03.csv
S3,3,W00_C8,1337,4,563554819,EVAE|S3|geobg|3|W00_C8|1337|4,"single_noguide, single_guide, dual_noguide, EVAE",f3_W00_C8_s1337_d04.csv
S3,3,W00_C8,1337,5,1452284565,EVAE|S3|geobg|3|W00_C8|1337|5,"single_noguide, single_guide, dual_noguide, EVAE",f3_W00_C8_s1337_d05.csv
S3,3,W00_C8,1337,6,3482929967,EVAE|S3|geobg|3|W00_C8|1337|6,"single_noguide, single_guide, dual_noguide, EVAE",f3_W00_C8_s1337_d06.csv
S3,3,W00_C8,1337,7,3097394105,EVAE|S3|geobg|3|W00_C8|1337|7,"single_noguide, single_guide, dual_noguide, EVAE",f3_W00_C8_s1337_d07.csv
S3,3,W00_C8,20260903,0,1064998963,EVAE|S3|geobg|3|W00_C8|20260903|0,"single_noguide, single_guide, dual_noguide, EVAE",f3_W00_C8_s20260903_d00.csv
S3,3,W00_C8,20260903,1,1216194725,EVAE|S3|geobg|3|W00_C8|20260903|1,"single_noguide, single_guide, dual_noguide, EVAE",f3_W00_C8_s20260903_d01.csv
S3,3,W00_C8,20260903,2,3514104095,EVAE|S3|geobg|3|W00_C8|20260903|2,"single_noguide, single_guide, dual_noguide, EVAE",f3_W00_C8_s20260903_d02.csv
S3,3,W00_C8,20260903,3,2792606089,EVAE|S3|geobg|3|W00_C8|20260903|3,"single_noguide, single_guide, dual_noguide, EVAE",f3_W00_C8_s20260903_d03.csv
S3,3,W00_C8,20260903,4,941055018,EVAE|S3|geobg|3|W00_C8|20260903|4,"single_noguide, single_guide, dual_noguide, EVAE",f3_W00_C8_s20260903_d04.csv
S3,3,W00_C8,20260903,5,1326476476,EVAE|S3|geobg|3|W00_C8|20260903|5,"single_noguide, single_guide, dual_noguide, EVAE",f3_W00_C8_s20260903_d05.csv
S3,3,W00_C8,20260903,6,3591978246,EVAE|S3|geobg|3|W00_C8|20260903|6,"single_noguide, single_guide, dual_noguide, EVAE",f3_W00_C8_s20260903_d06.csv
S3,3,W00_C8,20260903,7,2703101328,EVAE|S3|geobg|3|W00_C8|20260903|7,"single_noguide, single_guide, dual_noguide, EVAE",f3_W00_C8_s20260903_d07.csv
S3,3,W00_C8,7,0,181351823,EVAE|S3|geobg|3|W00_C8|7|0,"single_noguide, single_guide, dual_noguide, EVAE",f3_W00_C8_s7_d00.csv
S3,3,W00_C8,7,1,2110260505,EVAE|S3|geobg|3|W00_C8|7|1,"single_noguide, single_guide, dual_noguide, EVAE",f3_W00_C8_s7_d01.csv
S3,3,W00_C8,7,2,3837875363,EVAE|S3|geobg|3|W00_C8|7|2,"single_noguide, single_guide, dual_noguide, EVAE",f3_W00_C8_s7_d02.csv
S3,3,W00_C8,7,3,2479252533,EVAE|S3|geobg|3|W00_C8|7|3,"single_noguide, single_guide, dual_noguide, EVAE",f3_W00_C8_s7_d03.csv
S3,3,W00_C8,7,4,228782486,EVAE|S3|geobg|3|W00_C8|7|4,"single_noguide, single_guide, dual_noguide, EVAE",f3_W00_C8_s7_d04.csv
S3,3,W00_C8,7,5,2057683200,EVAE|S3|geobg|3|W00_C8|7|5,"single_noguide, single_guide, dual_noguide, EVAE",f3_W00_C8_s7_d05.csv
S3,3,W00_C8,7,6,3819737274,EVAE|S3|geobg|3|W00_C8|7|6,"single_noguide, single_guide, dual_noguide, EVAE",f3_W00_C8_s7_d06.csv
S3,3,W00_C8,7,7,2494275628,EVAE|S3|geobg|3|W00_C8|7|7,"single_noguide, single_guide, dual_noguide, EVAE",f3_W00_C8_s7_d07.csv
S3,3,W03_C7,1337,0,1714985655,EVAE|S3|geobg|3|W03_C7|1337|0,"single_noguide, single_guide, dual_noguide, EVAE",f3_W03_C7_s1337_d00.csv
S3,3,W03_C7,1337,1,289384993,EVAE|S3|geobg|3|W03_C7|1337|1,"single_noguide, single_guide, dual_noguide, EVAE",f3_W03_C7_s1337_d01.csv
S3,3,W03_C7,1337,2,2285304731,EVAE|S3|geobg|3|W03_C7|1337|2,"single_noguide, single_guide, dual_noguide, EVAE",f3_W03_C7_s1337_d02.csv
S3,3,W03_C7,1337,3,4281453325,EVAE|S3|geobg|3|W03_C7|1337|3,"single_noguide, single_guide, dual_noguide, EVAE",f3_W03_C7_s1337_d03.csv
S3,3,W03_C7,1337,4,1632984750,EVAE|S3|geobg|3|W03_C7|1337|4,"single_noguide, single_guide, dual_noguide, EVAE",f3_W03_C7_s1337_d04.csv
S3,3,W03_C7,1337,5,374500920,EVAE|S3|geobg|3|W03_C7|1337|5,"single_noguide, single_guide, dual_noguide, EVAE",f3_W03_C7_s1337_d05.csv
S3,3,W03_C7,1337,6,2405121922,EVAE|S3|geobg|3|W03_C7|1337|6,"single_noguide, single_guide, dual_noguide, EVAE",f3_W03_C7_s1337_d06.csv
S3,3,W03_C7,1337,7,4166782740,EVAE|S3|geobg|3|W03_C7|1337|7,"single_noguide, single_guide, dual_noguide, EVAE",f3_W03_C7_s1337_d07.csv
S3,3,W03_C7,20260903,0,1553165627,EVAE|S3|geobg|3|W03_C7|20260903|0,"single_noguide, single_guide, dual_noguide, EVAE",f3_W03_C7_s20260903_d00.csv
S3,3,W03_C7,20260903,1,731143597,EVAE|S3|geobg|3|W03_C7|20260903|1,"single_noguide, single_guide, dual_noguide, EVAE",f3_W03_C7_s20260903_d01.csv
S3,3,W03_C7,20260903,2,2996636695,EVAE|S3|geobg|3|W03_C7|20260903|2,"single_noguide, single_guide, dual_noguide, EVAE",f3_W03_C7_s20260903_d02.csv
S3,3,W03_C7,20260903,3,3315219585,EVAE|S3|geobg|3|W03_C7|20260903|3,"single_noguide, single_guide, dual_noguide, EVAE",f3_W03_C7_s20260903_d03.csv
S3,3,W03_C7,20260903,4,1543416098,EVAE|S3|geobg|3|W03_C7|20260903|4,"single_noguide, single_guide, dual_noguide, EVAE",f3_W03_C7_s20260903_d04.csv
S3,3,W03_C7,20260903,5,754555316,EVAE|S3|geobg|3|W03_C7|20260903|5,"single_noguide, single_guide, dual_noguide, EVAE",f3_W03_C7_s20260903_d05.csv
S3,3,W03_C7,20260903,6,3052455950,EVAE|S3|geobg|3|W03_C7|20260903|6,"single_noguide, single_guide, dual_noguide, EVAE",f3_W03_C7_s20260903_d06.csv
S3,3,W03_C7,20260903,7,3271030936,EVAE|S3|geobg|3|W03_C7|20260903|7,"single_noguide, single_guide, dual_noguide, EVAE",f3_W03_C7_s20260903_d07.csv
S3,3,W03_C7,7,0,101754301,EVAE|S3|geobg|3|W03_C7|7|0,"single_noguide, single_guide, dual_noguide, EVAE",f3_W03_C7_s7_d00.csv
S3,3,W03_C7,7,1,1897370923,EVAE|S3|geobg|3|W03_C7|7|1,"single_noguide, single_guide, dual_noguide, EVAE",f3_W03_C7_s7_d01.csv
S3,3,W03_C7,7,2,3894330513,EVAE|S3|geobg|3|W03_C7|7|2,"single_noguide, single_guide, dual_noguide, EVAE",f3_W03_C7_s7_d02.csv
S3,3,W03_C7,7,3,2669278215,EVAE|S3|geobg|3|W03_C7|7|3,"single_noguide, single_guide, dual_noguide, EVAE",f3_W03_C7_s7_d03.csv
S3,3,W03_C7,7,4,24994212,EVAE|S3|geobg|3|W03_C7|7|4,"single_noguide, single_guide, dual_noguide, EVAE",f3_W03_C7_s7_d04.csv
S3,3,W03_C7,7,5,1987727666,EVAE|S3|geobg|3|W03_C7|7|5,"single_noguide, single_guide, dual_noguide, EVAE",f3_W03_C7_s7_d05.csv
S3,3,W03_C7,7,6,4017291400,EVAE|S3|geobg|3|W03_C7|7|6,"single_noguide, single_guide, dual_noguide, EVAE",f3_W03_C7_s7_d06.csv
S3,3,W03_C7,7,7,2557751326,EVAE|S3|geobg|3|W03_C7|7|7,"single_noguide, single_guide, dual_noguide, EVAE",f3_W03_C7_s7_d07.csv
S3,3,W03_C8,1337,0,3206055963,EVAE|S3|geobg|3|W03_C8|1337|0,"single_noguide, single_guide, dual_noguide, EVAE",f3_W03_C8_s1337_d00.csv
S3,3,W03_C8,1337,1,3357522061,EVAE|S3|geobg|3|W03_C8|1337|1,"single_noguide, single_guide, dual_noguide, EVAE",f3_W03_C8_s1337_d01.csv
S3,3,W03_C8,1337,2,1360455991,EVAE|S3|geobg|3|W03_C8|1337|2,"single_noguide, single_guide, dual_noguide, EVAE",f3_W03_C8_s1337_d02.csv
S3,3,W03_C8,1337,3,638704033,EVAE|S3|geobg|3|W03_C8|1337|3,"single_noguide, single_guide, dual_noguide, EVAE",f3_W03_C8_s1337_d03.csv
S3,3,W03_C8,1337,4,3094694914,EVAE|S3|geobg|3|W03_C8|1337|4,"single_noguide, single_guide, dual_noguide, EVAE",f3_W03_C8_s1337_d04.csv
S3,3,W03_C8,1337,5,3480386708,EVAE|S3|geobg|3|W03_C8|1337|5,"single_noguide, single_guide, dual_noguide, EVAE",f3_W03_C8_s1337_d05.csv
S3,3,W03_C8,1337,6,1450913070,EVAE|S3|geobg|3|W03_C8|1337|6,"single_noguide, single_guide, dual_noguide, EVAE",f3_W03_C8_s1337_d06.csv
S3,3,W03_C8,1337,7,561782200,EVAE|S3|geobg|3|W03_C8|1337|7,"single_noguide, single_guide, dual_noguide, EVAE",f3_W03_C8_s1337_d07.csv
S3,3,W03_C8,20260903,0,772272714,EVAE|S3|geobg|3|W03_C8|20260903|0,"single_noguide, single_guide, dual_noguide, EVAE",f3_W03_C8_s20260903_d00.csv
S3,3,W03_C8,20260903,1,1493222108,EVAE|S3|geobg|3|W03_C8|20260903|1,"single_noguide, single_guide, dual_noguide, EVAE",f3_W03_C8_s20260903_d01.csv
S3,3,W03_C8,20260903,2,3221853030,EVAE|S3|geobg|3|W03_C8|20260903|2,"single_noguide, single_guide, dual_noguide, EVAE",f3_W03_C8_s20260903_d02.csv
S3,3,W03_C8,20260903,3,3071190000,EVAE|S3|geobg|3|W03_C8|20260903|3,"single_noguide, single_guide, dual_noguide, EVAE",f3_W03_C8_s20260903_d03.csv
S3,3,W03_C8,20260903,4,694826579,EVAE|S3|geobg|3|W03_C8|20260903|4,"single_noguide, single_guide, dual_noguide, EVAE",f3_W03_C8_s20260903_d04.csv
S3,3,W03_C8,20260903,5,1584203461,EVAE|S3|geobg|3|W03_C8|20260903|5,"single_noguide, single_guide, dual_noguide, EVAE",f3_W03_C8_s20260903_d05.csv
S3,3,W03_C8,20260903,6,3345241983,EVAE|S3|geobg|3|W03_C8|20260903|6,"single_noguide, single_guide, dual_noguide, EVAE",f3_W03_C8_s20260903_d06.csv
S3,3,W03_C8,20260903,7,2959304681,EVAE|S3|geobg|3|W03_C8|20260903|7,"single_noguide, single_guide, dual_noguide, EVAE",f3_W03_C8_s20260903_d07.csv
S3,3,W03_C8,7,0,2218799724,EVAE|S3|geobg|3|W03_C8|7|0,"single_noguide, single_guide, dual_noguide, EVAE",f3_W03_C8_s7_d00.csv
S3,3,W03_C8,7,1,4081517306,EVAE|S3|geobg|3|W03_C8|7|1,"single_noguide, single_guide, dual_noguide, EVAE",f3_W03_C8_s7_d01.csv
S3,3,W03_C8,7,2,1783518016,EVAE|S3|geobg|3|W03_C8|7|2,"single_noguide, single_guide, dual_noguide, EVAE",f3_W03_C8_s7_d02.csv
S3,3,W03_C8,7,3,491348950,EVAE|S3|geobg|3|W03_C8|7|3,"single_noguide, single_guide, dual_noguide, EVAE",f3_W03_C8_s7_d03.csv
S3,3,W03_C8,7,4,2200827509,EVAE|S3|geobg|3|W03_C8|7|4,"single_noguide, single_guide, dual_noguide, EVAE",f3_W03_C8_s7_d04.csv
S3,3,W03_C8,7,5,4096444131,EVAE|S3|geobg|3|W03_C8|7|5,"single_noguide, single_guide, dual_noguide, EVAE",f3_W03_C8_s7_d05.csv
S3,3,W03_C8,7,6,1831049049,EVAE|S3|geobg|3|W03_C8|7|6,"single_noguide, single_guide, dual_noguide, EVAE",f3_W03_C8_s7_d06.csv
S3,3,W03_C8,7,7,438609871,EVAE|S3|geobg|3|W03_C8|7|7,"single_noguide, single_guide, dual_noguide, EVAE",f3_W03_C8_s7_d07.csv
S3,3,W04_C7,1337,0,1325633332,EVAE|S3|geobg|3|W04_C7|1337|0,"single_noguide, single_guide, dual_noguide, EVAE",f3_W04_C7_s1337_d00.csv
S3,3,W04_C7,1337,1,939835298,EVAE|S3|geobg|3|W04_C7|1337|1,"single_noguide, single_guide, dual_noguide, EVAE",f3_W04_C7_s1337_d01.csv
S3,3,W04_C7,1337,2,2702044696,EVAE|S3|geobg|3|W04_C7|1337|2,"single_noguide, single_guide, dual_noguide, EVAE",f3_W04_C7_s1337_d02.csv
S3,3,W04_C7,1337,3,3591036558,EVAE|S3|geobg|3|W04_C7|1337|3,"single_noguide, single_guide, dual_noguide, EVAE",f3_W04_C7_s1337_d03.csv
S3,3,W04_C7,1337,4,1215187757,EVAE|S3|geobg|3|W04_C7|1337|4,"single_noguide, single_guide, dual_noguide, EVAE",f3_W04_C7_s1337_d04.csv
S3,3,W04_C7,1337,5,1063877563,EVAE|S3|geobg|3|W04_C7|1337|5,"single_noguide, single_guide, dual_noguide, EVAE",f3_W04_C7_s1337_d05.csv
S3,3,W04_C7,1337,6,2791320065,EVAE|S3|geobg|3|W04_C7|1337|6,"single_noguide, single_guide, dual_noguide, EVAE",f3_W04_C7_s1337_d06.csv
S3,3,W04_C7,1337,7,3513195159,EVAE|S3|geobg|3|W04_C7|1337|7,"single_noguide, single_guide, dual_noguide, EVAE",f3_W04_C7_s1337_d07.csv
S3,3,W04_C7,20260903,0,3348259361,EVAE|S3|geobg|3|W04_C7|20260903|0,"single_noguide, single_guide, dual_noguide, EVAE",f3_W04_C7_s20260903_d00.csv
S3,3,W04_C7,20260903,1,2962576055,EVAE|S3|geobg|3|W04_C7|20260903|1,"single_noguide, single_guide, dual_noguide, EVAE",f3_W04_C7_s20260903_d01.csv
S3,3,W04_C7,20260903,2,698090253,EVAE|S3|geobg|3|W04_C7|20260903|2,"single_noguide, single_guide, dual_noguide, EVAE",f3_W04_C7_s20260903_d02.csv
S3,3,W04_C7,20260903,3,1587229595,EVAE|S3|geobg|3|W04_C7|20260903|3,"single_noguide, single_guide, dual_noguide, EVAE",f3_W04_C7_s20260903_d03.csv
S3,3,W04_C7,20260903,4,3237979704,EVAE|S3|geobg|3|W04_C7|20260903|4,"single_noguide, single_guide, dual_noguide, EVAE",f3_W04_C7_s20260903_d04.csv
S3,3,W04_C7,20260903,5,3086522030,EVAE|S3|geobg|3|W04_C7|20260903|5,"single_noguide, single_guide, dual_noguide, EVAE",f3_W04_C7_s20260903_d05.csv
S3,3,W04_C7,20260903,6,787597076,EVAE|S3|geobg|3|W04_C7|20260903|6,"single_noguide, single_guide, dual_noguide, EVAE",f3_W04_C7_s20260903_d06.csv
S3,3,W04_C7,20260903,7,1509357442,EVAE|S3|geobg|3|W04_C7|20260903|7,"single_noguide, single_guide, dual_noguide, EVAE",f3_W04_C7_s20260903_d07.csv
S3,3,W04_C7,7,0,215329956,EVAE|S3|geobg|3|W04_C7|7|0,"single_noguide, single_guide, dual_noguide, EVAE",f3_W04_C7_s7_d00.csv
S3,3,W04_C7,7,1,2077400114,EVAE|S3|geobg|3|W04_C7|7|1,"single_noguide, single_guide, dual_noguide, EVAE",f3_W04_C7_s7_d01.csv
S3,3,W04_C7,7,2,3806055816,EVAE|S3|geobg|3|W04_C7|7|2,"single_noguide, single_guide, dual_noguide, EVAE",f3_W04_C7_s7_d02.csv
S3,3,W04_C7,7,3,2514287902,EVAE|S3|geobg|3|W04_C7|7|3,"single_noguide, single_guide, dual_noguide, EVAE",f3_W04_C7_s7_d03.csv
S3,3,W04_C7,7,4,196634813,EVAE|S3|geobg|3|W04_C7|7|4,"single_noguide, single_guide, dual_noguide, EVAE",f3_W04_C7_s7_d04.csv
S3,3,W04_C7,7,5,2092914731,EVAE|S3|geobg|3|W04_C7|7|5,"single_noguide, single_guide, dual_noguide, EVAE",f3_W04_C7_s7_d05.csv
S3,3,W04_C7,7,6,3853912465,EVAE|S3|geobg|3|W04_C7|7|6,"single_noguide, single_guide, dual_noguide, EVAE",f3_W04_C7_s7_d06.csv
S3,3,W04_C7,7,7,2461088007,EVAE|S3|geobg|3|W04_C7|7|7,"single_noguide, single_guide, dual_noguide, EVAE",f3_W04_C7_s7_d07.csv
S3,3,W04_C8,1337,0,2518916504,EVAE|S3|geobg|3|W04_C8|1337|0,"single_noguide, single_guide, dual_noguide, EVAE",f3_W04_C8_s1337_d00.csv
S3,3,W04_C8,1337,1,3777277198,EVAE|S3|geobg|3|W04_C8|1337|1,"single_noguide, single_guide, dual_noguide, EVAE",f3_W04_C8_s1337_d01.csv
S3,3,W04_C8,1337,2,2016279732,EVAE|S3|geobg|3|W04_C8|1337|2,"single_noguide, single_guide, dual_noguide, EVAE",f3_W04_C8_s1337_d02.csv
S3,3,W04_C8,1337,3,254463010,EVAE|S3|geobg|3|W04_C8|1337|3,"single_noguide, single_guide, dual_noguide, EVAE",f3_W04_C8_s1337_d03.csv
S3,3,W04_C8,1337,4,2437831041,EVAE|S3|geobg|3|W04_C8|1337|4,"single_noguide, single_guide, dual_noguide, EVAE",f3_W04_C8_s1337_d04.csv
S3,3,W04_C8,1337,5,3863570711,EVAE|S3|geobg|3|W04_C8|1337|5,"single_noguide, single_guide, dual_noguide, EVAE",f3_W04_C8_s1337_d05.csv
S3,3,W04_C8,1337,6,2134915245,EVAE|S3|geobg|3|W04_C8|1337|6,"single_noguide, single_guide, dual_noguide, EVAE",f3_W04_C8_s1337_d06.csv
S3,3,W04_C8,1337,7,138872891,EVAE|S3|geobg|3|W04_C8|1337|7,"single_noguide, single_guide, dual_noguide, EVAE",f3_W04_C8_s1337_d07.csv
S3,3,W04_C8,20260903,0,3037134160,EVAE|S3|geobg|3|W04_C8|20260903|0,"single_noguide, single_guide, dual_noguide, EVAE",f3_W04_C8_s20260903_d00.csv
S3,3,W04_C8,20260903,1,3254898118,EVAE|S3|geobg|3|W04_C8|20260903|1,"single_noguide, single_guide, dual_noguide, EVAE",f3_W04_C8_s20260903_d01.csv
S3,3,W04_C8,20260903,2,1527291004,EVAE|S3|geobg|3|W04_C8|20260903|2,"single_noguide, single_guide, dual_noguide, EVAE",f3_W04_C8_s20260903_d02.csv
S3,3,W04_C8,20260903,3,739224810,EVAE|S3|geobg|3|W04_C8|20260903|3,"single_noguide, single_guide, dual_noguide, EVAE",f3_W04_C8_s20260903_d03.csv
S3,3,W04_C8,20260903,4,2993371465,EVAE|S3|geobg|3|W04_C8|20260903|4,"single_noguide, single_guide, dual_noguide, EVAE",f3_W04_C8_s20260903_d04.csv
S3,3,W04_C8,20260903,5,3312191967,EVAE|S3|geobg|3|W04_C8|20260903|5,"single_noguide, single_guide, dual_noguide, EVAE",f3_W04_C8_s20260903_d05.csv
S3,3,W04_C8,20260903,6,1550145637,EVAE|S3|geobg|3|W04_C8|20260903|6,"single_noguide, single_guide, dual_noguide, EVAE",f3_W04_C8_s20260903_d06.csv
S3,3,W04_C8,20260903,7,727869683,EVAE|S3|geobg|3|W04_C8|20260903|7,"single_noguide, single_guide, dual_noguide, EVAE",f3_W04_C8_s20260903_d07.csv
S3,3,W04_C8,7,0,2391096181,EVAE|S3|geobg|3|W04_C8|7|0,"single_noguide, single_guide, dual_noguide, EVAE",f3_W04_C8_s7_d00.csv
S3,3,W04_C8,7,1,4186049507,EVAE|S3|geobg|3|W04_C8|7|1,"single_noguide, single_guide, dual_noguide, EVAE",f3_W04_C8_s7_d01.csv
S3,3,W04_C8,7,2,1619745369,EVAE|S3|geobg|3|W04_C8|7|2,"single_noguide, single_guide, dual_noguide, EVAE",f3_W04_C8_s7_d02.csv
S3,3,W04_C8,7,3,395078351,EVAE|S3|geobg|3|W04_C8|7|3,"single_noguide, single_guide, dual_noguide, EVAE",f3_W04_C8_s7_d03.csv
S3,3,W04_C8,7,4,2313748332,EVAE|S3|geobg|3|W04_C8|7|4,"single_noguide, single_guide, dual_noguide, EVAE",f3_W04_C8_s7_d04.csv
S3,3,W04_C8,7,5,4277129210,EVAE|S3|geobg|3|W04_C8|7|5,"single_noguide, single_guide, dual_noguide, EVAE",f3_W04_C8_s7_d05.csv
S3,3,W04_C8,7,6,1743167040,EVAE|S3|geobg|3|W04_C8|7|6,"single_noguide, single_guide, dual_noguide, EVAE",f3_W04_C8_s7_d06.csv
S3,3,W04_C8,7,7,283225814,EVAE|S3|geobg|3|W04_C8|7|7,"single_noguide, single_guide, dual_noguide, EVAE",f3_W04_C8_s7_d07.csv
S3,3,W05_C7,1337,0,2391625972,EVAE|S3|geobg|3|W05_C7|1337|0,"single_noguide, single_guide, dual_noguide, EVAE",f3_W05_C7_s1337_d00.csv
S3,3,W05_C7,1337,1,4186595426,EVAE|S3|geobg|3|W05_C7|1337|1,"single_noguide, single_guide, dual_noguide, EVAE",f3_W05_C7_s1337_d01.csv
S3,3,W05_C7,1337,2,1619210712,EVAE|S3|geobg|3|W05_C7|1337|2,"single_noguide, single_guide, dual_noguide, EVAE",f3_W05_C7_s1337_d02.csv
S3,3,W05_C7,1337,3,394527054,EVAE|S3|geobg|3|W05_C7|1337|3,"single_noguide, single_guide, dual_noguide, EVAE",f3_W05_C7_s1337_d03.csv
S3,3,W05_C7,1337,4,2313196781,EVAE|S3|geobg|3|W05_C7|1337|4,"single_noguide, single_guide, dual_noguide, EVAE",f3_W05_C7_s1337_d04.csv
S3,3,W05_C7,1337,5,4276593787,EVAE|S3|geobg|3|W05_C7|1337|5,"single_noguide, single_guide, dual_noguide, EVAE",f3_W05_C7_s1337_d05.csv
S3,3,W05_C7,1337,6,1743713729,EVAE|S3|geobg|3|W05_C7|1337|6,"single_noguide, single_guide, dual_noguide, EVAE",f3_W05_C7_s1337_d06.csv
S3,3,W05_C7,1337,7,283755863,EVAE|S3|geobg|3|W05_C7|1337|7,"single_noguide, single_guide, dual_noguide, EVAE",f3_W05_C7_s1337_d07.csv
S3,3,W05_C7,20260903,0,2120858057,EVAE|S3|geobg|3|W05_C7|20260903|0,"single_noguide, single_guide, dual_noguide, EVAE",f3_W05_C7_s20260903_d00.csv
S3,3,W05_C7,20260903,1,158239071,EVAE|S3|geobg|3|W05_C7|20260903|1,"single_noguide, single_guide, dual_noguide, EVAE",f3_W05_C7_s20260903_d01.csv
S3,3,W05_C7,20260903,2,2422724837,EVAE|S3|geobg|3|W05_C7|20260903|2,"single_noguide, single_guide, dual_noguide, EVAE",f3_W05_C7_s20260903_d02.csv
S3,3,W05_C7,20260903,3,3881887859,EVAE|S3|geobg|3|W05_C7|20260903|3,"single_noguide, single_guide, dual_noguide, EVAE",f3_W05_C7_s20260903_d03.csv
S3,3,W05_C7,20260903,4,2030337488,EVAE|S3|geobg|3|W05_C7|20260903|4,"single_noguide, single_guide, dual_noguide, EVAE",f3_W05_C7_s20260903_d04.csv
S3,3,W05_C7,20260903,5,235097414,EVAE|S3|geobg|3|W05_C7|20260903|5,"single_noguide, single_guide, dual_noguide, EVAE",f3_W05_C7_s20260903_d05.csv
S3,3,W05_C7,20260903,6,2534022396,EVAE|S3|geobg|3|W05_C7|20260903|6,"single_noguide, single_guide, dual_noguide, EVAE",f3_W05_C7_s20260903_d06.csv
S3,3,W05_C7,20260903,7,3758959722,EVAE|S3|geobg|3|W05_C7|20260903|7,"single_noguide, single_guide, dual_noguide, EVAE",f3_W05_C7_s20260903_d07.csv
S3,3,W05_C7,7,0,3229592634,EVAE|S3|geobg|3|W05_C7|7|0,"single_noguide, single_guide, dual_noguide, EVAE",f3_W05_C7_s7_d00.csv
S3,3,W05_C7,7,1,3078134956,EVAE|S3|geobg|3|W05_C7|7|1,"single_noguide, single_guide, dual_noguide, EVAE",f3_W05_C7_s7_d01.csv
S3,3,W05_C7,7,2,779210006,EVAE|S3|geobg|3|W05_C7|7|2,"single_noguide, single_guide, dual_noguide, EVAE",f3_W05_C7_s7_d02.csv
S3,3,W05_C7,7,3,1500970368,EVAE|S3|geobg|3|W05_C7|7|3,"single_noguide, single_guide, dual_noguide, EVAE",f3_W05_C7_s7_d03.csv
S3,3,W05_C7,7,4,3339872291,EVAE|S3|geobg|3|W05_C7|7|4,"single_noguide, single_guide, dual_noguide, EVAE",f3_W05_C7_s7_d04.csv
S3,3,W05_C7,7,5,2954188981,EVAE|S3|geobg|3|W05_C7|7|5,"single_noguide, single_guide, dual_noguide, EVAE",f3_W05_C7_s7_d05.csv
S3,3,W05_C7,7,6,689703183,EVAE|S3|geobg|3|W05_C7|7|6,"single_noguide, single_guide, dual_noguide, EVAE",f3_W05_C7_s7_d06.csv
S3,3,W05_C7,7,7,1578842521,EVAE|S3|geobg|3|W05_C7|7|7,"single_noguide, single_guide, dual_noguide, EVAE",f3_W05_C7_s7_d07.csv
S3,3,W05_C8,1337,0,1470972504,EVAE|S3|geobg|3|W05_C8|1337|0,"single_noguide, single_guide, dual_noguide, EVAE",f3_W05_C8_s1337_d00.csv
S3,3,W05_C8,1337,1,548041422,EVAE|S3|geobg|3|W05_C8|1337|1,"single_noguide, single_guide, dual_noguide, EVAE",f3_W05_C8_s1337_d01.csv
S3,3,W05_C8,1337,2,3114476404,EVAE|S3|geobg|3|W05_C8|1337|2,"single_noguide, single_guide, dual_noguide, EVAE",f3_W05_C8_s1337_d02.csv
S3,3,W05_C8,1337,3,3466859490,EVAE|S3|geobg|3|W05_C8|1337|3,"single_noguide, single_guide, dual_noguide, EVAE",f3_W05_C8_s1337_d03.csv
S3,3,W05_C8,1337,4,1354794561,EVAE|S3|geobg|3|W05_C8|1337|4,"single_noguide, single_guide, dual_noguide, EVAE",f3_W05_C8_s1337_d04.csv
S3,3,W05_C8,1337,5,667399895,EVAE|S3|geobg|3|W05_C8|1337|5,"single_noguide, single_guide, dual_noguide, EVAE",f3_W05_C8_s1337_d05.csv
S3,3,W05_C8,1337,6,3201230701,EVAE|S3|geobg|3|W05_C8|1337|6,"single_noguide, single_guide, dual_noguide, EVAE",f3_W05_C8_s1337_d06.csv
S3,3,W05_C8,1337,7,3385448443,EVAE|S3|geobg|3|W05_C8|1337|7,"single_noguide, single_guide, dual_noguide, EVAE",f3_W05_C8_s1337_d07.csv
S3,3,W05_C8,20260903,0,217917112,EVAE|S3|geobg|3|W05_C8|20260903|0,"single_noguide, single_guide, dual_noguide, EVAE",f3_W05_C8_s20260903_d00.csv
S3,3,W05_C8,20260903,1,2079987246,EVAE|S3|geobg|3|W05_C8|20260903|1,"single_noguide, single_guide, dual_noguide, EVAE",f3_W05_C8_s20260903_d01.csv
S3,3,W05_C8,20260903,2,3807594388,EVAE|S3|geobg|3|W05_C8|20260903|2,"single_noguide, single_guide, dual_noguide, EVAE",f3_W05_C8_s20260903_d02.csv
S3,3,W05_C8,20260903,3,2515826434,EVAE|S3|geobg|3|W05_C8|20260903|3,"single_noguide, single_guide, dual_noguide, EVAE",f3_W05_C8_s20260903_d03.csv
S3,3,W05_C8,20260903,4,194044577,EVAE|S3|geobg|3|W05_C8|20260903|4,"single_noguide, single_guide, dual_noguide, EVAE",f3_W05_C8_s20260903_d04.csv
S3,3,W05_C8,20260903,5,2090324535,EVAE|S3|geobg|3|W05_C8|20260903|5,"single_noguide, single_guide, dual_noguide, EVAE",f3_W05_C8_s20260903_d05.csv
S3,3,W05_C8,20260903,6,3852370829,EVAE|S3|geobg|3|W05_C8|20260903|6,"single_noguide, single_guide, dual_noguide, EVAE",f3_W05_C8_s20260903_d06.csv
S3,3,W05_C8,20260903,7,2459546395,EVAE|S3|geobg|3|W05_C8|20260903|7,"single_noguide, single_guide, dual_noguide, EVAE",f3_W05_C8_s20260903_d07.csv
S3,3,W05_C8,7,0,1110391787,EVAE|S3|geobg|3|W05_C8|7|0,"single_noguide, single_guide, dual_noguide, EVAE",f3_W05_C8_s7_d00.csv
S3,3,W05_C8,7,1,891816829,EVAE|S3|geobg|3|W05_C8|7|1,"single_noguide, single_guide, dual_noguide, EVAE",f3_W05_C8_s7_d01.csv
S3,3,W05_C8,7,2,2887867079,EVAE|S3|geobg|3|W05_C8|7|2,"single_noguide, single_guide, dual_noguide, EVAE",f3_W05_C8_s7_d02.csv
S3,3,W05_C8,7,3,3676727889,EVAE|S3|geobg|3|W05_C8|7|3,"single_noguide, single_guide, dual_noguide, EVAE",f3_W05_C8_s7_d03.csv
S3,3,W05_C8,7,4,1162018802,EVAE|S3|geobg|3|W05_C8|7|4,"single_noguide, single_guide, dual_noguide, EVAE",f3_W05_C8_s7_d04.csv
S3,3,W05_C8,7,5,843435876,EVAE|S3|geobg|3|W05_C8|7|5,"single_noguide, single_guide, dual_noguide, EVAE",f3_W05_C8_s7_d05.csv
S3,3,W05_C8,7,6,2873925342,EVAE|S3|geobg|3|W05_C8|7|6,"single_noguide, single_guide, dual_noguide, EVAE",f3_W05_C8_s7_d06.csv
S3,3,W05_C8,7,7,3695947336,EVAE|S3|geobg|3|W05_C8|7|7,"single_noguide, single_guide, dual_noguide, EVAE",f3_W05_C8_s7_d07.csv
S3,3,W06_C7,1337,0,393164533,EVAE|S3|geobg|3|W06_C7|1337|0,"single_noguide, single_guide, dual_noguide, EVAE",f3_W06_C7_s1337_d00.csv
S3,3,W06_C7,1337,1,1617430115,EVAE|S3|geobg|3|W06_C7|1337|1,"single_noguide, single_guide, dual_noguide, EVAE",f3_W06_C7_s1337_d01.csv
S3,3,W06_C7,1337,2,4183906265,EVAE|S3|geobg|3|W06_C7|1337|2,"single_noguide, single_guide, dual_noguide, EVAE",f3_W06_C7_s1337_d02.csv
S3,3,W06_C7,1337,3,2389075791,EVAE|S3|geobg|3|W06_C7|1337|3,"single_noguide, single_guide, dual_noguide, EVAE",f3_W06_C7_s1337_d03.csv
S3,3,W06_C7,1337,4,268628716,EVAE|S3|geobg|3|W06_C7|1337|4,"single_noguide, single_guide, dual_noguide, EVAE",f3_W06_C7_s1337_d04.csv
S3,3,W06_C7,1337,5,1728430714,EVAE|S3|geobg|3|W06_C7|1337|5,"single_noguide, single_guide, dual_noguide, EVAE",f3_W06_C7_s1337_d05.csv
S3,3,W06_C7,1337,6,4262237120,EVAE|S3|geobg|3|W06_C7|1337|6,"single_noguide, single_guide, dual_noguide, EVAE",f3_W06_C7_s1337_d06.csv
S3,3,W06_C7,1337,7,2299241302,EVAE|S3|geobg|3|W06_C7|1337|7,"single_noguide, single_guide, dual_noguide, EVAE",f3_W06_C7_s1337_d07.csv
S3,3,W06_C7,20260903,0,1863635888,EVAE|S3|geobg|3|W06_C7|20260903|0,"single_noguide, single_guide, dual_noguide, EVAE",f3_W06_C7_s20260903_d00.csv
S3,3,W06_C7,20260903,1,403956518,EVAE|S3|geobg|3|W06_C7|20260903|1,"single_noguide, single_guide, dual_noguide, EVAE",f3_W06_C7_s20260903_d01.csv
S3,3,W06_C7,20260903,2,2166010524,EVAE|S3|geobg|3|W06_C7|20260903|2,"single_noguide, single_guide, dual_noguide, EVAE",f3_W06_C7_s20260903_d02.csv
S3,3,W06_C7,20260903,3,4129128970,EVAE|S3|geobg|3|W06_C7|20260903|3,"single_noguide, single_guide, dual_noguide, EVAE",f3_W06_C7_s20260903_d03.csv
S3,3,W06_C7,20260903,4,1752766377,EVAE|S3|geobg|3|W06_C7|20260903|4,"single_noguide, single_guide, dual_noguide, EVAE",f3_W06_C7_s20260903_d04.csv
S3,3,W06_C7,20260903,5,528361279,EVAE|S3|geobg|3|W06_C7|20260903|5,"single_noguide, single_guide, dual_noguide, EVAE",f3_W06_C7_s20260903_d05.csv
S3,3,W06_C7,20260903,6,2255976069,EVAE|S3|geobg|3|W06_C7|20260903|6,"single_noguide, single_guide, dual_noguide, EVAE",f3_W06_C7_s20260903_d06.csv
S3,3,W06_C7,20260903,7,4050667027,EVAE|S3|geobg|3|W06_C7|20260903|7,"single_noguide, single_guide, dual_noguide, EVAE",f3_W06_C7_s20260903_d07.csv
S3,3,W06_C7,7,0,1324395481,EVAE|S3|geobg|3|W06_C7|7|0,"single_noguide, single_guide, dual_noguide, EVAE",f3_W06_C7_s7_d00.csv
S3,3,W06_C7,7,1,972528463,EVAE|S3|geobg|3|W06_C7|7|1,"single_noguide, single_guide, dual_noguide, EVAE",f3_W06_C7_s7_d01.csv
S3,3,W06_C7,7,2,2701052661,EVAE|S3|geobg|3|W06_C7|7|2,"single_noguide, single_guide, dual_noguide, EVAE",f3_W06_C7_s7_d02.csv
S3,3,W06_C7,7,3,3623484003,EVAE|S3|geobg|3|W06_C7|7|3,"single_noguide, single_guide, dual_noguide, EVAE",f3_W06_C7_s7_d03.csv
S3,3,W06_C7,7,4,1235054528,EVAE|S3|geobg|3|W06_C7|7|4,"single_noguide, single_guide, dual_noguide, EVAE",f3_W06_C7_s7_d04.csv
S3,3,W06_C7,7,5,1050304342,EVAE|S3|geobg|3|W06_C7|7|5,"single_noguide, single_guide, dual_noguide, EVAE",f3_W06_C7_s7_d05.csv
S3,3,W06_C7,7,6,2811432684,EVAE|S3|geobg|3|W06_C7|7|6,"single_noguide, single_guide, dual_noguide, EVAE",f3_W06_C7_s7_d06.csv
S3,3,W06_C7,7,7,3499376250,EVAE|S3|geobg|3|W06_C7|7|7,"single_noguide, single_guide, dual_noguide, EVAE",f3_W06_C7_s7_d07.csv
S3,3,W06_C8,1337,0,3461293145,EVAE|S3|geobg|3|W06_C8|1337|0,"single_noguide, single_guide, dual_noguide, EVAE",f3_W06_C8_s1337_d00.csv
S3,3,W06_C8,1337,1,3108508879,EVAE|S3|geobg|3|W06_C8|1337|1,"single_noguide, single_guide, dual_noguide, EVAE",f3_W06_C8_s1337_d01.csv
S3,3,W06_C8,1337,2,541148533,EVAE|S3|geobg|3|W06_C8|1337|2,"single_noguide, single_guide, dual_noguide, EVAE",f3_W06_C8_s1337_d02.csv
S3,3,W06_C8,1337,3,1464235491,EVAE|S3|geobg|3|W06_C8|1337|3,"single_noguide, single_guide, dual_noguide, EVAE",f3_W06_C8_s1337_d03.csv
S3,3,W06_C8,1337,4,3374506048,EVAE|S3|geobg|3|W06_C8|1337|4,"single_noguide, single_guide, dual_noguide, EVAE",f3_W06_C8_s1337_d04.csv
S3,3,W06_C8,1337,5,3190149334,EVAE|S3|geobg|3|W06_C8|1337|5,"single_noguide, single_guide, dual_noguide, EVAE",f3_W06_C8_s1337_d05.csv
S3,3,W06_C8,1337,6,657228140,EVAE|S3|geobg|3|W06_C8|1337|6,"single_noguide, single_guide, dual_noguide, EVAE",f3_W06_C8_s1337_d06.csv
S3,3,W06_C8,1337,7,1345040890,EVAE|S3|geobg|3|W06_C8|1337|7,"single_noguide, single_guide, dual_noguide, EVAE",f3_W06_C8_s1337_d07.csv
S3,3,W06_C8,20260903,0,494947521,EVAE|S3|geobg|3|W06_C8|20260903|0,"single_noguide, single_guide, dual_noguide, EVAE",f3_W06_C8_s20260903_d00.csv
S3,3,W06_C8,20260903,1,1787264087,EVAE|S3|geobg|3|W06_C8|20260903|1,"single_noguide, single_guide, dual_noguide, EVAE",f3_W06_C8_s20260903_d01.csv
S3,3,W06_C8,20260903,2,4086181357,EVAE|S3|geobg|3|W06_C8|20260903|2,"single_noguide, single_guide, dual_noguide, EVAE",f3_W06_C8_s20260903_d02.csv
S3,3,W06_C8,20260903,3,2223578491,EVAE|S3|geobg|3|W06_C8|20260903|3,"single_noguide, single_guide, dual_noguide, EVAE",f3_W06_C8_s20260903_d03.csv
S3,3,W06_C8,20260903,4,451774680,EVAE|S3|geobg|3|W06_C8|20260903|4,"single_noguide, single_guide, dual_noguide, EVAE",f3_W06_C8_s20260903_d04.csv
S3,3,W06_C8,20260903,5,1844099150,EVAE|S3|geobg|3|W06_C8|20260903|5,"single_noguide, single_guide, dual_noguide, EVAE",f3_W06_C8_s20260903_d05.csv
S3,3,W06_C8,20260903,6,4108577268,EVAE|S3|geobg|3|W06_C8|20260903|6,"single_noguide, single_guide, dual_noguide, EVAE",f3_W06_C8_s20260903_d06.csv
S3,3,W06_C8,20260903,7,2212813154,EVAE|S3|geobg|3|W06_C8|20260903|7,"single_noguide, single_guide, dual_noguide, EVAE",f3_W06_C8_s20260903_d07.csv
S3,3,W06_C8,7,0,3433053192,EVAE|S3|geobg|3|W06_C8|7|0,"single_noguide, single_guide, dual_noguide, EVAE",f3_W06_C8_s7_d00.csv
S3,3,W06_C8,7,1,3148287134,EVAE|S3|geobg|3|W06_C8|7|1,"single_noguide, single_guide, dual_noguide, EVAE",f3_W06_C8_s7_d01.csv
S3,3,W06_C8,7,2,581852452,EVAE|S3|geobg|3|W06_C8|7|2,"single_noguide, single_guide, dual_noguide, EVAE",f3_W06_C8_s7_d02.csv
S3,3,W06_C8,7,3,1437167026,EVAE|S3|geobg|3|W06_C8|7|3,"single_noguide, single_guide, dual_noguide, EVAE",f3_W06_C8_s7_d03.csv
S3,3,W06_C8,7,4,3419273233,EVAE|S3|geobg|3|W06_C8|7|4,"single_noguide, single_guide, dual_noguide, EVAE",f3_W06_C8_s7_d04.csv
S3,3,W06_C8,7,5,3167406215,EVAE|S3|geobg|3|W06_C8|7|5,"single_noguide, single_guide, dual_noguide, EVAE",f3_W06_C8_s7_d05.csv
S3,3,W06_C8,7,6,633575741,EVAE|S3|geobg|3|W06_C8|7|6,"single_noguide, single_guide, dual_noguide, EVAE",f3_W06_C8_s7_d06.csv
S3,3,W06_C8,7,7,1388620203,EVAE|S3|geobg|3|W06_C8|7|7,"single_noguide, single_guide, dual_noguide, EVAE",f3_W06_C8_s7_d07.csv
