scheme,fold,box,method,run_seed,draw,generator_seed,seed_key,file
S1,0,W02_C2,EVAE,1337,0,331215491,EVAE|S1|geobg|0|W02_C2|1337|0,networks/S1/EVAE/f0_W02_C2_s1337_d00.csv
S1,0,W02_C2,EVAE,1337,1,1689960981,EVAE|S1|geobg|0|W02_C2|1337|1,networks/S1/EVAE/f0_W02_C2_s1337_d01.csv
S1,0,W02_C2,EVAE,1337,2,4256404399,EVAE|S1|geobg|0|W02_C2|1337|2,networks/S1/EVAE/f0_W02_C2_s1337_d02.csv
S1,0,W02_C2,EVAE,1337,3,2327094073,EVAE|S1|geobg|0|W02_C2|1337|3,networks/S1/EVAE/f0_W02_C2_s1337_d03.csv
S1,0,W02_C2,EVAE,1337,4,349189786,EVAE|S1|geobg|0|W02_C2|1337|4,networks/S1/EVAE/f0_W02_C2_s1337_d04.csv
S1,0,W02_C2,EVAE,1337,5,1675036172,EVAE|S1|geobg|0|W02_C2|1337|5,networks/S1/EVAE/f0_W02_C2_s1337_d05.csv
S1,0,W02_C2,EVAE,1337,6,4208875446,EVAE|S1|geobg|0|W02_C2|1337|6,networks/S1/EVAE/f0_W02_C2_s1337_d06.csv
S1,0,W02_C2,EVAE,1337,7,2379835168,EVAE|S1|geobg|0|W02_C2|1337|7,networks/S1/EVAE/f0_W02_C2_s1337_d07.csv
S1,0,W02_C2,EVAE,20260903,0,59077096,EVAE|S1|geobg|0|W02_C2|20260903|0,networks/S1/EVAE/f0_W02_C2_s20260903_d00.csv
S1,0,W02_C2,EVAE,20260903,1,1954693502,EVAE|S1|geobg|0|W02_C2|20260903|1,networks/S1/EVAE/f0_W02_C2_s20260903_d01.csv
S1,0,W02_C2,EVAE,20260903,2,3985313988,EVAE|S1|geobg|0|W02_C2|20260903|2,networks/S1/EVAE/f0_W02_C2_s20260903_d02.csv
S1,0,W02_C2,EVAE,20260903,3,2592874578,EVAE|S1|geobg|0|W02_C2|20260903|3,networks/S1/EVAE/f0_W02_C2_s20260903_d03.csv
S1,0,W02_C2,EVAE,20260903,4,82359793,EVAE|S1|geobg|0|W02_C2|20260903|4,networks/S1/EVAE/f0_W02_C2_s20260903_d04.csv
S1,0,W02_C2,EVAE,20260903,5,1945077095,EVAE|S1|geobg|0|W02_C2|20260903|5,networks/S1/EVAE/f0_W02_C2_s20260903_d05.csv
S1,0,W02_C2,EVAE,20260903,6,3940996317,EVAE|S1|geobg|0|W02_C2|20260903|6,networks/S1/EVAE/f0_W02_C2_s20260903_d06.csv
S1,0,W02_C2,EVAE,20260903,7,2648826955,EVAE|S1|geobg|0|W02_C2|20260903|7,networks/S1/EVAE/f0_W02_C2_s20260903_d07.csv
S1,0,W02_C2,EVAE,7,0,3205140015,EVAE|S1|geobg|0|W02_C2|7|0,networks/S1/EVAE/f0_W02_C2_s7_d00.csv
S1,0,W02_C2,EVAE,7,1,3356343993,EVAE|S1|geobg|0|W02_C2|7|1,networks/S1/EVAE/f0_W02_C2_s7_d01.csv
S1,0,W02_C2,EVAE,7,2,1359277827,EVAE|S1|geobg|0|W02_C2|7|2,networks/S1/EVAE/f0_W02_C2_s7_d02.csv
S1,0,W02_C2,EVAE,7,3,637788053,EVAE|S1|geobg|0|W02_C2|7|3,networks/S1/EVAE/f0_W02_C2_s7_d03.csv
S1,0,W02_C2,EVAE,7,4,3093776950,EVAE|S1|geobg|0|W02_C2|7|4,networks/S1/EVAE/f0_W02_C2_s7_d04.csv
S1,0,W02_C2,EVAE,7,5,3479206560,EVAE|S1|geobg|0|W02_C2|7|5,networks/S1/EVAE/f0_W02_C2_s7_d05.csv
S1,0,W02_C2,EVAE,7,6,1449732890,EVAE|S1|geobg|0|W02_C2|7|6,networks/S1/EVAE/f0_W02_C2_s7_d06.csv
S1,0,W02_C2,EVAE,7,7,560864140,EVAE|S1|geobg|0|W02_C2|7|7,networks/S1/EVAE/f0_W02_C2_s7_d07.csv
S1,0,W02_C2,ADFNE,1337,0,130300010,ADFNE|S1|main|0|W02_C2|1337|0,networks/S1/ADFNE/f0_W02_C2_s1337_d00.csv
S1,0,W02_C2,ADFNE,1337,1,1891830012,ADFNE|S1|main|0|W02_C2|1337|1,networks/S1/ADFNE/f0_W02_C2_s1337_d01.csv
S1,0,W02_C2,ADFNE,1337,2,3922352454,ADFNE|S1|main|0|W02_C2|1337|2,networks/S1/ADFNE/f0_W02_C2_s1337_d02.csv
S1,0,W02_C2,ADFNE,1337,3,2664262096,ADFNE|S1|main|0|W02_C2|1337|3,networks/S1/ADFNE/f0_W02_C2_s1337_d03.csv
S1,0,W02_C2,ADFNE,1337,4,11140211,ADFNE|S1|main|0|W02_C2|1337|4,networks/S1/ADFNE/f0_W02_C2_s1337_d04.csv
S1,0,W02_C2,ADFNE,1337,5,2007944421,ADFNE|S1|main|0|W02_C2|1337|5,networks/S1/ADFNE/f0_W02_C2_s1337_d05.csv
S1,0,W02_C2,ADFNE,1337,6,4003962207,ADFNE|S1|main|0|W02_C2|1337|6,networks/S1/ADFNE/f0_W02_C2_s1337_d06.csv
S1,0,W02_C2,ADFNE,1337,7,2577444297,ADFNE|S1|main|0|W02_C2|1337|7,networks/S1/ADFNE/f0_W02_C2_s1337_d07.csv
S1,0,W02_C2,ADFNE,20260903,0,3505224206,ADFNE|S1|main|0|W02_C2|20260903|0,networks/S1/ADFNE/f0_W02_C2_s20260903_d00.csv
S1,0,W02_C2,ADFNE,20260903,1,2817149592,ADFNE|S1|main|0|W02_C2|20260903|1,networks/S1/ADFNE/f0_W02_C2_s20260903_d01.csv
S1,0,W02_C2,ADFNE,20260903,2,1055071010,ADFNE|S1|main|0|W02_C2|20260903|2,networks/S1/ADFNE/f0_W02_C2_s20260903_d02.csv
S1,0,W02_C2,ADFNE,20260903,3,1239690164,ADFNE|S1|main|0|W02_C2|20260903|3,networks/S1/ADFNE/f0_W02_C2_s20260903_d03.csv
S1,0,W02_C2,ADFNE,20260903,4,3615538711,ADFNE|S1|main|0|W02_C2|20260903|4,networks/S1/ADFNE/f0_W02_C2_s20260903_d04.csv
S1,0,W02_C2,ADFNE,20260903,5,2693238401,ADFNE|S1|main|0|W02_C2|20260903|5,networks/S1/ADFNE/f0_W02_C2_s20260903_d05.csv
S1,0,W02_C2,ADFNE,20260903,6,965664571,ADFNE|S1|main|0|W02_C2|20260903|6,networks/S1/ADFNE/f0_W02_C2_s20260903_d06.csv
S1,0,W02_C2,ADFNE,20260903,7,1317662637,ADFNE|S1|main|0|W02_C2|20260903|7,networks/S1/ADFNE/f0_W02_C2_s20260903_d07.csv
S1,0,W02_C2,ADFNE,7,0,3034075489,ADFNE|S1|main|0|W02_C2|7|0,networks/S1/ADFNE/f0_W02_C2_s7_d00.csv
S1,0,W02_C2,ADFNE,7,1,3286196727,ADFNE|S1|main|0|W02_C2|7|1,networks/S1/ADFNE/f0_W02_C2_s7_d01.csv
S1,0,W02_C2,ADFNE,7,2,1523986509,ADFNE|S1|main|0|W02_C2|7|2,networks/S1/ADFNE/f0_W02_C2_s7_d02.csv
S1,0,W02_C2,ADFNE,7,3,768671963,ADFNE|S1|main|0|W02_C2|7|3,networks/S1/ADFNE/f0_W02_C2_s7_d03.csv
S1,0,W02_C2,ADFNE,7,4,3015021944,ADFNE|S1|main|0|W02_C2|7|4,networks/S1/ADFNE/f0_W02_C2_s7_d04.csv
S1,0,W02_C2,ADFNE,7,5,3300042222,ADFNE|S1|main|0|W02_C2|7|5,networks/S1/ADFNE/f0_W02_C2_s7_d05.csv
S1,0,W02_C2,ADFNE,7,6,1572598868,ADFNE|S1|main|0|W02_C2|7|6,networks/S1/ADFNE/f0_W02_C2_s7_d06.csv
S1,0,W02_C2,ADFNE,7,7,717014210,ADFNE|S1|main|0|W02_C2|7|7,networks/S1/ADFNE/f0_W02_C2_s7_d07.csv
S1,0,W02_C2,KDE,1337,0,3856153445,KDE|S1|main|0|W02_C2|1337|0,networks/S1/KDE/f0_W02_C2_s1337_d00.csv
S1,0,W02_C2,KDE,1337,1,2464091123,KDE|S1|main|0|W02_C2|1337|1,networks/S1/KDE/f0_W02_C2_s1337_d01.csv
S1,0,W02_C2,KDE,1337,2,198597193,KDE|S1|main|0|W02_C2|1337|2,networks/S1/KDE/f0_W02_C2_s1337_d02.csv
S1,0,W02_C2,KDE,1337,3,2094099167,KDE|S1|main|0|W02_C2|1337|3,networks/S1/KDE/f0_W02_C2_s1337_d03.csv
S1,0,W02_C2,KDE,1337,4,3803578236,KDE|S1|main|0|W02_C2|1337|4,networks/S1/KDE/f0_W02_C2_s1337_d04.csv
S1,0,W02_C2,KDE,1337,5,2511523818,KDE|S1|main|0|W02_C2|1337|5,networks/S1/KDE/f0_W02_C2_s1337_d05.csv
S1,0,W02_C2,KDE,1337,6,213622352,KDE|S1|main|0|W02_C2|1337|6,networks/S1/KDE/f0_W02_C2_s1337_d06.csv
S1,0,W02_C2,KDE,1337,7,2075963078,KDE|S1|main|0|W02_C2|1337|7,networks/S1/KDE/f0_W02_C2_s1337_d07.csv
S1,0,W02_C2,KDE,20260903,0,582683144,KDE|S1|main|0|W02_C2|20260903|0,networks/S1/KDE/f0_W02_C2_s20260903_d00.csv
S1,0,W02_C2,KDE,20260903,1,1438399134,KDE|S1|main|0|W02_C2|20260903|1,networks/S1/KDE/f0_W02_C2_s20260903_d01.csv
S1,0,W02_C2,KDE,20260903,2,3434441508,KDE|S1|main|0|W02_C2|20260903|2,networks/S1/KDE/f0_W02_C2_s20260903_d02.csv
S1,0,W02_C2,KDE,20260903,3,3149028274,KDE|S1|main|0|W02_C2|20260903|3,networks/S1/KDE/f0_W02_C2_s20260903_d03.csv
S1,0,W02_C2,KDE,20260903,4,634834449,KDE|S1|main|0|W02_C2|20260903|4,networks/S1/KDE/f0_W02_C2_s20260903_d04.csv
S1,0,W02_C2,KDE,20260903,5,1389493895,KDE|S1|main|0|W02_C2|20260903|5,networks/S1/KDE/f0_W02_C2_s20260903_d05.csv
S1,0,W02_C2,KDE,20260903,6,3419975485,KDE|S1|main|0|W02_C2|20260903|6,networks/S1/KDE/f0_W02_C2_s20260903_d06.csv
S1,0,W02_C2,KDE,20260903,7,3168772011,KDE|S1|main|0|W02_C2|20260903|7,networks/S1/KDE/f0_W02_C2_s20260903_d07.csv
S1,0,W02_C2,KDE,7,0,212034252,KDE|S1|main|0|W02_C2|7|0,networks/S1/KDE/f0_W02_C2_s7_d00.csv
S1,0,W02_C2,KDE,7,1,2074366554,KDE|S1|main|0|W02_C2|7|1,networks/S1/KDE/f0_W02_C2_s7_d01.csv
S1,0,W02_C2,KDE,7,2,3802989536,KDE|S1|main|0|W02_C2|7|2,networks/S1/KDE/f0_W02_C2_s7_d02.csv
S1,0,W02_C2,KDE,7,3,2510959478,KDE|S1|main|0|W02_C2|7|3,networks/S1/KDE/f0_W02_C2_s7_d03.csv
S1,0,W02_C2,KDE,7,4,198092501,KDE|S1|main|0|W02_C2|7|4,networks/S1/KDE/f0_W02_C2_s7_d04.csv
S1,0,W02_C2,KDE,7,5,2093585987,KDE|S1|main|0|W02_C2|7|5,networks/S1/KDE/f0_W02_C2_s7_d05.csv
S1,0,W02_C2,KDE,7,6,3854616569,KDE|S1|main|0|W02_C2|7|6,networks/S1/KDE/f0_W02_C2_s7_d06.csv
S1,0,W02_C2,KDE,7,7,2462578543,KDE|S1|main|0|W02_C2|7|7,networks/S1/KDE/f0_W02_C2_s7_d07.csv
S1,0,W04_C2,EVAE,1337,0,4211620032,EVAE|S1|geobg|0|W04_C2|1337|0,networks/S1/EVAE/f0_W04_C2_s1337_d00.csv
S1,0,W04_C2,EVAE,1337,1,2349795414,EVAE|S1|geobg|0|W04_C2|1337|1,networks/S1/EVAE/f0_W04_C2_s1337_d01.csv
S1,0,W04_C2,EVAE,1337,2,352737772,EVAE|S1|geobg|0|W04_C2|1337|2,networks/S1/EVAE/f0_W04_C2_s1337_d02.csv
S1,0,W04_C2,EVAE,1337,3,1644259706,EVAE|S1|geobg|0|W04_C2|1337|3,networks/S1/EVAE/f0_W04_C2_s1337_d03.csv
S1,0,W04_C2,EVAE,1337,4,4234542297,EVAE|S1|geobg|0|W04_C2|1337|4,networks/S1/EVAE/f0_W04_C2_s1337_d04.csv
S1,0,W04_C2,EVAE,1337,5,2338507855,EVAE|S1|geobg|0|W04_C2|1337|5,networks/S1/EVAE/f0_W04_C2_s1337_d05.csv
S1,0,W04_C2,EVAE,1337,6,309042677,EVAE|S1|geobg|0|W04_C2|1337|6,networks/S1/EVAE/f0_W04_C2_s1337_d06.csv
S1,0,W04_C2,EVAE,1337,7,1701621091,EVAE|S1|geobg|0|W04_C2|1337|7,networks/S1/EVAE/f0_W04_C2_s1337_d07.csv
S1,0,W04_C2,EVAE,20260903,0,562013466,EVAE|S1|geobg|0|W04_C2|20260903|0,networks/S1/EVAE/f0_W04_C2_s20260903_d00.csv
S1,0,W04_C2,EVAE,20260903,1,1450743180,EVAE|S1|geobg|0|W04_C2|20260903|1,networks/S1/EVAE/f0_W04_C2_s20260903_d01.csv
S1,0,W04_C2,EVAE,20260903,2,3480339510,EVAE|S1|geobg|0|W04_C2|20260903|2,networks/S1/EVAE/f0_W04_C2_s20260903_d02.csv
S1,0,W04_C2,EVAE,20260903,3,3094803616,EVAE|S1|geobg|0|W04_C2|20260903|3,networks/S1/EVAE/f0_W04_C2_s20260903_d03.csv
S1,0,W04_C2,EVAE,20260903,4,638738691,EVAE|S1|geobg|0|W04_C2|20260903|4,networks/S1/EVAE/f0_W04_C2_s20260903_d04.csv
S1,0,W04_C2,EVAE,20260903,5,1360351637,EVAE|S1|geobg|0|W04_C2|20260903|5,networks/S1/EVAE/f0_W04_C2_s20260903_d05.csv
S1,0,W04_C2,EVAE,20260903,6,3357278255,EVAE|S1|geobg|0|W04_C2|20260903|6,networks/S1/EVAE/f0_W04_C2_s20260903_d06.csv
S1,0,W04_C2,EVAE,20260903,7,3206230201,EVAE|S1|geobg|0|W04_C2|20260903|7,networks/S1/EVAE/f0_W04_C2_s20260903_d07.csv
S1,0,W04_C2,EVAE,7,0,2036697000,EVAE|S1|geobg|0|W04_C2|7|0,networks/S1/EVAE/f0_W04_C2_s7_d00.csv
S1,0,W04_C2,EVAE,7,1,241350462,EVAE|S1|geobg|0|W04_C2|7|1,networks/S1/EVAE/f0_W04_C2_s7_d01.csv
S1,0,W04_C2,EVAE,7,2,2540430980,EVAE|S1|geobg|0|W04_C2|7|2,networks/S1/EVAE/f0_W04_C2_s7_d02.csv
S1,0,W04_C2,EVAE,7,3,3765229074,EVAE|S1|geobg|0|W04_C2|7|3,networks/S1/EVAE/f0_W04_C2_s7_d03.csv
S1,0,W04_C2,EVAE,7,4,2114470833,EVAE|S1|geobg|0|W04_C2|7|4,networks/S1/EVAE/f0_W04_C2_s7_d04.csv
S1,0,W04_C2,EVAE,7,5,152007463,EVAE|S1|geobg|0|W04_C2|7|5,networks/S1/EVAE/f0_W04_C2_s7_d05.csv
S1,0,W04_C2,EVAE,7,6,2416321181,EVAE|S1|geobg|0|W04_C2|7|6,networks/S1/EVAE/f0_W04_C2_s7_d06.csv
S1,0,W04_C2,EVAE,7,7,3875607051,EVAE|S1|geobg|0|W04_C2|7|7,networks/S1/EVAE/f0_W04_C2_s7_d07.csv
S1,0,W04_C2,ADFNE,1337,0,4017222185,ADFNE|S1|main|0|W04_C2|1337|0,networks/S1/ADFNE/f0_W04_C2_s1337_d00.csv
S1,0,W04_C2,ADFNE,1337,1,2557919935,ADFNE|S1|main|0|W04_C2|1337|1,networks/S1/ADFNE/f0_W04_C2_s1337_d01.csv
S1,0,W04_C2,ADFNE,1337,2,25137925,ADFNE|S1|main|0|W04_C2|1337|2,networks/S1/ADFNE/f0_W04_C2_s1337_d02.csv
S1,0,W04_C2,ADFNE,1337,3,1987617683,ADFNE|S1|main|0|W04_C2|1337|3,networks/S1/ADFNE/f0_W04_C2_s1337_d03.csv
S1,0,W04_C2,ADFNE,1337,4,3894162992,ADFNE|S1|main|0|W04_C2|1337|4,networks/S1/ADFNE/f0_W04_C2_s1337_d04.csv
S1,0,W04_C2,ADFNE,1337,5,2669348518,ADFNE|S1|main|0|W04_C2|1337|5,networks/S1/ADFNE/f0_W04_C2_s1337_d05.csv
S1,0,W04_C2,ADFNE,1337,6,101865244,ADFNE|S1|main|0|W04_C2|1337|6,networks/S1/ADFNE/f0_W04_C2_s1337_d06.csv
S1,0,W04_C2,ADFNE,1337,7,1897228170,ADFNE|S1|main|0|W04_C2|1337|7,networks/S1/ADFNE/f0_W04_C2_s1337_d07.csv
S1,0,W04_C2,ADFNE,20260903,0,4061638396,ADFNE|S1|main|0|W04_C2|20260903|0,networks/S1/ADFNE/f0_W04_C2_s20260903_d00.csv
S1,0,W04_C2,ADFNE,20260903,1,2232458858,ADFNE|S1|main|0|W04_C2|20260903|1,networks/S1/ADFNE/f0_W04_C2_s20260903_d01.csv
S1,0,W04_C2,ADFNE,20260903,2,471453648,ADFNE|S1|main|0|W04_C2|20260903|2,networks/S1/ADFNE/f0_W04_C2_s20260903_d02.csv
S1,0,W04_C2,ADFNE,20260903,3,1797193542,ADFNE|S1|main|0|W04_C2|20260903|3,networks/S1/ADFNE/f0_W04_C2_s20260903_d03.csv
S1,0,W04_C2,ADFNE,20260903,4,4118440677,ADFNE|S1|main|0|W04_C2|20260903|4,networks/S1/ADFNE/f0_W04_C2_s20260903_d04.csv
S1,0,W04_C2,ADFNE,20260903,5,2189253235,ADFNE|S1|main|0|W04_C2|20260903|5,networks/S1/ADFNE/f0_W04_C2_s20260903_d05.csv
S1,0,W04_C2,ADFNE,20260903,6,460590025,ADFNE|S1|main|0|W04_C2|20260903|6,networks/S1/ADFNE/f0_W04_C2_s20260903_d06.csv
S1,0,W04_C2,ADFNE,20260903,7,1819491167,ADFNE|S1|main|0|W04_C2|20260903|7,networks/S1/ADFNE/f0_W04_C2_s20260903_d07.csv
S1,0,W04_C2,ADFNE,7,0,1924618470,ADFNE|S1|main|0|W04_C2|7|0,networks/S1/ADFNE/f0_W04_C2_s7_d00.csv
S1,0,W04_C2,ADFNE,7,1,95447152,ADFNE|S1|main|0|W04_C2|7|1,networks/S1/ADFNE/f0_W04_C2_s7_d01.csv
S1,0,W04_C2,ADFNE,7,2,2629384650,ADFNE|S1|main|0|W04_C2|7|2,networks/S1/ADFNE/f0_W04_C2_s7_d02.csv
S1,0,W04_C2,ADFNE,7,3,3955099996,ADFNE|S1|main|0|W04_C2|7|3,networks/S1/ADFNE/f0_W04_C2_s7_d03.csv
S1,0,W04_C2,ADFNE,7,4,1977261311,ADFNE|S1|main|0|W04_C2|7|4,networks/S1/ADFNE/f0_W04_C2_s7_d04.csv
S1,0,W04_C2,ADFNE,7,5,48082025,ADFNE|S1|main|0|W04_C2|7|5,networks/S1/ADFNE/f0_W04_C2_s7_d05.csv
S1,0,W04_C2,ADFNE,7,6,2614427091,ADFNE|S1|main|0|W04_C2|7|6,networks/S1/ADFNE/f0_W04_C2_s7_d06.csv
S1,0,W04_C2,ADFNE,7,7,3973303621,ADFNE|S1|main|0|W04_C2|7|7,networks/S1/ADFNE/f0_W04_C2_s7_d07.csv
S1,0,W04_C2,KDE,1337,0,225308966,KDE|S1|main|0|W04_C2|1337|0,networks/S1/KDE/f0_W04_C2_s1337_d00.csv
S1,0,W04_C2,KDE,1337,1,2053816752,KDE|S1|main|0|W04_C2|1337|1,networks/S1/KDE/f0_W04_C2_s1337_d01.csv
S1,0,W04_C2,KDE,1337,2,3814952970,KDE|S1|main|0|W04_C2|1337|2,networks/S1/KDE/f0_W04_C2_s1337_d02.csv
S1,0,W04_C2,KDE,1337,3,2489622684,KDE|S1|main|0|W04_C2|1337|3,networks/S1/KDE/f0_W04_C2_s1337_d03.csv
S1,0,W04_C2,KDE,1337,4,167785791,KDE|S1|main|0|W04_C2|1337|4,networks/S1/KDE/f0_W04_C2_s1337_d04.csv
S1,0,W04_C2,KDE,1337,5,2097612201,KDE|S1|main|0|W04_C2|1337|5,networks/S1/KDE/f0_W04_C2_s1337_d05.csv
S1,0,W04_C2,KDE,1337,6,3826144275,KDE|S1|main|0|W04_C2|1337|6,networks/S1/KDE/f0_W04_C2_s1337_d06.csv
S1,0,W04_C2,KDE,1337,7,2466866309,KDE|S1|main|0|W04_C2|1337|7,networks/S1/KDE/f0_W04_C2_s1337_d07.csv
S1,0,W04_C2,KDE,20260903,0,4316922,KDE|S1|main|0|W04_C2|20260903|0,networks/S1/KDE/f0_W04_C2_s20260903_d00.csv
S1,0,W04_C2,KDE,20260903,1,2001137260,KDE|S1|main|0|W04_C2|20260903|1,networks/S1/KDE/f0_W04_C2_s20260903_d01.csv
S1,0,W04_C2,KDE,20260903,2,3998203862,KDE|S1|main|0|W04_C2|20260903|2,networks/S1/KDE/f0_W04_C2_s20260903_d02.csv
S1,0,W04_C2,KDE,20260903,3,2571669312,KDE|S1|main|0|W04_C2|20260903|3,networks/S1/KDE/f0_W04_C2_s20260903_d03.csv
S1,0,W04_C2,KDE,20260903,4,120330979,KDE|S1|main|0|W04_C2|20260903|4,networks/S1/KDE/f0_W04_C2_s20260903_d04.csv
S1,0,W04_C2,KDE,20260903,5,1881877109,KDE|S1|main|0|W04_C2|20260903|5,networks/S1/KDE/f0_W04_C2_s20260903_d05.csv
S1,0,W04_C2,KDE,20260903,6,3911351247,KDE|S1|main|0|W04_C2|20260903|6,networks/S1/KDE/f0_W04_C2_s20260903_d06.csv
S1,0,W04_C2,KDE,20260903,7,2653244249,KDE|S1|main|0|W04_C2|20260903|7,networks/S1/KDE/f0_W04_C2_s20260903_d07.csv
S1,0,W04_C2,KDE,7,0,3402394443,KDE|S1|main|0|W04_C2|7|0,networks/S1/KDE/f0_W04_C2_s7_d00.csv
S1,0,W04_C2,KDE,7,1,3184221149,KDE|S1|main|0|W04_C2|7|1,networks/S1/KDE/f0_W04_C2_s7_d01.csv
S1,0,W04_C2,KDE,7,2,616696423,KDE|S1|main|0|W04_C2|7|2,networks/S1/KDE/f0_W04_C2_s7_d02.csv
S1,0,W04_C2,KDE,7,3,1405434609,KDE|S1|main|0|W04_C2|7|3,networks/S1/KDE/f0_W04_C2_s7_d03.csv
S1,0,W04_C2,KDE,7,4,3449925458,KDE|S1|main|0|W04_C2|7|4,networks/S1/KDE/f0_W04_C2_s7_d04.csv
S1,0,W04_C2,KDE,7,5,3131482052,KDE|S1|main|0|W04_C2|7|5,networks/S1/KDE/f0_W04_C2_s7_d05.csv
S1,0,W04_C2,KDE,7,6,598724222,KDE|S1|main|0|W04_C2|7|6,networks/S1/KDE/f0_W04_C2_s7_d06.csv
S1,0,W04_C2,KDE,7,7,1420361448,KDE|S1|main|0|W04_C2|7|7,networks/S1/KDE/f0_W04_C2_s7_d07.csv
S1,0,W04_C4,EVAE,1337,0,1030172999,EVAE|S1|geobg|0|W04_C4|1337|0,networks/S1/EVAE/f0_W04_C4_s1337_d00.csv
S1,0,W04_C4,EVAE,1337,1,1247805905,EVAE|S1|geobg|0|W04_C4|1337|1,networks/S1/EVAE/f0_W04_C4_s1337_d01.csv
S1,0,W04_C4,EVAE,1337,2,3546894443,EVAE|S1|geobg|0|W04_C4|1337|2,networks/S1/EVAE/f0_W04_C4_s1337_d02.csv
S1,0,W04_C4,EVAE,1337,3,2758697213,EVAE|S1|geobg|0|W04_C4|1337|3,networks/S1/EVAE/f0_W04_C4_s1337_d03.csv
S1,0,W04_C4,EVAE,1337,4,973796702,EVAE|S1|geobg|0|W04_C4|1337|4,networks/S1/EVAE/f0_W04_C4_s1337_d04.csv
S1,0,W04_C4,EVAE,1337,5,1292748232,EVAE|S1|geobg|0|W04_C4|1337|5,networks/S1/EVAE/f0_W04_C4_s1337_d05.csv
S1,0,W04_C4,EVAE,1337,6,3557069938,EVAE|S1|geobg|0|W04_C4|1337|6,networks/S1/EVAE/f0_W04_C4_s1337_d06.csv
S1,0,W04_C4,EVAE,1337,7,2734925028,EVAE|S1|geobg|0|W04_C4|1337|7,networks/S1/EVAE/f0_W04_C4_s1337_d07.csv
S1,0,W04_C4,EVAE,20260903,0,3460432122,EVAE|S1|geobg|0|W04_C4|20260903|0,networks/S1/EVAE/f0_W04_C4_s20260903_d00.csv
S1,0,W04_C4,EVAE,20260903,1,3108319340,EVAE|S1|geobg|0|W04_C4|20260903|1,networks/S1/EVAE/f0_W04_C4_s20260903_d01.csv
S1,0,W04_C4,EVAE,20260903,2,541876694,EVAE|S1|geobg|0|W04_C4|20260903|2,networks/S1/EVAE/f0_W04_C4_s20260903_d02.csv
S1,0,W04_C4,EVAE,20260903,3,1464553792,EVAE|S1|geobg|0|W04_C4|20260903|3,networks/S1/EVAE/f0_W04_C4_s20260903_d03.csv
S1,0,W04_C4,EVAE,20260903,4,3375351011,EVAE|S1|geobg|0|W04_C4|20260903|4,networks/S1/EVAE/f0_W04_C4_s20260903_d04.csv
S1,0,W04_C4,EVAE,20260903,5,3190355061,EVAE|S1|geobg|0|W04_C4|20260903|5,networks/S1/EVAE/f0_W04_C4_s20260903_d05.csv
S1,0,W04_C4,EVAE,20260903,6,656516559,EVAE|S1|geobg|0|W04_C4|20260903|6,networks/S1/EVAE/f0_W04_C4_s20260903_d06.csv
S1,0,W04_C4,EVAE,20260903,7,1344705881,EVAE|S1|geobg|0|W04_C4|20260903|7,networks/S1/EVAE/f0_W04_C4_s20260903_d07.csv
S1,0,W04_C4,EVAE,7,0,4129649160,EVAE|S1|geobg|0|W04_C4|7|0,networks/S1/EVAE/f0_W04_C4_s7_d00.csv
S1,0,W04_C4,EVAE,7,1,2166506142,EVAE|S1|geobg|0|W04_C4|7|1,networks/S1/EVAE/f0_W04_C4_s7_d01.csv
S1,0,W04_C4,EVAE,7,2,405476132,EVAE|S1|geobg|0|W04_C4|7|2,networks/S1/EVAE/f0_W04_C4_s7_d02.csv
S1,0,W04_C4,EVAE,7,3,1865163698,EVAE|S1|geobg|0|W04_C4|7|3,networks/S1/EVAE/f0_W04_C4_s7_d03.csv
S1,0,W04_C4,EVAE,7,4,4048074257,EVAE|S1|geobg|0|W04_C4|7|4,networks/S1/EVAE/f0_W04_C4_s7_d04.csv
S1,0,W04_C4,EVAE,7,5,2253358727,EVAE|S1|geobg|0|W04_C4|7|5,networks/S1/EVAE/f0_W04_C4_s7_d05.csv
S1,0,W04_C4,EVAE,7,6,524736317,EVAE|S1|geobg|0|W04_C4|7|6,networks/S1/EVAE/f0_W04_C4_s7_d06.csv
S1,0,W04_C4,EVAE,7,7,1749149611,EVAE|S1|geobg|0|W04_C4|7|7,networks/S1/EVAE/f0_W04_C4_s7_d07.csv
S1,0,W04_C4,ADFNE,1337,0,689896366,ADFNE|S1|main|0|W04_C4|1337|0,networks/S1/ADFNE/f0_W04_C4_s1337_d00.csv
S1,0,W04_C4,ADFNE,1337,1,1578748728,ADFNE|S1|main|0|W04_C4|1337|1,networks/S1/ADFNE/f0_W04_C4_s1337_d01.csv
S1,0,W04_C4,ADFNE,1337,2,3339754114,ADFNE|S1|main|0|W04_C4|1337|2,networks/S1/ADFNE/f0_W04_C4_s1337_d02.csv
S1,0,W04_C4,ADFNE,1337,3,2954340884,ADFNE|S1|main|0|W04_C4|1337|3,networks/S1/ADFNE/f0_W04_C4_s1337_d03.csv
S1,0,W04_C4,ADFNE,1337,4,779304887,ADFNE|S1|main|0|W04_C4|1337|4,networks/S1/ADFNE/f0_W04_C4_s1337_d04.csv
S1,0,W04_C4,ADFNE,1337,5,1500778273,ADFNE|S1|main|0|W04_C4|1337|5,networks/S1/ADFNE/f0_W04_C4_s1337_d05.csv
S1,0,W04_C4,ADFNE,1337,6,3229441691,ADFNE|S1|main|0|W04_C4|1337|6,networks/S1/ADFNE/f0_W04_C4_s1337_d06.csv
S1,0,W04_C4,ADFNE,1337,7,3078254093,ADFNE|S1|main|0|W04_C4|1337|7,networks/S1/ADFNE/f0_W04_C4_s1337_d07.csv
S1,0,W04_C4,ADFNE,20260903,0,489294620,ADFNE|S1|main|0|W04_C4|20260903|0,networks/S1/ADFNE/f0_W04_C4_s20260903_d00.csv
S1,0,W04_C4,ADFNE,20260903,1,1781349258,ADFNE|S1|main|0|W04_C4|20260903|1,networks/S1/ADFNE/f0_W04_C4_s20260903_d01.csv
S1,0,W04_C4,ADFNE,20260903,2,4079249968,ADFNE|S1|main|0|W04_C4|20260903|2,networks/S1/ADFNE/f0_W04_C4_s20260903_d02.csv
S1,0,W04_C4,ADFNE,20260903,3,2216909478,ADFNE|S1|main|0|W04_C4|20260903|3,networks/S1/ADFNE/f0_W04_C4_s20260903_d03.csv
S1,0,W04_C4,ADFNE,20260903,4,440913669,ADFNE|S1|main|0|W04_C4|20260903|4,networks/S1/ADFNE/f0_W04_C4_s20260903_d04.csv
S1,0,W04_C4,ADFNE,20260903,5,1832976275,ADFNE|S1|main|0|W04_C4|20260903|5,networks/S1/ADFNE/f0_W04_C4_s20260903_d05.csv
S1,0,W04_C4,ADFNE,20260903,6,4098469417,ADFNE|S1|main|0|W04_C4|20260903|6,networks/S1/ADFNE/f0_W04_C4_s20260903_d06.csv
S1,0,W04_C4,ADFNE,20260903,7,2202967743,ADFNE|S1|main|0|W04_C4|20260903|7,networks/S1/ADFNE/f0_W04_C4_s20260903_d07.csv
S1,0,W04_C4,ADFNE,7,0,4260867398,ADFNE|S1|main|0|W04_C4|7|0,networks/S1/ADFNE/f0_W04_C4_s7_d00.csv
S1,0,W04_C4,ADFNE,7,1,2331024848,ADFNE|S1|main|0|W04_C4|7|1,networks/S1/ADFNE/f0_W04_C4_s7_d01.csv
S1,0,W04_C4,ADFNE,7,2,335137898,ADFNE|S1|main|0|W04_C4|7|2,networks/S1/ADFNE/f0_W04_C4_s7_d02.csv
S1,0,W04_C4,ADFNE,7,3,1694432508,ADFNE|S1|main|0|W04_C4|7|3,networks/S1/ADFNE/f0_W04_C4_s7_d03.csv
S1,0,W04_C4,ADFNE,7,4,4204423519,ADFNE|S1|main|0|W04_C4|7|4,networks/S1/ADFNE/f0_W04_C4_s7_d04.csv
S1,0,W04_C4,ADFNE,7,5,2375899593,ADFNE|S1|main|0|W04_C4|7|5,networks/S1/ADFNE/f0_W04_C4_s7_d05.csv
S1,0,W04_C4,ADFNE,7,6,345245811,ADFNE|S1|main|0|W04_C4|7|6,networks/S1/ADFNE/f0_W04_C4_s7_d06.csv
S1,0,W04_C4,ADFNE,7,7,1670592741,ADFNE|S1|main|0|W04_C4|7|7,networks/S1/ADFNE/f0_W04_C4_s7_d07.csv
S1,0,W04_C4,KDE,1337,0,3405969569,KDE|S1|main|0|W04_C4|1337|0,networks/S1/KDE/f0_W04_C4_s1337_d00.csv
S1,0,W04_C4,KDE,1337,1,3154495543,KDE|S1|main|0|W04_C4|1337|1,networks/S1/KDE/f0_W04_C4_s1337_d01.csv
S1,0,W04_C4,KDE,1337,2,621582733,KDE|S1|main|0|W04_C4|1337|2,networks/S1/KDE/f0_W04_C4_s1337_d02.csv
S1,0,W04_C4,KDE,1337,3,1376495899,KDE|S1|main|0|W04_C4|1337|3,networks/S1/KDE/f0_W04_C4_s1337_d03.csv
S1,0,W04_C4,KDE,1337,4,3429842104,KDE|S1|main|0|W04_C4|1337|4,networks/S1/KDE/f0_W04_C4_s1337_d04.csv
S1,0,W04_C4,KDE,1337,5,3144158254,KDE|S1|main|0|W04_C4|1337|5,networks/S1/KDE/f0_W04_C4_s1337_d05.csv
S1,0,W04_C4,KDE,1337,6,576806292,KDE|S1|main|0|W04_C4|1337|6,networks/S1/KDE/f0_W04_C4_s1337_d06.csv
S1,0,W04_C4,KDE,1337,7,1432775938,KDE|S1|main|0|W04_C4|1337|7,networks/S1/KDE/f0_W04_C4_s1337_d07.csv
S1,0,W04_C4,KDE,20260903,0,4017912602,KDE|S1|main|0|W04_C4|20260903|0,networks/S1/KDE/f0_W04_C4_s20260903_d00.csv
S1,0,W04_C4,KDE,20260903,1,2558217100,KDE|S1|main|0|W04_C4|20260903|1,networks/S1/KDE/f0_W04_C4_s20260903_d01.csv
S1,0,W04_C4,KDE,20260903,2,24255030,KDE|S1|main|0|W04_C4|20260903|2,networks/S1/KDE/f0_W04_C4_s20260903_d02.csv
S1,0,W04_C4,KDE,20260903,3,1987390112,KDE|S1|main|0|W04_C4|20260903|3,networks/S1/KDE/f0_W04_C4_s20260903_d03.csv
S1,0,W04_C4,KDE,20260903,4,3893477123,KDE|S1|main|0|W04_C4|20260903|4,networks/S1/KDE/f0_W04_C4_s20260903_d04.csv
S1,0,W04_C4,KDE,20260903,5,2669055893,KDE|S1|main|0|W04_C4|20260903|5,networks/S1/KDE/f0_W04_C4_s20260903_d05.csv
S1,0,W04_C4,KDE,20260903,6,102751791,KDE|S1|main|0|W04_C4|20260903|6,networks/S1/KDE/f0_W04_C4_s20260903_d06.csv
S1,0,W04_C4,KDE,20260903,7,1897459385,KDE|S1|main|0|W04_C4|20260903|7,networks/S1/KDE/f0_W04_C4_s20260903_d07.csv
S1,0,W04_C4,KDE,7,0,1166843627,KDE|S1|main|0|W04_C4|7|0,networks/S1/KDE/f0_W04_C4_s7_d00.csv
S1,0,W04_C4,KDE,7,1,848014973,KDE|S1|main|0|W04_C4|7|1,networks/S1/KDE/f0_W04_C4_s7_d01.csv
S1,0,W04_C4,KDE,7,2,2877489095,KDE|S1|main|0|W04_C4|7|2,networks/S1/KDE/f0_W04_C4_s7_d02.csv
S1,0,W04_C4,KDE,7,3,3699756881,KDE|S1|main|0|W04_C4|7|3,networks/S1/KDE/f0_W04_C4_s7_d03.csv
S1,0,W04_C4,KDE,7,4,1122065138,KDE|S1|main|0|W04_C4|7|4,networks/S1/KDE/f0_W04_C4_s7_d04.csv
S1,0,W04_C4,KDE,7,5,904292964,KDE|S1|main|0|W04_C4|7|5,networks/S1/KDE/f0_W04_C4_s7_d05.csv
S1,0,W04_C4,KDE,7,6,2901359582,KDE|S1|main|0|W04_C4|7|6,networks/S1/KDE/f0_W04_C4_s7_d06.csv
S1,0,W04_C4,KDE,7,7,3689417544,KDE|S1|main|0|W04_C4|7|7,networks/S1/KDE/f0_W04_C4_s7_d07.csv
S1,0,W04_C6,EVAE,1337,0,2135045690,EVAE|S1|geobg|0|W04_C6|1337|0,networks/S1/EVAE/f0_W04_C6_s1337_d00.csv
S1,0,W04_C6,EVAE,1337,1,138741420,EVAE|S1|geobg|0|W04_C6|1337|1,networks/S1/EVAE/f0_W04_C6_s1337_d01.csv
S1,0,W04_C6,EVAE,1337,2,2437699350,EVAE|S1|geobg|0|W04_C6|1337|2,networks/S1/EVAE/f0_W04_C6_s1337_d02.csv
S1,0,W04_C6,EVAE,1337,3,3863701376,EVAE|S1|geobg|0|W04_C6|1337|3,networks/S1/EVAE/f0_W04_C6_s1337_d03.csv
S1,0,W04_C6,EVAE,1337,4,2016408099,EVAE|S1|geobg|0|W04_C6|1337|4,networks/S1/EVAE/f0_W04_C6_s1337_d04.csv
S1,0,W04_C6,EVAE,1337,5,254329525,EVAE|S1|geobg|0|W04_C6|1337|5,networks/S1/EVAE/f0_W04_C6_s1337_d05.csv
S1,0,W04_C6,EVAE,1337,6,2518782735,EVAE|S1|geobg|0|W04_C6|1337|6,networks/S1/EVAE/f0_W04_C6_s1337_d06.csv
S1,0,W04_C6,EVAE,1337,7,3777405849,EVAE|S1|geobg|0|W04_C6|1337|7,networks/S1/EVAE/f0_W04_C6_s1337_d07.csv
S1,0,W04_C6,EVAE,20260903,0,578395749,EVAE|S1|geobg|0|W04_C6|20260903|0,networks/S1/EVAE/f0_W04_C6_s20260903_d00.csv
S1,0,W04_C6,EVAE,20260903,1,1434365683,EVAE|S1|geobg|0|W04_C6|20260903|1,networks/S1/EVAE/f0_W04_C6_s20260903_d01.csv
S1,0,W04_C6,EVAE,20260903,2,3430416201,EVAE|S1|geobg|0|W04_C6|20260903|2,networks/S1/EVAE/f0_W04_C6_s20260903_d02.csv
S1,0,W04_C6,EVAE,20260903,3,3144732639,EVAE|S1|geobg|0|W04_C6|20260903|3,networks/S1/EVAE/f0_W04_C6_s20260903_d03.csv
S1,0,W04_C6,EVAE,20260903,4,622090876,EVAE|S1|geobg|0|W04_C6|20260903|4,networks/S1/EVAE/f0_W04_C6_s20260903_d04.csv
S1,0,W04_C6,EVAE,20260903,5,1377004266,EVAE|S1|geobg|0|W04_C6|20260903|5,networks/S1/EVAE/f0_W04_C6_s20260903_d05.csv
S1,0,W04_C6,EVAE,20260903,6,3407493968,EVAE|S1|geobg|0|W04_C6|20260903|6,networks/S1/EVAE/f0_W04_C6_s20260903_d06.csv
S1,0,W04_C6,EVAE,20260903,7,3156020166,EVAE|S1|geobg|0|W04_C6|20260903|7,networks/S1/EVAE/f0_W04_C6_s20260903_d07.csv
S1,0,W04_C6,EVAE,7,0,2363826536,EVAE|S1|geobg|0|W04_C6|7|0,networks/S1/EVAE/f0_W04_C6_s7_d00.csv
S1,0,W04_C6,EVAE,7,1,4225896958,EVAE|S1|geobg|0|W04_C6|7|1,networks/S1/EVAE/f0_W04_C6_s7_d01.csv
S1,0,W04_C6,EVAE,7,2,1659584580,EVAE|S1|geobg|0|W04_C6|7|2,networks/S1/EVAE/f0_W04_C6_s7_d02.csv
S1,0,W04_C6,EVAE,7,3,367816914,EVAE|S1|geobg|0|W04_C6|7|3,networks/S1/EVAE/f0_W04_C6_s7_d03.csv
S1,0,W04_C6,EVAE,7,4,2341004657,EVAE|S1|geobg|0|W04_C6|7|4,networks/S1/EVAE/f0_W04_C6_s7_d04.csv
S1,0,W04_C6,EVAE,7,5,4237284839,EVAE|S1|geobg|0|W04_C6|7|5,networks/S1/EVAE/f0_W04_C6_s7_d05.csv
S1,0,W04_C6,EVAE,7,6,1703314525,EVAE|S1|geobg|0|W04_C6|7|6,networks/S1/EVAE/f0_W04_C6_s7_d06.csv
S1,0,W04_C6,EVAE,7,7,310490315,EVAE|S1|geobg|0|W04_C6|7|7,networks/S1/EVAE/f0_W04_C6_s7_d07.csv
S1,0,W04_C6,ADFNE,1337,0,1799093459,ADFNE|S1|main|0|W04_C6|1337|0,networks/S1/ADFNE/f0_W04_C6_s1337_d00.csv
S1,0,W04_C6,ADFNE,1337,1,473746501,ADFNE|S1|main|0|W04_C6|1337|1,networks/S1/ADFNE/f0_W04_C6_s1337_d01.csv
S1,0,W04_C6,ADFNE,1337,2,2234883583,ADFNE|S1|main|0|W04_C6|1337|2,networks/S1/ADFNE/f0_W04_C6_s1337_d02.csv
S1,0,W04_C6,ADFNE,1337,3,4063407465,ADFNE|S1|main|0|W04_C6|1337|3,networks/S1/ADFNE/f0_W04_C6_s1337_d03.csv
S1,0,W04_C6,ADFNE,1337,4,1817589962,ADFNE|S1|main|0|W04_C6|1337|4,networks/S1/ADFNE/f0_W04_C6_s1337_d04.csv
S1,0,W04_C6,ADFNE,1337,5,458295388,ADFNE|S1|main|0|W04_C6|1337|5,networks/S1/ADFNE/f0_W04_C6_s1337_d05.csv
S1,0,W04_C6,ADFNE,1337,6,2186828262,ADFNE|S1|main|0|W04_C6|1337|6,networks/S1/ADFNE/f0_W04_C6_s1337_d06.csv
S1,0,W04_C6,ADFNE,1337,7,4116670832,ADFNE|S1|main|0|W04_C6|1337|7,networks/S1/ADFNE/f0_W04_C6_s1337_d07.csv
S1,0,W04_C6,ADFNE,20260903,0,4044461443,ADFNE|S1|main|0|W04_C6|20260903|0,networks/S1/ADFNE/f0_W04_C6_s20260903_d00.csv
S1,0,W04_C6,ADFNE,20260903,1,2249630997,ADFNE|S1|main|0|W04_C6|20260903|1,networks/S1/ADFNE/f0_W04_C6_s20260903_d01.csv
S1,0,W04_C6,ADFNE,20260903,2,522187951,ADFNE|S1|main|0|W04_C6|20260903|2,networks/S1/ADFNE/f0_W04_C6_s20260903_d02.csv
S1,0,W04_C6,ADFNE,20260903,3,1746453561,ADFNE|S1|main|0|W04_C6|20260903|3,networks/S1/ADFNE/f0_W04_C6_s20260903_d03.csv
S1,0,W04_C6,ADFNE,20260903,4,4135342490,ADFNE|S1|main|0|W04_C6|20260903|4,networks/S1/ADFNE/f0_W04_C6_s20260903_d04.csv
S1,0,W04_C6,ADFNE,20260903,5,2172346636,ADFNE|S1|main|0|W04_C6|20260903|5,networks/S1/ADFNE/f0_W04_C6_s20260903_d05.csv
S1,0,W04_C6,ADFNE,20260903,6,410136758,ADFNE|S1|main|0|W04_C6|20260903|6,networks/S1/ADFNE/f0_W04_C6_s20260903_d06.csv
S1,0,W04_C6,ADFNE,20260903,7,1869938720,ADFNE|S1|main|0|W04_C6|20260903|7,networks/S1/ADFNE/f0_W04_C6_s20260903_d07.csv
S1,0,W04_C6,ADFNE,7,0,2268593702,ADFNE|S1|main|0|W04_C6|7|0,networks/S1/ADFNE/f0_W04_C6_s7_d00.csv
S1,0,W04_C6,ADFNE,7,1,4029730480,ADFNE|S1|main|0|W04_C6|7|1,networks/S1/ADFNE/f0_W04_C6_s7_d01.csv
S1,0,W04_C6,ADFNE,7,2,1765383946,ADFNE|S1|main|0|W04_C6|7|2,networks/S1/ADFNE/f0_W04_C6_s7_d02.csv
S1,0,W04_C6,ADFNE,7,3,507424668,ADFNE|S1|main|0|W04_C6|7|3,networks/S1/ADFNE/f0_W04_C6_s7_d03.csv
S1,0,W04_C6,ADFNE,7,4,2153396799,ADFNE|S1|main|0|W04_C6|7|4,networks/S1/ADFNE/f0_W04_C6_s7_d04.csv
S1,0,W04_C6,ADFNE,7,5,4150069929,ADFNE|S1|main|0|W04_C6|7|5,networks/S1/ADFNE/f0_W04_C6_s7_d05.csv
S1,0,W04_C6,ADFNE,7,6,1851022099,ADFNE|S1|main|0|W04_C6|7|6,networks/S1/ADFNE/f0_W04_C6_s7_d06.csv
S1,0,W04_C6,ADFNE,7,7,424897413,ADFNE|S1|main|0|W04_C6|7|7,networks/S1/ADFNE/f0_W04_C6_s7_d07.csv
S1,0,W04_C6,KDE,1337,0,2301099996,KDE|S1|main|0|W04_C6|1337|0,networks/S1/KDE/f0_W04_C6_s1337_d00.csv
S1,0,W04_C6,KDE,1337,1,4263563082,KDE|S1|main|0|W04_C6|1337|1,networks/S1/KDE/f0_W04_C6_s1337_d01.csv
S1,0,W04_C6,KDE,1337,2,1730780912,KDE|S1|main|0|W04_C6|1337|2,networks/S1/KDE/f0_W04_C6_s1337_d02.csv
S1,0,W04_C6,KDE,1337,3,271494758,KDE|S1|main|0|W04_C6|1337|3,networks/S1/KDE/f0_W04_C6_s1337_d03.csv
S1,0,W04_C6,KDE,1337,4,2387229637,KDE|S1|main|0|W04_C6|1337|4,networks/S1/KDE/f0_W04_C6_s1337_d04.csv
S1,0,W04_C6,KDE,1337,5,4182575955,KDE|S1|main|0|W04_C6|1337|5,networks/S1/KDE/f0_W04_C6_s1337_d05.csv
S1,0,W04_C6,KDE,1337,6,1615092457,KDE|S1|main|0|W04_C6|1337|6,networks/S1/KDE/f0_W04_C6_s1337_d06.csv
S1,0,W04_C6,KDE,1337,7,390294143,KDE|S1|main|0|W04_C6|1337|7,networks/S1/KDE/f0_W04_C6_s1337_d07.csv
S1,0,W04_C6,KDE,20260903,0,55043461,KDE|S1|main|0|W04_C6|20260903|0,networks/S1/KDE/f0_W04_C6_s20260903_d00.csv
S1,0,W04_C6,KDE,20260903,1,1950405907,KDE|S1|main|0|W04_C6|20260903|1,networks/S1/KDE/f0_W04_C6_s20260903_d01.csv
S1,0,W04_C6,KDE,20260903,2,3981018281,KDE|S1|main|0|W04_C6|20260903|2,networks/S1/KDE/f0_W04_C6_s20260903_d02.csv
S1,0,W04_C6,KDE,20260903,3,2588849215,KDE|S1|main|0|W04_C6|20260903|3,networks/S1/KDE/f0_W04_C6_s20260903_d03.csv
S1,0,W04_C6,KDE,20260903,4,69869980,KDE|S1|main|0|W04_C6|20260903|4,networks/S1/KDE/f0_W04_C6_s20260903_d04.csv
S1,0,W04_C6,KDE,20260903,5,1932333322,KDE|S1|main|0|W04_C6|20260903|5,networks/S1/KDE/f0_W04_C6_s20260903_d05.csv
S1,0,W04_C6,KDE,20260903,6,3928244400,KDE|S1|main|0|W04_C6|20260903|6,networks/S1/KDE/f0_W04_C6_s20260903_d06.csv
S1,0,W04_C6,KDE,20260903,7,2636345382,KDE|S1|main|0|W04_C6|20260903|7,networks/S1/KDE/f0_W04_C6_s20260903_d07.csv
S1,0,W04_C6,KDE,7,0,1061997963,KDE|S1|main|0|W04_C6|7|0,networks/S1/KDE/f0_W04_C6_s7_d00.csv
S1,0,W04_C6,KDE,7,1,1212939549,KDE|S1|main|0|W04_C6|7|1,networks/S1/KDE/f0_W04_C6_s7_d01.csv
S1,0,W04_C6,KDE,7,2,3510807719,KDE|S1|main|0|W04_C6|7|2,networks/S1/KDE/f0_W04_C6_s7_d02.csv
S1,0,W04_C6,KDE,7,3,2789579825,KDE|S1|main|0|W04_C6|7|3,networks/S1/KDE/f0_W04_C6_s7_d03.csv
S1,0,W04_C6,KDE,7,4,941689234,KDE|S1|main|0|W04_C6|7|4,networks/S1/KDE/f0_W04_C6_s7_d04.csv
S1,0,W04_C6,KDE,7,5,1327905028,KDE|S1|main|0|W04_C6|7|5,networks/S1/KDE/f0_W04_C6_s7_d05.csv
S1,0,W04_C6,KDE,7,6,3593431230,KDE|S1|main|0|W04_C6|7|6,networks/S1/KDE/f0_W04_C6_s7_d06.csv
S1,0,W04_C6,KDE,7,7,2703775784,KDE|S1|main|0|W04_C6|7|7,networks/S1/KDE/f0_W04_C6_s7_d07.csv
S1,1,W02_C3,EVAE,1337,0,1726753269,EVAE|S1|geobg|1|W02_C3|1337|0,networks/S1/EVAE/f1_W02_C3_s1337_d00.csv
S1,1,W02_C3,EVAE,1337,1,300620131,EVAE|S1|geobg|1|W02_C3|1337|1,networks/S1/EVAE/f1_W02_C3_s1337_d01.csv
S1,1,W02_C3,EVAE,1337,2,2296531161,EVAE|S1|geobg|1|W02_C3|1337|2,networks/S1/EVAE/f1_W02_C3_s1337_d02.csv
S1,1,W02_C3,EVAE,1337,3,4293228623,EVAE|S1|geobg|1|W02_C3|1337|3,networks/S1/EVAE/f1_W02_C3_s1337_d03.csv
S1,1,W02_C3,EVAE,1337,4,1635905004,EVAE|S1|geobg|1|W02_C3|1337|4,networks/S1/EVAE/f1_W02_C3_s1337_d04.csv
S1,1,W02_C3,EVAE,1337,5,377937274,EVAE|S1|geobg|1|W02_C3|1337|5,networks/S1/EVAE/f1_W02_C3_s1337_d05.csv
S1,1,W02_C3,EVAE,1337,6,2408549568,EVAE|S1|geobg|1|W02_C3|1337|6,networks/S1/EVAE/f1_W02_C3_s1337_d06.csv
S1,1,W02_C3,EVAE,1337,7,4169710678,EVAE|S1|geobg|1|W02_C3|1337|7,networks/S1/EVAE/f1_W02_C3_s1337_d07.csv
S1,1,W02_C3,EVAE,20260903,0,1338162655,EVAE|S1|geobg|1|W02_C3|20260903|0,networks/S1/EVAE/f1_W02_C3_s20260903_d00.csv
S1,1,W02_C3,EVAE,20260903,1,952470857,EVAE|S1|geobg|1|W02_C3|20260903|1,networks/S1/EVAE/f1_W02_C3_s20260903_d01.csv
S1,1,W02_C3,EVAE,20260903,2,2714557683,EVAE|S1|geobg|1|W02_C3|20260903|2,networks/S1/EVAE/f1_W02_C3_s20260903_d02.csv
S1,1,W02_C3,EVAE,20260903,3,3603688549,EVAE|S1|geobg|1|W02_C3|20260903|3,networks/S1/EVAE/f1_W02_C3_s20260903_d03.csv
S1,1,W02_C3,EVAE,20260903,4,1219459526,EVAE|S1|geobg|1|W02_C3|20260903|4,networks/S1/EVAE/f1_W02_C3_s20260903_d04.csv
S1,1,W02_C3,EVAE,20260903,5,1067993424,EVAE|S1|geobg|1|W02_C3|20260903|5,networks/S1/EVAE/f1_W02_C3_s20260903_d05.csv
S1,1,W02_C3,EVAE,20260903,6,2795575530,EVAE|S1|geobg|1|W02_C3|20260903|6,networks/S1/EVAE/f1_W02_C3_s20260903_d06.csv
S1,1,W02_C3,EVAE,20260903,7,3517327484,EVAE|S1|geobg|1|W02_C3|20260903|7,networks/S1/EVAE/f1_W02_C3_s20260903_d07.csv
S1,1,W02_C3,EVAE,7,0,433056752,EVAE|S1|geobg|1|W02_C3|7|0,networks/S1/EVAE/f1_W02_C3_s7_d00.csv
S1,1,W02_C3,EVAE,7,1,1858657126,EVAE|S1|geobg|1|W02_C3|7|1,networks/S1/EVAE/f1_W02_C3_s7_d01.csv
S1,1,W02_C3,EVAE,7,2,4156656348,EVAE|S1|geobg|1|W02_C3|7|2,networks/S1/EVAE/f1_W02_C3_s7_d02.csv
S1,1,W02_C3,EVAE,7,3,2160507466,EVAE|S1|geobg|1|W02_C3|7|3,networks/S1/EVAE/f1_W02_C3_s7_d03.csv
S1,1,W02_C3,EVAE,7,4,513945577,EVAE|S1|geobg|1|W02_C3|7|4,networks/S1/EVAE/f1_W02_C3_s7_d04.csv
S1,1,W02_C3,EVAE,7,5,1772429183,EVAE|S1|geobg|1|W02_C3|7|5,networks/S1/EVAE/f1_W02_C3_s7_d05.csv
S1,1,W02_C3,EVAE,7,6,4037824197,EVAE|S1|geobg|1|W02_C3|7|6,networks/S1/EVAE/f1_W02_C3_s7_d06.csv
S1,1,W02_C3,EVAE,7,7,2276163155,EVAE|S1|geobg|1|W02_C3|7|7,networks/S1/EVAE/f1_W02_C3_s7_d07.csv
S1,1,W02_C3,ADFNE,1337,0,1922425628,ADFNE|S1|main|1|W02_C3|1337|0,networks/S1/ADFNE/f1_W02_C3_s1337_d00.csv
S1,1,W02_C3,ADFNE,1337,1,93508490,ADFNE|S1|main|1|W02_C3|1337|1,networks/S1/ADFNE/f1_W02_C3_s1337_d01.csv
S1,1,W02_C3,ADFNE,1337,2,2627437104,ADFNE|S1|main|1|W02_C3|1337|2,networks/S1/ADFNE/f1_W02_C3_s1337_d02.csv
S1,1,W02_C3,ADFNE,1337,3,3952915110,ADFNE|S1|main|1|W02_C3|1337|3,networks/S1/ADFNE/f1_W02_C3_s1337_d03.csv
S1,1,W02_C3,ADFNE,1337,4,1979197189,ADFNE|S1|main|1|W02_C3|1337|4,networks/S1/ADFNE/f1_W02_C3_s1337_d04.csv
S1,1,W02_C3,ADFNE,1337,5,50272147,ADFNE|S1|main|1|W02_C3|1337|5,networks/S1/ADFNE/f1_W02_C3_s1337_d05.csv
S1,1,W02_C3,ADFNE,1337,6,2616608297,ADFNE|S1|main|1|W02_C3|1337|6,networks/S1/ADFNE/f1_W02_C3_s1337_d06.csv
S1,1,W02_C3,ADFNE,1337,7,3975247551,ADFNE|S1|main|1|W02_C3|1337|7,networks/S1/ADFNE/f1_W02_C3_s1337_d07.csv
S1,1,W02_C3,ADFNE,20260903,0,2628433465,ADFNE|S1|main|1|W02_C3|20260903|0,networks/S1/ADFNE/f1_W02_C3_s20260903_d00.csv
S1,1,W02_C3,ADFNE,20260903,1,3954017967,ADFNE|S1|main|1|W02_C3|20260903|1,networks/S1/ADFNE/f1_W02_C3_s20260903_d01.csv
S1,1,W02_C3,ADFNE,20260903,2,1923405589,ADFNE|S1|main|1|W02_C3|20260903|2,networks/S1/ADFNE/f1_W02_C3_s20260903_d02.csv
S1,1,W02_C3,ADFNE,20260903,3,94627715,ADFNE|S1|main|1|W02_C3|20260903|3,networks/S1/ADFNE/f1_W02_C3_s20260903_d03.csv
S1,1,W02_C3,ADFNE,20260903,4,2613539360,ADFNE|S1|main|1|W02_C3|20260903|4,networks/S1/ADFNE/f1_W02_C3_s20260903_d04.csv
S1,1,W02_C3,ADFNE,20260903,5,3972022966,ADFNE|S1|main|1|W02_C3|20260903|5,networks/S1/ADFNE/f1_W02_C3_s20260903_d05.csv
S1,1,W02_C3,ADFNE,20260903,6,1976111884,ADFNE|S1|main|1|W02_C3|20260903|6,networks/S1/ADFNE/f1_W02_C3_s20260903_d06.csv
S1,1,W02_C3,ADFNE,20260903,7,47063962,ADFNE|S1|main|1|W02_C3|20260903|7,networks/S1/ADFNE/f1_W02_C3_s20260903_d07.csv
S1,1,W02_C3,ADFNE,7,0,303903934,ADFNE|S1|main|1|W02_C3|7|0,networks/S1/ADFNE/f1_W02_C3_s7_d00.csv
S1,1,W02_C3,ADFNE,7,1,1696203816,ADFNE|S1|main|1|W02_C3|7|1,networks/S1/ADFNE/f1_W02_C3_s7_d01.csv
S1,1,W02_C3,ADFNE,7,2,4229125522,ADFNE|S1|main|1|W02_C3|7|2,networks/S1/ADFNE/f1_W02_C3_s7_d02.csv
S1,1,W02_C3,ADFNE,7,3,2333369604,ADFNE|S1|main|1|W02_C3|7|3,networks/S1/ADFNE/f1_W02_C3_s7_d03.csv
S1,1,W02_C3,ADFNE,7,4,359723175,ADFNE|S1|main|1|W02_C3|7|4,networks/S1/ADFNE/f1_W02_C3_s7_d04.csv
S1,1,W02_C3,ADFNE,7,5,1652015153,ADFNE|S1|main|1|W02_C3|7|5,networks/S1/ADFNE/f1_W02_C3_s7_d05.csv
S1,1,W02_C3,ADFNE,7,6,4219376011,ADFNE|S1|main|1|W02_C3|7|6,networks/S1/ADFNE/f1_W02_C3_s7_d06.csv
S1,1,W02_C3,ADFNE,7,7,2356781341,ADFNE|S1|main|1|W02_C3|7|7,networks/S1/ADFNE/f1_W02_C3_s7_d07.csv
S1,1,W02_C3,KDE,1337,0,2424954899,KDE|S1|main|1|W02_C3|1337|0,networks/S1/KDE/f1_W02_C3_s1337_d00.csv
S1,1,W02_C3,KDE,1337,1,3884896389,KDE|S1|main|1|W02_C3|1337|1,networks/S1/KDE/f1_W02_C3_s1337_d01.csv
S1,1,W02_C3,KDE,1337,2,2122809663,KDE|S1|main|1|W02_C3|1337|2,networks/S1/KDE/f1_W02_C3_s1337_d02.csv
S1,1,W02_C3,KDE,1337,3,159429033,KDE|S1|main|1|W02_C3|1337|3,networks/S1/KDE/f1_W02_C3_s1337_d03.csv
S1,1,W02_C3,KDE,1337,4,2548311050,KDE|S1|main|1|W02_C3|1337|4,networks/S1/KDE/f1_W02_C3_s1337_d04.csv
S1,1,W02_C3,KDE,1337,5,3772978332,KDE|S1|main|1|W02_C3|1337|5,networks/S1/KDE/f1_W02_C3_s1337_d05.csv
S1,1,W02_C3,KDE,1337,6,2045396262,KDE|S1|main|1|W02_C3|1337|6,networks/S1/KDE/f1_W02_C3_s1337_d06.csv
S1,1,W02_C3,KDE,1337,7,250443184,KDE|S1|main|1|W02_C3|1337|7,networks/S1/KDE/f1_W02_C3_s1337_d07.csv
S1,1,W02_C3,KDE,20260903,0,1862059583,KDE|S1|main|1|W02_C3|20260903|0,networks/S1/KDE/f1_W02_C3_s20260903_d00.csv
S1,1,W02_C3,KDE,20260903,1,435943081,KDE|S1|main|1|W02_C3|20260903|1,networks/S1/KDE/f1_W02_C3_s20260903_d01.csv
S1,1,W02_C3,KDE,20260903,2,2163386131,KDE|S1|main|1|W02_C3|20260903|2,networks/S1/KDE/f1_W02_C3_s20260903_d02.csv
S1,1,W02_C3,KDE,20260903,3,4160067461,KDE|S1|main|1|W02_C3|20260903|3,networks/S1/KDE/f1_W02_C3_s20260903_d03.csv
S1,1,W02_C3,KDE,20260903,4,1771110950,KDE|S1|main|1|W02_C3|20260903|4,networks/S1/KDE/f1_W02_C3_s20260903_d04.csv
S1,1,W02_C3,KDE,20260903,5,513159856,KDE|S1|main|1|W02_C3|20260903|5,networks/S1/KDE/f1_W02_C3_s20260903_d05.csv
S1,1,W02_C3,KDE,20260903,6,2275369738,KDE|S1|main|1|W02_C3|20260903|6,networks/S1/KDE/f1_W02_C3_s20260903_d06.csv
S1,1,W02_C3,KDE,20260903,7,4036514716,KDE|S1|main|1|W02_C3|20260903|7,networks/S1/KDE/f1_W02_C3_s20260903_d07.csv
S1,1,W02_C3,KDE,7,0,2858813203,KDE|S1|main|1|W02_C3|7|0,networks/S1/KDE/f1_W02_C3_s7_d00.csv
S1,1,W02_C3,KDE,7,1,3714135941,KDE|S1|main|1|W02_C3|7|1,networks/S1/KDE/f1_W02_C3_s7_d01.csv
S1,1,W02_C3,KDE,7,2,1147692607,KDE|S1|main|1|W02_C3|7|2,networks/S1/KDE/f1_W02_C3_s7_d02.csv
S1,1,W02_C3,KDE,7,3,862934697,KDE|S1|main|1|W02_C3|7|3,networks/S1/KDE/f1_W02_C3_s7_d03.csv
S1,1,W02_C3,KDE,7,4,2903229194,KDE|S1|main|1|W02_C3|7|4,networks/S1/KDE/f1_W02_C3_s7_d04.csv
S1,1,W02_C3,KDE,7,5,3658281884,KDE|S1|main|1|W02_C3|7|5,networks/S1/KDE/f1_W02_C3_s7_d05.csv
S1,1,W02_C3,KDE,7,6,1124442662,KDE|S1|main|1|W02_C3|7|6,networks/S1/KDE/f1_W02_C3_s7_d06.csv
S1,1,W02_C3,KDE,7,7,872583856,KDE|S1|main|1|W02_C3|7|7,networks/S1/KDE/f1_W02_C3_s7_d07.csv
S1,1,W04_C3,EVAE,1337,0,2388255670,EVAE|S1|geobg|1|W04_C3|1337|0,networks/S1/EVAE/f1_W04_C3_s1337_d00.csv
S1,1,W04_C3,EVAE,1337,1,4183741216,EVAE|S1|geobg|1|W04_C3|1337|1,networks/S1/EVAE/f1_W04_C3_s1337_d01.csv
S1,1,W04_C3,EVAE,1337,2,1616347802,EVAE|S1|geobg|1|W04_C3|1337|2,networks/S1/EVAE/f1_W04_C3_s1337_d02.csv
S1,1,W04_C3,EVAE,1337,3,391164428,EVAE|S1|geobg|1|W04_C3|1337|3,networks/S1/EVAE/f1_W04_C3_s1337_d03.csv
S1,1,W04_C3,EVAE,1337,4,2301896623,EVAE|S1|geobg|1|W04_C3|1337|4,networks/S1/EVAE/f1_W04_C3_s1337_d04.csv
S1,1,W04_C3,EVAE,1337,5,4264761145,EVAE|S1|geobg|1|W04_C3|1337|5,networks/S1/EVAE/f1_W04_C3_s1337_d05.csv
S1,1,W04_C3,EVAE,1337,6,1731872387,EVAE|S1|geobg|1|W04_C3|1337|6,networks/S1/EVAE/f1_W04_C3_s1337_d06.csv
S1,1,W04_C3,EVAE,1337,7,272463381,EVAE|S1|geobg|1|W04_C3|1337|7,networks/S1/EVAE/f1_W04_C3_s1337_d07.csv
S1,1,W04_C3,EVAE,20260903,0,1832413485,EVAE|S1|geobg|1|W04_C3|20260903|0,networks/S1/EVAE/f1_W04_C3_s20260903_d00.csv
S1,1,W04_C3,EVAE,20260903,1,440359355,EVAE|S1|geobg|1|W04_C3|20260903|1,networks/S1/EVAE/f1_W04_C3_s20260903_d01.csv
S1,1,W04_C3,EVAE,20260903,2,2201356289,EVAE|S1|geobg|1|W04_C3|20260903|2,networks/S1/EVAE/f1_W04_C3_s20260903_d02.csv
S1,1,W04_C3,EVAE,20260903,3,4096866455,EVAE|S1|geobg|1|W04_C3|20260903|3,networks/S1/EVAE/f1_W04_C3_s20260903_d03.csv
S1,1,W04_C3,EVAE,20260903,4,1783999796,EVAE|S1|geobg|1|W04_C3|20260903|4,networks/S1/EVAE/f1_W04_C3_s20260903_d04.csv
S1,1,W04_C3,EVAE,20260903,5,491953570,EVAE|S1|geobg|1|W04_C3|20260903|5,networks/S1/EVAE/f1_W04_C3_s20260903_d05.csv
S1,1,W04_C3,EVAE,20260903,6,2220608536,EVAE|S1|geobg|1|W04_C3|20260903|6,networks/S1/EVAE/f1_W04_C3_s20260903_d06.csv
S1,1,W04_C3,EVAE,20260903,7,4082957454,EVAE|S1|geobg|1|W04_C3|20260903|7,networks/S1/EVAE/f1_W04_C3_s20260903_d07.csv
S1,1,W04_C3,EVAE,7,0,3751862903,EVAE|S1|geobg|1|W04_C3|7|0,networks/S1/EVAE/f1_W04_C3_s7_d00.csv
S1,1,W04_C3,EVAE,7,1,2829570785,EVAE|S1|geobg|1|W04_C3|7|1,networks/S1/EVAE/f1_W04_C3_s7_d01.csv
S1,1,W04_C3,EVAE,7,2,833520475,EVAE|S1|geobg|1|W04_C3|7|2,networks/S1/EVAE/f1_W04_C3_s7_d02.csv
S1,1,W04_C3,EVAE,7,3,1185526733,EVAE|S1|geobg|1|W04_C3|7|3,networks/S1/EVAE/f1_W04_C3_s7_d03.csv
S1,1,W04_C3,EVAE,7,4,3637323374,EVAE|S1|geobg|1|W04_C3|7|4,networks/S1/EVAE/f1_W04_C3_s7_d04.csv
S1,1,W04_C3,EVAE,7,5,2949256952,EVAE|S1|geobg|1|W04_C3|7|5,networks/S1/EVAE/f1_W04_C3_s7_d05.csv
S1,1,W04_C3,EVAE,7,6,918767426,EVAE|S1|geobg|1|W04_C3|7|6,networks/S1/EVAE/f1_W04_C3_s7_d06.csv
S1,1,W04_C3,EVAE,7,7,1103394772,EVAE|S1|geobg|1|W04_C3|7|7,networks/S1/EVAE/f1_W04_C3_s7_d07.csv
S1,1,W04_C3,ADFNE,1337,0,2585799007,ADFNE|S1|main|1|W04_C3|1337|0,networks/S1/ADFNE/f1_W04_C3_s1337_d00.csv
S1,1,W04_C3,ADFNE,1337,1,3978762697,ADFNE|S1|main|1|W04_C3|1337|1,networks/S1/ADFNE/f1_W04_C3_s1337_d01.csv
S1,1,W04_C3,ADFNE,1337,2,1949190259,ADFNE|S1|main|1|W04_C3|1337|2,networks/S1/ADFNE/f1_W04_C3_s1337_d02.csv
S1,1,W04_C3,ADFNE,1337,3,53049573,ADFNE|S1|main|1|W04_C3|1337|3,networks/S1/ADFNE/f1_W04_C3_s1337_d03.csv
S1,1,W04_C3,ADFNE,1337,4,2639129926,ADFNE|S1|main|1|W04_C3|1337|4,networks/S1/ADFNE/f1_W04_C3_s1337_d04.csv
S1,1,W04_C3,ADFNE,1337,5,3930774992,ADFNE|S1|main|1|W04_C3|1337|5,networks/S1/ADFNE/f1_W04_C3_s1337_d05.csv
S1,1,W04_C3,ADFNE,1337,6,1933806698,ADFNE|S1|main|1|W04_C3|1337|6,networks/S1/ADFNE/f1_W04_C3_s1337_d06.csv
S1,1,W04_C3,ADFNE,1337,7,71613692,ADFNE|S1|main|1|W04_C3|1337|7,networks/S1/ADFNE/f1_W04_C3_s1337_d07.csv
S1,1,W04_C3,ADFNE,20260903,0,3192939211,ADFNE|S1|main|1|W04_C3|20260903|0,networks/S1/ADFNE/f1_W04_C3_s20260903_d00.csv
S1,1,W04_C3,ADFNE,20260903,1,3377943133,ADFNE|S1|main|1|W04_C3|20260903|1,networks/S1/ADFNE/f1_W04_C3_s20260903_d01.csv
S1,1,W04_C3,ADFNE,20260903,2,1348338663,ADFNE|S1|main|1|W04_C3|20260903|2,networks/S1/ADFNE/f1_W04_C3_s20260903_d02.csv
S1,1,W04_C3,ADFNE,20260903,3,660157297,ADFNE|S1|main|1|W04_C3|20260903|3,networks/S1/ADFNE/f1_W04_C3_s20260903_d03.csv
S1,1,W04_C3,ADFNE,20260903,4,3107825362,ADFNE|S1|main|1|W04_C3|20260903|4,networks/S1/ADFNE/f1_W04_C3_s20260903_d04.csv
S1,1,W04_C3,ADFNE,20260903,5,3459946052,ADFNE|S1|main|1|W04_C3|20260903|5,networks/S1/ADFNE/f1_W04_C3_s20260903_d05.csv
S1,1,W04_C3,ADFNE,20260903,6,1463011326,ADFNE|S1|main|1|W04_C3|20260903|6,networks/S1/ADFNE/f1_W04_C3_s20260903_d06.csv
S1,1,W04_C3,ADFNE,20260903,7,540342120,ADFNE|S1|main|1|W04_C3|20260903|7,networks/S1/ADFNE/f1_W04_C3_s20260903_d07.csv
S1,1,W04_C3,ADFNE,7,0,3564256569,ADFNE|S1|main|1|W04_C3|7|0,networks/S1/ADFNE/f1_W04_C3_s7_d00.csv
S1,1,W04_C3,ADFNE,7,1,2742357423,ADFNE|S1|main|1|W04_C3|7|1,networks/S1/ADFNE/f1_W04_C3_s7_d01.csv
S1,1,W04_C3,ADFNE,7,2,981228565,ADFNE|S1|main|1|W04_C3|7|2,networks/S1/ADFNE/f1_W04_C3_s7_d02.csv
S1,1,W04_C3,ADFNE,7,3,1299934339,ADFNE|S1|main|1|W04_C3|7|3,networks/S1/ADFNE/f1_W04_C3_s7_d03.csv
S1,1,W04_C3,ADFNE,7,4,3542087968,ADFNE|S1|main|1|W04_C3|7|4,networks/S1/ADFNE/f1_W04_C3_s7_d04.csv
S1,1,W04_C3,ADFNE,7,5,2753087926,ADFNE|S1|main|1|W04_C3|7|5,networks/S1/ADFNE/f1_W04_C3_s7_d05.csv
S1,1,W04_C3,ADFNE,7,6,1024563212,ADFNE|S1|main|1|W04_C3|7|6,networks/S1/ADFNE/f1_W04_C3_s7_d06.csv
S1,1,W04_C3,ADFNE,7,7,1242998938,ADFNE|S1|main|1|W04_C3|7|7,networks/S1/ADFNE/f1_W04_C3_s7_d07.csv
S1,1,W04_C3,KDE,1337,0,2017208912,KDE|S1|main|1|W04_C3|1337|0,networks/S1/KDE/f1_W04_C3_s1337_d00.csv
S1,1,W04_C3,KDE,1337,1,255531718,KDE|S1|main|1|W04_C3|1337|1,networks/S1/KDE/f1_W04_C3_s1337_d01.csv
S1,1,W04_C3,KDE,1337,2,2519878524,KDE|S1|main|1|W04_C3|1337|2,networks/S1/KDE/f1_W04_C3_s1337_d02.csv
S1,1,W04_C3,KDE,1337,3,3778378730,KDE|S1|main|1|W04_C3|1337|3,networks/S1/KDE/f1_W04_C3_s1337_d03.csv
S1,1,W04_C3,KDE,1337,4,2136075849,KDE|S1|main|1|W04_C3|1337|4,networks/S1/KDE/f1_W04_C3_s1337_d04.csv
S1,1,W04_C3,KDE,1337,5,139910879,KDE|S1|main|1|W04_C3|1337|5,networks/S1/KDE/f1_W04_C3_s1337_d05.csv
S1,1,W04_C3,KDE,1337,6,2438958949,KDE|S1|main|1|W04_C3|1337|6,networks/S1/KDE/f1_W04_C3_s1337_d06.csv
S1,1,W04_C3,KDE,1337,7,3864575987,KDE|S1|main|1|W04_C3|1337|7,networks/S1/KDE/f1_W04_C3_s1337_d07.csv
S1,1,W04_C3,KDE,20260903,0,1275466445,KDE|S1|main|1|W04_C3|20260903|0,networks/S1/KDE/f1_W04_C3_s20260903_d00.csv
S1,1,W04_C3,KDE,20260903,1,989930075,KDE|S1|main|1|W04_C3|20260903|1,networks/S1/KDE/f1_W04_C3_s20260903_d01.csv
S1,1,W04_C3,KDE,20260903,2,2718462945,KDE|S1|main|1|W04_C3|20260903|2,networks/S1/KDE/f1_W04_C3_s20260903_d02.csv
S1,1,W04_C3,KDE,20260903,3,3574547319,KDE|S1|main|1|W04_C3|20260903|3,networks/S1/KDE/f1_W04_C3_s20260903_d03.csv
S1,1,W04_C3,KDE,20260903,4,1265358548,KDE|S1|main|1|W04_C3|20260903|4,networks/S1/KDE/f1_W04_C3_s20260903_d04.csv
S1,1,W04_C3,KDE,20260903,5,1013769794,KDE|S1|main|1|W04_C3|20260903|5,networks/S1/KDE/f1_W04_C3_s20260903_d05.csv
S1,1,W04_C3,KDE,20260903,6,2774906872,KDE|S1|main|1|W04_C3|20260903|6,networks/S1/KDE/f1_W04_C3_s20260903_d06.csv
S1,1,W04_C3,KDE,20260903,7,3529672558,KDE|S1|main|1|W04_C3|20260903|7,networks/S1/KDE/f1_W04_C3_s20260903_d07.csv
S1,1,W04_C3,KDE,7,0,1812532884,KDE|S1|main|1|W04_C3|7|0,networks/S1/KDE/f1_W04_C3_s7_d00.csv
S1,1,W04_C3,KDE,7,1,453918210,KDE|S1|main|1|W04_C3|7|1,networks/S1/KDE/f1_W04_C3_s7_d01.csv
S1,1,W04_C3,KDE,7,2,2181525432,KDE|S1|main|1|W04_C3|7|2,networks/S1/KDE/f1_W04_C3_s7_d02.csv
S1,1,W04_C3,KDE,7,3,4110442286,KDE|S1|main|1|W04_C3|7|3,networks/S1/KDE/f1_W04_C3_s7_d03.csv
S1,1,W04_C3,KDE,7,4,1801767565,KDE|S1|main|1|W04_C3|7|4,networks/S1/KDE/f1_W04_C3_s7_d04.csv
S1,1,W04_C3,KDE,7,5,476314139,KDE|S1|main|1|W04_C3|7|5,networks/S1/KDE/f1_W04_C3_s7_d05.csv
S1,1,W04_C3,KDE,7,6,2238360481,KDE|S1|main|1|W04_C3|7|6,networks/S1/KDE/f1_W04_C3_s7_d06.csv
S1,1,W04_C3,KDE,7,7,4067269431,KDE|S1|main|1|W04_C3|7|7,networks/S1/KDE/f1_W04_C3_s7_d07.csv
S1,1,W04_C5,EVAE,1337,0,1211558449,EVAE|S1|geobg|1|W04_C5|1337|0,networks/S1/EVAE/f1_W04_C5_s1337_d00.csv
S1,1,W04_C5,EVAE,1337,1,1060231847,EVAE|S1|geobg|1|W04_C5|1337|1,networks/S1/EVAE/f1_W04_C5_s1337_d01.csv
S1,1,W04_C5,EVAE,1337,2,2788723485,EVAE|S1|geobg|1|W04_C5|1337|2,networks/S1/EVAE/f1_W04_C5_s1337_d02.csv
S1,1,W04_C5,EVAE,1337,3,3510614923,EVAE|S1|geobg|1|W04_C5|1337|3,networks/S1/EVAE/f1_W04_C5_s1337_d03.csv
S1,1,W04_C5,EVAE,1337,4,1331375656,EVAE|S1|geobg|1|W04_C5|1337|4,networks/S1/EVAE/f1_W04_C5_s1337_d04.csv
S1,1,W04_C5,EVAE,1337,5,945561278,EVAE|S1|geobg|1|W04_C5|1337|5,networks/S1/EVAE/f1_W04_C5_s1337_d05.csv
S1,1,W04_C5,EVAE,1337,6,2706722564,EVAE|S1|geobg|1|W04_C5|1337|6,networks/S1/EVAE/f1_W04_C5_s1337_d06.csv
S1,1,W04_C5,EVAE,1337,7,3595730834,EVAE|S1|geobg|1|W04_C5|1337|7,networks/S1/EVAE/f1_W04_C5_s1337_d07.csv
S1,1,W04_C5,EVAE,20260903,0,2181418189,EVAE|S1|geobg|1|W04_C5|20260903|0,networks/S1/EVAE/f1_W04_C5_s20260903_d00.csv
S1,1,W04_C5,EVAE,20260903,1,4110613595,EVAE|S1|geobg|1|W04_C5|20260903|1,networks/S1/EVAE/f1_W04_C5_s20260903_d01.csv
S1,1,W04_C5,EVAE,20260903,2,1812704737,EVAE|S1|geobg|1|W04_C5|20260903|2,networks/S1/EVAE/f1_W04_C5_s20260903_d02.csv
S1,1,W04_C5,EVAE,20260903,3,453811575,EVAE|S1|geobg|1|W04_C5|20260903|3,networks/S1/EVAE/f1_W04_C5_s20260903_d03.csv
S1,1,W04_C5,EVAE,20260903,4,2238187732,EVAE|S1|geobg|1|W04_C5|20260903|4,networks/S1/EVAE/f1_W04_C5_s20260903_d04.csv
S1,1,W04_C5,EVAE,20260903,5,4067375170,EVAE|S1|geobg|1|W04_C5|20260903|5,networks/S1/EVAE/f1_W04_C5_s20260903_d05.csv
S1,1,W04_C5,EVAE,20260903,6,1801873912,EVAE|S1|geobg|1|W04_C5|20260903|6,networks/S1/EVAE/f1_W04_C5_s20260903_d06.csv
S1,1,W04_C5,EVAE,20260903,7,476141934,EVAE|S1|geobg|1|W04_C5|20260903|7,networks/S1/EVAE/f1_W04_C5_s20260903_d07.csv
S1,1,W04_C5,EVAE,7,0,1356863447,EVAE|S1|geobg|1|W04_C5|7|0,networks/S1/EVAE/f1_W04_C5_s7_d00.csv
S1,1,W04_C5,EVAE,7,1,669460289,EVAE|S1|geobg|1|W04_C5|7|1,networks/S1/EVAE/f1_W04_C5_s7_d01.csv
S1,1,W04_C5,EVAE,7,2,3203299067,EVAE|S1|geobg|1|W04_C5|7|2,networks/S1/EVAE/f1_W04_C5_s7_d02.csv
S1,1,W04_C5,EVAE,7,3,3387508333,EVAE|S1|geobg|1|W04_C5|7|3,networks/S1/EVAE/f1_W04_C5_s7_d03.csv
S1,1,W04_C5,EVAE,7,4,1468912590,EVAE|S1|geobg|1|W04_C5|7|4,networks/S1/EVAE/f1_W04_C5_s7_d04.csv
S1,1,W04_C5,EVAE,7,5,545973080,EVAE|S1|geobg|1|W04_C5|7|5,networks/S1/EVAE/f1_W04_C5_s7_d05.csv
S1,1,W04_C5,EVAE,7,6,3112415970,EVAE|S1|geobg|1|W04_C5|7|6,networks/S1/EVAE/f1_W04_C5_s7_d06.csv
S1,1,W04_C5,EVAE,7,7,3464790644,EVAE|S1|geobg|1|W04_C5|7|7,networks/S1/EVAE/f1_W04_C5_s7_d07.csv
S1,1,W04_C5,ADFNE,1337,0,1548689624,ADFNE|S1|main|1|W04_C5|1337|0,networks/S1/ADFNE/f1_W04_C5_s1337_d00.csv
S1,1,W04_C5,ADFNE,1337,1,726143054,ADFNE|S1|main|1|W04_C5|1337|1,networks/S1/ADFNE/f1_W04_C5_s1337_d01.csv
S1,1,W04_C5,ADFNE,1337,2,2990621172,ADFNE|S1|main|1|W04_C5|1337|2,networks/S1/ADFNE/f1_W04_C5_s1337_d02.csv
S1,1,W04_C5,ADFNE,1337,3,3309728098,ADFNE|S1|main|1|W04_C5|1337|3,networks/S1/ADFNE/f1_W04_C5_s1337_d03.csv
S1,1,W04_C5,ADFNE,1337,4,1529013441,ADFNE|S1|main|1|W04_C5|1337|4,networks/S1/ADFNE/f1_W04_C5_s1337_d04.csv
S1,1,W04_C5,ADFNE,1337,5,740676695,ADFNE|S1|main|1|W04_C5|1337|5,networks/S1/ADFNE/f1_W04_C5_s1337_d05.csv
S1,1,W04_C5,ADFNE,1337,6,3039593965,ADFNE|S1|main|1|W04_C5|1337|6,networks/S1/ADFNE/f1_W04_C5_s1337_d06.csv
S1,1,W04_C5,ADFNE,1337,7,3257644411,ADFNE|S1|main|1|W04_C5|1337|7,networks/S1/ADFNE/f1_W04_C5_s1337_d07.csv
S1,1,W04_C5,ADFNE,20260903,0,1366148907,ADFNE|S1|main|1|W04_C5|20260903|0,networks/S1/ADFNE/f1_W04_C5_s20260903_d00.csv
S1,1,W04_C5,ADFNE,20260903,1,644544445,ADFNE|S1|main|1|W04_C5|20260903|1,networks/S1/ADFNE/f1_W04_C5_s20260903_d01.csv
S1,1,W04_C5,ADFNE,20260903,2,3210978823,ADFNE|S1|main|1|W04_C5|20260903|2,networks/S1/ADFNE/f1_W04_C5_s20260903_d02.csv
S1,1,W04_C5,ADFNE,20260903,3,3362035345,ADFNE|S1|main|1|W04_C5|20260903|3,networks/S1/ADFNE/f1_W04_C5_s20260903_d03.csv
S1,1,W04_C5,ADFNE,20260903,4,1442841394,ADFNE|S1|main|1|W04_C5|20260903|4,networks/S1/ADFNE/f1_W04_C5_s20260903_d04.csv
S1,1,W04_C5,ADFNE,20260903,5,554120100,ADFNE|S1|main|1|W04_C5|20260903|5,networks/S1/ADFNE/f1_W04_C5_s20260903_d05.csv
S1,1,W04_C5,ADFNE,20260903,6,3087950366,ADFNE|S1|main|1|W04_C5|20260903|6,networks/S1/ADFNE/f1_W04_C5_s20260903_d06.csv
S1,1,W04_C5,ADFNE,20260903,7,3473494664,ADFNE|S1|main|1|W04_C5|20260903|7,networks/S1/ADFNE/f1_W04_C5_s20260903_d07.csv
S1,1,W04_C5,ADFNE,7,0,1530054809,ADFNE|S1|main|1|W04_C5|7|0,networks/S1/ADFNE/f1_W04_C5_s7_d00.csv
S1,1,W04_C5,ADFNE,7,1,741734415,ADFNE|S1|main|1|W04_C5|7|1,networks/S1/ADFNE/f1_W04_C5_s7_d01.csv
S1,1,W04_C5,ADFNE,7,2,3040651701,ADFNE|S1|main|1|W04_C5|7|2,networks/S1/ADFNE/f1_W04_C5_s7_d02.csv
S1,1,W04_C5,ADFNE,7,3,3258685731,ADFNE|S1|main|1|W04_C5|7|3,networks/S1/ADFNE/f1_W04_C5_s7_d03.csv
S1,1,W04_C5,ADFNE,7,4,1549732992,ADFNE|S1|main|1|W04_C5|7|4,networks/S1/ADFNE/f1_W04_C5_s7_d04.csv
S1,1,W04_C5,ADFNE,7,5,727202838,ADFNE|S1|main|1|W04_C5|7|5,networks/S1/ADFNE/f1_W04_C5_s7_d05.csv
S1,1,W04_C5,ADFNE,7,6,2991680940,ADFNE|S1|main|1|W04_C5|7|6,networks/S1/ADFNE/f1_W04_C5_s7_d06.csv
S1,1,W04_C5,ADFNE,7,7,3310771514,ADFNE|S1|main|1|W04_C5|7|7,networks/S1/ADFNE/f1_W04_C5_s7_d07.csv
S1,1,W04_C5,KDE,1337,0,3193119703,KDE|S1|main|1|W04_C5|1337|0,networks/S1/KDE/f1_W04_C5_s1337_d00.csv
S1,1,W04_C5,KDE,1337,1,3377730369,KDE|S1|main|1|W04_C5|1337|1,networks/S1/KDE/f1_W04_C5_s1337_d01.csv
S1,1,W04_C5,KDE,1337,2,1348289275,KDE|S1|main|1|W04_C5|1337|2,networks/S1/KDE/f1_W04_C5_s1337_d02.csv
S1,1,W04_C5,KDE,1337,3,660238957,KDE|S1|main|1|W04_C5|1337|3,networks/S1/KDE/f1_W04_C5_s1337_d03.csv
S1,1,W04_C5,KDE,1337,4,3107907534,KDE|S1|main|1|W04_C5|1337|4,networks/S1/KDE/f1_W04_C5_s1337_d04.csv
S1,1,W04_C5,KDE,1337,5,3459897176,KDE|S1|main|1|W04_C5|1337|5,networks/S1/KDE/f1_W04_C5_s1337_d05.csv
S1,1,W04_C5,KDE,1337,6,1462798050,KDE|S1|main|1|W04_C5|1337|6,networks/S1/KDE/f1_W04_C5_s1337_d06.csv
S1,1,W04_C5,KDE,1337,7,540522100,KDE|S1|main|1|W04_C5|1337|7,networks/S1/KDE/f1_W04_C5_s1337_d07.csv
S1,1,W04_C5,KDE,20260903,0,2738599725,KDE|S1|main|1|W04_C5|20260903|0,networks/S1/KDE/f1_W04_C5_s20260903_d00.csv
S1,1,W04_C5,KDE,20260903,1,3560736699,KDE|S1|main|1|W04_C5|20260903|1,networks/S1/KDE/f1_W04_C5_s20260903_d01.csv
S1,1,W04_C5,KDE,20260903,2,1295373825,KDE|S1|main|1|W04_C5|20260903|2,networks/S1/KDE/f1_W04_C5_s20260903_d02.csv
S1,1,W04_C5,KDE,20260903,3,976414359,KDE|S1|main|1|W04_C5|20260903|3,networks/S1/KDE/f1_W04_C5_s20260903_d03.csv
S1,1,W04_C5,KDE,20260903,4,2757129012,KDE|S1|main|1|W04_C5|20260903|4,networks/S1/KDE/f1_W04_C5_s20260903_d04.csv
S1,1,W04_C5,KDE,20260903,5,3545318306,KDE|S1|main|1|W04_C5|20260903|5,networks/S1/KDE/f1_W04_C5_s20260903_d05.csv
S1,1,W04_C5,KDE,20260903,6,1247285784,KDE|S1|main|1|W04_C5|20260903|6,networks/S1/KDE/f1_W04_C5_s20260903_d06.csv
S1,1,W04_C5,KDE,20260903,7,1029644942,KDE|S1|main|1|W04_C5|20260903|7,networks/S1/KDE/f1_W04_C5_s20260903_d07.csv
S1,1,W04_C5,KDE,7,0,3813276468,KDE|S1|main|1|W04_C5|7|0,networks/S1/KDE/f1_W04_C5_s7_d00.csv
S1,1,W04_C5,KDE,7,1,2488191906,KDE|S1|main|1|W04_C5|7|1,networks/S1/KDE/f1_W04_C5_s7_d01.csv
S1,1,W04_C5,KDE,7,2,222796312,KDE|S1|main|1|W04_C5|7|2,networks/S1/KDE/f1_W04_C5_s7_d02.csv
S1,1,W04_C5,KDE,7,3,2051058318,KDE|S1|main|1|W04_C5|7|3,networks/S1/KDE/f1_W04_C5_s7_d03.csv
S1,1,W04_C5,KDE,7,4,3827580717,KDE|S1|main|1|W04_C5|7|4,networks/S1/KDE/f1_W04_C5_s7_d04.csv
S1,1,W04_C5,KDE,7,5,2468548539,KDE|S1|main|1|W04_C5|7|5,networks/S1/KDE/f1_W04_C5_s7_d05.csv
S1,1,W04_C5,KDE,7,6,170548737,KDE|S1|main|1|W04_C5|7|6,networks/S1/KDE/f1_W04_C5_s7_d06.csv
S1,1,W04_C5,KDE,7,7,2100129431,KDE|S1|main|1|W04_C5|7|7,networks/S1/KDE/f1_W04_C5_s7_d07.csv
S1,1,W04_C7,EVAE,1337,0,169078092,EVAE|S1|geobg|1|W04_C7|1337|0,networks/S1/EVAE/f1_W04_C7_s1337_d00.csv
S1,1,W04_C7,EVAE,1337,1,2098519514,EVAE|S1|geobg|1|W04_C7|1337|1,networks/S1/EVAE/f1_W04_C7_s1337_d01.csv
S1,1,W04_C7,EVAE,1337,2,3827141728,EVAE|S1|geobg|1|W04_C7|1337|2,networks/S1/EVAE/f1_W04_C7_s1337_d02.csv
S1,1,W04_C7,EVAE,1337,3,2468003062,EVAE|S1|geobg|1|W04_C7|1337|3,networks/S1/EVAE/f1_W04_C7_s1337_d03.csv
S1,1,W04_C7,EVAE,1337,4,226371925,EVAE|S1|geobg|1|W04_C7|1337|4,networks/S1/EVAE/f1_W04_C7_s1337_d04.csv
S1,1,W04_C7,EVAE,1337,5,2054756803,EVAE|S1|geobg|1|W04_C7|1337|5,networks/S1/EVAE/f1_W04_C7_s1337_d05.csv
S1,1,W04_C7,EVAE,1337,6,3815786617,EVAE|S1|geobg|1|W04_C7|1337|6,networks/S1/EVAE/f1_W04_C7_s1337_d06.csv
S1,1,W04_C7,EVAE,1337,7,2490857711,EVAE|S1|geobg|1|W04_C7|1337|7,networks/S1/EVAE/f1_W04_C7_s1337_d07.csv
S1,1,W04_C7,EVAE,20260903,0,1849578066,EVAE|S1|geobg|1|W04_C7|20260903|0,networks/S1/EVAE/f1_W04_C7_s20260903_d00.csv
S1,1,W04_C7,EVAE,20260903,1,423191236,EVAE|S1|geobg|1|W04_C7|20260903|1,networks/S1/EVAE/f1_W04_C7_s20260903_d01.csv
S1,1,W04_C7,EVAE,20260903,2,2150642558,EVAE|S1|geobg|1|W04_C7|20260903|2,networks/S1/EVAE/f1_W04_C7_s20260903_d02.csv
S1,1,W04_C7,EVAE,20260903,3,4147577832,EVAE|S1|geobg|1|W04_C7|20260903|3,networks/S1/EVAE/f1_W04_C7_s20260903_d03.csv
S1,1,W04_C7,EVAE,20260903,4,1767085643,EVAE|S1|geobg|1|W04_C7|20260903|4,networks/S1/EVAE/f1_W04_C7_s20260903_d04.csv
S1,1,W04_C7,EVAE,20260903,5,508864221,EVAE|S1|geobg|1|W04_C7|20260903|5,networks/S1/EVAE/f1_W04_C7_s20260903_d05.csv
S1,1,W04_C7,EVAE,20260903,6,2271082343,EVAE|S1|geobg|1|W04_C7|20260903|6,networks/S1/EVAE/f1_W04_C7_s20260903_d06.csv
S1,1,W04_C7,EVAE,20260903,7,4032481265,EVAE|S1|geobg|1|W04_C7|20260903|7,networks/S1/EVAE/f1_W04_C7_s20260903_d07.csv
S1,1,W04_C7,EVAE,7,0,706757815,EVAE|S1|geobg|1|W04_C7|7|0,networks/S1/EVAE/f1_W04_C7_s7_d00.csv
S1,1,W04_C7,EVAE,7,1,1562866721,EVAE|S1|geobg|1|W04_C7|7|1,networks/S1/EVAE/f1_W04_C7_s7_d01.csv
S1,1,W04_C7,EVAE,7,2,3291358619,EVAE|S1|geobg|1|W04_C7|7|2,networks/S1/EVAE/f1_W04_C7_s7_d02.csv
S1,1,W04_C7,EVAE,7,3,3005814029,EVAE|S1|geobg|1|W04_C7|7|3,networks/S1/EVAE/f1_W04_C7_s7_d03.csv
S1,1,W04_C7,EVAE,7,4,760053934,EVAE|S1|geobg|1|W04_C7|7|4,networks/S1/EVAE/f1_W04_C7_s7_d04.csv
S1,1,W04_C7,EVAE,7,5,1514844216,EVAE|S1|geobg|1|W04_C7|7|5,networks/S1/EVAE/f1_W04_C7_s7_d05.csv
S1,1,W04_C7,EVAE,7,6,3276005762,EVAE|S1|geobg|1|W04_C7|7|6,networks/S1/EVAE/f1_W04_C7_s7_d06.csv
S1,1,W04_C7,EVAE,7,7,3024408852,EVAE|S1|geobg|1|W04_C7|7|7,networks/S1/EVAE/f1_W04_C7_s7_d07.csv
S1,1,W04_C7,ADFNE,1337,0,510273445,ADFNE|S1|main|1|W04_C7|1337|0,networks/S1/ADFNE/f1_W04_C7_s1337_d00.csv
S1,1,W04_C7,ADFNE,1337,1,1768757043,ADFNE|S1|main|1|W04_C7|1337|1,networks/S1/ADFNE/f1_W04_C7_s1337_d01.csv
S1,1,W04_C7,ADFNE,1337,2,4033103497,ADFNE|S1|main|1|W04_C7|1337|2,networks/S1/ADFNE/f1_W04_C7_s1337_d02.csv
S1,1,W04_C7,ADFNE,1337,3,2271442463,ADFNE|S1|main|1|W04_C7|1337|3,networks/S1/ADFNE/f1_W04_C7_s1337_d03.csv
S1,1,W04_C7,ADFNE,1337,4,419947452,ADFNE|S1|main|1|W04_C7|1337|4,networks/S1/ADFNE/f1_W04_C7_s1337_d04.csv
S1,1,W04_C7,ADFNE,1337,5,1845547818,ADFNE|S1|main|1|W04_C7|1337|5,networks/S1/ADFNE/f1_W04_C7_s1337_d05.csv
S1,1,W04_C7,ADFNE,1337,6,4144595600,ADFNE|S1|main|1|W04_C7|1337|6,networks/S1/ADFNE/f1_W04_C7_s1337_d06.csv
S1,1,W04_C7,ADFNE,1337,7,2148446726,ADFNE|S1|main|1|W04_C7|1337|7,networks/S1/ADFNE/f1_W04_C7_s1337_d07.csv
S1,1,W04_C7,ADFNE,20260903,0,3176552884,ADFNE|S1|main|1|W04_C7|20260903|0,networks/S1/ADFNE/f1_W04_C7_s20260903_d00.csv
S1,1,W04_C7,ADFNE,20260903,1,3394332962,ADFNE|S1|main|1|W04_C7|20260903|1,networks/S1/ADFNE/f1_W04_C7_s20260903_d01.csv
S1,1,W04_C7,ADFNE,20260903,2,1398290584,ADFNE|S1|main|1|W04_C7|20260903|2,networks/S1/ADFNE/f1_W04_C7_s20260903_d02.csv
S1,1,W04_C7,ADFNE,20260903,3,610207758,ADFNE|S1|main|1|W04_C7|20260903|3,networks/S1/ADFNE/f1_W04_C7_s20260903_d03.csv
S1,1,W04_C7,ADFNE,20260903,4,3124469165,ADFNE|S1|main|1|W04_C7|20260903|4,networks/S1/ADFNE/f1_W04_C7_s20260903_d04.csv
S1,1,W04_C7,ADFNE,20260903,5,3443305787,ADFNE|S1|main|1|W04_C7|20260903|5,networks/S1/ADFNE/f1_W04_C7_s20260903_d05.csv
S1,1,W04_C7,ADFNE,20260903,6,1412824193,ADFNE|S1|main|1|W04_C7|20260903|6,networks/S1/ADFNE/f1_W04_C7_s20260903_d06.csv
S1,1,W04_C7,ADFNE,20260903,7,590531607,ADFNE|S1|main|1|W04_C7|20260903|7,networks/S1/ADFNE/f1_W04_C7_s20260903_d07.csv
S1,1,W04_C7,ADFNE,7,0,569547769,ADFNE|S1|main|1|W04_C7|7|0,networks/S1/ADFNE/f1_W04_C7_s7_d00.csv
S1,1,W04_C7,ADFNE,7,1,1458940783,ADFNE|S1|main|1|W04_C7|7|1,networks/S1/ADFNE/f1_W04_C7_s7_d01.csv
S1,1,W04_C7,ADFNE,7,2,3489462997,ADFNE|S1|main|1|W04_C7|7|2,networks/S1/ADFNE/f1_W04_C7_s7_d02.csv
S1,1,W04_C7,ADFNE,7,3,3103509059,ADFNE|S1|main|1|W04_C7|7|3,networks/S1/ADFNE/f1_W04_C7_s7_d03.csv
S1,1,W04_C7,ADFNE,7,4,647978976,ADFNE|S1|main|1|W04_C7|7|4,networks/S1/ADFNE/f1_W04_C7_s7_d04.csv
S1,1,W04_C7,ADFNE,7,5,1368944502,ADFNE|S1|main|1|W04_C7|7|5,networks/S1/ADFNE/f1_W04_C7_s7_d05.csv
S1,1,W04_C7,ADFNE,7,6,3364961996,ADFNE|S1|main|1|W04_C7|7|6,networks/S1/ADFNE/f1_W04_C7_s7_d06.csv
S1,1,W04_C7,ADFNE,7,7,3214282330,ADFNE|S1|main|1|W04_C7|7|7,networks/S1/ADFNE/f1_W04_C7_s7_d07.csv
S1,1,W04_C7,KDE,1337,0,4235601066,KDE|S1|main|1|W04_C7|1337|0,networks/S1/KDE/f1_W04_C7_s1337_d00.csv
S1,1,W04_C7,KDE,1337,1,2339443772,KDE|S1|main|1|W04_C7|1337|1,networks/S1/KDE/f1_W04_C7_s1337_d01.csv
S1,1,W04_C7,KDE,1337,2,309872006,KDE|S1|main|1|W04_C7|1337|2,networks/S1/KDE/f1_W04_C7_s1337_d02.csv
S1,1,W04_C7,KDE,1337,3,1702851856,KDE|S1|main|1|W04_C7|1337|3,networks/S1/KDE/f1_W04_C7_s1337_d03.csv
S1,1,W04_C7,KDE,1337,4,4212908211,KDE|S1|main|1|W04_C7|1337|4,networks/S1/KDE/f1_W04_C7_s1337_d04.csv
S1,1,W04_C7,KDE,1337,5,2350698533,KDE|S1|main|1|W04_C7|1337|5,networks/S1/KDE/f1_W04_C7_s1337_d05.csv
S1,1,W04_C7,KDE,1337,6,353730975,KDE|S1|main|1|W04_C7|1337|6,networks/S1/KDE/f1_W04_C7_s1337_d06.csv
S1,1,W04_C7,KDE,1337,7,1645392137,KDE|S1|main|1|W04_C7|1337|7,networks/S1/KDE/f1_W04_C7_s1337_d07.csv
S1,1,W04_C7,KDE,20260903,0,1325410738,KDE|S1|main|1|W04_C7|20260903|0,networks/S1/KDE/f1_W04_C7_s20260903_d00.csv
S1,1,W04_C7,KDE,20260903,1,939989284,KDE|S1|main|1|W04_C7|20260903|1,networks/S1/KDE/f1_W04_C7_s20260903_d01.csv
S1,1,W04_C7,KDE,20260903,2,2702067870,KDE|S1|main|1|W04_C7|20260903|2,networks/S1/KDE/f1_W04_C7_s20260903_d02.csv
S1,1,W04_C7,KDE,20260903,3,3590944776,KDE|S1|main|1|W04_C7|20260903|3,networks/S1/KDE/f1_W04_C7_s20260903_d03.csv
S1,1,W04_C7,KDE,20260903,4,1215163819,KDE|S1|main|1|W04_C7|20260903|4,networks/S1/KDE/f1_W04_C7_s20260903_d04.csv
S1,1,W04_C7,KDE,20260903,5,1063968061,KDE|S1|main|1|W04_C7|20260903|5,networks/S1/KDE/f1_W04_C7_s20260903_d05.csv
S1,1,W04_C7,KDE,20260903,6,2791541895,KDE|S1|main|1|W04_C7|20260903|6,networks/S1/KDE/f1_W04_C7_s20260903_d06.csv
S1,1,W04_C7,KDE,20260903,7,3513039889,KDE|S1|main|1|W04_C7|20260903|7,networks/S1/KDE/f1_W04_C7_s20260903_d07.csv
S1,1,W04_C7,KDE,7,0,2575935572,KDE|S1|main|1|W04_C7|7|0,networks/S1/KDE/f1_W04_C7_s7_d00.csv
S1,1,W04_C7,KDE,7,1,4002322626,KDE|S1|main|1|W04_C7|7|1,networks/S1/KDE/f1_W04_C7_s7_d01.csv
S1,1,W04_C7,KDE,7,2,2005387640,KDE|S1|main|1|W04_C7|7|2,networks/S1/KDE/f1_W04_C7_s7_d02.csv
S1,1,W04_C7,KDE,7,3,8452590,KDE|S1|main|1|W04_C7|7|3,networks/S1/KDE/f1_W04_C7_s7_d03.csv
S1,1,W04_C7,KDE,7,4,2665770061,KDE|S1|main|1|W04_C7|7|4,networks/S1/KDE/f1_W04_C7_s7_d04.csv
S1,1,W04_C7,KDE,7,5,3923991771,KDE|S1|main|1|W04_C7|7|5,networks/S1/KDE/f1_W04_C7_s7_d05.csv
S1,1,W04_C7,KDE,7,6,1894387041,KDE|S1|main|1|W04_C7|7|6,networks/S1/KDE/f1_W04_C7_s7_d06.csv
S1,1,W04_C7,KDE,7,7,132988407,KDE|S1|main|1|W04_C7|7|7,networks/S1/KDE/f1_W04_C7_s7_d07.csv
S1,2,W01_C2,EVAE,1337,0,584656147,EVAE|S1|geobg|2|W01_C2|1337|0,networks/S1/EVAE/f2_W01_C2_s1337_d00.csv
S1,2,W01_C2,EVAE,1337,1,1440617861,EVAE|S1|geobg|2|W01_C2|1337|1,networks/S1/EVAE/f2_W01_C2_s1337_d01.csv
S1,2,W01_C2,EVAE,1337,2,3436659775,EVAE|S1|geobg|2|W01_C2|1337|2,networks/S1/EVAE/f2_W01_C2_s1337_d02.csv
S1,2,W01_C2,EVAE,1337,3,3151000745,EVAE|S1|geobg|2|W01_C2|1337|3,networks/S1/EVAE/f2_W01_C2_s1337_d03.csv
S1,2,W01_C2,EVAE,1337,4,632611082,EVAE|S1|geobg|2|W01_C2|1337|4,networks/S1/EVAE/f2_W01_C2_s1337_d04.csv
S1,2,W01_C2,EVAE,1337,5,1387516316,EVAE|S1|geobg|2|W01_C2|1337|5,networks/S1/EVAE/f2_W01_C2_s1337_d05.csv
S1,2,W01_C2,EVAE,1337,6,3417997350,EVAE|S1|geobg|2|W01_C2|1337|6,networks/S1/EVAE/f2_W01_C2_s1337_d06.csv
S1,2,W01_C2,EVAE,1337,7,3166548144,EVAE|S1|geobg|2|W01_C2|1337|7,networks/S1/EVAE/f2_W01_C2_s1337_d07.csv
S1,2,W01_C2,EVAE,20260903,0,1716264288,EVAE|S1|geobg|2|W01_C2|20260903|0,networks/S1/EVAE/f2_W01_C2_s20260903_d00.csv
S1,2,W01_C2,EVAE,20260903,1,290139638,EVAE|S1|geobg|2|W01_C2|20260903|1,networks/S1/EVAE/f2_W01_C2_s20260903_d01.csv
S1,2,W01_C2,EVAE,20260903,2,2286058572,EVAE|S1|geobg|2|W01_C2|20260903|2,networks/S1/EVAE/f2_W01_C2_s20260903_d02.csv
S1,2,W01_C2,EVAE,20260903,3,4282731738,EVAE|S1|geobg|2|W01_C2|20260903|3,networks/S1/EVAE/f2_W01_C2_s20260903_d03.csv
S1,2,W01_C2,EVAE,20260903,4,1629608313,EVAE|S1|geobg|2|W01_C2|20260903|4,networks/S1/EVAE/f2_W01_C2_s20260903_d04.csv
S1,2,W01_C2,EVAE,20260903,5,371649007,EVAE|S1|geobg|2|W01_C2|20260903|5,networks/S1/EVAE/f2_W01_C2_s20260903_d05.csv
S1,2,W01_C2,EVAE,20260903,6,2402269269,EVAE|S1|geobg|2|W01_C2|20260903|6,networks/S1/EVAE/f2_W01_C2_s20260903_d06.csv
S1,2,W01_C2,EVAE,20260903,7,4163406019,EVAE|S1|geobg|2|W01_C2|20260903|7,networks/S1/EVAE/f2_W01_C2_s20260903_d07.csv
S1,2,W01_C2,EVAE,7,0,3720222547,EVAE|S1|geobg|2|W01_C2|7|0,networks/S1/EVAE/f2_W01_C2_s7_d00.csv
S1,2,W01_C2,EVAE,7,1,2864261061,EVAE|S1|geobg|2|W01_C2|7|1,networks/S1/EVAE/f2_W01_C2_s7_d01.csv
S1,2,W01_C2,EVAE,7,2,867202687,EVAE|S1|geobg|2|W01_C2|7|2,networks/S1/EVAE/f2_W01_C2_s7_d02.csv
S1,2,W01_C2,EVAE,7,3,1152861929,EVAE|S1|geobg|2|W01_C2|7|3,networks/S1/EVAE/f2_W01_C2_s7_d03.csv
S1,2,W01_C2,EVAE,7,4,3671315274,EVAE|S1|geobg|2|W01_C2|7|4,networks/S1/EVAE/f2_W01_C2_s7_d04.csv
S1,2,W01_C2,EVAE,7,5,2916410332,EVAE|S1|geobg|2|W01_C2|7|5,networks/S1/EVAE/f2_W01_C2_s7_d05.csv
S1,2,W01_C2,EVAE,7,6,886944358,EVAE|S1|geobg|2|W01_C2|7|6,networks/S1/EVAE/f2_W01_C2_s7_d06.csv
S1,2,W01_C2,EVAE,7,7,1138393840,EVAE|S1|geobg|2|W01_C2|7|7,networks/S1/EVAE/f2_W01_C2_s7_d07.csv
S1,2,W01_C2,ADFNE,1337,0,916516858,ADFNE|S1|main|2|W01_C2|1337|0,networks/S1/ADFNE/f2_W01_C2_s1337_d00.csv
S1,2,W01_C2,ADFNE,1337,1,1101520748,ADFNE|S1|main|2|W01_C2|1337|1,networks/S1/ADFNE/f2_W01_C2_s1337_d01.csv
S1,2,W01_C2,ADFNE,1337,2,3635318486,ADFNE|S1|main|2|W01_C2|1337|2,networks/S1/ADFNE/f2_W01_C2_s1337_d02.csv
S1,2,W01_C2,ADFNE,1337,3,2947137088,ADFNE|S1|main|2|W01_C2|1337|3,networks/S1/ADFNE/f2_W01_C2_s1337_d03.csv
S1,2,W01_C2,ADFNE,1337,4,835529699,ADFNE|S1|main|2|W01_C2|1337|4,networks/S1/ADFNE/f2_W01_C2_s1337_d04.csv
S1,2,W01_C2,ADFNE,1337,5,1187650421,ADFNE|S1|main|2|W01_C2|1337|5,networks/S1/ADFNE/f2_W01_C2_s1337_d05.csv
S1,2,W01_C2,ADFNE,1337,6,3754117839,ADFNE|S1|main|2|W01_C2|1337|6,networks/S1/ADFNE/f2_W01_C2_s1337_d06.csv
S1,2,W01_C2,ADFNE,1337,7,2831448665,ADFNE|S1|main|2|W01_C2|1337|7,networks/S1/ADFNE/f2_W01_C2_s1337_d07.csv
S1,2,W01_C2,ADFNE,20260903,0,3039041158,ADFNE|S1|main|2|W01_C2|20260903|0,networks/S1/ADFNE/f2_W01_C2_s20260903_d00.csv
S1,2,W01_C2,ADFNE,20260903,1,3257083408,ADFNE|S1|main|2|W01_C2|20260903|1,networks/S1/ADFNE/f2_W01_C2_s20260903_d01.csv
S1,2,W01_C2,ADFNE,20260903,2,1529509802,ADFNE|S1|main|2|W01_C2|20260903|2,networks/S1/ADFNE/f2_W01_C2_s20260903_d02.csv
S1,2,W01_C2,ADFNE,20260903,3,741164860,ADFNE|S1|main|2|W01_C2|20260903|3,networks/S1/ADFNE/f2_W01_C2_s20260903_d03.csv
S1,2,W01_C2,ADFNE,20260903,4,2991182495,ADFNE|S1|main|2|W01_C2|20260903|4,networks/S1/ADFNE/f2_W01_C2_s20260903_d04.csv
S1,2,W01_C2,ADFNE,20260903,5,3310281225,ADFNE|S1|main|2|W01_C2|20260903|5,networks/S1/ADFNE/f2_W01_C2_s20260903_d05.csv
S1,2,W01_C2,ADFNE,20260903,6,1548202931,ADFNE|S1|main|2|W01_C2|20260903|6,networks/S1/ADFNE/f2_W01_C2_s20260903_d06.csv
S1,2,W01_C2,ADFNE,20260903,7,725648165,ADFNE|S1|main|2|W01_C2|20260903|7,networks/S1/ADFNE/f2_W01_C2_s20260903_d07.csv
S1,2,W01_C2,ADFNE,7,0,3597453341,ADFNE|S1|main|2|W01_C2|7|0,networks/S1/ADFNE/f2_W01_C2_s7_d00.csv
S1,2,W01_C2,ADFNE,7,1,2708207755,ADFNE|S1|main|2|W01_C2|7|1,networks/S1/ADFNE/f2_W01_C2_s7_d01.csv
S1,2,W01_C2,ADFNE,7,2,945989937,ADFNE|S1|main|2|W01_C2|7|2,networks/S1/ADFNE/f2_W01_C2_s7_d02.csv
S1,2,W01_C2,ADFNE,7,3,1332058535,ADFNE|S1|main|2|W01_C2|7|3,networks/S1/ADFNE/f2_W01_C2_s7_d03.csv
S1,2,W01_C2,ADFNE,7,4,3506506756,ADFNE|S1|main|2|W01_C2|7|4,networks/S1/ADFNE/f2_W01_C2_s7_d04.csv
S1,2,W01_C2,ADFNE,7,5,2785426578,ADFNE|S1|main|2|W01_C2|7|5,networks/S1/ADFNE/f2_W01_C2_s7_d05.csv
S1,2,W01_C2,ADFNE,7,6,1057975592,ADFNE|S1|main|2|W01_C2|7|6,networks/S1/ADFNE/f2_W01_C2_s7_d06.csv
S1,2,W01_C2,ADFNE,7,7,1208507838,ADFNE|S1|main|2|W01_C2|7|7,networks/S1/ADFNE/f2_W01_C2_s7_d07.csv
S1,2,W01_C2,KDE,1337,0,3569151221,KDE|S1|main|2|W01_C2|1337|0,networks/S1/KDE/f2_W01_C2_s1337_d00.csv
S1,2,W01_C2,KDE,1337,1,2746997859,KDE|S1|main|2|W01_C2|1337|1,networks/S1/KDE/f2_W01_C2_s1337_d01.csv
S1,2,W01_C2,KDE,1337,2,984780249,KDE|S1|main|2|W01_C2|1337|2,networks/S1/KDE/f2_W01_C2_s1337_d02.csv
S1,2,W01_C2,KDE,1337,3,1303756111,KDE|S1|main|2|W01_C2|1337|3,networks/S1/KDE/f2_W01_C2_s1337_d03.csv
S1,2,W01_C2,KDE,1337,4,3553700076,KDE|S1|main|2|W01_C2|1337|4,networks/S1/KDE/f2_W01_C2_s1337_d04.csv
S1,2,W01_C2,KDE,1337,5,2765494394,KDE|S1|main|2|W01_C2|1337|5,networks/S1/KDE/f2_W01_C2_s1337_d05.csv
S1,2,W01_C2,KDE,1337,6,1038043584,KDE|S1|main|2|W01_C2|1337|6,networks/S1/KDE/f2_W01_C2_s1337_d06.csv
S1,2,W01_C2,KDE,1337,7,1255700822,KDE|S1|main|2|W01_C2|1337|7,networks/S1/KDE/f2_W01_C2_s1337_d07.csv
S1,2,W01_C2,KDE,20260903,0,1198679680,KDE|S1|main|2|W01_C2|20260903|0,networks/S1/KDE/f2_W01_C2_s20260903_d00.csv
S1,2,W01_C2,KDE,20260903,1,812996118,KDE|S1|main|2|W01_C2|20260903|1,networks/S1/KDE/f2_W01_C2_s20260903_d01.csv
S1,2,W01_C2,KDE,20260903,2,2843477932,KDE|S1|main|2|W01_C2|20260903|2,networks/S1/KDE/f2_W01_C2_s20260903_d02.csv
S1,2,W01_C2,KDE,20260903,3,3732617018,KDE|S1|main|2|W01_C2|20260903|3,networks/S1/KDE/f2_W01_C2_s20260903_d03.csv
S1,2,W01_C2,KDE,20260903,4,1075815065,KDE|S1|main|2|W01_C2|20260903|4,networks/S1/KDE/f2_W01_C2_s20260903_d04.csv
S1,2,W01_C2,KDE,20260903,5,924357135,KDE|S1|main|2|W01_C2|20260903|5,networks/S1/KDE/f2_W01_C2_s20260903_d05.csv
S1,2,W01_C2,KDE,20260903,6,2920399797,KDE|S1|main|2|W01_C2|20260903|6,networks/S1/KDE/f2_W01_C2_s20260903_d06.csv
S1,2,W01_C2,KDE,20260903,7,3642159907,KDE|S1|main|2|W01_C2|20260903|7,networks/S1/KDE/f2_W01_C2_s20260903_d07.csv
S1,2,W01_C2,KDE,7,0,1847065520,KDE|S1|main|2|W01_C2|7|0,networks/S1/KDE/f2_W01_C2_s7_d00.csv
S1,2,W01_C2,KDE,7,1,420530982,KDE|S1|main|2|W01_C2|7|1,networks/S1/KDE/f2_W01_C2_s7_d01.csv
S1,2,W01_C2,KDE,7,2,2149161628,KDE|S1|main|2|W01_C2|7|2,networks/S1/KDE/f2_W01_C2_s7_d02.csv
S1,2,W01_C2,KDE,7,3,4145981962,KDE|S1|main|2|W01_C2|7|3,networks/S1/KDE/f2_W01_C2_s7_d03.csv
S1,2,W01_C2,KDE,7,4,1769619369,KDE|S1|main|2|W01_C2|7|4,networks/S1/KDE/f2_W01_C2_s7_d04.csv
S1,2,W01_C2,KDE,7,5,511512383,KDE|S1|main|2|W01_C2|7|5,networks/S1/KDE/f2_W01_C2_s7_d05.csv
S1,2,W01_C2,KDE,7,6,2272550533,KDE|S1|main|2|W01_C2|7|6,networks/S1/KDE/f2_W01_C2_s7_d06.csv
S1,2,W01_C2,KDE,7,7,4034096659,KDE|S1|main|2|W01_C2|7|7,networks/S1/KDE/f2_W01_C2_s7_d07.csv
S1,2,W03_C2,EVAE,1337,0,2058722514,EVAE|S1|geobg|2|W03_C2|1337|0,networks/S1/EVAE/f2_W03_C2_s1337_d00.csv
S1,2,W03_C2,EVAE,1337,1,229813316,EVAE|S1|geobg|2|W03_C2|1337|1,networks/S1/EVAE/f2_W03_C2_s1337_d01.csv
S1,2,W03_C2,EVAE,1337,2,2495348222,EVAE|S1|geobg|2|W03_C2|1337|2,networks/S1/EVAE/f2_W03_C2_s1337_d02.csv
S1,2,W03_C2,EVAE,1337,3,3820801384,EVAE|S1|geobg|2|W03_C2|1337|3,networks/S1/EVAE/f2_W03_C2_s1337_d03.csv
S1,2,W03_C2,EVAE,1337,4,2111330507,EVAE|S1|geobg|2|W03_C2|1337|4,networks/S1/EVAE/f2_W03_C2_s1337_d04.csv
S1,2,W03_C2,EVAE,1337,5,182413405,EVAE|S1|geobg|2|W03_C2|1337|5,networks/S1/EVAE/f2_W03_C2_s1337_d05.csv
S1,2,W03_C2,EVAE,1337,6,2480290279,EVAE|S1|geobg|2|W03_C2|1337|6,networks/S1/EVAE/f2_W03_C2_s1337_d06.csv
S1,2,W03_C2,EVAE,1337,7,3838904689,EVAE|S1|geobg|2|W03_C2|1337|7,networks/S1/EVAE/f2_W03_C2_s1337_d07.csv
S1,2,W03_C2,EVAE,20260903,0,3469389041,EVAE|S1|geobg|2|W03_C2|20260903|0,networks/S1/EVAE/f2_W03_C2_s20260903_d00.csv
S1,2,W03_C2,EVAE,20260903,1,3117259879,EVAE|S1|geobg|2|W03_C2|20260903|1,networks/S1/EVAE/f2_W03_C2_s20260903_d01.csv
S1,2,W03_C2,EVAE,20260903,2,549768669,EVAE|S1|geobg|2|W03_C2|20260903|2,networks/S1/EVAE/f2_W03_C2_s20260903_d02.csv
S1,2,W03_C2,EVAE,20260903,3,1472462155,EVAE|S1|geobg|2|W03_C2|20260903|3,networks/S1/EVAE/f2_W03_C2_s20260903_d03.csv
S1,2,W03_C2,EVAE,20260903,4,3383191784,EVAE|S1|geobg|2|W03_C2|20260903|4,networks/S1/EVAE/f2_W03_C2_s20260903_d04.csv
S1,2,W03_C2,EVAE,20260903,5,3198179454,EVAE|S1|geobg|2|W03_C2|20260903|5,networks/S1/EVAE/f2_W03_C2_s20260903_d05.csv
S1,2,W03_C2,EVAE,20260903,6,665389508,EVAE|S1|geobg|2|W03_C2|20260903|6,networks/S1/EVAE/f2_W03_C2_s20260903_d06.csv
S1,2,W03_C2,EVAE,20260903,7,1353595218,EVAE|S1|geobg|2|W03_C2|20260903|7,networks/S1/EVAE/f2_W03_C2_s20260903_d07.csv
S1,2,W03_C2,EVAE,7,0,2677739566,EVAE|S1|geobg|2|W03_C2|7|0,networks/S1/EVAE/f2_W03_C2_s7_d00.csv
S1,2,W03_C2,EVAE,7,1,3902546104,EVAE|S1|geobg|2|W03_C2|7|1,networks/S1/EVAE/f2_W03_C2_s7_d01.csv
S1,2,W03_C2,EVAE,7,2,1905619202,EVAE|S1|geobg|2|W03_C2|7|2,networks/S1/EVAE/f2_W03_C2_s7_d02.csv
S1,2,W03_C2,EVAE,7,3,110248340,EVAE|S1|geobg|2|W03_C2|7|3,networks/S1/EVAE/f2_W03_C2_s7_d03.csv
S1,2,W03_C2,EVAE,7,4,2566313015,EVAE|S1|geobg|2|W03_C2|7|4,networks/S1/EVAE/f2_W03_C2_s7_d04.csv
S1,2,W03_C2,EVAE,7,5,4025607329,EVAE|S1|geobg|2|W03_C2|7|5,networks/S1/EVAE/f2_W03_C2_s7_d05.csv
S1,2,W03_C2,EVAE,7,6,1996010779,EVAE|S1|geobg|2|W03_C2|7|6,networks/S1/EVAE/f2_W03_C2_s7_d06.csv
S1,2,W03_C2,EVAE,7,7,33523085,EVAE|S1|geobg|2|W03_C2|7|7,networks/S1/EVAE/f2_W03_C2_s7_d07.csv
S1,2,W03_C2,ADFNE,1337,0,1858885179,ADFNE|S1|main|2|W03_C2|1337|0,networks/S1/ADFNE/f2_W03_C2_s1337_d00.csv
S1,2,W03_C2,ADFNE,1337,1,432760493,ADFNE|S1|main|2|W03_C2|1337|1,networks/S1/ADFNE/f2_W03_C2_s1337_d01.csv
S1,2,W03_C2,ADFNE,1337,2,2160211735,ADFNE|S1|main|2|W03_C2|1337|2,networks/S1/ADFNE/f2_W03_C2_s1337_d02.csv
S1,2,W03_C2,ADFNE,1337,3,4156884865,ADFNE|S1|main|2|W03_C2|1337|3,networks/S1/ADFNE/f2_W03_C2_s1337_d03.csv
S1,2,W03_C2,ADFNE,1337,4,1772196386,ADFNE|S1|main|2|W03_C2|1337|4,networks/S1/ADFNE/f2_W03_C2_s1337_d04.csv
S1,2,W03_C2,ADFNE,1337,5,514237108,ADFNE|S1|main|2|W03_C2|1337|5,networks/S1/ADFNE/f2_W03_C2_s1337_d05.csv
S1,2,W03_C2,ADFNE,1337,6,2276455182,ADFNE|S1|main|2|W03_C2|1337|6,networks/S1/ADFNE/f2_W03_C2_s1337_d06.csv
S1,2,W03_C2,ADFNE,1337,7,4037591960,ADFNE|S1|main|2|W03_C2|1337|7,networks/S1/ADFNE/f2_W03_C2_s1337_d07.csv
S1,2,W03_C2,ADFNE,20260903,0,497198871,ADFNE|S1|main|2|W03_C2|20260903|0,networks/S1/ADFNE/f2_W03_C2_s20260903_d00.csv
S1,2,W03_C2,ADFNE,20260903,1,1789237121,ADFNE|S1|main|2|W03_C2|20260903|1,networks/S1/ADFNE/f2_W03_C2_s20260903_d01.csv
S1,2,W03_C2,ADFNE,20260903,2,4088186427,ADFNE|S1|main|2|W03_C2|20260903|2,networks/S1/ADFNE/f2_W03_C2_s20260903_d02.csv
S1,2,W03_C2,ADFNE,20260903,3,2225862317,ADFNE|S1|main|2|W03_C2|20260903|3,networks/S1/ADFNE/f2_W03_C2_s20260903_d03.csv
S1,2,W03_C2,ADFNE,20260903,4,449798926,ADFNE|S1|main|2|W03_C2|20260903|4,networks/S1/ADFNE/f2_W03_C2_s20260903_d04.csv
S1,2,W03_C2,ADFNE,20260903,5,1841845144,ADFNE|S1|main|2|W03_C2|20260903|5,networks/S1/ADFNE/f2_W03_C2_s20260903_d05.csv
S1,2,W03_C2,ADFNE,20260903,6,4106289698,ADFNE|S1|main|2|W03_C2|20260903|6,networks/S1/ADFNE/f2_W03_C2_s20260903_d06.csv
S1,2,W03_C2,ADFNE,20260903,7,2210804404,ADFNE|S1|main|2|W03_C2|20260903|7,networks/S1/ADFNE/f2_W03_C2_s20260903_d07.csv
S1,2,W03_C2,ADFNE,7,0,2487865184,ADFNE|S1|main|2|W03_C2|7|0,networks/S1/ADFNE/f2_W03_C2_s7_d00.csv
S1,2,W03_C2,ADFNE,7,1,3813605366,ADFNE|S1|main|2|W03_C2|7|1,networks/S1/ADFNE/f2_W03_C2_s7_d01.csv
S1,2,W03_C2,ADFNE,7,2,2051518028,ADFNE|S1|main|2|W03_C2|7|2,networks/S1/ADFNE/f2_W03_C2_s7_d02.csv
S1,2,W03_C2,ADFNE,7,3,222338778,ADFNE|S1|main|2|W03_C2|7|3,networks/S1/ADFNE/f2_W03_C2_s7_d03.csv
S1,2,W03_C2,ADFNE,7,4,2468612985,ADFNE|S1|main|2|W03_C2|7|4,networks/S1/ADFNE/f2_W03_C2_s7_d04.csv
S1,2,W03_C2,ADFNE,7,5,3827514351,ADFNE|S1|main|2|W03_C2|7|5,networks/S1/ADFNE/f2_W03_C2_s7_d05.csv
S1,2,W03_C2,ADFNE,7,6,2099931733,ADFNE|S1|main|2|W03_C2|7|6,networks/S1/ADFNE/f2_W03_C2_s7_d06.csv
S1,2,W03_C2,ADFNE,7,7,170744515,ADFNE|S1|main|2|W03_C2|7|7,networks/S1/ADFNE/f2_W03_C2_s7_d07.csv
S1,2,W03_C2,KDE,1337,0,2362463540,KDE|S1|main|2|W03_C2|1337|0,networks/S1/KDE/f2_W03_C2_s1337_d00.csv
S1,2,W03_C2,KDE,1337,1,4225197474,KDE|S1|main|2|W03_C2|1337|1,networks/S1/KDE/f2_W03_C2_s1337_d01.csv
S1,2,W03_C2,KDE,1337,2,1658729496,KDE|S1|main|2|W03_C2|1337|2,networks/S1/KDE/f2_W03_C2_s1337_d02.csv
S1,2,W03_C2,KDE,1337,3,366544014,KDE|S1|main|2|W03_C2|1337|3,networks/S1/KDE/f2_W03_C2_s1337_d03.csv
S1,2,W03_C2,KDE,1337,4,2344456493,KDE|S1|main|2|W03_C2|1337|4,networks/S1/KDE/f2_W03_C2_s1337_d04.csv
S1,2,W03_C2,KDE,1337,5,4240089531,KDE|S1|main|2|W03_C2|1337|5,networks/S1/KDE/f2_W03_C2_s1337_d05.csv
S1,2,W03_C2,KDE,1337,6,1706291201,KDE|S1|main|2|W03_C2|1337|6,networks/S1/KDE/f2_W03_C2_s1337_d06.csv
S1,2,W03_C2,KDE,1337,7,313835671,KDE|S1|main|2|W03_C2|1337|7,networks/S1/KDE/f2_W03_C2_s1337_d07.csv
S1,2,W03_C2,KDE,20260903,0,4025800465,KDE|S1|main|2|W03_C2|20260903|0,networks/S1/KDE/f2_W03_C2_s20260903_d00.csv
S1,2,W03_C2,KDE,20260903,1,2566121351,KDE|S1|main|2|W03_C2|20260903|1,networks/S1/KDE/f2_W03_C2_s20260903_d01.csv
S1,2,W03_C2,KDE,20260903,2,33207869,KDE|S1|main|2|W03_C2|20260903|2,networks/S1/KDE/f2_W03_C2_s20260903_d02.csv
S1,2,W03_C2,KDE,20260903,3,1996326571,KDE|S1|main|2|W03_C2|20260903|3,networks/S1/KDE/f2_W03_C2_s20260903_d03.csv
S1,2,W03_C2,KDE,20260903,4,3902345992,KDE|S1|main|2|W03_C2|20260903|4,networks/S1/KDE/f2_W03_C2_s20260903_d04.csv
S1,2,W03_C2,KDE,20260903,5,2677941150,KDE|S1|main|2|W03_C2|20260903|5,networks/S1/KDE/f2_W03_C2_s20260903_d05.csv
S1,2,W03_C2,KDE,20260903,6,110588452,KDE|S1|main|2|W03_C2|20260903|6,networks/S1/KDE/f2_W03_C2_s20260903_d06.csv
S1,2,W03_C2,KDE,20260903,7,1905279666,KDE|S1|main|2|W03_C2|20260903|7,networks/S1/KDE/f2_W03_C2_s20260903_d07.csv
S1,2,W03_C2,KDE,7,0,741539021,KDE|S1|main|2|W03_C2|7|0,networks/S1/KDE/f2_W03_C2_s7_d00.csv
S1,2,W03_C2,KDE,7,1,1530252379,KDE|S1|main|2|W03_C2|7|1,networks/S1/KDE/f2_W03_C2_s7_d01.csv
S1,2,W03_C2,KDE,7,2,3258752481,KDE|S1|main|2|W03_C2|7|2,networks/S1/KDE/f2_W03_C2_s7_d02.csv
S1,2,W03_C2,KDE,7,3,3040587127,KDE|S1|main|2|W03_C2|7|3,networks/S1/KDE/f2_W03_C2_s7_d03.csv
S1,2,W03_C2,KDE,7,4,727660756,KDE|S1|main|2|W03_C2|7|4,networks/S1/KDE/f2_W03_C2_s7_d04.csv
S1,2,W03_C2,KDE,7,5,1549273154,KDE|S1|main|2|W03_C2|7|5,networks/S1/KDE/f2_W03_C2_s7_d05.csv
S1,2,W03_C2,KDE,7,6,3310443000,KDE|S1|main|2|W03_C2|7|6,networks/S1/KDE/f2_W03_C2_s7_d06.csv
S1,2,W03_C2,KDE,7,7,2992007534,KDE|S1|main|2|W03_C2|7|7,networks/S1/KDE/f2_W03_C2_s7_d07.csv
S1,2,W03_C4,EVAE,1337,0,3168441685,EVAE|S1|geobg|2|W03_C4|1337|0,networks/S1/EVAE/f2_W03_C4_s1337_d00.csv
S1,2,W03_C4,EVAE,1337,1,3420300739,EVAE|S1|geobg|2|W03_C4|1337|1,networks/S1/EVAE/f2_W03_C4_s1337_d01.csv
S1,2,W03_C4,EVAE,1337,2,1389687929,EVAE|S1|geobg|2|W03_C4|1337|2,networks/S1/EVAE/f2_W03_C4_s1337_d02.csv
S1,2,W03_C4,EVAE,1337,3,634635503,EVAE|S1|geobg|2|W03_C4|1337|3,networks/S1/EVAE/f2_W03_C4_s1337_d03.csv
S1,2,W03_C4,EVAE,1337,4,3149353292,EVAE|S1|geobg|2|W03_C4|1337|4,networks/S1/EVAE/f2_W03_C4_s1337_d04.csv
S1,2,W03_C4,EVAE,1337,5,3434111450,EVAE|S1|geobg|2|W03_C4|1337|5,networks/S1/EVAE/f2_W03_C4_s1337_d05.csv
S1,2,W03_C4,EVAE,1337,6,1438199904,EVAE|S1|geobg|2|W03_C4|1337|6,networks/S1/EVAE/f2_W03_C4_s1337_d06.csv
S1,2,W03_C4,EVAE,1337,7,582877430,EVAE|S1|geobg|2|W03_C4|1337|7,networks/S1/EVAE/f2_W03_C4_s1337_d07.csv
S1,2,W03_C4,EVAE,20260903,0,569837841,EVAE|S1|geobg|2|W03_C4|20260903|0,networks/S1/EVAE/f2_W03_C4_s20260903_d00.csv
S1,2,W03_C4,EVAE,20260903,1,1458583943,EVAE|S1|geobg|2|W03_C4|20260903|1,networks/S1/EVAE/f2_W03_C4_s20260903_d01.csv
S1,2,W03_C4,EVAE,20260903,2,3489228861,EVAE|S1|geobg|2|W03_C4|20260903|2,networks/S1/EVAE/f2_W03_C4_s20260903_d02.csv
S1,2,W03_C4,EVAE,20260903,3,3103676587,EVAE|S1|geobg|2|W03_C4|20260903|3,networks/S1/EVAE/f2_W03_C4_s20260903_d03.csv
S1,2,W03_C4,EVAE,20260903,4,647679240,EVAE|S1|geobg|2|W03_C4|20260903|4,networks/S1/EVAE/f2_W03_C4_s20260903_d04.csv
S1,2,W03_C4,EVAE,20260903,5,1369308574,EVAE|S1|geobg|2|W03_C4|20260903|5,networks/S1/EVAE/f2_W03_C4_s20260903_d05.csv
S1,2,W03_C4,EVAE,20260903,6,3365186596,EVAE|S1|geobg|2|W03_C4|20260903|6,networks/S1/EVAE/f2_W03_C4_s20260903_d06.csv
S1,2,W03_C4,EVAE,20260903,7,3214122162,EVAE|S1|geobg|2|W03_C4|20260903|7,networks/S1/EVAE/f2_W03_C4_s20260903_d07.csv
S1,2,W03_C4,EVAE,7,0,282846606,EVAE|S1|geobg|2|W03_C4|7|0,networks/S1/EVAE/f2_W03_C4_s7_d00.csv
S1,2,W03_C4,EVAE,7,1,1742525720,EVAE|S1|geobg|2|W03_C4|7|1,networks/S1/EVAE/f2_W03_C4_s7_d01.csv
S1,2,W03_C4,EVAE,7,2,4275405986,EVAE|S1|geobg|2|W03_C4|7|2,networks/S1/EVAE/f2_W03_C4_s7_d02.csv
S1,2,W03_C4,EVAE,7,3,2312287284,EVAE|S1|geobg|2|W03_C4|7|3,networks/S1/EVAE/f2_W03_C4_s7_d03.csv
S1,2,W03_C4,EVAE,7,4,397812119,EVAE|S1|geobg|2|W03_C4|7|4,networks/S1/EVAE/f2_W03_C4_s7_d04.csv
S1,2,W03_C4,EVAE,7,5,1622216961,EVAE|S1|geobg|2|W03_C4|7|5,networks/S1/EVAE/f2_W03_C4_s7_d05.csv
S1,2,W03_C4,EVAE,7,6,4189601979,EVAE|S1|geobg|2|W03_C4|7|6,networks/S1/EVAE/f2_W03_C4_s7_d06.csv
S1,2,W03_C4,EVAE,7,7,2394910765,EVAE|S1|geobg|2|W03_C4|7|7,networks/S1/EVAE/f2_W03_C4_s7_d07.csv
S1,2,W03_C4,ADFNE,1337,0,2829279164,ADFNE|S1|main|2|W03_C4|1337|0,networks/S1/ADFNE/f2_W03_C4_s1337_d00.csv
S1,2,W03_C4,ADFNE,1337,1,3752095530,ADFNE|S1|main|2|W03_C4|1337|1,networks/S1/ADFNE/f2_W03_C4_s1337_d01.csv
S1,2,W03_C4,ADFNE,1337,2,1185758864,ADFNE|S1|main|2|W03_C4|1337|2,networks/S1/ADFNE/f2_W03_C4_s1337_d02.csv
S1,2,W03_C4,ADFNE,1337,3,833228294,ADFNE|S1|main|2|W03_C4|1337|3,networks/S1/ADFNE/f2_W03_C4_s1337_d03.csv
S1,2,W03_C4,ADFNE,1337,4,2949553061,ADFNE|S1|main|2|W03_C4|1337|4,networks/S1/ADFNE/f2_W03_C4_s1337_d04.csv
S1,2,W03_C4,ADFNE,1337,5,3637095219,ADFNE|S1|main|2|W03_C4|1337|5,networks/S1/ADFNE/f2_W03_C4_s1337_d05.csv
S1,2,W03_C4,ADFNE,1337,6,1103166089,ADFNE|S1|main|2|W03_C4|1337|6,networks/S1/ADFNE/f2_W03_C4_s1337_d06.csv
S1,2,W03_C4,ADFNE,1337,7,919063071,ADFNE|S1|main|2|W03_C4|1337|7,networks/S1/ADFNE/f2_W03_C4_s1337_d07.csv
S1,2,W03_C4,ADFNE,20260903,0,4070507255,ADFNE|S1|main|2|W03_C4|20260903|0,networks/S1/ADFNE/f2_W03_C4_s20260903_d00.csv
S1,2,W03_C4,ADFNE,20260903,1,2241344097,ADFNE|S1|main|2|W03_C4|20260903|1,networks/S1/ADFNE/f2_W03_C4_s20260903_d01.csv
S1,2,W03_C4,ADFNE,20260903,2,479290331,ADFNE|S1|main|2|W03_C4|20260903|2,networks/S1/ADFNE/f2_W03_C4_s20260903_d02.csv
S1,2,W03_C4,ADFNE,20260903,3,1805013837,ADFNE|S1|main|2|W03_C4|20260903|3,networks/S1/ADFNE/f2_W03_C4_s20260903_d03.csv
S1,2,W03_C4,ADFNE,20260903,4,4126328558,ADFNE|S1|main|2|W03_C4|20260903|4,networks/S1/ADFNE/f2_W03_C4_s20260903_d04.csv
S1,2,W03_C4,ADFNE,20260903,5,2197157496,ADFNE|S1|main|2|W03_C4|20260903|5,networks/S1/ADFNE/f2_W03_C4_s20260903_d05.csv
S1,2,W03_C4,ADFNE,20260903,6,469542850,ADFNE|S1|main|2|W03_C4|20260903|6,networks/S1/ADFNE/f2_W03_C4_s20260903_d06.csv
S1,2,W03_C4,ADFNE,20260903,7,1828427604,ADFNE|S1|main|2|W03_C4|20260903|7,networks/S1/ADFNE/f2_W03_C4_s20260903_d07.csv
S1,2,W03_C4,ADFNE,7,0,453589696,ADFNE|S1|main|2|W03_C4|7|0,networks/S1/ADFNE/f2_W03_C4_s7_d00.csv
S1,2,W03_C4,ADFNE,7,1,1812859478,ADFNE|S1|main|2|W03_C4|7|1,networks/S1/ADFNE/f2_W03_C4_s7_d01.csv
S1,2,W03_C4,ADFNE,7,2,4110900204,ADFNE|S1|main|2|W03_C4|7|2,networks/S1/ADFNE/f2_W03_C4_s7_d02.csv
S1,2,W03_C4,ADFNE,7,3,2181065594,ADFNE|S1|main|2|W03_C4|7|3,networks/S1/ADFNE/f2_W03_C4_s7_d03.csv
S1,2,W03_C4,ADFNE,7,4,476380889,ADFNE|S1|main|2|W03_C4|7|4,networks/S1/ADFNE/f2_W03_C4_s7_d04.csv
S1,2,W03_C4,ADFNE,7,5,1801702991,ADFNE|S1|main|2|W03_C4|7|5,networks/S1/ADFNE/f2_W03_C4_s7_d05.csv
S1,2,W03_C4,ADFNE,7,6,4067074037,ADFNE|S1|main|2|W03_C4|7|6,networks/S1/ADFNE/f2_W03_C4_s7_d06.csv
S1,2,W03_C4,ADFNE,7,7,2238558051,ADFNE|S1|main|2|W03_C4|7|7,networks/S1/ADFNE/f2_W03_C4_s7_d07.csv
S1,2,W03_C4,KDE,1337,0,1254055091,KDE|S1|main|2|W03_C4|1337|0,networks/S1/KDE/f2_W03_C4_s1337_d00.csv
S1,2,W03_C4,KDE,1337,1,1035496485,KDE|S1|main|2|W03_C4|1337|1,networks/S1/KDE/f2_W03_C4_s1337_d01.csv
S1,2,W03_C4,KDE,1337,2,2763079071,KDE|S1|main|2|W03_C4|1337|2,networks/S1/KDE/f2_W03_C4_s1337_d02.csv
S1,2,W03_C4,KDE,1337,3,3551923465,KDE|S1|main|2|W03_C4|1337|3,networks/S1/KDE/f2_W03_C4_s1337_d03.csv
S1,2,W03_C4,KDE,1337,4,1305647274,KDE|S1|main|2|W03_C4|1337|4,networks/S1/KDE/f2_W03_C4_s1337_d04.csv
S1,2,W03_C4,KDE,1337,5,987080764,KDE|S1|main|2|W03_C4|1337|5,networks/S1/KDE/f2_W03_C4_s1337_d05.csv
S1,2,W03_C4,KDE,1337,6,2749168006,KDE|S1|main|2|W03_C4|1337|6,networks/S1/KDE/f2_W03_C4_s1337_d06.csv
S1,2,W03_C4,KDE,1337,7,3571173648,KDE|S1|main|2|W03_C4|1337|7,networks/S1/KDE/f2_W03_C4_s1337_d07.csv
S1,2,W03_C4,KDE,20260903,0,13202161,KDE|S1|main|2|W03_C4|20260903|0,networks/S1/KDE/f2_W03_C4_s20260903_d00.csv
S1,2,W03_C4,KDE,20260903,1,2010006119,KDE|S1|main|2|W03_C4|20260903|1,networks/S1/KDE/f2_W03_C4_s20260903_d01.csv
S1,2,W03_C4,KDE,20260903,2,4006024157,KDE|S1|main|2|W03_C4|20260903|2,networks/S1/KDE/f2_W03_C4_s20260903_d02.csv
S1,2,W03_C4,KDE,20260903,3,2579505995,KDE|S1|main|2|W03_C4|20260903|3,networks/S1/KDE/f2_W03_C4_s20260903_d03.csv
S1,2,W03_C4,KDE,20260903,4,128235240,KDE|S1|main|2|W03_C4|20260903|4,networks/S1/KDE/f2_W03_C4_s20260903_d04.csv
S1,2,W03_C4,KDE,20260903,5,1889764990,KDE|S1|main|2|W03_C4|20260903|5,networks/S1/KDE/f2_W03_C4_s20260903_d05.csv
S1,2,W03_C4,KDE,20260903,6,3920287684,KDE|S1|main|2|W03_C4|20260903|6,networks/S1/KDE/f2_W03_C4_s20260903_d06.csv
S1,2,W03_C4,KDE,20260903,7,2662197074,KDE|S1|main|2|W03_C4|20260903|7,networks/S1/KDE/f2_W03_C4_s20260903_d07.csv
S1,2,W03_C4,KDE,7,0,2742159725,KDE|S1|main|2|W03_C4|7|0,networks/S1/KDE/f2_W03_C4_s7_d00.csv
S1,2,W03_C4,KDE,7,1,3564452347,KDE|S1|main|2|W03_C4|7|1,networks/S1/KDE/f2_W03_C4_s7_d01.csv
S1,2,W03_C4,KDE,7,2,1299998785,KDE|S1|main|2|W03_C4|7|2,networks/S1/KDE/f2_W03_C4_s7_d02.csv
S1,2,W03_C4,KDE,7,3,981162199,KDE|S1|main|2|W03_C4|7|3,networks/S1/KDE/f2_W03_C4_s7_d03.csv
S1,2,W03_C4,KDE,7,4,2753547636,KDE|S1|main|2|W03_C4|7|4,networks/S1/KDE/f2_W03_C4_s7_d04.csv
S1,2,W03_C4,KDE,7,5,3541630434,KDE|S1|main|2|W03_C4|7|5,networks/S1/KDE/f2_W03_C4_s7_d05.csv
S1,2,W03_C4,KDE,7,6,1242672216,KDE|S1|main|2|W03_C4|7|6,networks/S1/KDE/f2_W03_C4_s7_d06.csv
S1,2,W03_C4,KDE,7,7,1024892110,KDE|S1|main|2|W03_C4|7|7,networks/S1/KDE/f2_W03_C4_s7_d07.csv
S1,2,W05_C2,EVAE,1337,0,2449495697,EVAE|S1|geobg|2|W05_C2|1337|0,networks/S1/EVAE/f2_W05_C2_s1337_d00.csv
S1,2,W05_C2,EVAE,1337,1,3842467335,EVAE|S1|geobg|2|W05_C2|1337|1,networks/S1/EVAE/f2_W05_C2_s1337_d01.csv
S1,2,W05_C2,EVAE,1337,2,2081306557,EVAE|S1|geobg|2|W05_C2|1337|2,networks/S1/EVAE/f2_W05_C2_s1337_d02.csv
S1,2,W05_C2,EVAE,1337,3,185141035,EVAE|S1|geobg|2|W05_C2|1337|3,networks/S1/EVAE/f2_W05_C2_s1337_d03.csv
S1,2,W05_C2,EVAE,1337,4,2506986120,EVAE|S1|geobg|2|W05_C2|1337|4,networks/S1/EVAE/f2_W05_C2_s1337_d04.csv
S1,2,W05_C2,EVAE,1337,5,3798639134,EVAE|S1|geobg|2|W05_C2|1337|5,networks/S1/EVAE/f2_W05_C2_s1337_d05.csv
S1,2,W05_C2,EVAE,1337,6,2070148004,EVAE|S1|geobg|2|W05_C2|1337|6,networks/S1/EVAE/f2_W05_C2_s1337_d06.csv
S1,2,W05_C2,EVAE,1337,7,207930162,EVAE|S1|geobg|2|W05_C2|1337|7,networks/S1/EVAE/f2_W05_C2_s1337_d07.csv
S1,2,W05_C2,EVAE,20260903,0,3962599427,EVAE|S1|geobg|2|W05_C2|20260903|0,networks/S1/EVAE/f2_W05_C2_s20260903_d00.csv
S1,2,W05_C2,EVAE,20260903,1,2604091541,EVAE|S1|geobg|2|W05_C2|20260903|1,networks/S1/EVAE/f2_W05_C2_s20260903_d01.csv
S1,2,W05_C2,EVAE,20260903,2,37624111,EVAE|S1|geobg|2|W05_C2|20260903|2,networks/S1/EVAE/f2_W05_C2_s20260903_d02.csv
S1,2,W05_C2,EVAE,20260903,3,1966680505,EVAE|S1|geobg|2|W05_C2|20260903|3,networks/S1/EVAE/f2_W05_C2_s20260903_d03.csv
S1,2,W05_C2,EVAE,20260903,4,3948788762,EVAE|S1|geobg|2|W05_C2|20260903|4,networks/S1/EVAE/f2_W05_C2_s20260903_d04.csv
S1,2,W05_C2,EVAE,20260903,5,2623179916,EVAE|S1|geobg|2|W05_C2|20260903|5,networks/S1/EVAE/f2_W05_C2_s20260903_d05.csv
S1,2,W05_C2,EVAE,20260903,6,89382198,EVAE|S1|geobg|2|W05_C2|20260903|6,networks/S1/EVAE/f2_W05_C2_s20260903_d06.csv
S1,2,W05_C2,EVAE,20260903,7,1918168480,EVAE|S1|geobg|2|W05_C2|20260903|7,networks/S1/EVAE/f2_W05_C2_s20260903_d07.csv
S1,2,W05_C2,EVAE,7,0,1509169577,EVAE|S1|geobg|2|W05_C2|7|0,networks/S1/EVAE/f2_W05_C2_s7_d00.csv
S1,2,W05_C2,EVAE,7,1,787687743,EVAE|S1|geobg|2|W05_C2|7|1,networks/S1/EVAE/f2_W05_C2_s7_d01.csv
S1,2,W05_C2,EVAE,7,2,3086645381,EVAE|S1|geobg|2|W05_C2|7|2,networks/S1/EVAE/f2_W05_C2_s7_d02.csv
S1,2,W05_C2,EVAE,7,3,3237824531,EVAE|S1|geobg|2|W05_C2|7|3,networks/S1/EVAE/f2_W05_C2_s7_d03.csv
S1,2,W05_C2,EVAE,7,4,1587142064,EVAE|S1|geobg|2|W05_C2|7|4,networks/S1/EVAE/f2_W05_C2_s7_d04.csv
S1,2,W05_C2,EVAE,7,5,698281254,EVAE|S1|geobg|2|W05_C2|7|5,networks/S1/EVAE/f2_W05_C2_s7_d05.csv
S1,2,W05_C2,EVAE,7,6,2962734236,EVAE|S1|geobg|2|W05_C2|7|6,networks/S1/EVAE/f2_W05_C2_s7_d06.csv
S1,2,W05_C2,EVAE,7,7,3348139018,EVAE|S1|geobg|2|W05_C2|7|7,networks/S1/EVAE/f2_W05_C2_s7_d07.csv
S1,2,W05_C2,ADFNE,1337,0,2256116856,ADFNE|S1|main|2|W05_C2|1337|0,networks/S1/ADFNE/f2_W05_C2_s1337_d00.csv
S1,2,W05_C2,ADFNE,1337,1,4051610862,ADFNE|S1|main|2|W05_C2|1337|1,networks/S1/ADFNE/f2_W05_C2_s1337_d01.csv
S1,2,W05_C2,ADFNE,1337,2,1752694100,ADFNE|S1|main|2|W05_C2|1337|2,networks/S1/ADFNE/f2_W05_C2_s1337_d02.csv
S1,2,W05_C2,ADFNE,1337,3,527486402,ADFNE|S1|main|2|W05_C2|1337|3,networks/S1/ADFNE/f2_W05_C2_s1337_d03.csv
S1,2,W05_C2,ADFNE,1337,4,2165594209,ADFNE|S1|main|2|W05_C2|1337|4,networks/S1/ADFNE/f2_W05_C2_s1337_d04.csv
S1,2,W05_C2,ADFNE,1337,5,4128467191,ADFNE|S1|main|2|W05_C2|1337|5,networks/S1/ADFNE/f2_W05_C2_s1337_d05.csv
S1,2,W05_C2,ADFNE,1337,6,1863989581,ADFNE|S1|main|2|W05_C2|1337|6,networks/S1/ADFNE/f2_W05_C2_s1337_d06.csv
S1,2,W05_C2,ADFNE,1337,7,404556251,ADFNE|S1|main|2|W05_C2|1337|7,networks/S1/ADFNE/f2_W05_C2_s1337_d07.csv
S1,2,W05_C2,ADFNE,20260903,0,1062761445,ADFNE|S1|main|2|W05_C2|20260903|0,networks/S1/ADFNE/f2_W05_C2_s20260903_d00.csv
S1,2,W05_C2,ADFNE,20260903,1,1214202739,ADFNE|S1|main|2|W05_C2|20260903|1,networks/S1/ADFNE/f2_W05_C2_s20260903_d01.csv
S1,2,W05_C2,ADFNE,20260903,2,3512079049,ADFNE|S1|main|2|W05_C2|20260903|2,networks/S1/ADFNE/f2_W05_C2_s20260903_d02.csv
S1,2,W05_C2,ADFNE,20260903,3,2790335071,ADFNE|S1|main|2|W05_C2|20260903|3,networks/S1/ADFNE/f2_W05_C2_s20260903_d03.csv
S1,2,W05_C2,ADFNE,20260903,4,943044604,ADFNE|S1|main|2|W05_C2|20260903|4,networks/S1/ADFNE/f2_W05_C2_s20260903_d04.csv
S1,2,W05_C2,ADFNE,20260903,5,1328711530,ADFNE|S1|main|2|W05_C2|20260903|5,networks/S1/ADFNE/f2_W05_C2_s20260903_d05.csv
S1,2,W05_C2,ADFNE,20260903,6,3594245840,ADFNE|S1|main|2|W05_C2|20260903|6,networks/S1/ADFNE/f2_W05_C2_s20260903_d06.csv
S1,2,W05_C2,ADFNE,20260903,7,2705122886,ADFNE|S1|main|2|W05_C2|20260903|7,networks/S1/ADFNE/f2_W05_C2_s20260903_d07.csv
S1,2,W05_C2,ADFNE,7,0,1378272999,ADFNE|S1|main|2|W05_C2|7|0,networks/S1/ADFNE/f2_W05_C2_s7_d00.csv
S1,2,W05_C2,ADFNE,7,1,622982769,ADFNE|S1|main|2|W05_C2|7|1,networks/S1/ADFNE/f2_W05_C2_s7_d01.csv
S1,2,W05_C2,ADFNE,7,2,3156781003,ADFNE|S1|main|2|W05_C2|7|2,networks/S1/ADFNE/f2_W05_C2_s7_d02.csv
S1,2,W05_C2,ADFNE,7,3,3408893789,ADFNE|S1|main|2|W05_C2|7|3,networks/S1/ADFNE/f2_W05_C2_s7_d03.csv
S1,2,W05_C2,ADFNE,7,4,1430979326,ADFNE|S1|main|2|W05_C2|7|4,networks/S1/ADFNE/f2_W05_C2_s7_d04.csv
S1,2,W05_C2,ADFNE,7,5,575418984,ADFNE|S1|main|2|W05_C2|7|5,networks/S1/ADFNE/f2_W05_C2_s7_d05.csv
S1,2,W05_C2,ADFNE,7,6,3141886930,ADFNE|S1|main|2|W05_C2|7|6,networks/S1/ADFNE/f2_W05_C2_s7_d06.csv
S1,2,W05_C2,ADFNE,7,7,3426898756,ADFNE|S1|main|2|W05_C2|7|7,networks/S1/ADFNE/f2_W05_C2_s7_d07.csv
S1,2,W05_C2,KDE,1337,0,1684381559,KDE|S1|main|2|W05_C2|1337|0,networks/S1/KDE/f2_W05_C2_s1337_d00.csv
S1,2,W05_C2,KDE,1337,1,325234657,KDE|S1|main|2|W05_C2|1337|1,networks/S1/KDE/f2_W05_C2_s1337_d01.csv
S1,2,W05_C2,KDE,1337,2,2322333275,KDE|S1|main|2|W05_C2|1337|2,networks/S1/KDE/f2_W05_C2_s1337_d02.csv
S1,2,W05_C2,KDE,1337,3,4251766477,KDE|S1|main|2|W05_C2|1337|3,networks/S1/KDE/f2_W05_C2_s1337_d03.csv
S1,2,W05_C2,KDE,1337,4,1661492078,KDE|S1|main|2|W05_C2|1337|4,networks/S1/KDE/f2_W05_C2_s1337_d04.csv
S1,2,W05_C2,KDE,1337,5,336555000,KDE|S1|main|2|W05_C2|1337|5,networks/S1/KDE/f2_W05_C2_s1337_d05.csv
S1,2,W05_C2,KDE,1337,6,2365995586,KDE|S1|main|2|W05_C2|1337|6,networks/S1/KDE/f2_W05_C2_s1337_d06.csv
S1,2,W05_C2,KDE,1337,7,4194372308,KDE|S1|main|2|W05_C2|1337|7,networks/S1/KDE/f2_W05_C2_s1337_d07.csv
S1,2,W05_C2,KDE,20260903,0,3440247779,KDE|S1|main|2|W05_C2|20260903|0,networks/S1/KDE/f2_W05_C2_s20260903_d00.csv
S1,2,W05_C2,KDE,20260903,1,3121165173,KDE|S1|main|2|W05_C2|20260903|1,networks/S1/KDE/f2_W05_C2_s20260903_d01.csv
S1,2,W05_C2,KDE,20260903,2,587227855,KDE|S1|main|2|W05_C2|20260903|2,networks/S1/KDE/f2_W05_C2_s20260903_d02.csv
S1,2,W05_C2,KDE,20260903,3,1409765977,KDE|S1|main|2|W05_C2|20260903|3,networks/S1/KDE/f2_W05_C2_s20260903_d03.csv
S1,2,W05_C2,KDE,20260903,4,3395536890,KDE|S1|main|2|W05_C2|20260903|4,networks/S1/KDE/f2_W05_C2_s20260903_d04.csv
S1,2,W05_C2,KDE,20260903,5,3177510764,KDE|S1|main|2|W05_C2|20260903|5,networks/S1/KDE/f2_W05_C2_s20260903_d05.csv
S1,2,W05_C2,KDE,20260903,6,611165910,KDE|S1|main|2|W05_C2|20260903|6,networks/S1/KDE/f2_W05_C2_s20260903_d06.csv
S1,2,W05_C2,KDE,20260903,7,1399494208,KDE|S1|main|2|W05_C2|20260903|7,networks/S1/KDE/f2_W05_C2_s20260903_d07.csv
S1,2,W05_C2,KDE,7,0,3932026186,KDE|S1|main|2|W05_C2|7|0,networks/S1/KDE/f2_W05_C2_s7_d00.csv
S1,2,W05_C2,KDE,7,1,2639971804,KDE|S1|main|2|W05_C2|7|1,networks/S1/KDE/f2_W05_C2_s7_d01.csv
S1,2,W05_C2,KDE,7,2,72586342,KDE|S1|main|2|W05_C2|7|2,networks/S1/KDE/f2_W05_C2_s7_d02.csv
S1,2,W05_C2,KDE,7,3,1934927088,KDE|S1|main|2|W05_C2|7|3,networks/S1/KDE/f2_W05_C2_s7_d03.csv
S1,2,W05_C2,KDE,7,4,3979358547,KDE|S1|main|2|W05_C2|7|4,networks/S1/KDE/f2_W05_C2_s7_d04.csv
S1,2,W05_C2,KDE,7,5,2587296197,KDE|S1|main|2|W05_C2|7|5,networks/S1/KDE/f2_W05_C2_s7_d05.csv
S1,2,W05_C2,KDE,7,6,54415487,KDE|S1|main|2|W05_C2|7|6,networks/S1/KDE/f2_W05_C2_s7_d06.csv
S1,2,W05_C2,KDE,7,7,1949917417,KDE|S1|main|2|W05_C2|7|7,networks/S1/KDE/f2_W05_C2_s7_d07.csv
S1,2,W05_C4,EVAE,1337,0,1416584982,EVAE|S1|geobg|2|W05_C4|1337|0,networks/S1/EVAE/f2_W05_C4_s1337_d00.csv
S1,2,W05_C4,EVAE,1337,1,594046848,EVAE|S1|geobg|2|W05_C4|1337|1,networks/S1/EVAE/f2_W05_C4_s1337_d01.csv
S1,2,W05_C4,EVAE,1337,2,3126935098,EVAE|S1|geobg|2|W05_C4|1337|2,networks/S1/EVAE/f2_W05_C4_s1337_d02.csv
S1,2,W05_C4,EVAE,1337,3,3446017708,EVAE|S1|geobg|2|W05_C4|1337|3,networks/S1/EVAE/f2_W05_C4_s1337_d03.csv
S1,2,W05_C4,EVAE,1337,4,1392679695,EVAE|S1|geobg|2|W05_C4|1337|4,networks/S1/EVAE/f2_W05_C4_s1337_d04.csv
S1,2,W05_C4,EVAE,1337,5,604351385,EVAE|S1|geobg|2|W05_C4|1337|5,networks/S1/EVAE/f2_W05_C4_s1337_d05.csv
S1,2,W05_C4,EVAE,1337,6,3171744291,EVAE|S1|geobg|2|W05_C4|1337|6,networks/S1/EVAE/f2_W05_C4_s1337_d06.csv
S1,2,W05_C4,EVAE,1337,7,3389770421,EVAE|S1|geobg|2|W05_C4|1337|7,networks/S1/EVAE/f2_W05_C4_s1337_d07.csv
S1,2,W05_C4,EVAE,20260903,0,51240419,EVAE|S1|geobg|2|W05_C4|20260903|0,networks/S1/EVAE/f2_W05_C4_s20260903_d00.csv
S1,2,W05_C4,EVAE,20260903,1,1946873205,EVAE|S1|geobg|2|W05_C4|20260903|1,networks/S1/EVAE/f2_W05_C4_s20260903_d01.csv
S1,2,W05_C4,EVAE,20260903,2,3976445135,EVAE|S1|geobg|2|W05_C4|20260903|2,networks/S1/EVAE/f2_W05_C4_s20260903_d02.csv
S1,2,W05_C4,EVAE,20260903,3,2583989337,EVAE|S1|geobg|2|W05_C4|20260903|3,networks/S1/EVAE/f2_W05_C4_s20260903_d03.csv
S1,2,W05_C4,EVAE,20260903,4,73406970,EVAE|S1|geobg|2|W05_C4|20260903|4,networks/S1/EVAE/f2_W05_C4_s20260903_d04.csv
S1,2,W05_C4,EVAE,20260903,5,1936140652,EVAE|S1|geobg|2|W05_C4|20260903|5,networks/S1/EVAE/f2_W05_C4_s20260903_d05.csv
S1,2,W05_C4,EVAE,20260903,6,3933108438,EVAE|S1|geobg|2|W05_C4|20260903|6,networks/S1/EVAE/f2_W05_C4_s20260903_d06.csv
S1,2,W05_C4,EVAE,20260903,7,2640922688,EVAE|S1|geobg|2|W05_C4|20260903|7,networks/S1/EVAE/f2_W05_C4_s20260903_d07.csv
S1,2,W05_C4,EVAE,7,0,3602181129,EVAE|S1|geobg|2|W05_C4|7|0,networks/S1/EVAE/f2_W05_C4_s7_d00.csv
S1,2,W05_C4,EVAE,7,1,2712919199,EVAE|S1|geobg|2|W05_C4|7|1,networks/S1/EVAE/f2_W05_C4_s7_d01.csv
S1,2,W05_C4,EVAE,7,2,951749925,EVAE|S1|geobg|2|W05_C4|7|2,networks/S1/EVAE/f2_W05_C4_s7_d02.csv
S1,2,W05_C4,EVAE,7,3,1337834931,EVAE|S1|geobg|2|W05_C4|7|3,networks/S1/EVAE/f2_W05_C4_s7_d03.csv
S1,2,W05_C4,EVAE,7,4,3520669712,EVAE|S1|geobg|2|W05_C4|7|4,networks/S1/EVAE/f2_W05_C4_s7_d04.csv
S1,2,W05_C4,EVAE,7,5,2799573126,EVAE|S1|geobg|2|W05_C4|7|5,networks/S1/EVAE/f2_W05_C4_s7_d05.csv
S1,2,W05_C4,EVAE,7,6,1071073596,EVAE|S1|geobg|2|W05_C4|7|6,networks/S1/EVAE/f2_W05_C4_s7_d06.csv
S1,2,W05_C4,EVAE,7,7,1221622186,EVAE|S1|geobg|2|W05_C4|7|7,networks/S1/EVAE/f2_W05_C4_s7_d07.csv
S1,2,W05_C4,ADFNE,1337,0,1075222015,ADFNE|S1|main|2|W05_C4|1337|0,networks/S1/ADFNE/f2_W05_C4_s1337_d00.csv
S1,2,W05_C4,ADFNE,1337,1,923903337,ADFNE|S1|main|2|W05_C4|1337|1,networks/S1/ADFNE/f2_W05_C4_s1337_d01.csv
S1,2,W05_C4,ADFNE,1337,2,2920871123,ADFNE|S1|main|2|W05_C4|1337|2,networks/S1/ADFNE/f2_W05_C4_s1337_d02.csv
S1,2,W05_C4,ADFNE,1337,3,3642737733,ADFNE|S1|main|2|W05_C4|1337|3,networks/S1/ADFNE/f2_W05_C4_s1337_d03.csv
S1,2,W05_C4,ADFNE,1337,4,1199264230,ADFNE|S1|main|2|W05_C4|1337|4,networks/S1/ADFNE/f2_W05_C4_s1337_d04.csv
S1,2,W05_C4,ADFNE,1337,5,813457776,ADFNE|S1|main|2|W05_C4|1337|5,networks/S1/ADFNE/f2_W05_C4_s1337_d05.csv
S1,2,W05_C4,ADFNE,1337,6,2843029706,ADFNE|S1|main|2|W05_C4|1337|6,networks/S1/ADFNE/f2_W05_C4_s1337_d06.csv
S1,2,W05_C4,ADFNE,1337,7,3732013148,ADFNE|S1|main|2|W05_C4|1337|7,networks/S1/ADFNE/f2_W05_C4_s1337_d07.csv
S1,2,W05_C4,ADFNE,20260903,0,3496334853,ADFNE|S1|main|2|W05_C4|20260903|0,networks/S1/ADFNE/f2_W05_C4_s20260903_d00.csv
S1,2,W05_C4,ADFNE,20260903,1,2808276627,ADFNE|S1|main|2|W05_C4|20260903|1,networks/S1/ADFNE/f2_W05_C4_s20260903_d01.csv
S1,2,W05_C4,ADFNE,20260903,2,1047246633,ADFNE|S1|main|2|W05_C4|20260903|2,networks/S1/ADFNE/f2_W05_C4_s20260903_d02.csv
S1,2,W05_C4,ADFNE,20260903,3,1231849407,ADFNE|S1|main|2|W05_C4|20260903|3,networks/S1/ADFNE/f2_W05_C4_s20260903_d03.csv
S1,2,W05_C4,ADFNE,20260903,4,3607630364,ADFNE|S1|main|2|W05_C4|20260903|4,networks/S1/ADFNE/f2_W05_C4_s20260903_d04.csv
S1,2,W05_C4,ADFNE,20260903,5,2685346442,ADFNE|S1|main|2|W05_C4|20260903|5,networks/S1/ADFNE/f2_W05_C4_s20260903_d05.csv
S1,2,W05_C4,ADFNE,20260903,6,956724016,ADFNE|S1|main|2|W05_C4|20260903|6,networks/S1/ADFNE/f2_W05_C4_s20260903_d06.csv
S1,2,W05_C4,ADFNE,20260903,7,1308705702,ADFNE|S1|main|2|W05_C4|20260903|7,networks/S1/ADFNE/f2_W05_C4_s20260903_d07.csv
S1,2,W05_C4,ADFNE,7,0,3714462535,ADFNE|S1|main|2|W05_C4|7|0,networks/S1/ADFNE/f2_W05_C4_s7_d00.csv
S1,2,W05_C4,ADFNE,7,1,2858484689,ADFNE|S1|main|2|W05_C4|7|1,networks/S1/ADFNE/f2_W05_C4_s7_d01.csv
S1,2,W05_C4,ADFNE,7,2,862474859,ADFNE|S1|main|2|W05_C4|7|2,networks/S1/ADFNE/f2_W05_C4_s7_d02.csv
S1,2,W05_C4,ADFNE,7,3,1148150525,ADFNE|S1|main|2|W05_C4|7|3,networks/S1/ADFNE/f2_W05_C4_s7_d03.csv
S1,2,W05_C4,ADFNE,7,4,3658217310,ADFNE|S1|main|2|W05_C4|7|4,networks/S1/ADFNE/f2_W05_C4_s7_d04.csv
S1,2,W05_C4,ADFNE,7,5,2903295944,ADFNE|S1|main|2|W05_C4|7|5,networks/S1/ADFNE/f2_W05_C4_s7_d05.csv
S1,2,W05_C4,ADFNE,7,6,872781426,ADFNE|S1|main|2|W05_C4|7|6,networks/S1/ADFNE/f2_W05_C4_s7_d06.csv
S1,2,W05_C4,ADFNE,7,7,1124247268,ADFNE|S1|main|2|W05_C4|7|7,networks/S1/ADFNE/f2_W05_C4_s7_d07.csv
S1,2,W05_C4,KDE,1337,0,2718602992,KDE|S1|main|2|W05_C4|1337|0,networks/S1/KDE/f2_W05_C4_s1337_d00.csv
S1,2,W05_C4,KDE,1337,1,3574441574,KDE|S1|main|2|W05_C4|1337|1,networks/S1/KDE/f2_W05_C4_s1337_d01.csv
S1,2,W05_C4,KDE,1337,2,1275394012,KDE|S1|main|2|W05_C4|1337|2,networks/S1/KDE/f2_W05_C4_s1337_d02.csv
S1,2,W05_C4,KDE,1337,3,990103370,KDE|S1|main|2|W05_C4|1337|3,networks/S1/KDE/f2_W05_C4_s1337_d03.csv
S1,2,W05_C4,KDE,1337,4,2775012073,KDE|S1|main|2|W05_C4|1337|4,networks/S1/KDE/f2_W05_C4_s1337_d04.csv
S1,2,W05_C4,KDE,1337,5,3529532031,KDE|S1|main|2|W05_C4|1337|5,networks/S1/KDE/f2_W05_C4_s1337_d05.csv
S1,2,W05_C4,KDE,1337,6,1265185733,KDE|S1|main|2|W05_C4|1337|6,networks/S1/KDE/f2_W05_C4_s1337_d06.csv
S1,2,W05_C4,KDE,1337,7,1013842771,KDE|S1|main|2|W05_C4|1337|7,networks/S1/KDE/f2_W05_C4_s1337_d07.csv
S1,2,W05_C4,KDE,20260903,0,573810179,KDE|S1|main|2|W05_C4|20260903|0,networks/S1/KDE/f2_W05_C4_s20260903_d00.csv
S1,2,W05_C4,KDE,20260903,1,1429509781,KDE|S1|main|2|W05_C4|20260903|1,networks/S1/KDE/f2_W05_C4_s20260903_d01.csv
S1,2,W05_C4,KDE,20260903,2,3426600751,KDE|S1|main|2|W05_C4|20260903|2,networks/S1/KDE/f2_W05_C4_s20260903_d02.csv
S1,2,W05_C4,KDE,20260903,3,3141203897,KDE|S1|main|2|W05_C4|20260903|3,networks/S1/KDE/f2_W05_C4_s20260903_d03.csv
S1,2,W05_C4,KDE,20260903,4,626942490,KDE|S1|main|2|W05_C4|20260903|4,networks/S1/KDE/f2_W05_C4_s20260903_d04.csv
S1,2,W05_C4,KDE,20260903,5,1381585548,KDE|S1|main|2|W05_C4|20260903|5,networks/S1/KDE/f2_W05_C4_s20260903_d05.csv
S1,2,W05_C4,KDE,20260903,6,3411018550,KDE|S1|main|2|W05_C4|20260903|6,networks/S1/KDE/f2_W05_C4_s20260903_d06.csv
S1,2,W05_C4,KDE,20260903,7,3159831456,KDE|S1|main|2|W05_C4|20260903|7,networks/S1/KDE/f2_W05_C4_s20260903_d07.csv
S1,2,W05_C4,KDE,7,0,1696399594,KDE|S1|main|2|W05_C4|7|0,networks/S1/KDE/f2_W05_C4_s7_d00.csv
S1,2,W05_C4,KDE,7,1,303706236,KDE|S1|main|2|W05_C4|7|1,networks/S1/KDE/f2_W05_C4_s7_d01.csv
S1,2,W05_C4,KDE,7,2,2333303238,KDE|S1|main|2|W05_C4|7|2,networks/S1/KDE/f2_W05_C4_s7_d02.csv
S1,2,W05_C4,KDE,7,3,4229189968,KDE|S1|main|2|W05_C4|7|3,networks/S1/KDE/f2_W05_C4_s7_d03.csv
S1,2,W05_C4,KDE,7,4,1651557619,KDE|S1|main|2|W05_C4|7|4,networks/S1/KDE/f2_W05_C4_s7_d04.csv
S1,2,W05_C4,KDE,7,5,360182885,KDE|S1|main|2|W05_C4|7|5,networks/S1/KDE/f2_W05_C4_s7_d05.csv
S1,2,W05_C4,KDE,7,6,2357110239,KDE|S1|main|2|W05_C4|7|6,networks/S1/KDE/f2_W05_C4_s7_d06.csv
S1,2,W05_C4,KDE,7,7,4219049289,KDE|S1|main|2|W05_C4|7|7,networks/S1/KDE/f2_W05_C4_s7_d07.csv
S1,2,W05_C6,EVAE,1337,0,373971051,EVAE|S1|geobg|2|W05_C6|1337|0,networks/S1/EVAE/f2_W05_C6_s1337_d00.csv
S1,2,W05_C6,EVAE,1337,1,1632463101,EVAE|S1|geobg|2|W05_C6|1337|1,networks/S1/EVAE/f2_W05_C6_s1337_d01.csv
S1,2,W05_C6,EVAE,1337,2,4165220679,EVAE|S1|geobg|2|W05_C6|1337|2,networks/S1/EVAE/f2_W05_C6_s1337_d02.csv
S1,2,W05_C6,EVAE,1337,3,2403535313,EVAE|S1|geobg|2|W05_C6|1337|3,networks/S1/EVAE/f2_W05_C6_s1337_d03.csv
S1,2,W05_C6,EVAE,1337,4,287808626,EVAE|S1|geobg|2|W05_C6|1337|4,networks/S1/EVAE/f2_W05_C6_s1337_d04.csv
S1,2,W05_C6,EVAE,1337,5,1713417444,EVAE|S1|geobg|2|W05_C6|1337|5,networks/S1/EVAE/f2_W05_C6_s1337_d05.csv
S1,2,W05_C6,EVAE,1337,6,4280941918,EVAE|S1|geobg|2|W05_C6|1337|6,networks/S1/EVAE/f2_W05_C6_s1337_d06.csv
S1,2,W05_C6,EVAE,1337,7,2284768712,EVAE|S1|geobg|2|W05_C6|1337|7,networks/S1/EVAE/f2_W05_C6_s1337_d07.csv
S1,2,W05_C6,EVAE,20260903,0,4013310844,EVAE|S1|geobg|2|W05_C6|20260903|0,networks/S1/EVAE/f2_W05_C6_s20260903_d00.csv
S1,2,W05_C6,EVAE,20260903,1,2553377770,EVAE|S1|geobg|2|W05_C6|20260903|1,networks/S1/EVAE/f2_W05_C6_s20260903_d01.csv
S1,2,W05_C6,EVAE,20260903,2,20456016,EVAE|S1|geobg|2|W05_C6|20260903|2,networks/S1/EVAE/f2_W05_C6_s20260903_d02.csv
S1,2,W05_C6,EVAE,20260903,3,1983845062,EVAE|S1|geobg|2|W05_C6|20260903|3,networks/S1/EVAE/f2_W05_C6_s20260903_d03.csv
S1,2,W05_C6,EVAE,20260903,4,3898312549,EVAE|S1|geobg|2|W05_C6|20260903|4,networks/S1/EVAE/f2_W05_C6_s20260903_d04.csv
S1,2,W05_C6,EVAE,20260903,5,2673653747,EVAE|S1|geobg|2|W05_C6|20260903|5,networks/S1/EVAE/f2_W05_C6_s20260903_d05.csv
S1,2,W05_C6,EVAE,20260903,6,106292809,EVAE|S1|geobg|2|W05_C6|20260903|6,networks/S1/EVAE/f2_W05_C6_s20260903_d06.csv
S1,2,W05_C6,EVAE,20260903,7,1901254367,EVAE|S1|geobg|2|W05_C6|20260903|7,networks/S1/EVAE/f2_W05_C6_s20260903_d07.csv
S1,2,W05_C6,EVAE,7,0,2893332329,EVAE|S1|geobg|2|W05_C6|7|0,networks/S1/EVAE/f2_W05_C6_s7_d00.csv
S1,2,W05_C6,EVAE,7,1,3681783807,EVAE|S1|geobg|2|W05_C6|7|1,networks/S1/EVAE/f2_W05_C6_s7_d01.csv
S1,2,W05_C6,EVAE,7,2,1115348549,EVAE|S1|geobg|2|W05_C6|7|2,networks/S1/EVAE/f2_W05_C6_s7_d02.csv
S1,2,W05_C6,EVAE,7,3,897445587,EVAE|S1|geobg|2|W05_C6|7|3,networks/S1/EVAE/f2_W05_C6_s7_d03.csv
S1,2,W05_C6,EVAE,7,4,2870573936,EVAE|S1|geobg|2|W05_C6|7|4,networks/S1/EVAE/f2_W05_C6_s7_d04.csv
S1,2,W05_C6,EVAE,7,5,3692973030,EVAE|S1|geobg|2|W05_C6|7|5,networks/S1/EVAE/f2_W05_C6_s7_d05.csv
S1,2,W05_C6,EVAE,7,6,1159141980,EVAE|S1|geobg|2|W05_C6|7|6,networks/S1/EVAE/f2_W05_C6_s7_d06.csv
S1,2,W05_C6,EVAE,7,7,839920330,EVAE|S1|geobg|2|W05_C6|7|7,networks/S1/EVAE/f2_W05_C6_s7_d07.csv
S1,2,W05_C6,ADFNE,1337,0,36934274,ADFNE|S1|main|2|W05_C6|1337|0,networks/S1/ADFNE/f2_W05_C6_s1337_d00.csv
S1,2,W05_C6,ADFNE,1337,1,1966383636,ADFNE|S1|main|2|W05_C6|1337|1,networks/S1/ADFNE/f2_W05_C6_s1337_d01.csv
S1,2,W05_C6,ADFNE,1337,2,3963483054,ADFNE|S1|main|2|W05_C6|1337|2,networks/S1/ADFNE/f2_W05_C6_s1337_d02.csv
S1,2,W05_C6,ADFNE,1337,3,2604319544,ADFNE|S1|main|2|W05_C6|1337|3,networks/S1/ADFNE/f2_W05_C6_s1337_d03.csv
S1,2,W05_C6,ADFNE,1337,4,90068635,ADFNE|S1|main|2|W05_C6|1337|4,networks/S1/ADFNE/f2_W05_C6_s1337_d04.csv
S1,2,W05_C6,ADFNE,1337,5,1918461453,ADFNE|S1|main|2|W05_C6|1337|5,networks/S1/ADFNE/f2_W05_C6_s1337_d05.csv
S1,2,W05_C6,ADFNE,1337,6,3947902903,ADFNE|S1|main|2|W05_C6|1337|6,networks/S1/ADFNE/f2_W05_C6_s1337_d06.csv
S1,2,W05_C6,ADFNE,1337,7,2622949153,ADFNE|S1|main|2|W05_C6|1337|7,networks/S1/ADFNE/f2_W05_C6_s1337_d07.csv
S1,2,W05_C6,ADFNE,20260903,0,1012811930,ADFNE|S1|main|2|W05_C6|20260903|0,networks/S1/ADFNE/f2_W05_C6_s20260903_d00.csv
S1,2,W05_C6,ADFNE,20260903,1,1264154636,ADFNE|S1|main|2|W05_C6|20260903|1,networks/S1/ADFNE/f2_W05_C6_s20260903_d01.csv
S1,2,W05_C6,ADFNE,20260903,2,3528468918,ADFNE|S1|main|2|W05_C6|20260903|2,networks/S1/ADFNE/f2_W05_C6_s20260903_d02.csv
S1,2,W05_C6,ADFNE,20260903,3,2773948704,ADFNE|S1|main|2|W05_C6|20260903|3,networks/S1/ADFNE/f2_W05_C6_s20260903_d03.csv
S1,2,W05_C6,ADFNE,20260903,4,993234051,ADFNE|S1|main|2|W05_C6|20260903|4,networks/S1/ADFNE/f2_W05_C6_s20260903_d04.csv
S1,2,W05_C6,ADFNE,20260903,5,1278524437,ADFNE|S1|main|2|W05_C6|20260903|5,networks/S1/ADFNE/f2_W05_C6_s20260903_d05.csv
S1,2,W05_C6,ADFNE,20260903,6,3577605551,ADFNE|S1|main|2|W05_C6|20260903|6,networks/S1/ADFNE/f2_W05_C6_s20260903_d06.csv
S1,2,W05_C6,ADFNE,20260903,7,2721766713,ADFNE|S1|main|2|W05_C6|20260903|7,networks/S1/ADFNE/f2_W05_C6_s20260903_d07.csv
S1,2,W05_C6,ADFNE,7,0,2812698663,ADFNE|S1|main|2|W05_C6|7|0,networks/S1/ADFNE/f2_W05_C6_s7_d00.csv
S1,2,W05_C6,ADFNE,7,1,3500232881,ADFNE|S1|main|2|W05_C6|7|1,networks/S1/ADFNE/f2_W05_C6_s7_d01.csv
S1,2,W05_C6,ADFNE,7,2,1235747083,ADFNE|S1|main|2|W05_C6|7|2,networks/S1/ADFNE/f2_W05_C6_s7_d02.csv
S1,2,W05_C6,ADFNE,7,3,1051668893,ADFNE|S1|main|2|W05_C6|7|3,networks/S1/ADFNE/f2_W05_C6_s7_d03.csv
S1,2,W05_C6,ADFNE,7,4,2697700414,ADFNE|S1|main|2|W05_C6|7|4,networks/S1/ADFNE/f2_W05_C6_s7_d04.csv
S1,2,W05_C6,ADFNE,7,5,3620508840,ADFNE|S1|main|2|W05_C6|7|5,networks/S1/ADFNE/f2_W05_C6_s7_d05.csv
S1,2,W05_C6,ADFNE,7,6,1321583890,ADFNE|S1|main|2|W05_C6|7|6,networks/S1/ADFNE/f2_W05_C6_s7_d06.csv
S1,2,W05_C6,ADFNE,7,7,969078148,ADFNE|S1|main|2|W05_C6|7|7,networks/S1/ADFNE/f2_W05_C6_s7_d07.csv
S1,2,W05_C6,KDE,1337,0,3761213837,KDE|S1|main|2|W05_C6|1337|0,networks/S1/KDE/f2_W05_C6_s1337_d00.csv
S1,2,W05_C6,KDE,1337,1,2536022299,KDE|S1|main|2|W05_C6|1337|1,networks/S1/KDE/f2_W05_C6_s1337_d01.csv
S1,2,W05_C6,KDE,1337,2,237105313,KDE|S1|main|2|W05_C6|1337|2,networks/S1/KDE/f2_W05_C6_s1337_d02.csv
S1,2,W05_C6,KDE,1337,3,2032582711,KDE|S1|main|2|W05_C6|1337|3,networks/S1/KDE/f2_W05_C6_s1337_d03.csv
S1,2,W05_C6,KDE,1337,4,3879884180,KDE|S1|main|2|W05_C6|1337|4,networks/S1/KDE/f2_W05_C6_s1337_d04.csv
S1,2,W05_C6,KDE,1337,5,2420466946,KDE|S1|main|2|W05_C6|1337|5,networks/S1/KDE/f2_W05_C6_s1337_d05.csv
S1,2,W05_C6,KDE,1337,6,155989176,KDE|S1|main|2|W05_C6|1337|6,networks/S1/KDE/f2_W05_C6_s1337_d06.csv
S1,2,W05_C6,KDE,1337,7,2118845486,KDE|S1|main|2|W05_C6|1337|7,networks/S1/KDE/f2_W05_C6_s1337_d07.csv
S1,2,W05_C6,KDE,20260903,0,3456645276,KDE|S1|main|2|W05_C6|20260903|0,networks/S1/KDE/f2_W05_C6_s20260903_d00.csv
S1,2,W05_C6,KDE,20260903,1,3104770058,KDE|S1|main|2|W05_C6|20260903|1,networks/S1/KDE/f2_W05_C6_s20260903_d01.csv
S1,2,W05_C6,KDE,20260903,2,537287088,KDE|S1|main|2|W05_C6|20260903|2,networks/S1/KDE/f2_W05_C6_s20260903_d02.csv
S1,2,W05_C6,KDE,20260903,3,1459710246,KDE|S1|main|2|W05_C6|20260903|3,networks/S1/KDE/f2_W05_C6_s20260903_d03.csv
S1,2,W05_C6,KDE,20260903,4,3378904197,KDE|S1|main|2|W05_C6|20260903|4,networks/S1/KDE/f2_W05_C6_s20260903_d04.csv
S1,2,W05_C6,KDE,20260903,5,3194145811,KDE|S1|main|2|W05_C6|20260903|5,networks/S1/KDE/f2_W05_C6_s20260903_d05.csv
S1,2,W05_C6,KDE,20260903,6,661364137,KDE|S1|main|2|W05_C6|20260903|6,networks/S1/KDE/f2_W05_C6_s20260903_d06.csv
S1,2,W05_C6,KDE,20260903,7,1349299519,KDE|S1|main|2|W05_C6|20260903|7,networks/S1/KDE/f2_W05_C6_s20260903_d07.csv
S1,2,W05_C6,KDE,7,0,534598538,KDE|S1|main|2|W05_C6|7|0,networks/S1/KDE/f2_W05_C6_s7_d00.csv
S1,2,W05_C6,KDE,7,1,1759142684,KDE|S1|main|2|W05_C6|7|1,networks/S1/KDE/f2_W05_C6_s7_d01.csv
S1,2,W05_C6,KDE,7,2,4057150118,KDE|S1|main|2|W05_C6|7|2,networks/S1/KDE/f2_W05_C6_s7_d02.csv
S1,2,W05_C6,KDE,7,3,2262041136,KDE|S1|main|2|W05_C6|7|3,networks/S1/KDE/f2_W05_C6_s7_d03.csv
S1,2,W05_C6,KDE,7,4,414226323,KDE|S1|main|2|W05_C6|7|4,networks/S1/KDE/f2_W05_C6_s7_d04.csv
S1,2,W05_C6,KDE,7,5,1874306821,KDE|S1|main|2|W05_C6|7|5,networks/S1/KDE/f2_W05_C6_s7_d05.csv
S1,2,W05_C6,KDE,7,6,4139710143,KDE|S1|main|2|W05_C6|7|6,networks/S1/KDE/f2_W05_C6_s7_d06.csv
S1,2,W05_C6,KDE,7,7,2176435753,KDE|S1|main|2|W05_C6|7|7,networks/S1/KDE/f2_W05_C6_s7_d07.csv
S1,3,W01_C3,EVAE,1337,0,1468595813,EVAE|S1|geobg|3|W01_C3|1337|0,networks/S1/EVAE/f3_W01_C3_s1337_d00.csv
S1,3,W01_C3,EVAE,1337,1,546295539,EVAE|S1|geobg|3|W01_C3|1337|1,networks/S1/EVAE/f3_W01_C3_s1337_d01.csv
S1,3,W01_C3,EVAE,1337,2,3112607561,EVAE|S1|geobg|3|W01_C3|1337|2,networks/S1/EVAE/f3_W01_C3_s1337_d02.csv
S1,3,W01_C3,EVAE,1337,3,3464605663,EVAE|S1|geobg|3|W01_C3|1337|3,networks/S1/EVAE/f3_W01_C3_s1337_d03.csv
S1,3,W01_C3,EVAE,1337,4,1357199996,EVAE|S1|geobg|3|W01_C3|1337|4,networks/S1/EVAE/f3_W01_C3_s1337_d04.csv
S1,3,W01_C3,EVAE,1337,5,669125354,EVAE|S1|geobg|3|W01_C3|1337|5,networks/S1/EVAE/f3_W01_C3_s1337_d05.csv
S1,3,W01_C3,EVAE,1337,6,3203095376,EVAE|S1|geobg|3|W01_C3|1337|6,networks/S1/EVAE/f3_W01_C3_s1337_d06.csv
S1,3,W01_C3,EVAE,1337,7,3387714502,EVAE|S1|geobg|3|W01_C3|1337|7,networks/S1/EVAE/f3_W01_C3_s1337_d07.csv
S1,3,W01_C3,EVAE,20260903,0,705417559,EVAE|S1|geobg|3|W01_C3|20260903|0,networks/S1/EVAE/f3_W01_C3_s20260903_d00.csv
S1,3,W01_C3,EVAE,20260903,1,1561125313,EVAE|S1|geobg|3|W01_C3|20260903|1,networks/S1/EVAE/f3_W01_C3_s20260903_d01.csv
S1,3,W01_C3,EVAE,20260903,2,3288707195,EVAE|S1|geobg|3|W01_C3|20260903|2,networks/S1/EVAE/f3_W01_C3_s20260903_d02.csv
S1,3,W01_C3,EVAE,20260903,3,3003285741,EVAE|S1|geobg|3|W01_C3|20260903|3,networks/S1/EVAE/f3_W01_C3_s20260903_d03.csv
S1,3,W01_C3,EVAE,20260903,4,761664846,EVAE|S1|geobg|3|W01_C3|20260903|4,networks/S1/EVAE/f3_W01_C3_s20260903_d04.csv
S1,3,W01_C3,EVAE,20260903,5,1516316120,EVAE|S1|geobg|3|W01_C3|20260903|5,networks/S1/EVAE/f3_W01_C3_s20260903_d05.csv
S1,3,W01_C3,EVAE,20260903,6,3278402658,EVAE|S1|geobg|3|W01_C3|20260903|6,networks/S1/EVAE/f3_W01_C3_s20260903_d06.csv
S1,3,W01_C3,EVAE,20260903,7,3027191028,EVAE|S1|geobg|3|W01_C3|20260903|7,networks/S1/EVAE/f3_W01_C3_s20260903_d07.csv
S1,3,W01_C3,EVAE,7,0,2071687820,EVAE|S1|geobg|3|W01_C3|7|0,networks/S1/EVAE/f3_W01_C3_s7_d00.csv
S1,3,W01_C3,EVAE,7,1,209469978,EVAE|S1|geobg|3|W01_C3|7|1,networks/S1/EVAE/f3_W01_C3_s7_d01.csv
S1,3,W01_C3,EVAE,7,2,2507477920,EVAE|S1|geobg|3|W01_C3|7|2,networks/S1/EVAE/f3_W01_C3_s7_d02.csv
S1,3,W01_C3,EVAE,7,3,3799130934,EVAE|S1|geobg|3|W01_C3|7|3,networks/S1/EVAE/f3_W01_C3_s7_d03.csv
S1,3,W01_C3,EVAE,7,4,2081863317,EVAE|S1|geobg|3|W01_C3|7|4,networks/S1/EVAE/f3_W01_C3_s7_d04.csv
S1,3,W01_C3,EVAE,7,5,185697795,EVAE|S1|geobg|3|W01_C3|7|5,networks/S1/EVAE/f3_W01_C3_s7_d05.csv
S1,3,W01_C3,EVAE,7,6,2451101625,EVAE|S1|geobg|3|W01_C3|7|6,networks/S1/EVAE/f3_W01_C3_s7_d06.csv
S1,3,W01_C3,EVAE,7,7,3844073263,EVAE|S1|geobg|3|W01_C3|7|7,networks/S1/EVAE/f3_W01_C3_s7_d07.csv
S1,3,W01_C3,ADFNE,1337,0,1139881100,ADFNE|S1|main|3|W01_C3|1337|0,networks/S1/ADFNE/f3_W01_C3_s1337_d00.csv
S1,3,W01_C3,ADFNE,1337,1,888538138,ADFNE|S1|main|3|W01_C3|1337|1,networks/S1/ADFNE/f3_W01_C3_s1337_d01.csv
S1,3,W01_C3,ADFNE,1337,2,2919191968,ADFNE|S1|main|3|W01_C3|1337|2,networks/S1/ADFNE/f3_W01_C3_s1337_d02.csv
S1,3,W01_C3,ADFNE,1337,3,3673711926,ADFNE|S1|main|3|W01_C3|1337|3,networks/S1/ADFNE/f3_W01_C3_s1337_d03.csv
S1,3,W01_C3,ADFNE,1337,4,1151135893,ADFNE|S1|main|3|W01_C3|1337|4,networks/S1/ADFNE/f3_W01_C3_s1337_d04.csv
S1,3,W01_C3,ADFNE,1337,5,865845251,ADFNE|S1|main|3|W01_C3|1337|5,networks/S1/ADFNE/f3_W01_C3_s1337_d05.csv
S1,3,W01_C3,ADFNE,1337,6,2861732281,ADFNE|S1|main|3|W01_C3|1337|6,networks/S1/ADFNE/f3_W01_C3_s1337_d06.csv
S1,3,W01_C3,ADFNE,1337,7,3717570863,ADFNE|S1|main|3|W01_C3|1337|7,networks/S1/ADFNE/f3_W01_C3_s1337_d07.csv
S1,3,W01_C3,ADFNE,20260903,0,4184070833,ADFNE|S1|main|3|W01_C3|20260903|0,networks/S1/ADFNE/f3_W01_C3_s20260903_d00.csv
S1,3,W01_C3,ADFNE,20260903,1,2388978215,ADFNE|S1|main|3|W01_C3|20260903|1,networks/S1/ADFNE/f3_W01_C3_s20260903_d01.csv
S1,3,W01_C3,ADFNE,20260903,2,393067421,ADFNE|S1|main|3|W01_C3|20260903|2,networks/S1/ADFNE/f3_W01_C3_s20260903_d02.csv
S1,3,W01_C3,ADFNE,20260903,3,1617595147,ADFNE|S1|main|3|W01_C3|20260903|3,networks/S1/ADFNE/f3_W01_C3_s20260903_d03.csv
S1,3,W01_C3,ADFNE,20260903,4,4262338216,ADFNE|S1|main|3|W01_C3|20260903|4,networks/S1/ADFNE/f3_W01_C3_s20260903_d04.csv
S1,3,W01_C3,ADFNE,20260903,5,2299080254,ADFNE|S1|main|3|W01_C3|20260903|5,networks/S1/ADFNE/f3_W01_C3_s20260903_d05.csv
S1,3,W01_C3,ADFNE,20260903,6,268468100,ADFNE|S1|main|3|W01_C3|20260903|6,networks/S1/ADFNE/f3_W01_C3_s20260903_d06.csv
S1,3,W01_C3,ADFNE,20260903,7,1728532242,ADFNE|S1|main|3|W01_C3|20260903|7,networks/S1/ADFNE/f3_W01_C3_s20260903_d07.csv
S1,3,W01_C3,ADFNE,7,0,1890168258,ADFNE|S1|main|3|W01_C3|7|0,networks/S1/ADFNE/f3_W01_C3_s7_d00.csv
S1,3,W01_C3,ADFNE,7,1,128884052,ADFNE|S1|main|3|W01_C3|7|1,networks/S1/ADFNE/f3_W01_C3_s7_d01.csv
S1,3,W01_C3,ADFNE,7,2,2661797102,ADFNE|S1|main|3|W01_C3|7|2,networks/S1/ADFNE/f3_W01_C3_s7_d02.csv
S1,3,W01_C3,ADFNE,7,3,3919641720,ADFNE|S1|main|3|W01_C3|7|3,networks/S1/ADFNE/f3_W01_C3_s7_d03.csv
S1,3,W01_C3,ADFNE,7,4,2009360859,ADFNE|S1|main|3|W01_C3|7|4,networks/S1/ADFNE/f3_W01_C3_s7_d04.csv
S1,3,W01_C3,ADFNE,7,5,12802381,ADFNE|S1|main|3|W01_C3|7|5,networks/S1/ADFNE/f3_W01_C3_s7_d05.csv
S1,3,W01_C3,ADFNE,7,6,2580154615,ADFNE|S1|main|3|W01_C3|7|6,networks/S1/ADFNE/f3_W01_C3_s7_d06.csv
S1,3,W01_C3,ADFNE,7,7,4006426721,ADFNE|S1|main|3|W01_C3|7|7,networks/S1/ADFNE/f3_W01_C3_s7_d07.csv
S1,3,W01_C3,KDE,1337,0,2716678019,KDE|S1|main|3|W01_C3|1337|0,networks/S1/KDE/f3_W01_C3_s1337_d00.csv
S1,3,W01_C3,KDE,1337,1,3605661461,KDE|S1|main|3|W01_C3|1337|1,networks/S1/KDE/f3_W01_C3_s1337_d01.csv
S1,3,W01_C3,KDE,1337,2,1340298927,KDE|S1|main|3|W01_C3|1337|2,networks/S1/KDE/f3_W01_C3_s1337_d02.csv
S1,3,W01_C3,KDE,1337,3,954492473,KDE|S1|main|3|W01_C3|1337|3,networks/S1/KDE/f3_W01_C3_s1337_d03.csv
S1,3,W01_C3,KDE,1337,4,2793468826,KDE|S1|main|3|W01_C3|1337|4,networks/S1/KDE/f3_W01_C3_s1337_d04.csv
S1,3,W01_C3,KDE,1337,5,3515335436,KDE|S1|main|3|W01_C3|1337|5,networks/S1/KDE/f3_W01_C3_s1337_d05.csv
S1,3,W01_C3,KDE,1337,6,1217303222,KDE|S1|main|3|W01_C3|1337|6,networks/S1/KDE/f3_W01_C3_s1337_d06.csv
S1,3,W01_C3,KDE,1337,7,1065984544,KDE|S1|main|3|W01_C3|1337|7,networks/S1/KDE/f3_W01_C3_s1337_d07.csv
S1,3,W01_C3,KDE,20260903,0,188066487,KDE|S1|main|3|W01_C3|20260903|0,networks/S1/KDE/f3_W01_C3_s20260903_d00.csv
S1,3,W01_C3,KDE,20260903,1,2083691041,KDE|S1|main|3|W01_C3|20260903|1,networks/S1/KDE/f3_W01_C3_s20260903_d01.csv
S1,3,W01_C3,KDE,20260903,2,3845901211,KDE|S1|main|3|W01_C3|20260903|2,networks/S1/KDE/f3_W01_C3_s20260903_d02.csv
S1,3,W01_C3,KDE,20260903,3,2453469965,KDE|S1|main|3|W01_C3|20260903|3,networks/S1/KDE/f3_W01_C3_s20260903_d03.csv
S1,3,W01_C3,KDE,20260903,4,207122094,KDE|S1|main|3|W01_C3|20260903|4,networks/S1/KDE/f3_W01_C3_s20260903_d04.csv
S1,3,W01_C3,KDE,20260903,5,2069847608,KDE|S1|main|3|W01_C3|20260903|5,networks/S1/KDE/f3_W01_C3_s20260903_d05.csv
S1,3,W01_C3,KDE,20260903,6,3797290882,KDE|S1|main|3|W01_C3|20260903|6,networks/S1/KDE/f3_W01_C3_s20260903_d06.csv
S1,3,W01_C3,KDE,20260903,7,2505129748,KDE|S1|main|3|W01_C3|20260903|7,networks/S1/KDE/f3_W01_C3_s20260903_d07.csv
S1,3,W01_C3,KDE,7,0,3369246319,KDE|S1|main|3|W01_C3|7|0,networks/S1/KDE/f3_W01_C3_s7_d00.csv
S1,3,W01_C3,KDE,7,1,3218452217,KDE|S1|main|3|W01_C3|7|1,networks/S1/KDE/f3_W01_C3_s7_d01.csv
S1,3,W01_C3,KDE,7,2,652017475,KDE|S1|main|3|W01_C3|7|2,networks/S1/KDE/f3_W01_C3_s7_d02.csv
S1,3,W01_C3,KDE,7,3,1373360085,KDE|S1|main|3|W01_C3|7|3,networks/S1/KDE/f3_W01_C3_s7_d03.csv
S1,3,W01_C3,KDE,7,4,3485424246,KDE|S1|main|3|W01_C3|7|4,networks/S1/KDE/f3_W01_C3_s7_d04.csv
S1,3,W01_C3,KDE,7,5,3099093728,KDE|S1|main|3|W01_C3|7|5,networks/S1/KDE/f3_W01_C3_s7_d05.csv
S1,3,W01_C3,KDE,7,6,565263194,KDE|S1|main|3|W01_C3|7|6,networks/S1/KDE/f3_W01_C3_s7_d06.csv
S1,3,W01_C3,KDE,7,7,1454771148,KDE|S1|main|3|W01_C3|7|7,networks/S1/KDE/f3_W01_C3_s7_d07.csv
S1,3,W03_C3,EVAE,1337,0,266618788,EVAE|S1|geobg|3|W03_C3|1337|0,networks/S1/EVAE/f3_W03_C3_s1337_d00.csv
S1,3,W03_C3,EVAE,1337,1,2028173106,EVAE|S1|geobg|3|W03_C3|1337|1,networks/S1/EVAE/f3_W03_C3_s1337_d01.csv
S1,3,W03_C3,EVAE,1337,2,3790218888,EVAE|S1|geobg|3|W03_C3|1337|2,networks/S1/EVAE/f3_W03_C3_s1337_d02.csv
S1,3,W03_C3,EVAE,1337,3,2532120094,EVAE|S1|geobg|3|W03_C3|1337|3,networks/S1/EVAE/f3_W03_C3_s1337_d03.csv
S1,3,W03_C3,EVAE,1337,4,143229885,EVAE|S1|geobg|3|W03_C3|1337|4,networks/S1/EVAE/f3_W03_C3_s1337_d04.csv
S1,3,W03_C3,EVAE,1337,5,2140058411,EVAE|S1|geobg|3|W03_C3|1337|5,networks/S1/EVAE/f3_W03_C3_s1337_d05.csv
S1,3,W03_C3,EVAE,1337,6,3867665041,EVAE|S1|geobg|3|W03_C3|1337|6,networks/S1/EVAE/f3_W03_C3_s1337_d06.csv
S1,3,W03_C3,EVAE,1337,7,2441138695,EVAE|S1|geobg|3|W03_C3|1337|7,networks/S1/EVAE/f3_W03_C3_s1337_d07.csv
S1,3,W03_C3,EVAE,20260903,0,2190303430,EVAE|S1|geobg|3|W03_C3|20260903|0,networks/S1/EVAE/f3_W03_C3_s20260903_d00.csv
S1,3,W03_C3,EVAE,20260903,1,4119482448,EVAE|S1|geobg|3|W03_C3|20260903|1,networks/S1/EVAE/f3_W03_C3_s20260903_d01.csv
S1,3,W03_C3,EVAE,20260903,2,1820525034,EVAE|S1|geobg|3|W03_C3|20260903|2,networks/S1/EVAE/f3_W03_C3_s20260903_d02.csv
S1,3,W03_C3,EVAE,20260903,3,461648252,EVAE|S1|geobg|3|W03_C3|20260903|3,networks/S1/EVAE/f3_W03_C3_s20260903_d03.csv
S1,3,W03_C3,EVAE,20260903,4,2246091999,EVAE|S1|geobg|3|W03_C3|20260903|4,networks/S1/EVAE/f3_W03_C3_s20260903_d04.csv
S1,3,W03_C3,EVAE,20260903,5,4075263049,EVAE|S1|geobg|3|W03_C3|20260903|5,networks/S1/EVAE/f3_W03_C3_s20260903_d05.csv
S1,3,W03_C3,EVAE,20260903,6,1810810355,EVAE|S1|geobg|3|W03_C3|20260903|6,networks/S1/EVAE/f3_W03_C3_s20260903_d06.csv
S1,3,W03_C3,EVAE,20260903,7,485094757,EVAE|S1|geobg|3|W03_C3|20260903|7,networks/S1/EVAE/f3_W03_C3_s20260903_d07.csv
S1,3,W03_C3,EVAE,7,0,962491889,EVAE|S1|geobg|3|W03_C3|7|0,networks/S1/EVAE/f3_W03_C3_s7_d00.csv
S1,3,W03_C3,EVAE,7,1,1314473319,EVAE|S1|geobg|3|W03_C3|7|1,networks/S1/EVAE/f3_W03_C3_s7_d01.csv
S1,3,W03_C3,EVAE,7,2,3612349661,EVAE|S1|geobg|3|W03_C3|7|2,networks/S1/EVAE/f3_W03_C3_s7_d02.csv
S1,3,W03_C3,EVAE,7,3,2690065483,EVAE|S1|geobg|3|W03_C3|7|3,networks/S1/EVAE/f3_W03_C3_s7_d03.csv
S1,3,W03_C3,EVAE,7,4,1043575272,EVAE|S1|geobg|3|W03_C3|7|4,networks/S1/EVAE/f3_W03_C3_s7_d04.csv
S1,3,W03_C3,EVAE,7,5,1228177790,EVAE|S1|geobg|3|W03_C3|7|5,networks/S1/EVAE/f3_W03_C3_s7_d05.csv
S1,3,W03_C3,EVAE,7,6,3493712068,EVAE|S1|geobg|3|W03_C3|7|6,networks/S1/EVAE/f3_W03_C3_s7_d06.csv
S1,3,W03_C3,EVAE,7,7,2805653586,EVAE|S1|geobg|3|W03_C3|7|7,networks/S1/EVAE/f3_W03_C3_s7_d07.csv
S1,3,W03_C3,ADFNE,1337,0,463310157,ADFNE|S1|main|3|W03_C3|1337|0,networks/S1/ADFNE/f3_W03_C3_s1337_d00.csv
S1,3,W03_C3,ADFNE,1337,1,1822080475,ADFNE|S1|main|3|W03_C3|1337|1,networks/S1/ADFNE/f3_W03_C3_s1337_d01.csv
S1,3,W03_C3,ADFNE,1337,2,4120112225,ADFNE|S1|main|3|W03_C3|1337|2,networks/S1/ADFNE/f3_W03_C3_s1337_d02.csv
S1,3,W03_C3,ADFNE,1337,3,2190793975,ADFNE|S1|main|3|W03_C3|1337|3,networks/S1/ADFNE/f3_W03_C3_s1337_d03.csv
S1,3,W03_C3,ADFNE,1337,4,485509460,ADFNE|S1|main|3|W03_C3|1337|4,networks/S1/ADFNE/f3_W03_C3_s1337_d04.csv
S1,3,W03_C3,ADFNE,1337,5,1811380674,ADFNE|S1|main|3|W03_C3|1337|5,networks/S1/ADFNE/f3_W03_C3_s1337_d05.csv
S1,3,W03_C3,ADFNE,1337,6,4076742776,ADFNE|S1|main|3|W03_C3|1337|6,networks/S1/ADFNE/f3_W03_C3_s1337_d06.csv
S1,3,W03_C3,ADFNE,1337,7,2247694574,ADFNE|S1|main|3|W03_C3|1337|7,networks/S1/ADFNE/f3_W03_C3_s1337_d07.csv
S1,3,W03_C3,ADFNE,20260903,0,1373989664,ADFNE|S1|main|3|W03_C3|20260903|0,networks/S1/ADFNE/f3_W03_C3_s20260903_d00.csv
S1,3,W03_C3,ADFNE,20260903,1,652368822,ADFNE|S1|main|3|W03_C3|20260903|1,networks/S1/ADFNE/f3_W03_C3_s20260903_d01.csv
S1,3,W03_C3,ADFNE,20260903,2,3219851788,ADFNE|S1|main|3|W03_C3|20260903|2,networks/S1/ADFNE/f3_W03_C3_s20260903_d02.csv
S1,3,W03_C3,ADFNE,20260903,3,3370924698,ADFNE|S1|main|3|W03_C3|20260903|3,networks/S1/ADFNE/f3_W03_C3_s20260903_d03.csv
S1,3,W03_C3,ADFNE,20260903,4,1451798329,ADFNE|S1|main|3|W03_C3|20260903|4,networks/S1/ADFNE/f3_W03_C3_s20260903_d04.csv
S1,3,W03_C3,ADFNE,20260903,5,563060655,ADFNE|S1|main|3|W03_C3|20260903|5,networks/S1/ADFNE/f3_W03_C3_s20260903_d05.csv
S1,3,W03_C3,ADFNE,20260903,6,3095842325,ADFNE|S1|main|3|W03_C3|20260903|6,networks/S1/ADFNE/f3_W03_C3_s20260903_d06.csv
S1,3,W03_C3,ADFNE,20260903,7,3481403011,ADFNE|S1|main|3|W03_C3|20260903|7,networks/S1/ADFNE/f3_W03_C3_s20260903_d07.csv
S1,3,W03_C3,ADFNE,7,0,848079551,ADFNE|S1|main|3|W03_C3|7|0,networks/S1/ADFNE/f3_W03_C3_s7_d00.csv
S1,3,W03_C3,ADFNE,7,1,1166776873,ADFNE|S1|main|3|W03_C3|7|1,networks/S1/ADFNE/f3_W03_C3_s7_d01.csv
S1,3,W03_C3,ADFNE,7,2,3699559315,ADFNE|S1|main|3|W03_C3|7|2,networks/S1/ADFNE/f3_W03_C3_s7_d02.csv
S1,3,W03_C3,ADFNE,7,3,2877684485,ADFNE|S1|main|3|W03_C3|7|3,networks/S1/ADFNE/f3_W03_C3_s7_d03.csv
S1,3,W03_C3,ADFNE,7,4,903966374,ADFNE|S1|main|3|W03_C3|7|4,networks/S1/ADFNE/f3_W03_C3_s7_d04.csv
S1,3,W03_C3,ADFNE,7,5,1122393648,ADFNE|S1|main|3|W03_C3|7|5,networks/S1/ADFNE/f3_W03_C3_s7_d05.csv
S1,3,W03_C3,ADFNE,7,6,3689877386,ADFNE|S1|main|3|W03_C3|7|6,networks/S1/ADFNE/f3_W03_C3_s7_d06.csv
S1,3,W03_C3,ADFNE,7,7,2900901660,ADFNE|S1|main|3|W03_C3|7|7,networks/S1/ADFNE/f3_W03_C3_s7_d07.csv
S1,3,W03_C3,KDE,1337,0,4186017346,KDE|S1|main|3|W03_C3|1337|0,networks/S1/KDE/f3_W03_C3_s1337_d00.csv
S1,3,W03_C3,KDE,1337,1,2391195348,KDE|S1|main|3|W03_C3|1337|1,networks/S1/KDE/f3_W03_C3_s1337_d01.csv
S1,3,W03_C3,KDE,1337,2,395308910,KDE|S1|main|3|W03_C3|1337|2,networks/S1/KDE/f3_W03_C3_s1337_d02.csv
S1,3,W03_C3,KDE,1337,3,1619582968,KDE|S1|main|3|W03_C3|1337|3,networks/S1/KDE/f3_W03_C3_s1337_d03.csv
S1,3,W03_C3,KDE,1337,4,4276898395,KDE|S1|main|3|W03_C3|1337|4,networks/S1/KDE/f3_W03_C3_s1337_d04.csv
S1,3,W03_C3,KDE,1337,5,2313910989,KDE|S1|main|3|W03_C3|1337|5,networks/S1/KDE/f3_W03_C3_s1337_d05.csv
S1,3,W03_C3,KDE,1337,6,283257719,KDE|S1|main|3|W03_C3|1337|6,networks/S1/KDE/f3_W03_C3_s1337_d06.csv
S1,3,W03_C3,KDE,1337,7,1743068129,KDE|S1|main|3|W03_C3|1337|7,networks/S1/KDE/f3_W03_C3_s1337_d07.csv
S1,3,W03_C3,KDE,20260903,0,2746424102,KDE|S1|main|3|W03_C3|20260903|0,networks/S1/KDE/f3_W03_C3_s20260903_d00.csv
S1,3,W03_C3,KDE,20260903,1,3568577456,KDE|S1|main|3|W03_C3|20260903|1,networks/S1/KDE/f3_W03_C3_s20260903_d01.csv
S1,3,W03_C3,KDE,20260903,2,1304263178,KDE|S1|main|3|W03_C3|20260903|2,networks/S1/KDE/f3_W03_C3_s20260903_d02.csv
S1,3,W03_C3,KDE,20260903,3,985287324,KDE|S1|main|3|W03_C3|20260903|3,networks/S1/KDE/f3_W03_C3_s20260903_d03.csv
S1,3,W03_C3,KDE,20260903,4,2766069567,KDE|S1|main|3|W03_C3|20260903|4,networks/S1/KDE/f3_W03_C3_s20260903_d04.csv
S1,3,W03_C3,KDE,20260903,5,3554275241,KDE|S1|main|3|W03_C3|20260903|5,networks/S1/KDE/f3_W03_C3_s20260903_d05.csv
S1,3,W03_C3,KDE,20260903,6,1255194131,KDE|S1|main|3|W03_C3|20260903|6,networks/S1/KDE/f3_W03_C3_s20260903_d06.csv
S1,3,W03_C3,KDE,20260903,7,1037536901,KDE|S1|main|3|W03_C3|20260903|7,networks/S1/KDE/f3_W03_C3_s20260903_d07.csv
S1,3,W03_C3,KDE,7,0,2331482386,KDE|S1|main|3|W03_C3|7|0,networks/S1/KDE/f3_W03_C3_s7_d00.csv
S1,3,W03_C3,KDE,7,1,4260407684,KDE|S1|main|3|W03_C3|7|1,networks/S1/KDE/f3_W03_C3_s7_d01.csv
S1,3,W03_C3,KDE,7,2,1694103614,KDE|S1|main|3|W03_C3|7|2,networks/S1/KDE/f3_W03_C3_s7_d02.csv
S1,3,W03_C3,KDE,7,3,335464616,KDE|S1|main|3|W03_C3|7|3,networks/S1/KDE/f3_W03_C3_s7_d03.csv
S1,3,W03_C3,KDE,7,4,2375703819,KDE|S1|main|3|W03_C3|7|4,networks/S1/KDE/f3_W03_C3_s7_d04.csv
S1,3,W03_C3,KDE,7,5,4204621213,KDE|S1|main|3|W03_C3|7|5,networks/S1/KDE/f3_W03_C3_s7_d05.csv
S1,3,W03_C3,KDE,7,6,1670659111,KDE|S1|main|3|W03_C3|7|6,networks/S1/KDE/f3_W03_C3_s7_d06.csv
S1,3,W03_C3,KDE,7,7,345181361,KDE|S1|main|3|W03_C3|7|7,networks/S1/KDE/f3_W03_C3_s7_d07.csv
S1,3,W03_C5,EVAE,1337,0,3381349923,EVAE|S1|geobg|3|W03_C5|1337|0,networks/S1/EVAE/f3_W03_C5_s1337_d00.csv
S1,3,W03_C5,EVAE,1337,1,3196878517,EVAE|S1|geobg|3|W03_C5|1337|1,networks/S1/EVAE/f3_W03_C5_s1337_d01.csv
S1,3,W03_C5,EVAE,1337,2,663039759,EVAE|S1|geobg|3|W03_C5|1337|2,networks/S1/EVAE/f3_W03_C5_s1337_d02.csv
S1,3,W03_C5,EVAE,1337,3,1350705049,EVAE|S1|geobg|3|W03_C5|1337|3,networks/S1/EVAE/f3_W03_C5_s1337_d03.csv
S1,3,W03_C5,EVAE,1337,4,3471215162,EVAE|S1|geobg|3|W03_C5|1337|4,networks/S1/EVAE/f3_W03_C5_s1337_d04.csv
S1,3,W03_C5,EVAE,1337,5,3118578348,EVAE|S1|geobg|3|W03_C5|1337|5,networks/S1/EVAE/f3_W03_C5_s1337_d05.csv
S1,3,W03_C5,EVAE,1337,6,552135446,EVAE|S1|geobg|3|W03_C5|1337|6,networks/S1/EVAE/f3_W03_C5_s1337_d06.csv
S1,3,W03_C5,EVAE,1337,7,1475337088,EVAE|S1|geobg|3|W03_C5|1337|7,networks/S1/EVAE/f3_W03_C5_s1337_d07.csv
S1,3,W03_C5,EVAE,20260903,0,1840301350,EVAE|S1|geobg|3|W03_C5|20260903|0,networks/S1/EVAE/f3_W03_C5_s20260903_d00.csv
S1,3,W03_C5,EVAE,20260903,1,448263600,EVAE|S1|geobg|3|W03_C5|20260903|1,networks/S1/EVAE/f3_W03_C5_s20260903_d01.csv
S1,3,W03_C5,EVAE,20260903,2,2210309130,EVAE|S1|geobg|3|W03_C5|20260903|2,networks/S1/EVAE/f3_W03_C5_s20260903_d02.csv
S1,3,W03_C5,EVAE,20260903,3,4105802908,EVAE|S1|geobg|3|W03_C5|20260903|3,networks/S1/EVAE/f3_W03_C5_s20260903_d03.csv
S1,3,W03_C5,EVAE,20260903,4,1792868671,EVAE|S1|geobg|3|W03_C5|20260903|4,networks/S1/EVAE/f3_W03_C5_s20260903_d04.csv
S1,3,W03_C5,EVAE,20260903,5,500838825,EVAE|S1|geobg|3|W03_C5|20260903|5,networks/S1/EVAE/f3_W03_C5_s20260903_d05.csv
S1,3,W03_C5,EVAE,20260903,6,2228445203,EVAE|S1|geobg|3|W03_C5|20260903|6,networks/S1/EVAE/f3_W03_C5_s20260903_d06.csv
S1,3,W03_C5,EVAE,20260903,7,4090777733,EVAE|S1|geobg|3|W03_C5|20260903|7,networks/S1/EVAE/f3_W03_C5_s20260903_d07.csv
S1,3,W03_C5,EVAE,7,0,3055452241,EVAE|S1|geobg|3|W03_C5|7|0,networks/S1/EVAE/f3_W03_C5_s7_d00.csv
S1,3,W03_C5,EVAE,7,1,3239686343,EVAE|S1|geobg|3|W03_C5|7|1,networks/S1/EVAE/f3_W03_C5_s7_d01.csv
S1,3,W03_C5,EVAE,7,2,1477501309,EVAE|S1|geobg|3|W03_C5|7|2,networks/S1/EVAE/f3_W03_C5_s7_d02.csv
S1,3,W03_C5,EVAE,7,3,790090219,EVAE|S1|geobg|3|W03_C5|7|3,networks/S1/EVAE/f3_W03_C5_s7_d03.csv
S1,3,W03_C5,EVAE,7,4,2977121352,EVAE|S1|geobg|3|W03_C5|7|4,networks/S1/EVAE/f3_W03_C5_s7_d04.csv
S1,3,W03_C5,EVAE,7,5,3329520862,EVAE|S1|geobg|3|W03_C5|7|5,networks/S1/EVAE/f3_W03_C5_s7_d05.csv
S1,3,W03_C5,EVAE,7,6,1602037092,EVAE|S1|geobg|3|W03_C5|7|6,networks/S1/EVAE/f3_W03_C5_s7_d06.csv
S1,3,W03_C5,EVAE,7,7,679089650,EVAE|S1|geobg|3|W03_C5|7|7,networks/S1/EVAE/f3_W03_C5_s7_d07.csv
S1,3,W03_C5,ADFNE,1337,0,3723658442,ADFNE|S1|main|3|W03_C5|1337|0,networks/S1/ADFNE/f3_W03_C5_s1337_d00.csv
S1,3,W03_C5,ADFNE,1337,1,2868229212,ADFNE|S1|main|3|W03_C5|1337|1,networks/S1/ADFNE/f3_W03_C5_s1337_d01.csv
S1,3,W03_C5,ADFNE,1337,2,872211942,ADFNE|S1|main|3|W03_C5|1337|2,networks/S1/ADFNE/f3_W03_C5_s1337_d02.csv
S1,3,W03_C5,ADFNE,1337,3,1157354864,ADFNE|S1|main|3|W03_C5|1337|3,networks/S1/ADFNE/f3_W03_C5_s1337_d03.csv
S1,3,W03_C5,ADFNE,1337,4,3667869907,ADFNE|S1|main|3|W03_C5|1337|4,networks/S1/ADFNE/f3_W03_C5_s1337_d04.csv
S1,3,W03_C5,ADFNE,1337,5,2912448581,ADFNE|S1|main|3|W03_C5|1337|5,networks/S1/ADFNE/f3_W03_C5_s1337_d05.csv
S1,3,W03_C5,ADFNE,1337,6,881926655,ADFNE|S1|main|3|W03_C5|1337|6,networks/S1/ADFNE/f3_W03_C5_s1337_d06.csv
S1,3,W03_C5,ADFNE,1337,7,1133908329,ADFNE|S1|main|3|W03_C5|1337|7,networks/S1/ADFNE/f3_W03_C5_s1337_d07.csv
S1,3,W03_C5,ADFNE,20260903,0,3201879744,ADFNE|S1|main|3|W03_C5|20260903|0,networks/S1/ADFNE/f3_W03_C5_s20260903_d00.csv
S1,3,W03_C5,ADFNE,20260903,1,3386900054,ADFNE|S1|main|3|W03_C5|20260903|1,networks/S1/ADFNE/f3_W03_C5_s20260903_d01.csv
S1,3,W03_C5,ADFNE,20260903,2,1356247020,ADFNE|S1|main|3|W03_C5|20260903|2,networks/S1/ADFNE/f3_W03_C5_s20260903_d02.csv
S1,3,W03_C5,ADFNE,20260903,3,668049274,ADFNE|S1|main|3|W03_C5|20260903|3,networks/S1/ADFNE/f3_W03_C5_s20260903_d03.csv
S1,3,W03_C5,ADFNE,20260903,4,3115649753,ADFNE|S1|main|3|W03_C5|20260903|4,networks/S1/ADFNE/f3_W03_C5_s20260903_d04.csv
S1,3,W03_C5,ADFNE,20260903,5,3467786831,ADFNE|S1|main|3|W03_C5|20260903|5,networks/S1/ADFNE/f3_W03_C5_s20260903_d05.csv
S1,3,W03_C5,ADFNE,20260903,6,1471900661,ADFNE|S1|main|3|W03_C5|20260903|6,networks/S1/ADFNE/f3_W03_C5_s20260903_d06.csv
S1,3,W03_C5,ADFNE,20260903,7,549215075,ADFNE|S1|main|3|W03_C5|20260903|7,networks/S1/ADFNE/f3_W03_C5_s20260903_d07.csv
S1,3,W03_C5,ADFNE,7,0,3184287519,ADFNE|S1|main|3|W03_C5|7|0,networks/S1/ADFNE/f3_W03_C5_s7_d00.csv
S1,3,W03_C5,ADFNE,7,1,3402329993,ADFNE|S1|main|3|W03_C5|7|1,networks/S1/ADFNE/f3_W03_C5_s7_d01.csv
S1,3,W03_C5,ADFNE,7,2,1405238835,ADFNE|S1|main|3|W03_C5|7|2,networks/S1/ADFNE/f3_W03_C5_s7_d02.csv
S1,3,W03_C5,ADFNE,7,3,616894117,ADFNE|S1|main|3|W03_C5|7|3,networks/S1/ADFNE/f3_W03_C5_s7_d03.csv
S1,3,W03_C5,ADFNE,7,4,3131153158,ADFNE|S1|main|3|W03_C5|7|4,networks/S1/ADFNE/f3_W03_C5_s7_d04.csv
S1,3,W03_C5,ADFNE,7,5,3450252176,ADFNE|S1|main|3|W03_C5|7|5,networks/S1/ADFNE/f3_W03_C5_s7_d05.csv
S1,3,W03_C5,ADFNE,7,6,1420818986,ADFNE|S1|main|3|W03_C5|7|6,networks/S1/ADFNE/f3_W03_C5_s7_d06.csv
S1,3,W03_C5,ADFNE,7,7,598264508,ADFNE|S1|main|3|W03_C5|7|7,networks/S1/ADFNE/f3_W03_C5_s7_d07.csv
S1,3,W03_C5,KDE,1337,0,1072596933,KDE|S1|main|3|W03_C5|1337|0,networks/S1/KDE/f3_W03_C5_s1337_d00.csv
S1,3,W03_C5,KDE,1337,1,1223276371,KDE|S1|main|3|W03_C5|1337|1,networks/S1/KDE/f3_W03_C5_s1337_d01.csv
S1,3,W03_C5,KDE,1337,2,3521177321,KDE|S1|main|3|W03_C5|1337|2,networks/S1/KDE/f3_W03_C5_s1337_d02.csv
S1,3,W03_C5,KDE,1337,3,2800211583,KDE|S1|main|3|W03_C5|1337|3,networks/S1/KDE/f3_W03_C5_s1337_d03.csv
S1,3,W03_C5,KDE,1337,4,948126684,KDE|S1|main|3|W03_C5|1337|4,networks/S1/KDE/f3_W03_C5_s1337_d04.csv
S1,3,W03_C5,KDE,1337,5,1334080330,KDE|S1|main|3|W03_C5|1337|5,networks/S1/KDE/f3_W03_C5_s1337_d05.csv
S1,3,W03_C5,KDE,1337,6,3599573744,KDE|S1|main|3|W03_C5|1337|6,networks/S1/KDE/f3_W03_C5_s1337_d06.csv
S1,3,W03_C5,KDE,1337,7,2710180454,KDE|S1|main|3|W03_C5|1337|7,networks/S1/KDE/f3_W03_C5_s1337_d07.csv
S1,3,W03_C5,KDE,20260903,0,1284423366,KDE|S1|main|3|W03_C5|20260903|0,networks/S1/KDE/f3_W03_C5_s20260903_d00.csv
S1,3,W03_C5,KDE,20260903,1,998870608,KDE|S1|main|3|W03_C5|20260903|1,networks/S1/KDE/f3_W03_C5_s20260903_d01.csv
S1,3,W03_C5,KDE,20260903,2,2726354922,KDE|S1|main|3|W03_C5|20260903|2,networks/S1/KDE/f3_W03_C5_s20260903_d02.csv
S1,3,W03_C5,KDE,20260903,3,3582455676,KDE|S1|main|3|W03_C5|20260903|3,networks/S1/KDE/f3_W03_C5_s20260903_d03.csv
S1,3,W03_C5,KDE,20260903,4,1273199327,KDE|S1|main|3|W03_C5|20260903|4,networks/S1/KDE/f3_W03_C5_s20260903_d04.csv
S1,3,W03_C5,KDE,20260903,5,1021594185,KDE|S1|main|3|W03_C5|20260903|5,networks/S1/KDE/f3_W03_C5_s20260903_d05.csv
S1,3,W03_C5,KDE,20260903,6,2783779827,KDE|S1|main|3|W03_C5|20260903|6,networks/S1/KDE/f3_W03_C5_s20260903_d06.csv
S1,3,W03_C5,KDE,20260903,7,3538561893,KDE|S1|main|3|W03_C5|20260903|7,networks/S1/KDE/f3_W03_C5_s20260903_d07.csv
S1,3,W03_C5,KDE,7,0,95906994,KDE|S1|main|3|W03_C5|7|0,networks/S1/KDE/f3_W03_C5_s7_d00.csv
S1,3,W03_C5,KDE,7,1,1924160548,KDE|S1|main|3|W03_C5|7|1,networks/S1/KDE/f3_W03_C5_s7_d01.csv
S1,3,W03_C5,KDE,7,2,3954773406,KDE|S1|main|3|W03_C5|7|2,networks/S1/KDE/f3_W03_C5_s7_d02.csv
S1,3,W03_C5,KDE,7,3,2629713160,KDE|S1|main|3|W03_C5|7|3,networks/S1/KDE/f3_W03_C5_s7_d03.csv
S1,3,W03_C5,KDE,7,4,47884459,KDE|S1|main|3|W03_C5|7|4,networks/S1/KDE/f3_W03_C5_s7_d04.csv
S1,3,W03_C5,KDE,7,5,1977456701,KDE|S1|main|3|W03_C5|7|5,networks/S1/KDE/f3_W03_C5_s7_d05.csv
S1,3,W03_C5,KDE,7,6,3973368199,KDE|S1|main|3|W03_C5|7|6,networks/S1/KDE/f3_W03_C5_s7_d06.csv
S1,3,W03_C5,KDE,7,7,2614360337,KDE|S1|main|3|W03_C5|7|7,networks/S1/KDE/f3_W03_C5_s7_d07.csv
S1,3,W05_C3,EVAE,1337,0,3880881639,EVAE|S1|geobg|3|W05_C3|1337|0,networks/S1/EVAE/f3_W05_C3_s1337_d00.csv
S1,3,W05_C3,EVAE,1337,1,2421603697,EVAE|S1|geobg|3|W05_C3|1337|1,networks/S1/EVAE/f3_W05_C3_s1337_d01.csv
S1,3,W05_C3,EVAE,1337,2,157281483,EVAE|S1|geobg|3|W05_C3|1337|2,networks/S1/EVAE/f3_W05_C3_s1337_d02.csv
S1,3,W05_C3,EVAE,1337,3,2119752797,EVAE|S1|geobg|3|W05_C3|1337|3,networks/S1/EVAE/f3_W05_C3_s1337_d03.csv
S1,3,W05_C3,EVAE,1337,4,3762047486,EVAE|S1|geobg|3|W05_C3|1337|4,networks/S1/EVAE/f3_W05_C3_s1337_d04.csv
S1,3,W05_C3,EVAE,1337,5,2537257320,EVAE|S1|geobg|3|W05_C3|1337|5,networks/S1/EVAE/f3_W05_C3_s1337_d05.csv
S1,3,W05_C3,EVAE,1337,6,238168274,EVAE|S1|geobg|3|W05_C3|1337|6,networks/S1/EVAE/f3_W05_C3_s1337_d06.csv
S1,3,W05_C3,EVAE,1337,7,2033522756,EVAE|S1|geobg|3|W05_C3|1337|7,networks/S1/EVAE/f3_W05_C3_s1337_d07.csv
S1,3,W05_C3,EVAE,20260903,0,2692199476,EVAE|S1|geobg|3|W05_C3|20260903|0,networks/S1/EVAE/f3_W05_C3_s20260903_d00.csv
S1,3,W05_C3,EVAE,20260903,1,3614475426,EVAE|S1|geobg|3|W05_C3|20260903|1,networks/S1/EVAE/f3_W05_C3_s20260903_d01.csv
S1,3,W05_C3,EVAE,20260903,2,1316607256,EVAE|S1|geobg|3|W05_C3|20260903|2,networks/S1/EVAE/f3_W05_C3_s20260903_d02.csv
S1,3,W05_C3,EVAE,20260903,3,964617614,EVAE|S1|geobg|3|W05_C3|20260903|3,networks/S1/EVAE/f3_W05_C3_s20260903_d03.csv
S1,3,W05_C3,EVAE,20260903,4,2803527725,EVAE|S1|geobg|3|W05_C3|20260903|4,networks/S1/EVAE/f3_W05_C3_s20260903_d04.csv
S1,3,W05_C3,EVAE,20260903,5,3491578043,EVAE|S1|geobg|3|W05_C3|20260903|5,networks/S1/EVAE/f3_W05_C3_s20260903_d05.csv
S1,3,W05_C3,EVAE,20260903,6,1226051841,EVAE|S1|geobg|3|W05_C3|20260903|6,networks/S1/EVAE/f3_W05_C3_s20260903_d06.csv
S1,3,W05_C3,EVAE,20260903,7,1041441175,EVAE|S1|geobg|3|W05_C3|20260903|7,networks/S1/EVAE/f3_W05_C3_s20260903_d07.csv
S1,3,W05_C3,EVAE,7,0,4281433206,EVAE|S1|geobg|3|W05_C3|7|0,networks/S1/EVAE/f3_W05_C3_s7_d00.csv
S1,3,W05_C3,EVAE,7,1,2285260000,EVAE|S1|geobg|3|W05_C3|7|1,networks/S1/EVAE/f3_W05_C3_s7_d01.csv
S1,3,W05_C3,EVAE,7,2,289348954,EVAE|S1|geobg|3|W05_C3|7|2,networks/S1/EVAE/f3_W05_C3_s7_d02.csv
S1,3,W05_C3,EVAE,7,3,1714957772,EVAE|S1|geobg|3|W05_C3|7|3,networks/S1/EVAE/f3_W05_C3_s7_d03.csv
S1,3,W05_C3,EVAE,7,4,4166826095,EVAE|S1|geobg|3|W05_C3|7|4,networks/S1/EVAE/f3_W05_C3_s7_d04.csv
S1,3,W05_C3,EVAE,7,5,2405140729,EVAE|S1|geobg|3|W05_C3|7|5,networks/S1/EVAE/f3_W05_C3_s7_d05.csv
S1,3,W05_C3,EVAE,7,6,374528323,EVAE|S1|geobg|3|W05_C3|7|6,networks/S1/EVAE/f3_W05_C3_s7_d06.csv
S1,3,W05_C3,EVAE,7,7,1633020373,EVAE|S1|geobg|3|W05_C3|7|7,networks/S1/EVAE/f3_W05_C3_s7_d07.csv
S1,3,W05_C3,ADFNE,1337,0,4079503118,ADFNE|S1|main|3|W05_C3|1337|0,networks/S1/ADFNE/f3_W05_C3_s1337_d00.csv
S1,3,W05_C3,ADFNE,1337,1,2217703320,ADFNE|S1|main|3|W05_C3|1337|1,networks/S1/ADFNE/f3_W05_C3_s1337_d01.csv
S1,3,W05_C3,ADFNE,1337,2,489039394,ADFNE|S1|main|3|W05_C3|1337|2,networks/S1/ADFNE/f3_W05_C3_s1337_d02.csv
S1,3,W05_C3,ADFNE,1337,3,1780553396,ADFNE|S1|main|3|W05_C3|1337|3,networks/S1/ADFNE/f3_W05_C3_s1337_d03.csv
S1,3,W05_C3,ADFNE,1337,4,4098196247,ADFNE|S1|main|3|W05_C3|1337|4,networks/S1/ADFNE/f3_W05_C3_s1337_d04.csv
S1,3,W05_C3,ADFNE,1337,5,2202186625,ADFNE|S1|main|3|W05_C3|1337|5,networks/S1/ADFNE/f3_W05_C3_s1337_d05.csv
S1,3,W05_C3,ADFNE,1337,6,441180731,ADFNE|S1|main|3|W05_C3|1337|6,networks/S1/ADFNE/f3_W05_C3_s1337_d06.csv
S1,3,W05_C3,ADFNE,1337,7,1833751213,ADFNE|S1|main|3|W05_C3|1337|7,networks/S1/ADFNE/f3_W05_C3_s1337_d07.csv
S1,3,W05_C3,ADFNE,20260903,0,1931460562,ADFNE|S1|main|3|W05_C3|20260903|0,networks/S1/ADFNE/f3_W05_C3_s20260903_d00.csv
S1,3,W05_C3,ADFNE,20260903,1,68718404,ADFNE|S1|main|3|W05_C3|20260903|1,networks/S1/ADFNE/f3_W05_C3_s20260903_d01.csv
S1,3,W05_C3,ADFNE,20260903,2,2635194110,ADFNE|S1|main|3|W05_C3|20260903|2,networks/S1/ADFNE/f3_W05_C3_s20260903_d02.csv
S1,3,W05_C3,ADFNE,20260903,3,3927371368,ADFNE|S1|main|3|W05_C3|20260903|3,networks/S1/ADFNE/f3_W05_C3_s20260903_d03.csv
S1,3,W05_C3,ADFNE,20260903,4,1953659851,ADFNE|S1|main|3|W05_C3|20260903|4,networks/S1/ADFNE/f3_W05_C3_s20260903_d04.csv
S1,3,W05_C3,ADFNE,20260903,5,58018653,ADFNE|S1|main|3|W05_C3|20260903|5,networks/S1/ADFNE/f3_W05_C3_s20260903_d05.csv
S1,3,W05_C3,ADFNE,20260903,6,2591824615,ADFNE|S1|main|3|W05_C3|20260903|6,networks/S1/ADFNE/f3_W05_C3_s20260903_d06.csv
S1,3,W05_C3,ADFNE,20260903,7,3984271985,ADFNE|S1|main|3|W05_C3|20260903|7,networks/S1/ADFNE/f3_W05_C3_s20260903_d07.csv
S1,3,W05_C3,ADFNE,7,0,4108559160,ADFNE|S1|main|3|W05_C3|7|0,networks/S1/ADFNE/f3_W05_C3_s7_d00.csv
S1,3,W05_C3,ADFNE,7,1,2212795310,ADFNE|S1|main|3|W05_C3|7|1,networks/S1/ADFNE/f3_W05_C3_s7_d01.csv
S1,3,W05_C3,ADFNE,7,2,451789332,ADFNE|S1|main|3|W05_C3|7|2,networks/S1/ADFNE/f3_W05_C3_s7_d02.csv
S1,3,W05_C3,ADFNE,7,3,1844114050,ADFNE|S1|main|3|W05_C3|7|3,networks/S1/ADFNE/f3_W05_C3_s7_d03.csv
S1,3,W05_C3,ADFNE,7,4,4086196001,ADFNE|S1|main|3|W05_C3|7|4,networks/S1/ADFNE/f3_W05_C3_s7_d04.csv
S1,3,W05_C3,ADFNE,7,5,2223593399,ADFNE|S1|main|3|W05_C3|7|5,networks/S1/ADFNE/f3_W05_C3_s7_d05.csv
S1,3,W05_C3,ADFNE,7,6,494929421,ADFNE|S1|main|3|W05_C3|7|6,networks/S1/ADFNE/f3_W05_C3_s7_d06.csv
S1,3,W05_C3,ADFNE,7,7,1787246235,ADFNE|S1|main|3|W05_C3|7|7,networks/S1/ADFNE/f3_W05_C3_s7_d07.csv
S1,3,W05_C3,KDE,1337,0,288637953,KDE|S1|main|3|W05_C3|1337|0,networks/S1/KDE/f3_W05_C3_s1337_d00.csv
S1,3,W05_C3,KDE,1337,1,1714648215,KDE|S1|main|3|W05_C3|1337|1,networks/S1/KDE/f3_W05_C3_s1337_d01.csv
S1,3,W05_C3,KDE,1337,2,4282000685,KDE|S1|main|3|W05_C3|1337|2,networks/S1/KDE/f3_W05_C3_s1337_d02.csv
S1,3,W05_C3,KDE,1337,3,2285704635,KDE|S1|main|3|W05_C3|1337|3,networks/S1/KDE/f3_W05_C3_s1337_d03.csv
S1,3,W05_C3,KDE,1337,4,374964248,KDE|S1|main|3|W05_C3|1337|4,networks/S1/KDE/f3_W05_C3_s1337_d04.csv
S1,3,W05_C3,KDE,1337,5,1633595534,KDE|S1|main|3|W05_C3|1337|5,networks/S1/KDE/f3_W05_C3_s1337_d05.csv
S1,3,W05_C3,KDE,1337,6,4166508852,KDE|S1|main|3|W05_C3|1337|6,networks/S1/KDE/f3_W05_C3_s1337_d06.csv
S1,3,W05_C3,KDE,1337,7,2404438434,KDE|S1|main|3|W05_C3|1337|7,networks/S1/KDE/f3_W05_C3_s1337_d07.csv
S1,3,W05_C3,KDE,20260903,0,2169098196,KDE|S1|main|3|W05_C3|20260903|0,networks/S1/KDE/f3_W05_C3_s20260903_d00.csv
S1,3,W05_C3,KDE,20260903,1,4132372290,KDE|S1|main|3|W05_C3|20260903|1,networks/S1/KDE/f3_W05_C3_s20260903_d01.csv
S1,3,W05_C3,KDE,20260903,2,1866968824,KDE|S1|main|3|W05_C3|20260903|2,networks/S1/KDE/f3_W05_C3_s20260903_d02.csv
S1,3,W05_C3,KDE,20260903,3,406888046,KDE|S1|main|3|W05_C3|20260903|3,networks/S1/KDE/f3_W05_C3_s20260903_d03.csv
S1,3,W05_C3,KDE,20260903,4,2250509261,KDE|S1|main|3|W05_C3|20260903|4,networks/S1/KDE/f3_W05_C3_s20260903_d04.csv
S1,3,W05_C3,KDE,20260903,5,4045618011,KDE|S1|main|3|W05_C3|20260903|5,networks/S1/KDE/f3_W05_C3_s20260903_d05.csv
S1,3,W05_C3,KDE,20260903,6,1747610337,KDE|S1|main|3|W05_C3|20260903|6,networks/S1/KDE/f3_W05_C3_s20260903_d06.csv
S1,3,W05_C3,KDE,20260903,7,523065975,KDE|S1|main|3|W05_C3|20260903|7,networks/S1/KDE/f3_W05_C3_s20260903_d07.csv
S1,3,W05_C3,KDE,7,0,1285066901,KDE|S1|main|3|W05_C3|7|0,networks/S1/KDE/f3_W05_C3_s7_d00.csv
S1,3,W05_C3,KDE,7,1,1000316931,KDE|S1|main|3|W05_C3|7|1,networks/S1/KDE/f3_W05_C3_s7_d01.csv
S1,3,W05_C3,KDE,7,2,2727801273,KDE|S1|main|3|W05_C3|7|2,networks/S1/KDE/f3_W05_C3_s7_d02.csv
S1,3,W05_C3,KDE,7,3,3583099183,KDE|S1|main|3|W05_C3|7|3,networks/S1/KDE/f3_W05_C3_s7_d03.csv
S1,3,W05_C3,KDE,7,4,1274369164,KDE|S1|main|3|W05_C3|7|4,networks/S1/KDE/f3_W05_C3_s7_d04.csv
S1,3,W05_C3,KDE,7,5,1022518298,KDE|S1|main|3|W05_C3|7|5,networks/S1/KDE/f3_W05_C3_s7_d05.csv
S1,3,W05_C3,KDE,7,6,2784703904,KDE|S1|main|3|W05_C3|7|6,networks/S1/KDE/f3_W05_C3_s7_d06.csv
S1,3,W05_C3,KDE,7,7,3539731766,KDE|S1|main|3|W05_C3|7|7,networks/S1/KDE/f3_W05_C3_s7_d07.csv
S1,3,W05_C5,EVAE,1337,0,557745248,EVAE|S1|geobg|3|W05_C5|1337|0,networks/S1/EVAE/f3_W05_C5_s1337_d00.csv
S1,3,W05_C5,EVAE,1337,1,1446622454,EVAE|S1|geobg|3|W05_C5|1337|1,networks/S1/EVAE/f3_W05_C5_s1337_d01.csv
S1,3,W05_C5,EVAE,1337,2,3476088140,EVAE|S1|geobg|3|W05_C5|1337|2,networks/S1/EVAE/f3_W05_C5_s1337_d02.csv
S1,3,W05_C5,EVAE,1337,3,3090666970,EVAE|S1|geobg|3|W05_C5|1337|3,networks/S1/EVAE/f3_W05_C5_s1337_d03.csv
S1,3,W05_C5,EVAE,1337,4,642990201,EVAE|S1|geobg|3|W05_C5|1337|4,networks/S1/EVAE/f3_W05_C5_s1337_d04.csv
S1,3,W05_C5,EVAE,1337,5,1364488431,EVAE|S1|geobg|3|W05_C5|1337|5,networks/S1/EVAE/f3_W05_C5_s1337_d05.csv
S1,3,W05_C5,EVAE,1337,6,3361546581,EVAE|S1|geobg|3|W05_C5|1337|6,networks/S1/EVAE/f3_W05_C5_s1337_d06.csv
S1,3,W05_C5,EVAE,1337,7,3210351043,EVAE|S1|geobg|3|W05_C5|1337|7,networks/S1/EVAE/f3_W05_C5_s1337_d07.csv
S1,3,W05_C5,EVAE,20260903,0,1330254292,EVAE|S1|geobg|3|W05_C5|20260903|0,networks/S1/EVAE/f3_W05_C5_s20260903_d00.csv
S1,3,W05_C5,EVAE,20260903,1,944578882,EVAE|S1|geobg|3|W05_C5|20260903|1,networks/S1/EVAE/f3_W05_C5_s20260903_d01.csv
S1,3,W05_C5,EVAE,20260903,2,2705617144,EVAE|S1|geobg|3|W05_C5|20260903|2,networks/S1/EVAE/f3_W05_C5_s20260903_d02.csv
S1,3,W05_C5,EVAE,20260903,3,3594731630,EVAE|S1|geobg|3|W05_C5|20260903|3,networks/S1/EVAE/f3_W05_C5_s20260903_d03.csv
S1,3,W05_C5,EVAE,20260903,4,1210570189,EVAE|S1|geobg|3|W05_C5|20260903|4,networks/S1/EVAE/f3_W05_C5_s20260903_d04.csv
S1,3,W05_C5,EVAE,20260903,5,1059120475,EVAE|S1|geobg|3|W05_C5|20260903|5,networks/S1/EVAE/f3_W05_C5_s20260903_d05.csv
S1,3,W05_C5,EVAE,20260903,6,2787751137,EVAE|S1|geobg|3|W05_C5|20260903|6,networks/S1/EVAE/f3_W05_C5_s20260903_d06.csv
S1,3,W05_C5,EVAE,20260903,7,3509486711,EVAE|S1|geobg|3|W05_C5|20260903|7,networks/S1/EVAE/f3_W05_C5_s20260903_d07.csv
S1,3,W05_C5,EVAE,7,0,1886489046,EVAE|S1|geobg|3|W05_C5|7|0,networks/S1/EVAE/f3_W05_C5_s7_d00.csv
S1,3,W05_C5,EVAE,7,1,125221184,EVAE|S1|geobg|3|W05_C5|7|1,networks/S1/EVAE/f3_W05_C5_s7_d01.csv
S1,3,W05_C5,EVAE,7,2,2659182842,EVAE|S1|geobg|3|W05_C5|7|2,networks/S1/EVAE/f3_W05_C5_s7_d02.csv
S1,3,W05_C5,EVAE,7,3,3917011052,EVAE|S1|geobg|3|W05_C5|7|3,networks/S1/EVAE/f3_W05_C5_s7_d03.csv
S1,3,W05_C5,EVAE,7,4,1998343631,EVAE|S1|geobg|3|W05_C5|7|4,networks/S1/EVAE/f3_W05_C5_s7_d04.csv
S1,3,W05_C5,EVAE,7,5,1801561,EVAE|S1|geobg|3|W05_C5|7|5,networks/S1/EVAE/f3_W05_C5_s7_d05.csv
S1,3,W05_C5,EVAE,7,6,2568105187,EVAE|S1|geobg|3|W05_C5|7|6,networks/S1/EVAE/f3_W05_C5_s7_d06.csv
S1,3,W05_C5,EVAE,7,7,3994360949,EVAE|S1|geobg|3|W05_C5|7|7,networks/S1/EVAE/f3_W05_C5_s7_d07.csv
S1,3,W05_C5,ADFNE,1337,0,893865609,ADFNE|S1|main|3|W05_C5|1337|0,networks/S1/ADFNE/f3_W05_C5_s1337_d00.csv
S1,3,W05_C5,ADFNE,1337,1,1111522847,ADFNE|S1|main|3|W05_C5|1337|1,networks/S1/ADFNE/f3_W05_C5_s1337_d01.csv
S1,3,W05_C5,ADFNE,1337,2,3679006629,ADFNE|S1|main|3|W05_C5|1337|2,networks/S1/ADFNE/f3_W05_C5_s1337_d02.csv
S1,3,W05_C5,ADFNE,1337,3,2890800947,ADFNE|S1|main|3|W05_C5|1337|3,networks/S1/ADFNE/f3_W05_C5_s1337_d03.csv
S1,3,W05_C5,ADFNE,1337,4,841648784,ADFNE|S1|main|3|W05_C5|1337|4,networks/S1/ADFNE/f3_W05_C5_s1337_d04.csv
S1,3,W05_C5,ADFNE,1337,5,1160624646,ADFNE|S1|main|3|W05_C5|1337|5,networks/S1/ADFNE/f3_W05_C5_s1337_d05.csv
S1,3,W05_C5,ADFNE,1337,6,3693407164,ADFNE|S1|main|3|W05_C5|1337|6,networks/S1/ADFNE/f3_W05_C5_s1337_d06.csv
S1,3,W05_C5,ADFNE,1337,7,2871253802,ADFNE|S1|main|3|W05_C5|1337|7,networks/S1/ADFNE/f3_W05_C5_s1337_d07.csv
S1,3,W05_C5,ADFNE,20260903,0,2619480626,ADFNE|S1|main|3|W05_C5|20260903|0,networks/S1/ADFNE/f3_W05_C5_s20260903_d00.csv
S1,3,W05_C5,ADFNE,20260903,1,3945081508,ADFNE|S1|main|3|W05_C5|20260903|1,networks/S1/ADFNE/f3_W05_C5_s20260903_d01.csv
S1,3,W05_C5,ADFNE,20260903,2,1915517726,ADFNE|S1|main|3|W05_C5|20260903|2,networks/S1/ADFNE/f3_W05_C5_s20260903_d02.csv
S1,3,W05_C5,ADFNE,20260903,3,86723464,ADFNE|S1|main|3|W05_C5|20260903|3,networks/S1/ADFNE/f3_W05_C5_s20260903_d03.csv
S1,3,W05_C5,ADFNE,20260903,4,2605702699,ADFNE|S1|main|3|W05_C5|20260903|4,networks/S1/ADFNE/f3_W05_C5_s20260903_d04.csv
S1,3,W05_C5,ADFNE,20260903,5,3964202685,ADFNE|S1|main|3|W05_C5|20260903|5,networks/S1/ADFNE/f3_W05_C5_s20260903_d05.csv
S1,3,W05_C5,ADFNE,20260903,6,1967243015,ADFNE|S1|main|3|W05_C5|20260903|6,networks/S1/ADFNE/f3_W05_C5_s20260903_d06.csv
S1,3,W05_C5,ADFNE,20260903,7,38178705,ADFNE|S1|main|3|W05_C5|20260903|7,networks/S1/ADFNE/f3_W05_C5_s20260903_d07.csv
S1,3,W05_C5,ADFNE,7,0,2074302104,ADFNE|S1|main|3|W05_C5|7|0,networks/S1/ADFNE/f3_W05_C5_s7_d00.csv
S1,3,W05_C5,ADFNE,7,1,212100622,ADFNE|S1|main|3|W05_C5|7|1,networks/S1/ADFNE/f3_W05_C5_s7_d01.csv
S1,3,W05_C5,ADFNE,7,2,2511157172,ADFNE|S1|main|3|W05_C5|7|2,networks/S1/ADFNE/f3_W05_C5_s7_d02.csv
S1,3,W05_C5,ADFNE,7,3,3802793762,ADFNE|S1|main|3|W05_C5|7|3,networks/S1/ADFNE/f3_W05_C5_s7_d03.csv
S1,3,W05_C5,ADFNE,7,4,2093912705,ADFNE|S1|main|3|W05_C5|7|4,networks/S1/ADFNE/f3_W05_C5_s7_d04.csv
S1,3,W05_C5,ADFNE,7,5,197763607,ADFNE|S1|main|3|W05_C5|7|5,networks/S1/ADFNE/f3_W05_C5_s7_d05.csv
S1,3,W05_C5,ADFNE,7,6,2462118829,ADFNE|S1|main|3|W05_C5|7|6,networks/S1/ADFNE/f3_W05_C5_s7_d06.csv
S1,3,W05_C5,ADFNE,7,7,3855074107,ADFNE|S1|main|3|W05_C5|7|7,networks/S1/ADFNE/f3_W05_C5_s7_d07.csv
S1,3,W05_C5,KDE,1337,0,3613085062,KDE|S1|main|3|W05_C5|1337|0,networks/S1/KDE/f3_W05_C5_s1337_d00.csv
S1,3,W05_C5,KDE,1337,1,2690415888,KDE|S1|main|3|W05_C5|1337|1,networks/S1/KDE/f3_W05_C5_s1337_d01.csv
S1,3,W05_C5,KDE,1337,2,961883306,KDE|S1|main|3|W05_C5|1337|2,networks/S1/KDE/f3_W05_C5_s1337_d02.csv
S1,3,W05_C5,KDE,1337,3,1314004028,KDE|S1|main|3|W05_C5|1337|3,networks/S1/KDE/f3_W05_C5_s1337_d03.csv
S1,3,W05_C5,KDE,1337,4,3493235103,KDE|S1|main|3|W05_C5|1337|4,networks/S1/KDE/f3_W05_C5_s1337_d04.csv
S1,3,W05_C5,KDE,1337,5,2805053705,KDE|S1|main|3|W05_C5|1337|5,networks/S1/KDE/f3_W05_C5_s1337_d05.csv
S1,3,W05_C5,KDE,1337,6,1043916979,KDE|S1|main|3|W05_C5|1337|6,networks/S1/KDE/f3_W05_C5_s1337_d06.csv
S1,3,W05_C5,KDE,1337,7,1228920869,KDE|S1|main|3|W05_C5|1337|7,networks/S1/KDE/f3_W05_C5_s1337_d07.csv
S1,3,W05_C5,KDE,20260903,0,1853123124,KDE|S1|main|3|W05_C5|20260903|0,networks/S1/KDE/f3_W05_C5_s20260903_d00.csv
S1,3,W05_C5,KDE,20260903,1,426990242,KDE|S1|main|3|W05_C5|20260903|1,networks/S1/KDE/f3_W05_C5_s20260903_d01.csv
S1,3,W05_C5,KDE,20260903,2,2155481880,KDE|S1|main|3|W05_C5|20260903|2,networks/S1/KDE/f3_W05_C5_s20260903_d02.csv
S1,3,W05_C5,KDE,20260903,3,4152179598,KDE|S1|main|3|W05_C5|20260903|3,networks/S1/KDE/f3_W05_C5_s20260903_d03.csv
S1,3,W05_C5,KDE,20260903,4,1763290669,KDE|S1|main|3|W05_C5|20260903|4,networks/S1/KDE/f3_W05_C5_s20260903_d04.csv
S1,3,W05_C5,KDE,20260903,5,505323195,KDE|S1|main|3|W05_C5|20260903|5,networks/S1/KDE/f3_W05_C5_s20260903_d05.csv
S1,3,W05_C5,KDE,20260903,6,2266484481,KDE|S1|main|3|W05_C5|20260903|6,networks/S1/KDE/f3_W05_C5_s20260903_d06.csv
S1,3,W05_C5,KDE,20260903,7,4027645847,KDE|S1|main|3|W05_C5|20260903|7,networks/S1/KDE/f3_W05_C5_s20260903_d07.csv
S1,3,W05_C5,KDE,7,0,3285738805,KDE|S1|main|3|W05_C5|7|0,networks/S1/KDE/f3_W05_C5_s7_d00.csv
S1,3,W05_C5,KDE,7,1,3034535331,KDE|S1|main|3|W05_C5|7|1,networks/S1/KDE/f3_W05_C5_s7_d01.csv
S1,3,W05_C5,KDE,7,2,769000473,KDE|S1|main|3|W05_C5|7|2,networks/S1/KDE/f3_W05_C5_s7_d02.csv
S1,3,W05_C5,KDE,7,3,1523659919,KDE|S1|main|3|W05_C5|7|3,networks/S1/KDE/f3_W05_C5_s7_d03.csv
S1,3,W05_C5,KDE,7,4,3300237612,KDE|S1|main|3|W05_C5|7|4,networks/S1/KDE/f3_W05_C5_s7_d04.csv
S1,3,W05_C5,KDE,7,5,3014824378,KDE|S1|main|3|W05_C5|7|5,networks/S1/KDE/f3_W05_C5_s7_d05.csv
S1,3,W05_C5,KDE,7,6,716947456,KDE|S1|main|3|W05_C5|7|6,networks/S1/KDE/f3_W05_C5_s7_d06.csv
S1,3,W05_C5,KDE,7,7,1572663446,KDE|S1|main|3|W05_C5|7|7,networks/S1/KDE/f3_W05_C5_s7_d07.csv
S1,3,W05_C7,EVAE,1337,0,1662747421,EVAE|S1|geobg|3|W05_C7|1337|0,networks/S1/EVAE/f3_W05_C7_s1337_d00.csv
S1,3,W05_C7,EVAE,1337,1,337425291,EVAE|S1|geobg|3|W05_C7|1337|1,networks/S1/EVAE/f3_W05_C7_s1337_d01.csv
S1,3,W05_C7,EVAE,1337,2,2367021617,EVAE|S1|geobg|3|W05_C7|1337|2,networks/S1/EVAE/f3_W05_C7_s1337_d02.csv
S1,3,W05_C7,EVAE,1337,3,4195537575,EVAE|S1|geobg|3|W05_C7|1337|3,networks/S1/EVAE/f3_W05_C7_s1337_d03.csv
S1,3,W05_C7,EVAE,1337,4,1685473028,EVAE|S1|geobg|3|W05_C7|1337|4,networks/S1/EVAE/f3_W05_C7_s1337_d04.csv
S1,3,W05_C7,EVAE,1337,5,326203282,EVAE|S1|geobg|3|W05_C7|1337|5,networks/S1/EVAE/f3_W05_C7_s1337_d05.csv
S1,3,W05_C7,EVAE,1337,6,2323129896,EVAE|S1|geobg|3|W05_C7|1337|6,networks/S1/EVAE/f3_W05_C7_s1337_d06.csv
S1,3,W05_C7,EVAE,1337,7,4252964542,EVAE|S1|geobg|3|W05_C7|1337|7,networks/S1/EVAE/f3_W05_C7_s1337_d07.csv
S1,3,W05_C7,EVAE,20260903,0,2742128459,EVAE|S1|geobg|3|W05_C7|20260903|0,networks/S1/EVAE/f3_W05_C7_s20260903_d00.csv
S1,3,W05_C7,EVAE,20260903,1,3564552157,EVAE|S1|geobg|3|W05_C7|20260903|1,networks/S1/EVAE/f3_W05_C7_s20260903_d01.csv
S1,3,W05_C7,EVAE,20260903,2,1300229735,EVAE|S1|geobg|3|W05_C7|20260903|2,networks/S1/EVAE/f3_W05_C7_s20260903_d02.csv
S1,3,W05_C7,EVAE,20260903,3,980999921,EVAE|S1|geobg|3|W05_C7|20260903|3,networks/S1/EVAE/f3_W05_C7_s20260903_d03.csv
S1,3,W05_C7,EVAE,20260903,4,2753317714,EVAE|S1|geobg|3|W05_C7|20260903|4,networks/S1/EVAE/f3_W05_C7_s20260903_d04.csv
S1,3,W05_C7,EVAE,20260903,5,3541793732,EVAE|S1|geobg|3|W05_C7|20260903|5,networks/S1/EVAE/f3_W05_C7_s20260903_d05.csv
S1,3,W05_C7,EVAE,20260903,6,1242704510,EVAE|S1|geobg|3|W05_C7|20260903|6,networks/S1/EVAE/f3_W05_C7_s20260903_d06.csv
S1,3,W05_C7,EVAE,20260903,7,1024793320,EVAE|S1|geobg|3|W05_C7|20260903|7,networks/S1/EVAE/f3_W05_C7_s20260903_d07.csv
S1,3,W05_C7,EVAE,7,0,179428022,EVAE|S1|geobg|3|W05_C7|7|0,networks/S1/EVAE/f3_W05_C7_s7_d00.csv
S1,3,W05_C7,EVAE,7,1,2109139488,EVAE|S1|geobg|3|W05_C7|7|1,networks/S1/EVAE/f3_W05_C7_s7_d01.csv
S1,3,W05_C7,EVAE,7,2,3837770650,EVAE|S1|geobg|3|W05_C7|7|2,networks/S1/EVAE/f3_W05_C7_s7_d02.csv
S1,3,W05_C7,EVAE,7,3,2478344972,EVAE|S1|geobg|3|W05_C7|7|3,networks/S1/EVAE/f3_W05_C7_s7_d03.csv
S1,3,W05_C7,EVAE,7,4,232529583,EVAE|S1|geobg|3|W05_C7|7|4,networks/S1/EVAE/f3_W05_C7_s7_d04.csv
S1,3,W05_C7,EVAE,7,5,2061184569,EVAE|S1|geobg|3|W05_C7|7|5,networks/S1/EVAE/f3_W05_C7_s7_d05.csv
S1,3,W05_C7,EVAE,7,6,3822223235,EVAE|S1|geobg|3|W05_C7|7|6,networks/S1/EVAE/f3_W05_C7_s7_d06.csv
S1,3,W05_C7,EVAE,7,7,2497007381,EVAE|S1|geobg|3|W05_C7|7|7,networks/S1/EVAE/f3_W05_C7_s7_d07.csv
S1,3,W05_C7,ADFNE,1337,0,2002930164,ADFNE|S1|main|3|W05_C7|1337|0,networks/S1/ADFNE/f3_W05_C7_s1337_d00.csv
S1,3,W05_C7,ADFNE,1337,1,6650210,ADFNE|S1|main|3|W05_C7|1337|1,networks/S1/ADFNE/f3_W05_C7_s1337_d01.csv
S1,3,W05_C7,ADFNE,1337,2,2574002392,ADFNE|S1|main|3|W05_C7|1337|2,networks/S1/ADFNE/f3_W05_C7_s1337_d02.csv
S1,3,W05_C7,ADFNE,1337,3,3999995982,ADFNE|S1|main|3|W05_C7|1337|3,networks/S1/ADFNE/f3_W05_C7_s1337_d03.csv
S1,3,W05_C7,ADFNE,1337,4,1880067565,ADFNE|S1|main|3|W05_C7|1337|4,networks/S1/ADFNE/f3_W05_C7_s1337_d04.csv
S1,3,W05_C7,ADFNE,1337,5,118013307,ADFNE|S1|main|3|W05_C7|1337|5,networks/S1/ADFNE/f3_W05_C7_s1337_d05.csv
S1,3,W05_C7,ADFNE,1337,6,2650926273,ADFNE|S1|main|3|W05_C7|1337|6,networks/S1/ADFNE/f3_W05_C7_s1337_d06.csv
S1,3,W05_C7,ADFNE,1337,7,3909540951,ADFNE|S1|main|3|W05_C7|1337|7,networks/S1/ADFNE/f3_W05_C7_s1337_d07.csv
S1,3,W05_C7,ADFNE,20260903,0,1880720557,ADFNE|S1|main|3|W05_C7|20260903|0,networks/S1/ADFNE/f3_W05_C7_s20260903_d00.csv
S1,3,W05_C7,ADFNE,20260903,1,119452731,ADFNE|S1|main|3|W05_C7|20260903|1,networks/S1/ADFNE/f3_W05_C7_s20260903_d01.csv
S1,3,W05_C7,ADFNE,20260903,2,2652366209,ADFNE|S1|main|3|W05_C7|20260903|2,networks/S1/ADFNE/f3_W05_C7_s20260903_d02.csv
S1,3,W05_C7,ADFNE,20260903,3,3910194455,ADFNE|S1|main|3|W05_C7|20260903|3,networks/S1/ADFNE/f3_W05_C7_s20260903_d03.csv
S1,3,W05_C7,ADFNE,20260903,4,2004107444,ADFNE|S1|main|3|W05_C7|20260903|4,networks/S1/ADFNE/f3_W05_C7_s20260903_d04.csv
S1,3,W05_C7,ADFNE,20260903,5,7565346,ADFNE|S1|main|3|W05_C7|20260903|5,networks/S1/ADFNE/f3_W05_C7_s20260903_d05.csv
S1,3,W05_C7,ADFNE,20260903,6,2574918040,ADFNE|S1|main|3|W05_C7|20260903|6,networks/S1/ADFNE/f3_W05_C7_s20260903_d06.csv
S1,3,W05_C7,ADFNE,20260903,7,4001173774,ADFNE|S1|main|3|W05_C7|20260903|7,networks/S1/ADFNE/f3_W05_C7_s20260903_d07.csv
S1,3,W05_C7,ADFNE,7,0,23266808,ADFNE|S1|main|3|W05_C7|7|0,networks/S1/ADFNE/f3_W05_C7_s7_d00.csv
S1,3,W05_C7,ADFNE,7,1,1986278766,ADFNE|S1|main|3|W05_C7|7|1,networks/S1/ADFNE/f3_W05_C7_s7_d01.csv
S1,3,W05_C7,ADFNE,7,2,4016923860,ADFNE|S1|main|3|W05_C7|7|2,networks/S1/ADFNE/f3_W05_C7_s7_d02.csv
S1,3,W05_C7,ADFNE,7,3,2557105218,ADFNE|S1|main|3|W05_C7|7|3,networks/S1/ADFNE/f3_W05_C7_s7_d03.csv
S1,3,W05_C7,ADFNE,7,4,101630433,ADFNE|S1|main|3|W05_C7|7|4,networks/S1/ADFNE/f3_W05_C7_s7_d04.csv
S1,3,W05_C7,ADFNE,7,5,1896477047,ADFNE|S1|main|3|W05_C7|7|5,networks/S1/ADFNE/f3_W05_C7_s7_d05.csv
S1,3,W05_C7,ADFNE,7,6,3892355277,ADFNE|S1|main|3|W05_C7|7|6,networks/S1/ADFNE/f3_W05_C7_s7_d06.csv
S1,3,W05_C7,ADFNE,7,7,2668073051,ADFNE|S1|main|3|W05_C7|7|7,networks/S1/ADFNE/f3_W05_C7_s7_d07.csv
S1,3,W05_C7,KDE,1337,0,2508081915,KDE|S1|main|3|W05_C7|1337|0,networks/S1/KDE/f3_W05_C7_s1337_d00.csv
S1,3,W05_C7,KDE,1337,1,3799612013,KDE|S1|main|3|W05_C7|1337|1,networks/S1/KDE/f3_W05_C7_s1337_d01.csv
S1,3,W05_C7,KDE,1337,2,2070948823,KDE|S1|main|3|W05_C7|1337|2,networks/S1/KDE/f3_W05_C7_s1337_d02.csv
S1,3,W05_C7,KDE,1337,3,209132353,KDE|S1|main|3|W05_C7|1337|3,networks/S1/KDE/f3_W05_C7_s1337_d03.csv
S1,3,W05_C7,KDE,1337,4,2450755298,KDE|S1|main|3|W05_C7|1337|4,networks/S1/KDE/f3_W05_C7_s1337_d04.csv
S1,3,W05_C7,KDE,1337,5,3843341940,KDE|S1|main|3|W05_C7|1337|5,networks/S1/KDE/f3_W05_C7_s1337_d05.csv
S1,3,W05_C7,KDE,1337,6,2082336718,KDE|S1|main|3|W05_C7|1337|6,networks/S1/KDE/f3_W05_C7_s1337_d06.csv
S1,3,W05_C7,KDE,1337,7,186310488,KDE|S1|main|3|W05_C7|1337|7,networks/S1/KDE/f3_W05_C7_s1337_d07.csv
S1,3,W05_C7,KDE,20260903,0,2186278059,KDE|S1|main|3|W05_C7|20260903|0,networks/S1/KDE/f3_W05_C7_s20260903_d00.csv
S1,3,W05_C7,KDE,20260903,1,4115186749,KDE|S1|main|3|W05_C7|20260903|1,networks/S1/KDE/f3_W05_C7_s20260903_d01.csv
S1,3,W05_C7,KDE,20260903,2,1816237447,KDE|S1|main|3|W05_C7|20260903|2,networks/S1/KDE/f3_W05_C7_s20260903_d02.csv
S1,3,W05_C7,KDE,20260903,3,457614609,KDE|S1|main|3|W05_C7|20260903|3,networks/S1/KDE/f3_W05_C7_s20260903_d03.csv
S1,3,W05_C7,KDE,20260903,4,2233610418,KDE|S1|main|3|W05_C7|20260903|4,networks/S1/KDE/f3_W05_C7_s20260903_d04.csv
S1,3,W05_C7,KDE,20260903,5,4062511140,KDE|S1|main|3|W05_C7|20260903|5,networks/S1/KDE/f3_W05_C7_s20260903_d05.csv
S1,3,W05_C7,KDE,20260903,6,1798066590,KDE|S1|main|3|W05_C7|20260903|6,networks/S1/KDE/f3_W05_C7_s20260903_d06.csv
S1,3,W05_C7,KDE,20260903,7,472604936,KDE|S1|main|3|W05_C7|20260903|7,networks/S1/KDE/f3_W05_C7_s20260903_d07.csv
S1,3,W05_C7,KDE,7,0,3105371733,KDE|S1|main|3|W05_C7|7|0,networks/S1/KDE/f3_W05_C7_s7_d00.csv
S1,3,W05_C7,KDE,7,1,3458139843,KDE|S1|main|3|W05_C7|7|1,networks/S1/KDE/f3_W05_C7_s7_d01.csv
S1,3,W05_C7,KDE,7,2,1461081977,KDE|S1|main|3|W05_C7|7|2,networks/S1/KDE/f3_W05_C7_s7_d02.csv
S1,3,W05_C7,KDE,7,3,538011631,KDE|S1|main|3|W05_C7|7|3,networks/S1/KDE/f3_W05_C7_s7_d03.csv
S1,3,W05_C7,KDE,7,4,3195400780,KDE|S1|main|3|W05_C7|7|4,networks/S1/KDE/f3_W05_C7_s7_d04.csv
S1,3,W05_C7,KDE,7,5,3379741402,KDE|S1|main|3|W05_C7|7|5,networks/S1/KDE/f3_W05_C7_s7_d05.csv
S1,3,W05_C7,KDE,7,6,1350275936,KDE|S1|main|3|W05_C7|7|6,networks/S1/KDE/f3_W05_C7_s7_d06.csv
S1,3,W05_C7,KDE,7,7,662479862,KDE|S1|main|3|W05_C7|7|7,networks/S1/KDE/f3_W05_C7_s7_d07.csv
S2,0,W00_C1,EVAE,1337,0,3015407004,EVAE|S2|geobg|0|W00_C1|1337|0,networks/S2/EVAE/f0_W00_C1_s1337_d00.csv
S2,0,W00_C1,EVAE,1337,1,3300672778,EVAE|S2|geobg|0|W00_C1|1337|1,networks/S2/EVAE/f0_W00_C1_s1337_d01.csv
S2,0,W00_C1,EVAE,1337,2,1572148400,EVAE|S2|geobg|0|W00_C1|1337|2,networks/S2/EVAE/f0_W00_C1_s1337_d02.csv
S2,0,W00_C1,EVAE,1337,3,716317734,EVAE|S2|geobg|0|W00_C1|1337|3,networks/S2/EVAE/f0_W00_C1_s1337_d03.csv
S2,0,W00_C1,EVAE,1337,4,3033969029,EVAE|S2|geobg|0|W00_C1|1337|4,networks/S2/EVAE/f0_W00_C1_s1337_d04.csv
S2,0,W00_C1,EVAE,1337,5,3285287187,EVAE|S2|geobg|0|W00_C1|1337|5,networks/S2/EVAE/f0_W00_C1_s1337_d05.csv
S2,0,W00_C1,EVAE,1337,6,1524158633,EVAE|S2|geobg|0|W00_C1|1337|6,networks/S2/EVAE/f0_W00_C1_s1337_d06.csv
S2,0,W00_C1,EVAE,1337,7,769646655,EVAE|S2|geobg|0|W00_C1|1337|7,networks/S2/EVAE/f0_W00_C1_s1337_d07.csv
S2,0,W00_C1,EVAE,20260903,0,1862877002,EVAE|S2|geobg|0|W00_C1|20260903|0,networks/S2/EVAE/f0_W00_C1_s20260903_d00.csv
S2,0,W00_C1,EVAE,20260903,1,403574748,EVAE|S2|geobg|0|W00_C1|20260903|1,networks/S2/EVAE/f0_W00_C1_s20260903_d01.csv
S2,0,W00_C1,EVAE,20260903,2,2164743782,EVAE|S2|geobg|0|W00_C1|20260903|2,networks/S2/EVAE/f0_W00_C1_s20260903_d02.csv
S2,0,W00_C1,EVAE,20260903,3,4127223536,EVAE|S2|geobg|0|W00_C1|20260903|3,networks/S2/EVAE/f0_W00_C1_s20260903_d03.csv
S2,0,W00_C1,EVAE,20260903,4,1751448403,EVAE|S2|geobg|0|W00_C1|20260903|4,networks/S2/EVAE/f0_W00_C1_s20260903_d04.csv
S2,0,W00_C1,EVAE,20260903,5,526633925,EVAE|S2|geobg|0|W00_C1|20260903|5,networks/S2/EVAE/f0_W00_C1_s20260903_d05.csv
S2,0,W00_C1,EVAE,20260903,6,2255133311,EVAE|S2|geobg|0|W00_C1|20260903|6,networks/S2/EVAE/f0_W00_C1_s20260903_d06.csv
S2,0,W00_C1,EVAE,20260903,7,4050496233,EVAE|S2|geobg|0|W00_C1|20260903|7,networks/S2/EVAE/f0_W00_C1_s20260903_d07.csv
S2,0,W00_C1,EVAE,7,0,354860616,EVAE|S2|geobg|0|W00_C1|7|0,networks/S2/EVAE/f0_W00_C1_s7_d00.csv
S2,0,W00_C1,EVAE,7,1,1646366430,EVAE|S2|geobg|0|W00_C1|7|1,networks/S2/EVAE/f0_W00_C1_s7_d01.csv
S2,0,W00_C1,EVAE,7,2,4213759844,EVAE|S2|geobg|0|W00_C1|7|2,networks/S2/EVAE/f0_W00_C1_s7_d02.csv
S2,0,W00_C1,EVAE,7,3,2351951858,EVAE|S2|geobg|0|W00_C1|7|3,networks/S2/EVAE/f0_W00_C1_s7_d03.csv
S2,0,W00_C1,EVAE,7,4,306936401,EVAE|S2|geobg|0|W00_C1|7|4,networks/S2/EVAE/f0_W00_C1_s7_d04.csv
S2,0,W00_C1,EVAE,7,5,1699498695,EVAE|S2|geobg|0|W00_C1|7|5,networks/S2/EVAE/f0_W00_C1_s7_d05.csv
S2,0,W00_C1,EVAE,7,6,4232387453,EVAE|S2|geobg|0|W00_C1|7|6,networks/S2/EVAE/f0_W00_C1_s7_d06.csv
S2,0,W00_C1,EVAE,7,7,2336369643,EVAE|S2|geobg|0|W00_C1|7|7,networks/S2/EVAE/f0_W00_C1_s7_d07.csv
S2,0,W00_C1,ADFNE,1337,0,3898551048,ADFNE|S2|main|0|W00_C1|1337|0,networks/S2/ADFNE/f0_W00_C1_s1337_d00.csv
S2,0,W00_C1,ADFNE,1337,1,2673351582,ADFNE|S2|main|0|W00_C1|1337|1,networks/S2/ADFNE/f0_W00_C1_s1337_d01.csv
S2,0,W00_C1,ADFNE,1337,2,105990692,ADFNE|S2|main|0|W00_C1|1337|2,networks/S2/ADFNE/f0_W00_C1_s1337_d02.csv
S2,0,W00_C1,ADFNE,1337,3,1901492914,ADFNE|S2|main|0|W00_C1|1337|3,networks/S2/ADFNE/f0_W00_C1_s1337_d03.csv
S2,0,W00_C1,ADFNE,1337,4,4013092625,ADFNE|S2|main|0|W00_C1|1337|4,networks/S2/ADFNE/f0_W00_C1_s1337_d04.csv
S2,0,W00_C1,ADFNE,1337,5,2553667463,ADFNE|S2|main|0|W00_C1|1337|5,networks/S2/ADFNE/f0_W00_C1_s1337_d05.csv
S2,0,W00_C1,ADFNE,1337,6,20745789,ADFNE|S2|main|0|W00_C1|1337|6,networks/S2/ADFNE/f0_W00_C1_s1337_d06.csv
S2,0,W00_C1,ADFNE,1337,7,1983626923,ADFNE|S2|main|0|W00_C1|1337|7,networks/S2/ADFNE/f0_W00_C1_s1337_d07.csv
S2,0,W00_C1,ADFNE,20260903,0,4255315095,ADFNE|S2|main|0|W00_C1|20260903|0,networks/S2/ADFNE/f0_W00_C1_s20260903_d00.csv
S2,0,W00_C1,ADFNE,20260903,1,2326119425,ADFNE|S2|main|0|W00_C1|20260903|1,networks/S2/ADFNE/f0_W00_C1_s20260903_d01.csv
S2,0,W00_C1,ADFNE,20260903,2,330077627,ADFNE|S2|main|0|W00_C1|20260903|2,networks/S2/ADFNE/f0_W00_C1_s20260903_d02.csv
S2,0,W00_C1,ADFNE,20260903,3,1688970541,ADFNE|S2|main|0|W00_C1|20260903|3,networks/S2/ADFNE/f0_W00_C1_s20260903_d03.csv
S2,0,W00_C1,ADFNE,20260903,4,4207882382,ADFNE|S2|main|0|W00_C1|20260903|4,networks/S2/ADFNE/f0_W00_C1_s20260903_d04.csv
S2,0,W00_C1,ADFNE,20260903,5,2378694680,ADFNE|S2|main|0|W00_C1|20260903|5,networks/S2/ADFNE/f0_W00_C1_s20260903_d05.csv
S2,0,W00_C1,ADFNE,20260903,6,348213666,ADFNE|S2|main|0|W00_C1|20260903|6,networks/S2/ADFNE/f0_W00_C1_s20260903_d06.csv
S2,0,W00_C1,ADFNE,20260903,7,1673945396,ADFNE|S2|main|0|W00_C1|20260903|7,networks/S2/ADFNE/f0_W00_C1_s20260903_d07.csv
S2,0,W00_C1,ADFNE,7,0,302754405,ADFNE|S2|main|0|W00_C1|7|0,networks/S2/ADFNE/f0_W00_C1_s7_d00.csv
S2,0,W00_C1,ADFNE,7,1,1695324915,ADFNE|S2|main|0|W00_C1|7|1,networks/S2/ADFNE/f0_W00_C1_s7_d01.csv
S2,0,W00_C1,ADFNE,7,2,4228238153,ADFNE|S2|main|0|W00_C1|7|2,networks/S2/ADFNE/f0_W00_C1_s7_d02.csv
S2,0,W00_C1,ADFNE,7,3,2332228575,ADFNE|S2|main|0|W00_C1|7|3,networks/S2/ADFNE/f0_W00_C1_s7_d03.csv
S2,0,W00_C1,ADFNE,7,4,359034492,ADFNE|S2|main|0|W00_C1|7|4,networks/S2/ADFNE/f0_W00_C1_s7_d04.csv
S2,0,W00_C1,ADFNE,7,5,1650548458,ADFNE|S2|main|0|W00_C1|7|5,networks/S2/ADFNE/f0_W00_C1_s7_d05.csv
S2,0,W00_C1,ADFNE,7,6,4217900880,ADFNE|S2|main|0|W00_C1|7|6,networks/S2/ADFNE/f0_W00_C1_s7_d06.csv
S2,0,W00_C1,ADFNE,7,7,2356101062,ADFNE|S2|main|0|W00_C1|7|7,networks/S2/ADFNE/f0_W00_C1_s7_d07.csv
S2,0,W00_C1,KDE,1337,0,172173319,KDE|S2|main|0|W00_C1|1337|0,networks/S2/KDE/f0_W00_C1_s1337_d00.csv
S2,0,W00_C1,KDE,1337,1,2101614737,KDE|S2|main|0|W00_C1|1337|1,networks/S2/KDE/f0_W00_C1_s1337_d01.csv
S2,0,W00_C1,KDE,1337,2,3830270251,KDE|S2|main|0|W00_C1|1337|2,networks/S2/KDE/f0_W00_C1_s1337_d02.csv
S2,0,W00_C1,KDE,1337,3,2471131581,KDE|S2|main|0|W00_C1|1337|3,networks/S2/KDE/f0_W00_C1_s1337_d03.csv
S2,0,W00_C1,KDE,1337,4,221178910,KDE|S2|main|0|W00_C1|1337|4,networks/S2/KDE/f0_W00_C1_s1337_d04.csv
S2,0,W00_C1,KDE,1337,5,2049563784,KDE|S2|main|0|W00_C1|1337|5,networks/S2/KDE/f0_W00_C1_s1337_d05.csv
S2,0,W00_C1,KDE,1337,6,3810561330,KDE|S2|main|0|W00_C1|1337|6,networks/S2/KDE/f0_W00_C1_s1337_d06.csv
S2,0,W00_C1,KDE,1337,7,2485632420,KDE|S2|main|0|W00_C1|1337|7,networks/S2/KDE/f0_W00_C1_s1337_d07.csv
S2,0,W00_C1,KDE,20260903,0,267682961,KDE|S2|main|0|W00_C1|20260903|0,networks/S2/KDE/f0_W00_C1_s20260903_d00.csv
S2,0,W00_C1,KDE,20260903,1,2029237255,KDE|S2|main|0|W00_C1|20260903|1,networks/S2/KDE/f0_W00_C1_s20260903_d01.csv
S2,0,W00_C1,KDE,20260903,2,3791316413,KDE|S2|main|0|W00_C1|20260903|2,networks/S2/KDE/f0_W00_C1_s20260903_d02.csv
S2,0,W00_C1,KDE,20260903,3,2533217579,KDE|S2|main|0|W00_C1|20260903|3,networks/S2/KDE/f0_W00_C1_s20260903_d03.csv
S2,0,W00_C1,KDE,20260903,4,144261256,KDE|S2|main|0|W00_C1|20260903|4,networks/S2/KDE/f0_W00_C1_s20260903_d04.csv
S2,0,W00_C1,KDE,20260903,5,2141089822,KDE|S2|main|0|W00_C1|20260903|5,networks/S2/KDE/f0_W00_C1_s20260903_d05.csv
S2,0,W00_C1,KDE,20260903,6,3868664228,KDE|S2|main|0|W00_C1|20260903|6,networks/S2/KDE/f0_W00_C1_s20260903_d06.csv
S2,0,W00_C1,KDE,20260903,7,2442137906,KDE|S2|main|0|W00_C1|20260903|7,networks/S2/KDE/f0_W00_C1_s20260903_d07.csv
S2,0,W00_C1,KDE,7,0,2859506120,KDE|S2|main|0|W00_C1|7|0,networks/S2/KDE/f0_W00_C1_s7_d00.csv
S2,0,W00_C1,KDE,7,1,3715606878,KDE|S2|main|0|W00_C1|7|1,networks/S2/KDE/f0_W00_C1_s7_d01.csv
S2,0,W00_C1,KDE,7,2,1149171940,KDE|S2|main|0|W00_C1|7|2,networks/S2/KDE/f0_W00_C1_s7_d02.csv
S2,0,W00_C1,KDE,7,3,863619186,KDE|S2|main|0|W00_C1|7|3,networks/S2/KDE/f0_W00_C1_s7_d03.csv
S2,0,W00_C1,KDE,7,4,2904382929,KDE|S2|main|0|W00_C1|7|4,networks/S2/KDE/f0_W00_C1_s7_d04.csv
S2,0,W00_C1,KDE,7,5,3659164999,KDE|S2|main|0|W00_C1|7|5,networks/S2/KDE/f0_W00_C1_s7_d05.csv
S2,0,W00_C1,KDE,7,6,1125334269,KDE|S2|main|0|W00_C1|7|6,networks/S2/KDE/f0_W00_C1_s7_d06.csv
S2,0,W00_C1,KDE,7,7,873729131,KDE|S2|main|0|W00_C1|7|7,networks/S2/KDE/f0_W00_C1_s7_d07.csv
S2,0,W00_C2,EVAE,1337,0,1026847359,EVAE|S2|geobg|0|W00_C2|1337|0,networks/S2/EVAE/f0_W00_C2_s1337_d00.csv
S2,0,W00_C2,EVAE,1337,1,1244873449,EVAE|S2|geobg|0|W00_C2|1337|1,networks/S2/EVAE/f0_W00_C2_s1337_d01.csv
S2,0,W00_C2,EVAE,1337,2,3543798611,EVAE|S2|geobg|0|W00_C2|1337|2,networks/S2/EVAE/f0_W00_C2_s1337_d02.csv
S2,0,W00_C2,EVAE,1337,3,2755470277,EVAE|S2|geobg|0|W00_C2|1337|3,networks/S2/EVAE/f0_W00_C2_s1337_d03.csv
S2,0,W00_C2,EVAE,1337,4,978957926,EVAE|S2|geobg|0|W00_C2|1337|4,networks/S2/EVAE/f0_W00_C2_s1337_d04.csv
S2,0,W00_C2,EVAE,1337,5,1298040560,EVAE|S2|geobg|0|W00_C2|1337|5,networks/S2/EVAE/f0_W00_C2_s1337_d05.csv
S2,0,W00_C2,EVAE,1337,6,3562526538,EVAE|S2|geobg|0|W00_C2|1337|6,networks/S2/EVAE/f0_W00_C2_s1337_d06.csv
S2,0,W00_C2,EVAE,1337,7,2739988444,EVAE|S2|geobg|0|W00_C2|1337|7,networks/S2/EVAE/f0_W00_C2_s1337_d07.csv
S2,0,W00_C2,EVAE,20260903,0,412609978,EVAE|S2|geobg|0|W00_C2|20260903|0,networks/S2/EVAE/f0_W00_C2_s20260903_d00.csv
S2,0,W00_C2,EVAE,20260903,1,1871764780,EVAE|S2|geobg|0|W00_C2|20260903|1,networks/S2/EVAE/f0_W00_C2_s20260903_d01.csv
S2,0,W00_C2,EVAE,20260903,2,4137258134,EVAE|S2|geobg|0|W00_C2|20260903|2,networks/S2/EVAE/f0_W00_C2_s20260903_d02.csv
S2,0,W00_C2,EVAE,20260903,3,2174663680,EVAE|S2|geobg|0|W00_C2|20260903|3,networks/S2/EVAE/f0_W00_C2_s20260903_d03.csv
S2,0,W00_C2,EVAE,20260903,4,536488355,EVAE|S2|geobg|0|W00_C2|20260903|4,networks/S2/EVAE/f0_W00_C2_s20260903_d04.csv
S2,0,W00_C2,EVAE,20260903,5,1761417525,EVAE|S2|geobg|0|W00_C2|20260903|5,networks/S2/EVAE/f0_W00_C2_s20260903_d05.csv
S2,0,W00_C2,EVAE,20260903,6,4059318415,EVAE|S2|geobg|0|W00_C2|20260903|6,networks/S2/EVAE/f0_W00_C2_s20260903_d06.csv
S2,0,W00_C2,EVAE,20260903,7,2264102937,EVAE|S2|geobg|0|W00_C2|20260903|7,networks/S2/EVAE/f0_W00_C2_s20260903_d07.csv
S2,0,W00_C2,EVAE,7,0,1384563864,EVAE|S2|geobg|0|W00_C2|7|0,networks/S2/EVAE/f0_W00_C2_s7_d00.csv
S2,0,W00_C2,EVAE,7,1,629273614,EVAE|S2|geobg|0|W00_C2|7|1,networks/S2/EVAE/f0_W00_C2_s7_d01.csv
S2,0,W00_C2,EVAE,7,2,3163071924,EVAE|S2|geobg|0|W00_C2|7|2,networks/S2/EVAE/f0_W00_C2_s7_d02.csv
S2,0,W00_C2,EVAE,7,3,3415184674,EVAE|S2|geobg|0|W00_C2|7|3,networks/S2/EVAE/f0_W00_C2_s7_d03.csv
S2,0,W00_C2,EVAE,7,4,1441464449,EVAE|S2|geobg|0|W00_C2|7|4,networks/S2/EVAE/f0_W00_C2_s7_d04.csv
S2,0,W00_C2,EVAE,7,5,585904151,EVAE|S2|geobg|0|W00_C2|7|5,networks/S2/EVAE/f0_W00_C2_s7_d05.csv
S2,0,W00_C2,EVAE,7,6,3152372141,EVAE|S2|geobg|0|W00_C2|7|6,networks/S2/EVAE/f0_W00_C2_s7_d06.csv
S2,0,W00_C2,EVAE,7,7,3437383995,EVAE|S2|geobg|0|W00_C2|7|7,networks/S2/EVAE/f0_W00_C2_s7_d07.csv
S2,0,W00_C2,ADFNE,1337,0,1724919019,ADFNE|S2|main|0|W00_C2|1337|0,networks/S2/ADFNE/f0_W00_C2_s1337_d00.csv
S2,0,W00_C2,ADFNE,1337,1,299310205,ADFNE|S2|main|0|W00_C2|1337|1,networks/S2/ADFNE/f0_W00_C2_s1337_d01.csv
S2,0,W00_C2,ADFNE,1337,2,2296270279,ADFNE|S2|main|0|W00_C2|1337|2,networks/S2/ADFNE/f0_W00_C2_s1337_d02.csv
S2,0,W00_C2,ADFNE,1337,3,4292443473,ADFNE|S2|main|0|W00_C2|1337|3,networks/S2/ADFNE/f0_W00_C2_s1337_d03.csv
S2,0,W00_C2,ADFNE,1337,4,1639835890,ADFNE|S2|main|0|W00_C2|1337|4,networks/S2/ADFNE/f0_W00_C2_s1337_d04.csv
S2,0,W00_C2,ADFNE,1337,5,381343844,ADFNE|S2|main|0|W00_C2|1337|5,networks/S2/ADFNE/f0_W00_C2_s1337_d05.csv
S2,0,W00_C2,ADFNE,1337,6,2410908126,ADFNE|S2|main|0|W00_C2|1337|6,networks/S2/ADFNE/f0_W00_C2_s1337_d06.csv
S2,0,W00_C2,ADFNE,1337,7,4172593480,ADFNE|S2|main|0|W00_C2|1337|7,networks/S2/ADFNE/f0_W00_C2_s1337_d07.csv
S2,0,W00_C2,ADFNE,20260903,0,2319197799,ADFNE|S2|main|0|W00_C2|20260903|0,networks/S2/ADFNE/f0_W00_C2_s20260903_d00.csv
S2,0,W00_C2,ADFNE,20260903,1,4248508145,ADFNE|S2|main|0|W00_C2|20260903|1,networks/S2/ADFNE/f0_W00_C2_s20260903_d01.csv
S2,0,W00_C2,ADFNE,20260903,2,1681016651,ADFNE|S2|main|0|W00_C2|20260903|2,networks/S2/ADFNE/f0_W00_C2_s20260903_d02.csv
S2,0,W00_C2,ADFNE,20260903,3,322271197,ADFNE|S2|main|0|W00_C2|20260903|3,networks/S2/ADFNE/f0_W00_C2_s20260903_d03.csv
S2,0,W00_C2,ADFNE,20260903,4,2370953854,ADFNE|S2|main|0|W00_C2|20260903|4,networks/S2/ADFNE/f0_W00_C2_s20260903_d04.csv
S2,0,W00_C2,ADFNE,20260903,5,4199994088,ADFNE|S2|main|0|W00_C2|20260903|5,networks/S2/ADFNE/f0_W00_C2_s20260903_d05.csv
S2,0,W00_C2,ADFNE,20260903,6,1667203922,ADFNE|S2|main|0|W00_C2|20260903|6,networks/S2/ADFNE/f0_W00_C2_s20260903_d06.csv
S2,0,W00_C2,ADFNE,20260903,7,341357508,ADFNE|S2|main|0|W00_C2|20260903|7,networks/S2/ADFNE/f0_W00_C2_s20260903_d07.csv
S2,0,W00_C2,ADFNE,7,0,1437323445,ADFNE|S2|main|0|W00_C2|7|0,networks/S2/ADFNE/f0_W00_C2_s7_d00.csv
S2,0,W00_C2,ADFNE,7,1,581754915,ADFNE|S2|main|0|W00_C2|7|1,networks/S2/ADFNE/f0_W00_C2_s7_d01.csv
S2,0,W00_C2,ADFNE,7,2,3148198297,ADFNE|S2|main|0|W00_C2|7|2,networks/S2/ADFNE/f0_W00_C2_s7_d02.csv
S2,0,W00_C2,ADFNE,7,3,3433201935,ADFNE|S2|main|0|W00_C2|7|3,networks/S2/ADFNE/f0_W00_C2_s7_d03.csv
S2,0,W00_C2,ADFNE,7,4,1388713132,ADFNE|S2|main|0|W00_C2|7|4,networks/S2/ADFNE/f0_W00_C2_s7_d04.csv
S2,0,W00_C2,ADFNE,7,5,633414714,ADFNE|S2|main|0|W00_C2|7|5,networks/S2/ADFNE/f0_W00_C2_s7_d05.csv
S2,0,W00_C2,ADFNE,7,6,3167253888,ADFNE|S2|main|0|W00_C2|7|6,networks/S2/ADFNE/f0_W00_C2_s7_d06.csv
S2,0,W00_C2,ADFNE,7,7,3419358486,ADFNE|S2|main|0|W00_C2|7|7,networks/S2/ADFNE/f0_W00_C2_s7_d07.csv
S2,0,W00_C2,KDE,1337,0,2227974116,KDE|S2|main|0|W00_C2|1337|0,networks/S2/KDE/f0_W00_C2_s1337_d00.csv
S2,0,W00_C2,KDE,1337,1,4090175346,KDE|S2|main|0|W00_C2|1337|1,networks/S2/KDE/f0_W00_C2_s1337_d01.csv
S2,0,W00_C2,KDE,1337,2,1791119048,KDE|S2|main|0|W00_C2|1337|2,networks/S2/KDE/f0_W00_C2_s1337_d02.csv
S2,0,W00_C2,KDE,1337,3,499482206,KDE|S2|main|0|W00_C2|1337|3,networks/S2/KDE/f0_W00_C2_s1337_d03.csv
S2,0,W00_C2,KDE,1337,4,2208427005,KDE|S2|main|0|W00_C2|1337|4,networks/S2/KDE/f0_W00_C2_s1337_d04.csv
S2,0,W00_C2,KDE,1337,5,4104575851,KDE|S2|main|0|W00_C2|1337|5,networks/S2/KDE/f0_W00_C2_s1337_d05.csv
S2,0,W00_C2,KDE,1337,6,1840220881,KDE|S2|main|0|W00_C2|1337|6,networks/S2/KDE/f0_W00_C2_s1337_d06.csv
S2,0,W00_C2,KDE,1337,7,447265351,KDE|S2|main|0|W00_C2|1337|7,networks/S2/KDE/f0_W00_C2_s1337_d07.csv
S2,0,W00_C2,KDE,20260903,0,2020234849,KDE|S2|main|0|W00_C2|20260903|0,networks/S2/KDE/f0_W00_C2_s20260903_d00.csv
S2,0,W00_C2,KDE,20260903,1,258828023,KDE|S2|main|0|W00_C2|20260903|1,networks/S2/KDE/f0_W00_C2_s20260903_d01.csv
S2,0,W00_C2,KDE,20260903,2,2523150157,KDE|S2|main|0|W00_C2|20260903|2,networks/S2/KDE/f0_W00_C2_s20260903_d02.csv
S2,0,W00_C2,KDE,20260903,3,3781363675,KDE|S2|main|0|W00_C2|20260903|3,networks/S2/KDE/f0_W00_C2_s20260903_d03.csv
S2,0,W00_C2,KDE,20260903,4,2131202680,KDE|S2|main|0|W00_C2|20260903|4,networks/S2/KDE/f0_W00_C2_s20260903_d04.csv
S2,0,W00_C2,KDE,20260903,5,134259438,KDE|S2|main|0|W00_C2|20260903|5,networks/S2/KDE/f0_W00_C2_s20260903_d05.csv
S2,0,W00_C2,KDE,20260903,6,2433348436,KDE|S2|main|0|W00_C2|20260903|6,networks/S2/KDE/f0_W00_C2_s20260903_d06.csv
S2,0,W00_C2,KDE,20260903,7,3859727298,KDE|S2|main|0|W00_C2|20260903|7,networks/S2/KDE/f0_W00_C2_s20260903_d07.csv
S2,0,W00_C2,KDE,7,0,3989889816,KDE|S2|main|0|W00_C2|7|0,networks/S2/KDE/f0_W00_C2_s7_d00.csv
S2,0,W00_C2,KDE,7,1,2597835662,KDE|S2|main|0|W00_C2|7|1,networks/S2/KDE/f0_W00_C2_s7_d01.csv
S2,0,W00_C2,KDE,7,2,64913972,KDE|S2|main|0|W00_C2|7|2,networks/S2/KDE/f0_W00_C2_s7_d02.csv
S2,0,W00_C2,KDE,7,3,1960424098,KDE|S2|main|0|W00_C2|7|3,networks/S2/KDE/f0_W00_C2_s7_d03.csv
S2,0,W00_C2,KDE,7,4,3938264833,KDE|S2|main|0|W00_C2|7|4,networks/S2/KDE/f0_W00_C2_s7_d04.csv
S2,0,W00_C2,KDE,7,5,2646218647,KDE|S2|main|0|W00_C2|7|5,networks/S2/KDE/f0_W00_C2_s7_d05.csv
S2,0,W00_C2,KDE,7,6,78857773,KDE|S2|main|0|W00_C2|7|6,networks/S2/KDE/f0_W00_C2_s7_d06.csv
S2,0,W00_C2,KDE,7,7,1941206715,KDE|S2|main|0|W00_C2|7|7,networks/S2/KDE/f0_W00_C2_s7_d07.csv
S2,0,W00_C3,EVAE,1337,0,4053693153,EVAE|S2|geobg|0|W00_C3|1337|0,networks/S2/EVAE/f0_W00_C3_s1337_d00.csv
S2,0,W00_C3,EVAE,1337,1,2258190967,EVAE|S2|geobg|0|W00_C3|1337|1,networks/S2/EVAE/f0_W00_C3_s1337_d01.csv
S2,0,W00_C3,EVAE,1337,2,529535949,EVAE|S2|geobg|0|W00_C3|1337|2,networks/S2/EVAE/f0_W00_C3_s1337_d02.csv
S2,0,W00_C3,EVAE,1337,3,1754735451,EVAE|S2|geobg|0|W00_C3|1337|3,networks/S2/EVAE/f0_W00_C3_s1337_d03.csv
S2,0,W00_C3,EVAE,1337,4,4143167224,EVAE|S2|geobg|0|W00_C3|1337|4,networks/S2/EVAE/f0_W00_C3_s1337_d04.csv
S2,0,W00_C3,EVAE,1337,5,2180286062,EVAE|S2|geobg|0|W00_C3|1337|5,networks/S2/EVAE/f0_W00_C3_s1337_d05.csv
S2,0,W00_C3,EVAE,1337,6,419289044,EVAE|S2|geobg|0|W00_C3|1337|6,networks/S2/EVAE/f0_W00_C3_s1337_d06.csv
S2,0,W00_C3,EVAE,1337,7,1878714178,EVAE|S2|geobg|0|W00_C3|1337|7,networks/S2/EVAE/f0_W00_C3_s1337_d07.csv
S2,0,W00_C3,EVAE,20260903,0,2201133525,EVAE|S2|geobg|0|W00_C3|20260903|0,networks/S2/EVAE/f0_W00_C3_s20260903_d00.csv
S2,0,W00_C3,EVAE,20260903,1,4097151299,EVAE|S2|geobg|0|W00_C3|20260903|1,networks/S2/EVAE/f0_W00_C3_s20260903_d01.csv
S2,0,W00_C3,EVAE,20260903,2,1832698105,EVAE|S2|geobg|0|W00_C3|20260903|2,networks/S2/EVAE/f0_W00_C3_s20260903_d02.csv
S2,0,W00_C3,EVAE,20260903,3,440135791,EVAE|S2|geobg|0|W00_C3|20260903|3,networks/S2/EVAE/f0_W00_C3_s20260903_d03.csv
S2,0,W00_C3,EVAE,20260903,4,2220844492,EVAE|S2|geobg|0|W00_C3|20260903|4,networks/S2/EVAE/f0_W00_C3_s20260903_d04.csv
S2,0,W00_C3,EVAE,20260903,5,4082652506,EVAE|S2|geobg|0|W00_C3|20260903|5,networks/S2/EVAE/f0_W00_C3_s20260903_d05.csv
S2,0,W00_C3,EVAE,20260903,6,1783694560,EVAE|S2|geobg|0|W00_C3|20260903|6,networks/S2/EVAE/f0_W00_C3_s20260903_d06.csv
S2,0,W00_C3,EVAE,20260903,7,492188790,EVAE|S2|geobg|0|W00_C3|20260903|7,networks/S2/EVAE/f0_W00_C3_s20260903_d07.csv
S2,0,W00_C3,EVAE,7,0,1877404968,EVAE|S2|geobg|0|W00_C3|7|0,networks/S2/EVAE/f0_W00_C3_s7_d00.csv
S2,0,W00_C3,EVAE,7,1,417455550,EVAE|S2|geobg|0|W00_C3|7|1,networks/S2/EVAE/f0_W00_C3_s7_d01.csv
S2,0,W00_C3,EVAE,7,2,2179501060,EVAE|S2|geobg|0|W00_C3|7|2,networks/S2/EVAE/f0_W00_C3_s7_d02.csv
S2,0,W00_C3,EVAE,7,3,4142906514,EVAE|S2|geobg|0|W00_C3|7|3,networks/S2/EVAE/f0_W00_C3_s7_d03.csv
S2,0,W00_C3,EVAE,7,4,1753950513,EVAE|S2|geobg|0|W00_C3|7|4,networks/S2/EVAE/f0_W00_C3_s7_d04.csv
S2,0,W00_C3,EVAE,7,5,529275303,EVAE|S2|geobg|0|W00_C3|7|5,networks/S2/EVAE/f0_W00_C3_s7_d05.csv
S2,0,W00_C3,EVAE,7,6,2256881693,EVAE|S2|geobg|0|W00_C3|7|6,networks/S2/EVAE/f0_W00_C3_s7_d06.csv
S2,0,W00_C3,EVAE,7,7,4051859595,EVAE|S2|geobg|0|W00_C3|7|7,networks/S2/EVAE/f0_W00_C3_s7_d07.csv
S2,0,W00_C3,ADFNE,1337,0,2860133493,ADFNE|S2|main|0|W00_C3|1337|0,networks/S2/ADFNE/f0_W00_C3_s1337_d00.csv
S2,0,W00_C3,ADFNE,1337,1,3715964131,ADFNE|S2|main|0|W00_C3|1337|1,networks/S2/ADFNE/f0_W00_C3_s1337_d01.csv
S2,0,W00_C3,ADFNE,1337,2,1148472665,ADFNE|S2|main|0|W00_C3|1337|2,networks/S2/ADFNE/f0_W00_C3_s1337_d02.csv
S2,0,W00_C3,ADFNE,1337,3,863206863,ADFNE|S2|main|0|W00_C3|1337|3,networks/S2/ADFNE/f0_W00_C3_s1337_d03.csv
S2,0,W00_C3,ADFNE,1337,4,2904025196,ADFNE|S2|main|0|W00_C3|1337|4,networks/S2/ADFNE/f0_W00_C3_s1337_d04.csv
S2,0,W00_C3,ADFNE,1337,5,3658537210,ADFNE|S2|main|0|W00_C3|1337|5,networks/S2/ADFNE/f0_W00_C3_s1337_d05.csv
S2,0,W00_C3,ADFNE,1337,6,1125747008,ADFNE|S2|main|0|W00_C3|1337|6,networks/S2/ADFNE/f0_W00_C3_s1337_d06.csv
S2,0,W00_C3,ADFNE,1337,7,874428886,ADFNE|S2|main|0|W00_C3|1337|7,networks/S2/ADFNE/f0_W00_C3_s1337_d07.csv
S2,0,W00_C3,ADFNE,20260903,0,295266824,ADFNE|S2|main|0|W00_C3|20260903|0,networks/S2/ADFNE/f0_W00_C3_s20260903_d00.csv
S2,0,W00_C3,ADFNE,20260903,1,1721653918,ADFNE|S2|main|0|W00_C3|20260903|1,networks/S2/ADFNE/f0_W00_C3_s20260903_d01.csv
S2,0,W00_C3,ADFNE,20260903,2,4288088868,ADFNE|S2|main|0|W00_C3|20260903|2,networks/S2/ADFNE/f0_W00_C3_s20260903_d02.csv
S2,0,W00_C3,ADFNE,20260903,3,2291153842,ADFNE|S2|main|0|W00_C3|20260903|3,networks/S2/ADFNE/f0_W00_C3_s20260903_d03.csv
S2,0,W00_C3,ADFNE,20260903,4,385134097,ADFNE|S2|main|0|W00_C3|20260903|4,networks/S2/ADFNE/f0_W00_C3_s20260903_d04.csv
S2,0,W00_C3,ADFNE,20260903,5,1643355783,ADFNE|S2|main|0|W00_C3|20260903|5,networks/S2/ADFNE/f0_W00_C3_s20260903_d05.csv
S2,0,W00_C3,ADFNE,20260903,6,4177186621,ADFNE|S2|main|0|W00_C3|20260903|6,networks/S2/ADFNE/f0_W00_C3_s20260903_d06.csv
S2,0,W00_C3,ADFNE,20260903,7,2415787947,ADFNE|S2|main|0|W00_C3|20260903|7,networks/S2/ADFNE/f0_W00_C3_s20260903_d07.csv
S2,0,W00_C3,ADFNE,7,0,1758198021,ADFNE|S2|main|0|W00_C3|7|0,networks/S2/ADFNE/f0_W00_C3_s7_d00.csv
S2,0,W00_C3,ADFNE,7,1,533514643,ADFNE|S2|main|0|W00_C3|7|1,networks/S2/ADFNE/f0_W00_C3_s7_d01.csv
S2,0,W00_C3,ADFNE,7,2,2261096489,ADFNE|S2|main|0|W00_C3|7|2,networks/S2/ADFNE/f0_W00_C3_s7_d02.csv
S2,0,W00_C3,ADFNE,7,3,4056066239,ADFNE|S2|main|0|W00_C3|7|3,networks/S2/ADFNE/f0_W00_C3_s7_d03.csv
S2,0,W00_C3,ADFNE,7,4,1873165596,ADFNE|S2|main|0|W00_C3|7|4,networks/S2/ADFNE/f0_W00_C3_s7_d04.csv
S2,0,W00_C3,ADFNE,7,5,413207946,ADFNE|S2|main|0|W00_C3|7|5,networks/S2/ADFNE/f0_W00_C3_s7_d05.csv
S2,0,W00_C3,ADFNE,7,6,2175294512,ADFNE|S2|main|0|W00_C3|7|6,networks/S2/ADFNE/f0_W00_C3_s7_d06.csv
S2,0,W00_C3,ADFNE,7,7,4138691750,ADFNE|S2|main|0|W00_C3|7|7,networks/S2/ADFNE/f0_W00_C3_s7_d07.csv
S2,0,W00_C3,KDE,1337,0,1214656378,KDE|S2|main|0|W00_C3|1337|0,networks/S2/KDE/f0_W00_C3_s1337_d00.csv
S2,0,W00_C3,KDE,1337,1,1063329772,KDE|S2|main|0|W00_C3|1337|1,networks/S2/KDE/f0_W00_C3_s1337_d01.csv
S2,0,W00_C3,KDE,1337,2,2791853654,KDE|S2|main|0|W00_C3|1337|2,networks/S2/KDE/f0_W00_C3_s1337_d02.csv
S2,0,W00_C3,KDE,1337,3,3513745088,KDE|S2|main|0|W00_C3|1337|3,networks/S2/KDE/f0_W00_C3_s1337_d03.csv
S2,0,W00_C3,KDE,1337,4,1326181219,KDE|S2|main|0|W00_C3|1337|4,networks/S2/KDE/f0_W00_C3_s1337_d04.csv
S2,0,W00_C3,KDE,1337,5,940366837,KDE|S2|main|0|W00_C3|1337|5,networks/S2/KDE/f0_W00_C3_s1337_d05.csv
S2,0,W00_C3,KDE,1337,6,2701494863,KDE|S2|main|0|W00_C3|1337|6,networks/S2/KDE/f0_W00_C3_s1337_d06.csv
S2,0,W00_C3,KDE,1337,7,3590503129,KDE|S2|main|0|W00_C3|1337|7,networks/S2/KDE/f0_W00_C3_s1337_d07.csv
S2,0,W00_C3,KDE,20260903,0,3822000654,KDE|S2|main|0|W00_C3|20260903|0,networks/S2/KDE/f0_W00_C3_s20260903_d00.csv
S2,0,W00_C3,KDE,20260903,1,2496146072,KDE|S2|main|0|W00_C3|20260903|1,networks/S2/KDE/f0_W00_C3_s20260903_d01.csv
S2,0,W00_C3,KDE,20260903,2,230783778,KDE|S2|main|0|W00_C3|20260903|2,networks/S2/KDE/f0_W00_C3_s20260903_d02.csv
S2,0,W00_C3,KDE,20260903,3,2059815860,KDE|S2|main|0|W00_C3|20260903|3,networks/S2/KDE/f0_W00_C3_s20260903_d03.csv
S2,0,W00_C3,KDE,20260903,4,3835878935,KDE|S2|main|0|W00_C3|20260903|4,networks/S2/KDE/f0_W00_C3_s20260903_d04.csv
S2,0,W00_C3,KDE,20260903,5,2477125249,KDE|S2|main|0|W00_C3|20260903|5,networks/S2/KDE/f0_W00_C3_s20260903_d05.csv
S2,0,W00_C3,KDE,20260903,6,179093307,KDE|S2|main|0|W00_C3|20260903|6,networks/S2/KDE/f0_W00_C3_s20260903_d06.csv
S2,0,W00_C3,KDE,20260903,7,2108395437,KDE|S2|main|0|W00_C3|20260903|7,networks/S2/KDE/f0_W00_C3_s20260903_d07.csv
S2,0,W00_C3,KDE,7,0,3501247144,KDE|S2|main|0|W00_C3|7|0,networks/S2/KDE/f0_W00_C3_s7_d00.csv
S2,0,W00_C3,KDE,7,1,2813852222,KDE|S2|main|0|W00_C3|7|1,networks/S2/KDE/f0_W00_C3_s7_d01.csv
S2,0,W00_C3,KDE,7,2,1052683140,KDE|S2|main|0|W00_C3|7|2,networks/S2/KDE/f0_W00_C3_s7_d02.csv
S2,0,W00_C3,KDE,7,3,1236900626,KDE|S2|main|0|W00_C3|7|3,networks/S2/KDE/f0_W00_C3_s7_d03.csv
S2,0,W00_C3,KDE,7,4,3621588657,KDE|S2|main|0|W00_C3|7|4,networks/S2/KDE/f0_W00_C3_s7_d04.csv
S2,0,W00_C3,KDE,7,5,2698657319,KDE|S2|main|0|W00_C3|7|5,networks/S2/KDE/f0_W00_C3_s7_d05.csv
S2,0,W00_C3,KDE,7,6,970157981,KDE|S2|main|0|W00_C3|7|6,networks/S2/KDE/f0_W00_C3_s7_d06.csv
S2,0,W00_C3,KDE,7,7,1322540811,KDE|S2|main|0|W00_C3|7|7,networks/S2/KDE/f0_W00_C3_s7_d07.csv
S2,0,W00_C4,EVAE,1337,0,4217076728,EVAE|S2|geobg|0|W00_C4|1337|0,networks/S2/EVAE/f0_W00_C4_s1337_d00.csv
S2,0,W00_C4,EVAE,1337,1,2354858862,EVAE|S2|geobg|0|W00_C4|1337|1,networks/S2/EVAE/f0_W00_C4_s1337_d01.csv
S2,0,W00_C4,EVAE,1337,2,357898964,EVAE|S2|geobg|0|W00_C4|1337|2,networks/S2/EVAE/f0_W00_C4_s1337_d02.csv
S2,0,W00_C4,EVAE,1337,3,1649551938,EVAE|S2|geobg|0|W00_C4|1337|3,networks/S2/EVAE/f0_W00_C4_s1337_d03.csv
S2,0,W00_C4,EVAE,1337,4,4231446497,EVAE|S2|geobg|0|W00_C4|1337|4,networks/S2/EVAE/f0_W00_C4_s1337_d04.csv
S2,0,W00_C4,EVAE,1337,5,2335281015,EVAE|S2|geobg|0|W00_C4|1337|5,networks/S2/EVAE/f0_W00_C4_s1337_d05.csv
S2,0,W00_C4,EVAE,1337,6,305716941,EVAE|S2|geobg|0|W00_C4|1337|6,networks/S2/EVAE/f0_W00_C4_s1337_d06.csv
S2,0,W00_C4,EVAE,1337,7,1698688603,EVAE|S2|geobg|0|W00_C4|1337|7,networks/S2/EVAE/f0_W00_C4_s1337_d07.csv
S2,0,W00_C4,EVAE,20260903,0,4155131994,EVAE|S2|geobg|0|W00_C4|20260903|0,networks/S2/EVAE/f0_W00_C4_s20260903_d00.csv
S2,0,W00_C4,EVAE,20260903,1,2158852300,EVAE|S2|geobg|0|W00_C4|20260903|1,networks/S2/EVAE/f0_W00_C4_s20260903_d01.csv
S2,0,W00_C4,EVAE,20260903,2,430188918,EVAE|S2|geobg|0|W00_C4|20260903|2,networks/S2/EVAE/f0_W00_C4_s20260903_d02.csv
S2,0,W00_C4,EVAE,20260903,3,1856182752,EVAE|S2|geobg|0|W00_C4|20260903|3,networks/S2/EVAE/f0_W00_C4_s20260903_d03.csv
S2,0,W00_C4,EVAE,20260903,4,4039609411,EVAE|S2|geobg|0|W00_C4|20260903|4,networks/S2/EVAE/f0_W00_C4_s20260903_d04.csv
S2,0,W00_C4,EVAE,20260903,5,2277555413,EVAE|S2|geobg|0|W00_C4|20260903|5,networks/S2/EVAE/f0_W00_C4_s20260903_d05.csv
S2,0,W00_C4,EVAE,20260903,6,516549999,EVAE|S2|geobg|0|W00_C4|20260903|6,networks/S2/EVAE/f0_W00_C4_s20260903_d06.csv
S2,0,W00_C4,EVAE,20260903,7,1775164921,EVAE|S2|geobg|0|W00_C4|20260903|7,networks/S2/EVAE/f0_W00_C4_s20260903_d07.csv
S2,0,W00_C4,EVAE,7,0,3720753464,EVAE|S2|geobg|0|W00_C4|7|0,networks/S2/EVAE/f0_W00_C4_s7_d00.csv
S2,0,W00_C4,EVAE,7,1,2864775598,EVAE|S2|geobg|0|W00_C4|7|1,networks/S2/EVAE/f0_W00_C4_s7_d01.csv
S2,0,W00_C4,EVAE,7,2,868765716,EVAE|S2|geobg|0|W00_C4|7|2,networks/S2/EVAE/f0_W00_C4_s7_d02.csv
S2,0,W00_C4,EVAE,7,3,1154441346,EVAE|S2|geobg|0|W00_C4|7|3,networks/S2/EVAE/f0_W00_C4_s7_d03.csv
S2,0,W00_C4,EVAE,7,4,3668702497,EVAE|S2|geobg|0|W00_C4|7|4,networks/S2/EVAE/f0_W00_C4_s7_d04.csv
S2,0,W00_C4,EVAE,7,5,2913781175,EVAE|S2|geobg|0|W00_C4|7|5,networks/S2/EVAE/f0_W00_C4_s7_d05.csv
S2,0,W00_C4,EVAE,7,6,883266573,EVAE|S2|geobg|0|W00_C4|7|6,networks/S2/EVAE/f0_W00_C4_s7_d06.csv
S2,0,W00_C4,EVAE,7,7,1134732443,EVAE|S2|geobg|0|W00_C4|7|7,networks/S2/EVAE/f0_W00_C4_s7_d07.csv
S2,0,W00_C4,ADFNE,1337,0,2696881516,ADFNE|S2|main|0|W00_C4|1337|0,networks/S2/ADFNE/f0_W00_C4_s1337_d00.csv
S2,0,W00_C4,ADFNE,1337,1,3619165690,ADFNE|S2|main|0|W00_C4|1337|1,networks/S2/ADFNE/f0_W00_C4_s1337_d01.csv
S2,0,W00_C4,ADFNE,1337,2,1320240192,ADFNE|S2|main|0|W00_C4|1337|2,networks/S2/ADFNE/f0_W00_C4_s1337_d02.csv
S2,0,W00_C4,ADFNE,1337,3,968258774,ADFNE|S2|main|0|W00_C4|1337|3,networks/S2/ADFNE/f0_W00_C4_s1337_d03.csv
S2,0,W00_C4,ADFNE,1337,4,2815615349,ADFNE|S2|main|0|W00_C4|1337|4,networks/S2/ADFNE/f0_W00_C4_s1337_d04.csv
S2,0,W00_C4,ADFNE,1337,5,3503673827,ADFNE|S2|main|0|W00_C4|1337|5,networks/S2/ADFNE/f0_W00_C4_s1337_d05.csv
S2,0,W00_C4,ADFNE,1337,6,1239187545,ADFNE|S2|main|0|W00_C4|1337|6,networks/S2/ADFNE/f0_W00_C4_s1337_d06.csv
S2,0,W00_C4,ADFNE,1337,7,1054585039,ADFNE|S2|main|0|W00_C4|1337|7,networks/S2/ADFNE/f0_W00_C4_s1337_d07.csv
S2,0,W00_C4,ADFNE,20260903,0,1694598023,ADFNE|S2|main|0|W00_C4|20260903|0,networks/S2/ADFNE/f0_W00_C4_s20260903_d00.csv
S2,0,W00_C4,ADFNE,20260903,1,302428945,ADFNE|S2|main|0|W00_C4|20260903|1,networks/S2/ADFNE/f0_W00_C4_s20260903_d01.csv
S2,0,W00_C4,ADFNE,20260903,2,2333074091,ADFNE|S2|main|0|W00_C4|20260903|2,networks/S2/ADFNE/f0_W00_C4_s20260903_d02.csv
S2,0,W00_C4,ADFNE,20260903,3,4228436541,ADFNE|S2|main|0|W00_C4|20260903|3,networks/S2/ADFNE/f0_W00_C4_s20260903_d03.csv
S2,0,W00_C4,ADFNE,20260903,4,1651263390,ADFNE|S2|main|0|W00_C4|20260903|4,networks/S2/ADFNE/f0_W00_C4_s20260903_d04.csv
S2,0,W00_C4,ADFNE,20260903,5,359364360,ADFNE|S2|main|0|W00_C4|20260903|5,networks/S2/ADFNE/f0_W00_C4_s20260903_d05.csv
S2,0,W00_C4,ADFNE,20260903,6,2355242674,ADFNE|S2|main|0|W00_C4|20260903|6,networks/S2/ADFNE/f0_W00_C4_s20260903_d06.csv
S2,0,W00_C4,ADFNE,20260903,7,4217706020,ADFNE|S2|main|0|W00_C4|20260903|7,networks/S2/ADFNE/f0_W00_C4_s20260903_d07.csv
S2,0,W00_C4,ADFNE,7,0,3672843541,ADFNE|S2|main|0|W00_C4|7|0,networks/S2/ADFNE/f0_W00_C4_s7_d00.csv
S2,0,W00_C4,ADFNE,7,1,2917930371,ADFNE|S2|main|0|W00_C4|7|1,networks/S2/ADFNE/f0_W00_C4_s7_d01.csv
S2,0,W00_C4,ADFNE,7,2,887440441,ADFNE|S2|main|0|W00_C4|7|2,networks/S2/ADFNE/f0_W00_C4_s7_d02.csv
S2,0,W00_C4,ADFNE,7,3,1138914479,ADFNE|S2|main|0|W00_C4|7|3,networks/S2/ADFNE/f0_W00_C4_s7_d03.csv
S2,0,W00_C4,ADFNE,7,4,3716604172,ADFNE|S2|main|0|W00_C4|7|4,networks/S2/ADFNE/f0_W00_C4_s7_d04.csv
S2,0,W00_C4,ADFNE,7,5,2860634522,ADFNE|S2|main|0|W00_C4|7|5,networks/S2/ADFNE/f0_W00_C4_s7_d05.csv
S2,0,W00_C4,ADFNE,7,6,864583712,ADFNE|S2|main|0|W00_C4|7|6,networks/S2/ADFNE/f0_W00_C4_s7_d06.csv
S2,0,W00_C4,ADFNE,7,7,1150267574,ADFNE|S2|main|0|W00_C4|7|7,networks/S2/ADFNE/f0_W00_C4_s7_d07.csv
S2,0,W00_C4,KDE,1337,0,1117988451,KDE|S2|main|0|W00_C4|1337|0,networks/S2/KDE/f0_W00_C4_s1337_d00.csv
S2,0,W00_C4,KDE,1337,1,899946229,KDE|S2|main|0|W00_C4|1337|1,networks/S2/KDE/f0_W00_C4_s1337_d01.csv
S2,0,W00_C4,KDE,1337,2,2897037135,KDE|S2|main|0|W00_C4|1337|2,networks/S2/KDE/f0_W00_C4_s1337_d02.csv
S2,0,W00_C4,KDE,1337,3,3685382105,KDE|S2|main|0|W00_C4|1337|3,networks/S2/KDE/f0_W00_C4_s1337_d03.csv
S2,0,W00_C4,KDE,1337,4,1171186298,KDE|S2|main|0|W00_C4|1337|4,networks/S2/KDE/f0_W00_C4_s1337_d04.csv
S2,0,W00_C4,KDE,1337,5,852087532,KDE|S2|main|0|W00_C4|1337|5,networks/S2/KDE/f0_W00_C4_s1337_d05.csv
S2,0,W00_C4,KDE,1337,6,2881520470,KDE|S2|main|0|W00_C4|1337|6,networks/S2/KDE/f0_W00_C4_s1337_d06.csv
S2,0,W00_C4,KDE,1337,7,3704075200,KDE|S2|main|0|W00_C4|1337|7,networks/S2/KDE/f0_W00_C4_s1337_d07.csv
S2,0,W00_C4,KDE,20260903,0,2539123585,KDE|S2|main|0|W00_C4|20260903|0,networks/S2/KDE/f0_W00_C4_s20260903_d00.csv
S2,0,W00_C4,KDE,20260903,1,3763389207,KDE|S2|main|0|W00_C4|20260903|1,networks/S2/KDE/f0_W00_C4_s20260903_d01.csv
S2,0,W00_C4,KDE,20260903,2,2035913389,KDE|S2|main|0|W00_C4|20260903|2,networks/S2/KDE/f0_W00_C4_s20260903_d02.csv
S2,0,W00_C4,KDE,20260903,3,241082939,KDE|S2|main|0|W00_C4|20260903|3,networks/S2/KDE/f0_W00_C4_s20260903_d03.csv
S2,0,W00_C4,KDE,20260903,4,2419734424,KDE|S2|main|0|W00_C4|20260903|4,networks/S2/KDE/f0_W00_C4_s20260903_d04.csv
S2,0,W00_C4,KDE,20260903,5,3879536398,KDE|S2|main|0|W00_C4|20260903|5,networks/S2/KDE/f0_W00_C4_s20260903_d05.csv
S2,0,W00_C4,KDE,20260903,6,2117359284,KDE|S2|main|0|W00_C4|20260903|6,networks/S2/KDE/f0_W00_C4_s20260903_d06.csv
S2,0,W00_C4,KDE,20260903,7,154363426,KDE|S2|main|0|W00_C4|20260903|7,networks/S2/KDE/f0_W00_C4_s20260903_d07.csv
S2,0,W00_C4,KDE,7,0,1653610168,KDE|S2|main|0|W00_C4|7|0,networks/S2/KDE/f0_W00_C4_s7_d00.csv
S2,0,W00_C4,KDE,7,1,362227246,KDE|S2|main|0|W00_C4|7|1,networks/S2/KDE/f0_W00_C4_s7_d01.csv
S2,0,W00_C4,KDE,7,2,2359195540,KDE|S2|main|0|W00_C4|7|2,networks/S2/KDE/f0_W00_C4_s7_d02.csv
S2,0,W00_C4,KDE,7,3,4221126402,KDE|S2|main|0|W00_C4|7|3,networks/S2/KDE/f0_W00_C4_s7_d03.csv
S2,0,W00_C4,KDE,7,4,1711133345,KDE|S2|main|0|W00_C4|7|4,networks/S2/KDE/f0_W00_C4_s7_d04.csv
S2,0,W00_C4,KDE,7,5,318431799,KDE|S2|main|0|W00_C4|7|5,networks/S2/KDE/f0_W00_C4_s7_d05.csv
S2,0,W00_C4,KDE,7,6,2348004237,KDE|S2|main|0|W00_C4|7|6,networks/S2/KDE/f0_W00_C4_s7_d06.csv
S2,0,W00_C4,KDE,7,7,4243882779,KDE|S2|main|0|W00_C4|7|7,networks/S2/KDE/f0_W00_C4_s7_d07.csv
S2,0,W00_C5,EVAE,1337,0,938572646,EVAE|S2|geobg|0|W00_C5|1337|0,networks/S2/EVAE/f0_W00_C5_s1337_d00.csv
S2,0,W00_C5,EVAE,1337,1,1089883120,EVAE|S2|geobg|0|W00_C5|1337|1,networks/S2/EVAE/f0_W00_C5_s1337_d01.csv
S2,0,W00_C5,EVAE,1337,2,3657374282,EVAE|S2|geobg|0|W00_C5|1337|2,networks/S2/EVAE/f0_W00_C5_s1337_d02.csv
S2,0,W00_C5,EVAE,1337,3,2935499484,EVAE|S2|geobg|0|W00_C5|1337|3,networks/S2/EVAE/f0_W00_C5_s1337_d03.csv
S2,0,W00_C5,EVAE,1337,4,815579007,EVAE|S2|geobg|0|W00_C5|1337|4,networks/S2/EVAE/f0_W00_C5_s1337_d04.csv
S2,0,W00_C5,EVAE,1337,5,1201377257,EVAE|S2|geobg|0|W00_C5|1337|5,networks/S2/EVAE/f0_W00_C5_s1337_d05.csv
S2,0,W00_C5,EVAE,1337,6,3734167123,EVAE|S2|geobg|0|W00_C5|1337|6,networks/S2/EVAE/f0_W00_C5_s1337_d06.csv
S2,0,W00_C5,EVAE,1337,7,2845175493,EVAE|S2|geobg|0|W00_C5|1337|7,networks/S2/EVAE/f0_W00_C5_s1337_d07.csv
S2,0,W00_C5,EVAE,20260903,0,1812923445,EVAE|S2|geobg|0|W00_C5|20260903|0,networks/S2/EVAE/f0_W00_C5_s20260903_d00.csv
S2,0,W00_C5,EVAE,20260903,1,453522595,EVAE|S2|geobg|0|W00_C5|20260903|1,networks/S2/EVAE/f0_W00_C5_s20260903_d01.csv
S2,0,W00_C5,EVAE,20260903,2,2181129497,EVAE|S2|geobg|0|W00_C5|20260903|2,networks/S2/EVAE/f0_W00_C5_s20260903_d02.csv
S2,0,W00_C5,EVAE,20260903,3,4110833039,EVAE|S2|geobg|0|W00_C5|20260903|3,networks/S2/EVAE/f0_W00_C5_s20260903_d03.csv
S2,0,W00_C5,EVAE,20260903,4,1801633836,EVAE|S2|geobg|0|W00_C5|20260903|4,networks/S2/EVAE/f0_W00_C5_s20260903_d04.csv
S2,0,W00_C5,EVAE,20260903,5,476442810,EVAE|S2|geobg|0|W00_C5|20260903|5,networks/S2/EVAE/f0_W00_C5_s20260903_d05.csv
S2,0,W00_C5,EVAE,20260903,6,2238488832,EVAE|S2|geobg|0|W00_C5|20260903|6,networks/S2/EVAE/f0_W00_C5_s20260903_d06.csv
S2,0,W00_C5,EVAE,20260903,7,4067135894,EVAE|S2|geobg|0|W00_C5|20260903|7,networks/S2/EVAE/f0_W00_C5_s20260903_d07.csv
S2,0,W00_C5,EVAE,7,0,3768981640,EVAE|S2|geobg|0|W00_C5|7|0,networks/S2/EVAE/f0_W00_C5_s7_d00.csv
S2,0,W00_C5,EVAE,7,1,2543921182,EVAE|S2|geobg|0|W00_C5|7|1,networks/S2/EVAE/f0_W00_C5_s7_d01.csv
S2,0,W00_C5,EVAE,7,2,245922212,EVAE|S2|geobg|0|W00_C5|7|2,networks/S2/EVAE/f0_W00_C5_s7_d02.csv
S2,0,W00_C5,EVAE,7,3,2041530674,EVAE|S2|geobg|0|W00_C5|7|3,networks/S2/EVAE/f0_W00_C5_s7_d03.csv
S2,0,W00_C5,EVAE,7,4,3888897169,EVAE|S2|geobg|0|W00_C5|7|4,networks/S2/EVAE/f0_W00_C5_s7_d04.csv
S2,0,W00_C5,EVAE,7,5,2429348871,EVAE|S2|geobg|0|W00_C5|7|5,networks/S2/EVAE/f0_W00_C5_s7_d05.csv
S2,0,W00_C5,EVAE,7,6,163954109,EVAE|S2|geobg|0|W00_C5|7|6,networks/S2/EVAE/f0_W00_C5_s7_d06.csv
S2,0,W00_C5,EVAE,7,7,2126679339,EVAE|S2|geobg|0|W00_C5|7|7,networks/S2/EVAE/f0_W00_C5_s7_d07.csv
S2,0,W00_C5,ADFNE,1337,0,1813325298,ADFNE|S2|main|0|W00_C5|1337|0,networks/S2/ADFNE/f0_W00_C5_s1337_d00.csv
S2,0,W00_C5,ADFNE,1337,1,454169956,ADFNE|S2|main|0|W00_C5|1337|1,networks/S2/ADFNE/f0_W00_C5_s1337_d01.csv
S2,0,W00_C5,ADFNE,1337,2,2182825182,ADFNE|S2|main|0|W00_C5|1337|2,networks/S2/ADFNE/f0_W00_C5_s1337_d02.csv
S2,0,W00_C5,ADFNE,1337,3,4112282696,ADFNE|S2|main|0|W00_C5|1337|3,networks/S2/ADFNE/f0_W00_C5_s1337_d03.csv
S2,0,W00_C5,ADFNE,1337,4,1803084267,ADFNE|S2|main|0|W00_C5|1337|4,networks/S2/ADFNE/f0_W00_C5_s1337_d04.csv
S2,0,W00_C5,ADFNE,1337,5,478138749,ADFNE|S2|main|0|W00_C5|1337|5,networks/S2/ADFNE/f0_W00_C5_s1337_d05.csv
S2,0,W00_C5,ADFNE,1337,6,2239135943,ADFNE|S2|main|0|W00_C5|1337|6,networks/S2/ADFNE/f0_W00_C5_s1337_d06.csv
S2,0,W00_C5,ADFNE,1337,7,4067536977,ADFNE|S2|main|0|W00_C5|1337|7,networks/S2/ADFNE/f0_W00_C5_s1337_d07.csv
S2,0,W00_C5,ADFNE,20260903,0,4272213992,ADFNE|S2|main|0|W00_C5|20260903|0,networks/S2/ADFNE/f0_W00_C5_s20260903_d00.csv
S2,0,W00_C5,ADFNE,20260903,1,2309226366,ADFNE|S2|main|0|W00_C5|20260903|1,networks/S2/ADFNE/f0_W00_C5_s20260903_d01.csv
S2,0,W00_C5,ADFNE,20260903,2,279621316,ADFNE|S2|main|0|W00_C5|20260903|2,networks/S2/ADFNE/f0_W00_C5_s20260903_d02.csv
S2,0,W00_C5,ADFNE,20260903,3,1739431506,ADFNE|S2|main|0|W00_C5|20260903|3,networks/S2/ADFNE/f0_W00_C5_s20260903_d03.csv
S2,0,W00_C5,ADFNE,20260903,4,4190702577,ADFNE|S2|main|0|W00_C5|20260903|4,networks/S2/ADFNE/f0_W00_C5_s20260903_d04.csv
S2,0,W00_C5,ADFNE,20260903,5,2395880295,ADFNE|S2|main|0|W00_C5|20260903|5,networks/S2/ADFNE/f0_W00_C5_s20260903_d05.csv
S2,0,W00_C5,ADFNE,20260903,6,398944989,ADFNE|S2|main|0|W00_C5|20260903|6,networks/S2/ADFNE/f0_W00_C5_s20260903_d06.csv
S2,0,W00_C5,ADFNE,20260903,7,1623218763,ADFNE|S2|main|0|W00_C5|20260903|7,networks/S2/ADFNE/f0_W00_C5_s20260903_d07.csv
S2,0,W00_C5,ADFNE,7,0,3884649637,ADFNE|S2|main|0|W00_C5|7|0,networks/S2/ADFNE/f0_W00_C5_s7_d00.csv
S2,0,W00_C5,ADFNE,7,1,2425109555,ADFNE|S2|main|0|W00_C5|7|1,networks/S2/ADFNE/f0_W00_C5_s7_d01.csv
S2,0,W00_C5,ADFNE,7,2,159739273,ADFNE|S2|main|0|W00_C5|7|2,networks/S2/ADFNE/f0_W00_C5_s7_d02.csv
S2,0,W00_C5,ADFNE,7,3,2122472735,ADFNE|S2|main|0|W00_C5|7|3,networks/S2/ADFNE/f0_W00_C5_s7_d03.csv
S2,0,W00_C5,ADFNE,7,4,3773221052,ADFNE|S2|main|0|W00_C5|7|4,networks/S2/ADFNE/f0_W00_C5_s7_d04.csv
S2,0,W00_C5,ADFNE,7,5,2548168746,ADFNE|S2|main|0|W00_C5|7|5,networks/S2/ADFNE/f0_W00_C5_s7_d05.csv
S2,0,W00_C5,ADFNE,7,6,250128784,ADFNE|S2|main|0|W00_C5|7|6,networks/S2/ADFNE/f0_W00_C5_s7_d06.csv
S2,0,W00_C5,ADFNE,7,7,2045745414,ADFNE|S2|main|0|W00_C5|7|7,networks/S2/ADFNE/f0_W00_C5_s7_d07.csv
S2,0,W00_C5,KDE,1337,0,2382964477,KDE|S2|main|0|W00_C5|1337|0,networks/S2/KDE/f0_W00_C5_s1337_d00.csv
S2,0,W00_C5,KDE,1337,1,4178450027,KDE|S2|main|0|W00_C5|1337|1,networks/S2/KDE/f0_W00_C5_s1337_d01.csv
S2,0,W00_C5,KDE,1337,2,1611089873,KDE|S2|main|0|W00_C5|1337|2,networks/S2/KDE/f0_W00_C5_s1337_d02.csv
S2,0,W00_C5,KDE,1337,3,385906503,KDE|S2|main|0|W00_C5|1337|3,networks/S2/KDE/f0_W00_C5_s1337_d03.csv
S2,0,W00_C5,KDE,1337,4,2305090276,KDE|S2|main|0|W00_C5|1337|4,networks/S2/KDE/f0_W00_C5_s1337_d04.csv
S2,0,W00_C5,KDE,1337,5,4267954802,KDE|S2|main|0|W00_C5|1337|5,networks/S2/KDE/f0_W00_C5_s1337_d05.csv
S2,0,W00_C5,KDE,1337,6,1735033800,KDE|S2|main|0|W00_C5|1337|6,networks/S2/KDE/f0_W00_C5_s1337_d06.csv
S2,0,W00_C5,KDE,1337,7,275624798,KDE|S2|main|0|W00_C5|1337|7,networks/S2/KDE/f0_W00_C5_s1337_d07.csv
S2,0,W00_C5,KDE,20260903,0,217235438,KDE|S2|main|0|W00_C5|20260903|0,networks/S2/KDE/f0_W00_C5_s20260903_d00.csv
S2,0,W00_C5,KDE,20260903,1,2079690616,KDE|S2|main|0|W00_C5|20260903|1,networks/S2/KDE/f0_W00_C5_s20260903_d01.csv
S2,0,W00_C5,KDE,20260903,2,3808222914,KDE|S2|main|0|W00_C5|20260903|2,networks/S2/KDE/f0_W00_C5_s20260903_d02.csv
S2,0,W00_C5,KDE,20260903,3,2516315732,KDE|S2|main|0|W00_C5|20260903|3,networks/S2/KDE/f0_W00_C5_s20260903_d03.csv
S2,0,W00_C5,KDE,20260903,4,195001335,KDE|S2|main|0|W00_C5|20260903|4,networks/S2/KDE/f0_W00_C5_s20260903_d04.csv
S2,0,W00_C5,KDE,20260903,5,2090355553,KDE|S2|main|0|W00_C5|20260903|5,networks/S2/KDE/f0_W00_C5_s20260903_d05.csv
S2,0,W00_C5,KDE,20260903,6,3851492059,KDE|S2|main|0|W00_C5|20260903|6,networks/S2/KDE/f0_W00_C5_s20260903_d06.csv
S2,0,W00_C5,KDE,20260903,7,2459314765,KDE|S2|main|0|W00_C5|20260903|7,networks/S2/KDE/f0_W00_C5_s20260903_d07.csv
S2,0,W00_C5,KDE,7,0,1609580296,KDE|S2|main|0|W00_C5|7|0,networks/S2/KDE/f0_W00_C5_s7_d00.csv
S2,0,W00_C5,KDE,7,1,687280030,KDE|S2|main|0|W00_C5|7|1,networks/S2/KDE/f0_W00_C5_s7_d01.csv
S2,0,W00_C5,KDE,7,2,2986237476,KDE|S2|main|0|W00_C5|7|2,networks/S2/KDE/f0_W00_C5_s7_d02.csv
S2,0,W00_C5,KDE,7,3,3338235570,KDE|S2|main|0|W00_C5|7|3,networks/S2/KDE/f0_W00_C5_s7_d03.csv
S2,0,W00_C5,KDE,7,4,1486748433,KDE|S2|main|0|W00_C5|7|4,networks/S2/KDE/f0_W00_C5_s7_d04.csv
S2,0,W00_C5,KDE,7,5,798673799,KDE|S2|main|0|W00_C5|7|5,networks/S2/KDE/f0_W00_C5_s7_d05.csv
S2,0,W00_C5,KDE,7,6,3063126589,KDE|S2|main|0|W00_C5|7|6,networks/S2/KDE/f0_W00_C5_s7_d06.csv
S2,0,W00_C5,KDE,7,7,3247745707,KDE|S2|main|0|W00_C5|7|7,networks/S2/KDE/f0_W00_C5_s7_d07.csv
S2,0,W00_C6,EVAE,1337,0,3112074373,EVAE|S2|geobg|0|W00_C6|1337|0,networks/S2/EVAE/f0_W00_C6_s1337_d00.csv
S2,0,W00_C6,EVAE,1337,1,3464055827,EVAE|S2|geobg|0|W00_C6|1337|1,networks/S2/EVAE/f0_W00_C6_s1337_d01.csv
S2,0,W00_C6,EVAE,1337,2,1466965417,EVAE|S2|geobg|0|W00_C6|1337|2,networks/S2/EVAE/f0_W00_C6_s1337_d02.csv
S2,0,W00_C6,EVAE,1337,3,544681279,EVAE|S2|geobg|0|W00_C6|1337|3,networks/S2/EVAE/f0_W00_C6_s1337_d03.csv
S2,0,W00_C6,EVAE,1337,4,3188963484,EVAE|S2|geobg|0|W00_C6|1337|4,networks/S2/EVAE/f0_W00_C6_s1337_d04.csv
S2,0,W00_C6,EVAE,1337,5,3373565962,EVAE|S2|geobg|0|W00_C6|1337|5,networks/S2/EVAE/f0_W00_C6_s1337_d05.csv
S2,0,W00_C6,EVAE,1337,6,1344133552,EVAE|S2|geobg|0|W00_C6|1337|6,networks/S2/EVAE/f0_W00_C6_s1337_d06.csv
S2,0,W00_C6,EVAE,1337,7,656075046,EVAE|S2|geobg|0|W00_C6|1337|7,networks/S2/EVAE/f0_W00_C6_s1337_d07.csv
S2,0,W00_C6,EVAE,20260903,0,462542533,EVAE|S2|geobg|0|W00_C6|20260903|0,networks/S2/EVAE/f0_W00_C6_s20260903_d00.csv
S2,0,W00_C6,EVAE,20260903,1,1821828691,EVAE|S2|geobg|0|W00_C6|20260903|1,networks/S2/EVAE/f0_W00_C6_s20260903_d01.csv
S2,0,W00_C6,EVAE,20260903,2,4120885225,EVAE|S2|geobg|0|W00_C6|20260903|2,networks/S2/EVAE/f0_W00_C6_s20260903_d02.csv
S2,0,W00_C6,EVAE,20260903,3,2191034239,EVAE|S2|geobg|0|W00_C6|20260903|3,networks/S2/EVAE/f0_W00_C6_s20260903_d03.csv
S2,0,W00_C6,EVAE,20260903,4,486281948,EVAE|S2|geobg|0|W00_C6|20260903|4,networks/S2/EVAE/f0_W00_C6_s20260903_d04.csv
S2,0,W00_C6,EVAE,20260903,5,1811620426,EVAE|S2|geobg|0|W00_C6|20260903|5,networks/S2/EVAE/f0_W00_C6_s20260903_d05.csv
S2,0,W00_C6,EVAE,20260903,6,4075975664,EVAE|S2|geobg|0|W00_C6|20260903|6,networks/S2/EVAE/f0_W00_C6_s20260903_d06.csv
S2,0,W00_C6,EVAE,20260903,7,2247443302,EVAE|S2|geobg|0|W00_C6|20260903|7,networks/S2/EVAE/f0_W00_C6_s20260903_d07.csv
S2,0,W00_C6,EVAE,7,0,2802213464,EVAE|S2|geobg|0|W00_C6|7|0,networks/S2/EVAE/f0_W00_C6_s7_d00.csv
S2,0,W00_C6,EVAE,7,1,3489747662,EVAE|S2|geobg|0|W00_C6|7|1,networks/S2/EVAE/f0_W00_C6_s7_d01.csv
S2,0,W00_C6,EVAE,7,2,1225261940,EVAE|S2|geobg|0|W00_C6|7|2,networks/S2/EVAE/f0_W00_C6_s7_d02.csv
S2,0,W00_C6,EVAE,7,3,1041183714,EVAE|S2|geobg|0|W00_C6|7|3,networks/S2/EVAE/f0_W00_C6_s7_d03.csv
S2,0,W00_C6,EVAE,7,4,2691409473,EVAE|S2|geobg|0|W00_C6|7|4,networks/S2/EVAE/f0_W00_C6_s7_d04.csv
S2,0,W00_C6,EVAE,7,5,3614217943,EVAE|S2|geobg|0|W00_C6|7|5,networks/S2/EVAE/f0_W00_C6_s7_d05.csv
S2,0,W00_C6,EVAE,7,6,1315293037,EVAE|S2|geobg|0|W00_C6|7|6,networks/S2/EVAE/f0_W00_C6_s7_d06.csv
S2,0,W00_C6,EVAE,7,7,962787323,EVAE|S2|geobg|0|W00_C6|7|7,networks/S2/EVAE/f0_W00_C6_s7_d07.csv
S2,0,W00_C6,ADFNE,1337,0,3801752081,ADFNE|S2|main|0|W00_C6|1337|0,networks/S2/ADFNE/f0_W00_C6_s1337_d00.csv
S2,0,W00_C6,ADFNE,1337,1,2510099079,ADFNE|S2|main|0|W00_C6|1337|1,networks/S2/ADFNE/f0_W00_C6_s1337_d01.csv
S2,0,W00_C6,ADFNE,1337,2,211043133,ADFNE|S2|main|0|W00_C6|1337|2,networks/S2/ADFNE/f0_W00_C6_s1337_d02.csv
S2,0,W00_C6,ADFNE,1337,3,2073260971,ADFNE|S2|main|0|W00_C6|1337|3,networks/S2/ADFNE/f0_W00_C6_s1337_d03.csv
S2,0,W00_C6,ADFNE,1337,4,3858228744,ADFNE|S2|main|0|W00_C6|1337|4,networks/S2/ADFNE/f0_W00_C6_s1337_d04.csv
S2,0,W00_C6,ADFNE,1337,5,2465257118,ADFNE|S2|main|0|W00_C6|1337|5,networks/S2/ADFNE/f0_W00_C6_s1337_d05.csv
S2,0,W00_C6,ADFNE,1337,6,200902436,ADFNE|S2|main|0|W00_C6|1337|6,networks/S2/ADFNE/f0_W00_C6_s1337_d06.csv
S2,0,W00_C6,ADFNE,1337,7,2097067954,ADFNE|S2|main|0|W00_C6|1337|7,networks/S2/ADFNE/f0_W00_C6_s1337_d07.csv
S2,0,W00_C6,ADFNE,20260903,0,2302287128,ADFNE|S2|main|0|W00_C6|20260903|0,networks/S2/ADFNE/f0_W00_C6_s20260903_d00.csv
S2,0,W00_C6,ADFNE,20260903,1,4265422222,ADFNE|S2|main|0|W00_C6|20260903|1,networks/S2/ADFNE/f0_W00_C6_s20260903_d01.csv
S2,0,W00_C6,ADFNE,20260903,2,1731492916,ADFNE|S2|main|0|W00_C6|20260903|2,networks/S2/ADFNE/f0_W00_C6_s20260903_d02.csv
S2,0,W00_C6,ADFNE,20260903,3,271797410,ADFNE|S2|main|0|W00_C6|20260903|3,networks/S2/ADFNE/f0_W00_C6_s20260903_d03.csv
S2,0,W00_C6,ADFNE,20260903,4,2388121857,ADFNE|S2|main|0|W00_C6|20260903|4,networks/S2/ADFNE/f0_W00_C6_s20260903_d04.csv
S2,0,W00_C6,ADFNE,20260903,5,4182829463,ADFNE|S2|main|0|W00_C6|20260903|5,networks/S2/ADFNE/f0_W00_C6_s20260903_d05.csv
S2,0,W00_C6,ADFNE,20260903,6,1616492589,ADFNE|S2|main|0|W00_C6|20260903|6,networks/S2/ADFNE/f0_W00_C6_s20260903_d06.csv
S2,0,W00_C6,ADFNE,20260903,7,392071355,ADFNE|S2|main|0|W00_C6|20260903|7,networks/S2/ADFNE/f0_W00_C6_s20260903_d07.csv
S2,0,W00_C6,ADFNE,7,0,2687202933,ADFNE|S2|main|0|W00_C6|7|0,networks/S2/ADFNE/f0_W00_C6_s7_d00.csv
S2,0,W00_C6,ADFNE,7,1,3610003171,ADFNE|S2|main|0|W00_C6|7|1,networks/S2/ADFNE/f0_W00_C6_s7_d01.csv
S2,0,W00_C6,ADFNE,7,2,1311053657,ADFNE|S2|main|0|W00_C6|7|2,networks/S2/ADFNE/f0_W00_C6_s7_d02.csv
S2,0,W00_C6,ADFNE,7,3,958539727,ADFNE|S2|main|0|W00_C6|7|3,networks/S2/ADFNE/f0_W00_C6_s7_d03.csv
S2,0,W00_C6,ADFNE,7,4,2806428268,ADFNE|S2|main|0|W00_C6|7|4,networks/S2/ADFNE/f0_W00_C6_s7_d04.csv
S2,0,W00_C6,ADFNE,7,5,3493954298,ADFNE|S2|main|0|W00_C6|7|5,networks/S2/ADFNE/f0_W00_C6_s7_d05.csv
S2,0,W00_C6,ADFNE,7,6,1229509440,ADFNE|S2|main|0|W00_C6|7|6,networks/S2/ADFNE/f0_W00_C6_s7_d06.csv
S2,0,W00_C6,ADFNE,7,7,1045423062,ADFNE|S2|main|0|W00_C6|7|7,networks/S2/ADFNE/f0_W00_C6_s7_d07.csv
S2,0,W00_C6,KDE,1337,0,8790302,KDE|S2|main|0|W00_C6|1337|0,networks/S2/KDE/f0_W00_C6_s1337_d00.csv
S2,0,W00_C6,KDE,1337,1,2004947336,KDE|S2|main|0|W00_C6|1337|1,networks/S2/KDE/f0_W00_C6_s1337_d01.csv
S2,0,W00_C6,KDE,1337,2,4001906738,KDE|S2|main|0|W00_C6|1337|2,networks/S2/KDE/f0_W00_C6_s1337_d02.csv
S2,0,W00_C6,KDE,1337,3,2576314532,KDE|S2|main|0|W00_C6|1337|3,networks/S2/KDE/f0_W00_C6_s1337_d03.csv
S2,0,W00_C6,KDE,1337,4,132900103,KDE|S2|main|0|W00_C6|1337|4,networks/S2/KDE/f0_W00_C6_s1337_d04.csv
S2,0,W00_C6,KDE,1337,5,1894569361,KDE|S2|main|0|W00_C6|1337|5,networks/S2/KDE/f0_W00_C6_s1337_d05.csv
S2,0,W00_C6,KDE,1337,6,3924132907,KDE|S2|main|0|W00_C6|1337|6,networks/S2/KDE/f0_W00_C6_s1337_d06.csv
S2,0,W00_C6,KDE,1337,7,2665657533,KDE|S2|main|0|W00_C6|1337|7,networks/S2/KDE/f0_W00_C6_s1337_d07.csv
S2,0,W00_C6,KDE,20260903,0,2070703390,KDE|S2|main|0|W00_C6|20260903|0,networks/S2/KDE/f0_W00_C6_s20260903_d00.csv
S2,0,W00_C6,KDE,20260903,1,208362888,KDE|S2|main|0|W00_C6|20260903|1,networks/S2/KDE/f0_W00_C6_s20260903_d01.csv
S2,0,W00_C6,KDE,20260903,2,2506230834,KDE|S2|main|0|W00_C6|20260903|2,networks/S2/KDE/f0_W00_C6_s20260903_d02.csv
S2,0,W00_C6,KDE,20260903,3,3798285476,KDE|S2|main|0|W00_C6|20260903|3,networks/S2/KDE/f0_W00_C6_s20260903_d03.csv
S2,0,W00_C6,KDE,20260903,4,2080483591,KDE|S2|main|0|W00_C6|20260903|4,networks/S2/KDE/f0_W00_C6_s20260903_d04.csv
S2,0,W00_C6,KDE,20260903,5,184981905,KDE|S2|main|0|W00_C6|20260903|5,networks/S2/KDE/f0_W00_C6_s20260903_d05.csv
S2,0,W00_C6,KDE,20260903,6,2450507819,KDE|S2|main|0|W00_C6|20260903|6,networks/S2/KDE/f0_W00_C6_s20260903_d06.csv
S2,0,W00_C6,KDE,20260903,7,3842570429,KDE|S2|main|0|W00_C6|20260903|7,networks/S2/KDE/f0_W00_C6_s20260903_d07.csv
S2,0,W00_C6,KDE,7,0,407913944,KDE|S2|main|0|W00_C6|7|0,networks/S2/KDE/f0_W00_C6_s7_d00.csv
S2,0,W00_C6,KDE,7,1,1868002638,KDE|S2|main|0|W00_C6|7|1,networks/S2/KDE/f0_W00_C6_s7_d01.csv
S2,0,W00_C6,KDE,7,2,4133364980,KDE|S2|main|0|W00_C6|7|2,networks/S2/KDE/f0_W00_C6_s7_d02.csv
S2,0,W00_C6,KDE,7,3,2170098786,KDE|S2|main|0|W00_C6|7|3,networks/S2/KDE/f0_W00_C6_s7_d03.csv
S2,0,W00_C6,KDE,7,4,524124609,KDE|S2|main|0|W00_C6|7|4,networks/S2/KDE/f0_W00_C6_s7_d04.csv
S2,0,W00_C6,KDE,7,5,1748676951,KDE|S2|main|0|W00_C6|7|5,networks/S2/KDE/f0_W00_C6_s7_d05.csv
S2,0,W00_C6,KDE,7,6,4046708973,KDE|S2|main|0|W00_C6|7|6,networks/S2/KDE/f0_W00_C6_s7_d06.csv
S2,0,W00_C6,KDE,7,7,2251608187,KDE|S2|main|0|W00_C6|7|7,networks/S2/KDE/f0_W00_C6_s7_d07.csv
S2,0,W00_C7,EVAE,1337,0,1976859675,EVAE|S2|geobg|0|W00_C7|1337|0,networks/S2/EVAE/f0_W00_C7_s1337_d00.csv
S2,0,W00_C7,EVAE,1337,1,47402125,EVAE|S2|geobg|0|W00_C7|1337|1,networks/S2/EVAE/f0_W00_C7_s1337_d01.csv
S2,0,W00_C7,EVAE,1337,2,2614762807,EVAE|S2|geobg|0|W00_C7|1337|2,networks/S2/EVAE/f0_W00_C7_s1337_d02.csv
S2,0,W00_C7,EVAE,1337,3,3973918113,EVAE|S2|geobg|0|W00_C7|1337|3,networks/S2/EVAE/f0_W00_C7_s1337_d03.csv
S2,0,W00_C7,EVAE,1337,4,1924773890,EVAE|S2|geobg|0|W00_C7|1337|4,networks/S2/EVAE/f0_W00_C7_s1337_d04.csv
S2,0,W00_C7,EVAE,1337,5,96372884,EVAE|S2|geobg|0|W00_C7|1337|5,networks/S2/EVAE/f0_W00_C7_s1337_d05.csv
S2,0,W00_C7,EVAE,1337,6,2629294382,EVAE|S2|geobg|0|W00_C7|1337|6,networks/S2/EVAE/f0_W00_C7_s1337_d06.csv
S2,0,W00_C7,EVAE,1337,7,3954239928,EVAE|S2|geobg|0|W00_C7|1337|7,networks/S2/EVAE/f0_W00_C7_s1337_d07.csv
S2,0,W00_C7,EVAE,20260903,0,2150931114,EVAE|S2|geobg|0|W00_C7|20260903|0,networks/S2/EVAE/f0_W00_C7_s20260903_d00.csv
S2,0,W00_C7,EVAE,20260903,1,4147358268,EVAE|S2|geobg|0|W00_C7|20260903|1,networks/S2/EVAE/f0_W00_C7_s20260903_d01.csv
S2,0,W00_C7,EVAE,20260903,2,1849359238,EVAE|S2|geobg|0|W00_C7|20260903|2,networks/S2/EVAE/f0_W00_C7_s20260903_d02.csv
S2,0,W00_C7,EVAE,20260903,3,423480080,EVAE|S2|geobg|0|W00_C7|20260903|3,networks/S2/EVAE/f0_W00_C7_s20260903_d03.csv
S2,0,W00_C7,EVAE,20260903,4,2270781107,EVAE|S2|geobg|0|W00_C7|20260903|4,networks/S2/EVAE/f0_W00_C7_s20260903_d04.csv
S2,0,W00_C7,EVAE,20260903,5,4032720421,EVAE|S2|geobg|0|W00_C7|20260903|5,networks/S2/EVAE/f0_W00_C7_s20260903_d05.csv
S2,0,W00_C7,EVAE,20260903,6,1767325599,EVAE|S2|geobg|0|W00_C7|20260903|6,networks/S2/EVAE/f0_W00_C7_s20260903_d06.csv
S2,0,W00_C7,EVAE,20260903,7,508563209,EVAE|S2|geobg|0|W00_C7|20260903|7,networks/S2/EVAE/f0_W00_C7_s20260903_d07.csv
S2,0,W00_C7,EVAE,7,0,2590395368,EVAE|S2|geobg|0|W00_C7|7|0,networks/S2/EVAE/f0_W00_C7_s7_d00.csv
S2,0,W00_C7,EVAE,7,1,3982588798,EVAE|S2|geobg|0|W00_C7|7|1,networks/S2/EVAE/f0_W00_C7_s7_d01.csv
S2,0,W00_C7,EVAE,7,2,1952983748,EVAE|S2|geobg|0|W00_C7|7|2,networks/S2/EVAE/f0_W00_C7_s7_d02.csv
S2,0,W00_C7,EVAE,7,3,57612882,EVAE|S2|geobg|0|W00_C7|7|3,networks/S2/EVAE/f0_W00_C7_s7_d03.csv
S2,0,W00_C7,EVAE,7,4,2634780657,EVAE|S2|geobg|0|W00_C7|7|4,networks/S2/EVAE/f0_W00_C7_s7_d04.csv
S2,0,W00_C7,EVAE,7,5,3926703975,EVAE|S2|geobg|0|W00_C7|7|5,networks/S2/EVAE/f0_W00_C7_s7_d05.csv
S2,0,W00_C7,EVAE,7,6,1929768669,EVAE|S2|geobg|0|W00_C7|7|6,networks/S2/EVAE/f0_W00_C7_s7_d06.csv
S2,0,W00_C7,EVAE,7,7,67296843,EVAE|S2|geobg|0|W00_C7|7|7,networks/S2/EVAE/f0_W00_C7_s7_d07.csv
S2,0,W00_C7,ADFNE,1337,0,774906511,ADFNE|S2|main|0|W00_C7|1337|0,networks/S2/ADFNE/f0_W00_C7_s1337_d00.csv
S2,0,W00_C7,ADFNE,1337,1,1496781337,ADFNE|S2|main|0|W00_C7|1337|1,networks/S2/ADFNE/f0_W00_C7_s1337_d01.csv
S2,0,W00_C7,ADFNE,1337,2,3225306019,ADFNE|S2|main|0|W00_C7|1337|2,networks/S2/ADFNE/f0_W00_C7_s1337_d02.csv
S2,0,W00_C7,ADFNE,1337,3,3073995573,ADFNE|S2|main|0|W00_C7|1337|3,networks/S2/ADFNE/f0_W00_C7_s1337_d03.csv
S2,0,W00_C7,ADFNE,1337,4,694019734,ADFNE|S2|main|0|W00_C7|1337|4,networks/S2/ADFNE/f0_W00_C7_s1337_d04.csv
S2,0,W00_C7,ADFNE,1337,5,1583011328,ADFNE|S2|main|0|W00_C7|1337|5,networks/S2/ADFNE/f0_W00_C7_s1337_d05.csv
S2,0,W00_C7,ADFNE,1337,6,3344140218,ADFNE|S2|main|0|W00_C7|1337|6,networks/S2/ADFNE/f0_W00_C7_s1337_d06.csv
S2,0,W00_C7,ADFNE,1337,7,2958341932,ADFNE|S2|main|0|W00_C7|1337|7,networks/S2/ADFNE/f0_W00_C7_s1337_d07.csv
S2,0,W00_C7,ADFNE,20260903,0,312430967,ADFNE|S2|main|0|W00_C7|20260903|0,networks/S2/ADFNE/f0_W00_C7_s20260903_d00.csv
S2,0,W00_C7,ADFNE,20260903,1,1704485345,ADFNE|S2|main|0|W00_C7|20260903|1,networks/S2/ADFNE/f0_W00_C7_s20260903_d01.csv
S2,0,W00_C7,ADFNE,20260903,2,4237373531,ADFNE|S2|main|0|W00_C7|20260903|2,networks/S2/ADFNE/f0_W00_C7_s20260903_d02.csv
S2,0,W00_C7,ADFNE,20260903,3,2341863629,ADFNE|S2|main|0|W00_C7|20260903|3,networks/S2/ADFNE/f0_W00_C7_s20260903_d03.csv
S2,0,W00_C7,ADFNE,20260903,4,368219502,ADFNE|S2|main|0|W00_C7|20260903|4,networks/S2/ADFNE/f0_W00_C7_s20260903_d04.csv
S2,0,W00_C7,ADFNE,20260903,5,1660265976,ADFNE|S2|main|0|W00_C7|20260903|5,networks/S2/ADFNE/f0_W00_C7_s20260903_d05.csv
S2,0,W00_C7,ADFNE,20260903,6,4227658818,ADFNE|S2|main|0|W00_C7|20260903|6,networks/S2/ADFNE/f0_W00_C7_s20260903_d06.csv
S2,0,W00_C7,ADFNE,20260903,7,2365310164,ADFNE|S2|main|0|W00_C7|20260903|7,networks/S2/ADFNE/f0_W00_C7_s20260903_d07.csv
S2,0,W00_C7,ADFNE,7,0,2638962629,ADFNE|S2|main|0|W00_C7|7|0,networks/S2/ADFNE/f0_W00_C7_s7_d00.csv
S2,0,W00_C7,ADFNE,7,1,3930877779,ADFNE|S2|main|0|W00_C7|7|1,networks/S2/ADFNE/f0_W00_C7_s7_d01.csv
S2,0,W00_C7,ADFNE,7,2,1933917929,ADFNE|S2|main|0|W00_C7|7|2,networks/S2/ADFNE/f0_W00_C7_s7_d02.csv
S2,0,W00_C7,ADFNE,7,3,71437951,ADFNE|S2|main|0|W00_C7|7|3,networks/S2/ADFNE/f0_W00_C7_s7_d03.csv
S2,0,W00_C7,ADFNE,7,4,2586221532,ADFNE|S2|main|0|W00_C7|7|4,networks/S2/ADFNE/f0_W00_C7_s7_d04.csv
S2,0,W00_C7,ADFNE,7,5,3978406730,ADFNE|S2|main|0|W00_C7|7|5,networks/S2/ADFNE/f0_W00_C7_s7_d05.csv
S2,0,W00_C7,ADFNE,7,6,1948842736,ADFNE|S2|main|0|W00_C7|7|6,networks/S2/ADFNE/f0_W00_C7_s7_d06.csv
S2,0,W00_C7,ADFNE,7,7,53463654,ADFNE|S2|main|0|W00_C7|7|7,networks/S2/ADFNE/f0_W00_C7_s7_d07.csv
S2,0,W00_C7,KDE,1337,0,3425444224,KDE|S2|main|0|W00_C7|1337|0,networks/S2/KDE/f0_W00_C7_s1337_d00.csv
S2,0,W00_C7,KDE,1337,1,3140161814,KDE|S2|main|0|W00_C7|1337|1,networks/S2/KDE/f0_W00_C7_s1337_d01.csv
S2,0,W00_C7,KDE,1337,2,572670124,KDE|S2|main|0|W00_C7|1337|2,networks/S2/KDE/f0_W00_C7_s1337_d02.csv
S2,0,W00_C7,KDE,1337,3,1428516922,KDE|S2|main|0|W00_C7|1337|3,networks/S2/KDE/f0_W00_C7_s1337_d03.csv
S2,0,W00_C7,KDE,1337,4,3410093465,KDE|S2|main|0|W00_C7|1337|4,networks/S2/KDE/f0_W00_C7_s1337_d04.csv
S2,0,W00_C7,KDE,1337,5,3158758671,KDE|S2|main|0|W00_C7|1337|5,networks/S2/KDE/f0_W00_C7_s1337_d05.csv
S2,0,W00_C7,KDE,1337,6,625968309,KDE|S2|main|0|W00_C7|1337|6,networks/S2/KDE/f0_W00_C7_s1337_d06.csv
S2,0,W00_C7,KDE,1337,7,1380496419,KDE|S2|main|0|W00_C7|1337|7,networks/S2/KDE/f0_W00_C7_s1337_d07.csv
S2,0,W00_C7,KDE,20260903,0,3771277681,KDE|S2|main|0|W00_C7|20260903|0,networks/S2/KDE/f0_W00_C7_s20260903_d00.csv
S2,0,W00_C7,KDE,20260903,1,2546864615,KDE|S2|main|0|W00_C7|20260903|1,networks/S2/KDE/f0_W00_C7_s20260903_d01.csv
S2,0,W00_C7,KDE,20260903,2,247939165,KDE|S2|main|0|W00_C7|20260903|2,networks/S2/KDE/f0_W00_C7_s20260903_d02.csv
S2,0,W00_C7,KDE,20260903,3,2042654923,KDE|S2|main|0|W00_C7|20260903|3,networks/S2/KDE/f0_W00_C7_s20260903_d03.csv
S2,0,W00_C7,KDE,20260903,4,3886343528,KDE|S2|main|0|W00_C7|20260903|4,networks/S2/KDE/f0_W00_C7_s20260903_d04.csv
S2,0,W00_C7,KDE,20260903,5,2426656254,KDE|S2|main|0|W00_C7|20260903|5,networks/S2/KDE/f0_W00_C7_s20260903_d05.csv
S2,0,W00_C7,KDE,20260903,6,162169924,KDE|S2|main|0|W00_C7|20260903|6,networks/S2/KDE/f0_W00_C7_s20260903_d06.csv
S2,0,W00_C7,KDE,20260903,7,2125313234,KDE|S2|main|0|W00_C7|20260903|7,networks/S2/KDE/f0_W00_C7_s20260903_d07.csv
S2,0,W00_C7,KDE,7,0,623930472,KDE|S2|main|0|W00_C7|7|0,networks/S2/KDE/f0_W00_C7_s7_d00.csv
S2,0,W00_C7,KDE,7,1,1379359998,KDE|S2|main|0|W00_C7|7|1,networks/S2/KDE/f0_W00_C7_s7_d01.csv
S2,0,W00_C7,KDE,7,2,3409841476,KDE|S2|main|0|W00_C7|7|2,networks/S2/KDE/f0_W00_C7_s7_d02.csv
S2,0,W00_C7,KDE,7,3,3157867986,KDE|S2|main|0|W00_C7|7|3,networks/S2/KDE/f0_W00_C7_s7_d03.csv
S2,0,W00_C7,KDE,7,4,576563313,KDE|S2|main|0|W00_C7|7|4,networks/S2/KDE/f0_W00_C7_s7_d04.csv
S2,0,W00_C7,KDE,7,5,1432000743,KDE|S2|main|0|W00_C7|7|5,networks/S2/KDE/f0_W00_C7_s7_d05.csv
S2,0,W00_C7,KDE,7,6,3428043101,KDE|S2|main|0|W00_C7|7|6,networks/S2/KDE/f0_W00_C7_s7_d06.csv
S2,0,W00_C7,KDE,7,7,3142908363,KDE|S2|main|0|W00_C7|7|7,networks/S2/KDE/f0_W00_C7_s7_d07.csv
S2,0,W00_C8,EVAE,1337,0,2901700279,EVAE|S2|geobg|0|W00_C8|1337|0,networks/S2/EVAE/f0_W00_C8_s1337_d00.csv
S2,0,W00_C8,EVAE,1337,1,3690159649,EVAE|S2|geobg|0|W00_C8|1337|1,networks/S2/EVAE/f0_W00_C8_s1337_d01.csv
S2,0,W00_C8,EVAE,1337,2,1123684251,EVAE|S2|geobg|0|W00_C8|1337|2,networks/S2/EVAE/f0_W00_C8_s1337_d02.csv
S2,0,W00_C8,EVAE,1337,3,905789197,EVAE|S2|geobg|0|W00_C8|1337|3,networks/S2/EVAE/f0_W00_C8_s1337_d03.csv
S2,0,W00_C8,EVAE,1337,4,2878974638,EVAE|S2|geobg|0|W00_C8|1337|4,networks/S2/EVAE/f0_W00_C8_s1337_d04.csv
S2,0,W00_C8,EVAE,1337,5,3701381688,EVAE|S2|geobg|0|W00_C8|1337|5,networks/S2/EVAE/f0_W00_C8_s1337_d05.csv
S2,0,W00_C8,EVAE,1337,6,1167575938,EVAE|S2|geobg|0|W00_C8|1337|6,networks/S2/EVAE/f0_W00_C8_s1337_d06.csv
S2,0,W00_C8,EVAE,1337,7,848362260,EVAE|S2|geobg|0|W00_C8|1337|7,networks/S2/EVAE/f0_W00_C8_s1337_d07.csv
S2,0,W00_C8,EVAE,20260903,0,4070573531,EVAE|S2|geobg|0|W00_C8|20260903|0,networks/S2/EVAE/f0_W00_C8_s20260903_d00.csv
S2,0,W00_C8,EVAE,20260903,1,2242327885,EVAE|S2|geobg|0|W00_C8|20260903|1,networks/S2/EVAE/f0_W00_C8_s20260903_d01.csv
S2,0,W00_C8,EVAE,20260903,2,481191159,EVAE|S2|geobg|0|W00_C8|20260903|2,networks/S2/EVAE/f0_W00_C8_s20260903_d02.csv
S2,0,W00_C8,EVAE,20260903,3,1806259297,EVAE|S2|geobg|0|W00_C8|20260903|3,networks/S2/EVAE/f0_W00_C8_s20260903_d03.csv
S2,0,W00_C8,EVAE,20260903,4,4123902402,EVAE|S2|geobg|0|W00_C8|20260903|4,networks/S2/EVAE/f0_W00_C8_s20260903_d04.csv
S2,0,W00_C8,EVAE,20260903,5,2194338132,EVAE|S2|geobg|0|W00_C8|20260903|5,networks/S2/EVAE/f0_W00_C8_s20260903_d05.csv
S2,0,W00_C8,EVAE,20260903,6,465805550,EVAE|S2|geobg|0|W00_C8|20260903|6,networks/S2/EVAE/f0_W00_C8_s20260903_d06.csv
S2,0,W00_C8,EVAE,20260903,7,1824821368,EVAE|S2|geobg|0|W00_C8|20260903|7,networks/S2/EVAE/f0_W00_C8_s20260903_d07.csv
S2,0,W00_C8,EVAE,7,0,406248505,EVAE|S2|geobg|0|W00_C8|7|0,networks/S2/EVAE/f0_W00_C8_s7_d00.csv
S2,0,W00_C8,EVAE,7,1,1865542831,EVAE|S2|geobg|0|W00_C8|7|1,networks/S2/EVAE/f0_W00_C8_s7_d01.csv
S2,0,W00_C8,EVAE,7,2,4130913557,EVAE|S2|geobg|0|W00_C8|7|2,networks/S2/EVAE/f0_W00_C8_s7_d02.csv
S2,0,W00_C8,EVAE,7,3,2168425859,EVAE|S2|geobg|0|W00_C8|7|3,networks/S2/EVAE/f0_W00_C8_s7_d03.csv
S2,0,W00_C8,EVAE,7,4,526063648,EVAE|S2|geobg|0|W00_C8|7|4,networks/S2/EVAE/f0_W00_C8_s7_d04.csv
S2,0,W00_C8,EVAE,7,5,1750870198,EVAE|S2|geobg|0|W00_C8|7|5,networks/S2/EVAE/f0_W00_C8_s7_d05.csv
S2,0,W00_C8,EVAE,7,6,4048910604,EVAE|S2|geobg|0|W00_C8|7|6,networks/S2/EVAE/f0_W00_C8_s7_d06.csv
S2,0,W00_C8,EVAE,7,7,2253539738,EVAE|S2|geobg|0|W00_C8|7|7,networks/S2/EVAE/f0_W00_C8_s7_d07.csv
S2,0,W00_C8,ADFNE,1337,0,4145033251,ADFNE|S2|main|0|W00_C8|1337|0,networks/S2/ADFNE/f0_W00_C8_s1337_d00.csv
S2,0,W00_C8,ADFNE,1337,1,2148991157,ADFNE|S2|main|0|W00_C8|1337|1,networks/S2/ADFNE/f0_W00_C8_s1337_d01.csv
S2,0,W00_C8,ADFNE,1337,2,421417231,ADFNE|S2|main|0|W00_C8|1337|2,networks/S2/ADFNE/f0_W00_C8_s1337_d02.csv
S2,0,W00_C8,ADFNE,1337,3,1847157145,ADFNE|S2|main|0|W00_C8|1337|3,networks/S2/ADFNE/f0_W00_C8_s1337_d03.csv
S2,0,W00_C8,ADFNE,1337,4,4034786362,ADFNE|S2|main|0|W00_C8|1337|4,networks/S2/ADFNE/f0_W00_C8_s1337_d04.csv
S2,0,W00_C8,ADFNE,1337,5,2272969900,ADFNE|S2|main|0|W00_C8|1337|5,networks/S2/ADFNE/f0_W00_C8_s1337_d05.csv
S2,0,W00_C8,ADFNE,1337,6,510891286,ADFNE|S2|main|0|W00_C8|1337|6,networks/S2/ADFNE/f0_W00_C8_s1337_d06.csv
S2,0,W00_C8,ADFNE,1337,7,1769252224,ADFNE|S2|main|0|W00_C8|1337|7,networks/S2/ADFNE/f0_W00_C8_s1337_d07.csv
S2,0,W00_C8,ADFNE,20260903,0,1611386374,ADFNE|S2|main|0|W00_C8|20260903|0,networks/S2/ADFNE/f0_W00_C8_s20260903_d00.csv
S2,0,W00_C8,ADFNE,20260903,1,386727568,ADFNE|S2|main|0|W00_C8|20260903|1,networks/S2/ADFNE/f0_W00_C8_s20260903_d01.csv
S2,0,W00_C8,ADFNE,20260903,2,2382737194,ADFNE|S2|main|0|W00_C8|20260903|2,networks/S2/ADFNE/f0_W00_C8_s20260903_d02.csv
S2,0,W00_C8,ADFNE,20260903,3,4177698748,ADFNE|S2|main|0|W00_C8|20260903|3,networks/S2/ADFNE/f0_W00_C8_s20260903_d03.csv
S2,0,W00_C8,ADFNE,20260903,4,1734740511,ADFNE|S2|main|0|W00_C8|20260903|4,networks/S2/ADFNE/f0_W00_C8_s20260903_d04.csv
S2,0,W00_C8,ADFNE,20260903,5,274807433,ADFNE|S2|main|0|W00_C8|20260903|5,networks/S2/ADFNE/f0_W00_C8_s20260903_d05.csv
S2,0,W00_C8,ADFNE,20260903,6,2305321779,ADFNE|S2|main|0|W00_C8|20260903|6,networks/S2/ADFNE/f0_W00_C8_s20260903_d06.csv
S2,0,W00_C8,ADFNE,20260903,7,4268710821,ADFNE|S2|main|0|W00_C8|20260903|7,networks/S2/ADFNE/f0_W00_C8_s20260903_d07.csv
S2,0,W00_C8,ADFNE,7,0,521914388,ADFNE|S2|main|0|W00_C8|7|0,networks/S2/ADFNE/f0_W00_C8_s7_d00.csv
S2,0,W00_C8,ADFNE,7,1,1746729090,ADFNE|S2|main|0|W00_C8|7|1,networks/S2/ADFNE/f0_W00_C8_s7_d01.csv
S2,0,W00_C8,ADFNE,7,2,4044728632,ADFNE|S2|main|0|W00_C8|7|2,networks/S2/ADFNE/f0_W00_C8_s7_d02.csv
S2,0,W00_C8,ADFNE,7,3,2249365934,ADFNE|S2|main|0|W00_C8|7|3,networks/S2/ADFNE/f0_W00_C8_s7_d03.csv
S2,0,W00_C8,ADFNE,7,4,410389517,ADFNE|S2|main|0|W00_C8|7|4,networks/S2/ADFNE/f0_W00_C8_s7_d04.csv
S2,0,W00_C8,ADFNE,7,5,1869692059,ADFNE|S2|main|0|W00_C8|7|5,networks/S2/ADFNE/f0_W00_C8_s7_d05.csv
S2,0,W00_C8,ADFNE,7,6,4135087393,ADFNE|S2|main|0|W00_C8|7|6,networks/S2/ADFNE/f0_W00_C8_s7_d06.csv
S2,0,W00_C8,ADFNE,7,7,2172607927,ADFNE|S2|main|0|W00_C8|7|7,networks/S2/ADFNE/f0_W00_C8_s7_d07.csv
S2,0,W00_C8,KDE,1337,0,353121068,KDE|S2|main|0|W00_C8|1337|0,networks/S2/KDE/f0_W00_C8_s1337_d00.csv
S2,0,W00_C8,KDE,1337,1,1644889018,KDE|S2|main|0|W00_C8|1337|1,networks/S2/KDE/f0_W00_C8_s1337_d01.csv
S2,0,W00_C8,KDE,1337,2,4211233280,KDE|S2|main|0|W00_C8|1337|2,networks/S2/KDE/f0_W00_C8_s1337_d02.csv
S2,0,W00_C8,KDE,1337,3,2349163158,KDE|S2|main|0|W00_C8|1337|3,networks/S2/KDE/f0_W00_C8_s1337_d03.csv
S2,0,W00_C8,KDE,1337,4,308410165,KDE|S2|main|0|W00_C8|1337|4,networks/S2/KDE/f0_W00_C8_s1337_d04.csv
S2,0,W00_C8,KDE,1337,5,1701234595,KDE|S2|main|0|W00_C8|1337|5,networks/S2/KDE/f0_W00_C8_s1337_d05.csv
S2,0,W00_C8,KDE,1337,6,4235171353,KDE|S2|main|0|W00_C8|1337|6,networks/S2/KDE/f0_W00_C8_s1337_d06.csv
S2,0,W00_C8,KDE,1337,7,2338891407,KDE|S2|main|0|W00_C8|1337|7,networks/S2/KDE/f0_W00_C8_s1337_d07.csv
S2,0,W00_C8,KDE,20260903,0,2455617024,KDE|S2|main|0|W00_C8|20260903|0,networks/S2/KDE/f0_W00_C8_s20260903_d00.csv
S2,0,W00_C8,KDE,20260903,1,3847917206,KDE|S2|main|0|W00_C8|20260903|1,networks/S2/KDE/f0_W00_C8_s20260903_d01.csv
S2,0,W00_C8,KDE,20260903,2,2085871404,KDE|S2|main|0|W00_C8|20260903|2,networks/S2/KDE/f0_W00_C8_s20260903_d02.csv
S2,0,W00_C8,KDE,20260903,3,190115770,KDE|S2|main|0|W00_C8|20260903|3,networks/S2/KDE/f0_W00_C8_s20260903_d03.csv
S2,0,W00_C8,KDE,20260903,4,2502982169,KDE|S2|main|0|W00_C8|20260903|4,networks/S2/KDE/f0_W00_C8_s20260903_d04.csv
S2,0,W00_C8,KDE,20260903,5,3795274383,KDE|S2|main|0|W00_C8|20260903|5,networks/S2/KDE/f0_W00_C8_s20260903_d05.csv
S2,0,W00_C8,KDE,20260903,6,2067667765,KDE|S2|main|0|W00_C8|20260903|6,networks/S2/KDE/f0_W00_C8_s20260903_d06.csv
S2,0,W00_C8,KDE,20260903,7,205073315,KDE|S2|main|0|W00_C8|20260903|7,networks/S2/KDE/f0_W00_C8_s20260903_d07.csv
S2,0,W00_C8,KDE,7,0,2808150969,KDE|S2|main|0|W00_C8|7|0,networks/S2/KDE/f0_W00_C8_s7_d00.csv
S2,0,W00_C8,KDE,7,1,3496463151,KDE|S2|main|0|W00_C8|7|1,networks/S2/KDE/f0_W00_C8_s7_d01.csv
S2,0,W00_C8,KDE,7,2,1231985301,KDE|S2|main|0|W00_C8|7|2,networks/S2/KDE/f0_W00_C8_s7_d02.csv
S2,0,W00_C8,KDE,7,3,1047112195,KDE|S2|main|0|W00_C8|7|3,networks/S2/KDE/f0_W00_C8_s7_d03.csv
S2,0,W00_C8,KDE,7,4,2685222816,KDE|S2|main|0|W00_C8|7|4,networks/S2/KDE/f0_W00_C8_s7_d04.csv
S2,0,W00_C8,KDE,7,5,3607760694,KDE|S2|main|0|W00_C8|7|5,networks/S2/KDE/f0_W00_C8_s7_d05.csv
S2,0,W00_C8,KDE,7,6,1308843660,KDE|S2|main|0|W00_C8|7|6,networks/S2/KDE/f0_W00_C8_s7_d06.csv
S2,0,W00_C8,KDE,7,7,956591642,KDE|S2|main|0|W00_C8|7|7,networks/S2/KDE/f0_W00_C8_s7_d07.csv
S2,1,W01_C1,EVAE,1337,0,3419304372,EVAE|S2|geobg|1|W01_C1|1337|0,networks/S2/EVAE/f1_W01_C1_s1337_d00.csv
S2,1,W01_C1,EVAE,1337,1,3167306018,EVAE|S2|geobg|1|W01_C1|1337|1,networks/S2/EVAE/f1_W01_C1_s1337_d01.csv
S2,1,W01_C1,EVAE,1337,2,633344152,EVAE|S2|geobg|1|W01_C1|1337|2,networks/S2/EVAE/f1_W01_C1_s1337_d02.csv
S2,1,W01_C1,EVAE,1337,3,1388781582,EVAE|S2|geobg|1|W01_C1|1337|3,networks/S2/EVAE/f1_W01_C1_s1337_d03.csv
S2,1,W01_C1,EVAE,1337,4,3433280941,EVAE|S2|geobg|1|W01_C1|1337|4,networks/S2/EVAE/f1_W01_C1_s1337_d04.csv
S2,1,W01_C1,EVAE,1337,5,3148121403,EVAE|S2|geobg|1|W01_C1|1337|5,networks/S2/EVAE/f1_W01_C1_s1337_d05.csv
S2,1,W01_C1,EVAE,1337,6,581817473,EVAE|S2|geobg|1|W01_C1|1337|6,networks/S2/EVAE/f1_W01_C1_s1337_d06.csv
S2,1,W01_C1,EVAE,1337,7,1437262871,EVAE|S2|geobg|1|W01_C1|1337|7,networks/S2/EVAE/f1_W01_C1_s1337_d07.csv
S2,1,W01_C1,EVAE,20260903,0,17851642,EVAE|S2|geobg|1|W01_C1|20260903|0,networks/S2/EVAE/f1_W01_C1_s20260903_d00.csv
S2,1,W01_C1,EVAE,20260903,1,1981240428,EVAE|S2|geobg|1|W01_C1|20260903|1,networks/S2/EVAE/f1_W01_C1_s20260903_d01.csv
S2,1,W01_C1,EVAE,20260903,2,4011722198,EVAE|S2|geobg|1|W01_C1|20260903|2,networks/S2/EVAE/f1_W01_C1_s20260903_d02.csv
S2,1,W01_C1,EVAE,20260903,3,2551788864,EVAE|S2|geobg|1|W01_C1|20260903|3,networks/S2/EVAE/f1_W01_C1_s20260903_d03.csv
S2,1,W01_C1,EVAE,20260903,4,108896483,EVAE|S2|geobg|1|W01_C1|20260903|4,networks/S2/EVAE/f1_W01_C1_s20260903_d04.csv
S2,1,W01_C1,EVAE,20260903,5,1903857781,EVAE|S2|geobg|1|W01_C1|20260903|5,networks/S2/EVAE/f1_W01_C1_s20260903_d05.csv
S2,1,W01_C1,EVAE,20260903,6,3899900367,EVAE|S2|geobg|1|W01_C1|20260903|6,networks/S2/EVAE/f1_W01_C1_s20260903_d06.csv
S2,1,W01_C1,EVAE,20260903,7,2675241305,EVAE|S2|geobg|1|W01_C1|20260903|7,networks/S2/EVAE/f1_W01_C1_s20260903_d07.csv
S2,1,W01_C1,EVAE,7,0,1110045369,EVAE|S2|geobg|1|W01_C1|7|0,networks/S2/EVAE/f1_W01_C1_s7_d00.csv
S2,1,W01_C1,EVAE,7,1,892256815,EVAE|S2|geobg|1|W01_C1|7|1,networks/S2/EVAE/f1_W01_C1_s7_d01.csv
S2,1,W01_C1,EVAE,7,2,2888274837,EVAE|S2|geobg|1|W01_C1|7|2,networks/S2/EVAE/f1_W01_C1_s7_d02.csv
S2,1,W01_C1,EVAE,7,3,3676349187,EVAE|S2|geobg|1|W01_C1|7|3,networks/S2/EVAE/f1_W01_C1_s7_d03.csv
S2,1,W01_C1,EVAE,7,4,1162098336,EVAE|S2|geobg|1|W01_C1|7|4,networks/S2/EVAE/f1_W01_C1_s7_d04.csv
S2,1,W01_C1,EVAE,7,5,843253302,EVAE|S2|geobg|1|W01_C1|7|5,networks/S2/EVAE/f1_W01_C1_s7_d05.csv
S2,1,W01_C1,EVAE,7,6,2873776012,EVAE|S2|geobg|1|W01_C1|7|6,networks/S2/EVAE/f1_W01_C1_s7_d06.csv
S2,1,W01_C1,EVAE,7,7,3696060186,EVAE|S2|geobg|1|W01_C1|7|7,networks/S2/EVAE/f1_W01_C1_s7_d07.csv
S2,1,W01_C1,ADFNE,1337,0,2418683680,ADFNE|S2|main|1|W01_C1|1337|0,networks/S2/ADFNE/f1_W01_C1_s1337_d00.csv
S2,1,W01_C1,ADFNE,1337,1,3878494134,ADFNE|S2|main|1|W01_C1|1337|1,networks/S2/ADFNE/f1_W01_C1_s1337_d01.csv
S2,1,W01_C1,ADFNE,1337,2,2116308492,ADFNE|S2|main|1|W01_C1|1337|2,networks/S2/ADFNE/f1_W01_C1_s1337_d02.csv
S2,1,W01_C1,ADFNE,1337,3,153321114,ADFNE|S2|main|1|W01_C1|1337|3,networks/S2/ADFNE/f1_W01_C1_s1337_d03.csv
S2,1,W01_C1,ADFNE,1337,4,2538072889,ADFNE|S2|main|1|W01_C1|1337|4,networks/S2/ADFNE/f1_W01_C1_s1337_d04.csv
S2,1,W01_C1,ADFNE,1337,5,3762346927,ADFNE|S2|main|1|W01_C1|1337|5,networks/S2/ADFNE/f1_W01_C1_s1337_d05.csv
S2,1,W01_C1,ADFNE,1337,6,2034862613,ADFNE|S2|main|1|W01_C1|1337|6,networks/S2/ADFNE/f1_W01_C1_s1337_d06.csv
S2,1,W01_C1,ADFNE,1337,7,240040579,ADFNE|S2|main|1|W01_C1|1337|7,networks/S2/ADFNE/f1_W01_C1_s1337_d07.csv
S2,1,W01_C1,ADFNE,20260903,0,2478550823,ADFNE|S2|main|1|W01_C1|20260903|0,networks/S2/ADFNE/f1_W01_C1_s20260903_d00.csv
S2,1,W01_C1,ADFNE,20260903,1,3837566897,ADFNE|S2|main|1|W01_C1|20260903|1,networks/S2/ADFNE/f1_W01_C1_s20260903_d01.csv
S2,1,W01_C1,ADFNE,20260903,2,2109066763,ADFNE|S2|main|1|W01_C1|20260903|2,networks/S2/ADFNE/f1_W01_C1_s20260903_d02.csv
S2,1,W01_C1,ADFNE,20260903,3,179502749,ADFNE|S2|main|1|W01_C1|20260903|3,networks/S2/ADFNE/f1_W01_C1_s20260903_d03.csv
S2,1,W01_C1,ADFNE,20260903,4,2497080126,ADFNE|S2|main|1|W01_C1|20260903|4,networks/S2/ADFNE/f1_W01_C1_s20260903_d04.csv
S2,1,W01_C1,ADFNE,20260903,5,3822148520,ADFNE|S2|main|1|W01_C1|20260903|5,networks/S2/ADFNE/f1_W01_C1_s20260903_d05.csv
S2,1,W01_C1,ADFNE,20260903,6,2060978706,ADFNE|S2|main|1|W01_C1|20260903|6,networks/S2/ADFNE/f1_W01_C1_s20260903_d06.csv
S2,1,W01_C1,ADFNE,20260903,7,232733316,ADFNE|S2|main|1|W01_C1|20260903|7,networks/S2/ADFNE/f1_W01_C1_s20260903_d07.csv
S2,1,W01_C1,ADFNE,7,0,1157949076,ADFNE|S2|main|1|W01_C1|7|0,networks/S2/ADFNE/f1_W01_C1_s7_d00.csv
S2,1,W01_C1,ADFNE,7,1,839112194,ADFNE|S2|main|1|W01_C1|7|1,networks/S2/ADFNE/f1_W01_C1_s7_d01.csv
S2,1,W01_C1,ADFNE,7,2,2869594040,ADFNE|S2|main|1|W01_C1|7|2,networks/S2/ADFNE/f1_W01_C1_s7_d02.csv
S2,1,W01_C1,ADFNE,7,3,3691886382,ADFNE|S2|main|1|W01_C1|7|3,networks/S2/ADFNE/f1_W01_C1_s7_d03.csv
S2,1,W01_C1,ADFNE,7,4,1114186381,ADFNE|S2|main|1|W01_C1|7|4,networks/S2/ADFNE/f1_W01_C1_s7_d04.csv
S2,1,W01_C1,ADFNE,7,5,896406043,ADFNE|S2|main|1|W01_C1|7|5,networks/S2/ADFNE/f1_W01_C1_s7_d05.csv
S2,1,W01_C1,ADFNE,7,6,2892448673,ADFNE|S2|main|1|W01_C1|7|6,networks/S2/ADFNE/f1_W01_C1_s7_d06.csv
S2,1,W01_C1,ADFNE,7,7,3680531255,ADFNE|S2|main|1|W01_C1|7|7,networks/S2/ADFNE/f1_W01_C1_s7_d07.csv
S2,1,W01_C1,KDE,1337,0,1916152879,KDE|S2|main|1|W01_C1|1337|0,networks/S2/KDE/f1_W01_C1_s1337_d00.csv
S2,1,W01_C1,KDE,1337,1,87104697,KDE|S2|main|1|W01_C1|1337|1,networks/S2/KDE/f1_W01_C1_s1337_d01.csv
S2,1,W01_C1,KDE,1337,2,2620935427,KDE|S2|main|1|W01_C1|1337|2,networks/S2/KDE/f1_W01_C1_s1337_d02.csv
S2,1,W01_C1,KDE,1337,3,3946806677,KDE|S2|main|1|W01_C1|1337|3,networks/S2/KDE/f1_W01_C1_s1337_d03.csv
S2,1,W01_C1,KDE,1337,4,1968957494,KDE|S2|main|1|W01_C1|1337|4,networks/S2/KDE/f1_W01_C1_s1337_d04.csv
S2,1,W01_C1,KDE,1337,5,39639200,KDE|S2|main|1|W01_C1|1337|5,networks/S2/KDE/f1_W01_C1_s1337_d05.csv
S2,1,W01_C1,KDE,1337,6,2606074138,KDE|S2|main|1|W01_C1|1337|6,networks/S2/KDE/f1_W01_C1_s1337_d06.csv
S2,1,W01_C1,KDE,1337,7,3964844428,KDE|S2|main|1|W01_C1|1337|7,networks/S2/KDE/f1_W01_C1_s1337_d07.csv
S2,1,W01_C1,KDE,20260903,0,1642979105,KDE|S2|main|1|W01_C1|20260903|0,networks/S2/KDE/f1_W01_C1_s20260903_d00.csv
S2,1,W01_C1,KDE,20260903,1,384495543,KDE|S2|main|1|W01_C1|20260903|1,networks/S2/KDE/f1_W01_C1_s20260903_d01.csv
S2,1,W01_C1,KDE,20260903,2,2414067213,KDE|S2|main|1|W01_C1|20260903|2,networks/S2/KDE/f1_W01_C1_s20260903_d02.csv
S2,1,W01_C1,KDE,20260903,3,4175728283,KDE|S2|main|1|W01_C1|20260903|3,networks/S2/KDE/f1_W01_C1_s20260903_d03.csv
S2,1,W01_C1,KDE,20260903,4,1719671608,KDE|S2|main|1|W01_C1|20260903|4,networks/S2/KDE/f1_W01_C1_s20260903_d04.csv
S2,1,W01_C1,KDE,20260903,5,294071214,KDE|S2|main|1|W01_C1|20260903|5,networks/S2/KDE/f1_W01_C1_s20260903_d05.csv
S2,1,W01_C1,KDE,20260903,6,2291038740,KDE|S2|main|1|W01_C1|20260903|6,networks/S2/KDE/f1_W01_C1_s20260903_d06.csv
S2,1,W01_C1,KDE,20260903,7,4287187586,KDE|S2|main|1|W01_C1|20260903|7,networks/S2/KDE/f1_W01_C1_s20260903_d07.csv
S2,1,W01_C1,KDE,7,0,4253013305,KDE|S2|main|1|W01_C1|7|0,networks/S2/KDE/f1_W01_C1_s7_d00.csv
S2,1,W01_C1,KDE,7,1,2323178927,KDE|S2|main|1|W01_C1|7|1,networks/S2/KDE/f1_W01_C1_s7_d01.csv
S2,1,W01_C1,KDE,7,2,326218773,KDE|S2|main|1|W01_C1|7|2,networks/S2/KDE/f1_W01_C1_s7_d02.csv
S2,1,W01_C1,KDE,7,3,1685488771,KDE|S2|main|1|W01_C1|7|3,networks/S2/KDE/f1_W01_C1_s7_d03.csv
S2,1,W01_C1,KDE,7,4,4195488032,KDE|S2|main|1|W01_C1|7|4,networks/S2/KDE/f1_W01_C1_s7_d04.csv
S2,1,W01_C1,KDE,7,5,2366972342,KDE|S2|main|1|W01_C1|7|5,networks/S2/KDE/f1_W01_C1_s7_d05.csv
S2,1,W01_C1,KDE,7,6,337408012,KDE|S2|main|1|W01_C1|7|6,networks/S2/KDE/f1_W01_C1_s7_d06.csv
S2,1,W01_C1,KDE,7,7,1662730394,KDE|S2|main|1|W01_C1|7|7,networks/S2/KDE/f1_W01_C1_s7_d07.csv
S2,1,W01_C2,EVAE,1337,0,1161918039,EVAE|S2|geobg|1|W01_C2|1337|0,networks/S2/EVAE/f1_W01_C2_s1337_d00.csv
S2,1,W01_C2,EVAE,1337,1,843466433,EVAE|S2|geobg|1|W01_C2|1337|1,networks/S2/EVAE/f1_W01_C2_s1337_d01.csv
S2,1,W01_C2,EVAE,1337,2,2874087291,EVAE|S2|geobg|1|W01_C2|1337|2,networks/S2/EVAE/f1_W01_C2_s1337_d02.csv
S2,1,W01_C2,EVAE,1337,3,3695716333,EVAE|S2|geobg|1|W01_C2|1337|3,networks/S2/EVAE/f1_W01_C2_s1337_d03.csv
S2,1,W01_C2,EVAE,1337,4,1110225486,EVAE|S2|geobg|1|W01_C2|1337|4,networks/S2/EVAE/f1_W01_C2_s1337_d04.csv
S2,1,W01_C2,EVAE,1337,5,892043992,EVAE|S2|geobg|1|W01_C2|1337|5,networks/S2/EVAE/f1_W01_C2_s1337_d05.csv
S2,1,W01_C2,EVAE,1337,6,2887963490,EVAE|S2|geobg|1|W01_C2|1337|6,networks/S2/EVAE/f1_W01_C2_s1337_d06.csv
S2,1,W01_C2,EVAE,1337,7,3676693492,EVAE|S2|geobg|1|W01_C2|1337|7,networks/S2/EVAE/f1_W01_C2_s1337_d07.csv
S2,1,W01_C2,EVAE,20260903,0,1989064202,EVAE|S2|geobg|1|W01_C2|20260903|0,networks/S2/EVAE/f1_W01_C2_s20260903_d00.csv
S2,1,W01_C2,EVAE,20260903,1,25790108,EVAE|S2|geobg|1|W01_C2|20260903|1,networks/S2/EVAE/f1_W01_C2_s20260903_d01.csv
S2,1,W01_C2,EVAE,20260903,2,2558580518,EVAE|S2|geobg|1|W01_C2|20260903|2,networks/S2/EVAE/f1_W01_C2_s20260903_d02.csv
S2,1,W01_C2,EVAE,20260903,3,4018661296,EVAE|S2|geobg|1|W01_C2|20260903|3,networks/S2/EVAE/f1_W01_C2_s20260903_d03.csv
S2,1,W01_C2,EVAE,20260903,4,1910731283,EVAE|S2|geobg|1|W01_C2|20260903|4,networks/S2/EVAE/f1_W01_C2_s20260903_d04.csv
S2,1,W01_C2,EVAE,20260903,5,115622533,EVAE|S2|geobg|1|W01_C2|20260903|5,networks/S2/EVAE/f1_W01_C2_s20260903_d05.csv
S2,1,W01_C2,EVAE,20260903,6,2683114303,EVAE|S2|geobg|1|W01_C2|20260903|6,networks/S2/EVAE/f1_W01_C2_s20260903_d06.csv
S2,1,W01_C2,EVAE,20260903,7,3907658665,EVAE|S2|geobg|1|W01_C2|20260903|7,networks/S2/EVAE/f1_W01_C2_s20260903_d07.csv
S2,1,W01_C2,EVAE,7,0,92899433,EVAE|S2|geobg|1|W01_C2|7|0,networks/S2/EVAE/f1_W01_C2_s7_d00.csv
S2,1,W01_C2,EVAE,7,1,1921956095,EVAE|S2|geobg|1|W01_C2|7|1,networks/S2/EVAE/f1_W01_C2_s7_d01.csv
S2,1,W01_C2,EVAE,7,2,3951552837,EVAE|S2|geobg|1|W01_C2|7|2,networks/S2/EVAE/f1_W01_C2_s7_d02.csv
S2,1,W01_C2,EVAE,7,3,2625690067,EVAE|S2|geobg|1|W01_C2|7|3,networks/S2/EVAE/f1_W01_C2_s7_d03.csv
S2,1,W01_C2,EVAE,7,4,48516208,EVAE|S2|geobg|1|W01_C2|7|4,networks/S2/EVAE/f1_W01_C2_s7_d04.csv
S2,1,W01_C2,EVAE,7,5,1977842918,EVAE|S2|geobg|1|W01_C2|7|5,networks/S2/EVAE/f1_W01_C2_s7_d05.csv
S2,1,W01_C2,EVAE,7,6,3974770012,EVAE|S2|geobg|1|W01_C2|7|6,networks/S2/EVAE/f1_W01_C2_s7_d06.csv
S2,1,W01_C2,EVAE,7,7,2616008138,EVAE|S2|geobg|1|W01_C2|7|7,networks/S2/EVAE/f1_W01_C2_s7_d07.csv
S2,1,W01_C2,ADFNE,1337,0,514140355,ADFNE|S2|main|1|W01_C2|1337|0,networks/S2/ADFNE/f1_W01_C2_s1337_d00.csv
S2,1,W01_C2,ADFNE,1337,1,1772230741,ADFNE|S2|main|1|W01_C2|1337|1,networks/S2/ADFNE/f1_W01_C2_s1337_d01.csv
S2,1,W01_C2,ADFNE,1337,2,4037757423,ADFNE|S2|main|1|W01_C2|1337|2,networks/S2/ADFNE/f1_W01_C2_s1337_d02.csv
S2,1,W01_C2,ADFNE,1337,3,2276227449,ADFNE|S2|main|1|W01_C2|1337|3,networks/S2/ADFNE/f1_W01_C2_s1337_d03.csv
S2,1,W01_C2,ADFNE,1337,4,432598234,ADFNE|S2|main|1|W01_C2|1337|4,networks/S2/ADFNE/f1_W01_C2_s1337_d04.csv
S2,1,W01_C2,ADFNE,1337,5,1859116108,ADFNE|S2|main|1|W01_C2|1337|5,networks/S2/ADFNE/f1_W01_C2_s1337_d05.csv
S2,1,W01_C2,ADFNE,1337,6,4156984822,ADFNE|S2|main|1|W01_C2|1337|6,networks/S2/ADFNE/f1_W01_C2_s1337_d06.csv
S2,1,W01_C2,ADFNE,1337,7,2160180576,ADFNE|S2|main|1|W01_C2|1337|7,networks/S2/ADFNE/f1_W01_C2_s1337_d07.csv
S2,1,W01_C2,ADFNE,20260903,0,3827662295,ADFNE|S2|main|1|W01_C2|20260903|0,networks/S2/ADFNE/f1_W01_C2_s20260903_d00.csv
S2,1,W01_C2,ADFNE,20260903,1,2468498753,ADFNE|S2|main|1|W01_C2|20260903|1,networks/S2/ADFNE/f1_W01_C2_s20260903_d01.csv
S2,1,W01_C2,ADFNE,20260903,2,170597627,ADFNE|S2|main|1|W01_C2|20260903|2,networks/S2/ADFNE/f1_W01_C2_s20260903_d02.csv
S2,1,W01_C2,ADFNE,20260903,3,2100046957,ADFNE|S2|main|1|W01_C2|20260903|3,networks/S2/ADFNE/f1_W01_C2_s20260903_d03.csv
S2,1,W01_C2,ADFNE,20260903,4,3813194190,ADFNE|S2|main|1|W01_C2|20260903|4,networks/S2/ADFNE/f1_W01_C2_s20260903_d04.csv
S2,1,W01_C2,ADFNE,20260903,5,2488240472,ADFNE|S2|main|1|W01_C2|20260903|5,networks/S2/ADFNE/f1_W01_C2_s20260903_d05.csv
S2,1,W01_C2,ADFNE,20260903,6,222746850,ADFNE|S2|main|1|W01_C2|20260903|6,networks/S2/ADFNE/f1_W01_C2_s20260903_d06.csv
S2,1,W01_C2,ADFNE,20260903,7,2051139700,ADFNE|S2|main|1|W01_C2|20260903|7,networks/S2/ADFNE/f1_W01_C2_s20260903_d07.csv
S2,1,W01_C2,ADFNE,7,0,44342340,ADFNE|S2|main|1|W01_C2|7|0,networks/S2/ADFNE/f1_W01_C2_s7_d00.csv
S2,1,W01_C2,ADFNE,7,1,1973660882,ADFNE|S2|main|1|W01_C2|7|1,networks/S2/ADFNE/f1_W01_C2_s7_d01.csv
S2,1,W01_C2,ADFNE,7,2,3970628968,ADFNE|S2|main|1|W01_C2|7|2,networks/S2/ADFNE/f1_W01_C2_s7_d02.csv
S2,1,W01_C2,ADFNE,7,3,2611858942,ADFNE|S2|main|1|W01_C2|7|3,networks/S2/ADFNE/f1_W01_C2_s7_d03.csv
S2,1,W01_C2,ADFNE,7,4,97081437,ADFNE|S2|main|1|W01_C2|7|4,networks/S2/ADFNE/f1_W01_C2_s7_d04.csv
S2,1,W01_C2,ADFNE,7,5,1926129867,ADFNE|S2|main|1|W01_C2|7|5,networks/S2/ADFNE/f1_W01_C2_s7_d05.csv
S2,1,W01_C2,ADFNE,7,6,3955702129,ADFNE|S2|main|1|W01_C2|7|6,networks/S2/ADFNE/f1_W01_C2_s7_d06.csv
S2,1,W01_C2,ADFNE,7,7,2629831143,ADFNE|S2|main|1|W01_C2|7|7,networks/S2/ADFNE/f1_W01_C2_s7_d07.csv
S2,1,W01_C2,KDE,1337,0,4239993804,KDE|S2|main|1|W01_C2|1337|0,networks/S2/KDE/f1_W01_C2_s1337_d00.csv
S2,1,W01_C2,KDE,1337,1,2344491866,KDE|S2|main|1|W01_C2|1337|1,networks/S2/KDE/f1_W01_C2_s1337_d01.csv
S2,1,W01_C2,KDE,1337,2,314002144,KDE|S2|main|1|W01_C2|1337|2,networks/S2/KDE/f1_W01_C2_s1337_d02.csv
S2,1,W01_C2,KDE,1337,3,1706064502,KDE|S2|main|1|W01_C2|1337|3,networks/S2/KDE/f1_W01_C2_s1337_d03.csv
S2,1,W01_C2,KDE,1337,4,4225036245,KDE|S2|main|1|W01_C2|1337|4,networks/S2/KDE/f1_W01_C2_s1337_d04.csv
S2,1,W01_C2,KDE,1337,5,2362695491,KDE|S2|main|1|W01_C2|1337|5,networks/S2/KDE/f1_W01_C2_s1337_d05.csv
S2,1,W01_C2,KDE,1337,6,366644985,KDE|S2|main|1|W01_C2|1337|6,networks/S2/KDE/f1_W01_C2_s1337_d06.csv
S2,1,W01_C2,KDE,1337,7,1658699375,KDE|S2|main|1|W01_C2|1337|7,networks/S2/KDE/f1_W01_C2_s1337_d07.csv
S2,1,W01_C2,KDE,20260903,0,376638929,KDE|S2|main|1|W01_C2|20260903|0,networks/S2/KDE/f1_W01_C2_s20260903_d00.csv
S2,1,W01_C2,KDE,20260903,1,1635007815,KDE|S2|main|1|W01_C2|20260903|1,networks/S2/KDE/f1_W01_C2_s20260903_d01.csv
S2,1,W01_C2,KDE,20260903,2,4168969469,KDE|S2|main|1|W01_C2|20260903|2,networks/S2/KDE/f1_W01_C2_s20260903_d02.csv
S2,1,W01_C2,KDE,20260903,3,2407160939,KDE|S2|main|1|W01_C2|20260903|3,networks/S2/KDE/f1_W01_C2_s20260903_d03.csv
S2,1,W01_C2,KDE,20260903,4,287230408,KDE|S2|main|1|W01_C2|20260903|4,networks/S2/KDE/f1_W01_C2_s20260903_d04.csv
S2,1,W01_C2,KDE,20260903,5,1712978270,KDE|S2|main|1|W01_C2|20260903|5,networks/S2/KDE/f1_W01_C2_s20260903_d05.csv
S2,1,W01_C2,KDE,20260903,6,4279281892,KDE|S2|main|1|W01_C2|20260903|6,networks/S2/KDE/f1_W01_C2_s20260903_d06.csv
S2,1,W01_C2,KDE,20260903,7,2283247730,KDE|S2|main|1|W01_C2|20260903|7,networks/S2/KDE/f1_W01_C2_s20260903_d07.csv
S2,1,W01_C2,KDE,7,0,3135221737,KDE|S2|main|1|W01_C2|7|0,networks/S2/KDE/f1_W01_C2_s7_d00.csv
S2,1,W01_C2,KDE,7,1,3453525887,KDE|S2|main|1|W01_C2|7|1,networks/S2/KDE/f1_W01_C2_s7_d01.csv
S2,1,W01_C2,KDE,7,2,1423036101,KDE|S2|main|1|W01_C2|7|2,networks/S2/KDE/f1_W01_C2_s7_d02.csv
S2,1,W01_C2,KDE,7,3,601292371,KDE|S2|main|1|W01_C2|7|3,networks/S2/KDE/f1_W01_C2_s7_d03.csv
S2,1,W01_C2,KDE,7,4,3182586864,KDE|S2|main|1|W01_C2|7|4,networks/S2/KDE/f1_W01_C2_s7_d04.csv
S2,1,W01_C2,KDE,7,5,3400883046,KDE|S2|main|1|W01_C2|7|5,networks/S2/KDE/f1_W01_C2_s7_d05.csv
S2,1,W01_C2,KDE,7,6,1404832476,KDE|S2|main|1|W01_C2|7|6,networks/S2/KDE/f1_W01_C2_s7_d06.csv
S2,1,W01_C2,KDE,7,7,616249930,KDE|S2|main|1|W01_C2|7|7,networks/S2/KDE/f1_W01_C2_s7_d07.csv
S2,1,W01_C3,EVAE,1337,0,2313909961,EVAE|S2|geobg|1|W01_C3|1337|0,networks/S2/EVAE/f1_W01_C3_s1337_d00.csv
S2,1,W01_C3,EVAE,1337,1,4276897375,EVAE|S2|geobg|1|W01_C3|1337|1,networks/S2/EVAE/f1_W01_C3_s1337_d01.csv
S2,1,W01_C3,EVAE,1337,2,1743067109,EVAE|S2|geobg|1|W01_C3|1337|2,networks/S2/EVAE/f1_W01_C3_s1337_d02.csv
S2,1,W01_C3,EVAE,1337,3,283256691,EVAE|S2|geobg|1|W01_C3|1337|3,networks/S2/EVAE/f1_W01_C3_s1337_d03.csv
S2,1,W01_C3,EVAE,1337,4,2391192272,EVAE|S2|geobg|1|W01_C3|1337|4,networks/S2/EVAE/f1_W01_C3_s1337_d04.csv
S2,1,W01_C3,EVAE,1337,5,4186014278,EVAE|S2|geobg|1|W01_C3|1337|5,networks/S2/EVAE/f1_W01_C3_s1337_d05.csv
S2,1,W01_C3,EVAE,1337,6,1619579900,EVAE|S2|geobg|1|W01_C3|1337|6,networks/S2/EVAE/f1_W01_C3_s1337_d06.csv
S2,1,W01_C3,EVAE,1337,7,395305834,EVAE|S2|geobg|1|W01_C3|1337|7,networks/S2/EVAE/f1_W01_C3_s1337_d07.csv
S2,1,W01_C3,EVAE,20260903,0,3979082341,EVAE|S2|geobg|1|W01_C3|20260903|0,networks/S2/EVAE/f1_W01_C3_s20260903_d00.csv
S2,1,W01_C3,EVAE,20260903,1,2586626803,EVAE|S2|geobg|1|W01_C3|20260903|1,networks/S2/EVAE/f1_W01_C3_s20260903_d01.csv
S2,1,W01_C3,EVAE,20260903,2,52796233,EVAE|S2|geobg|1|W01_C3|20260903|2,networks/S2/EVAE/f1_W01_C3_s20260903_d02.csv
S2,1,W01_C3,EVAE,20260903,3,1948429279,EVAE|S2|geobg|1|W01_C3|20260903|3,networks/S2/EVAE/f1_W01_C3_s20260903_d03.csv
S2,1,W01_C3,EVAE,20260903,4,3930472060,EVAE|S2|geobg|1|W01_C3|20260903|4,networks/S2/EVAE/f1_W01_C3_s20260903_d04.csv
S2,1,W01_C3,EVAE,20260903,5,2638286570,EVAE|S2|geobg|1|W01_C3|20260903|5,networks/S2/EVAE/f1_W01_C3_s20260903_d05.csv
S2,1,W01_C3,EVAE,20260903,6,71851856,EVAE|S2|geobg|1|W01_C3|20260903|6,networks/S2/EVAE/f1_W01_C3_s20260903_d06.csv
S2,1,W01_C3,EVAE,20260903,7,1934585798,EVAE|S2|geobg|1|W01_C3|20260903|7,networks/S2/EVAE/f1_W01_C3_s20260903_d07.csv
S2,1,W01_C3,EVAE,7,0,954835417,EVAE|S2|geobg|1|W01_C3|7|0,networks/S2/EVAE/f1_W01_C3_s7_d00.csv
S2,1,W01_C3,EVAE,7,1,1341034831,EVAE|S2|geobg|1|W01_C3|7|1,networks/S2/EVAE/f1_W01_C3_s7_d01.csv
S2,1,W01_C3,EVAE,7,2,3605512437,EVAE|S2|geobg|1|W01_C3|7|2,networks/S2/EVAE/f1_W01_C3_s7_d02.csv
S2,1,W01_C3,EVAE,7,3,2715873379,EVAE|S2|geobg|1|W01_C3|7|3,networks/S2/EVAE/f1_W01_C3_s7_d03.csv
S2,1,W01_C3,EVAE,7,4,1065641408,EVAE|S2|geobg|1|W01_C3|7|4,networks/S2/EVAE/f1_W01_C3_s7_d04.csv
S2,1,W01_C3,EVAE,7,5,1216566614,EVAE|S2|geobg|1|W01_C3|7|5,networks/S2/EVAE/f1_W01_C3_s7_d05.csv
S2,1,W01_C3,EVAE,7,6,3515483372,EVAE|S2|geobg|1|W01_C3|7|6,networks/S2/EVAE/f1_W01_C3_s7_d06.csv
S2,1,W01_C3,EVAE,7,7,2794271866,EVAE|S2|geobg|1|W01_C3|7|7,networks/S2/EVAE/f1_W01_C3_s7_d07.csv
S2,1,W01_C3,ADFNE,1337,0,3524208733,ADFNE|S2|main|1|W01_C3|1337|0,networks/S2/ADFNE/f1_W01_C3_s1337_d00.csv
S2,1,W01_C3,ADFNE,1337,1,2768771275,ADFNE|S2|main|1|W01_C3|1337|1,networks/S2/ADFNE/f1_W01_C3_s1337_d01.csv
S2,1,W01_C3,ADFNE,1337,2,1006717297,ADFNE|S2|main|1|W01_C3|1337|2,networks/S2/ADFNE/f1_W01_C3_s1337_d02.csv
S2,1,W01_C3,ADFNE,1337,3,1258715623,ADFNE|S2|main|1|W01_C3|1337|3,networks/S2/ADFNE/f1_W01_C3_s1337_d03.csv
S2,1,W01_C3,ADFNE,1337,4,3580030020,ADFNE|S2|main|1|W01_C3|1337|4,networks/S2/ADFNE/f1_W01_C3_s1337_d04.csv
S2,1,W01_C3,ADFNE,1337,5,2724584658,ADFNE|S2|main|1|W01_C3|1337|5,networks/S2/ADFNE/f1_W01_C3_s1337_d05.csv
S2,1,W01_C3,ADFNE,1337,6,996969832,ADFNE|S2|main|1|W01_C3|1337|6,networks/S2/ADFNE/f1_W01_C3_s1337_d06.csv
S2,1,W01_C3,ADFNE,1337,7,1282129406,ADFNE|S2|main|1|W01_C3|1337|7,networks/S2/ADFNE/f1_W01_C3_s1337_d07.csv
S2,1,W01_C3,ADFNE,20260903,0,2139107768,ADFNE|S2|main|1|W01_C3|20260903|0,networks/S2/ADFNE/f1_W01_C3_s20260903_d00.csv
S2,1,W01_C3,ADFNE,20260903,1,143065390,ADFNE|S2|main|1|W01_C3|20260903|1,networks/S2/ADFNE/f1_W01_C3_s20260903_d01.csv
S2,1,W01_C3,ADFNE,20260903,2,2442023060,ADFNE|S2|main|1|W01_C3|20260903|2,networks/S2/ADFNE/f1_W01_C3_s20260903_d02.csv
S2,1,W01_C3,ADFNE,20260903,3,3867762690,ADFNE|S2|main|1|W01_C3|20260903|3,networks/S2/ADFNE/f1_W01_C3_s20260903_d03.csv
S2,1,W01_C3,ADFNE,20260903,4,2028860833,ADFNE|S2|main|1|W01_C3|20260903|4,networks/S2/ADFNE/f1_W01_C3_s20260903_d04.csv
S2,1,W01_C3,ADFNE,20260903,5,267044151,ADFNE|S2|main|1|W01_C3|20260903|5,networks/S2/ADFNE/f1_W01_C3_s20260903_d05.csv
S2,1,W01_C3,ADFNE,20260903,6,2531497101,ADFNE|S2|main|1|W01_C3|20260903|6,networks/S2/ADFNE/f1_W01_C3_s20260903_d06.csv
S2,1,W01_C3,ADFNE,20260903,7,3789857819,ADFNE|S2|main|1|W01_C3|20260903|7,networks/S2/ADFNE/f1_W01_C3_s20260903_d07.csv
S2,1,W01_C3,ADFNE,7,0,1069856244,ADFNE|S2|main|1|W01_C3|7|0,networks/S2/ADFNE/f1_W01_C3_s7_d00.csv
S2,1,W01_C3,ADFNE,7,1,1220773218,ADFNE|S2|main|1|W01_C3|7|1,networks/S2/ADFNE/f1_W01_C3_s7_d01.csv
S2,1,W01_C3,ADFNE,7,2,3519730904,ADFNE|S2|main|1|W01_C3|7|2,networks/S2/ADFNE/f1_W01_C3_s7_d02.csv
S2,1,W01_C3,ADFNE,7,3,2798511182,ADFNE|S2|main|1|W01_C3|7|3,networks/S2/ADFNE/f1_W01_C3_s7_d03.csv
S2,1,W01_C3,ADFNE,7,4,950628845,ADFNE|S2|main|1|W01_C3|7|4,networks/S2/ADFNE/f1_W01_C3_s7_d04.csv
S2,1,W01_C3,ADFNE,7,5,1336820091,ADFNE|S2|main|1|W01_C3|7|5,networks/S2/ADFNE/f1_W01_C3_s7_d05.csv
S2,1,W01_C3,ADFNE,7,6,3601273025,ADFNE|S2|main|1|W01_C3|7|6,networks/S2/ADFNE/f1_W01_C3_s7_d06.csv
S2,1,W01_C3,ADFNE,7,7,2711625815,ADFNE|S2|main|1|W01_C3|7|7,networks/S2/ADFNE/f1_W01_C3_s7_d07.csv
S2,1,W01_C3,KDE,1337,0,806562642,KDE|S2|main|1|W01_C3|1337|0,networks/S2/KDE/f1_W01_C3_s1337_d00.csv
S2,1,W01_C3,KDE,1337,1,1192500164,KDE|S2|main|1|W01_C3|1337|1,networks/S2/KDE/f1_W01_C3_s1337_d01.csv
S2,1,W01_C3,KDE,1337,2,3726461566,KDE|S2|main|1|W01_C3|1337|2,networks/S2/KDE/f1_W01_C3_s1337_d02.csv
S2,1,W01_C3,KDE,1337,3,2837084904,KDE|S2|main|1|W01_C3|1337|3,networks/S2/KDE/f1_W01_C3_s1337_d03.csv
S2,1,W01_C3,KDE,1337,4,931065675,KDE|S2|main|1|W01_C3|1337|4,networks/S2/KDE/f1_W01_C3_s1337_d04.csv
S2,1,W01_C3,KDE,1337,5,1081728989,KDE|S2|main|1|W01_C3|1337|5,networks/S2/KDE/f1_W01_C3_s1337_d05.csv
S2,1,W01_C3,KDE,1337,6,3648032359,KDE|S2|main|1|W01_C3|1337|6,networks/S2/KDE/f1_W01_C3_s1337_d06.csv
S2,1,W01_C3,KDE,1337,7,2927083249,KDE|S2|main|1|W01_C3|1337|7,networks/S2/KDE/f1_W01_C3_s1337_d07.csv
S2,1,W01_C3,KDE,20260903,0,2379628990,KDE|S2|main|1|W01_C3|20260903|0,networks/S2/KDE/f1_W01_C3_s20260903_d00.csv
S2,1,W01_C3,KDE,20260903,1,4208029992,KDE|S2|main|1|W01_C3|20260903|1,networks/S2/KDE/f1_W01_C3_s20260903_d01.csv
S2,1,W01_C3,KDE,20260903,2,1675108498,KDE|S2|main|1|W01_C3|20260903|2,networks/S2/KDE/f1_W01_C3_s20260903_d02.csv
S2,1,W01_C3,KDE,20260903,3,350162948,KDE|S2|main|1|W01_C3|20260903|3,networks/S2/KDE/f1_W01_C3_s20260903_d03.csv
S2,1,W01_C3,KDE,20260903,4,2327545255,KDE|S2|main|1|W01_C3|20260903|4,networks/S2/KDE/f1_W01_C3_s20260903_d04.csv
S2,1,W01_C3,KDE,20260903,5,4257002801,KDE|S2|main|1|W01_C3|20260903|5,networks/S2/KDE/f1_W01_C3_s20260903_d05.csv
S2,1,W01_C3,KDE,20260903,6,1689642123,KDE|S2|main|1|W01_C3|20260903|6,networks/S2/KDE/f1_W01_C3_s20260903_d06.csv
S2,1,W01_C3,KDE,20260903,7,330486813,KDE|S2|main|1|W01_C3|20260903|7,networks/S2/KDE/f1_W01_C3_s20260903_d07.csv
S2,1,W01_C3,KDE,7,0,2277475929,KDE|S2|main|1|W01_C3|7|0,networks/S2/KDE/f1_W01_C3_s7_d00.csv
S2,1,W01_C3,KDE,7,1,4038637263,KDE|S2|main|1|W01_C3|7|1,networks/S2/KDE/f1_W01_C3_s7_d01.csv
S2,1,W01_C3,KDE,7,2,1773266805,KDE|S2|main|1|W01_C3|7|2,networks/S2/KDE/f1_W01_C3_s7_d02.csv
S2,1,W01_C3,KDE,7,3,515299299,KDE|S2|main|1|W01_C3|7|3,networks/S2/KDE/f1_W01_C3_s7_d03.csv
S2,1,W01_C3,KDE,7,4,2161263168,KDE|S2|main|1|W01_C3|7|4,networks/S2/KDE/f1_W01_C3_s7_d04.csv
S2,1,W01_C3,KDE,7,5,4157960918,KDE|S2|main|1|W01_C3|7|5,networks/S2/KDE/f1_W01_C3_s7_d05.csv
S2,1,W01_C3,KDE,7,6,1859920748,KDE|S2|main|1|W01_C3|7|6,networks/S2/KDE/f1_W01_C3_s7_d06.csv
S2,1,W01_C3,KDE,7,7,433787898,KDE|S2|main|1|W01_C3|7|7,networks/S2/KDE/f1_W01_C3_s7_d07.csv
S2,1,W01_C4,EVAE,1337,0,2200862672,EVAE|S2|geobg|1|W01_C4|1337|0,networks/S2/EVAE/f1_W01_C4_s1337_d00.csv
S2,1,W01_C4,EVAE,1337,1,4096347974,EVAE|S2|geobg|1|W01_C4|1337|1,networks/S2/EVAE/f1_W01_C4_s1337_d01.csv
S2,1,W01_C4,EVAE,1337,2,1830821628,EVAE|S2|geobg|1|W01_C4|1337|2,networks/S2/EVAE/f1_W01_C4_s1337_d02.csv
S2,1,W01_C4,EVAE,1337,3,438775402,EVAE|S2|geobg|1|W01_C4|1337|3,networks/S2/EVAE/f1_W01_C4_s1337_d03.csv
S2,1,W01_C4,EVAE,1337,4,2219031497,EVAE|S2|geobg|1|W01_C4|1337|4,networks/S2/EVAE/f1_W01_C4_s1337_d04.csv
S2,1,W01_C4,EVAE,1337,5,4081355615,EVAE|S2|geobg|1|W01_C4|1337|5,networks/S2/EVAE/f1_W01_C4_s1337_d05.csv
S2,1,W01_C4,EVAE,1337,6,1783487205,EVAE|S2|geobg|1|W01_C4|1337|6,networks/S2/EVAE/f1_W01_C4_s1337_d06.csv
S2,1,W01_C4,EVAE,1337,7,491448947,EVAE|S2|geobg|1|W01_C4|1337|7,networks/S2/EVAE/f1_W01_C4_s1337_d07.csv
S2,1,W01_C4,EVAE,20260903,0,2578650090,EVAE|S2|geobg|1|W01_C4|20260903|0,networks/S2/EVAE/f1_W01_C4_s20260903_d00.csv
S2,1,W01_C4,EVAE,20260903,1,4004782972,EVAE|S2|geobg|1|W01_C4|20260903|1,networks/S2/EVAE/f1_W01_C4_s20260903_d01.csv
S2,1,W01_C4,EVAE,20260903,2,2008904390,EVAE|S2|geobg|1|W01_C4|20260903|2,networks/S2/EVAE/f1_W01_C4_s20260903_d02.csv
S2,1,W01_C4,EVAE,20260903,3,12206672,EVAE|S2|geobg|1|W01_C4|20260903|3,networks/S2/EVAE/f1_W01_C4_s20260903_d03.csv
S2,1,W01_C4,EVAE,20260903,4,2665404403,EVAE|S2|geobg|1|W01_C4|20260903|4,networks/S2/EVAE/f1_W01_C4_s20260903_d04.csv
S2,1,W01_C4,EVAE,20260903,5,3923371877,EVAE|S2|geobg|1|W01_C4|20260903|5,networks/S2/EVAE/f1_W01_C4_s20260903_d05.csv
S2,1,W01_C4,EVAE,20260903,6,1892726495,EVAE|S2|geobg|1|W01_C4|20260903|6,networks/S2/EVAE/f1_W01_C4_s20260903_d06.csv
S2,1,W01_C4,EVAE,20260903,7,131565129,EVAE|S2|geobg|1|W01_C4|20260903|7,networks/S2/EVAE/f1_W01_C4_s20260903_d07.csv
S2,1,W01_C4,EVAE,7,0,2328460745,EVAE|S2|geobg|1|W01_C4|7|0,networks/S2/EVAE/f1_W01_C4_s7_d00.csv
S2,1,W01_C4,EVAE,7,1,4258155871,EVAE|S2|geobg|1|W01_C4|7|1,networks/S2/EVAE/f1_W01_C4_s7_d01.csv
S2,1,W01_C4,EVAE,7,2,1690770661,EVAE|S2|geobg|1|W01_C4|7|2,networks/S2/EVAE/f1_W01_C4_s7_d02.csv
S2,1,W01_C4,EVAE,7,3,331361395,EVAE|S2|geobg|1|W01_C4|7|3,networks/S2/EVAE/f1_W01_C4_s7_d03.csv
S2,1,W01_C4,EVAE,7,4,2376382928,EVAE|S2|geobg|1|W01_C4|7|4,networks/S2/EVAE/f1_W01_C4_s7_d04.csv
S2,1,W01_C4,EVAE,7,5,4205021510,EVAE|S2|geobg|1|W01_C4|7|5,networks/S2/EVAE/f1_W01_C4_s7_d05.csv
S2,1,W01_C4,EVAE,7,6,1672141052,EVAE|S2|geobg|1|W01_C4|7|6,networks/S2/EVAE/f1_W01_C4_s7_d06.csv
S2,1,W01_C4,EVAE,7,7,346941546,EVAE|S2|geobg|1|W01_C4|7|7,networks/S2/EVAE/f1_W01_C4_s7_d07.csv
S2,1,W01_C4,ADFNE,1337,0,3637125444,ADFNE|S2|main|1|W01_C4|1337|0,networks/S2/ADFNE/f1_W01_C4_s1337_d00.csv
S2,1,W01_C4,ADFNE,1337,1,2949452242,ADFNE|S2|main|1|W01_C4|1337|1,networks/S2/ADFNE/f1_W01_C4_s1337_d01.csv
S2,1,W01_C4,ADFNE,1337,2,918831208,ADFNE|S2|main|1|W01_C4|1337|2,networks/S2/ADFNE/f1_W01_C4_s1337_d02.csv
S2,1,W01_C4,ADFNE,1337,3,1103327486,ADFNE|S2|main|1|W01_C4|1337|3,networks/S2/ADFNE/f1_W01_C4_s1337_d03.csv
S2,1,W01_C4,ADFNE,1337,4,3752322397,ADFNE|S2|main|1|W01_C4|1337|4,networks/S2/ADFNE/f1_W01_C4_s1337_d04.csv
S2,1,W01_C4,ADFNE,1337,5,2829112779,ADFNE|S2|main|1|W01_C4|1337|5,networks/S2/ADFNE/f1_W01_C4_s1337_d05.csv
S2,1,W01_C4,ADFNE,1337,6,833193073,ADFNE|S2|main|1|W01_C4|1337|6,networks/S2/ADFNE/f1_W01_C4_s1337_d06.csv
S2,1,W01_C4,ADFNE,1337,7,1185854695,ADFNE|S2|main|1|W01_C4|1337|7,networks/S2/ADFNE/f1_W01_C4_s1337_d07.csv
S2,1,W01_C4,ADFNE,20260903,0,186177591,ADFNE|S2|main|1|W01_C4|20260903|0,networks/S2/ADFNE/f1_W01_C4_s20260903_d00.csv
S2,1,W01_C4,ADFNE,20260903,1,2082465953,ADFNE|S2|main|1|W01_C4|20260903|1,networks/S2/ADFNE/f1_W01_C4_s20260903_d01.csv
S2,1,W01_C4,ADFNE,20260903,2,3843471643,ADFNE|S2|main|1|W01_C4|20260903|2,networks/S2/ADFNE/f1_W01_C4_s20260903_d02.csv
S2,1,W01_C4,ADFNE,20260903,3,2450622861,ADFNE|S2|main|1|W01_C4|20260903|3,networks/S2/ADFNE/f1_W01_C4_s20260903_d03.csv
S2,1,W01_C4,ADFNE,20260903,4,209001518,ADFNE|S2|main|1|W01_C4|20260903|4,networks/S2/ADFNE/f1_W01_C4_s20260903_d04.csv
S2,1,W01_C4,ADFNE,20260903,5,2071080120,ADFNE|S2|main|1|W01_C4|20260903|5,networks/S2/ADFNE/f1_W01_C4_s20260903_d05.csv
S2,1,W01_C4,ADFNE,20260903,6,3799743746,ADFNE|S2|main|1|W01_C4|20260903|6,networks/S2/ADFNE/f1_W01_C4_s20260903_d06.csv
S2,1,W01_C4,ADFNE,20260903,7,2507951508,ADFNE|S2|main|1|W01_C4|20260903|7,networks/S2/ADFNE/f1_W01_C4_s20260903_d07.csv
S2,1,W01_C4,ADFNE,7,0,2380556772,ADFNE|S2|main|1|W01_C4|7|0,networks/S2/ADFNE/f1_W01_C4_s7_d00.csv
S2,1,W01_C4,ADFNE,7,1,4209203570,ADFNE|S2|main|1|W01_C4|7|1,networks/S2/ADFNE/f1_W01_C4_s7_d01.csv
S2,1,W01_C4,ADFNE,7,2,1676282056,ADFNE|S2|main|1|W01_C4|7|2,networks/S2/ADFNE/f1_W01_C4_s7_d02.csv
S2,1,W01_C4,ADFNE,7,3,351090782,ADFNE|S2|main|1|W01_C4|7|3,networks/S2/ADFNE/f1_W01_C4_s7_d03.csv
S2,1,W01_C4,ADFNE,7,4,2324278781,ADFNE|S2|main|1|W01_C4|7|4,networks/S2/ADFNE/f1_W01_C4_s7_d04.csv
S2,1,W01_C4,ADFNE,7,5,4253982059,ADFNE|S2|main|1|W01_C4|7|5,networks/S2/ADFNE/f1_W01_C4_s7_d05.csv
S2,1,W01_C4,ADFNE,7,6,1686621393,ADFNE|S2|main|1|W01_C4|7|6,networks/S2/ADFNE/f1_W01_C4_s7_d06.csv
S2,1,W01_C4,ADFNE,7,7,327220295,ADFNE|S2|main|1|W01_C4|7|7,networks/S2/ADFNE/f1_W01_C4_s7_d07.csv
S2,1,W01_C4,KDE,1337,0,987112011,KDE|S2|main|1|W01_C4|1337|0,networks/S2/KDE/f1_W01_C4_s1337_d00.csv
S2,1,W01_C4,KDE,1337,1,1305547485,KDE|S2|main|1|W01_C4|1337|1,networks/S2/KDE/f1_W01_C4_s1337_d01.csv
S2,1,W01_C4,KDE,1337,2,3570942823,KDE|S2|main|1|W01_C4|1337|2,networks/S2/KDE/f1_W01_C4_s1337_d02.csv
S2,1,W01_C4,KDE,1337,3,2749330417,KDE|S2|main|1|W01_C4|1337|3,networks/S2/KDE/f1_W01_C4_s1337_d03.csv
S2,1,W01_C4,KDE,1337,4,1035724370,KDE|S2|main|1|W01_C4|1337|4,networks/S2/KDE/f1_W01_C4_s1337_d04.csv
S2,1,W01_C4,KDE,1337,5,1253889732,KDE|S2|main|1|W01_C4|1337|5,networks/S2/KDE/f1_W01_C4_s1337_d05.csv
S2,1,W01_C4,KDE,1337,6,3551889278,KDE|S2|main|1|W01_C4|1337|6,networks/S2/KDE/f1_W01_C4_s1337_d06.csv
S2,1,W01_C4,KDE,1337,7,2763175912,KDE|S2|main|1|W01_C4|1337|7,networks/S2/KDE/f1_W01_C4_s1337_d07.csv
S2,1,W01_C4,KDE,20260903,0,4182681649,KDE|S2|main|1|W01_C4|20260903|0,networks/S2/KDE/f1_W01_C4_s20260903_d00.csv
S2,1,W01_C4,KDE,20260903,1,2387187879,KDE|S2|main|1|W01_C4|20260903|1,networks/S2/KDE/f1_W01_C4_s20260903_d01.csv
S2,1,W01_C4,KDE,20260903,2,390121757,KDE|S2|main|1|W01_C4|20260903|2,networks/S2/KDE/f1_W01_C4_s20260903_d02.csv
S2,1,W01_C4,KDE,20260903,3,1615329675,KDE|S2|main|1|W01_C4|20260903|3,networks/S2/KDE/f1_W01_C4_s20260903_d03.csv
S2,1,W01_C4,KDE,20260903,4,4263734312,KDE|S2|main|1|W01_C4|20260903|4,networks/S2/KDE/f1_W01_C4_s20260903_d04.csv
S2,1,W01_C4,KDE,20260903,5,2300861630,KDE|S2|main|1|W01_C4|20260903|5,networks/S2/KDE/f1_W01_C4_s20260903_d05.csv
S2,1,W01_C4,KDE,20260903,6,271387908,KDE|S2|main|1|W01_C4|20260903|6,networks/S2/KDE/f1_W01_C4_s20260903_d06.csv
S2,1,W01_C4,KDE,20260903,7,1730821522,KDE|S2|main|1|W01_C4|20260903|7,networks/S2/KDE/f1_W01_C4_s20260903_d07.csv
S2,1,W01_C4,KDE,7,0,899635785,KDE|S2|main|1|W01_C4|7|0,networks/S2/KDE/f1_W01_C4_s7_d00.csv
S2,1,W01_C4,KDE,7,1,1117285087,KDE|S2|main|1|W01_C4|7|1,networks/S2/KDE/f1_W01_C4_s7_d01.csv
S2,1,W01_C4,KDE,7,2,3683728229,KDE|S2|main|1|W01_C4|7|2,networks/S2/KDE/f1_W01_C4_s7_d02.csv
S2,1,W01_C4,KDE,7,3,2895514611,KDE|S2|main|1|W01_C4|7|3,networks/S2/KDE/f1_W01_C4_s7_d03.csv
S2,1,W01_C4,KDE,7,4,854761040,KDE|S2|main|1|W01_C4|7|4,networks/S2/KDE/f1_W01_C4_s7_d04.csv
S2,1,W01_C4,KDE,7,5,1173728966,KDE|S2|main|1|W01_C4|7|5,networks/S2/KDE/f1_W01_C4_s7_d05.csv
S2,1,W01_C4,KDE,7,6,3707567996,KDE|S2|main|1|W01_C4|7|6,networks/S2/KDE/f1_W01_C4_s7_d06.csv
S2,1,W01_C4,KDE,7,7,2885406698,KDE|S2|main|1|W01_C4|7|7,networks/S2/KDE/f1_W01_C4_s7_d07.csv
S2,2,W02_C1,EVAE,1337,0,1129414092,EVAE|S2|geobg|2|W02_C1|1337|0,networks/S2/EVAE/f2_W02_C1_s1337_d00.csv
S2,2,W02_C1,EVAE,1337,1,878071130,EVAE|S2|geobg|2|W02_C1|1337|1,networks/S2/EVAE/f2_W02_C1_s1337_d01.csv
S2,2,W02_C1,EVAE,1337,2,2908691680,EVAE|S2|geobg|2|W02_C1|1337|2,networks/S2/EVAE/f2_W02_C1_s1337_d02.csv
S2,2,W02_C1,EVAE,1337,3,3663211638,EVAE|S2|geobg|2|W02_C1|1337|3,networks/S2/EVAE/f2_W02_C1_s1337_d03.csv
S2,2,W02_C1,EVAE,1337,4,1144830421,EVAE|S2|geobg|2|W02_C1|1337|4,networks/S2/EVAE/f2_W02_C1_s1337_d04.csv
S2,2,W02_C1,EVAE,1337,5,859539779,EVAE|S2|geobg|2|W02_C1|1337|5,networks/S2/EVAE/f2_W02_C1_s1337_d05.csv
S2,2,W02_C1,EVAE,1337,6,2855459065,EVAE|S2|geobg|2|W02_C1|1337|6,networks/S2/EVAE/f2_W02_C1_s1337_d06.csv
S2,2,W02_C1,EVAE,1337,7,3711297647,EVAE|S2|geobg|2|W02_C1|1337|7,networks/S2/EVAE/f2_W02_C1_s1337_d07.csv
S2,2,W02_C1,EVAE,20260903,0,3007023146,EVAE|S2|geobg|2|W02_C1|20260903|0,networks/S2/EVAE/f2_W02_C1_s20260903_d00.csv
S2,2,W02_C1,EVAE,20260903,1,3292313788,EVAE|S2|geobg|2|W02_C1|20260903|1,networks/S2/EVAE/f2_W02_C1_s20260903_d01.csv
S2,2,W02_C1,EVAE,20260903,2,1563814150,EVAE|S2|geobg|2|W02_C1|20260903|2,networks/S2/EVAE/f2_W02_C1_s20260903_d02.csv
S2,2,W02_C1,EVAE,20260903,3,707975568,EVAE|S2|geobg|2|W02_C1|20260903|3,networks/S2/EVAE/f2_W02_C1_s20260903_d03.csv
S2,2,W02_C1,EVAE,20260903,4,3025554483,EVAE|S2|geobg|2|W02_C1|20260903|4,networks/S2/EVAE/f2_W02_C1_s20260903_d04.csv
S2,2,W02_C1,EVAE,20260903,5,3276897445,EVAE|S2|geobg|2|W02_C1|20260903|5,networks/S2/EVAE/f2_W02_C1_s20260903_d05.csv
S2,2,W02_C1,EVAE,20260903,6,1515728159,EVAE|S2|geobg|2|W02_C1|20260903|6,networks/S2/EVAE/f2_W02_C1_s20260903_d06.csv
S2,2,W02_C1,EVAE,20260903,7,761208201,EVAE|S2|geobg|2|W02_C1|20260903|7,networks/S2/EVAE/f2_W02_C1_s20260903_d07.csv
S2,2,W02_C1,EVAE,7,0,3141019562,EVAE|S2|geobg|2|W02_C1|7|0,networks/S2/EVAE/f2_W02_C1_s7_d00.csv
S2,2,W02_C1,EVAE,7,1,3426686780,EVAE|S2|geobg|2|W02_C1|7|1,networks/S2/EVAE/f2_W02_C1_s7_d01.csv
S2,2,W02_C1,EVAE,7,2,1429620358,EVAE|S2|geobg|2|W02_C1|7|2,networks/S2/EVAE/f2_W02_C1_s7_d02.csv
S2,2,W02_C1,EVAE,7,3,573666832,EVAE|S2|geobg|2|W02_C1|7|3,networks/S2/EVAE/f2_W02_C1_s7_d03.csv
S2,2,W02_C1,EVAE,7,4,3159745459,EVAE|S2|geobg|2|W02_C1|7|4,networks/S2/EVAE/f2_W02_C1_s7_d04.csv
S2,2,W02_C1,EVAE,7,5,3411202853,EVAE|S2|geobg|2|W02_C1|7|5,networks/S2/EVAE/f2_W02_C1_s7_d05.csv
S2,2,W02_C1,EVAE,7,6,1381728927,EVAE|S2|geobg|2|W02_C1|7|6,networks/S2/EVAE/f2_W02_C1_s7_d06.csv
S2,2,W02_C1,EVAE,7,7,626831881,EVAE|S2|geobg|2|W02_C1|7|7,networks/S2/EVAE/f2_W02_C1_s7_d07.csv
S2,2,W02_C1,ADFNE,1337,0,414524248,ADFNE|S2|main|2|W02_C1|1337|0,networks/S2/ADFNE/f2_W02_C1_s1337_d00.csv
S2,2,W02_C1,ADFNE,1337,1,1873941454,ADFNE|S2|main|2|W02_C1|1337|1,networks/S2/ADFNE/f2_W02_C1_s1337_d01.csv
S2,2,W02_C1,ADFNE,1337,2,4139467380,ADFNE|S2|main|2|W02_C1|1337|2,networks/S2/ADFNE/f2_W02_C1_s1337_d02.csv
S2,2,W02_C1,ADFNE,1337,3,2176611042,ADFNE|S2|main|2|W02_C1|1337|3,networks/S2/ADFNE/f2_W02_C1_s1337_d03.csv
S2,2,W02_C1,ADFNE,1337,4,534308673,ADFNE|S2|main|2|W02_C1|1337|4,networks/S2/ADFNE/f2_W02_C1_s1337_d04.csv
S2,2,W02_C1,ADFNE,1337,5,1759500247,ADFNE|S2|main|2|W02_C1|1337|5,networks/S2/ADFNE/f2_W02_C1_s1337_d05.csv
S2,2,W02_C1,ADFNE,1337,6,4057368173,ADFNE|S2|main|2|W02_C1|1337|6,networks/S2/ADFNE/f2_W02_C1_s1337_d06.csv
S2,2,W02_C1,ADFNE,1337,7,2261890811,ADFNE|S2|main|2|W02_C1|1337|7,networks/S2/ADFNE/f2_W02_C1_s1337_d07.csv
S2,2,W02_C1,ADFNE,20260903,0,563102711,ADFNE|S2|main|2|W02_C1|20260903|0,networks/S2/ADFNE/f2_W02_C1_s20260903_d00.csv
S2,2,W02_C1,ADFNE,20260903,1,1452766049,ADFNE|S2|main|2|W02_C1|20260903|1,networks/S2/ADFNE/f2_W02_C1_s20260903_d01.csv
S2,2,W02_C1,ADFNE,20260903,2,3483247323,ADFNE|S2|main|2|W02_C1|20260903|2,networks/S2/ADFNE/f2_W02_C1_s20260903_d02.csv
S2,2,W02_C1,ADFNE,20260903,3,3097039437,ADFNE|S2|main|2|W02_C1|20260903|3,networks/S2/ADFNE/f2_W02_C1_s20260903_d03.csv
S2,2,W02_C1,ADFNE,20260903,4,654149614,ADFNE|S2|main|2|W02_C1|20260903|4,networks/S2/ADFNE/f2_W02_C1_s20260903_d04.csv
S2,2,W02_C1,ADFNE,20260903,5,1375385464,ADFNE|S2|main|2|W02_C1|20260903|5,networks/S2/ADFNE/f2_W02_C1_s20260903_d05.csv
S2,2,W02_C1,ADFNE,20260903,6,3371427522,ADFNE|S2|main|2|W02_C1|20260903|6,networks/S2/ADFNE/f2_W02_C1_s20260903_d06.csv
S2,2,W02_C1,ADFNE,20260903,7,3220493908,ADFNE|S2|main|2|W02_C1|20260903|7,networks/S2/ADFNE/f2_W02_C1_s20260903_d07.csv
S2,2,W02_C1,ADFNE,7,0,3155506055,ADFNE|S2|main|2|W02_C1|7|0,networks/S2/ADFNE/f2_W02_C1_s7_d00.csv
S2,2,W02_C1,ADFNE,7,1,3406955281,ADFNE|S2|main|2|W02_C1|7|1,networks/S2/ADFNE/f2_W02_C1_s7_d01.csv
S2,2,W02_C1,ADFNE,7,2,1377522347,ADFNE|S2|main|2|W02_C1|7|2,networks/S2/ADFNE/f2_W02_C1_s7_d02.csv
S2,2,W02_C1,ADFNE,7,3,622617149,ADFNE|S2|main|2|W02_C1|7|3,networks/S2/ADFNE/f2_W02_C1_s7_d03.csv
S2,2,W02_C1,ADFNE,7,4,3145267102,ADFNE|S2|main|2|W02_C1|7|4,networks/S2/ADFNE/f2_W02_C1_s7_d04.csv
S2,2,W02_C1,ADFNE,7,5,3430926088,ADFNE|S2|main|2|W02_C1|7|5,networks/S2/ADFNE/f2_W02_C1_s7_d05.csv
S2,2,W02_C1,ADFNE,7,6,1433835186,ADFNE|S2|main|2|W02_C1|7|6,networks/S2/ADFNE/f2_W02_C1_s7_d06.csv
S2,2,W02_C1,ADFNE,7,7,577873444,ADFNE|S2|main|2|W02_C1|7|7,networks/S2/ADFNE/f2_W02_C1_s7_d07.csv
S2,2,W02_C1,KDE,1337,0,4205387863,KDE|S2|main|2|W02_C1|1337|0,networks/S2/KDE/f2_W02_C1_s1337_d00.csv
S2,2,W02_C1,KDE,1337,1,2376995009,KDE|S2|main|2|W02_C1|1337|1,networks/S2/KDE/f2_W02_C1_s1337_d01.csv
S2,2,W02_C1,KDE,1337,2,346505595,KDE|S2|main|2|W02_C1|1337|2,networks/S2/KDE/f2_W02_C1_s1337_d02.csv
S2,2,W02_C1,KDE,1337,3,1671459309,KDE|S2|main|2|W02_C1|1337|3,networks/S2/KDE/f2_W02_C1_s1337_d03.csv
S2,2,W02_C1,KDE,1337,4,4257539150,KDE|S2|main|2|W02_C1|1337|4,networks/S2/KDE/f2_W02_C1_s1337_d04.csv
S2,2,W02_C1,KDE,1337,5,2328089816,KDE|S2|main|2|W02_C1|1337|5,networks/S2/KDE/f2_W02_C1_s1337_d05.csv
S2,2,W02_C1,KDE,1337,6,332039522,KDE|S2|main|2|W02_C1|1337|6,networks/S2/KDE/f2_W02_C1_s1337_d06.csv
S2,2,W02_C1,KDE,1337,7,1691203060,KDE|S2|main|2|W02_C1|1337|7,networks/S2/KDE/f2_W02_C1_s1337_d07.csv
S2,2,W02_C1,KDE,20260903,0,3552982001,KDE|S2|main|2|W02_C1|20260903|0,networks/S2/KDE/f2_W02_C1_s20260903_d00.csv
S2,2,W02_C1,KDE,20260903,1,2764112743,KDE|S2|main|2|W02_C1|20260903|1,networks/S2/KDE/f2_W02_C1_s20260903_d01.csv
S2,2,W02_C1,KDE,20260903,2,1036538589,KDE|S2|main|2|W02_C1|20260903|2,networks/S2/KDE/f2_W02_C1_s20260903_d02.csv
S2,2,W02_C1,KDE,20260903,3,1255105099,KDE|S2|main|2|W02_C1|20260903|3,networks/S2/KDE/f2_W02_C1_s20260903_d03.csv
S2,2,W02_C1,KDE,20260903,4,3568039912,KDE|S2|main|2|W02_C1|20260903|4,networks/S2/KDE/f2_W02_C1_s20260903_d04.csv
S2,2,W02_C1,KDE,20260903,5,2746009470,KDE|S2|main|2|W02_C1|20260903|5,networks/S2/KDE/f2_W02_C1_s20260903_d05.csv
S2,2,W02_C1,KDE,20260903,6,983930564,KDE|S2|main|2|W02_C1|20260903|6,networks/S2/KDE/f2_W02_C1_s20260903_d06.csv
S2,2,W02_C1,KDE,20260903,7,1302505042,KDE|S2|main|2|W02_C1|20260903|7,networks/S2/KDE/f2_W02_C1_s20260903_d07.csv
S2,2,W02_C1,KDE,7,0,74317866,KDE|S2|main|2|W02_C1|7|0,networks/S2/KDE/f2_W02_C1_s7_d00.csv
S2,2,W02_C1,KDE,7,1,1936273596,KDE|S2|main|2|W02_C1|7|1,networks/S2/KDE/f2_W02_C1_s7_d01.csv
S2,2,W02_C1,KDE,7,2,3932184838,KDE|S2|main|2|W02_C1|7|2,networks/S2/KDE/f2_W02_C1_s7_d02.csv
S2,2,W02_C1,KDE,7,3,2640794000,KDE|S2|main|2|W02_C1|7|3,networks/S2/KDE/f2_W02_C1_s7_d03.csv
S2,2,W02_C1,KDE,7,4,50578483,KDE|S2|main|2|W02_C1|7|4,networks/S2/KDE/f2_W02_C1_s7_d04.csv
S2,2,W02_C1,KDE,7,5,1946481829,KDE|S2|main|2|W02_C1|7|5,networks/S2/KDE/f2_W02_C1_s7_d05.csv
S2,2,W02_C1,KDE,7,6,3977094431,KDE|S2|main|2|W02_C1|7|6,networks/S2/KDE/f2_W02_C1_s7_d06.csv
S2,2,W02_C1,KDE,7,7,2584384905,KDE|S2|main|2|W02_C1|7|7,networks/S2/KDE/f2_W02_C1_s7_d07.csv
S2,2,W02_C2,EVAE,1337,0,3453909551,EVAE|S2|geobg|2|W02_C2|1337|0,networks/S2/EVAE/f2_W02_C2_s1337_d00.csv
S2,2,W02_C2,EVAE,1337,1,3134802617,EVAE|S2|geobg|2|W02_C2|1337|1,networks/S2/EVAE/f2_W02_C2_s1337_d01.csv
S2,2,W02_C2,EVAE,1337,2,600840963,EVAE|S2|geobg|2|W02_C2|1337|2,networks/S2/EVAE/f2_W02_C2_s1337_d02.csv
S2,2,W02_C2,EVAE,1337,3,1423387541,EVAE|S2|geobg|2|W02_C2|1337|3,networks/S2/EVAE/f2_W02_C2_s1337_d03.csv
S2,2,W02_C2,EVAE,1337,4,3400777270,EVAE|S2|geobg|2|W02_C2|1337|4,networks/S2/EVAE/f2_W02_C2_s1337_d04.csv
S2,2,W02_C2,EVAE,1337,5,3182726816,EVAE|S2|geobg|2|W02_C2|1337|5,networks/S2/EVAE/f2_W02_C2_s1337_d05.csv
S2,2,W02_C2,EVAE,1337,6,616423194,EVAE|S2|geobg|2|W02_C2|1337|6,networks/S2/EVAE/f2_W02_C2_s1337_d06.csv
S2,2,W02_C2,EVAE,1337,7,1404759948,EVAE|S2|geobg|2|W02_C2|1337|7,networks/S2/EVAE/f2_W02_C2_s1337_d07.csv
S2,2,W02_C2,EVAE,20260903,0,3299171034,EVAE|S2|geobg|2|W02_C2|20260903|0,networks/S2/EVAE/f2_W02_C2_s20260903_d00.csv
S2,2,W02_C2,EVAE,20260903,1,3013765708,EVAE|S2|geobg|2|W02_C2|20260903|1,networks/S2/EVAE/f2_W02_C2_s20260903_d01.csv
S2,2,W02_C2,EVAE,20260903,2,715865078,EVAE|S2|geobg|2|W02_C2|20260903|2,networks/S2/EVAE/f2_W02_C2_s20260903_d02.csv
S2,2,W02_C2,EVAE,20260903,3,1571556192,EVAE|S2|geobg|2|W02_C2|20260903|3,networks/S2/EVAE/f2_W02_C2_s20260903_d03.csv
S2,2,W02_C2,EVAE,20260903,4,3284704963,EVAE|S2|geobg|2|W02_C2|20260903|4,networks/S2/EVAE/f2_W02_C2_s20260903_d04.csv
S2,2,W02_C2,EVAE,20260903,5,3033509461,EVAE|S2|geobg|2|W02_C2|20260903|5,networks/S2/EVAE/f2_W02_C2_s20260903_d05.csv
S2,2,W02_C2,EVAE,20260903,6,768016367,EVAE|S2|geobg|2|W02_C2|20260903|6,networks/S2/EVAE/f2_W02_C2_s20260903_d06.csv
S2,2,W02_C2,EVAE,20260903,7,1522651001,EVAE|S2|geobg|2|W02_C2|20260903|7,networks/S2/EVAE/f2_W02_C2_s20260903_d07.csv
S2,2,W02_C2,EVAE,7,0,4237843834,EVAE|S2|geobg|2|W02_C2|7|0,networks/S2/EVAE/f2_W02_C2_s7_d00.csv
S2,2,W02_C2,EVAE,7,1,2342481388,EVAE|S2|geobg|2|W02_C2|7|1,networks/S2/EVAE/f2_W02_C2_s7_d01.csv
S2,2,W02_C2,EVAE,7,2,311835734,EVAE|S2|geobg|2|W02_C2|7|2,networks/S2/EVAE/f2_W02_C2_s7_d02.csv
S2,2,W02_C2,EVAE,7,3,1704004800,EVAE|S2|geobg|2|W02_C2|7|3,networks/S2/EVAE/f2_W02_C2_s7_d03.csv
S2,2,W02_C2,EVAE,7,4,4227176803,EVAE|S2|geobg|2|W02_C2|7|4,networks/S2/EVAE/f2_W02_C2_s7_d04.csv
S2,2,W02_C2,EVAE,7,5,2364713461,EVAE|S2|geobg|2|W02_C2|7|5,networks/S2/EVAE/f2_W02_C2_s7_d05.csv
S2,2,W02_C2,EVAE,7,6,368834639,EVAE|S2|geobg|2|W02_C2|7|6,networks/S2/EVAE/f2_W02_C2_s7_d06.csv
S2,2,W02_C2,EVAE,7,7,1660733657,EVAE|S2|geobg|2|W02_C2|7|7,networks/S2/EVAE/f2_W02_C2_s7_d07.csv
S2,2,W02_C2,ADFNE,1337,0,2520392891,ADFNE|S2|main|2|W02_C2|1337|0,networks/S2/ADFNE/f2_W02_C2_s1337_d00.csv
S2,2,W02_C2,ADFNE,1337,1,3778876461,ADFNE|S2|main|2|W02_C2|1337|1,networks/S2/ADFNE/f2_W02_C2_s1337_d01.csv
S2,2,W02_C2,ADFNE,1337,2,2016691607,ADFNE|S2|main|2|W02_C2|1337|2,networks/S2/ADFNE/f2_W02_C2_s1337_d02.csv
S2,2,W02_C2,ADFNE,1337,3,255030529,ADFNE|S2|main|2|W02_C2|1337|3,networks/S2/ADFNE/f2_W02_C2_s1337_d03.csv
S2,2,W02_C2,ADFNE,1337,4,2438455458,ADFNE|S2|main|2|W02_C2|1337|4,networks/S2/ADFNE/f2_W02_C2_s1337_d04.csv
S2,2,W02_C2,ADFNE,1337,5,3864055860,ADFNE|S2|main|2|W02_C2|1337|5,networks/S2/ADFNE/f2_W02_C2_s1337_d05.csv
S2,2,W02_C2,ADFNE,1337,6,2136572302,ADFNE|S2|main|2|W02_C2|1337|6,networks/S2/ADFNE/f2_W02_C2_s1337_d06.csv
S2,2,W02_C2,ADFNE,1337,7,140423448,ADFNE|S2|main|2|W02_C2|1337|7,networks/S2/ADFNE/f2_W02_C2_s1337_d07.csv
S2,2,W02_C2,ADFNE,20260903,0,1443795207,ADFNE|S2|main|2|W02_C2|20260903|0,networks/S2/ADFNE/f2_W02_C2_s20260903_d00.csv
S2,2,W02_C2,ADFNE,20260903,1,554279313,ADFNE|S2|main|2|W02_C2|20260903|1,networks/S2/ADFNE/f2_W02_C2_s20260903_d01.csv
S2,2,W02_C2,ADFNE,20260903,2,3087069227,ADFNE|S2|main|2|W02_C2|20260903|2,networks/S2/ADFNE/f2_W02_C2_s20260903_d02.csv
S2,2,W02_C2,ADFNE,20260903,3,3473391805,ADFNE|S2|main|2|W02_C2|20260903|3,networks/S2/ADFNE/f2_W02_C2_s20260903_d03.csv
S2,2,W02_C2,ADFNE,20260903,4,1365464350,ADFNE|S2|main|2|W02_C2|20260903|4,networks/S2/ADFNE/f2_W02_C2_s20260903_d04.csv
S2,2,W02_C2,ADFNE,20260903,5,644113800,ADFNE|S2|main|2|W02_C2|20260903|5,networks/S2/ADFNE/f2_W02_C2_s20260903_d05.csv
S2,2,W02_C2,ADFNE,20260903,6,3211605042,ADFNE|S2|main|2|W02_C2|20260903|6,networks/S2/ADFNE/f2_W02_C2_s20260903_d06.csv
S2,2,W02_C2,ADFNE,20260903,7,3362391204,ADFNE|S2|main|2|W02_C2|20260903|7,networks/S2/ADFNE/f2_W02_C2_s20260903_d07.csv
S2,2,W02_C2,ADFNE,7,0,4222962007,ADFNE|S2|main|2|W02_C2|7|0,networks/S2/ADFNE/f2_W02_C2_s7_d00.csv
S2,2,W02_C2,ADFNE,7,1,2360506817,ADFNE|S2|main|2|W02_C2|7|1,networks/S2/ADFNE/f2_W02_C2_s7_d01.csv
S2,2,W02_C2,ADFNE,7,2,364587131,ADFNE|S2|main|2|W02_C2|7|2,networks/S2/ADFNE/f2_W02_C2_s7_d02.csv
S2,2,W02_C2,ADFNE,7,3,1656494317,ADFNE|S2|main|2|W02_C2|7|3,networks/S2/ADFNE/f2_W02_C2_s7_d03.csv
S2,2,W02_C2,ADFNE,7,4,4242050382,ADFNE|S2|main|2|W02_C2|7|4,networks/S2/ADFNE/f2_W02_C2_s7_d04.csv
S2,2,W02_C2,ADFNE,7,5,2346696152,ADFNE|S2|main|2|W02_C2|7|5,networks/S2/ADFNE/f2_W02_C2_s7_d05.csv
S2,2,W02_C2,ADFNE,7,6,316075106,ADFNE|S2|main|2|W02_C2|7|6,networks/S2/ADFNE/f2_W02_C2_s7_d06.csv
S2,2,W02_C2,ADFNE,7,7,1708252404,ADFNE|S2|main|2|W02_C2|7|7,networks/S2/ADFNE/f2_W02_C2_s7_d07.csv
S2,2,W02_C2,KDE,1337,0,1948657588,KDE|S2|main|2|W02_C2|1337|0,networks/S2/KDE/f2_W02_C2_s1337_d00.csv
S2,2,W02_C2,KDE,1337,1,52500258,KDE|S2|main|2|W02_C2|1337|1,networks/S2/KDE/f2_W02_C2_s1337_d01.csv
S2,2,W02_C2,KDE,1337,2,2586330776,KDE|S2|main|2|W02_C2|1337|2,networks/S2/KDE/f2_W02_C2_s1337_d02.csv
S2,2,W02_C2,KDE,1337,3,3979310606,KDE|S2|main|2|W02_C2|1337|3,networks/S2/KDE/f2_W02_C2_s1337_d03.csv
S2,2,W02_C2,KDE,1337,4,1934353325,KDE|S2|main|2|W02_C2|1337|4,networks/S2/KDE/f2_W02_C2_s1337_d04.csv
S2,2,W02_C2,KDE,1337,5,72143675,KDE|S2|main|2|W02_C2|1337|5,networks/S2/KDE/f2_W02_C2_s1337_d05.csv
S2,2,W02_C2,KDE,1337,6,2638578305,KDE|S2|main|2|W02_C2|1337|6,networks/S2/KDE/f2_W02_C2_s1337_d06.csv
S2,2,W02_C2,KDE,1337,7,3930239511,KDE|S2|main|2|W02_C2|1337|7,networks/S2/KDE/f2_W02_C2_s1337_d07.csv
S2,2,W02_C2,KDE,20260903,0,2757288193,KDE|S2|main|2|W02_C2|20260903|0,networks/S2/KDE/f2_W02_C2_s20260903_d00.csv
S2,2,W02_C2,KDE,20260903,1,3546272151,KDE|S2|main|2|W02_C2|20260903|1,networks/S2/KDE/f2_W02_C2_s20260903_d01.csv
S2,2,W02_C2,KDE,20260903,2,1247182893,KDE|S2|main|2|W02_C2|20260903|2,networks/S2/KDE/f2_W02_C2_s20260903_d02.csv
S2,2,W02_C2,KDE,20260903,3,1028763835,KDE|S2|main|2|W02_C2|20260903|3,networks/S2/KDE/f2_W02_C2_s20260903_d03.csv
S2,2,W02_C2,KDE,20260903,4,2738169112,KDE|S2|main|2|W02_C2|20260903|4,networks/S2/KDE/f2_W02_C2_s20260903_d04.csv
S2,2,W02_C2,KDE,20260903,5,3560052110,KDE|S2|main|2|W02_C2|20260903|5,networks/S2/KDE/f2_W02_C2_s20260903_d05.csv
S2,2,W02_C2,KDE,20260903,6,1295729716,KDE|S2|main|2|W02_C2|20260903|6,networks/S2/KDE/f2_W02_C2_s20260903_d06.csv
S2,2,W02_C2,KDE,20260903,7,977040546,KDE|S2|main|2|W02_C2|20260903|7,networks/S2/KDE/f2_W02_C2_s20260903_d07.csv
S2,2,W02_C2,KDE,7,0,1137605370,KDE|S2|main|2|W02_C2|7|0,networks/S2/KDE/f2_W02_C2_s7_d00.csv
S2,2,W02_C2,KDE,7,1,885607020,KDE|S2|main|2|W02_C2|7|1,networks/S2/KDE/f2_W02_C2_s7_d01.csv
S2,2,W02_C2,KDE,7,2,2915048406,KDE|S2|main|2|W02_C2|7|2,networks/S2/KDE/f2_W02_C2_s7_d02.csv
S2,2,W02_C2,KDE,7,3,3670485824,KDE|S2|main|2|W02_C2|7|3,networks/S2/KDE/f2_W02_C2_s7_d03.csv
S2,2,W02_C2,KDE,7,4,1151581923,KDE|S2|main|2|W02_C2|7|4,networks/S2/KDE/f2_W02_C2_s7_d04.csv
S2,2,W02_C2,KDE,7,5,866422389,KDE|S2|main|2|W02_C2|7|5,networks/S2/KDE/f2_W02_C2_s7_d05.csv
S2,2,W02_C2,KDE,7,6,2863521743,KDE|S2|main|2|W02_C2|7|6,networks/S2/KDE/f2_W02_C2_s7_d06.csv
S2,2,W02_C2,KDE,7,7,3718967129,KDE|S2|main|2|W02_C2|7|7,networks/S2/KDE/f2_W02_C2_s7_d07.csv
S2,2,W02_C3,EVAE,1337,0,24410801,EVAE|S2|geobg|2|W02_C3|1337|0,networks/S2/EVAE/f2_W02_C3_s1337_d00.csv
S2,2,W02_C3,EVAE,1337,1,1987267111,EVAE|S2|geobg|2|W02_C3|1337|1,networks/S2/EVAE/f2_W02_C3_s1337_d01.csv
S2,2,W02_C3,EVAE,1337,2,4017757085,EVAE|S2|geobg|2|W02_C3|1337|2,networks/S2/EVAE/f2_W02_C3_s1337_d02.csv
S2,2,W02_C3,EVAE,1337,3,2558339851,EVAE|S2|geobg|2|W02_C3|1337|3,networks/S2/EVAE/f2_W02_C3_s1337_d03.csv
S2,2,W02_C3,EVAE,1337,4,102350504,EVAE|S2|geobg|2|W02_C3|1337|4,networks/S2/EVAE/f2_W02_C3_s1337_d04.csv
S2,2,W02_C3,EVAE,1337,5,1897827902,EVAE|S2|geobg|2|W02_C3|1337|5,networks/S2/EVAE/f2_W02_C3_s1337_d05.csv
S2,2,W02_C3,EVAE,1337,6,3893878660,EVAE|S2|geobg|2|W02_C3|1337|6,networks/S2/EVAE/f2_W02_C3_s1337_d06.csv
S2,2,W02_C3,EVAE,1337,7,2668687122,EVAE|S2|geobg|2|W02_C3|1337|7,networks/S2/EVAE/f2_W02_C3_s1337_d07.csv
S2,2,W02_C3,EVAE,20260903,0,1593841333,EVAE|S2|geobg|2|W02_C3|20260903|0,networks/S2/EVAE/f2_W02_C3_s20260903_d00.csv
S2,2,W02_C3,EVAE,20260903,1,671557155,EVAE|S2|geobg|2|W02_C3|20260903|1,networks/S2/EVAE/f2_W02_C3_s20260903_d01.csv
S2,2,W02_C3,EVAE,20260903,2,2970515353,EVAE|S2|geobg|2|W02_C3|20260903|2,networks/S2/EVAE/f2_W02_C3_s20260903_d02.csv
S2,2,W02_C3,EVAE,20260903,3,3322496783,EVAE|S2|geobg|2|W02_C3|20260903|3,networks/S2/EVAE/f2_W02_C3_s20260903_d03.csv
S2,2,W02_C3,EVAE,20260903,4,1483592364,EVAE|S2|geobg|2|W02_C3|20260903|4,networks/S2/EVAE/f2_W02_C3_s20260903_d04.csv
S2,2,W02_C3,EVAE,20260903,5,795533882,EVAE|S2|geobg|2|W02_C3|20260903|5,networks/S2/EVAE/f2_W02_C3_s20260903_d05.csv
S2,2,W02_C3,EVAE,20260903,6,3059987328,EVAE|S2|geobg|2|W02_C3|20260903|6,networks/S2/EVAE/f2_W02_C3_s20260903_d06.csv
S2,2,W02_C3,EVAE,20260903,7,3244589846,EVAE|S2|geobg|2|W02_C3|20260903|7,networks/S2/EVAE/f2_W02_C3_s20260903_d07.csv
S2,2,W02_C3,EVAE,7,0,3254285514,EVAE|S2|geobg|2|W02_C3|7|0,networks/S2/EVAE/f2_W02_C3_s7_d00.csv
S2,2,W02_C3,EVAE,7,1,3070182492,EVAE|S2|geobg|2|W02_C3|7|1,networks/S2/EVAE/f2_W02_C3_s7_d01.csv
S2,2,W02_C3,EVAE,7,2,804656614,EVAE|S2|geobg|2|W02_C3|7|2,networks/S2/EVAE/f2_W02_C3_s7_d02.csv
S2,2,W02_C3,EVAE,7,3,1492198768,EVAE|S2|geobg|2|W02_C3|7|3,networks/S2/EVAE/f2_W02_C3_s7_d03.csv
S2,2,W02_C3,EVAE,7,4,3331698899,EVAE|S2|geobg|2|W02_C3|7|4,networks/S2/EVAE/f2_W02_C3_s7_d04.csv
S2,2,W02_C3,EVAE,7,5,2979168325,EVAE|S2|geobg|2|W02_C3|7|5,networks/S2/EVAE/f2_W02_C3_s7_d05.csv
S2,2,W02_C3,EVAE,7,6,681300479,EVAE|S2|geobg|2|W02_C3|7|6,networks/S2/EVAE/f2_W02_C3_s7_d06.csv
S2,2,W02_C3,EVAE,7,7,1604116841,EVAE|S2|geobg|2|W02_C3|7|7,networks/S2/EVAE/f2_W02_C3_s7_d07.csv
S2,2,W02_C3,ADFNE,1337,0,1519395877,ADFNE|S2|main|2|W02_C3|1337|0,networks/S2/ADFNE/f2_W02_C3_s1337_d00.csv
S2,2,W02_C3,ADFNE,1337,1,764875955,ADFNE|S2|main|2|W02_C3|1337|1,networks/S2/ADFNE/f2_W02_C3_s1337_d01.csv
S2,2,W02_C3,ADFNE,1337,2,3030271241,ADFNE|S2|main|2|W02_C3|1337|2,networks/S2/ADFNE/f2_W02_C3_s1337_d02.csv
S2,2,W02_C3,ADFNE,1337,3,3281614239,ADFNE|S2|main|2|W02_C3|1337|3,networks/S2/ADFNE/f2_W02_C3_s1337_d03.csv
S2,2,W02_C3,ADFNE,1337,4,1576919100,ADFNE|S2|main|2|W02_C3|1337|4,networks/S2/ADFNE/f2_W02_C3_s1337_d04.csv
S2,2,W02_C3,ADFNE,1337,5,721080490,ADFNE|S2|main|2|W02_C3|1337|5,networks/S2/ADFNE/f2_W02_C3_s1337_d05.csv
S2,2,W02_C3,ADFNE,1337,6,3019079952,ADFNE|S2|main|2|W02_C3|1337|6,networks/S2/ADFNE/f2_W02_C3_s1337_d06.csv
S2,2,W02_C3,ADFNE,1337,7,3304370566,ADFNE|S2|main|2|W02_C3|1337|7,networks/S2/ADFNE/f2_W02_C3_s1337_d07.csv
S2,2,W02_C3,ADFNE,20260903,0,3450592616,ADFNE|S2|main|2|W02_C3|20260903|0,networks/S2/ADFNE/f2_W02_C3_s20260903_d00.csv
S2,2,W02_C3,ADFNE,20260903,1,3131895294,ADFNE|S2|main|2|W02_C3|20260903|1,networks/S2/ADFNE/f2_W02_C3_s20260903_d01.csv
S2,2,W02_C3,ADFNE,20260903,2,598064196,ADFNE|S2|main|2|W02_C3|20260903|2,networks/S2/ADFNE/f2_W02_C3_s20260903_d02.csv
S2,2,W02_C3,ADFNE,20260903,3,1419939026,ADFNE|S2|main|2|W02_C3|20260903|3,networks/S2/ADFNE/f2_W02_C3_s20260903_d03.csv
S2,2,W02_C3,ADFNE,20260903,4,3401980273,ADFNE|S2|main|2|W02_C3|20260903|4,networks/S2/ADFNE/f2_W02_C3_s20260903_d04.csv
S2,2,W02_C3,ADFNE,20260903,5,3183552999,ADFNE|S2|main|2|W02_C3|20260903|5,networks/S2/ADFNE/f2_W02_C3_s20260903_d05.csv
S2,2,W02_C3,ADFNE,20260903,6,617117789,ADFNE|S2|main|2|W02_C3|20260903|6,networks/S2/ADFNE/f2_W02_C3_s20260903_d06.csv
S2,2,W02_C3,ADFNE,20260903,7,1406093515,ADFNE|S2|main|2|W02_C3|20260903|7,networks/S2/ADFNE/f2_W02_C3_s20260903_d07.csv
S2,2,W02_C3,ADFNE,7,0,3335872743,ADFNE|S2|main|2|W02_C3|7|0,networks/S2/ADFNE/f2_W02_C3_s7_d00.csv
S2,2,W02_C3,ADFNE,7,1,2983350385,ADFNE|S2|main|2|W02_C3|7|1,networks/S2/ADFNE/f2_W02_C3_s7_d01.csv
S2,2,W02_C3,ADFNE,7,2,685441483,ADFNE|S2|main|2|W02_C3|7|2,networks/S2/ADFNE/f2_W02_C3_s7_d02.csv
S2,2,W02_C3,ADFNE,7,3,1608266077,ADFNE|S2|main|2|W02_C3|7|3,networks/S2/ADFNE/f2_W02_C3_s7_d03.csv
S2,2,W02_C3,ADFNE,7,4,3250103550,ADFNE|S2|main|2|W02_C3|7|4,networks/S2/ADFNE/f2_W02_C3_s7_d04.csv
S2,2,W02_C3,ADFNE,7,5,3066008680,ADFNE|S2|main|2|W02_C3|7|5,networks/S2/ADFNE/f2_W02_C3_s7_d05.csv
S2,2,W02_C3,ADFNE,7,6,800507346,ADFNE|S2|main|2|W02_C3|7|6,networks/S2/ADFNE/f2_W02_C3_s7_d06.csv
S2,2,W02_C3,ADFNE,7,7,1488057668,ADFNE|S2|main|2|W02_C3|7|7,networks/S2/ADFNE/f2_W02_C3_s7_d07.csv
S2,2,W02_C3,KDE,1337,0,3096192810,KDE|S2|main|2|W02_C3|1337|0,networks/S2/KDE/f2_W02_C3_s1337_d00.csv
S2,2,W02_C3,KDE,1337,1,3481999292,KDE|S2|main|2|W02_C3|1337|1,networks/S2/KDE/f2_W02_C3_s1337_d01.csv
S2,2,W02_C3,KDE,1337,2,1451378182,KDE|S2|main|2|W02_C3|1337|2,networks/S2/KDE/f2_W02_C3_s1337_d02.csv
S2,2,W02_C3,KDE,1337,3,562394768,KDE|S2|main|2|W02_C3|1337|3,networks/S2/KDE/f2_W02_C3_s1337_d03.csv
S2,2,W02_C3,KDE,1337,4,3219252019,KDE|S2|main|2|W02_C3|1337|4,networks/S2/KDE/f2_W02_C3_s1337_d04.csv
S2,2,W02_C3,KDE,1337,5,3370570661,KDE|S2|main|2|W02_C3|1337|5,networks/S2/KDE/f2_W02_C3_s1337_d05.csv
S2,2,W02_C3,KDE,1337,6,1374650911,KDE|S2|main|2|W02_C3|1337|6,networks/S2/KDE/f2_W02_C3_s1337_d06.csv
S2,2,W02_C3,KDE,1337,7,652784265,KDE|S2|main|2|W02_C3|1337|7,networks/S2/KDE/f2_W02_C3_s1337_d07.csv
S2,2,W02_C3,KDE,20260903,0,1073589614,KDE|S2|main|2|W02_C3|20260903|0,networks/S2/KDE/f2_W02_C3_s20260903_d00.csv
S2,2,W02_C3,KDE,20260903,1,1224383992,KDE|S2|main|2|W02_C3|20260903|1,networks/S2/KDE/f2_W02_C3_s20260903_d01.csv
S2,2,W02_C3,KDE,20260903,2,3522415682,KDE|S2|main|2|W02_C3|20260903|2,networks/S2/KDE/f2_W02_C3_s20260903_d02.csv
S2,2,W02_C3,KDE,20260903,3,2801073364,KDE|S2|main|2|W02_C3|20260903|3,networks/S2/KDE/f2_W02_C3_s20260903_d03.csv
S2,2,W02_C3,KDE,20260903,4,948988279,KDE|S2|main|2|W02_C3|20260903|4,networks/S2/KDE/f2_W02_C3_s20260903_d04.csv
S2,2,W02_C3,KDE,20260903,5,1335319009,KDE|S2|main|2|W02_C3|20260903|5,networks/S2/KDE/f2_W02_C3_s20260903_d05.csv
S2,2,W02_C3,KDE,20260903,6,3600681051,KDE|S2|main|2|W02_C3|20260903|6,networks/S2/KDE/f2_W02_C3_s20260903_d06.csv
S2,2,W02_C3,KDE,20260903,7,2711173325,KDE|S2|main|2|W02_C3|20260903|7,networks/S2/KDE/f2_W02_C3_s20260903_d07.csv
S2,2,W02_C3,KDE,7,0,2125353802,KDE|S2|main|2|W02_C3|7|0,networks/S2/KDE/f2_W02_C3_s7_d00.csv
S2,2,W02_C3,KDE,7,1,162096092,KDE|S2|main|2|W02_C3|7|1,networks/S2/KDE/f2_W02_C3_s7_d01.csv
S2,2,W02_C3,KDE,7,2,2426417766,KDE|S2|main|2|W02_C3|7|2,networks/S2/KDE/f2_W02_C3_s7_d02.csv
S2,2,W02_C3,KDE,7,3,3886482160,KDE|S2|main|2|W02_C3|7|3,networks/S2/KDE/f2_W02_C3_s7_d03.csv
S2,2,W02_C3,KDE,7,4,2042861395,KDE|S2|main|2|W02_C3|7|4,networks/S2/KDE/f2_W02_C3_s7_d04.csv
S2,2,W02_C3,KDE,7,5,247769029,KDE|S2|main|2|W02_C3|7|5,networks/S2/KDE/f2_W02_C3_s7_d05.csv
S2,2,W02_C3,KDE,7,6,2546857599,KDE|S2|main|2|W02_C3|7|6,networks/S2/KDE/f2_W02_C3_s7_d06.csv
S2,2,W02_C3,KDE,7,7,3771385577,KDE|S2|main|2|W02_C3|7|7,networks/S2/KDE/f2_W02_C3_s7_d07.csv
S2,2,W02_C4,EVAE,1337,0,196178856,EVAE|S2|geobg|2|W02_C4|1337|0,networks/S2/EVAE/f2_W02_C4_s1337_d00.csv
S2,2,W02_C4,EVAE,1337,1,2092319550,EVAE|S2|geobg|2|W02_C4|1337|1,networks/S2/EVAE/f2_W02_C4_s1337_d01.csv
S2,2,W02_C4,EVAE,1337,2,3854504580,EVAE|S2|geobg|2|W02_C4|1337|2,networks/S2/EVAE/f2_W02_C4_s1337_d02.csv
S2,2,W02_C4,EVAE,1337,3,2461540882,EVAE|S2|geobg|2|W02_C4|1337|3,networks/S2/EVAE/f2_W02_C4_s1337_d03.csv
S2,2,W02_C4,EVAE,1337,4,215791537,EVAE|S2|geobg|2|W02_C4|1337|4,networks/S2/EVAE/f2_W02_C4_s1337_d04.csv
S2,2,W02_C4,EVAE,1337,5,2077984551,EVAE|S2|geobg|2|W02_C4|1337|5,networks/S2/EVAE/f2_W02_C4_s1337_d05.csv
S2,2,W02_C4,EVAE,1337,6,3805468317,EVAE|S2|geobg|2|W02_C4|1337|6,networks/S2/EVAE/f2_W02_C4_s1337_d06.csv
S2,2,W02_C4,EVAE,1337,7,2513823243,EVAE|S2|geobg|2|W02_C4|1337|7,networks/S2/EVAE/f2_W02_C4_s1337_d07.csv
S2,2,W02_C4,EVAE,20260903,0,731447098,EVAE|S2|geobg|2|W02_C4|20260903|0,networks/S2/EVAE/f2_W02_C4_s20260903_d00.csv
S2,2,W02_C4,EVAE,20260903,1,1553977260,EVAE|S2|geobg|2|W02_C4|20260903|1,networks/S2/EVAE/f2_W02_C4_s20260903_d01.csv
S2,2,W02_C4,EVAE,20260903,2,3314982422,EVAE|S2|geobg|2|W02_C4|20260903|2,networks/S2/EVAE/f2_W02_C4_s20260903_d02.csv
S2,2,W02_C4,EVAE,20260903,3,2995891840,EVAE|S2|geobg|2|W02_C4|20260903|3,networks/S2/EVAE/f2_W02_C4_s20260903_d03.csv
S2,2,W02_C4,EVAE,20260903,4,754268963,EVAE|S2|geobg|2|W02_C4|20260903|4,networks/S2/EVAE/f2_W02_C4_s20260903_d04.csv
S2,2,W02_C4,EVAE,20260903,5,1542589365,EVAE|S2|geobg|2|W02_C4|20260903|5,networks/S2/EVAE/f2_W02_C4_s20260903_d05.csv
S2,2,W02_C4,EVAE,20260903,6,3271252495,EVAE|S2|geobg|2|W02_C4|20260903|6,networks/S2/EVAE/f2_W02_C4_s20260903_d06.csv
S2,2,W02_C4,EVAE,20260903,7,3053218457,EVAE|S2|geobg|2|W02_C4|20260903|7,networks/S2/EVAE/f2_W02_C4_s20260903_d07.csv
S2,2,W02_C4,EVAE,7,0,1943578842,EVAE|S2|geobg|2|W02_C4|7|0,networks/S2/EVAE/f2_W02_C4_s7_d00.csv
S2,2,W02_C4,EVAE,7,1,81762380,EVAE|S2|geobg|2|W02_C4|7|1,networks/S2/EVAE/f2_W02_C4_s7_d01.csv
S2,2,W02_C4,EVAE,7,2,2648099318,EVAE|S2|geobg|2|W02_C4|7|2,networks/S2/EVAE/f2_W02_C4_s7_d02.csv
S2,2,W02_C4,EVAE,7,3,3939629408,EVAE|S2|geobg|2|W02_C4|7|3,networks/S2/EVAE/f2_W02_C4_s7_d03.csv
S2,2,W02_C4,EVAE,7,4,1958046915,EVAE|S2|geobg|2|W02_C4|7|4,networks/S2/EVAE/f2_W02_C4_s7_d04.csv
S2,2,W02_C4,EVAE,7,5,62020693,EVAE|S2|geobg|2|W02_C4|7|5,networks/S2/EVAE/f2_W02_C4_s7_d05.csv
S2,2,W02_C4,EVAE,7,6,2595950063,EVAE|S2|geobg|2|W02_C4|7|6,networks/S2/EVAE/f2_W02_C4_s7_d06.csv
S2,2,W02_C4,EVAE,7,7,3988536697,EVAE|S2|geobg|2|W02_C4|7|7,networks/S2/EVAE/f2_W02_C4_s7_d07.csv
S2,2,W02_C4,ADFNE,1337,0,1347759420,ADFNE|S2|main|2|W02_C4|1337|0,networks/S2/ADFNE/f2_W02_C4_s1337_d00.csv
S2,2,W02_C4,ADFNE,1337,1,659692970,ADFNE|S2|main|2|W02_C4|1337|1,networks/S2/ADFNE/f2_W02_C4_s1337_d01.csv
S2,2,W02_C4,ADFNE,1337,2,3193654288,ADFNE|S2|main|2|W02_C4|1337|2,networks/S2/ADFNE/f2_W02_C4_s1337_d02.csv
S2,2,W02_C4,ADFNE,1337,3,3378281606,ADFNE|S2|main|2|W02_C4|1337|3,networks/S2/ADFNE/f2_W02_C4_s1337_d03.csv
S2,2,W02_C4,ADFNE,1337,4,1463347493,ADFNE|S2|main|2|W02_C4|1337|4,networks/S2/ADFNE/f2_W02_C4_s1337_d04.csv
S2,2,W02_C4,ADFNE,1337,5,541055411,ADFNE|S2|main|2|W02_C4|1337|5,networks/S2/ADFNE/f2_W02_C4_s1337_d05.csv
S2,2,W02_C4,ADFNE,1337,6,3107358729,ADFNE|S2|main|2|W02_C4|1337|6,networks/S2/ADFNE/f2_W02_C4_s1337_d06.csv
S2,2,W02_C4,ADFNE,1337,7,3459365023,ADFNE|S2|main|2|W02_C4|1337|7,networks/S2/ADFNE/f2_W02_C4_s1337_d07.csv
S2,2,W02_C4,ADFNE,20260903,0,3107140839,ADFNE|S2|main|2|W02_C4|20260903|0,networks/S2/ADFNE/f2_W02_C4_s20260903_d00.csv
S2,2,W02_C4,ADFNE,20260903,1,3459515505,ADFNE|S2|main|2|W02_C4|20260903|1,networks/S2/ADFNE/f2_W02_C4_s20260903_d01.csv
S2,2,W02_C4,ADFNE,20260903,2,1463637451,ADFNE|S2|main|2|W02_C4|20260903|2,networks/S2/ADFNE/f2_W02_C4_s20260903_d02.csv
S2,2,W02_C4,ADFNE,20260903,3,540697949,ADFNE|S2|main|2|W02_C4|20260903|3,networks/S2/ADFNE/f2_W02_C4_s20260903_d03.csv
S2,2,W02_C4,ADFNE,20260903,4,3193893118,ADFNE|S2|main|2|W02_C4|20260903|4,networks/S2/ADFNE/f2_W02_C4_s20260903_d04.csv
S2,2,W02_C4,ADFNE,20260903,5,3378102376,ADFNE|S2|main|2|W02_C4|20260903|5,networks/S2/ADFNE/f2_W02_C4_s20260903_d05.csv
S2,2,W02_C4,ADFNE,20260903,6,1347457490,ADFNE|S2|main|2|W02_C4|20260903|6,networks/S2/ADFNE/f2_W02_C4_s20260903_d06.csv
S2,2,W02_C4,ADFNE,20260903,7,660054340,ADFNE|S2|main|2|W02_C4|20260903|7,networks/S2/ADFNE/f2_W02_C4_s20260903_d07.csv
S2,2,W02_C4,ADFNE,7,0,1962261751,ADFNE|S2|main|2|W02_C4|7|0,networks/S2/ADFNE/f2_W02_C4_s7_d00.csv
S2,2,W02_C4,ADFNE,7,1,66227297,ADFNE|S2|main|2|W02_C4|7|1,networks/S2/ADFNE/f2_W02_C4_s7_d01.csv
S2,2,W02_C4,ADFNE,7,2,2600197595,ADFNE|S2|main|2|W02_C4|7|2,networks/S2/ADFNE/f2_W02_C4_s7_d02.csv
S2,2,W02_C4,ADFNE,7,3,3992776013,ADFNE|S2|main|2|W02_C4|7|3,networks/S2/ADFNE/f2_W02_C4_s7_d03.csv
S2,2,W02_C4,ADFNE,7,4,1939372270,ADFNE|S2|main|2|W02_C4|7|4,networks/S2/ADFNE/f2_W02_C4_s7_d04.csv
S2,2,W02_C4,ADFNE,7,5,77547640,ADFNE|S2|main|2|W02_C4|7|5,networks/S2/ADFNE/f2_W02_C4_s7_d05.csv
S2,2,W02_C4,ADFNE,7,6,2643859906,ADFNE|S2|main|2|W02_C4|7|6,networks/S2/ADFNE/f2_W02_C4_s7_d06.csv
S2,2,W02_C4,ADFNE,7,7,3935381844,ADFNE|S2|main|2|W02_C4|7|7,networks/S2/ADFNE/f2_W02_C4_s7_d07.csv
S2,2,W02_C4,KDE,1337,0,2991140403,KDE|S2|main|2|W02_C4|1337|0,networks/S2/KDE/f2_W02_C4_s1337_d00.csv
S2,2,W02_C4,KDE,1337,1,3310231205,KDE|S2|main|2|W02_C4|1337|1,networks/S2/KDE/f2_W02_C4_s1337_d01.csv
S2,2,W02_C4,KDE,1337,2,1548177183,KDE|S2|main|2|W02_C4|1337|2,networks/S2/KDE/f2_W02_C4_s1337_d02.csv
S2,2,W02_C4,KDE,1337,3,725647241,KDE|S2|main|2|W02_C4|1337|3,networks/S2/KDE/f2_W02_C4_s1337_d03.csv
S2,2,W02_C4,KDE,1337,4,3039095338,KDE|S2|main|2|W02_C4|1337|4,networks/S2/KDE/f2_W02_C4_s1337_d04.csv
S2,2,W02_C4,KDE,1337,5,3257129660,KDE|S2|main|2|W02_C4|1337|5,networks/S2/KDE/f2_W02_C4_s1337_d05.csv
S2,2,W02_C4,KDE,1337,6,1529514758,KDE|S2|main|2|W02_C4|1337|6,networks/S2/KDE/f2_W02_C4_s1337_d06.csv
S2,2,W02_C4,KDE,1337,7,741194640,KDE|S2|main|2|W02_C4|1337|7,networks/S2/KDE/f2_W02_C4_s1337_d07.csv
S2,2,W02_C4,KDE,20260903,0,1264927969,KDE|S2|main|2|W02_C4|20260903|0,networks/S2/KDE/f2_W02_C4_s20260903_d00.csv
S2,2,W02_C4,KDE,20260903,1,1013085303,KDE|S2|main|2|W02_C4|20260903|1,networks/S2/KDE/f2_W02_C4_s20260903_d01.csv
S2,2,W02_C4,KDE,20260903,2,2775262669,KDE|S2|main|2|W02_C4|20260903|2,networks/S2/KDE/f2_W02_C4_s20260903_d02.csv
S2,2,W02_C4,KDE,20260903,3,3530298715,KDE|S2|main|2|W02_C4|20260903|3,networks/S2/KDE/f2_W02_C4_s20260903_d03.csv
S2,2,W02_C4,KDE,20260903,4,1275625720,KDE|S2|main|2|W02_C4|20260903|4,networks/S2/KDE/f2_W02_C4_s20260903_d04.csv
S2,2,W02_C4,KDE,20260903,5,990883950,KDE|S2|main|2|W02_C4|20260903|5,networks/S2/KDE/f2_W02_C4_s20260903_d05.csv
S2,2,W02_C4,KDE,20260903,6,2718360020,KDE|S2|main|2|W02_C4|20260903|6,networks/S2/KDE/f2_W02_C4_s20260903_d06.csv
S2,2,W02_C4,KDE,20260903,7,3573666114,KDE|S2|main|2|W02_C4|20260903|7,networks/S2/KDE/f2_W02_C4_s20260903_d07.csv
S2,2,W02_C4,KDE,7,0,3431894874,KDE|S2|main|2|W02_C4|7|0,networks/S2/KDE/f2_W02_C4_s7_d00.csv
S2,2,W02_C4,KDE,7,1,3146366924,KDE|S2|main|2|W02_C4|7|1,networks/S2/KDE/f2_W02_C4_s7_d01.csv
S2,2,W02_C4,KDE,7,2,578874998,KDE|S2|main|2|W02_C4|7|2,networks/S2/KDE/f2_W02_C4_s7_d02.csv
S2,2,W02_C4,KDE,7,3,1434967776,KDE|S2|main|2|W02_C4|7|3,networks/S2/KDE/f2_W02_C4_s7_d03.csv
S2,2,W02_C4,KDE,7,4,3420670787,KDE|S2|main|2|W02_C4|7|4,networks/S2/KDE/f2_W02_C4_s7_d04.csv
S2,2,W02_C4,KDE,7,5,3169090517,KDE|S2|main|2|W02_C4|7|5,networks/S2/KDE/f2_W02_C4_s7_d05.csv
S2,2,W02_C4,KDE,7,6,636299887,KDE|S2|main|2|W02_C4|7|6,networks/S2/KDE/f2_W02_C4_s7_d06.csv
S2,2,W02_C4,KDE,7,7,1391074041,KDE|S2|main|2|W02_C4|7|7,networks/S2/KDE/f2_W02_C4_s7_d07.csv
S2,2,W02_C5,EVAE,1337,0,3340464950,EVAE|S2|geobg|2|W02_C5|1337|0,networks/S2/EVAE/f2_W02_C5_s1337_d00.csv
S2,2,W02_C5,EVAE,1337,1,2954642336,EVAE|S2|geobg|2|W02_C5|1337|1,networks/S2/EVAE/f2_W02_C5_s1337_d01.csv
S2,2,W02_C5,EVAE,1337,2,689246746,EVAE|S2|geobg|2|W02_C5|1337|2,networks/S2/EVAE/f2_W02_C5_s1337_d02.csv
S2,2,W02_C5,EVAE,1337,3,1578246796,EVAE|S2|geobg|2|W02_C5|1337|3,networks/S2/EVAE/f2_W02_C5_s1337_d03.csv
S2,2,W02_C5,EVAE,1337,4,3229005615,EVAE|S2|geobg|2|W02_C5|1337|4,networks/S2/EVAE/f2_W02_C5_s1337_d04.csv
S2,2,W02_C5,EVAE,1337,5,3077670841,EVAE|S2|geobg|2|W02_C5|1337|5,networks/S2/EVAE/f2_W02_C5_s1337_d05.csv
S2,2,W02_C5,EVAE,1337,6,779671043,EVAE|S2|geobg|2|W02_C5|1337|6,networks/S2/EVAE/f2_W02_C5_s1337_d06.csv
S2,2,W02_C5,EVAE,1337,7,1501554325,EVAE|S2|geobg|2|W02_C5|1337|7,networks/S2/EVAE/f2_W02_C5_s1337_d07.csv
S2,2,W02_C5,EVAE,20260903,0,2956833621,EVAE|S2|geobg|2|W02_C5|20260903|0,networks/S2/EVAE/f2_W02_C5_s20260903_d00.csv
S2,2,W02_C5,EVAE,20260903,1,3342500803,EVAE|S2|geobg|2|W02_C5|20260903|1,networks/S2/EVAE/f2_W02_C5_s20260903_d01.csv
S2,2,W02_C5,EVAE,20260903,2,1580454521,EVAE|S2|geobg|2|W02_C5|20260903|2,networks/S2/EVAE/f2_W02_C5_s20260903_d02.csv
S2,2,W02_C5,EVAE,20260903,3,691331823,EVAE|S2|geobg|2|W02_C5|20260903|3,networks/S2/EVAE/f2_W02_C5_s20260903_d03.csv
S2,2,W02_C5,EVAE,20260903,4,3075503948,EVAE|S2|geobg|2|W02_C5|20260903|4,networks/S2/EVAE/f2_W02_C5_s20260903_d04.csv
S2,2,W02_C5,EVAE,20260903,5,3226945498,EVAE|S2|geobg|2|W02_C5|20260903|5,networks/S2/EVAE/f2_W02_C5_s20260903_d05.csv
S2,2,W02_C5,EVAE,20260903,6,1499338336,EVAE|S2|geobg|2|W02_C5|20260903|6,networks/S2/EVAE/f2_W02_C5_s20260903_d06.csv
S2,2,W02_C5,EVAE,20260903,7,777594614,EVAE|S2|geobg|2|W02_C5|20260903|7,networks/S2/EVAE/f2_W02_C5_s20260903_d07.csv
S2,2,W02_C5,EVAE,7,0,1320714602,EVAE|S2|geobg|2|W02_C5|7|0,networks/S2/EVAE/f2_W02_C5_s7_d00.csv
S2,2,W02_C5,EVAE,7,1,968864252,EVAE|S2|geobg|2|W02_C5|7|1,networks/S2/EVAE/f2_W02_C5_s7_d01.csv
S2,2,W02_C5,EVAE,7,2,2696339526,EVAE|S2|geobg|2|W02_C5|7|2,networks/S2/EVAE/f2_W02_C5_s7_d02.csv
S2,2,W02_C5,EVAE,7,3,3618754768,EVAE|S2|geobg|2|W02_C5|7|3,networks/S2/EVAE/f2_W02_C5_s7_d03.csv
S2,2,W02_C5,EVAE,7,4,1238713715,EVAE|S2|geobg|2|W02_C5|7|4,networks/S2/EVAE/f2_W02_C5_s7_d04.csv
S2,2,W02_C5,EVAE,7,5,1053980133,EVAE|S2|geobg|2|W02_C5|7|5,networks/S2/EVAE/f2_W02_C5_s7_d05.csv
S2,2,W02_C5,EVAE,7,6,2816156767,EVAE|S2|geobg|2|W02_C5|7|6,networks/S2/EVAE/f2_W02_C5_s7_d06.csv
S2,2,W02_C5,EVAE,7,7,3504084169,EVAE|S2|geobg|2|W02_C5|7|7,networks/S2/EVAE/f2_W02_C5_s7_d07.csv
S2,2,W02_C5,ADFNE,1337,0,2633969058,ADFNE|S2|main|2|W02_C5|1337|0,networks/S2/ADFNE/f2_W02_C5_s1337_d00.csv
S2,2,W02_C5,ADFNE,1337,1,3958906164,ADFNE|S2|main|2|W02_C5|1337|1,networks/S2/ADFNE/f2_W02_C5_s1337_d01.csv
S2,2,W02_C5,ADFNE,1337,2,1928416398,ADFNE|S2|main|2|W02_C5|1337|2,networks/S2/ADFNE/f2_W02_C5_s1337_d02.csv
S2,2,W02_C5,ADFNE,1337,3,100039704,ADFNE|S2|main|2|W02_C5|1337|3,networks/S2/ADFNE/f2_W02_C5_s1337_d03.csv
S2,2,W02_C5,ADFNE,1337,4,2610096571,ADFNE|S2|main|2|W02_C5|1337|4,networks/S2/ADFNE/f2_W02_C5_s1337_d04.csv
S2,2,W02_C5,ADFNE,1337,5,3969243437,ADFNE|S2|main|2|W02_C5|1337|5,networks/S2/ADFNE/f2_W02_C5_s1337_d05.csv
S2,2,W02_C5,ADFNE,1337,6,1973192855,ADFNE|S2|main|2|W02_C5|1337|6,networks/S2/ADFNE/f2_W02_C5_s1337_d06.csv
S2,2,W02_C5,ADFNE,1337,7,43759617,ADFNE|S2|main|2|W02_C5|1337|7,networks/S2/ADFNE/f2_W02_C5_s1337_d07.csv
S2,2,W02_C5,ADFNE,20260903,0,580286600,ADFNE|S2|main|2|W02_C5|20260903|0,networks/S2/ADFNE/f2_W02_C5_s20260903_d00.csv
S2,2,W02_C5,ADFNE,20260903,1,1435584542,ADFNE|S2|main|2|W02_C5|20260903|1,networks/S2/ADFNE/f2_W02_C5_s20260903_d01.csv
S2,2,W02_C5,ADFNE,20260903,2,3432520100,ADFNE|S2|main|2|W02_C5|20260903|2,networks/S2/ADFNE/f2_W02_C5_s20260903_d02.csv
S2,2,W02_C5,ADFNE,20260903,3,3147770162,ADFNE|S2|main|2|W02_C5|20260903|3,networks/S2/ADFNE/f2_W02_C5_s20260903_d03.csv
S2,2,W02_C5,ADFNE,20260903,4,637254801,ADFNE|S2|main|2|W02_C5|20260903|4,networks/S2/ADFNE/f2_W02_C5_s20260903_d04.csv
S2,2,W02_C5,ADFNE,20260903,5,1392282631,ADFNE|S2|main|2|W02_C5|20260903|5,networks/S2/ADFNE/f2_W02_C5_s20260903_d05.csv
S2,2,W02_C5,ADFNE,20260903,6,3421887933,ADFNE|S2|main|2|W02_C5|20260903|6,networks/S2/ADFNE/f2_W02_C5_s20260903_d06.csv
S2,2,W02_C5,ADFNE,20260903,7,3170037035,ADFNE|S2|main|2|W02_C5|20260903|7,networks/S2/ADFNE/f2_W02_C5_s20260903_d07.csv
S2,2,W02_C5,ADFNE,7,0,1234539847,ADFNE|S2|main|2|W02_C5|7|0,networks/S2/ADFNE/f2_W02_C5_s7_d00.csv
S2,2,W02_C5,ADFNE,7,1,1049798097,ADFNE|S2|main|2|W02_C5|7|1,networks/S2/ADFNE/f2_W02_C5_s7_d01.csv
S2,2,W02_C5,ADFNE,7,2,2812015723,ADFNE|S2|main|2|W02_C5|7|2,networks/S2/ADFNE/f2_W02_C5_s7_d02.csv
S2,2,W02_C5,ADFNE,7,3,3499934973,ADFNE|S2|main|2|W02_C5|7|3,networks/S2/ADFNE/f2_W02_C5_s7_d03.csv
S2,2,W02_C5,ADFNE,7,4,1324896606,ADFNE|S2|main|2|W02_C5|7|4,networks/S2/ADFNE/f2_W02_C5_s7_d04.csv
S2,2,W02_C5,ADFNE,7,5,973038024,ADFNE|S2|main|2|W02_C5|7|5,networks/S2/ADFNE/f2_W02_C5_s7_d05.csv
S2,2,W02_C5,ADFNE,7,6,2700488818,ADFNE|S2|main|2|W02_C5|7|6,networks/S2/ADFNE/f2_W02_C5_s7_d06.csv
S2,2,W02_C5,ADFNE,7,7,3622895844,ADFNE|S2|main|2|W02_C5|7|7,networks/S2/ADFNE/f2_W02_C5_s7_d07.csv
S2,2,W02_C5,KDE,1337,0,2128817837,KDE|S2|main|2|W02_C5|1337|0,networks/S2/KDE/f2_W02_C5_s1337_d00.csv
S2,2,W02_C5,KDE,1337,1,165944891,KDE|S2|main|2|W02_C5|1337|1,networks/S2/KDE/f2_W02_C5_s1337_d01.csv
S2,2,W02_C5,KDE,1337,2,2431471489,KDE|S2|main|2|W02_C5|1337|2,networks/S2/KDE/f2_W02_C5_s1337_d02.csv
S2,2,W02_C5,KDE,1337,3,3890904855,KDE|S2|main|2|W02_C5|1337|3,networks/S2/KDE/f2_W02_C5_s1337_d03.csv
S2,2,W02_C5,KDE,1337,4,2039409332,KDE|S2|main|2|W02_C5|1337|4,networks/S2/KDE/f2_W02_C5_s1337_d04.csv
S2,2,W02_C5,KDE,1337,5,243915298,KDE|S2|main|2|W02_C5|1337|5,networks/S2/KDE/f2_W02_C5_s1337_d05.csv
S2,2,W02_C5,KDE,1337,6,2541783960,KDE|S2|main|2|W02_C5|1337|6,networks/S2/KDE/f2_W02_C5_s1337_d06.csv
S2,2,W02_C5,KDE,1337,7,3766991630,KDE|S2|main|2|W02_C5|1337|7,networks/S2/KDE/f2_W02_C5_s1337_d07.csv
S2,2,W02_C5,KDE,20260903,0,3502246030,KDE|S2|main|2|W02_C5|20260903|0,networks/S2/KDE/f2_W02_C5_s20260903_d00.csv
S2,2,W02_C5,KDE,20260903,1,2814851096,KDE|S2|main|2|W02_C5|20260903|1,networks/S2/KDE/f2_W02_C5_s20260903_d01.csv
S2,2,W02_C5,KDE,20260903,2,1053714850,KDE|S2|main|2|W02_C5|20260903|2,networks/S2/KDE/f2_W02_C5_s20260903_d02.csv
S2,2,W02_C5,KDE,20260903,3,1237932340,KDE|S2|main|2|W02_C5|20260903|3,networks/S2/KDE/f2_W02_C5_s20260903_d03.csv
S2,2,W02_C5,KDE,20260903,4,3618491543,KDE|S2|main|2|W02_C5|20260903|4,networks/S2/KDE/f2_W02_C5_s20260903_d04.csv
S2,2,W02_C5,KDE,20260903,5,2695560193,KDE|S2|main|2|W02_C5|20260903|5,networks/S2/KDE/f2_W02_C5_s20260903_d05.csv
S2,2,W02_C5,KDE,20260903,6,967028155,KDE|S2|main|2|W02_C5|20260903|6,networks/S2/KDE/f2_W02_C5_s20260903_d06.csv
S2,2,W02_C5,KDE,20260903,7,1319410989,KDE|S2|main|2|W02_C5|20260903|7,networks/S2/KDE/f2_W02_C5_s20260903_d07.csv
S2,2,W02_C5,KDE,7,0,4058949354,KDE|S2|main|2|W02_C5|7|0,networks/S2/KDE/f2_W02_C5_s7_d00.csv
S2,2,W02_C5,KDE,7,1,2263455356,KDE|S2|main|2|W02_C5|7|1,networks/S2/KDE/f2_W02_C5_s7_d01.csv
S2,2,W02_C5,KDE,7,2,534824902,KDE|S2|main|2|W02_C5|7|2,networks/S2/KDE/f2_W02_C5_s7_d02.csv
S2,2,W02_C5,KDE,7,3,1760032592,KDE|S2|main|2|W02_C5|7|3,networks/S2/KDE/f2_W02_C5_s7_d03.csv
S2,2,W02_C5,KDE,7,4,4135805683,KDE|S2|main|2|W02_C5|7|4,networks/S2/KDE/f2_W02_C5_s7_d04.csv
S2,2,W02_C5,KDE,7,5,2172932709,KDE|S2|main|2|W02_C5|7|5,networks/S2/KDE/f2_W02_C5_s7_d05.csv
S2,2,W02_C5,KDE,7,6,411894751,KDE|S2|main|2|W02_C5|7|6,networks/S2/KDE/f2_W02_C5_s7_d06.csv
S2,2,W02_C5,KDE,7,7,1871328073,KDE|S2|main|2|W02_C5|7|7,networks/S2/KDE/f2_W02_C5_s7_d07.csv
S2,2,W02_C6,EVAE,1337,0,1234466005,EVAE|S2|geobg|2|W02_C6|1337|0,networks/S2/EVAE/f2_W02_C6_s1337_d00.csv
S2,2,W02_C6,EVAE,1337,1,1049838659,EVAE|S2|geobg|2|W02_C6|1337|1,networks/S2/EVAE/f2_W02_C6_s1337_d01.csv
S2,2,W02_C6,EVAE,1337,2,2811893241,EVAE|S2|geobg|2|W02_C6|1337|2,networks/S2/EVAE/f2_W02_C6_s1337_d02.csv
S2,2,W02_C6,EVAE,1337,3,3499959663,EVAE|S2|geobg|2|W02_C6|1337|3,networks/S2/EVAE/f2_W02_C6_s1337_d03.csv
S2,2,W02_C6,EVAE,1337,4,1324986572,EVAE|S2|geobg|2|W02_C6|1337|4,networks/S2/EVAE/f2_W02_C6_s1337_d04.csv
S2,2,W02_C6,EVAE,1337,5,972980314,EVAE|S2|geobg|2|W02_C6|1337|5,networks/S2/EVAE/f2_W02_C6_s1337_d05.csv
S2,2,W02_C6,EVAE,1337,6,2700595680,EVAE|S2|geobg|2|W02_C6|1337|6,networks/S2/EVAE/f2_W02_C6_s1337_d06.csv
S2,2,W02_C6,EVAE,1337,7,3622887798,EVAE|S2|geobg|2|W02_C6|1337|7,networks/S2/EVAE/f2_W02_C6_s1337_d07.csv
S2,2,W02_C6,EVAE,20260903,0,3349373349,EVAE|S2|geobg|2|W02_C6|20260903|0,networks/S2/EVAE/f2_W02_C6_s20260903_d00.csv
S2,2,W02_C6,EVAE,20260903,1,2963558707,EVAE|S2|geobg|2|W02_C6|20260903|1,networks/S2/EVAE/f2_W02_C6_s20260903_d01.csv
S2,2,W02_C6,EVAE,20260903,2,699203721,EVAE|S2|geobg|2|W02_C6|20260903|2,networks/S2/EVAE/f2_W02_C6_s20260903_d02.csv
S2,2,W02_C6,EVAE,20260903,3,1588211743,EVAE|S2|geobg|2|W02_C6|20260903|3,networks/S2/EVAE/f2_W02_C6_s20260903_d03.csv
S2,2,W02_C6,EVAE,20260903,4,3234768316,EVAE|S2|geobg|2|W02_C6|20260903|4,networks/S2/EVAE/f2_W02_C6_s20260903_d04.csv
S2,2,W02_C6,EVAE,20260903,5,3083441450,EVAE|S2|geobg|2|W02_C6|20260903|5,networks/S2/EVAE/f2_W02_C6_s20260903_d05.csv
S2,2,W02_C6,EVAE,20260903,6,784385168,EVAE|S2|geobg|2|W02_C6|20260903|6,networks/S2/EVAE/f2_W02_C6_s20260903_d06.csv
S2,2,W02_C6,EVAE,20260903,7,1506276358,EVAE|S2|geobg|2|W02_C6|20260903|7,networks/S2/EVAE/f2_W02_C6_s20260903_d07.csv
S2,2,W02_C6,EVAE,7,0,152632250,EVAE|S2|geobg|2|W02_C6|7|0,networks/S2/EVAE/f2_W02_C6_s7_d00.csv
S2,2,W02_C6,EVAE,7,1,2116012844,EVAE|S2|geobg|2|W02_C6|7|1,networks/S2/EVAE/f2_W02_C6_s7_d01.csv
S2,2,W02_C6,EVAE,7,2,3877018262,EVAE|S2|geobg|2|W02_C6|7|2,networks/S2/EVAE/f2_W02_C6_s7_d02.csv
S2,2,W02_C6,EVAE,7,3,2417076736,EVAE|S2|geobg|2|W02_C6|7|3,networks/S2/EVAE/f2_W02_C6_s7_d03.csv
S2,2,W02_C6,EVAE,7,4,242565027,EVAE|S2|geobg|2|W02_C6|7|4,networks/S2/EVAE/f2_W02_C6_s7_d04.csv
S2,2,W02_C6,EVAE,7,5,2037518133,EVAE|S2|geobg|2|W02_C6|7|5,networks/S2/EVAE/f2_W02_C6_s7_d05.csv
S2,2,W02_C6,EVAE,7,6,3766181519,EVAE|S2|geobg|2|W02_C6|7|6,networks/S2/EVAE/f2_W02_C6_s7_d06.csv
S2,2,W02_C6,EVAE,7,7,2541514265,EVAE|S2|geobg|2|W02_C6|7|7,networks/S2/EVAE/f2_W02_C6_s7_d07.csv
S2,2,W02_C6,ADFNE,1337,0,309340737,ADFNE|S2|main|2|W02_C6|1337|0,networks/S2/ADFNE/f2_W02_C6_s1337_d00.csv
S2,2,W02_C6,ADFNE,1337,1,1702304471,ADFNE|S2|main|2|W02_C6|1337|1,networks/S2/ADFNE/f2_W02_C6_s1337_d01.csv
S2,2,W02_C6,ADFNE,1337,2,4236135277,ADFNE|S2|main|2|W02_C6|1337|2,networks/S2/ADFNE/f2_W02_C6_s1337_d02.csv
S2,2,W02_C6,ADFNE,1337,3,2339994619,ADFNE|S2|main|2|W02_C6|1337|3,networks/S2/ADFNE/f2_W02_C6_s1337_d03.csv
S2,2,W02_C6,ADFNE,1337,4,354283096,ADFNE|S2|main|2|W02_C6|1337|4,networks/S2/ADFNE/f2_W02_C6_s1337_d04.csv
S2,2,W02_C6,ADFNE,1337,5,1645928142,ADFNE|S2|main|2|W02_C6|1337|5,networks/S2/ADFNE/f2_W02_C6_s1337_d05.csv
S2,2,W02_C6,ADFNE,1337,6,4212363124,ADFNE|S2|main|2|W02_C6|1337|6,networks/S2/ADFNE/f2_W02_C6_s1337_d06.csv
S2,2,W02_C6,ADFNE,1337,7,2350170082,ADFNE|S2|main|2|W02_C6|1337|7,networks/S2/ADFNE/f2_W02_C6_s1337_d07.csv
S2,2,W02_C6,ADFNE,20260903,0,1426631288,ADFNE|S2|main|2|W02_C6|20260903|0,networks/S2/ADFNE/f2_W02_C6_s20260903_d00.csv
S2,2,W02_C6,ADFNE,20260903,1,571448046,ADFNE|S2|main|2|W02_C6|20260903|1,networks/S2/ADFNE/f2_W02_C6_s20260903_d01.csv
S2,2,W02_C6,ADFNE,20260903,2,3137784660,ADFNE|S2|main|2|W02_C6|20260903|2,networks/S2/ADFNE/f2_W02_C6_s20260903_d02.csv
S2,2,W02_C6,ADFNE,20260903,3,3422682050,ADFNE|S2|main|2|W02_C6|20260903|3,networks/S2/ADFNE/f2_W02_C6_s20260903_d03.csv
S2,2,W02_C6,ADFNE,20260903,4,1382379105,ADFNE|S2|main|2|W02_C6|20260903|4,networks/S2/ADFNE/f2_W02_C6_s20260903_d04.csv
S2,2,W02_C6,ADFNE,20260903,5,627203831,ADFNE|S2|main|2|W02_C6|20260903|5,networks/S2/ADFNE/f2_W02_C6_s20260903_d05.csv
S2,2,W02_C6,ADFNE,20260903,6,3161132877,ADFNE|S2|main|2|W02_C6|20260903|6,networks/S2/ADFNE/f2_W02_C6_s20260903_d06.csv
S2,2,W02_C6,ADFNE,20260903,7,3412869083,ADFNE|S2|main|2|W02_C6|20260903|7,networks/S2/ADFNE/f2_W02_C6_s20260903_d07.csv
S2,2,W02_C6,ADFNE,7,0,238415767,ADFNE|S2|main|2|W02_C6|7|0,networks/S2/ADFNE/f2_W02_C6_s7_d00.csv
S2,2,W02_C6,ADFNE,7,1,2033377025,ADFNE|S2|main|2|W02_C6|7|1,networks/S2/ADFNE/f2_W02_C6_s7_d01.csv
S2,2,W02_C6,ADFNE,7,2,3761999547,ADFNE|S2|main|2|W02_C6|7|2,networks/S2/ADFNE/f2_W02_C6_s7_d02.csv
S2,2,W02_C6,ADFNE,7,3,2537340461,ADFNE|S2|main|2|W02_C6|7|3,networks/S2/ADFNE/f2_W02_C6_s7_d03.csv
S2,2,W02_C6,ADFNE,7,4,156773262,ADFNE|S2|main|2|W02_C6|7|4,networks/S2/ADFNE/f2_W02_C6_s7_d04.csv
S2,2,W02_C6,ADFNE,7,5,2120162072,ADFNE|S2|main|2|W02_C6|7|5,networks/S2/ADFNE/f2_W02_C6_s7_d05.csv
S2,2,W02_C6,ADFNE,7,6,3881192098,ADFNE|S2|main|2|W02_C6|7|6,networks/S2/ADFNE/f2_W02_C6_s7_d06.csv
S2,2,W02_C6,ADFNE,7,7,2421258804,ADFNE|S2|main|2|W02_C6|7|7,networks/S2/ADFNE/f2_W02_C6_s7_d07.csv
S2,2,W02_C6,KDE,1337,0,4033620302,KDE|S2|main|2|W02_C6|1337|0,networks/S2/KDE/f2_W02_C6_s1337_d00.csv
S2,2,W02_C6,KDE,1337,1,2271943128,KDE|S2|main|2|W02_C6|1337|1,networks/S2/KDE/f2_W02_C6_s1337_d01.csv
S2,2,W02_C6,KDE,1337,2,509757538,KDE|S2|main|2|W02_C6|1337|2,networks/S2/KDE/f2_W02_C6_s1337_d02.csv
S2,2,W02_C6,KDE,1337,3,1768257780,KDE|S2|main|2|W02_C6|1337|3,networks/S2/KDE/f2_W02_C6_s1337_d03.csv
S2,2,W02_C6,KDE,1337,4,4144098647,KDE|S2|main|2|W02_C6|1337|4,networks/S2/KDE/f2_W02_C6_s1337_d04.csv
S2,2,W02_C6,KDE,1337,5,2147933633,KDE|S2|main|2|W02_C6|1337|5,networks/S2/KDE/f2_W02_C6_s1337_d05.csv
S2,2,W02_C6,KDE,1337,6,420449403,KDE|S2|main|2|W02_C6|1337|6,networks/S2/KDE/f2_W02_C6_s1337_d06.csv
S2,2,W02_C6,KDE,1337,7,1846066413,KDE|S2|main|2|W02_C6|1337|7,networks/S2/KDE/f2_W02_C6_s1337_d07.csv
S2,2,W02_C6,KDE,20260903,0,2808011390,KDE|S2|main|2|W02_C6|20260903|0,networks/S2/KDE/f2_W02_C6_s20260903_d00.csv
S2,2,W02_C6,KDE,20260903,1,3495553768,KDE|S2|main|2|W02_C6|20260903|1,networks/S2/KDE/f2_W02_C6_s20260903_d01.csv
S2,2,W02_C6,KDE,20260903,2,1230027602,KDE|S2|main|2|W02_C6|20260903|2,networks/S2/KDE/f2_W02_C6_s20260903_d02.csv
S2,2,W02_C6,KDE,20260903,3,1045924804,KDE|S2|main|2|W02_C6|20260903|3,networks/S2/KDE/f2_W02_C6_s20260903_d03.csv
S2,2,W02_C6,KDE,20260903,4,2687704679,KDE|S2|main|2|W02_C6|20260903|4,networks/S2/KDE/f2_W02_C6_s20260903_d04.csv
S2,2,W02_C6,KDE,20260903,5,3610521329,KDE|S2|main|2|W02_C6|20260903|5,networks/S2/KDE/f2_W02_C6_s20260903_d05.csv
S2,2,W02_C6,KDE,20260903,6,1312653131,KDE|S2|main|2|W02_C6|20260903|6,networks/S2/KDE/f2_W02_C6_s20260903_d06.csv
S2,2,W02_C6,KDE,20260903,7,960122845,KDE|S2|main|2|W02_C6|20260903|7,networks/S2/KDE/f2_W02_C6_s20260903_d07.csv
S2,2,W02_C6,KDE,7,0,3058621498,KDE|S2|main|2|W02_C6|7|0,networks/S2/KDE/f2_W02_C6_s7_d00.csv
S2,2,W02_C6,KDE,7,1,3242847404,KDE|S2|main|2|W02_C6|7|1,networks/S2/KDE/f2_W02_C6_s7_d01.csv
S2,2,W02_C6,KDE,7,2,1480637718,KDE|S2|main|2|W02_C6|7|2,networks/S2/KDE/f2_W02_C6_s7_d02.csv
S2,2,W02_C6,KDE,7,3,793218432,KDE|S2|main|2|W02_C6|7|3,networks/S2/KDE/f2_W02_C6_s7_d03.csv
S2,2,W02_C6,KDE,7,4,2971867171,KDE|S2|main|2|W02_C6|7|4,networks/S2/KDE/f2_W02_C6_s7_d04.csv
S2,2,W02_C6,KDE,7,5,3324258485,KDE|S2|main|2|W02_C6|7|5,networks/S2/KDE/f2_W02_C6_s7_d05.csv
S2,2,W02_C6,KDE,7,6,1596815631,KDE|S2|main|2|W02_C6|7|6,networks/S2/KDE/f2_W02_C6_s7_d06.csv
S2,2,W02_C6,KDE,7,7,673859993,KDE|S2|main|2|W02_C6|7|7,networks/S2/KDE/f2_W02_C6_s7_d07.csv
S2,3,W03_C1,EVAE,1337,0,992246244,EVAE|S2|geobg|3|W03_C1|1337|0,networks/S2/EVAE/f3_W03_C1_s1337_d00.csv
S2,3,W03_C1,EVAE,1337,1,1277380978,EVAE|S2|geobg|3|W03_C1|1337|1,networks/S2/EVAE/f3_W03_C1_s1337_d01.csv
S2,3,W03_C1,EVAE,1337,2,3576305864,EVAE|S2|geobg|3|W03_C1|1337|2,networks/S2/EVAE/f3_W03_C1_s1337_d02.csv
S2,3,W03_C1,EVAE,1337,3,2720868446,EVAE|S2|geobg|3|W03_C1|1337|3,networks/S2/EVAE/f3_W03_C1_s1337_d03.csv
S2,3,W03_C1,EVAE,1337,4,1011465725,EVAE|S2|geobg|3|W03_C1|1337|4,networks/S2/EVAE/f3_W03_C1_s1337_d04.csv
S2,3,W03_C1,EVAE,1337,5,1263439211,EVAE|S2|geobg|3|W03_C1|1337|5,networks/S2/EVAE/f3_W03_C1_s1337_d05.csv
S2,3,W03_C1,EVAE,1337,6,3527924945,EVAE|S2|geobg|3|W03_C1|1337|6,networks/S2/EVAE/f3_W03_C1_s1337_d06.csv
S2,3,W03_C1,EVAE,1337,7,2772495431,EVAE|S2|geobg|3|W03_C1|1337|7,networks/S2/EVAE/f3_W03_C1_s1337_d07.csv
S2,3,W03_C1,EVAE,20260903,0,3710047130,EVAE|S2|geobg|3|W03_C1|20260903|0,networks/S2/EVAE/f3_W03_C1_s20260903_d00.csv
S2,3,W03_C1,EVAE,20260903,1,2854609676,EVAE|S2|geobg|3|W03_C1|20260903|1,networks/S2/EVAE/f3_W03_C1_s20260903_d01.csv
S2,3,W03_C1,EVAE,20260903,2,858567350,EVAE|S2|geobg|3|W03_C1|20260903|2,networks/S2/EVAE/f3_W03_C1_s20260903_d02.csv
S2,3,W03_C1,EVAE,20260903,3,1143702048,EVAE|S2|geobg|3|W03_C1|20260903|3,networks/S2/EVAE/f3_W03_C1_s20260903_d03.csv
S2,3,W03_C1,EVAE,20260903,4,3662616451,EVAE|S2|geobg|3|W03_C1|20260903|4,networks/S2/EVAE/f3_W03_C1_s20260903_d04.csv
S2,3,W03_C1,EVAE,20260903,5,2907186965,EVAE|S2|geobg|3|W03_C1|20260903|5,networks/S2/EVAE/f3_W03_C1_s20260903_d05.csv
S2,3,W03_C1,EVAE,20260903,6,876705455,EVAE|S2|geobg|3|W03_C1|20260903|6,networks/S2/EVAE/f3_W03_C1_s20260903_d06.csv
S2,3,W03_C1,EVAE,20260903,7,1128678969,EVAE|S2|geobg|3|W03_C1|20260903|7,networks/S2/EVAE/f3_W03_C1_s20260903_d07.csv
S2,3,W03_C1,EVAE,7,0,3963054939,EVAE|S2|geobg|3|W03_C1|7|0,networks/S2/EVAE/f3_W03_C1_s7_d00.csv
S2,3,W03_C1,EVAE,7,1,2603637709,EVAE|S2|geobg|3|W03_C1|7|1,networks/S2/EVAE/f3_W03_C1_s7_d01.csv
S2,3,W03_C1,EVAE,7,2,37292663,EVAE|S2|geobg|3|W03_C1|7|2,networks/S2/EVAE/f3_W03_C1_s7_d02.csv
S2,3,W03_C1,EVAE,7,3,1967012577,EVAE|S2|geobg|3|W03_C1|7|3,networks/S2/EVAE/f3_W03_C1_s7_d03.csv
S2,3,W03_C1,EVAE,7,4,3948588866,EVAE|S2|geobg|3|W03_C1|7|4,networks/S2/EVAE/f3_W03_C1_s7_d04.csv
S2,3,W03_C1,EVAE,7,5,2623381460,EVAE|S2|geobg|3|W03_C1|7|5,networks/S2/EVAE/f3_W03_C1_s7_d05.csv
S2,3,W03_C1,EVAE,7,6,89443950,EVAE|S2|geobg|3|W03_C1|7|6,networks/S2/EVAE/f3_W03_C1_s7_d06.csv
S2,3,W03_C1,EVAE,7,7,1918107384,EVAE|S2|geobg|3|W03_C1|7|7,networks/S2/EVAE/f3_W03_C1_s7_d07.csv
S2,3,W03_C1,ADFNE,1337,0,1623205744,ADFNE|S2|main|3|W03_C1|1337|0,networks/S2/ADFNE/f3_W03_C1_s1337_d00.csv
S2,3,W03_C1,ADFNE,1337,1,398923750,ADFNE|S2|main|3|W03_C1|1337|1,networks/S2/ADFNE/f3_W03_C1_s1337_d01.csv
S2,3,W03_C1,ADFNE,1337,2,2395883100,ADFNE|S2|main|3|W03_C1|1337|2,networks/S2/ADFNE/f3_W03_C1_s1337_d02.csv
S2,3,W03_C1,ADFNE,1337,3,4190729930,ADFNE|S2|main|3|W03_C1|1337|3,networks/S2/ADFNE/f3_W03_C1_s1337_d03.csv
S2,3,W03_C1,ADFNE,1337,4,1739449193,ADFNE|S2|main|3|W03_C1|1337|4,networks/S2/ADFNE/f3_W03_C1_s1337_d04.csv
S2,3,W03_C1,ADFNE,1337,5,279630847,ADFNE|S2|main|3|W03_C1|1337|5,networks/S2/ADFNE/f3_W03_C1_s1337_d05.csv
S2,3,W03_C1,ADFNE,1337,6,2309194309,ADFNE|S2|main|3|W03_C1|1337|6,networks/S2/ADFNE/f3_W03_C1_s1337_d06.csv
S2,3,W03_C1,ADFNE,1337,7,4272206547,ADFNE|S2|main|3|W03_C1|1337|7,networks/S2/ADFNE/f3_W03_C1_s1337_d07.csv
S2,3,W03_C1,ADFNE,20260903,0,1334384711,ADFNE|S2|main|3|W03_C1|20260903|0,networks/S2/ADFNE/f3_W03_C1_s20260903_d00.csv
S2,3,W03_C1,ADFNE,20260903,1,948840657,ADFNE|S2|main|3|W03_C1|20260903|1,networks/S2/ADFNE/f3_W03_C1_s20260903_d01.csv
S2,3,W03_C1,ADFNE,20260903,2,2710010219,ADFNE|S2|main|3|W03_C1|20260903|2,networks/S2/ADFNE/f3_W03_C1_s20260903_d02.csv
S2,3,W03_C1,ADFNE,20260903,3,3598731773,ADFNE|S2|main|3|W03_C1|20260903|3,networks/S2/ADFNE/f3_W03_C1_s20260903_d03.csv
S2,3,W03_C1,ADFNE,20260903,4,1222958174,ADFNE|S2|main|3|W03_C1|20260903|4,networks/S2/ADFNE/f3_W03_C1_s20260903_d04.csv
S2,3,W03_C1,ADFNE,20260903,5,1071901896,ADFNE|S2|main|3|W03_C1|20260903|5,networks/S2/ADFNE/f3_W03_C1_s20260903_d05.csv
S2,3,W03_C1,ADFNE,20260903,6,2800401778,ADFNE|S2|main|3|W03_C1|20260903|6,networks/S2/ADFNE/f3_W03_C1_s20260903_d06.csv
S2,3,W03_C1,ADFNE,20260903,7,3522006500,ADFNE|S2|main|3|W03_C1|20260903|7,networks/S2/ADFNE/f3_W03_C1_s20260903_d07.csv
S2,3,W03_C1,ADFNE,7,0,3944382326,ADFNE|S2|main|3|W03_C1|7|0,networks/S2/ADFNE/f3_W03_C1_s7_d00.csv
S2,3,W03_C1,ADFNE,7,1,2619166688,ADFNE|S2|main|3|W03_C1|7|1,networks/S2/ADFNE/f3_W03_C1_s7_d01.csv
S2,3,W03_C1,ADFNE,7,2,85204570,ADFNE|S2|main|3|W03_C1|7|2,networks/S2/ADFNE/f3_W03_C1_s7_d02.csv
S2,3,W03_C1,ADFNE,7,3,1913859788,ADFNE|S2|main|3|W03_C1|7|3,networks/S2/ADFNE/f3_W03_C1_s7_d03.csv
S2,3,W03_C1,ADFNE,7,4,3967269743,ADFNE|S2|main|3|W03_C1|7|4,networks/S2/ADFNE/f3_W03_C1_s7_d04.csv
S2,3,W03_C1,ADFNE,7,5,2607844345,ADFNE|S2|main|3|W03_C1|7|5,networks/S2/ADFNE/f3_W03_C1_s7_d05.csv
S2,3,W03_C1,ADFNE,7,6,41540163,ADFNE|S2|main|3|W03_C1|7|6,networks/S2/ADFNE/f3_W03_C1_s7_d06.csv
S2,3,W03_C1,ADFNE,7,7,1971251925,ADFNE|S2|main|3|W03_C1|7|7,networks/S2/ADFNE/f3_W03_C1_s7_d07.csv
S2,3,W03_C1,KDE,1337,0,2195465343,KDE|S2|main|3|W03_C1|1337|0,networks/S2/KDE/f3_W03_C1_s1337_d00.csv
S2,3,W03_C1,KDE,1337,1,4124775657,KDE|S2|main|3|W03_C1|1337|1,networks/S2/KDE/f3_W03_C1_s1337_d01.csv
S2,3,W03_C1,KDE,1337,2,1825719635,KDE|S2|main|3|W03_C1|1337|2,networks/S2/KDE/f3_W03_C1_s1337_d02.csv
S2,3,W03_C1,KDE,1337,3,466974149,KDE|S2|main|3|W03_C1|1337|3,networks/S2/KDE/f3_W03_C1_s1337_d03.csv
S2,3,W03_C1,KDE,1337,4,2243027046,KDE|S2|main|3|W03_C1|1337|4,networks/S2/KDE/f3_W03_C1_s1337_d04.csv
S2,3,W03_C1,KDE,1337,5,4072067312,KDE|S2|main|3|W03_C1|1337|5,networks/S2/KDE/f3_W03_C1_s1337_d05.csv
S2,3,W03_C1,KDE,1337,6,1807712586,KDE|S2|main|3|W03_C1|1337|6,networks/S2/KDE/f3_W03_C1_s1337_d06.csv
S2,3,W03_C1,KDE,1337,7,481866204,KDE|S2|main|3|W03_C1|1337|7,networks/S2/KDE/f3_W03_C1_s1337_d07.csv
S2,3,W03_C1,KDE,20260903,0,3185535041,KDE|S2|main|3|W03_C1|20260903|0,networks/S2/KDE/f3_W03_C1_s20260903_d00.csv
S2,3,W03_C1,KDE,20260903,1,3403176151,KDE|S2|main|3|W03_C1|20260903|1,networks/S2/KDE/f3_W03_C1_s20260903_d01.csv
S2,3,W03_C1,KDE,20260903,2,1406208365,KDE|S2|main|3|W03_C1|20260903|2,networks/S2/KDE/f3_W03_C1_s20260903_d02.csv
S2,3,W03_C1,KDE,20260903,3,618019323,KDE|S2|main|3|W03_C1|20260903|3,networks/S2/KDE/f3_W03_C1_s20260903_d03.csv
S2,3,W03_C1,KDE,20260903,4,3132271704,KDE|S2|main|3|W03_C1|20260903|4,networks/S2/KDE/f3_W03_C1_s20260903_d04.csv
S2,3,W03_C1,KDE,20260903,5,3451231438,KDE|S2|main|3|W03_C1|20260903|5,networks/S2/KDE/f3_W03_C1_s20260903_d05.csv
S2,3,W03_C1,KDE,20260903,6,1421659508,KDE|S2|main|3|W03_C1|20260903|6,networks/S2/KDE/f3_W03_C1_s20260903_d06.csv
S2,3,W03_C1,KDE,20260903,7,599522786,KDE|S2|main|3|W03_C1|20260903|7,networks/S2/KDE/f3_W03_C1_s20260903_d07.csv
S2,3,W03_C1,KDE,7,0,1398885595,KDE|S2|main|3|W03_C1|7|0,networks/S2/KDE/f3_W03_C1_s7_d00.csv
S2,3,W03_C1,KDE,7,1,610696269,KDE|S2|main|3|W03_C1|7|1,networks/S2/KDE/f3_W03_C1_s7_d01.csv
S2,3,W03_C1,KDE,7,2,3178180087,KDE|S2|main|3|W03_C1|7|2,networks/S2/KDE/f3_W03_C1_s7_d02.csv
S2,3,W03_C1,KDE,7,3,3395820897,KDE|S2|main|3|W03_C1|7|3,networks/S2/KDE/f3_W03_C1_s7_d03.csv
S2,3,W03_C1,KDE,7,4,1410107586,KDE|S2|main|3|W03_C1|7|4,networks/S2/KDE/f3_W03_C1_s7_d04.csv
S2,3,W03_C1,KDE,7,5,587970644,KDE|S2|main|3|W03_C1|7|5,networks/S2/KDE/f3_W03_C1_s7_d05.csv
S2,3,W03_C1,KDE,7,6,3120753134,KDE|S2|main|3|W03_C1|7|6,networks/S2/KDE/f3_W03_C1_s7_d06.csv
S2,3,W03_C1,KDE,7,7,3439712632,KDE|S2|main|3|W03_C1|7|7,networks/S2/KDE/f3_W03_C1_s7_d07.csv
S2,3,W03_C2,EVAE,1337,0,3047915015,EVAE|S2|geobg|3|W03_C2|1337|0,networks/S2/EVAE/f3_W03_C2_s1337_d00.csv
S2,3,W03_C2,EVAE,1337,1,3266072209,EVAE|S2|geobg|3|W03_C2|1337|1,networks/S2/EVAE/f3_W03_C2_s1337_d01.csv
S2,3,W03_C2,EVAE,1337,2,1537548075,EVAE|S2|geobg|3|W03_C2|1337|2,networks/S2/EVAE/f3_W03_C2_s1337_d02.csv
S2,3,W03_C2,EVAE,1337,3,748826557,EVAE|S2|geobg|3|W03_C2|1337|3,networks/S2/EVAE/f3_W03_C2_s1337_d03.csv
S2,3,W03_C2,EVAE,1337,4,2999368222,EVAE|S2|geobg|3|W03_C2|1337|4,networks/S2/EVAE/f3_W03_C2_s1337_d04.csv
S2,3,W03_C2,EVAE,1337,5,3317795464,EVAE|S2|geobg|3|W03_C2|1337|5,networks/S2/EVAE/f3_W03_C2_s1337_d05.csv
S2,3,W03_C2,EVAE,1337,6,1556667186,EVAE|S2|geobg|3|W03_C2|1337|6,networks/S2/EVAE/f3_W03_C2_s1337_d06.csv
S2,3,W03_C2,EVAE,1337,7,735046564,EVAE|S2|geobg|3|W03_C2|1337|7,networks/S2/EVAE/f3_W03_C2_s1337_d07.csv
S2,3,W03_C2,EVAE,20260903,0,2864447850,EVAE|S2|geobg|3|W03_C2|20260903|0,networks/S2/EVAE/f3_W03_C2_s20260903_d00.csv
S2,3,W03_C2,EVAE,20260903,1,3720032764,EVAE|S2|geobg|3|W03_C2|20260903|1,networks/S2/EVAE/f3_W03_C2_s20260903_d01.csv
S2,3,W03_C2,EVAE,20260903,2,1152540742,EVAE|S2|geobg|3|W03_C2|20260903|2,networks/S2/EVAE/f3_W03_C2_s20260903_d02.csv
S2,3,W03_C2,EVAE,20260903,3,867520720,EVAE|S2|geobg|3|W03_C2|20260903|3,networks/S2/EVAE/f3_W03_C2_s20260903_d03.csv
S2,3,W03_C2,EVAE,20260903,4,2916205939,EVAE|S2|geobg|3|W03_C2|20260903|4,networks/S2/EVAE/f3_W03_C2_s20260903_d04.csv
S2,3,W03_C2,EVAE,20260903,5,3671520741,EVAE|S2|geobg|3|W03_C2|20260903|5,networks/S2/EVAE/f3_W03_C2_s20260903_d05.csv
S2,3,W03_C2,EVAE,20260903,6,1138730079,EVAE|S2|geobg|3|W03_C2|20260903|6,networks/S2/EVAE/f3_W03_C2_s20260903_d06.csv
S2,3,W03_C2,EVAE,20260903,7,886609097,EVAE|S2|geobg|3|W03_C2|20260903|7,networks/S2/EVAE/f3_W03_C2_s20260903_d07.csv
S2,3,W03_C2,EVAE,7,0,2878804363,EVAE|S2|geobg|3|W03_C2|7|0,networks/S2/EVAE/f3_W03_C2_s7_d00.csv
S2,3,W03_C2,EVAE,7,1,3700433181,EVAE|S2|geobg|3|W03_C2|7|1,networks/S2/EVAE/f3_W03_C2_s7_d01.csv
S2,3,W03_C2,EVAE,7,2,1167683751,EVAE|S2|geobg|3|W03_C2|7|2,networks/S2/EVAE/f3_W03_C2_s7_d02.csv
S2,3,W03_C2,EVAE,7,3,849231921,EVAE|S2|geobg|3|W03_C2|7|3,networks/S2/EVAE/f3_W03_C2_s7_d03.csv
S2,3,W03_C2,EVAE,7,4,2902119826,EVAE|S2|geobg|3|W03_C2|7|4,networks/S2/EVAE/f3_W03_C2_s7_d04.csv
S2,3,W03_C2,EVAE,7,5,3690849540,EVAE|S2|geobg|3|W03_C2|7|5,networks/S2/EVAE/f3_W03_C2_s7_d05.csv
S2,3,W03_C2,EVAE,7,6,1123333310,EVAE|S2|geobg|3|W03_C2|7|6,networks/S2/EVAE/f3_W03_C2_s7_d06.csv
S2,3,W03_C2,EVAE,7,7,905151528,EVAE|S2|geobg|3|W03_C2|7|7,networks/S2/EVAE/f3_W03_C2_s7_d07.csv
S2,3,W03_C2,ADFNE,1337,0,3998163091,ADFNE|S2|main|3|W03_C2|1337|0,networks/S2/ADFNE/f3_W03_C2_s1337_d00.csv
S2,3,W03_C2,ADFNE,1337,1,2571636741,ADFNE|S2|main|3|W03_C2|1337|1,networks/S2/ADFNE/f3_W03_C2_s1337_d01.csv
S2,3,W03_C2,ADFNE,1337,2,4276671,ADFNE|S2|main|3|W03_C2|1337|2,networks/S2/ADFNE/f3_W03_C2_s1337_d02.csv
S2,3,W03_C2,ADFNE,1337,3,2001105193,ADFNE|S2|main|3|W03_C2|1337|3,networks/S2/ADFNE/f3_W03_C2_s1337_d03.csv
S2,3,W03_C2,ADFNE,1337,4,3911378058,ADFNE|S2|main|3|W03_C2|1337|4,networks/S2/ADFNE/f3_W03_C2_s1337_d04.csv
S2,3,W03_C2,ADFNE,1337,5,2653279260,ADFNE|S2|main|3|W03_C2|1337|5,networks/S2/ADFNE/f3_W03_C2_s1337_d05.csv
S2,3,W03_C2,ADFNE,1337,6,120358310,ADFNE|S2|main|3|W03_C2|1337|6,networks/S2/ADFNE/f3_W03_C2_s1337_d06.csv
S2,3,W03_C2,ADFNE,1337,7,1881912624,ADFNE|S2|main|3|W03_C2|1337|7,networks/S2/ADFNE/f3_W03_C2_s1337_d07.csv
S2,3,W03_C2,ADFNE,20260903,0,941083319,ADFNE|S2|main|3|W03_C2|20260903|0,networks/S2/ADFNE/f3_W03_C2_s20260903_d00.csv
S2,3,W03_C2,ADFNE,20260903,1,1326512673,ADFNE|S2|main|3|W03_C2|20260903|1,networks/S2/ADFNE/f3_W03_C2_s20260903_d01.csv
S2,3,W03_C2,ADFNE,20260903,2,3592006555,ADFNE|S2|main|3|W03_C2|20260903|2,networks/S2/ADFNE/f3_W03_C2_s20260903_d02.csv
S2,3,W03_C2,ADFNE,20260903,3,2703137549,ADFNE|S2|main|3|W03_C2|20260903|3,networks/S2/ADFNE/f3_W03_C2_s20260903_d03.csv
S2,3,W03_C2,ADFNE,20260903,4,1064963758,ADFNE|S2|main|3|W03_C2|20260903|4,networks/S2/ADFNE/f3_W03_C2_s20260903_d04.csv
S2,3,W03_C2,ADFNE,20260903,5,1216167480,ADFNE|S2|main|3|W03_C2|20260903|5,networks/S2/ADFNE/f3_W03_C2_s20260903_d05.csv
S2,3,W03_C2,ADFNE,20260903,6,3514068866,ADFNE|S2|main|3|W03_C2|20260903|6,networks/S2/ADFNE/f3_W03_C2_s20260903_d06.csv
S2,3,W03_C2,ADFNE,20260903,7,2792578836,ADFNE|S2|main|3|W03_C2|20260903|7,networks/S2/ADFNE/f3_W03_C2_s20260903_d07.csv
S2,3,W03_C2,ADFNE,7,0,2897872294,ADFNE|S2|main|3|W03_C2|7|0,networks/S2/ADFNE/f3_W03_C2_s7_d00.csv
S2,3,W03_C2,ADFNE,7,1,3686610224,ADFNE|S2|main|3|W03_C2|7|1,networks/S2/ADFNE/f3_W03_C2_s7_d01.csv
S2,3,W03_C2,ADFNE,7,2,1119118474,ADFNE|S2|main|3|W03_C2|7|2,networks/S2/ADFNE/f3_W03_C2_s7_d02.csv
S2,3,W03_C2,ADFNE,7,3,900944924,ADFNE|S2|main|3|W03_C2|7|3,networks/S2/ADFNE/f3_W03_C2_s7_d03.csv
S2,3,W03_C2,ADFNE,7,4,2883043775,ADFNE|S2|main|3|W03_C2|7|4,networks/S2/ADFNE/f3_W03_C2_s7_d04.csv
S2,3,W03_C2,ADFNE,7,5,3704680745,ADFNE|S2|main|3|W03_C2|7|5,networks/S2/ADFNE/f3_W03_C2_s7_d05.csv
S2,3,W03_C2,ADFNE,7,6,1171890323,ADFNE|S2|main|3|W03_C2|7|6,networks/S2/ADFNE/f3_W03_C2_s7_d06.csv
S2,3,W03_C2,ADFNE,7,7,853446661,ADFNE|S2|main|3|W03_C2|7|7,networks/S2/ADFNE/f3_W03_C2_s7_d07.csv
S2,3,W03_C2,KDE,1337,0,206775196,KDE|S2|main|3|W03_C2|1337|0,networks/S2/KDE/f3_W03_C2_s1337_d00.csv
S2,3,W03_C2,KDE,1337,1,2069107466,KDE|S2|main|3|W03_C2|1337|1,networks/S2/KDE/f3_W03_C2_s1337_d01.csv
S2,3,W03_C2,KDE,1337,2,3797762736,KDE|S2|main|3|W03_C2|1337|2,networks/S2/KDE/f3_W03_C2_s1337_d02.csv
S2,3,W03_C2,KDE,1337,3,2505732646,KDE|S2|main|3|W03_C2|1337|3,networks/S2/KDE/f3_W03_C2_s1337_d03.csv
S2,3,W03_C2,KDE,1337,4,188671877,KDE|S2|main|3|W03_C2|1337|4,networks/S2/KDE/f3_W03_C2_s1337_d04.csv
S2,3,W03_C2,KDE,1337,5,2084165395,KDE|S2|main|3|W03_C2|1337|5,networks/S2/KDE/f3_W03_C2_s1337_d05.csv
S2,3,W03_C2,KDE,1337,6,3845162665,KDE|S2|main|3|W03_C2|1337|6,networks/S2/KDE/f3_W03_C2_s1337_d06.csv
S2,3,W03_C2,KDE,1337,7,2453124671,KDE|S2|main|3|W03_C2|1337|7,networks/S2/KDE/f3_W03_C2_s1337_d07.csv
S2,3,W03_C2,KDE,20260903,0,3393305265,KDE|S2|main|3|W03_C2|20260903|0,networks/S2/KDE/f3_W03_C2_s20260903_d00.csv
S2,3,W03_C2,KDE,20260903,1,3175516711,KDE|S2|main|3|W03_C2|20260903|1,networks/S2/KDE/f3_W03_C2_s20260903_d01.csv
S2,3,W03_C2,KDE,20260903,2,609213341,KDE|S2|main|3|W03_C2|20260903|2,networks/S2/KDE/f3_W03_C2_s20260903_d02.csv
S2,3,W03_C2,KDE,20260903,3,1397287691,KDE|S2|main|3|W03_C2|20260903|3,networks/S2/KDE/f3_W03_C2_s20260903_d03.csv
S2,3,W03_C2,KDE,20260903,4,3442245288,KDE|S2|main|3|W03_C2|20260903|4,networks/S2/KDE/f3_W03_C2_s20260903_d04.csv
S2,3,W03_C2,KDE,20260903,5,3123400254,KDE|S2|main|3|W03_C2|20260903|5,networks/S2/KDE/f3_W03_C2_s20260903_d05.csv
S2,3,W03_C2,KDE,20260903,6,589438852,KDE|S2|main|3|W03_C2|20260903|6,networks/S2/KDE/f3_W03_C2_s20260903_d06.csv
S2,3,W03_C2,KDE,20260903,7,1411723026,KDE|S2|main|3|W03_C2|20260903|7,networks/S2/KDE/f3_W03_C2_s20260903_d07.csv
S2,3,W03_C2,KDE,7,0,348206603,KDE|S2|main|3|W03_C2|7|0,networks/S2/KDE/f3_W03_C2_s7_d00.csv
S2,3,W03_C2,KDE,7,1,1673922205,KDE|S2|main|3|W03_C2|7|1,networks/S2/KDE/f3_W03_C2_s7_d01.csv
S2,3,W03_C2,KDE,7,2,4207892263,KDE|S2|main|3|W03_C2|7|2,networks/S2/KDE/f3_W03_C2_s7_d02.csv
S2,3,W03_C2,KDE,7,3,2378721201,KDE|S2|main|3|W03_C2|7|3,networks/S2/KDE/f3_W03_C2_s7_d03.csv
S2,3,W03_C2,KDE,7,4,330101266,KDE|S2|main|3|W03_C2|7|4,networks/S2/KDE/f3_W03_C2_s7_d04.csv
S2,3,W03_C2,KDE,7,5,1688978052,KDE|S2|main|3|W03_C2|7|5,networks/S2/KDE/f3_W03_C2_s7_d05.csv
S2,3,W03_C2,KDE,7,6,4255290174,KDE|S2|main|3|W03_C2|7|6,networks/S2/KDE/f3_W03_C2_s7_d06.csv
S2,3,W03_C2,KDE,7,7,2326111144,KDE|S2|main|3|W03_C2|7|7,networks/S2/KDE/f3_W03_C2_s7_d07.csv
S2,3,W03_C3,EVAE,1337,0,2030141081,EVAE|S2|geobg|3|W03_C3|1337|0,networks/S2/EVAE/f3_W03_C3_s1337_d00.csv
S2,3,W03_C3,EVAE,1337,1,235294223,EVAE|S2|geobg|3|W03_C3|1337|1,networks/S2/EVAE/f3_W03_C3_s1337_d01.csv
S2,3,W03_C3,EVAE,1337,2,2534350773,EVAE|S2|geobg|3|W03_C3|1337|2,networks/S2/EVAE/f3_W03_C3_s1337_d02.csv
S2,3,W03_C3,EVAE,1337,3,3758632739,EVAE|S2|geobg|3|W03_C3|1337|3,networks/S2/EVAE/f3_W03_C3_s1337_d03.csv
S2,3,W03_C3,EVAE,1337,4,2121054848,EVAE|S2|geobg|3|W03_C3|1337|4,networks/S2/EVAE/f3_W03_C3_s1337_d04.csv
S2,3,W03_C3,EVAE,1337,5,158042646,EVAE|S2|geobg|3|W03_C3|1337|5,networks/S2/EVAE/f3_W03_C3_s1337_d05.csv
S2,3,W03_C3,EVAE,1337,6,2422397868,EVAE|S2|geobg|3|W03_C3|1337|6,networks/S2/EVAE/f3_W03_C3_s1337_d06.csv
S2,3,W03_C3,EVAE,1337,7,3882216250,EVAE|S2|geobg|3|W03_C3|1337|7,networks/S2/EVAE/f3_W03_C3_s1337_d07.csv
S2,3,W03_C3,EVAE,20260903,0,823741701,EVAE|S2|geobg|3|W03_C3|20260903|0,networks/S2/EVAE/f3_W03_C3_s20260903_d00.csv
S2,3,W03_C3,EVAE,20260903,1,1176403347,EVAE|S2|geobg|3|W03_C3|20260903|1,networks/S2/EVAE/f3_W03_C3_s20260903_d01.csv
S2,3,W03_C3,EVAE,20260903,2,3742837801,EVAE|S2|geobg|3|W03_C3|20260903|2,networks/S2/EVAE/f3_W03_C3_s20260903_d02.csv
S2,3,W03_C3,EVAE,20260903,3,2819628223,EVAE|S2|geobg|3|W03_C3|20260903|3,networks/S2/EVAE/f3_W03_C3_s20260903_d03.csv
S2,3,W03_C3,EVAE,20260903,4,913606940,EVAE|S2|geobg|3|W03_C3|20260903|4,networks/S2/EVAE/f3_W03_C3_s20260903_d04.csv
S2,3,W03_C3,EVAE,20260903,5,1098103178,EVAE|S2|geobg|3|W03_C3|20260903|5,networks/S2/EVAE/f3_W03_C3_s20260903_d05.csv
S2,3,W03_C3,EVAE,20260903,6,3631933488,EVAE|S2|geobg|3|W03_C3|20260903|6,networks/S2/EVAE/f3_W03_C3_s20260903_d06.csv
S2,3,W03_C3,EVAE,20260903,7,2944260262,EVAE|S2|geobg|3|W03_C3|20260903|7,networks/S2/EVAE/f3_W03_C3_s20260903_d07.csv
S2,3,W03_C3,EVAE,7,0,2532784187,EVAE|S2|geobg|3|W03_C3|7|0,networks/S2/EVAE/f3_W03_C3_s7_d00.csv
S2,3,W03_C3,EVAE,7,1,3790604461,EVAE|S2|geobg|3|W03_C3|7|1,networks/S2/EVAE/f3_W03_C3_s7_d01.csv
S2,3,W03_C3,EVAE,7,2,2029607191,EVAE|S2|geobg|3|W03_C3|7|2,networks/S2/EVAE/f3_W03_C3_s7_d02.csv
S2,3,W03_C3,EVAE,7,3,268331393,EVAE|S2|geobg|3|W03_C3|7|3,networks/S2/EVAE/f3_W03_C3_s7_d03.csv
S2,3,W03_C3,EVAE,7,4,2442853410,EVAE|S2|geobg|3|W03_C3|7|4,networks/S2/EVAE/f3_W03_C3_s7_d04.csv
S2,3,W03_C3,EVAE,7,5,3869101236,EVAE|S2|geobg|3|W03_C3|7|5,networks/S2/EVAE/f3_W03_C3_s7_d05.csv
S2,3,W03_C3,EVAE,7,6,2140445966,EVAE|S2|geobg|3|W03_C3|7|6,networks/S2/EVAE/f3_W03_C3_s7_d06.csv
S2,3,W03_C3,EVAE,7,7,143895960,EVAE|S2|geobg|3|W03_C3|7|7,networks/S2/EVAE/f3_W03_C3_s7_d07.csv
S2,3,W03_C3,ADFNE,1337,0,585441293,ADFNE|S2|main|3|W03_C3|1337|0,networks/S2/ADFNE/f3_W03_C3_s1337_d00.csv
S2,3,W03_C3,ADFNE,1337,1,1440878747,ADFNE|S2|main|3|W03_C3|1337|1,networks/S2/ADFNE/f3_W03_C3_s1337_d01.csv
S2,3,W03_C3,ADFNE,1337,2,3437969697,ADFNE|S2|main|3|W03_C3|1337|2,networks/S2/ADFNE/f3_W03_C3_s1337_d02.csv
S2,3,W03_C3,ADFNE,1337,3,3152834999,ADFNE|S2|main|3|W03_C3|1337|3,networks/S2/ADFNE/f3_W03_C3_s1337_d03.csv
S2,3,W03_C3,ADFNE,1337,4,629728276,ADFNE|S2|main|3|W03_C3|1337|4,networks/S2/ADFNE/f3_W03_C3_s1337_d04.csv
S2,3,W03_C3,ADFNE,1337,5,1385157762,ADFNE|S2|main|3|W03_C3|1337|5,networks/S2/ADFNE/f3_W03_C3_s1337_d05.csv
S2,3,W03_C3,ADFNE,1337,6,3414590776,ADFNE|S2|main|3|W03_C3|1337|6,networks/S2/ADFNE/f3_W03_C3_s1337_d06.csv
S2,3,W03_C3,ADFNE,1337,7,3162617262,ADFNE|S2|main|3|W03_C3|1337|7,networks/S2/ADFNE/f3_W03_C3_s1337_d07.csv
S2,3,W03_C3,ADFNE,20260903,0,2746386136,ADFNE|S2|main|3|W03_C3|20260903|0,networks/S2/ADFNE/f3_W03_C3_s20260903_d00.csv
S2,3,W03_C3,ADFNE,20260903,1,3568678478,ADFNE|S2|main|3|W03_C3|20260903|1,networks/S2/ADFNE/f3_W03_C3_s20260903_d01.csv
S2,3,W03_C3,ADFNE,20260903,2,1304225780,ADFNE|S2|main|3|W03_C3|20260903|2,networks/S2/ADFNE/f3_W03_C3_s20260903_d02.csv
S2,3,W03_C3,ADFNE,20260903,3,985388898,ADFNE|S2|main|3|W03_C3|20260903|3,networks/S2/ADFNE/f3_W03_C3_s20260903_d03.csv
S2,3,W03_C3,ADFNE,20260903,4,2766095041,ADFNE|S2|main|3|W03_C3|20260903|4,networks/S2/ADFNE/f3_W03_C3_s20260903_d04.csv
S2,3,W03_C3,ADFNE,20260903,5,3554177623,ADFNE|S2|main|3|W03_C3|20260903|5,networks/S2/ADFNE/f3_W03_C3_s20260903_d05.csv
S2,3,W03_C3,ADFNE,20260903,6,1255220205,ADFNE|S2|main|3|W03_C3|20260903|6,networks/S2/ADFNE/f3_W03_C3_s20260903_d06.csv
S2,3,W03_C3,ADFNE,20260903,7,1037439867,ADFNE|S2|main|3|W03_C3|20260903|7,networks/S2/ADFNE/f3_W03_C3_s20260903_d07.csv
S2,3,W03_C3,ADFNE,7,0,2446994454,ADFNE|S2|main|3|W03_C3|7|0,networks/S2/ADFNE/f3_W03_C3_s7_d00.csv
S2,3,W03_C3,ADFNE,7,1,3873250432,ADFNE|S2|main|3|W03_C3|7|1,networks/S2/ADFNE/f3_W03_C3_s7_d01.csv
S2,3,W03_C3,ADFNE,7,2,2144619834,ADFNE|S2|main|3|W03_C3|7|2,networks/S2/ADFNE/f3_W03_C3_s7_d02.csv
S2,3,W03_C3,ADFNE,7,3,148077996,ADFNE|S2|main|3|W03_C3|7|3,networks/S2/ADFNE/f3_W03_C3_s7_d03.csv
S2,3,W03_C3,ADFNE,7,4,2528634895,ADFNE|S2|main|3|W03_C3|7|4,networks/S2/ADFNE/f3_W03_C3_s7_d04.csv
S2,3,W03_C3,ADFNE,7,5,3786463385,ADFNE|S2|main|3|W03_C3|7|5,networks/S2/ADFNE/f3_W03_C3_s7_d05.csv
S2,3,W03_C3,ADFNE,7,6,2025425187,ADFNE|S2|main|3|W03_C3|7|6,networks/S2/ADFNE/f3_W03_C3_s7_d06.csv
S2,3,W03_C3,ADFNE,7,7,264157621,ADFNE|S2|main|3|W03_C3|7|7,networks/S2/ADFNE/f3_W03_C3_s7_d07.csv
S2,3,W03_C3,KDE,1337,0,3237552898,KDE|S2|main|3|W03_C3|1337|0,networks/S2/KDE/f3_W03_C3_s1337_d00.csv
S2,3,W03_C3,KDE,1337,1,3086881684,KDE|S2|main|3|W03_C3|1337|1,networks/S2/KDE/f3_W03_C3_s1337_d01.csv
S2,3,W03_C3,KDE,1337,2,787956270,KDE|S2|main|3|W03_C3|1337|2,networks/S2/KDE/f3_W03_C3_s1337_d02.csv
S2,3,W03_C3,KDE,1337,3,1508930232,KDE|S2|main|3|W03_C3|1337|3,networks/S2/KDE/f3_W03_C3_s1337_d03.csv
S2,3,W03_C3,KDE,1337,4,3348424475,KDE|S2|main|3|W03_C3|1337|4,networks/S2/KDE/f3_W03_C3_s1337_d04.csv
S2,3,W03_C3,KDE,1337,5,2962478989,KDE|S2|main|3|W03_C3|1337|5,networks/S2/KDE/f3_W03_C3_s1337_d05.csv
S2,3,W03_C3,KDE,1337,6,697992759,KDE|S2|main|3|W03_C3|1337|6,networks/S2/KDE/f3_W03_C3_s1337_d06.csv
S2,3,W03_C3,KDE,1337,7,1587394209,KDE|S2|main|3|W03_C3|1337|7,networks/S2/KDE/f3_W03_C3_s1337_d07.csv
S2,3,W03_C3,KDE,20260903,0,1373959902,KDE|S2|main|3|W03_C3|20260903|0,networks/S2/KDE/f3_W03_C3_s20260903_d00.csv
S2,3,W03_C3,KDE,20260903,1,652461640,KDE|S2|main|3|W03_C3|20260903|1,networks/S2/KDE/f3_W03_C3_s20260903_d01.csv
S2,3,W03_C3,KDE,20260903,2,3219822578,KDE|S2|main|3|W03_C3|20260903|2,networks/S2/KDE/f3_W03_C3_s20260903_d02.csv
S2,3,W03_C3,KDE,20260903,3,3371018084,KDE|S2|main|3|W03_C3|20260903|3,networks/S2/KDE/f3_W03_C3_s20260903_d03.csv
S2,3,W03_C3,KDE,20260903,4,1451832007,KDE|S2|main|3|W03_C3|20260903|4,networks/S2/KDE/f3_W03_C3_s20260903_d04.csv
S2,3,W03_C3,KDE,20260903,5,562954833,KDE|S2|main|3|W03_C3|20260903|5,networks/S2/KDE/f3_W03_C3_s20260903_d05.csv
S2,3,W03_C3,KDE,20260903,6,3095876587,KDE|S2|main|3|W03_C3|20260903|6,networks/S2/KDE/f3_W03_C3_s20260903_d06.csv
S2,3,W03_C3,KDE,20260903,7,3481297789,KDE|S2|main|3|W03_C3|20260903|7,networks/S2/KDE/f3_W03_C3_s20260903_d07.csv
S2,3,W03_C3,KDE,7,0,698425275,KDE|S2|main|3|W03_C3|7|0,networks/S2/KDE/f3_W03_C3_s7_d00.csv
S2,3,W03_C3,KDE,7,1,1587949357,KDE|S2|main|3|W03_C3|7|1,networks/S2/KDE/f3_W03_C3_s7_d01.csv
S2,3,W03_C3,KDE,7,2,3350167191,KDE|S2|main|3|W03_C3|7|2,networks/S2/KDE/f3_W03_C3_s7_d02.csv
S2,3,W03_C3,KDE,7,3,2963820033,KDE|S2|main|3|W03_C3|7|3,networks/S2/KDE/f3_W03_C3_s7_d03.csv
S2,3,W03_C3,KDE,7,4,785177506,KDE|S2|main|3|W03_C3|7|4,networks/S2/KDE/f3_W03_C3_s7_d04.csv
S2,3,W03_C3,KDE,7,5,1506536244,KDE|S2|main|3|W03_C3|7|5,networks/S2/KDE/f3_W03_C3_s7_d05.csv
S2,3,W03_C3,KDE,7,6,3233987214,KDE|S2|main|3|W03_C3|7|6,networks/S2/KDE/f3_W03_C3_s7_d06.csv
S2,3,W03_C3,KDE,7,7,3083176472,KDE|S2|main|3|W03_C3|7|7,networks/S2/KDE/f3_W03_C3_s7_d07.csv
S2,3,W03_C4,EVAE,1337,0,1942255488,EVAE|S2|geobg|3|W03_C4|1337|0,networks/S2/EVAE/f3_W03_C4_s1337_d00.csv
S2,3,W03_C4,EVAE,1337,1,79906582,EVAE|S2|geobg|3|W03_C4|1337|1,networks/S2/EVAE/f3_W03_C4_s1337_d01.csv
S2,3,W03_C4,EVAE,1337,2,2647266988,EVAE|S2|geobg|3|W03_C4|1337|2,networks/S2/EVAE/f3_W03_C4_s1337_d02.csv
S2,3,W03_C4,EVAE,1337,3,3939313210,EVAE|S2|geobg|3|W03_C4|1337|3,networks/S2/EVAE/f3_W03_C4_s1337_d03.csv
S2,3,W03_C4,EVAE,1337,4,1957278617,EVAE|S2|geobg|3|W03_C4|1337|4,networks/S2/EVAE/f3_W03_C4_s1337_d04.csv
S2,3,W03_C4,EVAE,1337,5,61768463,EVAE|S2|geobg|3|W03_C4|1337|5,networks/S2/EVAE/f3_W03_C4_s1337_d05.csv
S2,3,W03_C4,EVAE,1337,6,2594689717,EVAE|S2|geobg|3|W03_C4|1337|6,networks/S2/EVAE/f3_W03_C4_s1337_d06.csv
S2,3,W03_C4,EVAE,1337,7,3986743843,EVAE|S2|geobg|3|W03_C4|1337|7,networks/S2/EVAE/f3_W03_C4_s1337_d07.csv
S2,3,W03_C4,EVAE,20260903,0,1166124170,EVAE|S2|geobg|3|W03_C4|20260903|0,networks/S2/EVAE/f3_W03_C4_s20260903_d00.csv
S2,3,W03_C4,EVAE,20260903,1,847680540,EVAE|S2|geobg|3|W03_C4|20260903|1,networks/S2/EVAE/f3_W03_C4_s20260903_d01.csv
S2,3,W03_C4,EVAE,20260903,2,2878326182,EVAE|S2|geobg|3|W03_C4|20260903|2,networks/S2/EVAE/f3_W03_C4_s20260903_d02.csv
S2,3,W03_C4,EVAE,20260903,3,3699963184,EVAE|S2|geobg|3|W03_C4|20260903|3,networks/S2/EVAE/f3_W03_C4_s20260903_d03.csv
S2,3,W03_C4,EVAE,20260903,4,1122787475,EVAE|S2|geobg|3|W03_C4|20260903|4,networks/S2/EVAE/f3_W03_C4_s20260903_d04.csv
S2,3,W03_C4,EVAE,20260903,5,904613893,EVAE|S2|geobg|3|W03_C4|20260903|5,networks/S2/EVAE/f3_W03_C4_s20260903_d05.csv
S2,3,W03_C4,EVAE,20260903,6,2900492735,EVAE|S2|geobg|3|W03_C4|20260903|6,networks/S2/EVAE/f3_W03_C4_s20260903_d06.csv
S2,3,W03_C4,EVAE,20260903,7,3689230633,EVAE|S2|geobg|3|W03_C4|20260903|7,networks/S2/EVAE/f3_W03_C4_s20260903_d07.csv
S2,3,W03_C4,EVAE,7,0,618128427,EVAE|S2|geobg|3|W03_C4|7|0,networks/S2/EVAE/f3_W03_C4_s7_d00.csv
S2,3,W03_C4,EVAE,7,1,1406194877,EVAE|S2|geobg|3|W03_C4|7|1,networks/S2/EVAE/f3_W03_C4_s7_d01.csv
S2,3,W03_C4,EVAE,7,2,3403252999,EVAE|S2|geobg|3|W03_C4|7|2,networks/S2/EVAE/f3_W03_C4_s7_d02.csv
S2,3,W03_C4,EVAE,7,3,3185489297,EVAE|S2|geobg|3|W03_C4|7|3,networks/S2/EVAE/f3_W03_C4_s7_d03.csv
S2,3,W03_C4,EVAE,7,4,599400498,EVAE|S2|geobg|3|W03_C4|7|4,networks/S2/EVAE/f3_W03_C4_s7_d04.csv
S2,3,W03_C4,EVAE,7,5,1421676708,EVAE|S2|geobg|3|W03_C4|7|5,networks/S2/EVAE/f3_W03_C4_s7_d05.csv
S2,3,W03_C4,EVAE,7,6,3451142430,EVAE|S2|geobg|3|W03_C4|7|6,networks/S2/EVAE/f3_W03_C4_s7_d06.csv
S2,3,W03_C4,EVAE,7,7,3132322184,EVAE|S2|geobg|3|W03_C4|7|7,networks/S2/EVAE/f3_W03_C4_s7_d07.csv
S2,3,W03_C4,ADFNE,1337,0,673196308,ADFNE|S2|main|3|W03_C4|1337|0,networks/S2/ADFNE/f3_W03_C4_s1337_d00.csv
S2,3,W03_C4,ADFNE,1337,1,1596397954,ADFNE|S2|main|3|W03_C4|1337|1,networks/S2/ADFNE/f3_W03_C4_s1337_d01.csv
S2,3,W03_C4,ADFNE,1337,2,3324921912,ADFNE|S2|main|3|W03_C4|1337|2,networks/S2/ADFNE/f3_W03_C4_s1337_d02.csv
S2,3,W03_C4,ADFNE,1337,3,2972285102,ADFNE|S2|main|3|W03_C4|1337|3,networks/S2/ADFNE/f3_W03_C4_s1337_d03.csv
S2,3,W03_C4,ADFNE,1337,4,793636109,ADFNE|S2|main|3|W03_C4|1337|4,networks/S2/ADFNE/f3_W03_C4_s1337_d04.csv
S2,3,W03_C4,ADFNE,1337,5,1481301403,ADFNE|S2|main|3|W03_C4|1337|5,networks/S2/ADFNE/f3_W03_C4_s1337_d05.csv
S2,3,W03_C4,ADFNE,1337,6,3242429473,ADFNE|S2|main|3|W03_C4|1337|6,networks/S2/ADFNE/f3_W03_C4_s1337_d06.csv
S2,3,W03_C4,ADFNE,1337,7,3057958071,ADFNE|S2|main|3|W03_C4|1337|7,networks/S2/ADFNE/f3_W03_C4_s1337_d07.csv
S2,3,W03_C4,ADFNE,20260903,0,3609882455,ADFNE|S2|main|3|W03_C4|20260903|0,networks/S2/ADFNE/f3_W03_C4_s20260903_d00.csv
S2,3,W03_C4,ADFNE,20260903,1,2687328193,ADFNE|S2|main|3|W03_C4|20260903|1,networks/S2/ADFNE/f3_W03_C4_s20260903_d01.csv
S2,3,W03_C4,ADFNE,20260903,2,958664315,ADFNE|S2|main|3|W03_C4|20260903|2,networks/S2/ADFNE/f3_W03_C4_s20260903_d02.csv
S2,3,W03_C4,ADFNE,20260903,3,1310932717,ADFNE|S2|main|3|W03_C4|20260903|3,networks/S2/ADFNE/f3_W03_C4_s20260903_d03.csv
S2,3,W03_C4,ADFNE,20260903,4,3494357838,ADFNE|S2|main|3|W03_C4|20260903|4,networks/S2/ADFNE/f3_W03_C4_s20260903_d04.csv
S2,3,W03_C4,ADFNE,20260903,5,2806029272,ADFNE|S2|main|3|W03_C4|20260903|5,networks/S2/ADFNE/f3_W03_C4_s20260903_d05.csv
S2,3,W03_C4,ADFNE,20260903,6,1045023330,ADFNE|S2|main|3|W03_C4|20260903|6,networks/S2/ADFNE/f3_W03_C4_s20260903_d06.csv
S2,3,W03_C4,ADFNE,20260903,7,1229912820,ADFNE|S2|main|3|W03_C4|20260903|7,networks/S2/ADFNE/f3_W03_C4_s20260903_d07.csv
S2,3,W03_C4,ADFNE,7,0,603648006,ADFNE|S2|main|3|W03_C4|7|0,networks/S2/ADFNE/f3_W03_C4_s7_d00.csv
S2,3,W03_C4,ADFNE,7,1,1425916048,ADFNE|S2|main|3|W03_C4|7|1,networks/S2/ADFNE/f3_W03_C4_s7_d01.csv
S2,3,W03_C4,ADFNE,7,2,3455357226,ADFNE|S2|main|3|W03_C4|7|2,networks/S2/ADFNE/f3_W03_C4_s7_d02.csv
S2,3,W03_C4,ADFNE,7,3,3136528828,ADFNE|S2|main|3|W03_C4|7|3,networks/S2/ADFNE/f3_W03_C4_s7_d03.csv
S2,3,W03_C4,ADFNE,7,4,613889055,ADFNE|S2|main|3|W03_C4|7|4,networks/S2/ADFNE/f3_W03_C4_s7_d04.csv
S2,3,W03_C4,ADFNE,7,5,1401947273,ADFNE|S2|main|3|W03_C4|7|5,networks/S2/ADFNE/f3_W03_C4_s7_d05.csv
S2,3,W03_C4,ADFNE,7,6,3399046451,ADFNE|S2|main|3|W03_C4|7|6,networks/S2/ADFNE/f3_W03_C4_s7_d06.csv
S2,3,W03_C4,ADFNE,7,7,3181274533,ADFNE|S2|main|3|W03_C4|7|7,networks/S2/ADFNE/f3_W03_C4_s7_d07.csv
S2,3,W03_C4,KDE,1337,0,3392940571,KDE|S2|main|3|W03_C4|1337|0,networks/S2/KDE/f3_W03_C4_s1337_d00.csv
S2,3,W03_C4,KDE,1337,1,3174767245,KDE|S2|main|3|W03_C4|1337|1,networks/S2/KDE/f3_W03_C4_s1337_d01.csv
S2,3,W03_C4,KDE,1337,2,607275831,KDE|S2|main|3|W03_C4|1337|2,networks/S2/KDE/f3_W03_C4_s1337_d02.csv
S2,3,W03_C4,KDE,1337,3,1396013985,KDE|S2|main|3|W03_C4|1337|3,networks/S2/KDE/f3_W03_C4_s1337_d03.csv
S2,3,W03_C4,KDE,1337,4,3444698626,KDE|S2|main|3|W03_C4|1337|4,networks/S2/KDE/f3_W03_C4_s1337_d04.csv
S2,3,W03_C4,KDE,1337,5,3126255252,KDE|S2|main|3|W03_C4|1337|5,networks/S2/KDE/f3_W03_C4_s1337_d05.csv
S2,3,W03_C4,KDE,1337,6,593465134,KDE|S2|main|3|W03_C4|1337|6,networks/S2/KDE/f3_W03_C4_s1337_d06.csv
S2,3,W03_C4,KDE,1337,7,1415102392,KDE|S2|main|3|W03_C4|1337|7,networks/S2/KDE/f3_W03_C4_s1337_d07.csv
S2,3,W03_C4,KDE,20260903,0,628891473,KDE|S2|main|3|W03_C4|20260903|0,networks/S2/KDE/f3_W03_C4_s20260903_d00.csv
S2,3,W03_C4,KDE,20260903,1,1383804871,KDE|S2|main|3|W03_C4|20260903|1,networks/S2/KDE/f3_W03_C4_s20260903_d01.csv
S2,3,W03_C4,KDE,20260903,2,3413278333,KDE|S2|main|3|W03_C4|20260903|2,networks/S2/KDE/f3_W03_C4_s20260903_d02.csv
S2,3,W03_C4,KDE,20260903,3,3161804523,KDE|S2|main|3|W03_C4|20260903|3,networks/S2/KDE/f3_W03_C4_s20260903_d03.csv
S2,3,W03_C4,KDE,20260903,4,571595592,KDE|S2|main|3|W03_C4|20260903|4,networks/S2/KDE/f3_W03_C4_s20260903_d04.csv
S2,3,W03_C4,KDE,20260903,5,1427565534,KDE|S2|main|3|W03_C4|20260903|5,networks/S2/KDE/f3_W03_C4_s20260903_d05.csv
S2,3,W03_C4,KDE,20260903,6,3424631396,KDE|S2|main|3|W03_C4|20260903|6,networks/S2/KDE/f3_W03_C4_s20260903_d06.csv
S2,3,W03_C4,KDE,20260903,7,3138947826,KDE|S2|main|3|W03_C4|20260903|7,networks/S2/KDE/f3_W03_C4_s20260903_d07.csv
S2,3,W03_C4,KDE,7,0,2608972715,KDE|S2|main|3|W03_C4|7|0,networks/S2/KDE/f3_W03_C4_s7_d00.csv
S2,3,W03_C4,KDE,7,1,3968267069,KDE|S2|main|3|W03_C4|7|1,networks/S2/KDE/f3_W03_C4_s7_d01.csv
S2,3,W03_C4,KDE,7,2,1972347527,KDE|S2|main|3|W03_C4|7|2,networks/S2/KDE/f3_W03_C4_s7_d02.csv
S2,3,W03_C4,KDE,7,3,42504721,KDE|S2|main|3|W03_C4|7|3,networks/S2/KDE/f3_W03_C4_s7_d03.csv
S2,3,W03_C4,KDE,7,4,2632714162,KDE|S2|main|3|W03_C4|7|4,networks/S2/KDE/f3_W03_C4_s7_d04.csv
S2,3,W03_C4,KDE,7,5,3958060836,KDE|S2|main|3|W03_C4|7|5,networks/S2/KDE/f3_W03_C4_s7_d05.csv
S2,3,W03_C4,KDE,7,6,1927440030,KDE|S2|main|3|W03_C4|7|6,networks/S2/KDE/f3_W03_C4_s7_d06.csv
S2,3,W03_C4,KDE,7,7,98915848,KDE|S2|main|3|W03_C4|7|7,networks/S2/KDE/f3_W03_C4_s7_d07.csv
S2,3,W03_C5,EVAE,1337,0,3211687710,EVAE|S2|geobg|3|W03_C5|1337|0,networks/S2/EVAE/f3_W03_C5_s1337_d00.csv
S2,3,W03_C5,EVAE,1337,1,3362342792,EVAE|S2|geobg|3|W03_C5|1337|1,networks/S2/EVAE/f3_W03_C5_s1337_d01.csv
S2,3,W03_C5,EVAE,1337,2,1365251634,EVAE|S2|geobg|3|W03_C5|1337|2,networks/S2/EVAE/f3_W03_C5_s1337_d02.csv
S2,3,W03_C5,EVAE,1337,3,644294308,EVAE|S2|geobg|3|W03_C5|1337|3,networks/S2/EVAE/f3_W03_C5_s1337_d03.csv
S2,3,W03_C5,EVAE,1337,4,3087250183,EVAE|S2|geobg|3|W03_C5|1337|4,networks/S2/EVAE/f3_W03_C5_s1337_d04.csv
S2,3,W03_C5,EVAE,1337,5,3473179537,EVAE|S2|geobg|3|W03_C5|1337|5,networks/S2/EVAE/f3_W03_C5_s1337_d05.csv
S2,3,W03_C5,EVAE,1337,6,1443746347,EVAE|S2|geobg|3|W03_C5|1337|6,networks/S2/EVAE/f3_W03_C5_s1337_d06.csv
S2,3,W03_C5,EVAE,1337,7,554361533,EVAE|S2|geobg|3|W03_C5|1337|7,networks/S2/EVAE/f3_W03_C5_s1337_d07.csv
S2,3,W03_C5,EVAE,20260903,0,3726960869,EVAE|S2|geobg|3|W03_C5|20260903|0,networks/S2/EVAE/f3_W03_C5_s20260903_d00.csv
S2,3,W03_C5,EVAE,20260903,1,2837698675,EVAE|S2|geobg|3|W03_C5|20260903|1,networks/S2/EVAE/f3_W03_C5_s20260903_d01.csv
S2,3,W03_C5,EVAE,20260903,2,808094153,EVAE|S2|geobg|3|W03_C5|20260903|2,networks/S2/EVAE/f3_W03_C5_s20260903_d02.csv
S2,3,W03_C5,EVAE,20260903,3,1194178911,EVAE|S2|geobg|3|W03_C5|20260903|3,networks/S2/EVAE/f3_W03_C5_s20260903_d03.csv
S2,3,W03_C5,EVAE,20260903,4,3645451516,EVAE|S2|geobg|3|W03_C5|20260903|4,networks/S2/EVAE/f3_W03_C5_s20260903_d04.csv
S2,3,W03_C5,EVAE,20260903,5,2924354666,EVAE|S2|geobg|3|W03_C5|20260903|5,networks/S2/EVAE/f3_W03_C5_s20260903_d05.csv
S2,3,W03_C5,EVAE,20260903,6,927419856,EVAE|S2|geobg|3|W03_C5|20260903|6,networks/S2/EVAE/f3_W03_C5_s20260903_d06.csv
S2,3,W03_C5,EVAE,20260903,7,1077968198,EVAE|S2|geobg|3|W03_C5|20260903|7,networks/S2/EVAE/f3_W03_C5_s20260903_d07.csv
S2,3,W03_C5,EVAE,7,0,431476123,EVAE|S2|geobg|3|W03_C5|7|0,networks/S2/EVAE/f3_W03_C5_s7_d00.csv
S2,3,W03_C5,EVAE,7,1,1857092877,EVAE|S2|geobg|3|W03_C5|7|1,networks/S2/EVAE/f3_W03_C5_s7_d01.csv
S2,3,W03_C5,EVAE,7,2,4156140727,EVAE|S2|geobg|3|W03_C5|7|2,networks/S2/EVAE/f3_W03_C5_s7_d02.csv
S2,3,W03_C5,EVAE,7,3,2159975457,EVAE|S2|geobg|3|W03_C5|7|3,networks/S2/EVAE/f3_W03_C5_s7_d03.csv
S2,3,W03_C5,EVAE,7,4,517605762,EVAE|S2|geobg|3|W03_C5|7|4,networks/S2/EVAE/f3_W03_C5_s7_d04.csv
S2,3,W03_C5,EVAE,7,5,1776105748,EVAE|S2|geobg|3|W03_C5|7|5,networks/S2/EVAE/f3_W03_C5_s7_d05.csv
S2,3,W03_C5,EVAE,7,6,4040452270,EVAE|S2|geobg|3|W03_C5|7|6,networks/S2/EVAE/f3_W03_C5_s7_d06.csv
S2,3,W03_C5,EVAE,7,7,2278774840,EVAE|S2|geobg|3|W03_C5|7|7,networks/S2/EVAE/f3_W03_C5_s7_d07.csv
S2,3,W03_C5,ADFNE,1337,0,3834259850,ADFNE|S2|main|3|W03_C5|1337|0,networks/S2/ADFNE/f3_W03_C5_s1337_d00.csv
S2,3,W03_C5,ADFNE,1337,1,2475497756,ADFNE|S2|main|3|W03_C5|1337|1,networks/S2/ADFNE/f3_W03_C5_s1337_d01.csv
S2,3,W03_C5,ADFNE,1337,2,176441510,ADFNE|S2|main|3|W03_C5|1337|2,networks/S2/ADFNE/f3_W03_C5_s1337_d02.csv
S2,3,W03_C5,ADFNE,1337,3,2105767984,ADFNE|S2|main|3|W03_C5|1337|3,networks/S2/ADFNE/f3_W03_C5_s1337_d03.csv
S2,3,W03_C5,ADFNE,1337,4,3823627667,ADFNE|S2|main|3|W03_C5|1337|4,networks/S2/ADFNE/f3_W03_C5_s1337_d04.csv
S2,3,W03_C5,ADFNE,1337,5,2497764613,ADFNE|S2|main|3|W03_C5|1337|5,networks/S2/ADFNE/f3_W03_C5_s1337_d05.csv
S2,3,W03_C5,ADFNE,1337,6,233409727,ADFNE|S2|main|3|W03_C5|1337|6,networks/S2/ADFNE/f3_W03_C5_s1337_d06.csv
S2,3,W03_C5,ADFNE,1337,7,2062466089,ADFNE|S2|main|3|W03_C5|1337|7,networks/S2/ADFNE/f3_W03_C5_s1337_d07.csv
S2,3,W03_C5,ADFNE,20260903,0,1284449080,ADFNE|S2|main|3|W03_C5|20260903|0,networks/S2/ADFNE/f3_W03_C5_s20260903_d00.csv
S2,3,W03_C5,ADFNE,20260903,1,998773678,ADFNE|S2|main|3|W03_C5|20260903|1,networks/S2/ADFNE/f3_W03_C5_s20260903_d01.csv
S2,3,W03_C5,ADFNE,20260903,2,2726380052,ADFNE|S2|main|3|W03_C5|20260903|2,networks/S2/ADFNE/f3_W03_C5_s20260903_d02.csv
S2,3,W03_C5,ADFNE,20260903,3,3582358146,ADFNE|S2|main|3|W03_C5|20260903|3,networks/S2/ADFNE/f3_W03_C5_s20260903_d03.csv
S2,3,W03_C5,ADFNE,20260903,4,1273161505,ADFNE|S2|main|3|W03_C5|20260903|4,networks/S2/ADFNE/f3_W03_C5_s20260903_d04.csv
S2,3,W03_C5,ADFNE,20260903,5,1021695927,ADFNE|S2|main|3|W03_C5|20260903|5,networks/S2/ADFNE/f3_W03_C5_s20260903_d05.csv
S2,3,W03_C5,ADFNE,20260903,6,2783741453,ADFNE|S2|main|3|W03_C5|20260903|6,networks/S2/ADFNE/f3_W03_C5_s20260903_d06.csv
S2,3,W03_C5,ADFNE,20260903,7,3538663067,ADFNE|S2|main|3|W03_C5|20260903|7,networks/S2/ADFNE/f3_W03_C5_s20260903_d07.csv
S2,3,W03_C5,ADFNE,7,0,513464758,ADFNE|S2|main|3|W03_C5|7|0,networks/S2/ADFNE/f3_W03_C5_s7_d00.csv
S2,3,W03_C5,ADFNE,7,1,1771956512,ADFNE|S2|main|3|W03_C5|7|1,networks/S2/ADFNE/f3_W03_C5_s7_d01.csv
S2,3,W03_C5,ADFNE,7,2,4036278426,ADFNE|S2|main|3|W03_C5|7|2,networks/S2/ADFNE/f3_W03_C5_s7_d02.csv
S2,3,W03_C5,ADFNE,7,3,2274592780,ADFNE|S2|main|3|W03_C5|7|3,networks/S2/ADFNE/f3_W03_C5_s7_d03.csv
S2,3,W03_C5,ADFNE,7,4,435625391,ADFNE|S2|main|3|W03_C5|7|4,networks/S2/ADFNE/f3_W03_C5_s7_d04.csv
S2,3,W03_C5,ADFNE,7,5,1861233977,ADFNE|S2|main|3|W03_C5|7|5,networks/S2/ADFNE/f3_W03_C5_s7_d05.csv
S2,3,W03_C5,ADFNE,7,6,4160322691,ADFNE|S2|main|3|W03_C5|7|6,networks/S2/ADFNE/f3_W03_C5_s7_d06.csv
S2,3,W03_C5,ADFNE,7,7,2164149269,ADFNE|S2|main|3|W03_C5|7|7,networks/S2/ADFNE/f3_W03_C5_s7_d07.csv
S2,3,W03_C5,KDE,1337,0,110504581,KDE|S2|main|3|W03_C5|1337|0,networks/S2/KDE/f3_W03_C5_s1337_d00.csv
S2,3,W03_C5,KDE,1337,1,1905334803,KDE|S2|main|3|W03_C5|1337|1,networks/S2/KDE/f3_W03_C5_s1337_d01.csv
S2,3,W03_C5,KDE,1337,2,3902294953,KDE|S2|main|3|W03_C5|1337|2,networks/S2/KDE/f3_W03_C5_s1337_d02.csv
S2,3,W03_C5,KDE,1337,3,2678029119,KDE|S2|main|3|W03_C5|1337|3,networks/S2/KDE/f3_W03_C5_s1337_d03.csv
S2,3,W03_C5,KDE,1337,4,33287836,KDE|S2|main|3|W03_C5|1337|4,networks/S2/KDE/f3_W03_C5_s1337_d04.csv
S2,3,W03_C5,KDE,1337,5,1996283402,KDE|S2|main|3|W03_C5|1337|5,networks/S2/KDE/f3_W03_C5_s1337_d05.csv
S2,3,W03_C5,KDE,1337,6,4025847728,KDE|S2|main|3|W03_C5|1337|6,networks/S2/KDE/f3_W03_C5_s1337_d06.csv
S2,3,W03_C5,KDE,1337,7,2566045478,KDE|S2|main|3|W03_C5|1337|7,networks/S2/KDE/f3_W03_C5_s1337_d07.csv
S2,3,W03_C5,KDE,20260903,0,3201913662,KDE|S2|main|3|W03_C5|20260903|0,networks/S2/KDE/f3_W03_C5_s20260903_d00.csv
S2,3,W03_C5,KDE,20260903,1,3386794920,KDE|S2|main|3|W03_C5|20260903|1,networks/S2/KDE/f3_W03_C5_s20260903_d01.csv
S2,3,W03_C5,KDE,20260903,2,1356280338,KDE|S2|main|3|W03_C5|20260903|2,networks/S2/KDE/f3_W03_C5_s20260903_d02.csv
S2,3,W03_C5,KDE,20260903,3,667943556,KDE|S2|main|3|W03_C5|20260903|3,networks/S2/KDE/f3_W03_C5_s20260903_d03.csv
S2,3,W03_C5,KDE,20260903,4,3115620135,KDE|S2|main|3|W03_C5|20260903|4,networks/S2/KDE/f3_W03_C5_s20260903_d04.csv
S2,3,W03_C5,KDE,20260903,5,3467880369,KDE|S2|main|3|W03_C5|20260903|5,networks/S2/KDE/f3_W03_C5_s20260903_d05.csv
S2,3,W03_C5,KDE,20260903,6,1471870475,KDE|S2|main|3|W03_C5|20260903|6,networks/S2/KDE/f3_W03_C5_s20260903_d06.csv
S2,3,W03_C5,KDE,20260903,7,549308061,KDE|S2|main|3|W03_C5|20260903|7,networks/S2/KDE/f3_W03_C5_s20260903_d07.csv
S2,3,W03_C5,KDE,7,0,2799823387,KDE|S2|main|3|W03_C5|7|0,networks/S2/KDE/f3_W03_C5_s7_d00.csv
S2,3,W03_C5,KDE,7,1,3521567373,KDE|S2|main|3|W03_C5|7|1,networks/S2/KDE/f3_W03_C5_s7_d01.csv
S2,3,W03_C5,KDE,7,2,1223658295,KDE|S2|main|3|W03_C5|7|2,networks/S2/KDE/f3_W03_C5_s7_d02.csv
S2,3,W03_C5,KDE,7,3,1072216993,KDE|S2|main|3|W03_C5|7|3,networks/S2/KDE/f3_W03_C5_s7_d03.csv
S2,3,W03_C5,KDE,7,4,2710318594,KDE|S2|main|3|W03_C5|7|4,networks/S2/KDE/f3_W03_C5_s7_d04.csv
S2,3,W03_C5,KDE,7,5,3599441556,KDE|S2|main|3|W03_C5|7|5,networks/S2/KDE/f3_W03_C5_s7_d05.csv
S2,3,W03_C5,KDE,7,6,1333940014,KDE|S2|main|3|W03_C5|7|6,networks/S2/KDE/f3_W03_C5_s7_d06.csv
S2,3,W03_C5,KDE,7,7,948273080,KDE|S2|main|3|W03_C5|7|7,networks/S2/KDE/f3_W03_C5_s7_d07.csv
S2,3,W03_C6,EVAE,1337,0,836858109,EVAE|S2|geobg|3|W03_C6|1337|0,networks/S2/EVAE/f3_W03_C6_s1337_d00.csv
S2,3,W03_C6,EVAE,1337,1,1189494891,EVAE|S2|geobg|3|W03_C6|1337|1,networks/S2/EVAE/f3_W03_C6_s1337_d01.csv
S2,3,W03_C6,EVAE,1337,2,3756986833,EVAE|S2|geobg|3|W03_C6|1337|2,networks/S2/EVAE/f3_W03_C6_s1337_d02.csv
S2,3,W03_C6,EVAE,1337,3,2833785159,EVAE|S2|geobg|3|W03_C6|1337|3,networks/S2/EVAE/f3_W03_C6_s1337_d03.csv
S2,3,W03_C6,EVAE,1337,4,915191012,EVAE|S2|geobg|3|W03_C6|1337|4,networks/S2/EVAE/f3_W03_C6_s1337_d04.csv
S2,3,W03_C6,EVAE,1337,5,1099662450,EVAE|S2|geobg|3|W03_C6|1337|5,networks/S2/EVAE/f3_W03_C6_s1337_d05.csv
S2,3,W03_C6,EVAE,1337,6,3632453064,EVAE|S2|geobg|3|W03_C6|1337|6,networks/S2/EVAE/f3_W03_C6_s1337_d06.csv
S2,3,W03_C6,EVAE,1337,7,2944787806,EVAE|S2|geobg|3|W03_C6|1337|7,networks/S2/EVAE/f3_W03_C6_s1337_d07.csv
S2,3,W03_C6,EVAE,20260903,0,2847554069,EVAE|S2|geobg|3|W03_C6|20260903|0,networks/S2/EVAE/f3_W03_C6_s20260903_d00.csv
S2,3,W03_C6,EVAE,20260903,1,3736930947,EVAE|S2|geobg|3|W03_C6|20260903|1,networks/S2/EVAE/f3_W03_C6_s20260903_d01.csv
S2,3,W03_C6,EVAE,20260903,2,1203002169,EVAE|S2|geobg|3|W03_C6|20260903|2,networks/S2/EVAE/f3_W03_C6_s20260903_d02.csv
S2,3,W03_C6,EVAE,20260903,3,817064879,EVAE|S2|geobg|3|W03_C6|20260903|3,networks/S2/EVAE/f3_W03_C6_s20260903_d03.csv
S2,3,W03_C6,EVAE,20260903,4,2933390860,EVAE|S2|geobg|3|W03_C6|20260903|4,networks/S2/EVAE/f3_W03_C6_s20260903_d04.csv
S2,3,W03_C6,EVAE,20260903,5,3654340250,EVAE|S2|geobg|3|W03_C6|20260903|5,networks/S2/EVAE/f3_W03_C6_s20260903_d05.csv
S2,3,W03_C6,EVAE,20260903,6,1088003872,EVAE|S2|geobg|3|W03_C6|20260903|6,networks/S2/EVAE/f3_W03_C6_s20260903_d06.csv
S2,3,W03_C6,EVAE,20260903,7,937340854,EVAE|S2|geobg|3|W03_C6|20260903|7,networks/S2/EVAE/f3_W03_C6_s20260903_d07.csv
S2,3,W03_C6,EVAE,7,0,1578612555,EVAE|S2|geobg|3|W03_C6|7|0,networks/S2/EVAE/f3_W03_C6_s7_d00.csv
S2,3,W03_C6,EVAE,7,1,688949213,EVAE|S2|geobg|3|W03_C6|7|1,networks/S2/EVAE/f3_W03_C6_s7_d01.csv
S2,3,W03_C6,EVAE,7,2,2954483303,EVAE|S2|geobg|3|W03_C6|7|2,networks/S2/EVAE/f3_W03_C6_s7_d02.csv
S2,3,W03_C6,EVAE,7,3,3340691185,EVAE|S2|geobg|3|W03_C6|7|3,networks/S2/EVAE/f3_W03_C6_s7_d03.csv
S2,3,W03_C6,EVAE,7,4,1501197138,EVAE|S2|geobg|3|W03_C6|7|4,networks/S2/EVAE/f3_W03_C6_s7_d04.csv
S2,3,W03_C6,EVAE,7,5,779961284,EVAE|S2|geobg|3|W03_C6|7|5,networks/S2/EVAE/f3_W03_C6_s7_d05.csv
S2,3,W03_C6,EVAE,7,6,3077837438,EVAE|S2|geobg|3|W03_C6|7|6,networks/S2/EVAE/f3_W03_C6_s7_d06.csv
S2,3,W03_C6,EVAE,7,7,3228771048,EVAE|S2|geobg|3|W03_C6|7|7,networks/S2/EVAE/f3_W03_C6_s7_d07.csv
S2,3,W03_C6,ADFNE,1337,0,1778724457,ADFNE|S2|main|3|W03_C6|1337|0,networks/S2/ADFNE/f3_W03_C6_s1337_d00.csv
S2,3,W03_C6,ADFNE,1337,1,486678271,ADFNE|S2|main|3|W03_C6|1337|1,networks/S2/ADFNE/f3_W03_C6_s1337_d01.csv
S2,3,W03_C6,ADFNE,1337,2,2215333701,ADFNE|S2|main|3|W03_C6|1337|2,networks/S2/ADFNE/f3_W03_C6_s1337_d02.csv
S2,3,W03_C6,ADFNE,1337,3,4077682643,ADFNE|S2|main|3|W03_C6|1337|3,networks/S2/ADFNE/f3_W03_C6_s1337_d03.csv
S2,3,W03_C6,ADFNE,1337,4,1835592304,ADFNE|S2|main|3|W03_C6|1337|4,networks/S2/ADFNE/f3_W03_C6_s1337_d04.csv
S2,3,W03_C6,ADFNE,1337,5,443538150,ADFNE|S2|main|3|W03_C6|1337|5,networks/S2/ADFNE/f3_W03_C6_s1337_d05.csv
S2,3,W03_C6,ADFNE,1337,6,2204535644,ADFNE|S2|main|3|W03_C6|1337|6,networks/S2/ADFNE/f3_W03_C6_s1337_d06.csv
S2,3,W03_C6,ADFNE,1337,7,4100045770,ADFNE|S2|main|3|W03_C6|1337|7,networks/S2/ADFNE/f3_W03_C6_s1337_d07.csv
S2,3,W03_C6,ADFNE,20260903,0,991031752,ADFNE|S2|main|3|W03_C6|20260903|0,networks/S2/ADFNE/f3_W03_C6_s20260903_d00.csv
S2,3,W03_C6,ADFNE,20260903,1,1276559710,ADFNE|S2|main|3|W03_C6|20260903|1,networks/S2/ADFNE/f3_W03_C6_s20260903_d01.csv
S2,3,W03_C6,ADFNE,20260903,2,3575615716,ADFNE|S2|main|3|W03_C6|20260903|2,networks/S2/ADFNE/f3_W03_C6_s20260903_d02.csv
S2,3,W03_C6,ADFNE,20260903,3,2719522930,ADFNE|S2|main|3|W03_C6|20260903|3,networks/S2/ADFNE/f3_W03_C6_s20260903_d03.csv
S2,3,W03_C6,ADFNE,20260903,4,1014773201,ADFNE|S2|main|3|W03_C6|20260903|4,networks/S2/ADFNE/f3_W03_C6_s20260903_d04.csv
S2,3,W03_C6,ADFNE,20260903,5,1266353479,ADFNE|S2|main|3|W03_C6|20260903|5,networks/S2/ADFNE/f3_W03_C6_s20260903_d05.csv
S2,3,W03_C6,ADFNE,20260903,6,3530708221,ADFNE|S2|main|3|W03_C6|20260903|6,networks/S2/ADFNE/f3_W03_C6_s20260903_d06.csv
S2,3,W03_C6,ADFNE,20260903,7,2775934059,ADFNE|S2|main|3|W03_C6|20260903|7,networks/S2/ADFNE/f3_W03_C6_s20260903_d07.csv
S2,3,W03_C6,ADFNE,7,0,1497015142,ADFNE|S2|main|3|W03_C6|7|0,networks/S2/ADFNE/f3_W03_C6_s7_d00.csv
S2,3,W03_C6,ADFNE,7,1,775787504,ADFNE|S2|main|3|W03_C6|7|1,networks/S2/ADFNE/f3_W03_C6_s7_d01.csv
S2,3,W03_C6,ADFNE,7,2,3073688138,ADFNE|S2|main|3|W03_C6|7|2,networks/S2/ADFNE/f3_W03_C6_s7_d02.csv
S2,3,W03_C6,ADFNE,7,3,3224629980,ADFNE|S2|main|3|W03_C6|7|3,networks/S2/ADFNE/f3_W03_C6_s7_d03.csv
S2,3,W03_C6,ADFNE,7,4,1582786431,ADFNE|S2|main|3|W03_C6|7|4,networks/S2/ADFNE/f3_W03_C6_s7_d04.csv
S2,3,W03_C6,ADFNE,7,5,693131241,ADFNE|S2|main|3|W03_C6|7|5,networks/S2/ADFNE/f3_W03_C6_s7_d05.csv
S2,3,W03_C6,ADFNE,7,6,2958624339,ADFNE|S2|main|3|W03_C6|7|6,networks/S2/ADFNE/f3_W03_C6_s7_d06.csv
S2,3,W03_C6,ADFNE,7,7,3344840389,ADFNE|S2|main|3|W03_C6|7|7,networks/S2/ADFNE/f3_W03_C6_s7_d07.csv
S2,3,W03_C6,KDE,1337,0,2283351398,KDE|S2|main|3|W03_C6|1337|0,networks/S2/KDE/f3_W03_C6_s1337_d00.csv
S2,3,W03_C6,KDE,1337,1,4280163824,KDE|S2|main|3|W03_C6|1337|1,networks/S2/KDE/f3_W03_C6_s1337_d01.csv
S2,3,W03_C6,KDE,1337,2,1712802890,KDE|S2|main|3|W03_C6|1337|2,networks/S2/KDE/f3_W03_C6_s1337_d02.csv
S2,3,W03_C6,KDE,1337,3,286293212,KDE|S2|main|3|W03_C6|1337|3,networks/S2/KDE/f3_W03_C6_s1337_d03.csv
S2,3,W03_C6,KDE,1337,4,2406803839,KDE|S2|main|3|W03_C6|1337|4,networks/S2/KDE/f3_W03_C6_s1337_d04.csv
S2,3,W03_C6,KDE,1337,5,4168341993,KDE|S2|main|3|W03_C6|1337|5,networks/S2/KDE/f3_W03_C6_s1337_d05.csv
S2,3,W03_C6,KDE,1337,6,1635420243,KDE|S2|main|3|W03_C6|1337|6,networks/S2/KDE/f3_W03_C6_s1337_d06.csv
S2,3,W03_C6,KDE,1337,7,377338053,KDE|S2|main|3|W03_C6|1337|7,networks/S2/KDE/f3_W03_C6_s1337_d07.csv
S2,3,W03_C6,KDE,20260903,0,3376906702,KDE|S2|main|3|W03_C6|20260903|0,networks/S2/KDE/f3_W03_C6_s20260903_d00.csv
S2,3,W03_C6,KDE,20260903,1,3191910744,KDE|S2|main|3|W03_C6|20260903|1,networks/S2/KDE/f3_W03_C6_s20260903_d01.csv
S2,3,W03_C6,KDE,20260903,2,659153122,KDE|S2|main|3|W03_C6|20260903|2,networks/S2/KDE/f3_W03_C6_s20260903_d02.csv
S2,3,W03_C6,KDE,20260903,3,1347342452,KDE|S2|main|3|W03_C6|20260903|3,networks/S2/KDE/f3_W03_C6_s20260903_d03.csv
S2,3,W03_C6,KDE,20260903,4,3458876887,KDE|S2|main|3|W03_C6|20260903|4,networks/S2/KDE/f3_W03_C6_s20260903_d04.csv
S2,3,W03_C6,KDE,20260903,5,3106764097,KDE|S2|main|3|W03_C6|20260903|5,networks/S2/KDE/f3_W03_C6_s20260903_d05.csv
S2,3,W03_C6,KDE,20260903,6,539239675,KDE|S2|main|3|W03_C6|20260903|6,networks/S2/KDE/f3_W03_C6_s20260903_d06.csv
S2,3,W03_C6,KDE,20260903,7,1461916781,KDE|S2|main|3|W03_C6|20260903|7,networks/S2/KDE/f3_W03_C6_s20260903_d07.csv
S2,3,W03_C6,KDE,7,0,3779170507,KDE|S2|main|3|W03_C6|7|0,networks/S2/KDE/f3_W03_C6_s7_d00.csv
S2,3,W03_C6,KDE,7,1,2521210973,KDE|S2|main|3|W03_C6|7|1,networks/S2/KDE/f3_W03_C6_s7_d01.csv
S2,3,W03_C6,KDE,7,2,256897511,KDE|S2|main|3|W03_C6|7|2,networks/S2/KDE/f3_W03_C6_s7_d02.csv
S2,3,W03_C6,KDE,7,3,2018034033,KDE|S2|main|3|W03_C6|7|3,networks/S2/KDE/f3_W03_C6_s7_d03.csv
S2,3,W03_C6,KDE,7,4,3861664978,KDE|S2|main|3|W03_C6|7|4,networks/S2/KDE/f3_W03_C6_s7_d04.csv
S2,3,W03_C6,KDE,7,5,2435540036,KDE|S2|main|3|W03_C6|7|5,networks/S2/KDE/f3_W03_C6_s7_d05.csv
S2,3,W03_C6,KDE,7,6,136459774,KDE|S2|main|3|W03_C6|7|6,networks/S2/KDE/f3_W03_C6_s7_d06.csv
S2,3,W03_C6,KDE,7,7,2133132648,KDE|S2|main|3|W03_C6|7|7,networks/S2/KDE/f3_W03_C6_s7_d07.csv
S2,3,W03_C7,EVAE,1337,0,4249579619,EVAE|S2|geobg|3|W03_C7|1337|0,networks/S2/EVAE/f3_W03_C7_s1337_d00.csv
S2,3,W03_C7,EVAE,1337,1,2320253173,EVAE|S2|geobg|3|W03_C7|1337|1,networks/S2/EVAE/f3_W03_C7_s1337_d01.csv
S2,3,W03_C7,EVAE,1337,2,323293519,EVAE|S2|geobg|3|W03_C7|1337|2,networks/S2/EVAE/f3_W03_C7_s1337_d02.csv
S2,3,W03_C7,EVAE,1337,3,1682055641,EVAE|S2|geobg|3|W03_C7|1337|3,networks/S2/EVAE/f3_W03_C7_s1337_d03.csv
S2,3,W03_C7,EVAE,1337,4,4196840570,EVAE|S2|geobg|3|W03_C7|1337|4,networks/S2/EVAE/f3_W03_C7_s1337_d04.csv
S2,3,W03_C7,EVAE,1337,5,2367784172,EVAE|S2|geobg|3|W03_C7|1337|5,networks/S2/EVAE/f3_W03_C7_s1337_d05.csv
S2,3,W03_C7,EVAE,1337,6,338220374,EVAE|S2|geobg|3|W03_C7|1337|6,networks/S2/EVAE/f3_W03_C7_s1337_d06.csv
S2,3,W03_C7,EVAE,1337,7,1664083392,EVAE|S2|geobg|3|W03_C7|1337|7,networks/S2/EVAE/f3_W03_C7_s1337_d07.csv
S2,3,W03_C7,EVAE,20260903,0,840922746,EVAE|S2|geobg|3|W03_C7|20260903|0,networks/S2/EVAE/f3_W03_C7_s20260903_d00.csv
S2,3,W03_C7,EVAE,20260903,1,1159218924,EVAE|S2|geobg|3|W03_C7|20260903|1,networks/S2/EVAE/f3_W03_C7_s20260903_d01.csv
S2,3,W03_C7,EVAE,20260903,2,3692107606,EVAE|S2|geobg|3|W03_C7|20260903|2,networks/S2/EVAE/f3_W03_C7_s20260903_d02.csv
S2,3,W03_C7,EVAE,20260903,3,2870355904,EVAE|S2|geobg|3|W03_C7|20260903|3,networks/S2/EVAE/f3_W03_C7_s20260903_d03.csv
S2,3,W03_C7,EVAE,20260903,4,896709219,EVAE|S2|geobg|3|W03_C7|20260903|4,networks/S2/EVAE/f3_W03_C7_s20260903_d04.csv
S2,3,W03_C7,EVAE,20260903,5,1114997493,EVAE|S2|geobg|3|W03_C7|20260903|5,networks/S2/EVAE/f3_W03_C7_s20260903_d05.csv
S2,3,W03_C7,EVAE,20260903,6,3682390863,EVAE|S2|geobg|3|W03_C7|20260903|6,networks/S2/EVAE/f3_W03_C7_s20260903_d06.csv
S2,3,W03_C7,EVAE,20260903,7,2893800409,EVAE|S2|geobg|3|W03_C7|20260903|7,networks/S2/EVAE/f3_W03_C7_s20260903_d07.csv
S2,3,W03_C7,EVAE,7,0,1668783867,EVAE|S2|geobg|3|W03_C7|7|0,networks/S2/EVAE/f3_W03_C7_s7_d00.csv
S2,3,W03_C7,EVAE,7,1,342929005,EVAE|S2|geobg|3|W03_C7|7|1,networks/S2/EVAE/f3_W03_C7_s7_d01.csv
S2,3,W03_C7,EVAE,7,2,2373582807,EVAE|S2|geobg|3|W03_C7|7|2,networks/S2/EVAE/f3_W03_C7_s7_d02.csv
S2,3,W03_C7,EVAE,7,3,4202614593,EVAE|S2|geobg|3|W03_C7|7|3,networks/S2/EVAE/f3_W03_C7_s7_d03.csv
S2,3,W03_C7,EVAE,7,4,1679448802,EVAE|S2|geobg|3|W03_C7|7|4,networks/S2/EVAE/f3_W03_C7_s7_d04.csv
S2,3,W03_C7,EVAE,7,5,320694900,EVAE|S2|geobg|3|W03_C7|7|5,networks/S2/EVAE/f3_W03_C7_s7_d05.csv
S2,3,W03_C7,EVAE,7,6,2316581838,EVAE|S2|geobg|3|W03_C7|7|6,networks/S2/EVAE/f3_W03_C7_s7_d06.csv
S2,3,W03_C7,EVAE,7,7,4245883736,EVAE|S2|geobg|3|W03_C7|7|7,networks/S2/EVAE/f3_W03_C7_s7_d07.csv
S2,3,W03_C7,ADFNE,1337,0,2796498679,ADFNE|S2|main|3|W03_C7|1337|0,networks/S2/ADFNE/f3_W03_C7_s1337_d00.csv
S2,3,W03_C7,ADFNE,1337,1,3517455969,ADFNE|S2|main|3|W03_C7|1337|1,networks/S2/ADFNE/f3_W03_C7_s1337_d01.csv
S2,3,W03_C7,ADFNE,1337,2,1218531291,ADFNE|S2|main|3|W03_C7|1337|2,networks/S2/ADFNE/f3_W03_C7_s1337_d02.csv
S2,3,W03_C7,ADFNE,1337,3,1067876173,ADFNE|S2|main|3|W03_C7|1337|3,networks/S2/ADFNE/f3_W03_C7_s1337_d03.csv
S2,3,W03_C7,ADFNE,1337,4,2713905902,ADFNE|S2|main|3|W03_C7|1337|4,networks/S2/ADFNE/f3_W03_C7_s1337_d04.csv
S2,3,W03_C7,ADFNE,1337,5,3603290744,ADFNE|S2|main|3|W03_C7|1337|5,networks/S2/ADFNE/f3_W03_C7_s1337_d05.csv
S2,3,W03_C7,ADFNE,1337,6,1338805186,ADFNE|S2|main|3|W03_C7|1337|6,networks/S2/ADFNE/f3_W03_C7_s1337_d06.csv
S2,3,W03_C7,ADFNE,1337,7,952875860,ADFNE|S2|main|3|W03_C7|1337|7,networks/S2/ADFNE/f3_W03_C7_s1337_d07.csv
S2,3,W03_C7,ADFNE,20260903,0,2696199591,ADFNE|S2|main|3|W03_C7|20260903|0,networks/S2/ADFNE/f3_W03_C7_s20260903_d00.csv
S2,3,W03_C7,ADFNE,20260903,1,3618868529,ADFNE|S2|main|3|W03_C7|20260903|1,networks/S2/ADFNE/f3_W03_C7_s20260903_d01.csv
S2,3,W03_C7,ADFNE,20260903,2,1320869003,ADFNE|S2|main|3|W03_C7|20260903|2,networks/S2/ADFNE/f3_W03_C7_s20260903_d02.csv
S2,3,W03_C7,ADFNE,20260903,3,968748061,ADFNE|S2|main|3|W03_C7|20260903|3,networks/S2/ADFNE/f3_W03_C7_s20260903_d03.csv
S2,3,W03_C7,ADFNE,20260903,4,2816047550,ADFNE|S2|main|3|W03_C7|20260903|4,networks/S2/ADFNE/f3_W03_C7_s20260903_d04.csv
S2,3,W03_C7,ADFNE,20260903,5,3504228648,ADFNE|S2|main|3|W03_C7|20260903|5,networks/S2/ADFNE/f3_W03_C7_s20260903_d05.csv
S2,3,W03_C7,ADFNE,20260903,6,1238833298,ADFNE|S2|main|3|W03_C7|20260903|6,networks/S2/ADFNE/f3_W03_C7_s20260903_d06.csv
S2,3,W03_C7,ADFNE,20260903,7,1053829124,ADFNE|S2|main|3|W03_C7|20260903|7,networks/S2/ADFNE/f3_W03_C7_s20260903_d07.csv
S2,3,W03_C7,ADFNE,7,0,1683655382,ADFNE|S2|main|3|W03_C7|7|0,networks/S2/ADFNE/f3_W03_C7_s7_d00.csv
S2,3,W03_C7,ADFNE,7,1,324909632,ADFNE|S2|main|3|W03_C7|7|1,networks/S2/ADFNE/f3_W03_C7_s7_d01.csv
S2,3,W03_C7,ADFNE,7,2,2320821242,ADFNE|S2|main|3|W03_C7|7|2,networks/S2/ADFNE/f3_W03_C7_s7_d02.csv
S2,3,W03_C7,ADFNE,7,3,4250131308,ADFNE|S2|main|3|W03_C7|7|3,networks/S2/ADFNE/f3_W03_C7_s7_d03.csv
S2,3,W03_C7,ADFNE,7,4,1664569039,ADFNE|S2|main|3|W03_C7|7|4,networks/S2/ADFNE/f3_W03_C7_s7_d04.csv
S2,3,W03_C7,ADFNE,7,5,338722393,ADFNE|S2|main|3|W03_C7|7|5,networks/S2/ADFNE/f3_W03_C7_s7_d05.csv
S2,3,W03_C7,ADFNE,7,6,2369335267,ADFNE|S2|main|3|W03_C7|7|6,networks/S2/ADFNE/f3_W03_C7_s7_d06.csv
S2,3,W03_C7,ADFNE,7,7,4198375285,ADFNE|S2|main|3|W03_C7|7|7,networks/S2/ADFNE/f3_W03_C7_s7_d07.csv
S2,3,W03_C7,KDE,1337,0,1152593400,KDE|S2|main|3|W03_C7|1337|0,networks/S2/KDE/f3_W03_C7_s1337_d00.csv
S2,3,W03_C7,KDE,1337,1,867442030,KDE|S2|main|3|W03_C7|1337|1,networks/S2/KDE/f3_W03_C7_s1337_d01.csv
S2,3,W03_C7,KDE,1337,2,2864532692,KDE|S2|main|3|W03_C7|1337|2,networks/S2/KDE/f3_W03_C7_s1337_d02.csv
S2,3,W03_C7,KDE,1337,3,3719986242,KDE|S2|main|3|W03_C7|1337|3,networks/S2/KDE/f3_W03_C7_s1337_d03.csv
S2,3,W03_C7,KDE,1337,4,1138682337,KDE|S2|main|3|W03_C7|1337|4,networks/S2/KDE/f3_W03_C7_s1337_d04.csv
S2,3,W03_C7,KDE,1337,5,886692215,KDE|S2|main|3|W03_C7|1337|5,networks/S2/KDE/f3_W03_C7_s1337_d05.csv
S2,3,W03_C7,KDE,1337,6,2916124877,KDE|S2|main|3|W03_C7|1337|6,networks/S2/KDE/f3_W03_C7_s1337_d06.csv
S2,3,W03_C7,KDE,1337,7,3671570523,KDE|S2|main|3|W03_C7|1337|7,networks/S2/KDE/f3_W03_C7_s1337_d07.csv
S2,3,W03_C7,KDE,20260903,0,1390595489,KDE|S2|main|3|W03_C7|20260903|0,networks/S2/KDE/f3_W03_C7_s20260903_d00.csv
S2,3,W03_C7,KDE,20260903,1,635829559,KDE|S2|main|3|W03_C7|20260903|1,networks/S2/KDE/f3_W03_C7_s20260903_d01.csv
S2,3,W03_C7,KDE,20260903,2,3169627277,KDE|S2|main|3|W03_C7|20260903|2,networks/S2/KDE/f3_W03_C7_s20260903_d02.csv
S2,3,W03_C7,KDE,20260903,3,3421215771,KDE|S2|main|3|W03_C7|20260903|3,networks/S2/KDE/f3_W03_C7_s20260903_d03.csv
S2,3,W03_C7,KDE,20260903,4,1435437496,KDE|S2|main|3|W03_C7|20260903|4,networks/S2/KDE/f3_W03_C7_s20260903_d04.csv
S2,3,W03_C7,KDE,20260903,5,579352878,KDE|S2|main|3|W03_C7|20260903|5,networks/S2/KDE/f3_W03_C7_s20260903_d05.csv
S2,3,W03_C7,KDE,20260903,6,3145820308,KDE|S2|main|3|W03_C7|20260903|6,networks/S2/KDE/f3_W03_C7_s20260903_d06.csv
S2,3,W03_C7,KDE,20260903,7,3431356418,KDE|S2|main|3|W03_C7|20260903|7,networks/S2/KDE/f3_W03_C7_s20260903_d07.csv
S2,3,W03_C7,KDE,7,0,3693197691,KDE|S2|main|3|W03_C7|7|0,networks/S2/KDE/f3_W03_C7_s7_d00.csv
S2,3,W03_C7,KDE,7,1,2871429613,KDE|S2|main|3|W03_C7|7|1,networks/S2/KDE/f3_W03_C7_s7_d01.csv
S2,3,W03_C7,KDE,7,2,841996375,KDE|S2|main|3|W03_C7|7|2,networks/S2/KDE/f3_W03_C7_s7_d02.csv
S2,3,W03_C7,KDE,7,3,1160308929,KDE|S2|main|3|W03_C7|7|3,networks/S2/KDE/f3_W03_C7_s7_d03.csv
S2,3,W03_C7,KDE,7,4,3679223138,KDE|S2|main|3|W03_C7|7|4,networks/S2/KDE/f3_W03_C7_s7_d04.csv
S2,3,W03_C7,KDE,7,5,2890616308,KDE|S2|main|3|W03_C7|7|5,networks/S2/KDE/f3_W03_C7_s7_d05.csv
S2,3,W03_C7,KDE,7,6,893525070,KDE|S2|main|3|W03_C7|7|6,networks/S2/KDE/f3_W03_C7_s7_d06.csv
S2,3,W03_C7,KDE,7,7,1111829720,KDE|S2|main|3|W03_C7|7|7,networks/S2/KDE/f3_W03_C7_s7_d07.csv
S2,3,W03_C8,EVAE,1337,0,611017423,EVAE|S2|geobg|3|W03_C8|1337|0,networks/S2/EVAE/f3_W03_C8_s1337_d00.csv
S2,3,W03_C8,EVAE,1337,1,1399607897,EVAE|S2|geobg|3|W03_C8|1337|1,networks/S2/EVAE/f3_W03_C8_s1337_d01.csv
S2,3,W03_C8,EVAE,1337,2,3395617763,EVAE|S2|geobg|3|W03_C8|1337|2,networks/S2/EVAE/f3_W03_C8_s1337_d02.csv
S2,3,W03_C8,EVAE,1337,3,3177329525,EVAE|S2|geobg|3|W03_C8|1337|3,networks/S2/EVAE/f3_W03_C8_s1337_d03.csv
S2,3,W03_C8,EVAE,1337,4,587638486,EVAE|S2|geobg|3|W03_C8|1337|4,networks/S2/EVAE/f3_W03_C8_s1337_d04.csv
S2,3,W03_C8,EVAE,1337,5,1409390144,EVAE|S2|geobg|3|W03_C8|1337|5,networks/S2/EVAE/f3_W03_C8_s1337_d05.csv
S2,3,W03_C8,EVAE,1337,6,3439904762,EVAE|S2|geobg|3|W03_C8|1337|6,networks/S2/EVAE/f3_W03_C8_s1337_d06.csv
S2,3,W03_C8,EVAE,1337,7,3121608556,EVAE|S2|geobg|3|W03_C8|1337|7,networks/S2/EVAE/f3_W03_C8_s1337_d07.csv
S2,3,W03_C8,EVAE,20260903,0,1082910987,EVAE|S2|geobg|3|W03_C8|20260903|0,networks/S2/EVAE/f3_W03_C8_s20260903_d00.csv
S2,3,W03_C8,EVAE,20260903,1,931977629,EVAE|S2|geobg|3|W03_C8|20260903|1,networks/S2/EVAE/f3_W03_C8_s20260903_d01.csv
S2,3,W03_C8,EVAE,20260903,2,2927986727,EVAE|S2|geobg|3|W03_C8|20260903|2,networks/S2/EVAE/f3_W03_C8_s20260903_d02.csv
S2,3,W03_C8,EVAE,20260903,3,3649222833,EVAE|S2|geobg|3|W03_C8|20260903|3,networks/S2/EVAE/f3_W03_C8_s20260903_d03.csv
S2,3,W03_C8,EVAE,20260903,4,1206267154,EVAE|S2|geobg|3|W03_C8|20260903|4,networks/S2/EVAE/f3_W03_C8_s20260903_d04.csv
S2,3,W03_C8,EVAE,20260903,5,820059524,EVAE|S2|geobg|3|W03_C8|20260903|5,networks/S2/EVAE/f3_W03_C8_s20260903_d05.csv
S2,3,W03_C8,EVAE,20260903,6,2850573374,EVAE|S2|geobg|3|W03_C8|20260903|6,networks/S2/EVAE/f3_W03_C8_s20260903_d06.csv
S2,3,W03_C8,EVAE,20260903,7,3740236968,EVAE|S2|geobg|3|W03_C8|20260903|7,networks/S2/EVAE/f3_W03_C8_s20260903_d07.csv
S2,3,W03_C8,EVAE,7,0,3777431850,EVAE|S2|geobg|3|W03_C8|7|0,networks/S2/EVAE/f3_W03_C8_s7_d00.csv
S2,3,W03_C8,EVAE,7,1,2518694332,EVAE|S2|geobg|3|W03_C8|7|1,networks/S2/EVAE/f3_W03_C8_s7_d01.csv
S2,3,W03_C8,EVAE,7,2,254371846,EVAE|S2|geobg|3|W03_C8|7|2,networks/S2/EVAE/f3_W03_C8_s7_d02.csv
S2,3,W03_C8,EVAE,7,3,2016303248,EVAE|S2|geobg|3|W03_C8|7|3,networks/S2/EVAE/f3_W03_C8_s7_d03.csv
S2,3,W03_C8,EVAE,7,4,3863661875,EVAE|S2|geobg|3|W03_C8|7|4,networks/S2/EVAE/f3_W03_C8_s7_d04.csv
S2,3,W03_C8,EVAE,7,5,2437807525,EVAE|S2|geobg|3|W03_C8|7|5,networks/S2/EVAE/f3_W03_C8_s7_d05.csv
S2,3,W03_C8,EVAE,7,6,138718239,EVAE|S2|geobg|3|W03_C8|7|6,networks/S2/EVAE/f3_W03_C8_s7_d06.csv
S2,3,W03_C8,EVAE,7,7,2135137417,EVAE|S2|geobg|3|W03_C8|7|7,networks/S2/EVAE/f3_W03_C8_s7_d07.csv
S2,3,W03_C8,ADFNE,1337,0,2140093531,ADFNE|S2|main|3|W03_C8|1337|0,networks/S2/ADFNE/f3_W03_C8_s1337_d00.csv
S2,3,W03_C8,ADFNE,1337,1,143133901,ADFNE|S2|main|3|W03_C8|1337|1,networks/S2/ADFNE/f3_W03_C8_s1337_d01.csv
S2,3,W03_C8,ADFNE,1337,2,2441174391,ADFNE|S2|main|3|W03_C8|1337|2,networks/S2/ADFNE/f3_W03_C8_s1337_d02.csv
S2,3,W03_C8,ADFNE,1337,3,3867569633,ADFNE|S2|main|3|W03_C8|1337|3,networks/S2/ADFNE/f3_W03_C8_s1337_d03.csv
S2,3,W03_C8,ADFNE,1337,4,2028140610,ADFNE|S2|main|3|W03_C8|1337|4,networks/S2/ADFNE/f3_W03_C8_s1337_d04.csv
S2,3,W03_C8,ADFNE,1337,5,266717396,ADFNE|S2|main|3|W03_C8|1337|5,networks/S2/ADFNE/f3_W03_C8_s1337_d05.csv
S2,3,W03_C8,ADFNE,1337,6,2532088174,ADFNE|S2|main|3|W03_C8|1337|6,networks/S2/ADFNE/f3_W03_C8_s1337_d06.csv
S2,3,W03_C8,ADFNE,1337,7,3790318072,ADFNE|S2|main|3|W03_C8|1337|7,networks/S2/ADFNE/f3_W03_C8_s1337_d07.csv
S2,3,W03_C8,ADFNE,20260903,0,3525321430,ADFNE|S2|main|3|W03_C8|20260903|0,networks/S2/ADFNE/f3_W03_C8_s20260903_d00.csv
S2,3,W03_C8,ADFNE,20260903,1,2770801216,ADFNE|S2|main|3|W03_C8|20260903|1,networks/S2/ADFNE/f3_W03_C8_s20260903_d01.csv
S2,3,W03_C8,ADFNE,20260903,2,1009665018,ADFNE|S2|main|3|W03_C8|20260903|2,networks/S2/ADFNE/f3_W03_C8_s20260903_d02.csv
S2,3,W03_C8,ADFNE,20260903,3,1261007724,ADFNE|S2|main|3|W03_C8|20260903|3,networks/S2/ADFNE/f3_W03_C8_s20260903_d03.csv
S2,3,W03_C8,ADFNE,20260903,4,3578652367,ADFNE|S2|main|3|W03_C8|20260903|4,networks/S2/ADFNE/f3_W03_C8_s20260903_d04.csv
S2,3,W03_C8,ADFNE,20260903,5,2722813529,ADFNE|S2|main|3|W03_C8|20260903|5,networks/S2/ADFNE/f3_W03_C8_s20260903_d05.csv
S2,3,W03_C8,ADFNE,20260903,6,994281443,ADFNE|S2|main|3|W03_C8|20260903|6,networks/S2/ADFNE/f3_W03_C8_s20260903_d06.csv
S2,3,W03_C8,ADFNE,20260903,7,1279571829,ADFNE|S2|main|3|W03_C8|20260903|7,networks/S2/ADFNE/f3_W03_C8_s20260903_d07.csv
S2,3,W03_C8,ADFNE,7,0,3859422471,ADFNE|S2|main|3|W03_C8|7|0,networks/S2/ADFNE/f3_W03_C8_s7_d00.csv
S2,3,W03_C8,ADFNE,7,1,2433559953,ADFNE|S2|main|3|W03_C8|7|1,networks/S2/ADFNE/f3_W03_C8_s7_d01.csv
S2,3,W03_C8,ADFNE,7,2,134511659,ADFNE|S2|main|3|W03_C8|7|2,networks/S2/ADFNE/f3_W03_C8_s7_d02.csv
S2,3,W03_C8,ADFNE,7,3,2130922685,ADFNE|S2|main|3|W03_C8|7|3,networks/S2/ADFNE/f3_W03_C8_s7_d03.csv
S2,3,W03_C8,ADFNE,7,4,3781679390,ADFNE|S2|main|3|W03_C8|7|4,networks/S2/ADFNE/f3_W03_C8_s7_d04.csv
S2,3,W03_C8,ADFNE,7,5,2522933640,ADFNE|S2|main|3|W03_C8|7|5,networks/S2/ADFNE/f3_W03_C8_s7_d05.csv
S2,3,W03_C8,ADFNE,7,6,258586674,ADFNE|S2|main|3|W03_C8|7|6,networks/S2/ADFNE/f3_W03_C8_s7_d06.csv
S2,3,W03_C8,ADFNE,7,7,2020509860,ADFNE|S2|main|3|W03_C8|7|7,networks/S2/ADFNE/f3_W03_C8_s7_d07.csv
S2,3,W03_C8,KDE,1337,0,2643672916,KDE|S2|main|3|W03_C8|1337|0,networks/S2/KDE/f3_W03_C8_s1337_d00.csv
S2,3,W03_C8,KDE,1337,1,3935571906,KDE|S2|main|3|W03_C8|1337|1,networks/S2/KDE/f3_W03_C8_s1337_d01.csv
S2,3,W03_C8,KDE,1337,2,1939693176,KDE|S2|main|3|W03_C8|1337|2,networks/S2/KDE/f3_W03_C8_s1337_d02.csv
S2,3,W03_C8,KDE,1337,3,77229806,KDE|S2|main|3|W03_C8|1337|3,networks/S2/KDE/f3_W03_C8_s1337_d03.csv
S2,3,W03_C8,KDE,1337,4,2600401741,KDE|S2|main|3|W03_C8|1337|4,networks/S2/KDE/f3_W03_C8_s1337_d04.csv
S2,3,W03_C8,KDE,1337,5,3992570843,KDE|S2|main|3|W03_C8|1337|5,networks/S2/KDE/f3_W03_C8_s1337_d05.csv
S2,3,W03_C8,KDE,1337,6,1961925217,KDE|S2|main|3|W03_C8|1337|6,networks/S2/KDE/f3_W03_C8_s1337_d06.csv
S2,3,W03_C8,KDE,1337,7,66562807,KDE|S2|main|3|W03_C8|1337|7,networks/S2/KDE/f3_W03_C8_s1337_d07.csv
S2,3,W03_C8,KDE,20260903,0,544625360,KDE|S2|main|3|W03_C8|20260903|0,networks/S2/KDE/f3_W03_C8_s20260903_d00.csv
S2,3,W03_C8,KDE,20260903,1,1467048518,KDE|S2|main|3|W03_C8|20260903|1,networks/S2/KDE/f3_W03_C8_s20260903_d01.csv
S2,3,W03_C8,KDE,20260903,2,3463984124,KDE|S2|main|3|W03_C8|20260903|2,networks/S2/KDE/f3_W03_C8_s20260903_d02.csv
S2,3,W03_C8,KDE,20260903,3,3112108906,KDE|S2|main|3|W03_C8|20260903|3,networks/S2/KDE/f3_W03_C8_s20260903_d03.csv
S2,3,W03_C8,KDE,20260903,4,656119497,KDE|S2|main|3|W03_C8|20260903|4,networks/S2/KDE/f3_W03_C8_s20260903_d04.csv
S2,3,W03_C8,KDE,20260903,5,1344054879,KDE|S2|main|3|W03_C8|20260903|5,networks/S2/KDE/f3_W03_C8_s20260903_d05.csv
S2,3,W03_C8,KDE,20260903,6,3373660133,KDE|S2|main|3|W03_C8|20260903|6,networks/S2/KDE/f3_W03_C8_s20260903_d06.csv
S2,3,W03_C8,KDE,20260903,7,3188901747,KDE|S2|main|3|W03_C8|20260903|7,networks/S2/KDE/f3_W03_C8_s20260903_d07.csv
S2,3,W03_C8,KDE,7,0,1584475818,KDE|S2|main|3|W03_C8|7|0,networks/S2/KDE/f3_W03_C8_s7_d00.csv
S2,3,W03_C8,KDE,7,1,695606844,KDE|S2|main|3|W03_C8|7|1,networks/S2/KDE/f3_W03_C8_s7_d01.csv
S2,3,W03_C8,KDE,7,2,2961133446,KDE|S2|main|3|W03_C8|7|2,networks/S2/KDE/f3_W03_C8_s7_d02.csv
S2,3,W03_C8,KDE,7,3,3346562832,KDE|S2|main|3|W03_C8|7|3,networks/S2/KDE/f3_W03_C8_s7_d03.csv
S2,3,W03_C8,KDE,7,4,1495067315,KDE|S2|main|3|W03_C8|7|4,networks/S2/KDE/f3_W03_C8_s7_d04.csv
S2,3,W03_C8,KDE,7,5,773577253,KDE|S2|main|3|W03_C8|7|5,networks/S2/KDE/f3_W03_C8_s7_d05.csv
S2,3,W03_C8,KDE,7,6,3071445919,KDE|S2|main|3|W03_C8|7|6,networks/S2/KDE/f3_W03_C8_s7_d06.csv
S2,3,W03_C8,KDE,7,7,3222649609,KDE|S2|main|3|W03_C8|7|7,networks/S2/KDE/f3_W03_C8_s7_d07.csv
S2,4,W04_C1,EVAE,1337,0,2300470141,EVAE|S2|geobg|4|W04_C1|1337|0,networks/S2/EVAE/f4_W04_C1_s1337_d00.csv
S2,4,W04_C1,EVAE,1337,1,4263072747,EVAE|S2|geobg|4|W04_C1|1337|1,networks/S2/EVAE/f4_W04_C1_s1337_d01.csv
S2,4,W04_C1,EVAE,1337,2,1729102417,EVAE|S2|geobg|4|W04_C1|1337|2,networks/S2/EVAE/f4_W04_C1_s1337_d02.csv
S2,4,W04_C1,EVAE,1337,3,269955783,EVAE|S2|geobg|4|W04_C1|1337|3,networks/S2/EVAE/f4_W04_C1_s1337_d03.csv
S2,4,W04_C1,EVAE,1337,4,2389944164,EVAE|S2|geobg|4|W04_C1|1337|4,networks/S2/EVAE/f4_W04_C1_s1337_d04.csv
S2,4,W04_C1,EVAE,1337,5,4185167858,EVAE|S2|geobg|4|W04_C1|1337|5,networks/S2/EVAE/f4_W04_C1_s1337_d05.csv
S2,4,W04_C1,EVAE,1337,6,1618855496,EVAE|S2|geobg|4|W04_C1|1337|6,networks/S2/EVAE/f4_W04_C1_s1337_d06.csv
S2,4,W04_C1,EVAE,1337,7,393934558,EVAE|S2|geobg|4|W04_C1|1337|7,networks/S2/EVAE/f4_W04_C1_s1337_d07.csv
S2,4,W04_C1,EVAE,20260903,0,203249611,EVAE|S2|geobg|4|W04_C1|20260903|0,networks/S2/EVAE/f4_W04_C1_s20260903_d00.csv
S2,4,W04_C1,EVAE,20260903,1,2065327965,EVAE|S2|geobg|4|W04_C1|20260903|1,networks/S2/EVAE/f4_W04_C1_s20260903_d01.csv
S2,4,W04_C1,EVAE,20260903,2,3792910055,EVAE|S2|geobg|4|W04_C1|20260903|2,networks/S2/EVAE/f4_W04_C1_s20260903_d02.csv
S2,4,W04_C1,EVAE,20260903,3,2501117553,EVAE|S2|geobg|4|W04_C1|20260903|3,networks/S2/EVAE/f4_W04_C1_s20260903_d03.csv
S2,4,W04_C1,EVAE,20260903,4,191927250,EVAE|S2|geobg|4|W04_C1|20260903|4,networks/S2/EVAE/f4_W04_C1_s20260903_d04.csv
S2,4,W04_C1,EVAE,20260903,5,2088215364,EVAE|S2|geobg|4|W04_C1|20260903|5,networks/S2/EVAE/f4_W04_C1_s20260903_d05.csv
S2,4,W04_C1,EVAE,20260903,6,3850302206,EVAE|S2|geobg|4|W04_C1|20260903|6,networks/S2/EVAE/f4_W04_C1_s20260903_d06.csv
S2,4,W04_C1,EVAE,20260903,7,2457453160,EVAE|S2|geobg|4|W04_C1|20260903|7,networks/S2/EVAE/f4_W04_C1_s20260903_d07.csv
S2,4,W04_C1,EVAE,7,0,2456456141,EVAE|S2|geobg|4|W04_C1|7|0,networks/S2/EVAE/f4_W04_C1_s7_d00.csv
S2,4,W04_C1,EVAE,7,1,3849173851,EVAE|S2|geobg|4|W04_C1|7|1,networks/S2/EVAE/f4_W04_C1_s7_d01.csv
S2,4,W04_C1,EVAE,7,2,2086988513,EVAE|S2|geobg|4|W04_C1|7|2,networks/S2/EVAE/f4_W04_C1_s7_d02.csv
S2,4,W04_C1,EVAE,7,3,191093367,EVAE|S2|geobg|4|W04_C1|7|3,networks/S2/EVAE/f4_W04_C1_s7_d03.csv
S2,4,W04_C1,EVAE,7,4,2500284372,EVAE|S2|geobg|4|W04_C1|7|4,networks/S2/EVAE/f4_W04_C1_s7_d04.csv
S2,4,W04_C1,EVAE,7,5,3791683394,EVAE|S2|geobg|4|W04_C1|7|5,networks/S2/EVAE/f4_W04_C1_s7_d05.csv
S2,4,W04_C1,EVAE,7,6,2064199416,EVAE|S2|geobg|4|W04_C1|7|6,networks/S2/EVAE/f4_W04_C1_s7_d06.csv
S2,4,W04_C1,EVAE,7,7,202251886,EVAE|S2|geobg|4|W04_C1|7|7,networks/S2/EVAE/f4_W04_C1_s7_d07.csv
S2,4,W04_C1,ADFNE,1337,0,3539615209,ADFNE|S2|main|4|W04_C1|1337|0,networks/S2/ADFNE/f4_W04_C1_s1337_d00.csv
S2,4,W04_C1,ADFNE,1337,1,2784824703,ADFNE|S2|main|4|W04_C1|1337|1,networks/S2/ADFNE/f4_W04_C1_s1337_d01.csv
S2,4,W04_C1,ADFNE,1337,2,1022647493,ADFNE|S2|main|4|W04_C1|1337|2,networks/S2/ADFNE/f4_W04_C1_s1337_d02.csv
S2,4,W04_C1,ADFNE,1337,3,1274244179,ADFNE|S2|main|4|W04_C1|1337|3,networks/S2/ADFNE/f4_W04_C1_s1337_d03.csv
S2,4,W04_C1,ADFNE,1337,4,3583506928,ADFNE|S2|main|4|W04_C1|1337|4,networks/S2/ADFNE/f4_W04_C1_s1337_d04.csv
S2,4,W04_C1,ADFNE,1337,5,2727397734,ADFNE|S2|main|4|W04_C1|1337|5,networks/S2/ADFNE/f4_W04_C1_s1337_d05.csv
S2,4,W04_C1,ADFNE,1337,6,999921884,ADFNE|S2|main|4|W04_C1|1337|6,networks/S2/ADFNE/f4_W04_C1_s1337_d06.csv
S2,4,W04_C1,ADFNE,1337,7,1285466186,ADFNE|S2|main|4|W04_C1|1337|7,networks/S2/ADFNE/f4_W04_C1_s1337_d07.csv
S2,4,W04_C1,ADFNE,20260903,0,2662767638,ADFNE|S2|main|4|W04_C1|20260903|0,networks/S2/ADFNE/f4_W04_C1_s20260903_d00.csv
S2,4,W04_C1,ADFNE,20260903,1,3920735360,ADFNE|S2|main|4|W04_C1|20260903|1,networks/S2/ADFNE/f4_W04_C1_s20260903_d01.csv
S2,4,W04_C1,ADFNE,20260903,2,1891171642,ADFNE|S2|main|4|W04_C1|20260903|2,networks/S2/ADFNE/f4_W04_C1_s20260903_d02.csv
S2,4,W04_C1,ADFNE,20260903,3,130010540,ADFNE|S2|main|4|W04_C1|20260903|3,networks/S2/ADFNE/f4_W04_C1_s20260903_d03.csv
S2,4,W04_C1,ADFNE,20260903,4,2581288975,ADFNE|S2|main|4|W04_C1|20260903|4,networks/S2/ADFNE/f4_W04_C1_s20260903_d04.csv
S2,4,W04_C1,ADFNE,20260903,5,4007422105,ADFNE|S2|main|4|W04_C1|20260903|5,networks/S2/ADFNE/f4_W04_C1_s20260903_d05.csv
S2,4,W04_C1,ADFNE,20260903,6,2010462499,ADFNE|S2|main|4|W04_C1|20260903|6,networks/S2/ADFNE/f4_W04_C1_s20260903_d06.csv
S2,4,W04_C1,ADFNE,20260903,7,13765045,ADFNE|S2|main|4|W04_C1|20260903|7,networks/S2/ADFNE/f4_W04_C1_s20260903_d07.csv
S2,4,W04_C1,ADFNE,7,0,2504499168,ADFNE|S2|main|4|W04_C1|7|0,networks/S2/ADFNE/f4_W04_C1_s7_d00.csv
S2,4,W04_C1,ADFNE,7,1,3795890038,ADFNE|S2|main|4|W04_C1|7|1,networks/S2/ADFNE/f4_W04_C1_s7_d01.csv
S2,4,W04_C1,ADFNE,7,2,2068446924,ADFNE|S2|main|4|W04_C1|7|2,networks/S2/ADFNE/f4_W04_C1_s7_d02.csv
S2,4,W04_C1,ADFNE,7,3,206491226,ADFNE|S2|main|4|W04_C1|7|3,networks/S2/ADFNE/f4_W04_C1_s7_d03.csv
S2,4,W04_C1,ADFNE,7,4,2452249593,ADFNE|S2|main|4|W04_C1|7|4,networks/S2/ADFNE/f4_W04_C1_s7_d04.csv
S2,4,W04_C1,ADFNE,7,5,3844959087,ADFNE|S2|main|4|W04_C1|7|5,networks/S2/ADFNE/f4_W04_C1_s7_d05.csv
S2,4,W04_C1,ADFNE,7,6,2082749141,ADFNE|S2|main|4|W04_C1|7|6,networks/S2/ADFNE/f4_W04_C1_s7_d06.csv
S2,4,W04_C1,ADFNE,7,7,186845763,ADFNE|S2|main|4|W04_C1|7|7,networks/S2/ADFNE/f4_W04_C1_s7_d07.csv
S2,4,W04_C1,KDE,1337,0,820395750,KDE|S2|main|4|W04_C1|1337|0,networks/S2/KDE/f4_W04_C1_s1337_d00.csv
S2,4,W04_C1,KDE,1337,1,1205931632,KDE|S2|main|4|W04_C1|1337|1,networks/S2/KDE/f4_W04_C1_s1337_d01.csv
S2,4,W04_C1,KDE,1337,2,3739770826,KDE|S2|main|4|W04_C1|1337|2,networks/S2/KDE/f4_W04_C1_s1337_d02.csv
S2,4,W04_C1,KDE,1337,3,2851041116,KDE|S2|main|4|W04_C1|1337|3,networks/S2/KDE/f4_W04_C1_s1337_d03.csv
S2,4,W04_C1,KDE,1337,4,931920639,KDE|S2|main|4|W04_C1|1337|4,networks/S2/KDE/f4_W04_C1_s1337_d04.csv
S2,4,W04_C1,KDE,1337,5,1082968681,KDE|S2|main|4|W04_C1|1337|5,networks/S2/KDE/f4_W04_C1_s1337_d05.csv
S2,4,W04_C1,KDE,1337,6,3649412051,KDE|S2|main|4|W04_C1|1337|6,networks/S2/KDE/f4_W04_C1_s1337_d06.csv
S2,4,W04_C1,KDE,1337,7,2927799109,KDE|S2|main|4|W04_C1|1337|7,networks/S2/KDE/f4_W04_C1_s1337_d07.csv
S2,4,W04_C1,KDE,20260903,0,1826679824,KDE|S2|main|4|W04_C1|20260903|0,networks/S2/KDE/f4_W04_C1_s20260903_d00.csv
S2,4,W04_C1,KDE,20260903,1,468180102,KDE|S2|main|4|W04_C1|20260903|1,networks/S2/KDE/f4_W04_C1_s20260903_d01.csv
S2,4,W04_C1,KDE,20260903,2,2196671804,KDE|S2|main|4|W04_C1|20260903|2,networks/S2/KDE/f4_W04_C1_s20260903_d02.csv
S2,4,W04_C1,KDE,20260903,3,4125736362,KDE|S2|main|4|W04_C1|20260903|3,networks/S2/KDE/f4_W04_C1_s20260903_d03.csv
S2,4,W04_C1,KDE,20260903,4,1804412937,KDE|S2|main|4|W04_C1|20260903|4,networks/S2/KDE/f4_W04_C1_s20260903_d04.csv
S2,4,W04_C1,KDE,20260903,5,478812319,KDE|S2|main|4|W04_C1|20260903|5,networks/S2/KDE/f4_W04_C1_s20260903_d05.csv
S2,4,W04_C1,KDE,20260903,6,2239973669,KDE|S2|main|4|W04_C1|20260903|6,networks/S2/KDE/f4_W04_C1_s20260903_d06.csv
S2,4,W04_C1,KDE,20260903,7,4068768179,KDE|S2|main|4|W04_C1|20260903|7,networks/S2/KDE/f4_W04_C1_s20260903_d07.csv
S2,4,W04_C1,KDE,7,0,758950989,KDE|S2|main|4|W04_C1|7|0,networks/S2/KDE/f4_W04_C1_s7_d00.csv
S2,4,W04_C1,KDE,7,1,1513856219,KDE|S2|main|4|W04_C1|7|1,networks/S2/KDE/f4_W04_C1_s7_d01.csv
S2,4,W04_C1,KDE,7,2,3274886497,KDE|S2|main|4|W04_C1|7|2,networks/S2/KDE/f4_W04_C1_s7_d02.csv
S2,4,W04_C1,KDE,7,3,3023437303,KDE|S2|main|4|W04_C1|7|3,networks/S2/KDE/f4_W04_C1_s7_d03.csv
S2,4,W04_C1,KDE,7,4,709978196,KDE|S2|main|4|W04_C1|7|4,networks/S2/KDE/f4_W04_C1_s7_d04.csv
S2,4,W04_C1,KDE,7,5,1565939906,KDE|S2|main|4|W04_C1|7|5,networks/S2/KDE/f4_W04_C1_s7_d05.csv
S2,4,W04_C1,KDE,7,6,3294562680,KDE|S2|main|4|W04_C1|7|6,networks/S2/KDE/f4_W04_C1_s7_d06.csv
S2,4,W04_C1,KDE,7,7,3008903662,KDE|S2|main|4|W04_C1|7|7,networks/S2/KDE/f4_W04_C1_s7_d07.csv
S2,4,W04_C2,EVAE,1337,0,126968990,EVAE|S2|geobg|4|W04_C2|1337|0,networks/S2/EVAE/f4_W04_C2_s1337_d00.csv
S2,4,W04_C2,EVAE,1337,1,1888900104,EVAE|S2|geobg|4|W04_C2|1337|1,networks/S2/EVAE/f4_W04_C2_s1337_d01.csv
S2,4,W04_C2,EVAE,1337,2,3919513010,EVAE|S2|geobg|4|W04_C2|1337|2,networks/S2/EVAE/f4_W04_C2_s1337_d02.csv
S2,4,W04_C2,EVAE,1337,3,2660775204,EVAE|S2|geobg|4|W04_C2|1337|3,networks/S2/EVAE/f4_W04_C2_s1337_d03.csv
S2,4,W04_C2,EVAE,1337,4,16556167,EVAE|S2|geobg|4|W04_C2|1337|4,networks/S2/EVAE/f4_W04_C2_s1337_d04.csv
S2,4,W04_C2,EVAE,1337,5,2012975121,EVAE|S2|geobg|4|W04_C2|1337|5,networks/S2/EVAE/f4_W04_C2_s1337_d05.csv
S2,4,W04_C2,EVAE,1337,6,4008886699,EVAE|S2|geobg|4|W04_C2|1337|6,networks/S2/EVAE/f4_W04_C2_s1337_d06.csv
S2,4,W04_C2,EVAE,1337,7,2583032125,EVAE|S2|geobg|4|W04_C2|1337|7,networks/S2/EVAE/f4_W04_C2_s1337_d07.csv
S2,4,W04_C2,EVAE,20260903,0,2072216891,EVAE|S2|geobg|4|W04_C2|20260903|0,networks/S2/EVAE/f4_W04_C2_s20260903_d00.csv
S2,4,W04_C2,EVAE,20260903,1,210023853,EVAE|S2|geobg|4|W04_C2|20260903|1,networks/S2/EVAE/f4_W04_C2_s20260903_d01.csv
S2,4,W04_C2,EVAE,20260903,2,2509104151,EVAE|S2|geobg|4|W04_C2|20260903|2,networks/S2/EVAE/f4_W04_C2_s20260903_d02.csv
S2,4,W04_C2,EVAE,20260903,3,3800749185,EVAE|S2|geobg|4|W04_C2|20260903|3,networks/S2/EVAE/f4_W04_C2_s20260903_d03.csv
S2,4,W04_C2,EVAE,20260903,4,2095989026,EVAE|S2|geobg|4|W04_C2|20260903|4,networks/S2/EVAE/f4_W04_C2_s20260903_d04.csv
S2,4,W04_C2,EVAE,20260903,5,199848372,EVAE|S2|geobg|4|W04_C2|20260903|5,networks/S2/EVAE/f4_W04_C2_s20260903_d05.csv
S2,4,W04_C2,EVAE,20260903,6,2464161806,EVAE|S2|geobg|4|W04_C2|20260903|6,networks/S2/EVAE/f4_W04_C2_s20260903_d06.csv
S2,4,W04_C2,EVAE,20260903,7,3857125528,EVAE|S2|geobg|4|W04_C2|20260903|7,networks/S2/EVAE/f4_W04_C2_s20260903_d07.csv
S2,4,W04_C2,EVAE,7,0,3586847005,EVAE|S2|geobg|4|W04_C2|7|0,networks/S2/EVAE/f4_W04_C2_s7_d00.csv
S2,4,W04_C2,EVAE,7,1,2731393419,EVAE|S2|geobg|4|W04_C2|7|1,networks/S2/EVAE/f4_W04_C2_s7_d01.csv
S2,4,W04_C2,EVAE,7,2,1002737713,EVAE|S2|geobg|4|W04_C2|7|2,networks/S2/EVAE/f4_W04_C2_s7_d02.csv
S2,4,W04_C2,EVAE,7,3,1287889063,EVAE|S2|geobg|4|W04_C2|7|3,networks/S2/EVAE/f4_W04_C2_s7_d03.csv
S2,4,W04_C2,EVAE,7,4,3534173444,EVAE|S2|geobg|4|W04_C2|7|4,networks/S2/EVAE/f4_W04_C2_s7_d04.csv
S2,4,W04_C2,EVAE,7,5,2778727826,EVAE|S2|geobg|4|W04_C2|7|5,networks/S2/EVAE/f4_W04_C2_s7_d05.csv
S2,4,W04_C2,EVAE,7,6,1017730088,EVAE|S2|geobg|4|W04_C2|7|6,networks/S2/EVAE/f4_W04_C2_s7_d06.csv
S2,4,W04_C2,EVAE,7,7,1269720254,EVAE|S2|geobg|4|W04_C2|7|7,networks/S2/EVAE/f4_W04_C2_s7_d07.csv
S2,4,W04_C2,ADFNE,1337,0,1551186442,ADFNE|S2|main|4|W04_C2|1337|0,networks/S2/ADFNE/f4_W04_C2_s1337_d00.csv
S2,4,W04_C2,ADFNE,1337,1,728894108,ADFNE|S2|main|4|W04_C2|1337|1,networks/S2/ADFNE/f4_W04_C2_s1337_d01.csv
S2,4,W04_C2,ADFNE,1337,2,2994428710,ADFNE|S2|main|4|W04_C2|1337|2,networks/S2/ADFNE/f4_W04_C2_s1337_d02.csv
S2,4,W04_C2,ADFNE,1337,3,3313265584,ADFNE|S2|main|4|W04_C2|1337|3,networks/S2/ADFNE/f4_W04_C2_s1337_d03.csv
S2,4,W04_C2,ADFNE,1337,4,1528364563,ADFNE|S2|main|4|W04_C2|1337|4,networks/S2/ADFNE/f4_W04_C2_s1337_d04.csv
S2,4,W04_C2,ADFNE,1337,5,740281989,ADFNE|S2|main|4|W04_C2|1337|5,networks/S2/ADFNE/f4_W04_C2_s1337_d05.csv
S2,4,W04_C2,ADFNE,1337,6,3038158655,ADFNE|S2|main|4|W04_C2|1337|6,networks/S2/ADFNE/f4_W04_C2_s1337_d06.csv
S2,4,W04_C2,ADFNE,1337,7,3255938985,ADFNE|S2|main|4|W04_C2|1337|7,networks/S2/ADFNE/f4_W04_C2_s1337_d07.csv
S2,4,W04_C2,ADFNE,20260903,0,3911732966,ADFNE|S2|main|4|W04_C2|20260903|0,networks/S2/ADFNE/f4_W04_C2_s20260903_d00.csv
S2,4,W04_C2,ADFNE,20260903,1,2653912688,ADFNE|S2|main|4|W04_C2|20260903|1,networks/S2/ADFNE/f4_W04_C2_s20260903_d01.csv
S2,4,W04_C2,ADFNE,20260903,2,119943114,ADFNE|S2|main|4|W04_C2|20260903|2,networks/S2/ADFNE/f4_W04_C2_s20260903_d02.csv
S2,4,W04_C2,ADFNE,20260903,3,1881218908,ADFNE|S2|main|4|W04_C2|20260903|3,networks/S2/ADFNE/f4_W04_C2_s20260903_d03.csv
S2,4,W04_C2,ADFNE,20260903,4,3997534975,ADFNE|S2|main|4|W04_C2|20260903|4,networks/S2/ADFNE/f4_W04_C2_s20260903_d04.csv
S2,4,W04_C2,ADFNE,20260903,5,2571287145,ADFNE|S2|main|4|W04_C2|20260903|5,networks/S2/ADFNE/f4_W04_C2_s20260903_d05.csv
S2,4,W04_C2,ADFNE,20260903,6,4975571,ADFNE|S2|main|4|W04_C2|20260903|6,networks/S2/ADFNE/f4_W04_C2_s20260903_d06.csv
S2,4,W04_C2,ADFNE,20260903,7,2001525573,ADFNE|S2|main|4|W04_C2|20260903|7,networks/S2/ADFNE/f4_W04_C2_s20260903_d07.csv
S2,4,W04_C2,ADFNE,7,0,3538412848,ADFNE|S2|main|4|W04_C2|7|0,networks/S2/ADFNE/f4_W04_C2_s7_d00.csv
S2,4,W04_C2,ADFNE,7,1,2782975398,ADFNE|S2|main|4|W04_C2|7|1,networks/S2/ADFNE/f4_W04_C2_s7_d01.csv
S2,4,W04_C2,ADFNE,7,2,1021936668,ADFNE|S2|main|4|W04_C2|7|2,networks/S2/ADFNE/f4_W04_C2_s7_d02.csv
S2,4,W04_C2,ADFNE,7,3,1273934986,ADFNE|S2|main|4|W04_C2|7|3,networks/S2/ADFNE/f4_W04_C2_s7_d03.csv
S2,4,W04_C2,ADFNE,7,4,3582599465,ADFNE|S2|main|4|W04_C2|7|4,networks/S2/ADFNE/f4_W04_C2_s7_d04.csv
S2,4,W04_C2,ADFNE,7,5,2727154111,ADFNE|S2|main|4|W04_C2|7|5,networks/S2/ADFNE/f4_W04_C2_s7_d05.csv
S2,4,W04_C2,ADFNE,7,6,998522885,ADFNE|S2|main|4|W04_C2|7|6,networks/S2/ADFNE/f4_W04_C2_s7_d06.csv
S2,4,W04_C2,ADFNE,7,7,1283682451,ADFNE|S2|main|4|W04_C2|7|7,networks/S2/ADFNE/f4_W04_C2_s7_d07.csv
S2,4,W04_C2,KDE,1337,0,3194566917,KDE|S2|main|4|W04_C2|1337|0,networks/S2/KDE/f4_W04_C2_s1337_d00.csv
S2,4,W04_C2,KDE,1337,1,3379431827,KDE|S2|main|4|W04_C2|1337|1,networks/S2/KDE/f4_W04_C2_s1337_d01.csv
S2,4,W04_C2,KDE,1337,2,1348950057,KDE|S2|main|4|W04_C2|1337|2,networks/S2/KDE/f4_W04_C2_s1337_d02.csv
S2,4,W04_C2,KDE,1337,3,660629695,KDE|S2|main|4|W04_C2|1337|3,networks/S2/KDE/f4_W04_C2_s1337_d03.csv
S2,4,W04_C2,KDE,1337,4,3104111900,KDE|S2|main|4|W04_C2|1337|4,networks/S2/KDE/f4_W04_C2_s1337_d04.csv
S2,4,W04_C2,KDE,1337,5,3456355722,KDE|S2|main|4|W04_C2|1337|5,networks/S2/KDE/f4_W04_C2_s1337_d05.csv
S2,4,W04_C2,KDE,1337,6,1460313136,KDE|S2|main|4|W04_C2|1337|6,networks/S2/KDE/f4_W04_C2_s1337_d06.csv
S2,4,W04_C2,KDE,1337,7,537767078,KDE|S2|main|4|W04_C2|1337|7,networks/S2/KDE/f4_W04_C2_s1337_d07.csv
S2,4,W04_C2,KDE,20260903,0,461258464,KDE|S2|main|4|W04_C2|20260903|0,networks/S2/KDE/f4_W04_C2_s20260903_d00.csv
S2,4,W04_C2,KDE,20260903,1,1819872886,KDE|S2|main|4|W04_C2|20260903|1,networks/S2/KDE/f4_W04_C2_s20260903_d01.csv
S2,4,W04_C2,KDE,20260903,2,4117782476,KDE|S2|main|4|W04_C2|20260903|2,networks/S2/KDE/f4_W04_C2_s20260903_d02.csv
S2,4,W04_C2,KDE,20260903,3,2188865370,KDE|S2|main|4|W04_C2|20260903|3,networks/S2/KDE/f4_W04_C2_s20260903_d03.csv
S2,4,W04_C2,KDE,20260903,4,471071481,KDE|S2|main|4|W04_C2|20260903|4,networks/S2/KDE/f4_W04_C2_s20260903_d04.csv
S2,4,W04_C2,KDE,20260903,5,1796524655,KDE|S2|main|4|W04_C2|20260903|5,networks/S2/KDE/f4_W04_C2_s20260903_d05.csv
S2,4,W04_C2,KDE,20260903,6,4062026709,KDE|S2|main|4|W04_C2|20260903|6,networks/S2/KDE/f4_W04_C2_s20260903_d06.csv
S2,4,W04_C2,KDE,20260903,7,2233117507,KDE|S2|main|4|W04_C2|20260903|7,networks/S2/KDE/f4_W04_C2_s20260903_d07.csv
S2,4,W04_C2,KDE,7,0,1788663453,KDE|S2|main|4|W04_C2|7|0,networks/S2/KDE/f4_W04_C2_s7_d00.csv
S2,4,W04_C2,KDE,7,1,496756235,KDE|S2|main|4|W04_C2|7|1,networks/S2/KDE/f4_W04_C2_s7_d01.csv
S2,4,W04_C2,KDE,7,2,2224207793,KDE|S2|main|4|W04_C2|7|2,networks/S2/KDE/f4_W04_C2_s7_d02.csv
S2,4,W04_C2,KDE,7,3,4086662951,KDE|S2|main|4|W04_C2|7|3,networks/S2/KDE/f4_W04_C2_s7_d03.csv
S2,4,W04_C2,KDE,7,4,1844515460,KDE|S2|main|4|W04_C2|7|4,networks/S2/KDE/f4_W04_C2_s7_d04.csv
S2,4,W04_C2,KDE,7,5,452338194,KDE|S2|main|4|W04_C2|7|5,networks/S2/KDE/f4_W04_C2_s7_d05.csv
S2,4,W04_C2,KDE,7,6,2214556584,KDE|S2|main|4|W04_C2|7|6,networks/S2/KDE/f4_W04_C2_s7_d06.csv
S2,4,W04_C2,KDE,7,7,4109910846,KDE|S2|main|4|W04_C2|7|7,networks/S2/KDE/f4_W04_C2_s7_d07.csv
S2,4,W04_C3,EVAE,1337,0,3409667072,EVAE|S2|geobg|4|W04_C3|1337|0,networks/S2/EVAE/f4_W04_C3_s1337_d00.csv
S2,4,W04_C3,EVAE,1337,1,3158070422,EVAE|S2|geobg|4|W04_C3|1337|1,networks/S2/EVAE/f4_W04_C3_s1337_d01.csv
S2,4,W04_C3,EVAE,1337,2,624231724,EVAE|S2|geobg|4|W04_C3|1337|2,networks/S2/EVAE/f4_W04_C3_s1337_d02.csv
S2,4,W04_C3,EVAE,1337,3,1379022266,EVAE|S2|geobg|4|W04_C3|1337|3,networks/S2/EVAE/f4_W04_C3_s1337_d03.csv
S2,4,W04_C3,EVAE,1337,4,3428229145,EVAE|S2|geobg|4|W04_C3|1337|4,networks/S2/EVAE/f4_W04_C3_s1337_d04.csv
S2,4,W04_C3,EVAE,1337,5,3142684815,EVAE|S2|geobg|4|W04_C3|1337|5,networks/S2/EVAE/f4_W04_C3_s1337_d05.csv
S2,4,W04_C3,EVAE,1337,6,576241973,EVAE|S2|geobg|4|W04_C3|1337|6,networks/S2/EVAE/f4_W04_C3_s1337_d06.csv
S2,4,W04_C3,EVAE,1337,7,1432351139,EVAE|S2|geobg|4|W04_C3|1337|7,networks/S2/EVAE/f4_W04_C3_s1337_d07.csv
S2,4,W04_C3,EVAE,20260903,0,3760638292,EVAE|S2|geobg|4|W04_C3|20260903|0,networks/S2/EVAE/f4_W04_C3_s20260903_d00.csv
S2,4,W04_C3,EVAE,20260903,1,2535586242,EVAE|S2|geobg|4|W04_C3|20260903|1,networks/S2/EVAE/f4_W04_C3_s20260903_d01.csv
S2,4,W04_C3,EVAE,20260903,2,237545592,EVAE|S2|geobg|4|W04_C3|20260903|2,networks/S2/EVAE/f4_W04_C3_s20260903_d02.csv
S2,4,W04_C3,EVAE,20260903,3,2033162478,EVAE|S2|geobg|4|W04_C3|20260903|3,networks/S2/EVAE/f4_W04_C3_s20260903_d03.csv
S2,4,W04_C3,EVAE,20260903,4,3880455501,EVAE|S2|geobg|4|W04_C3|20260903|4,networks/S2/EVAE/f4_W04_C3_s20260903_d04.csv
S2,4,W04_C3,EVAE,20260903,5,2420915675,EVAE|S2|geobg|4|W04_C3|20260903|5,networks/S2/EVAE/f4_W04_C3_s20260903_d05.csv
S2,4,W04_C3,EVAE,20260903,6,155544673,EVAE|S2|geobg|4|W04_C3|20260903|6,networks/S2/EVAE/f4_W04_C3_s20260903_d06.csv
S2,4,W04_C3,EVAE,20260903,7,2118278391,EVAE|S2|geobg|4|W04_C3|20260903|7,networks/S2/EVAE/f4_W04_C3_s20260903_d07.csv
S2,4,W04_C3,EVAE,7,0,3903510701,EVAE|S2|geobg|4|W04_C3|7|0,networks/S2/EVAE/f4_W04_C3_s7_d00.csv
S2,4,W04_C3,EVAE,7,1,2678974523,EVAE|S2|geobg|4|W04_C3|7|1,networks/S2/EVAE/f4_W04_C3_s7_d01.csv
S2,4,W04_C3,EVAE,7,2,111458689,EVAE|S2|geobg|4|W04_C3|7|2,networks/S2/EVAE/f4_W04_C3_s7_d02.csv
S2,4,W04_C3,EVAE,7,3,1906542871,EVAE|S2|geobg|4|W04_C3|7|3,networks/S2/EVAE/f4_W04_C3_s7_d03.csv
S2,4,W04_C3,EVAE,7,4,4022803636,EVAE|S2|geobg|4|W04_C3|7|4,networks/S2/EVAE/f4_W04_C3_s7_d04.csv
S2,4,W04_C3,EVAE,7,5,2562731042,EVAE|S2|geobg|4|W04_C3|7|5,networks/S2/EVAE/f4_W04_C3_s7_d05.csv
S2,4,W04_C3,EVAE,7,6,29982104,EVAE|S2|geobg|4|W04_C3|7|6,networks/S2/EVAE/f4_W04_C3_s7_d06.csv
S2,4,W04_C3,EVAE,7,7,1993231630,EVAE|S2|geobg|4|W04_C3|7|7,networks/S2/EVAE/f4_W04_C3_s7_d07.csv
S2,4,W04_C3,ADFNE,1337,0,2430548628,ADFNE|S2|main|4|W04_C3|1337|0,networks/S2/ADFNE/f4_W04_C3_s1337_d00.csv
S2,4,W04_C3,ADFNE,1337,1,3889695234,ADFNE|S2|main|4|W04_C3|1337|1,networks/S2/ADFNE/f4_W04_C3_s1337_d01.csv
S2,4,W04_C3,ADFNE,1337,2,2127649720,ADFNE|S2|main|4|W04_C3|1337|2,networks/S2/ADFNE/f4_W04_C3_s1337_d02.csv
S2,4,W04_C3,ADFNE,1337,3,165047086,ADFNE|S2|main|4|W04_C3|1337|3,networks/S2/ADFNE/f4_W04_C3_s1337_d03.csv
S2,4,W04_C3,ADFNE,1337,4,2545090189,ADFNE|S2|main|4|W04_C3|1337|4,networks/S2/ADFNE/f4_W04_C3_s1337_d04.csv
S2,4,W04_C3,ADFNE,1337,5,3770011163,ADFNE|S2|main|4|W04_C3|1337|5,networks/S2/ADFNE/f4_W04_C3_s1337_d05.csv
S2,4,W04_C3,ADFNE,1337,6,2042404769,ADFNE|S2|main|4|W04_C3|1337|6,networks/S2/ADFNE/f4_W04_C3_s1337_d06.csv
S2,4,W04_C3,ADFNE,1337,7,247181111,ADFNE|S2|main|4|W04_C3|1337|7,networks/S2/ADFNE/f4_W04_C3_s1337_d07.csv
S2,4,W04_C3,ADFNE,20260903,0,1921843849,ADFNE|S2|main|4|W04_C3|20260903|0,networks/S2/ADFNE/f4_W04_C3_s20260903_d00.csv
S2,4,W04_C3,ADFNE,20260903,1,92942879,ADFNE|S2|main|4|W04_C3|20260903|1,networks/S2/ADFNE/f4_W04_C3_s20260903_d01.csv
S2,4,W04_C3,ADFNE,20260903,2,2625856421,ADFNE|S2|main|4|W04_C3|20260903|2,networks/S2/ADFNE/f4_W04_C3_s20260903_d02.csv
S2,4,W04_C3,ADFNE,20260903,3,3951317811,ADFNE|S2|main|4|W04_C3|20260903|3,networks/S2/ADFNE/f4_W04_C3_s20260903_d03.csv
S2,4,W04_C3,ADFNE,20260903,4,1977665168,ADFNE|S2|main|4|W04_C3|20260903|4,networks/S2/ADFNE/f4_W04_C3_s20260903_d04.csv
S2,4,W04_C3,ADFNE,20260903,5,48756230,ADFNE|S2|main|4|W04_C3|20260903|5,networks/S2/ADFNE/f4_W04_C3_s20260903_d05.csv
S2,4,W04_C3,ADFNE,20260903,6,2616108988,ADFNE|S2|main|4|W04_C3|20260903|6,networks/S2/ADFNE/f4_W04_C3_s20260903_d06.csv
S2,4,W04_C3,ADFNE,20260903,7,3974731562,ADFNE|S2|main|4|W04_C3|20260903|7,networks/S2/ADFNE/f4_W04_C3_s20260903_d07.csv
S2,4,W04_C3,ADFNE,7,0,4018654336,ADFNE|S2|main|4|W04_C3|7|0,networks/S2/ADFNE/f4_W04_C3_s7_d00.csv
S2,4,W04_C3,ADFNE,7,1,2558589974,ADFNE|S2|main|4|W04_C3|7|1,networks/S2/ADFNE/f4_W04_C3_s7_d01.csv
S2,4,W04_C3,ADFNE,7,2,25800108,ADFNE|S2|main|4|W04_C3|7|2,networks/S2/ADFNE/f4_W04_C3_s7_d02.csv
S2,4,W04_C3,ADFNE,7,3,1989057850,ADFNE|S2|main|4|W04_C3|7|3,networks/S2/ADFNE/f4_W04_C3_s7_d03.csv
S2,4,W04_C3,ADFNE,7,4,3907651737,ADFNE|S2|main|4|W04_C3|7|4,networks/S2/ADFNE/f4_W04_C3_s7_d04.csv
S2,4,W04_C3,ADFNE,7,5,2683123727,ADFNE|S2|main|4|W04_C3|7|5,networks/S2/ADFNE/f4_W04_C3_s7_d05.csv
S2,4,W04_C3,ADFNE,7,6,115632565,ADFNE|S2|main|4|W04_C3|7|6,networks/S2/ADFNE/f4_W04_C3_s7_d06.csv
S2,4,W04_C3,ADFNE,7,7,1910724899,ADFNE|S2|main|4|W04_C3|7|7,networks/S2/ADFNE/f4_W04_C3_s7_d07.csv
S2,4,W04_C3,KDE,1337,0,1925396891,KDE|S2|main|4|W04_C3|1337|0,networks/S2/KDE/f4_W04_C3_s1337_d00.csv
S2,4,W04_C3,KDE,1337,1,96733453,KDE|S2|main|4|W04_C3|1337|1,networks/S2/KDE/f4_W04_C3_s1337_d01.csv
S2,4,W04_C3,KDE,1337,2,2630703287,KDE|S2|main|4|W04_C3|1337|2,networks/S2/KDE/f4_W04_C3_s1337_d02.csv
S2,4,W04_C3,KDE,1337,3,3955910689,KDE|S2|main|4|W04_C3|1337|3,networks/S2/KDE/f4_W04_C3_s1337_d03.csv
S2,4,W04_C3,KDE,1337,4,1974402434,KDE|S2|main|4|W04_C3|1337|4,networks/S2/KDE/f4_W04_C3_s1337_d04.csv
S2,4,W04_C3,KDE,1337,5,44682516,KDE|S2|main|4|W04_C3|1337|5,networks/S2/KDE/f4_W04_C3_s1337_d05.csv
S2,4,W04_C3,KDE,1337,6,2610994350,KDE|S2|main|4|W04_C3|1337|6,networks/S2/KDE/f4_W04_C3_s1337_d06.csv
S2,4,W04_C3,KDE,1337,7,3970411576,KDE|S2|main|4|W04_C3|1337|7,networks/S2/KDE/f4_W04_C3_s1337_d07.csv
S2,4,W04_C3,KDE,20260903,0,2161865359,KDE|S2|main|4|W04_C3|20260903|0,networks/S2/KDE/f4_W04_C3_s20260903_d00.csv
S2,4,W04_C3,KDE,20260903,1,4158407193,KDE|S2|main|4|W04_C3|20260903|1,networks/S2/KDE/f4_W04_C3_s20260903_d01.csv
S2,4,W04_C3,KDE,20260903,2,1859457955,KDE|S2|main|4|W04_C3|20260903|2,networks/S2/KDE/f4_W04_C3_s20260903_d02.csv
S2,4,W04_C3,KDE,20260903,3,433201973,KDE|S2|main|4|W04_C3|20260903|3,networks/S2/KDE/f4_W04_C3_s20260903_d03.csv
S2,4,W04_C3,KDE,20260903,4,2276898454,KDE|S2|main|4|W04_C3|20260903|4,networks/S2/KDE/f4_W04_C3_s20260903_d04.csv
S2,4,W04_C3,KDE,20260903,5,4038166016,KDE|S2|main|4|W04_C3|20260903|5,networks/S2/KDE/f4_W04_C3_s20260903_d05.csv
S2,4,W04_C3,KDE,20260903,6,1773721530,KDE|S2|main|4|W04_C3|20260903|6,networks/S2/KDE/f4_W04_C3_s20260903_d06.csv
S2,4,W04_C3,KDE,20260903,7,515893036,KDE|S2|main|4|W04_C3|20260903|7,networks/S2/KDE/f4_W04_C3_s20260903_d07.csv
S2,4,W04_C3,KDE,7,0,1476198189,KDE|S2|main|4|W04_C3|7|0,networks/S2/KDE/f4_W04_C3_s7_d00.csv
S2,4,W04_C3,KDE,7,1,553373627,KDE|S2|main|4|W04_C3|7|1,networks/S2/KDE/f4_W04_C3_s7_d01.csv
S2,4,W04_C3,KDE,7,2,3119685121,KDE|S2|main|4|W04_C3|7|2,networks/S2/KDE/f4_W04_C3_s7_d02.csv
S2,4,W04_C3,KDE,7,3,3472207511,KDE|S2|main|4|W04_C3|7|3,networks/S2/KDE/f4_W04_C3_s7_d03.csv
S2,4,W04_C3,KDE,7,4,1351695156,KDE|S2|main|4|W04_C3|7|4,networks/S2/KDE/f4_W04_C3_s7_d04.csv
S2,4,W04_C3,KDE,7,5,664144802,KDE|S2|main|4|W04_C3|7|5,networks/S2/KDE/f4_W04_C3_s7_d05.csv
S2,4,W04_C3,KDE,7,6,3198114328,KDE|S2|main|4|W04_C3|7|6,networks/S2/KDE/f4_W04_C3_s7_d06.csv
S2,4,W04_C3,KDE,7,7,3382209166,KDE|S2|main|4|W04_C3|7|7,networks/S2/KDE/f4_W04_C3_s7_d07.csv
S2,4,W04_C4,EVAE,1337,0,3254676761,EVAE|S2|geobg|4|W04_C4|1337|0,networks/S2/EVAE/f4_W04_C4_s1337_d00.csv
S2,4,W04_C4,EVAE,1337,1,3069795727,EVAE|S2|geobg|4|W04_C4|1337|1,networks/S2/EVAE/f4_W04_C4_s1337_d01.csv
S2,4,W04_C4,EVAE,1337,2,804260917,EVAE|S2|geobg|4|W04_C4|1337|2,networks/S2/EVAE/f4_W04_C4_s1337_d02.csv
S2,4,W04_C4,EVAE,1337,3,1492597923,EVAE|S2|geobg|4|W04_C4|1337|3,networks/S2/EVAE/f4_W04_C4_s1337_d03.csv
S2,4,W04_C4,EVAE,1337,4,3331565824,EVAE|S2|geobg|4|W04_C4|1337|4,networks/S2/EVAE/f4_W04_C4_s1337_d04.csv
S2,4,W04_C4,EVAE,1337,5,2979305878,EVAE|S2|geobg|4|W04_C4|1337|5,networks/S2/EVAE/f4_W04_C4_s1337_d05.csv
S2,4,W04_C4,EVAE,1337,6,681429036,EVAE|S2|geobg|4|W04_C4|1337|6,networks/S2/EVAE/f4_W04_C4_s1337_d06.csv
S2,4,W04_C4,EVAE,1337,7,1603991738,EVAE|S2|geobg|4|W04_C4|1337|7,networks/S2/EVAE/f4_W04_C4_s1337_d07.csv
S2,4,W04_C4,EVAE,20260903,0,2495488219,EVAE|S2|geobg|4|W04_C4|20260903|0,networks/S2/EVAE/f4_W04_C4_s20260903_d00.csv
S2,4,W04_C4,EVAE,20260903,1,3820556365,EVAE|S2|geobg|4|W04_C4|20260903|1,networks/S2/EVAE/f4_W04_C4_s20260903_d01.csv
S2,4,W04_C4,EVAE,20260903,2,2058371575,EVAE|S2|geobg|4|W04_C4|20260903|2,networks/S2/EVAE/f4_W04_C4_s20260903_d02.csv
S2,4,W04_C4,EVAE,20260903,3,230125921,EVAE|S2|geobg|4|W04_C4|20260903|3,networks/S2/EVAE/f4_W04_C4_s20260903_d03.csv
S2,4,W04_C4,EVAE,20260903,4,2480137410,EVAE|S2|geobg|4|W04_C4|20260903|4,networks/S2/EVAE/f4_W04_C4_s20260903_d04.csv
S2,4,W04_C4,EVAE,20260903,5,3839153236,EVAE|S2|geobg|4|W04_C4|20260903|5,networks/S2/EVAE/f4_W04_C4_s20260903_d05.csv
S2,4,W04_C4,EVAE,20260903,6,2111669742,EVAE|S2|geobg|4|W04_C4|20260903|6,networks/S2/EVAE/f4_W04_C4_s20260903_d06.csv
S2,4,W04_C4,EVAE,20260903,7,182105464,EVAE|S2|geobg|4|W04_C4|20260903|7,networks/S2/EVAE/f4_W04_C4_s20260903_d07.csv
S2,4,W04_C4,EVAE,7,0,1518994621,EVAE|S2|geobg|4|W04_C4|7|0,networks/S2/EVAE/f4_W04_C4_s7_d00.csv
S2,4,W04_C4,EVAE,7,1,764228651,EVAE|S2|geobg|4|W04_C4|7|1,networks/S2/EVAE/f4_W04_C4_s7_d01.csv
S2,4,W04_C4,EVAE,7,2,3028575633,EVAE|S2|geobg|4|W04_C4|7|2,networks/S2/EVAE/f4_W04_C4_s7_d02.csv
S2,4,W04_C4,EVAE,7,3,3280164103,EVAE|S2|geobg|4|W04_C4|7|3,networks/S2/EVAE/f4_W04_C4_s7_d03.csv
S2,4,W04_C4,EVAE,7,4,1575469220,EVAE|S2|geobg|4|W04_C4|7|4,networks/S2/EVAE/f4_W04_C4_s7_d04.csv
S2,4,W04_C4,EVAE,7,5,719384626,EVAE|S2|geobg|4|W04_C4|7|5,networks/S2/EVAE/f4_W04_C4_s7_d05.csv
S2,4,W04_C4,EVAE,7,6,3018432904,EVAE|S2|geobg|4|W04_C4|7|6,networks/S2/EVAE/f4_W04_C4_s7_d06.csv
S2,4,W04_C4,EVAE,7,7,3303969054,EVAE|S2|geobg|4|W04_C4|7|7,networks/S2/EVAE/f4_W04_C4_s7_d07.csv
S2,4,W04_C4,ADFNE,1337,0,2585408397,ADFNE|S2|main|4|W04_C4|1337|0,networks/S2/ADFNE/f4_W04_C4_s1337_d00.csv
S2,4,W04_C4,ADFNE,1337,1,3978101531,ADFNE|S2|main|4|W04_C4|1337|1,networks/S2/ADFNE/f4_W04_C4_s1337_d01.csv
S2,4,W04_C4,ADFNE,1337,2,1947488929,ADFNE|S2|main|4|W04_C4|1337|2,networks/S2/ADFNE/f4_W04_C4_s1337_d02.csv
S2,4,W04_C4,ADFNE,1337,3,51601975,ADFNE|S2|main|4|W04_C4|1337|3,networks/S2/ADFNE/f4_W04_C4_s1337_d03.csv
S2,4,W04_C4,ADFNE,1337,4,2641885076,ADFNE|S2|main|4|W04_C4|1337|4,networks/S2/ADFNE/f4_W04_C4_s1337_d04.csv
S2,4,W04_C4,ADFNE,1337,5,3933259522,ADFNE|S2|main|4|W04_C4|1337|5,networks/S2/ADFNE/f4_W04_C4_s1337_d05.csv
S2,4,W04_C4,ADFNE,1337,6,1937348280,ADFNE|S2|main|4|W04_C4|1337|6,networks/S2/ADFNE/f4_W04_C4_s1337_d06.csv
S2,4,W04_C4,ADFNE,1337,7,75408942,ADFNE|S2|main|4|W04_C4|1337|7,networks/S2/ADFNE/f4_W04_C4_s1337_d07.csv
S2,4,W04_C4,ADFNE,20260903,0,102099718,ADFNE|S2|main|4|W04_C4|20260903|0,networks/S2/ADFNE/f4_W04_C4_s20260903_d00.csv
S2,4,W04_C4,ADFNE,20260903,1,1897061264,ADFNE|S2|main|4|W04_C4|20260903|1,networks/S2/ADFNE/f4_W04_C4_s20260903_d01.csv
S2,4,W04_C4,ADFNE,20260903,2,3894118954,ADFNE|S2|main|4|W04_C4|20260903|2,networks/S2/ADFNE/f4_W04_C4_s20260903_d02.csv
S2,4,W04_C4,ADFNE,20260903,3,2669460156,ADFNE|S2|main|4|W04_C4|20260903|3,networks/S2/ADFNE/f4_W04_C4_s20260903_d03.csv
S2,4,W04_C4,ADFNE,20260903,4,24653599,ADFNE|S2|main|4|W04_C4|20260903|4,networks/S2/ADFNE/f4_W04_C4_s20260903_d04.csv
S2,4,W04_C4,ADFNE,20260903,5,1988042633,ADFNE|S2|main|4|W04_C4|20260903|5,networks/S2/ADFNE/f4_W04_C4_s20260903_d05.csv
S2,4,W04_C4,ADFNE,20260903,6,4017507891,ADFNE|S2|main|4|W04_C4|20260903|6,networks/S2/ADFNE/f4_W04_C4_s20260903_d06.csv
S2,4,W04_C4,ADFNE,20260903,7,2557574821,ADFNE|S2|main|4|W04_C4|20260903|7,networks/S2/ADFNE/f4_W04_C4_s20260903_d07.csv
S2,4,W04_C4,ADFNE,7,0,1571229840,ADFNE|S2|main|4|W04_C4|7|0,networks/S2/ADFNE/f4_W04_C4_s7_d00.csv
S2,4,W04_C4,ADFNE,7,1,715137030,ADFNE|S2|main|4|W04_C4|7|1,networks/S2/ADFNE/f4_W04_C4_s7_d01.csv
S2,4,W04_C4,ADFNE,7,2,3014226364,ADFNE|S2|main|4|W04_C4|7|2,networks/S2/ADFNE/f4_W04_C4_s7_d02.csv
S2,4,W04_C4,ADFNE,7,3,3299754282,ADFNE|S2|main|4|W04_C4|7|3,networks/S2/ADFNE/f4_W04_C4_s7_d03.csv
S2,4,W04_C4,ADFNE,7,4,1523242121,ADFNE|S2|main|4|W04_C4|7|4,networks/S2/ADFNE/f4_W04_C4_s7_d04.csv
S2,4,W04_C4,ADFNE,7,5,768467999,ADFNE|S2|main|4|W04_C4|7|5,networks/S2/ADFNE/f4_W04_C4_s7_d05.csv
S2,4,W04_C4,ADFNE,7,6,3032790437,ADFNE|S2|main|4|W04_C4|7|6,networks/S2/ADFNE/f4_W04_C4_s7_d06.csv
S2,4,W04_C4,ADFNE,7,7,3284370739,ADFNE|S2|main|4|W04_C4|7|7,networks/S2/ADFNE/f4_W04_C4_s7_d07.csv
S2,4,W04_C4,KDE,1337,0,2013671554,KDE|S2|main|4|W04_C4|1337|0,networks/S2/KDE/f4_W04_C4_s1337_d00.csv
S2,4,W04_C4,KDE,1337,1,251723796,KDE|S2|main|4|W04_C4|1337|1,networks/S2/KDE/f4_W04_C4_s1337_d01.csv
S2,4,W04_C4,KDE,1337,2,2517127598,KDE|S2|main|4|W04_C4|1337|2,networks/S2/KDE/f4_W04_C4_s1337_d02.csv
S2,4,W04_C4,KDE,1337,3,3775881528,KDE|S2|main|4|W04_C4|1337|3,networks/S2/KDE/f4_W04_C4_s1337_d03.csv
S2,4,W04_C4,KDE,1337,4,2137781403,KDE|S2|main|4|W04_C4|1337|4,networks/S2/KDE/f4_W04_C4_s1337_d04.csv
S2,4,W04_C4,KDE,1337,5,141345805,KDE|S2|main|4|W04_C4|1337|5,networks/S2/KDE/f4_W04_C4_s1337_d05.csv
S2,4,W04_C4,KDE,1337,6,2439353783,KDE|S2|main|4|W04_C4|1337|6,networks/S2/KDE/f4_W04_C4_s1337_d06.csv
S2,4,W04_C4,KDE,1337,7,3865224481,KDE|S2|main|4|W04_C4|1337|7,networks/S2/KDE/f4_W04_C4_s1337_d07.csv
S2,4,W04_C4,KDE,20260903,0,4098071296,KDE|S2|main|4|W04_C4|20260903|0,networks/S2/KDE/f4_W04_C4_s20260903_d00.csv
S2,4,W04_C4,KDE,20260903,1,2202315670,KDE|S2|main|4|W04_C4|20260903|1,networks/S2/KDE/f4_W04_C4_s20260903_d01.csv
S2,4,W04_C4,KDE,20260903,2,441317932,KDE|S2|main|4|W04_C4|20260903|2,networks/S2/KDE/f4_W04_C4_s20260903_d02.csv
S2,4,W04_C4,KDE,20260903,3,1833618106,KDE|S2|main|4|W04_C4|20260903|3,networks/S2/KDE/f4_W04_C4_s20260903_d03.csv
S2,4,W04_C4,KDE,20260903,4,4079902489,KDE|S2|main|4|W04_C4|20260903|4,networks/S2/KDE/f4_W04_C4_s20260903_d04.csv
S2,4,W04_C4,KDE,20260903,5,2217308047,KDE|S2|main|4|W04_C4|20260903|5,networks/S2/KDE/f4_W04_C4_s20260903_d05.csv
S2,4,W04_C4,KDE,20260903,6,488652341,KDE|S2|main|4|W04_C4|20260903|6,networks/S2/KDE/f4_W04_C4_s20260903_d06.csv
S2,4,W04_C4,KDE,20260903,7,1780944547,KDE|S2|main|4|W04_C4|20260903|7,networks/S2/KDE/f4_W04_C4_s20260903_d07.csv
S2,4,W04_C4,KDE,7,0,3856409405,KDE|S2|main|4|W04_C4|7|0,networks/S2/KDE/f4_W04_C4_s7_d00.csv
S2,4,W04_C4,KDE,7,1,2463830955,KDE|S2|main|4|W04_C4|7|1,networks/S2/KDE/f4_W04_C4_s7_d01.csv
S2,4,W04_C4,KDE,7,2,198328849,KDE|S2|main|4|W04_C4|7|2,networks/S2/KDE/f4_W04_C4_s7_d02.csv
S2,4,W04_C4,KDE,7,3,2094363271,KDE|S2|main|4|W04_C4|7|3,networks/S2/KDE/f4_W04_C4_s7_d03.csv
S2,4,W04_C4,KDE,7,4,3803309860,KDE|S2|main|4|W04_C4|7|4,networks/S2/KDE/f4_W04_C4_s7_d04.csv
S2,4,W04_C4,KDE,7,5,2511787954,KDE|S2|main|4|W04_C4|7|5,networks/S2/KDE/f4_W04_C4_s7_d05.csv
S2,4,W04_C4,KDE,7,6,213878280,KDE|S2|main|4|W04_C4|7|6,networks/S2/KDE/f4_W04_C4_s7_d06.csv
S2,4,W04_C4,KDE,7,7,2075702942,KDE|S2|main|4|W04_C4|7|7,networks/S2/KDE/f4_W04_C4_s7_d07.csv
S2,4,W04_C5,EVAE,1337,0,223636871,EVAE|S2|geobg|4|W04_C5|1337|0,networks/S2/EVAE/f4_W04_C5_s1337_d00.csv
S2,4,W04_C5,EVAE,1337,1,2052283665,EVAE|S2|geobg|4|W04_C5|1337|1,networks/S2/EVAE/f4_W04_C5_s1337_d01.csv
S2,4,W04_C5,EVAE,1337,2,3814329515,EVAE|S2|geobg|4|W04_C5|1337|2,networks/S2/EVAE/f4_W04_C5_s1337_d02.csv
S2,4,W04_C5,EVAE,1337,3,2489138237,EVAE|S2|geobg|4|W04_C5|1337|3,networks/S2/EVAE/f4_W04_C5_s1337_d03.csv
S2,4,W04_C5,EVAE,1337,4,171551134,EVAE|S2|geobg|4|W04_C5|1337|4,networks/S2/EVAE/f4_W04_C5_s1337_d04.csv
S2,4,W04_C5,EVAE,1337,5,2101254408,EVAE|S2|geobg|4|W04_C5|1337|5,networks/S2/EVAE/f4_W04_C5_s1337_d05.csv
S2,4,W04_C5,EVAE,1337,6,3828861106,EVAE|S2|geobg|4|W04_C5|1337|6,networks/S2/EVAE/f4_W04_C5_s1337_d06.csv
S2,4,W04_C5,EVAE,1337,7,2469460004,EVAE|S2|geobg|4|W04_C5|1337|7,networks/S2/EVAE/f4_W04_C5_s1337_d07.csv
S2,4,W04_C5,EVAE,20260903,0,253455540,EVAE|S2|geobg|4|W04_C5|20260903|0,networks/S2/EVAE/f4_W04_C5_s20260903_d00.csv
S2,4,W04_C5,EVAE,20260903,1,2015124514,EVAE|S2|geobg|4|W04_C5|20260903|1,networks/S2/EVAE/f4_W04_C5_s20260903_d01.csv
S2,4,W04_C5,EVAE,20260903,2,3776253336,EVAE|S2|geobg|4|W04_C5|20260903|2,networks/S2/EVAE/f4_W04_C5_s20260903_d02.csv
S2,4,W04_C5,EVAE,20260903,3,2517777678,EVAE|S2|geobg|4|W04_C5|20260903|3,networks/S2/EVAE/f4_W04_C5_s20260903_d03.csv
S2,4,W04_C5,EVAE,20260903,4,141994157,EVAE|S2|geobg|4|W04_C5|20260903|4,networks/S2/EVAE/f4_W04_C5_s20260903_d04.csv
S2,4,W04_C5,EVAE,20260903,5,2138150971,EVAE|S2|geobg|4|W04_C5|20260903|5,networks/S2/EVAE/f4_W04_C5_s20260903_d05.csv
S2,4,W04_C5,EVAE,20260903,6,3866675585,EVAE|S2|geobg|4|W04_C5|20260903|6,networks/S2/EVAE/f4_W04_C5_s20260903_d06.csv
S2,4,W04_C5,EVAE,20260903,7,2441083159,EVAE|S2|geobg|4|W04_C5|20260903|7,networks/S2/EVAE/f4_W04_C5_s20260903_d07.csv
S2,4,W04_C5,EVAE,7,0,1743400205,EVAE|S2|geobg|4|W04_C5|7|0,networks/S2/EVAE/f4_W04_C5_s7_d00.csv
S2,4,W04_C5,EVAE,7,1,283975067,EVAE|S2|geobg|4|W04_C5|7|1,networks/S2/EVAE/f4_W04_C5_s7_d01.csv
S2,4,W04_C5,EVAE,7,2,2313440289,EVAE|S2|geobg|4|W04_C5|7|2,networks/S2/EVAE/f4_W04_C5_s7_d02.csv
S2,4,W04_C5,EVAE,7,3,4276321463,EVAE|S2|geobg|4|W04_C5|7|3,networks/S2/EVAE/f4_W04_C5_s7_d03.csv
S2,4,W04_C5,EVAE,7,4,1619519764,EVAE|S2|geobg|4|W04_C5|7|4,networks/S2/EVAE/f4_W04_C5_s7_d04.csv
S2,4,W04_C5,EVAE,7,5,394320258,EVAE|S2|geobg|4|W04_C5|7|5,networks/S2/EVAE/f4_W04_C5_s7_d05.csv
S2,4,W04_C5,EVAE,7,6,2391377976,EVAE|S2|geobg|4|W04_C5|7|6,networks/S2/EVAE/f4_W04_C5_s7_d06.csv
S2,4,W04_C5,EVAE,7,7,4186880174,EVAE|S2|geobg|4|W04_C5|7|7,networks/S2/EVAE/f4_W04_C5_s7_d07.csv
S2,4,W04_C5,ADFNE,1337,0,1454387987,ADFNE|S2|main|4|W04_C5|1337|0,networks/S2/ADFNE/f4_W04_C5_s1337_d00.csv
S2,4,W04_C5,ADFNE,1337,1,565642117,ADFNE|S2|main|4|W04_C5|1337|1,networks/S2/ADFNE/f4_W04_C5_s1337_d01.csv
S2,4,W04_C5,ADFNE,1337,2,3099480639,ADFNE|S2|main|4|W04_C5|1337|2,networks/S2/ADFNE/f4_W04_C5_s1337_d02.csv
S2,4,W04_C5,ADFNE,1337,3,3485033129,ADFNE|S2|main|4|W04_C5|1337|3,networks/S2/ADFNE/f4_W04_C5_s1337_d03.csv
S2,4,W04_C5,ADFNE,1337,4,1373501194,ADFNE|S2|main|4|W04_C5|1337|4,networks/S2/ADFNE/f4_W04_C5_s1337_d04.csv
S2,4,W04_C5,ADFNE,1337,5,651872156,ADFNE|S2|main|4|W04_C5|1337|5,networks/S2/ADFNE/f4_W04_C5_s1337_d05.csv
S2,4,W04_C5,ADFNE,1337,6,3218314790,ADFNE|S2|main|4|W04_C5|1337|6,networks/S2/ADFNE/f4_W04_C5_s1337_d06.csv
S2,4,W04_C5,ADFNE,1337,7,3369379504,ADFNE|S2|main|4|W04_C5|1337|7,networks/S2/ADFNE/f4_W04_C5_s1337_d07.csv
S2,4,W04_C5,ADFNE,20260903,0,2645600105,ADFNE|S2|main|4|W04_C5|20260903|0,networks/S2/ADFNE/f4_W04_C5_s20260903_d00.csv
S2,4,W04_C5,ADFNE,20260903,1,3937900543,ADFNE|S2|main|4|W04_C5|20260903|1,networks/S2/ADFNE/f4_W04_C5_s20260903_d01.csv
S2,4,W04_C5,ADFNE,20260903,2,1941882437,ADFNE|S2|main|4|W04_C5|20260903|2,networks/S2/ADFNE/f4_W04_C5_s20260903_d02.csv
S2,4,W04_C5,ADFNE,20260903,3,79296211,ADFNE|S2|main|4|W04_C5|20260903|3,networks/S2/ADFNE/f4_W04_C5_s20260903_d03.csv
S2,4,W04_C5,ADFNE,20260903,4,2598200176,ADFNE|S2|main|4|W04_C5|20260903|4,networks/S2/ADFNE/f4_W04_C5_s20260903_d04.csv
S2,4,W04_C5,ADFNE,20260903,5,3990508518,ADFNE|S2|main|4|W04_C5|20260903|5,networks/S2/ADFNE/f4_W04_C5_s20260903_d05.csv
S2,4,W04_C5,ADFNE,20260903,6,1959985756,ADFNE|S2|main|4|W04_C5|20260903|6,networks/S2/ADFNE/f4_W04_C5_s20260903_d06.csv
S2,4,W04_C5,ADFNE,20260903,7,64238282,ADFNE|S2|main|4|W04_C5|20260903|7,networks/S2/ADFNE/f4_W04_C5_s20260903_d07.csv
S2,4,W04_C5,ADFNE,7,0,1623669024,ADFNE|S2|main|4|W04_C5|7|0,networks/S2/ADFNE/f4_W04_C5_s7_d00.csv
S2,4,W04_C5,ADFNE,7,1,398461366,ADFNE|S2|main|4|W04_C5|7|1,networks/S2/ADFNE/f4_W04_C5_s7_d01.csv
S2,4,W04_C5,ADFNE,7,2,2395559948,ADFNE|S2|main|4|W04_C5|7|2,networks/S2/ADFNE/f4_W04_C5_s7_d02.csv
S2,4,W04_C5,ADFNE,7,3,4191053978,ADFNE|S2|main|4|W04_C5|7|3,networks/S2/ADFNE/f4_W04_C5_s7_d03.csv
S2,4,W04_C5,ADFNE,7,4,1739259193,ADFNE|S2|main|4|W04_C5|7|4,networks/S2/ADFNE/f4_W04_C5_s7_d04.csv
S2,4,W04_C5,ADFNE,7,5,279825839,ADFNE|S2|main|4|W04_C5|7|5,networks/S2/ADFNE/f4_W04_C5_s7_d05.csv
S2,4,W04_C5,ADFNE,7,6,2309266453,ADFNE|S2|main|4|W04_C5|7|6,networks/S2/ADFNE/f4_W04_C5_s7_d06.csv
S2,4,W04_C5,ADFNE,7,7,4272139395,ADFNE|S2|main|4|W04_C5|7|7,networks/S2/ADFNE/f4_W04_C5_s7_d07.csv
S2,4,W04_C5,KDE,1337,0,3031183388,KDE|S2|main|4|W04_C5|1337|0,networks/S2/KDE/f4_W04_C5_s1337_d00.csv
S2,4,W04_C5,KDE,1337,1,3282763914,KDE|S2|main|4|W04_C5|1337|1,networks/S2/KDE/f4_W04_C5_s1337_d01.csv
S2,4,W04_C5,KDE,1337,2,1520587056,KDE|S2|main|4|W04_C5|1337|2,networks/S2/KDE/f4_W04_C5_s1337_d02.csv
S2,4,W04_C5,KDE,1337,3,765813158,KDE|S2|main|4|W04_C5|1337|3,networks/S2/KDE/f4_W04_C5_s1337_d03.csv
S2,4,W04_C5,KDE,1337,4,3015832581,KDE|S2|main|4|W04_C5|1337|4,networks/S2/KDE/f4_W04_C5_s1337_d04.csv
S2,4,W04_C5,KDE,1337,5,3301360787,KDE|S2|main|4|W04_C5|1337|5,networks/S2/KDE/f4_W04_C5_s1337_d05.csv
S2,4,W04_C5,KDE,1337,6,1573885225,KDE|S2|main|4|W04_C5|1337|6,networks/S2/KDE/f4_W04_C5_s1337_d06.csv
S2,4,W04_C5,KDE,1337,7,717792703,KDE|S2|main|4|W04_C5|1337|7,networks/S2/KDE/f4_W04_C5_s1337_d07.csv
S2,4,W04_C5,KDE,20260903,0,1877399407,KDE|S2|main|4|W04_C5|20260903|0,networks/S2/KDE/f4_W04_C5_s20260903_d00.csv
S2,4,W04_C5,KDE,20260903,1,417458169,KDE|S2|main|4|W04_C5|20260903|1,networks/S2/KDE/f4_W04_C5_s20260903_d01.csv
S2,4,W04_C5,KDE,20260903,2,2179511875,KDE|S2|main|4|W04_C5|20260903|2,networks/S2/KDE/f4_W04_C5_s20260903_d02.csv
S2,4,W04_C5,KDE,20260903,3,4142892757,KDE|S2|main|4|W04_C5|20260903|3,networks/S2/KDE/f4_W04_C5_s20260903_d03.csv
S2,4,W04_C5,KDE,20260903,4,1753944950,KDE|S2|main|4|W04_C5|20260903|4,networks/S2/KDE/f4_W04_C5_s20260903_d04.csv
S2,4,W04_C5,KDE,20260903,5,529277920,KDE|S2|main|4|W04_C5|20260903|5,networks/S2/KDE/f4_W04_C5_s20260903_d05.csv
S2,4,W04_C5,KDE,20260903,6,2256892506,KDE|S2|main|4|W04_C5|20260903|6,networks/S2/KDE/f4_W04_C5_s20260903_d06.csv
S2,4,W04_C5,KDE,20260903,7,4051845836,KDE|S2|main|4|W04_C5|20260903|7,networks/S2/KDE/f4_W04_C5_s20260903_d07.csv
S2,4,W04_C5,KDE,7,0,3636202125,KDE|S2|main|4|W04_C5|7|0,networks/S2/KDE/f4_W04_C5_s7_d00.csv
S2,4,W04_C5,KDE,7,1,2948282907,KDE|S2|main|4|W04_C5|7|1,networks/S2/KDE/f4_W04_C5_s7_d01.csv
S2,4,W04_C5,KDE,7,2,917662625,KDE|S2|main|4|W04_C5|7|2,networks/S2/KDE/f4_W04_C5_s7_d02.csv
S2,4,W04_C5,KDE,7,3,1102404407,KDE|S2|main|4|W04_C5|7|3,networks/S2/KDE/f4_W04_C5_s7_d03.csv
S2,4,W04_C5,KDE,7,4,3755069076,KDE|S2|main|4|W04_C5|7|4,networks/S2/KDE/f4_W04_C5_s7_d04.csv
S2,4,W04_C5,KDE,7,5,2832662018,KDE|S2|main|4|W04_C5|7|5,networks/S2/KDE/f4_W04_C5_s7_d05.csv
S2,4,W04_C5,KDE,7,6,836743096,KDE|S2|main|4|W04_C5|7|6,networks/S2/KDE/f4_W04_C5_s7_d06.csv
S2,4,W04_C5,KDE,7,7,1188601646,KDE|S2|main|4|W04_C5|7|7,networks/S2/KDE/f4_W04_C5_s7_d07.csv
S2,4,W04_C6,EVAE,1337,0,2212194916,EVAE|S2|geobg|4|W04_C6|1337|0,networks/S2/EVAE/f4_W04_C6_s1337_d00.csv
S2,4,W04_C6,EVAE,1337,1,4108081906,EVAE|S2|geobg|4|W04_C6|1337|1,networks/S2/EVAE/f4_W04_C6_s1337_d01.csv
S2,4,W04_C6,EVAE,1337,2,1842678600,EVAE|S2|geobg|4|W04_C6|1337|2,networks/S2/EVAE/f4_W04_C6_s1337_d02.csv
S2,4,W04_C6,EVAE,1337,3,449985502,EVAE|S2|geobg|4|W04_C6|1337|3,networks/S2/EVAE/f4_W04_C6_s1337_d03.csv
S2,4,W04_C6,EVAE,1337,4,2226564733,EVAE|S2|geobg|4|W04_C6|1337|4,networks/S2/EVAE/f4_W04_C6_s1337_d04.csv
S2,4,W04_C6,EVAE,1337,5,4088504043,EVAE|S2|geobg|4|W04_C6|1337|5,networks/S2/EVAE/f4_W04_C6_s1337_d05.csv
S2,4,W04_C6,EVAE,1337,6,1790496593,EVAE|S2|geobg|4|W04_C6|1337|6,networks/S2/EVAE/f4_W04_C6_s1337_d06.csv
S2,4,W04_C6,EVAE,1337,7,499122119,EVAE|S2|geobg|4|W04_C6|1337|7,networks/S2/EVAE/f4_W04_C6_s1337_d07.csv
S2,4,W04_C6,EVAE,20260903,0,2022030916,EVAE|S2|geobg|4|W04_C6|20260903|0,networks/S2/EVAE/f4_W04_C6_s20260903_d00.csv
S2,4,W04_C6,EVAE,20260903,1,260214482,EVAE|S2|geobg|4|W04_C6|20260903|1,networks/S2/EVAE/f4_W04_C6_s20260903_d01.csv
S2,4,W04_C6,EVAE,20260903,2,2525749096,EVAE|S2|geobg|4|W04_C6|20260903|2,networks/S2/EVAE/f4_W04_C6_s20260903_d02.csv
S2,4,W04_C6,EVAE,20260903,3,3784110078,EVAE|S2|geobg|4|W04_C6|20260903|3,networks/S2/EVAE/f4_W04_C6_s20260903_d03.csv
S2,4,W04_C6,EVAE,20260903,4,2145942109,EVAE|S2|geobg|4|W04_C6|20260903|4,networks/S2/EVAE/f4_W04_C6_s20260903_d04.csv
S2,4,W04_C6,EVAE,20260903,5,149899979,EVAE|S2|geobg|4|W04_C6|20260903|5,networks/S2/EVAE/f4_W04_C6_s20260903_d05.csv
S2,4,W04_C6,EVAE,20260903,6,2447776625,EVAE|S2|geobg|4|W04_C6|20260903|6,networks/S2/EVAE/f4_W04_C6_s20260903_d06.csv
S2,4,W04_C6,EVAE,20260903,7,3873516519,EVAE|S2|geobg|4|W04_C6|20260903|7,networks/S2/EVAE/f4_W04_C6_s20260903_d07.csv
S2,4,W04_C6,EVAE,7,0,541743069,EVAE|S2|geobg|4|W04_C6|7|0,networks/S2/EVAE/f4_W04_C6_s7_d00.csv
S2,4,W04_C6,EVAE,7,1,1464690507,EVAE|S2|geobg|4|W04_C6|7|1,networks/S2/EVAE/f4_W04_C6_s7_d01.csv
S2,4,W04_C6,EVAE,7,2,3460577009,EVAE|S2|geobg|4|W04_C6|7|2,networks/S2/EVAE/f4_W04_C6_s7_d02.csv
S2,4,W04_C6,EVAE,7,3,3108177511,EVAE|S2|geobg|4|W04_C6|7|3,networks/S2/EVAE/f4_W04_C6_s7_d03.csv
S2,4,W04_C6,EVAE,7,4,656905156,EVAE|S2|geobg|4|W04_C6|7|4,networks/S2/EVAE/f4_W04_C6_s7_d04.csv
S2,4,W04_C6,EVAE,7,5,1344316242,EVAE|S2|geobg|4|W04_C6|7|5,networks/S2/EVAE/f4_W04_C6_s7_d05.csv
S2,4,W04_C6,EVAE,7,6,3374969576,EVAE|S2|geobg|4|W04_C6|7|6,networks/S2/EVAE/f4_W04_C6_s7_d06.csv
S2,4,W04_C6,EVAE,7,7,3190735486,EVAE|S2|geobg|4|W04_C6|7|7,networks/S2/EVAE/f4_W04_C6_s7_d07.csv
S2,4,W04_C6,ADFNE,1337,0,3628020976,ADFNE|S2|main|4|W04_C6|1337|0,networks/S2/ADFNE/f4_W04_C6_s1337_d00.csv
S2,4,W04_C6,ADFNE,1337,1,2939683942,ADFNE|S2|main|4|W04_C6|1337|1,networks/S2/ADFNE/f4_W04_C6_s1337_d01.csv
S2,4,W04_C6,ADFNE,1337,2,909202908,ADFNE|S2|main|4|W04_C6|1337|2,networks/S2/ADFNE/f4_W04_C6_s1337_d02.csv
S2,4,W04_C6,ADFNE,1337,3,1094083914,ADFNE|S2|main|4|W04_C6|1337|3,networks/S2/ADFNE/f4_W04_C6_s1337_d03.csv
S2,4,W04_C6,ADFNE,1337,4,3746754793,ADFNE|S2|main|4|W04_C6|1337|4,networks/S2/ADFNE/f4_W04_C6_s1337_d04.csv
S2,4,W04_C6,ADFNE,1337,5,2824192127,ADFNE|S2|main|4|W04_C6|1337|5,networks/S2/ADFNE/f4_W04_C6_s1337_d05.csv
S2,4,W04_C6,ADFNE,1337,6,828150213,ADFNE|S2|main|4|W04_C6|1337|6,networks/S2/ADFNE/f4_W04_C6_s1337_d06.csv
S2,4,W04_C6,ADFNE,1337,7,1180410195,ADFNE|S2|main|4|W04_C6|1337|7,networks/S2/ADFNE/f4_W04_C6_s1337_d07.csv
S2,4,W04_C6,ADFNE,20260903,0,3928913305,ADFNE|S2|main|4|W04_C6|20260903|0,networks/S2/ADFNE/f4_W04_C6_s20260903_d00.csv
S2,4,W04_C6,ADFNE,20260903,1,2636727567,ADFNE|S2|main|4|W04_C6|20260903|1,networks/S2/ADFNE/f4_W04_C6_s20260903_d01.csv
S2,4,W04_C6,ADFNE,20260903,2,69211317,ADFNE|S2|main|4|W04_C6|20260903|2,networks/S2/ADFNE/f4_W04_C6_s20260903_d02.csv
S2,4,W04_C6,ADFNE,20260903,3,1931944995,ADFNE|S2|main|4|W04_C6|20260903|3,networks/S2/ADFNE/f4_W04_C6_s20260903_d03.csv
S2,4,W04_C6,ADFNE,20260903,4,3980636544,ADFNE|S2|main|4|W04_C6|20260903|4,networks/S2/ADFNE/f4_W04_C6_s20260903_d04.csv
S2,4,W04_C6,ADFNE,20260903,5,2588180758,ADFNE|S2|main|4|W04_C6|20260903|5,networks/S2/ADFNE/f4_W04_C6_s20260903_d05.csv
S2,4,W04_C6,ADFNE,20260903,6,55431340,ADFNE|S2|main|4|W04_C6|20260903|6,networks/S2/ADFNE/f4_W04_C6_s20260903_d06.csv
S2,4,W04_C6,ADFNE,20260903,7,1951064122,ADFNE|S2|main|4|W04_C6|20260903|7,networks/S2/ADFNE/f4_W04_C6_s20260903_d07.csv
S2,4,W04_C6,ADFNE,7,0,661079024,ADFNE|S2|main|4|W04_C6|7|0,networks/S2/ADFNE/f4_W04_C6_s7_d00.csv
S2,4,W04_C6,ADFNE,7,1,1348498278,ADFNE|S2|main|4|W04_C6|7|1,networks/S2/ADFNE/f4_W04_C6_s7_d01.csv
S2,4,W04_C6,ADFNE,7,2,3379110620,ADFNE|S2|main|4|W04_C6|7|2,networks/S2/ADFNE/f4_W04_C6_s7_d02.csv
S2,4,W04_C6,ADFNE,7,3,3194884682,ADFNE|S2|main|4|W04_C6|7|3,networks/S2/ADFNE/f4_W04_C6_s7_d03.csv
S2,4,W04_C6,ADFNE,7,4,537561065,ADFNE|S2|main|4|W04_C6|7|4,networks/S2/ADFNE/f4_W04_C6_s7_d04.csv
S2,4,W04_C6,ADFNE,7,5,1460516735,ADFNE|S2|main|4|W04_C6|7|5,networks/S2/ADFNE/f4_W04_C6_s7_d05.csv
S2,4,W04_C6,ADFNE,7,6,3456427717,ADFNE|S2|main|4|W04_C6|7|6,networks/S2/ADFNE/f4_W04_C6_s7_d06.csv
S2,4,W04_C6,ADFNE,7,7,3104036435,ADFNE|S2|main|4|W04_C6|7|7,networks/S2/ADFNE/f4_W04_C6_s7_d07.csv
S2,4,W04_C6,KDE,1337,0,975386623,KDE|S2|main|4|W04_C6|1337|0,networks/S2/KDE/f4_W04_C6_s1337_d00.csv
S2,4,W04_C6,KDE,1337,1,1294206825,KDE|S2|main|4|W04_C6|1337|1,networks/S2/KDE/f4_W04_C6_s1337_d01.csv
S2,4,W04_C6,KDE,1337,2,3559741139,KDE|S2|main|4|W04_C6|1337|2,networks/S2/KDE/f4_W04_C6_s1337_d02.csv
S2,4,W04_C6,KDE,1337,3,2737464901,KDE|S2|main|4|W04_C6|1337|3,networks/S2/KDE/f4_W04_C6_s1337_d03.csv
S2,4,W04_C6,KDE,1337,4,1028584422,KDE|S2|main|4|W04_C6|1337|4,networks/S2/KDE/f4_W04_C6_s1337_d04.csv
S2,4,W04_C6,KDE,1337,5,1246348144,KDE|S2|main|4|W04_C6|1337|5,networks/S2/KDE/f4_W04_C6_s1337_d05.csv
S2,4,W04_C6,KDE,1337,6,3544224458,KDE|S2|main|4|W04_C6|1337|6,networks/S2/KDE/f4_W04_C6_s1337_d06.csv
S2,4,W04_C6,KDE,1337,7,2756158044,KDE|S2|main|4|W04_C6|1337|7,networks/S2/KDE/f4_W04_C6_s1337_d07.csv
S2,4,W04_C6,KDE,20260903,0,410518943,KDE|S2|main|4|W04_C6|20260903|0,networks/S2/KDE/f4_W04_C6_s20260903_d00.csv
S2,4,W04_C6,KDE,20260903,1,1870607625,KDE|S2|main|4|W04_C6|20260903|1,networks/S2/KDE/f4_W04_C6_s20260903_d01.csv
S2,4,W04_C6,KDE,20260903,2,4134954163,KDE|S2|main|4|W04_C6|20260903|2,networks/S2/KDE/f4_W04_C6_s20260903_d02.csv
S2,4,W04_C6,KDE,20260903,3,2171687973,KDE|S2|main|4|W04_C6|20260903|3,networks/S2/KDE/f4_W04_C6_s20260903_d03.csv
S2,4,W04_C6,KDE,20260903,4,521519494,KDE|S2|main|4|W04_C6|20260903|4,networks/S2/KDE/f4_W04_C6_s20260903_d04.csv
S2,4,W04_C6,KDE,20260903,5,1746071824,KDE|S2|main|4|W04_C6|20260903|5,networks/S2/KDE/f4_W04_C6_s20260903_d05.csv
S2,4,W04_C6,KDE,20260903,6,4045119658,KDE|S2|main|4|W04_C6|20260903|6,networks/S2/KDE/f4_W04_C6_s20260903_d06.csv
S2,4,W04_C6,KDE,20260903,7,2250018876,KDE|S2|main|4|W04_C6|20260903|7,networks/S2/KDE/f4_W04_C6_s20260903_d07.csv
S2,4,W04_C6,KDE,7,0,2669441117,KDE|S2|main|4|W04_C6|7|0,networks/S2/KDE/f4_W04_C6_s7_d00.csv
S2,4,W04_C6,KDE,7,1,3894100171,KDE|S2|main|4|W04_C6|7|1,networks/S2/KDE/f4_W04_C6_s7_d01.csv
S2,4,W04_C6,KDE,7,2,1897009521,KDE|S2|main|4|W04_C6|7|2,networks/S2/KDE/f4_W04_C6_s7_d02.csv
S2,4,W04_C6,KDE,7,3,102048231,KDE|S2|main|4|W04_C6|7|3,networks/S2/KDE/f4_W04_C6_s7_d03.csv
S2,4,W04_C6,KDE,7,4,2557588548,KDE|S2|main|4|W04_C6|7|4,networks/S2/KDE/f4_W04_C6_s7_d04.csv
S2,4,W04_C6,KDE,7,5,4017521874,KDE|S2|main|4|W04_C6|7|5,networks/S2/KDE/f4_W04_C6_s7_d05.csv
S2,4,W04_C6,KDE,7,6,1988089192,KDE|S2|main|4|W04_C6|7|6,networks/S2/KDE/f4_W04_C6_s7_d06.csv
S2,4,W04_C6,KDE,7,7,24700414,KDE|S2|main|4|W04_C6|7|7,networks/S2/KDE/f4_W04_C6_s7_d07.csv
S2,4,W04_C7,EVAE,1337,0,1332833018,EVAE|S2|geobg|4|W04_C7|1337|0,networks/S2/EVAE/f4_W04_C7_s1337_d00.csv
S2,4,W04_C7,EVAE,1337,1,947280492,EVAE|S2|geobg|4|W04_C7|1337|1,networks/S2/EVAE/f4_W04_C7_s1337_d01.csv
S2,4,W04_C7,EVAE,1337,2,2709457878,EVAE|S2|geobg|4|W04_C7|1337|2,networks/S2/EVAE/f4_W04_C7_s1337_d02.csv
S2,4,W04_C7,EVAE,1337,3,3598203712,EVAE|S2|geobg|4|W04_C7|1337|3,networks/S2/EVAE/f4_W04_C7_s1337_d03.csv
S2,4,W04_C7,EVAE,1337,4,1209839331,EVAE|S2|geobg|4|W04_C7|1337|4,networks/S2/EVAE/f4_W04_C7_s1337_d04.csv
S2,4,W04_C7,EVAE,1337,5,1058774645,EVAE|S2|geobg|4|W04_C7|1337|5,networks/S2/EVAE/f4_W04_C7_s1337_d05.csv
S2,4,W04_C7,EVAE,1337,6,2786250703,EVAE|S2|geobg|4|W04_C7|1337|6,networks/S2/EVAE/f4_W04_C7_s1337_d06.csv
S2,4,W04_C7,EVAE,1337,7,3507879769,EVAE|S2|geobg|4|W04_C7|1337|7,networks/S2/EVAE/f4_W04_C7_s1337_d07.csv
S2,4,W04_C7,EVAE,20260903,0,3810587179,EVAE|S2|geobg|4|W04_C7|20260903|0,networks/S2/EVAE/f4_W04_C7_s20260903_d00.csv
S2,4,W04_C7,EVAE,20260903,1,2485633725,EVAE|S2|geobg|4|W04_C7|20260903|1,networks/S2/EVAE/f4_W04_C7_s20260903_d01.csv
S2,4,W04_C7,EVAE,20260903,2,221156103,EVAE|S2|geobg|4|W04_C7|20260903|2,networks/S2/EVAE/f4_W04_C7_s20260903_d02.csv
S2,4,W04_C7,EVAE,20260903,3,2049549201,EVAE|S2|geobg|4|W04_C7|20260903|3,networks/S2/EVAE/f4_W04_C7_s20260903_d03.csv
S2,4,W04_C7,EVAE,20260903,4,3830265394,EVAE|S2|geobg|4|W04_C7|20260903|4,networks/S2/EVAE/f4_W04_C7_s20260903_d04.csv
S2,4,W04_C7,EVAE,20260903,5,2471102116,EVAE|S2|geobg|4|W04_C7|20260903|5,networks/S2/EVAE/f4_W04_C7_s20260903_d05.csv
S2,4,W04_C7,EVAE,20260903,6,172185374,EVAE|S2|geobg|4|W04_C7|20260903|6,networks/S2/EVAE/f4_W04_C7_s20260903_d06.csv
S2,4,W04_C7,EVAE,20260903,7,2101634952,EVAE|S2|geobg|4|W04_C7|20260903|7,networks/S2/EVAE/f4_W04_C7_s20260903_d07.csv
S2,4,W04_C7,EVAE,7,0,489324141,EVAE|S2|geobg|4|W04_C7|7|0,networks/S2/EVAE/f4_W04_C7_s7_d00.csv
S2,4,W04_C7,EVAE,7,1,1781354235,EVAE|S2|geobg|4|W04_C7|7|1,networks/S2/EVAE/f4_W04_C7_s7_d01.csv
S2,4,W04_C7,EVAE,7,2,4079230785,EVAE|S2|geobg|4|W04_C7|7|2,networks/S2/EVAE/f4_W04_C7_s7_d02.csv
S2,4,W04_C7,EVAE,7,3,2216898519,EVAE|S2|geobg|4|W04_C7|7|3,networks/S2/EVAE/f4_W04_C7_s7_d03.csv
S2,4,W04_C7,EVAE,7,4,440908404,EVAE|S2|geobg|4|W04_C7|7|4,networks/S2/EVAE/f4_W04_C7_s7_d04.csv
S2,4,W04_C7,EVAE,7,5,1832946402,EVAE|S2|geobg|4|W04_C7|7|5,networks/S2/EVAE/f4_W04_C7_s7_d05.csv
S2,4,W04_C7,EVAE,7,6,4098480984,EVAE|S2|geobg|4|W04_C7|7|6,networks/S2/EVAE/f4_W04_C7_s7_d06.csv
S2,4,W04_C7,EVAE,7,7,2202987470,EVAE|S2|geobg|4|W04_C7|7|7,networks/S2/EVAE/f4_W04_C7_s7_d07.csv
S2,4,W04_C7,ADFNE,1337,0,345322606,ADFNE|S2|main|4|W04_C7|1337|0,networks/S2/ADFNE/f4_W04_C7_s1337_d00.csv
S2,4,W04_C7,ADFNE,1337,1,1670513912,ADFNE|S2|main|4|W04_C7|1337|1,networks/S2/ADFNE/f4_W04_C7_s1337_d01.csv
S2,4,W04_C7,ADFNE,1337,2,4204483906,ADFNE|S2|main|4|W04_C7|1337|2,networks/S2/ADFNE/f4_W04_C7_s1337_d02.csv
S2,4,W04_C7,ADFNE,1337,3,2375837140,ADFNE|S2|main|4|W04_C7|1337|3,networks/S2/ADFNE/f4_W04_C7_s1337_d03.csv
S2,4,W04_C7,ADFNE,1337,4,335081591,ADFNE|S2|main|4|W04_C7|1337|4,networks/S2/ADFNE/f4_W04_C7_s1337_d04.csv
S2,4,W04_C7,ADFNE,1337,5,1694482657,ADFNE|S2|main|4|W04_C7|1337|5,networks/S2/ADFNE/f4_W04_C7_s1337_d05.csv
S2,4,W04_C7,ADFNE,1337,6,4260794715,ADFNE|S2|main|4|W04_C7|1337|6,networks/S2/ADFNE/f4_W04_C7_s1337_d06.csv
S2,4,W04_C7,ADFNE,1337,7,2331091405,ADFNE|S2|main|4|W04_C7|1337|7,networks/S2/ADFNE/f4_W04_C7_s1337_d07.csv
S2,4,W04_C7,ADFNE,20260903,0,1904949750,ADFNE|S2|main|4|W04_C7|20260903|0,networks/S2/ADFNE/f4_W04_C7_s20260903_d00.csv
S2,4,W04_C7,ADFNE,20260903,1,109840736,ADFNE|S2|main|4|W04_C7|20260903|1,networks/S2/ADFNE/f4_W04_C7_s20260903_d01.csv
S2,4,W04_C7,ADFNE,20260903,2,2676316378,ADFNE|S2|main|4|W04_C7|20260903|2,networks/S2/ADFNE/f4_W04_C7_s20260903_d02.csv
S2,4,W04_C7,ADFNE,20260903,3,3900860492,ADFNE|S2|main|4|W04_C7|20260903|3,networks/S2/ADFNE/f4_W04_C7_s20260903_d03.csv
S2,4,W04_C7,ADFNE,20260903,4,1994849775,ADFNE|S2|main|4|W04_C7|20260903|4,networks/S2/ADFNE/f4_W04_C7_s20260903_d04.csv
S2,4,W04_C7,ADFNE,20260903,5,31575417,ADFNE|S2|main|4|W04_C7|20260903|5,networks/S2/ADFNE/f4_W04_C7_s20260903_d05.csv
S2,4,W04_C7,ADFNE,20260903,6,2565381315,ADFNE|S2|main|4|W04_C7|20260903|6,networks/S2/ADFNE/f4_W04_C7_s20260903_d06.csv
S2,4,W04_C7,ADFNE,20260903,7,4025461845,ADFNE|S2|main|4|W04_C7|20260903|7,networks/S2/ADFNE/f4_W04_C7_s20260903_d07.csv
S2,4,W04_C7,ADFNE,7,0,436693568,ADFNE|S2|main|4|W04_C7|7|0,networks/S2/ADFNE/f4_W04_C7_s7_d00.csv
S2,4,W04_C7,ADFNE,7,1,1828739798,ADFNE|S2|main|4|W04_C7|7|1,networks/S2/ADFNE/f4_W04_C7_s7_d01.csv
S2,4,W04_C7,ADFNE,7,2,4094233452,ADFNE|S2|main|4|W04_C7|7|2,networks/S2/ADFNE/f4_W04_C7_s7_d02.csv
S2,4,W04_C7,ADFNE,7,3,2198748154,ADFNE|S2|main|4|W04_C7|7|3,networks/S2/ADFNE/f4_W04_C7_s7_d03.csv
S2,4,W04_C7,ADFNE,7,4,493530713,ADFNE|S2|main|4|W04_C7|7|4,networks/S2/ADFNE/f4_W04_C7_s7_d04.csv
S2,4,W04_C7,ADFNE,7,5,1785568975,ADFNE|S2|main|4|W04_C7|7|5,networks/S2/ADFNE/f4_W04_C7_s7_d05.csv
S2,4,W04_C7,ADFNE,7,6,4083470197,ADFNE|S2|main|4|W04_C7|7|6,networks/S2/ADFNE/f4_W04_C7_s7_d06.csv
S2,4,W04_C7,ADFNE,7,7,2221146083,ADFNE|S2|main|4|W04_C7|7|7,networks/S2/ADFNE/f4_W04_C7_s7_d07.csv
S2,4,W04_C7,KDE,1337,0,4136187745,KDE|S2|main|4|W04_C7|1337|0,networks/S2/KDE/f4_W04_C7_s1337_d00.csv
S2,4,W04_C7,KDE,1337,1,2173569015,KDE|S2|main|4|W04_C7|1337|1,networks/S2/KDE/f4_W04_C7_s1337_d01.csv
S2,4,W04_C7,KDE,1337,2,411522637,KDE|S2|main|4|W04_C7|1337|2,networks/S2/KDE/f4_W04_C7_s1337_d02.csv
S2,4,W04_C7,KDE,1337,3,1870685915,KDE|S2|main|4|W04_C7|1337|3,networks/S2/KDE/f4_W04_C7_s1337_d03.csv
S2,4,W04_C7,KDE,1337,4,4058313592,KDE|S2|main|4|W04_C7|1337|4,networks/S2/KDE/f4_W04_C7_s1337_d04.csv
S2,4,W04_C7,KDE,1337,5,2263073774,KDE|S2|main|4|W04_C7|1337|5,networks/S2/KDE/f4_W04_C7_s1337_d05.csv
S2,4,W04_C7,KDE,1337,6,535466580,KDE|S2|main|4|W04_C7|1337|6,networks/S2/KDE/f4_W04_C7_s1337_d06.csv
S2,4,W04_C7,KDE,1337,7,1760404162,KDE|S2|main|4|W04_C7|1337|7,networks/S2/KDE/f4_W04_C7_s1337_d07.csv
S2,4,W04_C7,KDE,20260903,0,2212317680,KDE|S2|main|4|W04_C7|20260903|0,networks/S2/KDE/f4_W04_C7_s20260903_d00.csv
S2,4,W04_C7,KDE,20260903,1,4107958630,KDE|S2|main|4|W04_C7|20260903|1,networks/S2/KDE/f4_W04_C7_s20260903_d01.csv
S2,4,W04_C7,KDE,20260903,2,1842555100,KDE|S2|main|4|W04_C7|20260903|2,networks/S2/KDE/f4_W04_C7_s20260903_d02.csv
S2,4,W04_C7,KDE,20260903,3,450107466,KDE|S2|main|4|W04_C7|20260903|3,networks/S2/KDE/f4_W04_C7_s20260903_d03.csv
S2,4,W04_C7,KDE,20260903,4,2226163177,KDE|S2|main|4|W04_C7|20260903|4,networks/S2/KDE/f4_W04_C7_s20260903_d04.csv
S2,4,W04_C7,KDE,20260903,5,4088905087,KDE|S2|main|4|W04_C7|20260903|5,networks/S2/KDE/f4_W04_C7_s20260903_d05.csv
S2,4,W04_C7,KDE,20260903,6,1790897349,KDE|S2|main|4|W04_C7|20260903|6,networks/S2/KDE/f4_W04_C7_s20260903_d06.csv
S2,4,W04_C7,KDE,20260903,7,498719827,KDE|S2|main|4|W04_C7|20260903|7,networks/S2/KDE/f4_W04_C7_s20260903_d07.csv
S2,4,W04_C7,KDE,7,0,2726058477,KDE|S2|main|4|W04_C7|7|0,networks/S2/KDE/f4_W04_C7_s7_d00.csv
S2,4,W04_C7,KDE,7,1,3581634939,KDE|S2|main|4|W04_C7|7|1,networks/S2/KDE/f4_W04_C7_s7_d01.csv
S2,4,W04_C7,KDE,7,2,1282554049,KDE|S2|main|4|W04_C7|7|2,networks/S2/KDE/f4_W04_C7_s7_d02.csv
S2,4,W04_C7,KDE,7,3,997525591,KDE|S2|main|4|W04_C7|7|3,networks/S2/KDE/f4_W04_C7_s7_d03.csv
S2,4,W04_C7,KDE,7,4,2769395188,KDE|S2|main|4|W04_C7|7|4,networks/S2/KDE/f4_W04_C7_s7_d04.csv
S2,4,W04_C7,KDE,7,5,3524701538,KDE|S2|main|4|W04_C7|7|5,networks/S2/KDE/f4_W04_C7_s7_d05.csv
S2,4,W04_C7,KDE,7,6,1260387544,KDE|S2|main|4|W04_C7|7|6,networks/S2/KDE/f4_W04_C7_s7_d06.csv
S2,4,W04_C7,KDE,7,7,1008258126,KDE|S2|main|4|W04_C7|7|7,networks/S2/KDE/f4_W04_C7_s7_d07.csv
S2,4,W04_C8,EVAE,1337,0,2521921622,EVAE|S2|geobg|4|W04_C8|1337|0,networks/S2/EVAE/f4_W04_C8_s1337_d00.csv
S2,4,W04_C8,EVAE,1337,1,3780528320,EVAE|S2|geobg|4|W04_C8|1337|1,networks/S2/EVAE/f4_W04_C8_s1337_d01.csv
S2,4,W04_C8,EVAE,1337,2,2019498362,EVAE|S2|geobg|4|W04_C8|1337|2,networks/S2/EVAE/f4_W04_C8_s1337_d02.csv
S2,4,W04_C8,EVAE,1337,3,257436140,EVAE|S2|geobg|4|W04_C8|1337|3,networks/S2/EVAE/f4_W04_C8_s1337_d03.csv
S2,4,W04_C8,EVAE,1337,4,2436676687,EVAE|S2|geobg|4|W04_C8|1337|4,networks/S2/EVAE/f4_W04_C8_s1337_d04.csv
S2,4,W04_C8,EVAE,1337,5,3862662361,EVAE|S2|geobg|4|W04_C8|1337|5,networks/S2/EVAE/f4_W04_C8_s1337_d05.csv
S2,4,W04_C8,EVAE,1337,6,2134039907,EVAE|S2|geobg|4|W04_C8|1337|6,networks/S2/EVAE/f4_W04_C8_s1337_d06.csv
S2,4,W04_C8,EVAE,1337,7,137752053,EVAE|S2|geobg|4|W04_C8|1337|7,networks/S2/EVAE/f4_W04_C8_s1337_d07.csv
S2,4,W04_C8,EVAE,20260903,0,2444520794,EVAE|S2|geobg|4|W04_C8|20260903|0,networks/S2/EVAE/f4_W04_C8_s20260903_d00.csv
S2,4,W04_C8,EVAE,20260903,1,3870514636,EVAE|S2|geobg|4|W04_C8|20260903|1,networks/S2/EVAE/f4_W04_C8_s20260903_d01.csv
S2,4,W04_C8,EVAE,20260903,2,2142899318,EVAE|S2|geobg|4|W04_C8|20260903|2,networks/S2/EVAE/f4_W04_C8_s20260903_d02.csv
S2,4,W04_C8,EVAE,20260903,3,146619616,EVAE|S2|geobg|4|W04_C8|20260903|3,networks/S2/EVAE/f4_W04_C8_s20260903_d03.csv
S2,4,W04_C8,EVAE,20260903,4,2530847043,EVAE|S2|geobg|4|W04_C8|20260903|4,networks/S2/EVAE/f4_W04_C8_s20260903_d04.csv
S2,4,W04_C8,EVAE,20260903,5,3789461973,EVAE|S2|geobg|4|W04_C8|20260903|5,networks/S2/EVAE/f4_W04_C8_s20260903_d05.csv
S2,4,W04_C8,EVAE,20260903,6,2027407471,EVAE|S2|geobg|4|W04_C8|20260903|6,networks/S2/EVAE/f4_W04_C8_s20260903_d06.csv
S2,4,W04_C8,EVAE,20260903,7,265353465,EVAE|S2|geobg|4|W04_C8|20260903|7,networks/S2/EVAE/f4_W04_C8_s20260903_d07.csv
S2,4,W04_C8,EVAE,7,0,2675632572,EVAE|S2|geobg|4|W04_C8|7|0,networks/S2/EVAE/f4_W04_C8_s7_d00.csv
S2,4,W04_C8,EVAE,7,1,3900561706,EVAE|S2|geobg|4|W04_C8|7|1,networks/S2/EVAE/f4_W04_C8_s7_d01.csv
S2,4,W04_C8,EVAE,7,2,1903462544,EVAE|S2|geobg|4|W04_C8|7|2,networks/S2/EVAE/f4_W04_C8_s7_d02.csv
S2,4,W04_C8,EVAE,7,3,108247046,EVAE|S2|geobg|4|W04_C8|7|3,networks/S2/EVAE/f4_W04_C8_s7_d03.csv
S2,4,W04_C8,EVAE,7,4,2551655845,EVAE|S2|geobg|4|W04_C8|7|4,networks/S2/EVAE/f4_W04_C8_s7_d04.csv
S2,4,W04_C8,EVAE,7,5,4010810675,EVAE|S2|geobg|4|W04_C8|7|5,networks/S2/EVAE/f4_W04_C8_s7_d05.csv
S2,4,W04_C8,EVAE,7,6,1981369481,EVAE|S2|geobg|4|W04_C8|7|6,networks/S2/EVAE/f4_W04_C8_s7_d06.csv
S2,4,W04_C8,EVAE,7,7,18775071,EVAE|S2|geobg|4|W04_C8|7|7,networks/S2/EVAE/f4_W04_C8_s7_d07.csv
S2,4,W04_C8,ADFNE,1337,0,3451201218,ADFNE|S2|main|4|W04_C8|1337|0,networks/S2/ADFNE/f4_W04_C8_s1337_d00.csv
S2,4,W04_C8,ADFNE,1337,1,3132233300,ADFNE|S2|main|4|W04_C8|1337|1,networks/S2/ADFNE/f4_W04_C8_s1337_d01.csv
S2,4,W04_C8,ADFNE,1337,2,599476206,ADFNE|S2|main|4|W04_C8|1337|2,networks/S2/ADFNE/f4_W04_C8_s1337_d02.csv
S2,4,W04_C8,ADFNE,1337,3,1421637496,ADFNE|S2|main|4|W04_C8|1337|3,networks/S2/ADFNE/f4_W04_C8_s1337_d03.csv
S2,4,W04_C8,ADFNE,1337,4,3403211483,ADFNE|S2|main|4|W04_C8|1337|4,networks/S2/ADFNE/f4_W04_C8_s1337_d04.csv
S2,4,W04_C8,ADFNE,1337,5,3185562189,ADFNE|S2|main|4|W04_C8|1337|5,networks/S2/ADFNE/f4_W04_C8_s1337_d05.csv
S2,4,W04_C8,ADFNE,1337,6,618038263,ADFNE|S2|main|4|W04_C8|1337|6,networks/S2/ADFNE/f4_W04_C8_s1337_d06.csv
S2,4,W04_C8,ADFNE,1337,7,1406251873,ADFNE|S2|main|4|W04_C8|1337|7,networks/S2/ADFNE/f4_W04_C8_s1337_d07.csv
S2,4,W04_C8,ADFNE,20260903,0,52405895,ADFNE|S2|main|4|W04_C8|20260903|0,networks/S2/ADFNE/f4_W04_C8_s20260903_d00.csv
S2,4,W04_C8,ADFNE,20260903,1,1947768337,ADFNE|S2|main|4|W04_C8|20260903|1,networks/S2/ADFNE/f4_W04_C8_s20260903_d01.csv
S2,4,W04_C8,ADFNE,20260903,2,3977365419,ADFNE|S2|main|4|W04_C8|20260903|2,networks/S2/ADFNE/f4_W04_C8_s20260903_d02.csv
S2,4,W04_C8,ADFNE,20260903,3,2585196349,ADFNE|S2|main|4|W04_C8|20260903|3,networks/S2/ADFNE/f4_W04_C8_s20260903_d03.csv
S2,4,W04_C8,ADFNE,20260903,4,74605214,ADFNE|S2|main|4|W04_C8|20260903|4,networks/S2/ADFNE/f4_W04_C8_s20260903_d04.csv
S2,4,W04_C8,ADFNE,20260903,5,1937068552,ADFNE|S2|main|4|W04_C8|20260903|5,networks/S2/ADFNE/f4_W04_C8_s20260903_d05.csv
S2,4,W04_C8,ADFNE,20260903,6,3933995954,ADFNE|S2|main|4|W04_C8|20260903|6,networks/S2/ADFNE/f4_W04_C8_s20260903_d06.csv
S2,4,W04_C8,ADFNE,20260903,7,2642096932,ADFNE|S2|main|4|W04_C8|20260903|7,networks/S2/ADFNE/f4_W04_C8_s20260903_d07.csv
S2,4,W04_C8,ADFNE,7,0,2555903377,ADFNE|S2|main|4|W04_C8|7|0,networks/S2/ADFNE/f4_W04_C8_s7_d00.csv
S2,4,W04_C8,ADFNE,7,1,4015049991,ADFNE|S2|main|4|W04_C8|7|1,networks/S2/ADFNE/f4_W04_C8_s7_d01.csv
S2,4,W04_C8,ADFNE,7,2,1985584317,ADFNE|S2|main|4|W04_C8|7|2,networks/S2/ADFNE/f4_W04_C8_s7_d02.csv
S2,4,W04_C8,ADFNE,7,3,22981675,ADFNE|S2|main|4|W04_C8|7|3,networks/S2/ADFNE/f4_W04_C8_s7_d03.csv
S2,4,W04_C8,ADFNE,7,4,2671393160,ADFNE|S2|main|4|W04_C8|7|4,networks/S2/ADFNE/f4_W04_C8_s7_d04.csv
S2,4,W04_C8,ADFNE,7,5,3896314142,ADFNE|S2|main|4|W04_C8|7|5,networks/S2/ADFNE/f4_W04_C8_s7_d05.csv
S2,4,W04_C8,ADFNE,7,6,1899255972,ADFNE|S2|main|4|W04_C8|7|6,networks/S2/ADFNE/f4_W04_C8_s7_d06.csv
S2,4,W04_C8,ADFNE,7,7,104032306,ADFNE|S2|main|4|W04_C8|7|7,networks/S2/ADFNE/f4_W04_C8_s7_d07.csv
S2,4,W04_C8,KDE,1337,0,799614413,KDE|S2|main|4|W04_C8|1337|0,networks/S2/KDE/f4_W04_C8_s1337_d00.csv
S2,4,W04_C8,KDE,1337,1,1487803739,KDE|S2|main|4|W04_C8|1337|1,networks/S2/KDE/f4_W04_C8_s1337_d01.csv
S2,4,W04_C8,KDE,1337,2,3248964833,KDE|S2|main|4|W04_C8|1337|2,networks/S2/KDE/f4_W04_C8_s1337_d02.csv
S2,4,W04_C8,KDE,1337,3,3063968887,KDE|S2|main|4|W04_C8|1337|3,networks/S2/KDE/f4_W04_C8_s1337_d03.csv
S2,4,W04_C8,KDE,1337,4,683991508,KDE|S2|main|4|W04_C8|1337|4,networks/S2/KDE/f4_W04_C8_s1337_d04.csv
S2,4,W04_C8,KDE,1337,5,1606668610,KDE|S2|main|4|W04_C8|1337|5,networks/S2/KDE/f4_W04_C8_s1337_d05.csv
S2,4,W04_C8,KDE,1337,6,3335160056,KDE|S2|main|4|W04_C8|1337|6,networks/S2/KDE/f4_W04_C8_s1337_d06.csv
S2,4,W04_C8,KDE,1337,7,2983047278,KDE|S2|main|4|W04_C8|1337|7,networks/S2/KDE/f4_W04_C8_s1337_d07.csv
S2,4,W04_C8,KDE,20260903,0,4048148097,KDE|S2|main|4|W04_C8|20260903|0,networks/S2/KDE/f4_W04_C8_s20260903_d00.csv
S2,4,W04_C8,KDE,20260903,1,2253317655,KDE|S2|main|4|W04_C8|20260903|1,networks/S2/KDE/f4_W04_C8_s20260903_d01.csv
S2,4,W04_C8,KDE,20260903,2,524793773,KDE|S2|main|4|W04_C8|20260903|2,networks/S2/KDE/f4_W04_C8_s20260903_d02.csv
S2,4,W04_C8,KDE,20260903,3,1749059387,KDE|S2|main|4|W04_C8|20260903|3,networks/S2/KDE/f4_W04_C8_s20260903_d03.csv
S2,4,W04_C8,KDE,20260903,4,4129559192,KDE|S2|main|4|W04_C8|20260903|4,networks/S2/KDE/f4_W04_C8_s20260903_d04.csv
S2,4,W04_C8,KDE,20260903,5,2166563342,KDE|S2|main|4|W04_C8|20260903|5,networks/S2/KDE/f4_W04_C8_s20260903_d05.csv
S2,4,W04_C8,KDE,20260903,6,405435316,KDE|S2|main|4|W04_C8|20260903|6,networks/S2/KDE/f4_W04_C8_s20260903_d06.csv
S2,4,W04_C8,KDE,20260903,7,1865237282,KDE|S2|main|4|W04_C8|20260903|7,networks/S2/KDE/f4_W04_C8_s20260903_d07.csv
S2,4,W04_C8,KDE,7,0,539807292,KDE|S2|main|4|W04_C8|7|0,networks/S2/KDE/f4_W04_C8_s7_d00.csv
S2,4,W04_C8,KDE,7,1,1462501034,KDE|S2|main|4|W04_C8|7|1,networks/S2/KDE/f4_W04_C8_s7_d01.csv
S2,4,W04_C8,KDE,7,2,3458379536,KDE|S2|main|4|W04_C8|7|2,networks/S2/KDE/f4_W04_C8_s7_d02.csv
S2,4,W04_C8,KDE,7,3,3106250630,KDE|S2|main|4|W04_C8|7|3,networks/S2/KDE/f4_W04_C8_s7_d03.csv
S2,4,W04_C8,KDE,7,4,658573861,KDE|S2|main|4|W04_C8|7|4,networks/S2/KDE/f4_W04_C8_s7_d04.csv
S2,4,W04_C8,KDE,7,5,1346779827,KDE|S2|main|4|W04_C8|7|5,networks/S2/KDE/f4_W04_C8_s7_d05.csv
S2,4,W04_C8,KDE,7,6,3377425161,KDE|S2|main|4|W04_C8|7|6,networks/S2/KDE/f4_W04_C8_s7_d06.csv
S2,4,W04_C8,KDE,7,7,3192413087,KDE|S2|main|4|W04_C8|7|7,networks/S2/KDE/f4_W04_C8_s7_d07.csv
S2,5,W05_C1,EVAE,1337,0,4050347861,EVAE|S2|geobg|5|W05_C1|1337|0,networks/S2/EVAE/f5_W05_C1_s1337_d00.csv
S2,5,W05_C1,EVAE,1337,1,2255247299,EVAE|S2|geobg|5|W05_C1|1337|1,networks/S2/EVAE/f5_W05_C1_s1337_d01.csv
S2,5,W05_C1,EVAE,1337,2,526714489,EVAE|S2|geobg|5|W05_C1|1337|2,networks/S2/EVAE/f5_W05_C1_s1337_d02.csv
S2,5,W05_C1,EVAE,1337,3,1751267055,EVAE|S2|geobg|5|W05_C1|1337|3,networks/S2/EVAE/f5_W05_C1_s1337_d03.csv
S2,5,W05_C1,EVAE,1337,4,4127630156,EVAE|S2|geobg|5|W05_C1|1337|4,networks/S2/EVAE/f5_W05_C1_s1337_d04.csv
S2,5,W05_C1,EVAE,1337,5,2164364250,EVAE|S2|geobg|5|W05_C1|1337|5,networks/S2/EVAE/f5_W05_C1_s1337_d05.csv
S2,5,W05_C1,EVAE,1337,6,403227232,EVAE|S2|geobg|5|W05_C1|1337|6,networks/S2/EVAE/f5_W05_C1_s1337_d06.csv
S2,5,W05_C1,EVAE,1337,7,1863316214,EVAE|S2|geobg|5|W05_C1|1337|7,networks/S2/EVAE/f5_W05_C1_s1337_d07.csv
S2,5,W05_C1,EVAE,20260903,0,1644432507,EVAE|S2|geobg|5|W05_C1|20260903|0,networks/S2/EVAE/f5_W05_C1_s20260903_d00.csv
S2,5,W05_C1,EVAE,20260903,1,352533741,EVAE|S2|geobg|5|W05_C1|20260903|1,networks/S2/EVAE/f5_W05_C1_s20260903_d01.csv
S2,5,W05_C1,EVAE,20260903,2,2349493591,EVAE|S2|geobg|5|W05_C1|20260903|2,networks/S2/EVAE/f5_W05_C1_s20260903_d02.csv
S2,5,W05_C1,EVAE,20260903,3,4211957185,EVAE|S2|geobg|5|W05_C1|20260903|3,networks/S2/EVAE/f5_W05_C1_s20260903_d03.csv
S2,5,W05_C1,EVAE,20260903,4,1701431394,EVAE|S2|geobg|5|W05_C1|20260903|4,networks/S2/EVAE/f5_W05_C1_s20260903_d04.csv
S2,5,W05_C1,EVAE,20260903,5,309262580,EVAE|S2|geobg|5|W05_C1|20260903|5,networks/S2/EVAE/f5_W05_C1_s20260903_d05.csv
S2,5,W05_C1,EVAE,20260903,6,2338826574,EVAE|S2|geobg|5|W05_C1|20260903|6,networks/S2/EVAE/f5_W05_C1_s20260903_d06.csv
S2,5,W05_C1,EVAE,20260903,7,4234189272,EVAE|S2|geobg|5|W05_C1|20260903|7,networks/S2/EVAE/f5_W05_C1_s20260903_d07.csv
S2,5,W05_C1,EVAE,7,0,3311781692,EVAE|S2|geobg|5|W05_C1|7|0,networks/S2/EVAE/f5_W05_C1_s7_d00.csv
S2,5,W05_C1,EVAE,7,1,2992830378,EVAE|S2|geobg|5|W05_C1|7|1,networks/S2/EVAE/f5_W05_C1_s7_d01.csv
S2,5,W05_C1,EVAE,7,2,728475152,EVAE|S2|geobg|5|W05_C1|7|2,networks/S2/EVAE/f5_W05_C1_s7_d02.csv
S2,5,W05_C1,EVAE,7,3,1550620294,EVAE|S2|geobg|5|W05_C1|7|3,networks/S2/EVAE/f5_W05_C1_s7_d03.csv
S2,5,W05_C1,EVAE,7,4,3255304997,EVAE|S2|geobg|5|W05_C1|7|4,networks/S2/EVAE/f5_W05_C1_s7_d04.csv
S2,5,W05_C1,EVAE,7,5,3037672371,EVAE|S2|geobg|5|W05_C1|7|5,networks/S2/EVAE/f5_W05_C1_s7_d05.csv
S2,5,W05_C1,EVAE,7,6,738615817,EVAE|S2|geobg|5|W05_C1|7|6,networks/S2/EVAE/f5_W05_C1_s7_d06.csv
S2,5,W05_C1,EVAE,7,7,1526813343,EVAE|S2|geobg|5|W05_C1|7|7,networks/S2/EVAE/f5_W05_C1_s7_d07.csv
S2,5,W05_C1,ADFNE,1337,0,2861513153,ADFNE|S2|main|5|W05_C1|1337|0,networks/S2/ADFNE/f5_W05_C1_s1337_d00.csv
S2,5,W05_C1,ADFNE,1337,1,3716680023,ADFNE|S2|main|5|W05_C1|1337|1,networks/S2/ADFNE/f5_W05_C1_s1337_d01.csv
S2,5,W05_C1,ADFNE,1337,2,1149327597,ADFNE|S2|main|5|W05_C1|1337|2,networks/S2/ADFNE/f5_W05_C1_s1337_d02.csv
S2,5,W05_C1,ADFNE,1337,3,864446587,ADFNE|S2|main|5|W05_C1|1337|3,networks/S2/ADFNE/f5_W05_C1_s1337_d03.csv
S2,5,W05_C1,ADFNE,1337,4,2917334488,ADFNE|S2|main|5|W05_C1|1337|4,networks/S2/ADFNE/f5_W05_C1_s1337_d04.csv
S2,5,W05_C1,ADFNE,1337,5,3672493390,ADFNE|S2|main|5|W05_C1|1337|5,networks/S2/ADFNE/f5_W05_C1_s1337_d05.csv
S2,5,W05_C1,ADFNE,1337,6,1139580148,ADFNE|S2|main|5|W05_C1|1337|6,networks/S2/ADFNE/f5_W05_C1_s1337_d06.csv
S2,5,W05_C1,ADFNE,1337,7,887860322,ADFNE|S2|main|5|W05_C1|1337|7,networks/S2/ADFNE/f5_W05_C1_s1337_d07.csv
S2,5,W05_C1,ADFNE,20260903,0,4038051750,ADFNE|S2|main|5|W05_C1|20260903|0,networks/S2/ADFNE/f5_W05_C1_s20260903_d00.csv
S2,5,W05_C1,ADFNE,20260903,1,2275997488,ADFNE|S2|main|5|W05_C1|20260903|1,networks/S2/ADFNE/f5_W05_C1_s20260903_d01.csv
S2,5,W05_C1,ADFNE,20260903,2,513910410,ADFNE|S2|main|5|W05_C1|20260903|2,networks/S2/ADFNE/f5_W05_C1_s20260903_d02.csv
S2,5,W05_C1,ADFNE,20260903,3,1772525084,ADFNE|S2|main|5|W05_C1|20260903|3,networks/S2/ADFNE/f5_W05_C1_s20260903_d03.csv
S2,5,W05_C1,ADFNE,20260903,4,4156687295,ADFNE|S2|main|5|W05_C1|20260903|4,networks/S2/ADFNE/f5_W05_C1_s20260903_d04.csv
S2,5,W05_C1,ADFNE,20260903,5,2160407337,ADFNE|S2|main|5|W05_C1|20260903|5,networks/S2/ADFNE/f5_W05_C1_s20260903_d05.csv
S2,5,W05_C1,ADFNE,20260903,6,432824979,ADFNE|S2|main|5|W05_C1|20260903|6,networks/S2/ADFNE/f5_W05_C1_s20260903_d06.csv
S2,5,W05_C1,ADFNE,20260903,7,1858818565,ADFNE|S2|main|5|W05_C1|20260903|7,networks/S2/ADFNE/f5_W05_C1_s20260903_d07.csv
S2,5,W05_C1,ADFNE,7,0,3259552529,ADFNE|S2|main|5|W05_C1|7|0,networks/S2/ADFNE/f5_W05_C1_s7_d00.csv
S2,5,W05_C1,ADFNE,7,1,3041911687,ADFNE|S2|main|5|W05_C1|7|1,networks/S2/ADFNE/f5_W05_C1_s7_d01.csv
S2,5,W05_C1,ADFNE,7,2,742830653,ADFNE|S2|main|5|W05_C1|7|2,networks/S2/ADFNE/f5_W05_C1_s7_d02.csv
S2,5,W05_C1,ADFNE,7,3,1531019947,ADFNE|S2|main|5|W05_C1|7|3,networks/S2/ADFNE/f5_W05_C1_s7_d03.csv
S2,5,W05_C1,ADFNE,7,4,3307542280,ADFNE|S2|main|5|W05_C1|7|4,networks/S2/ADFNE/f5_W05_C1_s7_d04.csv
S2,5,W05_C1,ADFNE,7,5,2988582814,ADFNE|S2|main|5|W05_C1|7|5,networks/S2/ADFNE/f5_W05_C1_s7_d05.csv
S2,5,W05_C1,ADFNE,7,6,724268580,ADFNE|S2|main|5|W05_C1|7|6,networks/S2/ADFNE/f5_W05_C1_s7_d06.csv
S2,5,W05_C1,ADFNE,7,7,1546405554,ADFNE|S2|main|5|W05_C1|7|7,networks/S2/ADFNE/f5_W05_C1_s7_d07.csv
S2,5,W05_C1,KDE,1337,0,1217608398,KDE|S2|main|5|W05_C1|1337|0,networks/S2/KDE/f5_W05_C1_s1337_d00.csv
S2,5,W05_C1,KDE,1337,1,1066666584,KDE|S2|main|5|W05_C1|1337|1,networks/S2/KDE/f5_W05_C1_s1337_d01.csv
S2,5,W05_C1,KDE,1337,2,2795330530,KDE|S2|main|5|W05_C1|1337|2,networks/S2/KDE/f5_W05_C1_s1337_d02.csv
S2,5,W05_C1,KDE,1337,3,3516558196,KDE|S2|main|5|W05_C1|1337|3,networks/S2/KDE/f5_W05_C1_s1337_d03.csv
S2,5,W05_C1,KDE,1337,4,1342111447,KDE|S2|main|5|W05_C1|1337|4,networks/S2/KDE/f5_W05_C1_s1337_d04.csv
S2,5,W05_C1,KDE,1337,5,955895361,KDE|S2|main|5|W05_C1|1337|5,networks/S2/KDE/f5_W05_C1_s1337_d05.csv
S2,5,W05_C1,KDE,1337,6,2716901371,KDE|S2|main|5|W05_C1|1337|6,networks/S2/KDE/f5_W05_C1_s1337_d06.csv
S2,5,W05_C1,KDE,1337,7,3606556525,KDE|S2|main|5|W05_C1|1337|7,networks/S2/KDE/f5_W05_C1_s1337_d07.csv
S2,5,W05_C1,KDE,20260903,0,49919904,KDE|S2|main|5|W05_C1|20260903|0,networks/S2/KDE/f5_W05_C1_s20260903_d00.csv
S2,5,W05_C1,KDE,20260903,1,1979615030,KDE|S2|main|5|W05_C1|20260903|1,networks/S2/KDE/f5_W05_C1_s20260903_d01.csv
S2,5,W05_C1,KDE,20260903,2,3975665292,KDE|S2|main|5|W05_C1|20260903|2,networks/S2/KDE/f5_W05_C1_s20260903_d02.csv
S2,5,W05_C1,KDE,20260903,3,2616256026,KDE|S2|main|5|W05_C1|20260903|3,networks/S2/KDE/f5_W05_C1_s20260903_d03.csv
S2,5,W05_C1,KDE,20260903,4,93615033,KDE|S2|main|5|W05_C1|20260903|4,networks/S2/KDE/f5_W05_C1_s20260903_d04.csv
S2,5,W05_C1,KDE,20260903,5,1922253615,KDE|S2|main|5|W05_C1|20260903|5,networks/S2/KDE/f5_W05_C1_s20260903_d05.csv
S2,5,W05_C1,KDE,20260903,6,3952743061,KDE|S2|main|5|W05_C1|20260903|6,networks/S2/KDE/f5_W05_C1_s20260903_d06.csv
S2,5,W05_C1,KDE,20260903,7,2627543555,KDE|S2|main|5|W05_C1|20260903|7,networks/S2/KDE/f5_W05_C1_s20260903_d07.csv
S2,5,W05_C1,KDE,7,0,2050220220,KDE|S2|main|5|W05_C1|7|0,networks/S2/KDE/f5_W05_C1_s7_d00.csv
S2,5,W05_C1,KDE,7,1,221564970,KDE|S2|main|5|W05_C1|7|1,networks/S2/KDE/f5_W05_C1_s7_d01.csv
S2,5,W05_C1,KDE,7,2,2487058832,KDE|S2|main|5|W05_C1|7|2,networks/S2/KDE/f5_W05_C1_s7_d02.csv
S2,5,W05_C1,KDE,7,3,3812274438,KDE|S2|main|5|W05_C1|7|3,networks/S2/KDE/f5_W05_C1_s7_d03.csv
S2,5,W05_C1,KDE,7,4,2103321765,KDE|S2|main|5|W05_C1|7|4,networks/S2/KDE/f5_W05_C1_s7_d04.csv
S2,5,W05_C1,KDE,7,5,173610035,KDE|S2|main|5|W05_C1|7|5,networks/S2/KDE/f5_W05_C1_s7_d05.csv
S2,5,W05_C1,KDE,7,6,2471511433,KDE|S2|main|5|W05_C1|7|6,networks/S2/KDE/f5_W05_C1_s7_d06.csv
S2,5,W05_C1,KDE,7,7,3830936863,KDE|S2|main|5|W05_C1|7|7,networks/S2/KDE/f5_W05_C1_s7_d07.csv
S2,5,W05_C2,EVAE,1337,0,2145673398,EVAE|S2|geobg|5|W05_C2|1337|0,networks/S2/EVAE/f5_W05_C2_s1337_d00.csv
S2,5,W05_C2,EVAE,1337,1,149114912,EVAE|S2|geobg|5|W05_C2|1337|1,networks/S2/EVAE/f5_W05_C2_s1337_d01.csv
S2,5,W05_C2,EVAE,1337,2,2448032154,EVAE|S2|geobg|5|W05_C2|1337|2,networks/S2/EVAE/f5_W05_C2_s1337_d02.csv
S2,5,W05_C2,EVAE,1337,3,3874304268,EVAE|S2|geobg|5|W05_C2|1337|3,networks/S2/EVAE/f5_W05_C2_s1337_d03.csv
S2,5,W05_C2,EVAE,1337,4,2022286511,EVAE|S2|geobg|5|W05_C2|1337|4,networks/S2/EVAE/f5_W05_C2_s1337_d04.csv
S2,5,W05_C2,EVAE,1337,5,261002297,EVAE|S2|geobg|5|W05_C2|1337|5,networks/S2/EVAE/f5_W05_C2_s1337_d05.csv
S2,5,W05_C2,EVAE,1337,6,2525480323,EVAE|S2|geobg|5|W05_C2|1337|6,networks/S2/EVAE/f5_W05_C2_s1337_d06.csv
S2,5,W05_C2,EVAE,1337,7,3783324949,EVAE|S2|geobg|5|W05_C2|1337|7,networks/S2/EVAE/f5_W05_C2_s1337_d07.csv
S2,5,W05_C2,EVAE,20260903,0,362471051,EVAE|S2|geobg|5|W05_C2|20260903|0,networks/S2/EVAE/f5_W05_C2_s20260903_d00.csv
S2,5,W05_C2,EVAE,20260903,1,1654517277,EVAE|S2|geobg|5|W05_C2|20260903|1,networks/S2/EVAE/f5_W05_C2_s20260903_d01.csv
S2,5,W05_C2,EVAE,20260903,2,4220829607,EVAE|S2|geobg|5|W05_C2|20260903|2,networks/S2/EVAE/f5_W05_C2_s20260903_d02.csv
S2,5,W05_C2,EVAE,20260903,3,2358480689,EVAE|S2|geobg|5|W05_C2|20260903|3,networks/S2/EVAE/f5_W05_C2_s20260903_d03.csv
S2,5,W05_C2,EVAE,20260903,4,318184082,EVAE|S2|geobg|5|W05_C2|20260903|4,networks/S2/EVAE/f5_W05_C2_s20260903_d04.csv
S2,5,W05_C2,EVAE,20260903,5,1710238212,EVAE|S2|geobg|5|W05_C2|20260903|5,networks/S2/EVAE/f5_W05_C2_s20260903_d05.csv
S2,5,W05_C2,EVAE,20260903,6,4244208574,EVAE|S2|geobg|5|W05_C2|20260903|6,networks/S2/EVAE/f5_W05_C2_s20260903_d06.csv
S2,5,W05_C2,EVAE,20260903,7,2348698408,EVAE|S2|geobg|5|W05_C2|20260903|7,networks/S2/EVAE/f5_W05_C2_s20260903_d07.csv
S2,5,W05_C2,EVAE,7,0,2193997292,EVAE|S2|geobg|5|W05_C2|7|0,networks/S2/EVAE/f5_W05_C2_s7_d00.csv
S2,5,W05_C2,EVAE,7,1,4123168122,EVAE|S2|geobg|5|W05_C2|7|1,networks/S2/EVAE/f5_W05_C2_s7_d01.csv
S2,5,W05_C2,EVAE,7,2,1825299648,EVAE|S2|geobg|5|W05_C2|7|2,networks/S2/EVAE/f5_W05_C2_s7_d02.csv
S2,5,W05_C2,EVAE,7,3,466414678,EVAE|S2|geobg|5|W05_C2|7|3,networks/S2/EVAE/f5_W05_C2_s7_d03.csv
S2,5,W05_C2,EVAE,7,4,2242410997,EVAE|S2|geobg|5|W05_C2|7|4,networks/S2/EVAE/f5_W05_C2_s7_d04.csv
S2,5,W05_C2,EVAE,7,5,4071573859,EVAE|S2|geobg|5|W05_C2|7|5,networks/S2/EVAE/f5_W05_C2_s7_d05.csv
S2,5,W05_C2,EVAE,7,6,1806047449,EVAE|S2|geobg|5|W05_C2|7|6,networks/S2/EVAE/f5_W05_C2_s7_d06.csv
S2,5,W05_C2,EVAE,7,7,480323663,EVAE|S2|geobg|5|W05_C2|7|7,networks/S2/EVAE/f5_W05_C2_s7_d07.csv
S2,5,W05_C2,ADFNE,1337,0,603995682,ADFNE|S2|main|5|W05_C2|1337|0,networks/S2/ADFNE/f5_W05_C2_s1337_d00.csv
S2,5,W05_C2,ADFNE,1337,1,1392971444,ADFNE|S2|main|5|W05_C2|1337|1,networks/S2/ADFNE/f5_W05_C2_s1337_d01.csv
S2,5,W05_C2,ADFNE,1337,2,3389939470,ADFNE|S2|main|5|W05_C2|1337|2,networks/S2/ADFNE/f5_W05_C2_s1337_d02.csv
S2,5,W05_C2,ADFNE,1337,3,3171512216,ADFNE|S2|main|5|W05_C2|1337|3,networks/S2/ADFNE/f5_W05_C2_s1337_d03.csv
S2,5,W05_C2,ADFNE,1337,4,594410043,ADFNE|S2|main|5|W05_C2|1337|4,networks/S2/ADFNE/f5_W05_C2_s1337_d04.csv
S2,5,W05_C2,ADFNE,1337,5,1416284845,ADFNE|S2|main|5|W05_C2|1337|5,networks/S2/ADFNE/f5_W05_C2_s1337_d05.csv
S2,5,W05_C2,ADFNE,1337,6,3445857047,ADFNE|S2|main|5|W05_C2|1337|6,networks/S2/ADFNE/f5_W05_C2_s1337_d06.csv
S2,5,W05_C2,ADFNE,1337,7,3127159681,ADFNE|S2|main|5|W05_C2|1337|7,networks/S2/ADFNE/f5_W05_C2_s1337_d07.csv
S2,5,W05_C2,ADFNE,20260903,0,2268140886,ADFNE|S2|main|5|W05_C2|20260903|0,networks/S2/ADFNE/f5_W05_C2_s20260903_d00.csv
S2,5,W05_C2,ADFNE,20260903,1,4030080448,ADFNE|S2|main|5|W05_C2|20260903|1,networks/S2/ADFNE/f5_W05_C2_s20260903_d01.csv
S2,5,W05_C2,ADFNE,20260903,2,1765766266,ADFNE|S2|main|5|W05_C2|20260903|2,networks/S2/ADFNE/f5_W05_C2_s20260903_d02.csv
S2,5,W05_C2,ADFNE,20260903,3,507004140,ADFNE|S2|main|5|W05_C2|20260903|3,networks/S2/ADFNE/f5_W05_C2_s20260903_d03.csv
S2,5,W05_C2,ADFNE,20260903,4,2153566543,ADFNE|S2|main|5|W05_C2|20260903|4,networks/S2/ADFNE/f5_W05_C2_s20260903_d04.csv
S2,5,W05_C2,ADFNE,20260903,5,4149993945,ADFNE|S2|main|5|W05_C2|20260903|5,networks/S2/ADFNE/f5_W05_C2_s20260903_d05.csv
S2,5,W05_C2,ADFNE,20260903,6,1850912867,ADFNE|S2|main|5|W05_C2|20260903|6,networks/S2/ADFNE/f5_W05_C2_s20260903_d06.csv
S2,5,W05_C2,ADFNE,20260903,7,425033973,ADFNE|S2|main|5|W05_C2|20260903|7,networks/S2/ADFNE/f5_W05_C2_s20260903_d07.csv
S2,5,W05_C2,ADFNE,7,0,2246617537,ADFNE|S2|main|5|W05_C2|7|0,networks/S2/ADFNE/f5_W05_C2_s7_d00.csv
S2,5,W05_C2,ADFNE,7,1,4075788631,ADFNE|S2|main|5|W05_C2|7|1,networks/S2/ADFNE/f5_W05_C2_s7_d01.csv
S2,5,W05_C2,ADFNE,7,2,1810286829,ADFNE|S2|main|5|W05_C2|7|2,networks/S2/ADFNE/f5_W05_C2_s7_d02.csv
S2,5,W05_C2,ADFNE,7,3,484571259,ADFNE|S2|main|5|W05_C2|7|3,networks/S2/ADFNE/f5_W05_C2_s7_d03.csv
S2,5,W05_C2,ADFNE,7,4,2189782488,ADFNE|S2|main|5|W05_C2|7|4,networks/S2/ADFNE/f5_W05_C2_s7_d04.csv
S2,5,W05_C2,ADFNE,7,5,4118961486,ADFNE|S2|main|5|W05_C2|7|5,networks/S2/ADFNE/f5_W05_C2_s7_d05.csv
S2,5,W05_C2,ADFNE,7,6,1821052148,ADFNE|S2|main|5|W05_C2|7|6,networks/S2/ADFNE/f5_W05_C2_s7_d06.csv
S2,5,W05_C2,ADFNE,7,7,462175330,ADFNE|S2|main|5|W05_C2|7|7,networks/S2/ADFNE/f5_W05_C2_s7_d07.csv
S2,5,W05_C2,KDE,1337,0,3323739437,KDE|S2|main|5|W05_C2|1337|0,networks/S2/KDE/f5_W05_C2_s1337_d00.csv
S2,5,W05_C2,KDE,1337,1,2971340219,KDE|S2|main|5|W05_C2|1337|1,networks/S2/KDE/f5_W05_C2_s1337_d01.csv
S2,5,W05_C2,KDE,1337,2,672291841,KDE|S2|main|5|W05_C2|1337|2,networks/S2/KDE/f5_W05_C2_s1337_d02.csv
S2,5,W05_C2,KDE,1337,3,1595239575,KDE|S2|main|5|W05_C2|1337|3,networks/S2/KDE/f5_W05_C2_s1337_d03.csv
S2,5,W05_C2,KDE,1337,4,3245472052,KDE|S2|main|5|W05_C2|1337|4,networks/S2/KDE/f5_W05_C2_s1337_d04.csv
S2,5,W05_C2,KDE,1337,5,3061238178,KDE|S2|main|5|W05_C2|1337|5,networks/S2/KDE/f5_W05_C2_s1337_d05.csv
S2,5,W05_C2,KDE,1337,6,796891160,KDE|S2|main|5|W05_C2|1337|6,networks/S2/KDE/f5_W05_C2_s1337_d06.csv
S2,5,W05_C2,KDE,1337,7,1484302478,KDE|S2|main|5|W05_C2|1337|7,networks/S2/KDE/f5_W05_C2_s1337_d07.csv
S2,5,W05_C2,KDE,20260903,0,1969710416,KDE|S2|main|5|W05_C2|20260903|0,networks/S2/KDE/f5_W05_C2_s20260903_d00.csv
S2,5,W05_C2,KDE,20260903,1,39867846,KDE|S2|main|5|W05_C2|20260903|1,networks/S2/KDE/f5_W05_C2_s20260903_d01.csv
S2,5,W05_C2,KDE,20260903,2,2607350908,KDE|S2|main|5|W05_C2|20260903|2,networks/S2/KDE/f5_W05_C2_s20260903_d02.csv
S2,5,W05_C2,KDE,20260903,3,3966645482,KDE|S2|main|5|W05_C2|20260903|3,networks/S2/KDE/f5_W05_C2_s20260903_d03.csv
S2,5,W05_C2,KDE,20260903,4,1913299273,KDE|S2|main|5|W05_C2|20260903|4,networks/S2/KDE/f5_W05_C2_s20260903_d04.csv
S2,5,W05_C2,KDE,20260903,5,84775391,KDE|S2|main|5|W05_C2|20260903|5,networks/S2/KDE/f5_W05_C2_s20260903_d05.csv
S2,5,W05_C2,KDE,20260903,6,2617557093,KDE|S2|main|5|W05_C2|20260903|6,networks/S2/KDE/f5_W05_C2_s20260903_d06.csv
S2,5,W05_C2,KDE,20260903,7,3942904051,KDE|S2|main|5|W05_C2|20260903|7,networks/S2/KDE/f5_W05_C2_s20260903_d07.csv
S2,5,W05_C2,KDE,7,0,1033083500,KDE|S2|main|5|W05_C2|7|0,networks/S2/KDE/f5_W05_C2_s7_d00.csv
S2,5,W05_C2,KDE,7,1,1251257082,KDE|S2|main|5|W05_C2|7|1,networks/S2/KDE/f5_W05_C2_s7_d01.csv
S2,5,W05_C2,KDE,7,2,3550346048,KDE|S2|main|5|W05_C2|7|2,networks/S2/KDE/f5_W05_C2_s7_d02.csv
S2,5,W05_C2,KDE,7,3,2761608150,KDE|S2|main|5|W05_C2|7|3,networks/S2/KDE/f5_W05_C2_s7_d03.csv
S2,5,W05_C2,KDE,7,4,989748853,KDE|S2|main|5|W05_C2|7|4,networks/S2/KDE/f5_W05_C2_s7_d04.csv
S2,5,W05_C2,KDE,7,5,1308192483,KDE|S2|main|5|W05_C2|7|5,networks/S2/KDE/f5_W05_C2_s7_d05.csv
S2,5,W05_C2,KDE,7,6,3572514649,KDE|S2|main|5|W05_C2|7|6,networks/S2/KDE/f5_W05_C2_s7_d06.csv
S2,5,W05_C2,KDE,7,7,2750877647,KDE|S2|main|5|W05_C2|7|7,networks/S2/KDE/f5_W05_C2_s7_d07.csv
S2,5,W05_C3,EVAE,1337,0,3008258088,EVAE|S2|geobg|5|W05_C3|1337|0,networks/S2/EVAE/f5_W05_C3_s1337_d00.csv
S2,5,W05_C3,EVAE,1337,1,3293139134,EVAE|S2|geobg|5|W05_C3|1337|1,networks/S2/EVAE/f5_W05_C3_s1337_d01.csv
S2,5,W05_C3,EVAE,1337,2,1564475652,EVAE|S2|geobg|5|W05_C3|1337|2,networks/S2/EVAE/f5_W05_C3_s1337_d02.csv
S2,5,W05_C3,EVAE,1337,3,709308818,EVAE|S2|geobg|5|W05_C3|1337|3,networks/S2/EVAE/f5_W05_C3_s1337_d03.csv
S2,5,W05_C3,EVAE,1337,4,3022234673,EVAE|S2|geobg|5|W05_C3|1337|4,networks/S2/EVAE/f5_W05_C3_s1337_d04.csv
S2,5,W05_C3,EVAE,1337,5,3273954471,EVAE|S2|geobg|5|W05_C3|1337|5,networks/S2/EVAE/f5_W05_C3_s1337_d05.csv
S2,5,W05_C3,EVAE,1337,6,1512949021,EVAE|S2|geobg|5|W05_C3|1337|6,networks/S2/EVAE/f5_W05_C3_s1337_d06.csv
S2,5,W05_C3,EVAE,1337,7,757790091,EVAE|S2|geobg|5|W05_C3|1337|7,networks/S2/EVAE/f5_W05_C3_s1337_d07.csv
S2,5,W05_C3,EVAE,20260903,0,2386531044,EVAE|S2|geobg|5|W05_C3|20260903|0,networks/S2/EVAE/f5_W05_C3_s20260903_d00.csv
S2,5,W05_C3,EVAE,20260903,1,4181238386,EVAE|S2|geobg|5|W05_C3|20260903|1,networks/S2/EVAE/f5_W05_C3_s20260903_d01.csv
S2,5,W05_C3,EVAE,20260903,2,1613886408,EVAE|S2|geobg|5|W05_C3|20260903|2,networks/S2/EVAE/f5_W05_C3_s20260903_d02.csv
S2,5,W05_C3,EVAE,20260903,3,389464926,EVAE|S2|geobg|5|W05_C3|20260903|3,networks/S2/EVAE/f5_W05_C3_s20260903_d03.csv
S2,5,W05_C3,EVAE,20260903,4,2303874813,EVAE|S2|geobg|5|W05_C3|20260903|4,networks/S2/EVAE/f5_W05_C3_s20260903_d04.csv
S2,5,W05_C3,EVAE,20260903,5,4267009643,EVAE|S2|geobg|5|W05_C3|20260903|5,networks/S2/EVAE/f5_W05_C3_s20260903_d05.csv
S2,5,W05_C3,EVAE,20260903,6,1734096849,EVAE|S2|geobg|5|W05_C3|20260903|6,networks/S2/EVAE/f5_W05_C3_s20260903_d06.csv
S2,5,W05_C3,EVAE,20260903,7,274401095,EVAE|S2|geobg|5|W05_C3|20260903|7,networks/S2/EVAE/f5_W05_C3_s20260903_d07.csv
S2,5,W05_C3,EVAE,7,0,3215299676,EVAE|S2|geobg|5|W05_C3|7|0,networks/S2/EVAE/f5_W05_C3_s7_d00.csv
S2,5,W05_C3,EVAE,7,1,3366102218,EVAE|S2|geobg|5|W05_C3|7|1,networks/S2/EVAE/f5_W05_C3_s7_d01.csv
S2,5,W05_C3,EVAE,7,2,1370223984,EVAE|S2|geobg|5|W05_C3|7|2,networks/S2/EVAE/f5_W05_C3_s7_d02.csv
S2,5,W05_C3,EVAE,7,3,648857062,EVAE|S2|geobg|5|W05_C3|7|3,networks/S2/EVAE/f5_W05_C3_s7_d03.csv
S2,5,W05_C3,EVAE,7,4,3100135493,EVAE|S2|geobg|5|W05_C3|7|4,networks/S2/EVAE/f5_W05_C3_s7_d04.csv
S2,5,W05_C3,EVAE,7,5,3486474451,EVAE|S2|geobg|5|W05_C3|7|5,networks/S2/EVAE/f5_W05_C3_s7_d05.csv
S2,5,W05_C3,EVAE,7,6,1455829353,EVAE|S2|geobg|5|W05_C3|7|6,networks/S2/EVAE/f5_W05_C3_s7_d06.csv
S2,5,W05_C3,EVAE,7,7,566297087,EVAE|S2|geobg|5|W05_C3|7|7,networks/S2/EVAE/f5_W05_C3_s7_d07.csv
S2,5,W05_C3,ADFNE,1337,0,3903471292,ADFNE|S2|main|5|W05_C3|1337|0,networks/S2/ADFNE/f5_W05_C3_s1337_d00.csv
S2,5,W05_C3,ADFNE,1337,1,2678918698,ADFNE|S2|main|5|W05_C3|1337|1,networks/S2/ADFNE/f5_W05_C3_s1337_d01.csv
S2,5,W05_C3,ADFNE,1337,2,111435664,ADFNE|S2|main|5|W05_C3|1337|2,networks/S2/ADFNE/f5_W05_C3_s1337_d02.csv
S2,5,W05_C3,ADFNE,1337,3,1906536198,ADFNE|S2|main|5|W05_C3|1337|3,networks/S2/ADFNE/f5_W05_C3_s1337_d03.csv
S2,5,W05_C3,ADFNE,1337,4,4022860453,ADFNE|S2|main|5|W05_C3|1337|4,networks/S2/ADFNE/f5_W05_C3_s1337_d04.csv
S2,5,W05_C3,ADFNE,1337,5,2562771507,ADFNE|S2|main|5|W05_C3|1337|5,networks/S2/ADFNE/f5_W05_C3_s1337_d05.csv
S2,5,W05_C3,ADFNE,1337,6,29989769,ADFNE|S2|main|5|W05_C3|1337|6,networks/S2/ADFNE/f5_W05_C3_s1337_d06.csv
S2,5,W05_C3,ADFNE,1337,7,1993255711,ADFNE|S2|main|5|W05_C3|1337|7,networks/S2/ADFNE/f5_W05_C3_s1337_d07.csv
S2,5,W05_C3,ADFNE,20260903,0,479484217,ADFNE|S2|main|5|W05_C3|20260903|0,networks/S2/ADFNE/f5_W05_C3_s20260903_d00.csv
S2,5,W05_C3,ADFNE,20260903,1,1804822959,ADFNE|S2|main|5|W05_C3|20260903|1,networks/S2/ADFNE/f5_W05_C3_s20260903_d01.csv
S2,5,W05_C3,ADFNE,20260903,2,4070193173,ADFNE|S2|main|5|W05_C3|20260903|2,networks/S2/ADFNE/f5_W05_C3_s20260903_d02.csv
S2,5,W05_C3,ADFNE,20260903,3,2241661059,ADFNE|S2|main|5|W05_C3|20260903|3,networks/S2/ADFNE/f5_W05_C3_s20260903_d03.csv
S2,5,W05_C3,ADFNE,20260903,4,469343520,ADFNE|S2|main|5|W05_C3|20260903|4,networks/S2/ADFNE/f5_W05_C3_s20260903_d04.csv
S2,5,W05_C3,ADFNE,20260903,5,1828629942,ADFNE|S2|main|5|W05_C3|20260903|5,networks/S2/ADFNE/f5_W05_C3_s20260903_d05.csv
S2,5,W05_C3,ADFNE,20260903,6,4126669836,ADFNE|S2|main|5|W05_C3|20260903|6,networks/S2/ADFNE/f5_W05_C3_s20260903_d06.csv
S2,5,W05_C3,ADFNE,20260903,7,2196819098,ADFNE|S2|main|5|W05_C3|20260903|7,networks/S2/ADFNE/f5_W05_C3_s20260903_d07.csv
S2,5,W05_C3,ADFNE,7,0,3095953521,ADFNE|S2|main|5|W05_C3|7|0,networks/S2/ADFNE/f5_W05_C3_s7_d00.csv
S2,5,W05_C3,ADFNE,7,1,3482300647,ADFNE|S2|main|5|W05_C3|7|1,networks/S2/ADFNE/f5_W05_C3_s7_d01.csv
S2,5,W05_C3,ADFNE,7,2,1451680093,ADFNE|S2|main|5|W05_C3|7|2,networks/S2/ADFNE/f5_W05_C3_s7_d02.csv
S2,5,W05_C3,ADFNE,7,3,562155979,ADFNE|S2|main|5|W05_C3|7|3,networks/S2/ADFNE/f5_W05_C3_s7_d03.csv
S2,5,W05_C3,ADFNE,7,4,3219473512,ADFNE|S2|main|5|W05_C3|7|4,networks/S2/ADFNE/f5_W05_C3_s7_d04.csv
S2,5,W05_C3,ADFNE,7,5,3370284286,ADFNE|S2|main|5|W05_C3|7|5,networks/S2/ADFNE/f5_W05_C3_s7_d05.csv
S2,5,W05_C3,ADFNE,7,6,1374364996,ADFNE|S2|main|5|W05_C3|7|6,networks/S2/ADFNE/f5_W05_C3_s7_d06.csv
S2,5,W05_C3,ADFNE,7,7,653006290,ADFNE|S2|main|5|W05_C3|7|7,networks/S2/ADFNE/f5_W05_C3_s7_d07.csv
S2,5,W05_C3,KDE,1337,0,179715507,KDE|S2|main|5|W05_C3|1337|0,networks/S2/KDE/f5_W05_C3_s1337_d00.csv
S2,5,W05_C3,KDE,1337,1,2108755237,KDE|S2|main|5|W05_C3|1337|1,networks/S2/KDE/f5_W05_C3_s1337_d01.csv
S2,5,W05_C3,KDE,1337,2,3837287583,KDE|S2|main|5|W05_C3|1337|2,networks/S2/KDE/f5_W05_C3_s1337_d02.csv
S2,5,W05_C3,KDE,1337,3,2478795785,KDE|S2|main|5|W05_C3|1337|3,networks/S2/KDE/f5_W05_C3_s1337_d03.csv
S2,5,W05_C3,KDE,1337,4,232520106,KDE|S2|main|5|W05_C3|1337|4,networks/S2/KDE/f5_W05_C3_s1337_d04.csv
S2,5,W05_C3,KDE,1337,5,2061289788,KDE|S2|main|5|W05_C3|1337|5,networks/S2/KDE/f5_W05_C3_s1337_d05.csv
S2,5,W05_C3,KDE,1337,6,3822426246,KDE|S2|main|5|W05_C3|1337|6,networks/S2/KDE/f5_W05_C3_s1337_d06.csv
S2,5,W05_C3,KDE,1337,7,2496833552,KDE|S2|main|5|W05_C3|1337|7,networks/S2/KDE/f5_W05_C3_s1337_d07.csv
S2,5,W05_C3,KDE,20260903,0,4005701951,KDE|S2|main|5|W05_C3|20260903|0,networks/S2/KDE/f5_W05_C3_s20260903_d00.csv
S2,5,W05_C3,KDE,20260903,1,2579831209,KDE|S2|main|5|W05_C3|20260903|1,networks/S2/KDE/f5_W05_C3_s20260903_d01.csv
S2,5,W05_C3,KDE,20260903,2,13387795,KDE|S2|main|5|W05_C3|20260903|2,networks/S2/KDE/f5_W05_C3_s20260903_d02.csv
S2,5,W05_C3,KDE,20260903,3,2009823365,KDE|S2|main|5|W05_C3|20260903|3,networks/S2/KDE/f5_W05_C3_s20260903_d03.csv
S2,5,W05_C3,KDE,20260903,4,3920620838,KDE|S2|main|5|W05_C3|20260903|4,networks/S2/KDE/f5_W05_C3_s20260903_d04.csv
S2,5,W05_C3,KDE,20260903,5,2661866928,KDE|S2|main|5|W05_C3|20260903|5,networks/S2/KDE/f5_W05_C3_s20260903_d05.csv
S2,5,W05_C3,KDE,20260903,6,128027658,KDE|S2|main|5|W05_C3|20260903|6,networks/S2/KDE/f5_W05_C3_s20260903_d06.csv
S2,5,W05_C3,KDE,20260903,7,1889975452,KDE|S2|main|5|W05_C3|20260903|7,networks/S2/KDE/f5_W05_C3_s20260903_d07.csv
S2,5,W05_C3,KDE,7,0,15971292,KDE|S2|main|5|W05_C3|7|0,networks/S2/KDE/f5_W05_C3_s7_d00.csv
S2,5,W05_C3,KDE,7,1,2012513098,KDE|S2|main|5|W05_C3|7|1,networks/S2/KDE/f5_W05_C3_s7_d01.csv
S2,5,W05_C3,KDE,7,2,4009612016,KDE|S2|main|5|W05_C3|7|2,networks/S2/KDE/f5_W05_C3_s7_d02.csv
S2,5,W05_C3,KDE,7,3,2583356006,KDE|S2|main|5|W05_C3|7|3,networks/S2/KDE/f5_W05_C3_s7_d03.csv
S2,5,W05_C3,KDE,7,4,127825861,KDE|S2|main|5|W05_C3|7|4,networks/S2/KDE/f5_W05_C3_s7_d04.csv
S2,5,W05_C3,KDE,7,5,1889093459,KDE|S2|main|5|W05_C3|7|5,networks/S2/KDE/f5_W05_C3_s7_d05.csv
S2,5,W05_C3,KDE,7,6,3918534377,KDE|S2|main|5|W05_C3|7|6,networks/S2/KDE/f5_W05_C3_s7_d06.csv
S2,5,W05_C3,KDE,7,7,2660705919,KDE|S2|main|5|W05_C3|7|7,networks/S2/KDE/f5_W05_C3_s7_d07.csv
S2,5,W05_C4,EVAE,1337,0,3112921393,EVAE|S2|geobg|5|W05_C4|1337|0,networks/S2/EVAE/f5_W05_C4_s1337_d00.csv
S2,5,W05_C4,EVAE,1337,1,3465304487,EVAE|S2|geobg|5|W05_C4|1337|1,networks/S2/EVAE/f5_W05_C4_s1337_d01.csv
S2,5,W05_C4,EVAE,1337,2,1468336157,EVAE|S2|geobg|5|W05_C4|1337|2,networks/S2/EVAE/f5_W05_C4_s1337_d02.csv
S2,5,W05_C4,EVAE,1337,3,545405067,EVAE|S2|geobg|5|W05_C4|1337|3,networks/S2/EVAE/f5_W05_C4_s1337_d03.csv
S2,5,W05_C4,EVAE,1337,4,3202788648,EVAE|S2|geobg|5|W05_C4|1337|4,networks/S2/EVAE/f5_W05_C4_s1337_d04.csv
S2,5,W05_C4,EVAE,1337,5,3387006398,EVAE|S2|geobg|5|W05_C4|1337|5,networks/S2/EVAE/f5_W05_C4_s1337_d05.csv
S2,5,W05_C4,EVAE,1337,6,1357433860,EVAE|S2|geobg|5|W05_C4|1337|6,networks/S2/EVAE/f5_W05_C4_s1337_d06.csv
S2,5,W05_C4,EVAE,1337,7,670039186,EVAE|S2|geobg|5|W05_C4|1337|7,networks/S2/EVAE/f5_W05_C4_s1337_d07.csv
S2,5,W05_C4,EVAE,20260903,0,4205280107,EVAE|S2|geobg|5|W05_C4|20260903|0,networks/S2/EVAE/f5_W05_C4_s20260903_d00.csv
S2,5,W05_C4,EVAE,20260903,1,2376092669,EVAE|S2|geobg|5|W05_C4|20260903|1,networks/S2/EVAE/f5_W05_C4_s20260903_d01.csv
S2,5,W05_C4,EVAE,20260903,2,346626631,EVAE|S2|geobg|5|W05_C4|20260903|2,networks/S2/EVAE/f5_W05_C4_s20260903_d02.csv
S2,5,W05_C4,EVAE,20260903,3,1672358609,EVAE|S2|geobg|5|W05_C4|20260903|3,networks/S2/EVAE/f5_W05_C4_s20260903_d03.csv
S2,5,W05_C4,EVAE,20260903,4,4257922930,EVAE|S2|geobg|5|W05_C4|20260903|4,networks/S2/EVAE/f5_W05_C4_s20260903_d04.csv
S2,5,W05_C4,EVAE,20260903,5,2328727524,EVAE|S2|geobg|5|W05_C4|20260903|5,networks/S2/EVAE/f5_W05_C4_s20260903_d05.csv
S2,5,W05_C4,EVAE,20260903,6,331669086,EVAE|S2|geobg|5|W05_C4|20260903|6,networks/S2/EVAE/f5_W05_C4_s20260903_d06.csv
S2,5,W05_C4,EVAE,20260903,7,1690562248,EVAE|S2|geobg|5|W05_C4|20260903|7,networks/S2/EVAE/f5_W05_C4_s20260903_d07.csv
S2,5,W05_C4,EVAE,7,0,226838604,EVAE|S2|geobg|5|W05_C4|7|0,networks/S2/EVAE/f5_W05_C4_s7_d00.csv
S2,5,W05_C4,EVAE,7,1,2055370970,EVAE|S2|geobg|5|W05_C4|7|1,networks/S2/EVAE/f5_W05_C4_s7_d01.csv
S2,5,W05_C4,EVAE,7,2,3817548128,EVAE|S2|geobg|5|W05_C4|7|2,networks/S2/EVAE/f5_W05_C4_s7_d02.csv
S2,5,W05_C4,EVAE,7,3,2492209654,EVAE|S2|geobg|5|W05_C4|7|3,networks/S2/EVAE/f5_W05_C4_s7_d03.csv
S2,5,W05_C4,EVAE,7,4,183012437,EVAE|S2|geobg|5|W05_C4|7|4,networks/S2/EVAE/f5_W05_C4_s7_d04.csv
S2,5,W05_C4,EVAE,7,5,2112863427,EVAE|S2|geobg|5|W05_C4|7|5,networks/S2/EVAE/f5_W05_C4_s7_d05.csv
S2,5,W05_C4,EVAE,7,6,3840339321,EVAE|S2|geobg|5|W05_C4|7|6,networks/S2/EVAE/f5_W05_C4_s7_d06.csv
S2,5,W05_C4,EVAE,7,7,2481053167,EVAE|S2|geobg|5|W05_C4|7|7,networks/S2/EVAE/f5_W05_C4_s7_d07.csv
S2,5,W05_C4,ADFNE,1337,0,3798939557,ADFNE|S2|main|5|W05_C4|1337|0,networks/S2/ADFNE/f5_W05_C4_s1337_d00.csv
S2,5,W05_C4,ADFNE,1337,1,2506622771,ADFNE|S2|main|5|W05_C4|1337|1,networks/S2/ADFNE/f5_W05_C4_s1337_d01.csv
S2,5,W05_C4,ADFNE,1337,2,207705737,ADFNE|S2|main|5|W05_C4|1337|2,networks/S2/ADFNE/f5_W05_C4_s1337_d02.csv
S2,5,W05_C4,ADFNE,1337,3,2070308383,ADFNE|S2|main|5|W05_C4|1337|3,networks/S2/ADFNE/f5_W05_C4_s1337_d03.csv
S2,5,W05_C4,ADFNE,1337,4,3842175932,ADFNE|S2|main|5|W05_C4|1337|4,networks/S2/ADFNE/f5_W05_C4_s1337_d04.csv
S2,5,W05_C4,ADFNE,1337,5,2449851178,ADFNE|S2|main|5|W05_C4|1337|5,networks/S2/ADFNE/f5_W05_C4_s1337_d05.csv
S2,5,W05_C4,ADFNE,1337,6,185373328,ADFNE|S2|main|5|W05_C4|1337|6,networks/S2/ADFNE/f5_W05_C4_s1337_d06.csv
S2,5,W05_C4,ADFNE,1337,7,2081137158,ADFNE|S2|main|5|W05_C4|1337|7,networks/S2/ADFNE/f5_W05_C4_s1337_d07.csv
S2,5,W05_C4,ADFNE,20260903,0,1745662134,ADFNE|S2|main|5|W05_C4|20260903|0,networks/S2/ADFNE/f5_W05_C4_s20260903_d00.csv
S2,5,W05_C4,ADFNE,20260903,1,520847392,ADFNE|S2|main|5|W05_C4|20260903|1,networks/S2/ADFNE/f5_W05_C4_s20260903_d01.csv
S2,5,W05_C4,ADFNE,20260903,2,2248331674,ADFNE|S2|main|5|W05_C4|20260903|2,networks/S2/ADFNE/f5_W05_C4_s20260903_d02.csv
S2,5,W05_C4,ADFNE,20260903,3,4043694348,ADFNE|S2|main|5|W05_C4|20260903|3,networks/S2/ADFNE/f5_W05_C4_s20260903_d03.csv
S2,5,W05_C4,ADFNE,20260903,4,1868657839,ADFNE|S2|main|5|W05_C4|20260903|4,networks/S2/ADFNE/f5_W05_C4_s20260903_d04.csv
S2,5,W05_C4,ADFNE,20260903,5,409355321,ADFNE|S2|main|5|W05_C4|20260903|5,networks/S2/ADFNE/f5_W05_C4_s20260903_d05.csv
S2,5,W05_C4,ADFNE,20260903,6,2171540867,ADFNE|S2|main|5|W05_C4|20260903|6,networks/S2/ADFNE/f5_W05_C4_s20260903_d06.csv
S2,5,W05_C4,ADFNE,20260903,7,4134020373,ADFNE|S2|main|5|W05_C4|20260903|7,networks/S2/ADFNE/f5_W05_C4_s20260903_d07.csv
S2,5,W05_C4,ADFNE,7,0,178805857,ADFNE|S2|main|5|W05_C4|7|0,networks/S2/ADFNE/f5_W05_C4_s7_d00.csv
S2,5,W05_C4,ADFNE,7,1,2108648695,ADFNE|S2|main|5|W05_C4|7|1,networks/S2/ADFNE/f5_W05_C4_s7_d01.csv
S2,5,W05_C4,ADFNE,7,2,3836099917,ADFNE|S2|main|5|W05_C4|7|2,networks/S2/ADFNE/f5_W05_C4_s7_d02.csv
S2,5,W05_C4,ADFNE,7,3,2476805595,ADFNE|S2|main|5|W05_C4|7|3,networks/S2/ADFNE/f5_W05_C4_s7_d03.csv
S2,5,W05_C4,ADFNE,7,4,231053432,ADFNE|S2|main|5|W05_C4|7|4,networks/S2/ADFNE/f5_W05_C4_s7_d04.csv
S2,5,W05_C4,ADFNE,7,5,2059577582,ADFNE|S2|main|5|W05_C4|7|5,networks/S2/ADFNE/f5_W05_C4_s7_d05.csv
S2,5,W05_C4,ADFNE,7,6,3821795668,ADFNE|S2|main|5|W05_C4|7|6,networks/S2/ADFNE/f5_W05_C4_s7_d06.csv
S2,5,W05_C4,ADFNE,7,7,2496448962,ADFNE|S2|main|5|W05_C4|7|7,networks/S2/ADFNE/f5_W05_C4_s7_d07.csv
S2,5,W05_C4,KDE,1337,0,7550122,KDE|S2|main|5|W05_C4|1337|0,networks/S2/KDE/f5_W05_C4_s1337_d00.csv
S2,5,W05_C4,KDE,1337,1,2004091964,KDE|S2|main|5|W05_C4|1337|1,networks/S2/KDE/f5_W05_C4_s1337_d01.csv
S2,5,W05_C4,KDE,1337,2,4001191302,KDE|S2|main|5|W05_C4|1337|2,networks/S2/KDE/f5_W05_C4_s1337_d02.csv
S2,5,W05_C4,KDE,1337,3,2574935312,KDE|S2|main|5|W05_C4|1337|3,networks/S2/KDE/f5_W05_C4_s1337_d03.csv
S2,5,W05_C4,KDE,1337,4,119468211,KDE|S2|main|5|W05_C4|1337|4,networks/S2/KDE/f5_W05_C4_s1337_d04.csv
S2,5,W05_C4,KDE,1337,5,1880735781,KDE|S2|main|5|W05_C4|1337|5,networks/S2/KDE/f5_W05_C4_s1337_d05.csv
S2,5,W05_C4,KDE,1337,6,3910177183,KDE|S2|main|5|W05_C4|1337|6,networks/S2/KDE/f5_W05_C4_s1337_d06.csv
S2,5,W05_C4,KDE,1337,7,2652348681,KDE|S2|main|5|W05_C4|1337|7,networks/S2/KDE/f5_W05_C4_s1337_d07.csv
S2,5,W05_C4,KDE,20260903,0,2589638832,KDE|S2|main|5|W05_C4|20260903|0,networks/S2/KDE/f5_W05_C4_s20260903_d00.csv
S2,5,W05_C4,KDE,20260903,1,3982356518,KDE|S2|main|5|W05_C4|20260903|1,networks/S2/KDE/f5_W05_C4_s20260903_d01.csv
S2,5,W05_C4,KDE,20260903,2,1951703452,KDE|S2|main|5|W05_C4|20260903|2,networks/S2/KDE/f5_W05_C4_s20260903_d02.csv
S2,5,W05_C4,KDE,20260903,3,55808266,KDE|S2|main|5|W05_C4|20260903|3,networks/S2/KDE/f5_W05_C4_s20260903_d03.csv
S2,5,W05_C4,KDE,20260903,4,2637628585,KDE|S2|main|5|W05_C4|20260903|4,networks/S2/KDE/f5_W05_C4_s20260903_d04.csv
S2,5,W05_C4,KDE,20260903,5,3929027647,KDE|S2|main|5|W05_C4|20260903|5,networks/S2/KDE/f5_W05_C4_s20260903_d05.csv
S2,5,W05_C4,KDE,20260903,6,1933141381,KDE|S2|main|5|W05_C4|20260903|6,networks/S2/KDE/f5_W05_C4_s20260903_d06.csv
S2,5,W05_C4,KDE,20260903,7,71193875,KDE|S2|main|5|W05_C4|20260903|7,networks/S2/KDE/f5_W05_C4_s20260903_d07.csv
S2,5,W05_C4,KDE,7,0,3000201164,KDE|S2|main|5|W05_C4|7|0,networks/S2/KDE/f5_W05_C4_s7_d00.csv
S2,5,W05_C4,KDE,7,1,3319029594,KDE|S2|main|5|W05_C4|7|1,networks/S2/KDE/f5_W05_C4_s7_d01.csv
S2,5,W05_C4,KDE,7,2,1557991136,KDE|S2|main|5|W05_C4|7|2,networks/S2/KDE/f5_W05_C4_s7_d02.csv
S2,5,W05_C4,KDE,7,3,735723126,KDE|S2|main|5|W05_C4|7|3,networks/S2/KDE/f5_W05_C4_s7_d03.csv
S2,5,W05_C4,KDE,7,4,3049171925,KDE|S2|main|5|W05_C4|7|4,networks/S2/KDE/f5_W05_C4_s7_d04.csv
S2,5,W05_C4,KDE,7,5,3266943811,KDE|S2|main|5|W05_C4|7|5,networks/S2/KDE/f5_W05_C4_s7_d05.csv
S2,5,W05_C4,KDE,7,6,1538312953,KDE|S2|main|5|W05_C4|7|6,networks/S2/KDE/f5_W05_C4_s7_d06.csv
S2,5,W05_C4,KDE,7,7,750254703,KDE|S2|main|5|W05_C4|7|7,networks/S2/KDE/f5_W05_C4_s7_d07.csv
S2,5,W05_C5,EVAE,1337,0,1965124015,EVAE|S2|geobg|5|W05_C5|1337|0,networks/S2/EVAE/f5_W05_C5_s1337_d00.csv
S2,5,W05_C5,EVAE,1337,1,36067641,EVAE|S2|geobg|5|W05_C5|1337|1,networks/S2/EVAE/f5_W05_C5_s1337_d01.csv
S2,5,W05_C5,EVAE,1337,2,2603550851,EVAE|S2|geobg|5|W05_C5|1337|2,networks/S2/EVAE/f5_W05_C5_s1337_d02.csv
S2,5,W05_C5,EVAE,1337,3,3962058773,EVAE|S2|geobg|5|W05_C5|1337|3,networks/S2/EVAE/f5_W05_C5_s1337_d03.csv
S2,5,W05_C5,EVAE,1337,4,1917627830,EVAE|S2|geobg|5|W05_C5|1337|4,networks/S2/EVAE/f5_W05_C5_s1337_d04.csv
S2,5,W05_C5,EVAE,1337,5,88841504,EVAE|S2|geobg|5|W05_C5|1337|5,networks/S2/EVAE/f5_W05_C5_s1337_d05.csv
S2,5,W05_C5,EVAE,1337,6,2621623450,EVAE|S2|geobg|5|W05_C5|1337|6,networks/S2/EVAE/f5_W05_C5_s1337_d06.csv
S2,5,W05_C5,EVAE,1337,7,3947232268,EVAE|S2|geobg|5|W05_C5|1337|7,networks/S2/EVAE/f5_W05_C5_s1337_d07.csv
S2,5,W05_C5,EVAE,20260903,0,1627535108,EVAE|S2|geobg|5|W05_C5|20260903|0,networks/S2/EVAE/f5_W05_C5_s20260903_d00.csv
S2,5,W05_C5,EVAE,20260903,1,369428370,EVAE|S2|geobg|5|W05_C5|20260903|1,networks/S2/EVAE/f5_W05_C5_s20260903_d01.csv
S2,5,W05_C5,EVAE,20260903,2,2399950376,EVAE|S2|geobg|5|W05_C5|20260903|2,networks/S2/EVAE/f5_W05_C5_s20260903_d02.csv
S2,5,W05_C5,EVAE,20260903,3,4161496766,EVAE|S2|geobg|5|W05_C5|20260903|3,networks/S2/EVAE/f5_W05_C5_s20260903_d03.csv
S2,5,W05_C5,EVAE,20260903,4,1718612765,EVAE|S2|geobg|5|W05_C5|20260903|4,networks/S2/EVAE/f5_W05_C5_s20260903_d04.csv
S2,5,W05_C5,EVAE,20260903,5,292078475,EVAE|S2|geobg|5|W05_C5|20260903|5,networks/S2/EVAE/f5_W05_C5_s20260903_d05.csv
S2,5,W05_C5,EVAE,20260903,6,2288095793,EVAE|S2|geobg|5|W05_C5|20260903|6,networks/S2/EVAE/f5_W05_C5_s20260903_d06.csv
S2,5,W05_C5,EVAE,20260903,7,4284916391,EVAE|S2|geobg|5|W05_C5|20260903|7,networks/S2/EVAE/f5_W05_C5_s20260903_d07.csv
S2,5,W05_C5,EVAE,7,0,820339196,EVAE|S2|geobg|5|W05_C5|7|0,networks/S2/EVAE/f5_W05_C5_s7_d00.csv
S2,5,W05_C5,EVAE,7,1,1206014314,EVAE|S2|geobg|5|W05_C5|7|1,networks/S2/EVAE/f5_W05_C5_s7_d01.csv
S2,5,W05_C5,EVAE,7,2,3739943120,EVAE|S2|geobg|5|W05_C5|7|2,networks/S2/EVAE/f5_W05_C5_s7_d02.csv
S2,5,W05_C5,EVAE,7,3,2850828358,EVAE|S2|geobg|5|W05_C5|7|3,networks/S2/EVAE/f5_W05_C5_s7_d03.csv
S2,5,W05_C5,EVAE,7,4,931702245,EVAE|S2|geobg|5|W05_C5|7|4,networks/S2/EVAE/f5_W05_C5_s7_d04.csv
S2,5,W05_C5,EVAE,7,5,1083151731,EVAE|S2|geobg|5|W05_C5|7|5,networks/S2/EVAE/f5_W05_C5_s7_d05.csv
S2,5,W05_C5,EVAE,7,6,3649488073,EVAE|S2|geobg|5|W05_C5|7|6,networks/S2/EVAE/f5_W05_C5_s7_d06.csv
S2,5,W05_C5,EVAE,7,7,2927752287,EVAE|S2|geobg|5|W05_C5|7|7,networks/S2/EVAE/f5_W05_C5_s7_d07.csv
S2,5,W05_C5,ADFNE,1337,0,784676667,ADFNE|S2|main|5|W05_C5|1337|0,networks/S2/ADFNE/f5_W05_C5_s1337_d00.csv
S2,5,W05_C5,ADFNE,1337,1,1505888173,ADFNE|S2|main|5|W05_C5|1337|1,networks/S2/ADFNE/f5_W05_C5_s1337_d01.csv
S2,5,W05_C5,ADFNE,1337,2,3234551319,ADFNE|S2|main|5|W05_C5|1337|2,networks/S2/ADFNE/f5_W05_C5_s1337_d02.csv
S2,5,W05_C5,ADFNE,1337,3,3083626113,ADFNE|S2|main|5|W05_C5|1337|3,networks/S2/ADFNE/f5_W05_C5_s1337_d03.csv
S2,5,W05_C5,ADFNE,1337,4,698938146,ADFNE|S2|main|5|W05_C5|1337|4,networks/S2/ADFNE/f5_W05_C5_s1337_d04.csv
S2,5,W05_C5,ADFNE,1337,5,1588577204,ADFNE|S2|main|5|W05_C5|1337|5,networks/S2/ADFNE/f5_W05_C5_s1337_d05.csv
S2,5,W05_C5,ADFNE,1337,6,3349582350,ADFNE|S2|main|5|W05_C5|1337|6,networks/S2/ADFNE/f5_W05_C5_s1337_d06.csv
S2,5,W05_C5,ADFNE,1337,7,2963382936,ADFNE|S2|main|5|W05_C5|1337|7,networks/S2/ADFNE/f5_W05_C5_s1337_d07.csv
S2,5,W05_C5,ADFNE,20260903,0,4088003801,ADFNE|S2|main|5|W05_C5|20260903|0,networks/S2/ADFNE/f5_W05_C5_s20260903_d00.csv
S2,5,W05_C5,ADFNE,20260903,1,2226048079,ADFNE|S2|main|5|W05_C5|20260903|1,networks/S2/ADFNE/f5_W05_C5_s20260903_d01.csv
S2,5,W05_C5,ADFNE,20260903,2,497524213,ADFNE|S2|main|5|W05_C5|20260903|2,networks/S2/ADFNE/f5_W05_C5_s20260903_d02.csv
S2,5,W05_C5,ADFNE,20260903,3,1788915043,ADFNE|S2|main|5|W05_C5|20260903|3,networks/S2/ADFNE/f5_W05_C5_s20260903_d03.csv
S2,5,W05_C5,ADFNE,20260903,4,4106500288,ADFNE|S2|main|5|W05_C5|20260903|4,networks/S2/ADFNE/f5_W05_C5_s20260903_d04.csv
S2,5,W05_C5,ADFNE,20260903,5,2210596950,ADFNE|S2|main|5|W05_C5|20260903|5,networks/S2/ADFNE/f5_W05_C5_s20260903_d05.csv
S2,5,W05_C5,ADFNE,20260903,6,449468908,ADFNE|S2|main|5|W05_C5|20260903|6,networks/S2/ADFNE/f5_W05_C5_s20260903_d06.csv
S2,5,W05_C5,ADFNE,20260903,7,1842178426,ADFNE|S2|main|5|W05_C5|20260903|7,networks/S2/ADFNE/f5_W05_C5_s20260903_d07.csv
S2,5,W05_C5,ADFNE,7,0,935884241,ADFNE|S2|main|5|W05_C5|7|0,networks/S2/ADFNE/f5_W05_C5_s7_d00.csv
S2,5,W05_C5,ADFNE,7,1,1087325511,ADFNE|S2|main|5|W05_C5|7|1,networks/S2/ADFNE/f5_W05_C5_s7_d01.csv
S2,5,W05_C5,ADFNE,7,2,3653637373,ADFNE|S2|main|5|W05_C5|7|2,networks/S2/ADFNE/f5_W05_C5_s7_d02.csv
S2,5,W05_C5,ADFNE,7,3,2931893355,ADFNE|S2|main|5|W05_C5|7|3,networks/S2/ADFNE/f5_W05_C5_s7_d03.csv
S2,5,W05_C5,ADFNE,7,4,816165320,ADFNE|S2|main|5|W05_C5|7|4,networks/S2/ADFNE/f5_W05_C5_s7_d04.csv
S2,5,W05_C5,ADFNE,7,5,1201832286,ADFNE|S2|main|5|W05_C5|7|5,networks/S2/ADFNE/f5_W05_C5_s7_d05.csv
S2,5,W05_C5,ADFNE,7,6,3735802084,ADFNE|S2|main|5|W05_C5|7|6,networks/S2/ADFNE/f5_W05_C5_s7_d06.csv
S2,5,W05_C5,ADFNE,7,7,2846679154,ADFNE|S2|main|5|W05_C5|7|7,networks/S2/ADFNE/f5_W05_C5_s7_d07.csv
S2,5,W05_C5,KDE,1337,0,3436786740,KDE|S2|main|5|W05_C5|1337|0,networks/S2/KDE/f5_W05_C5_s1337_d00.csv
S2,5,W05_C5,KDE,1337,1,3151889570,KDE|S2|main|5|W05_C5|1337|1,networks/S2/KDE/f5_W05_C5_s1337_d01.csv
S2,5,W05_C5,KDE,1337,2,584537368,KDE|S2|main|5|W05_C5|1337|2,networks/S2/KDE/f5_W05_C5_s1337_d02.csv
S2,5,W05_C5,KDE,1337,3,1439720846,KDE|S2|main|5|W05_C5|1337|3,networks/S2/KDE/f5_W05_C5_s1337_d03.csv
S2,5,W05_C5,KDE,1337,4,3417632813,KDE|S2|main|5|W05_C5|1337|4,networks/S2/KDE/f5_W05_C5_s1337_d04.csv
S2,5,W05_C5,KDE,1337,5,3165896891,KDE|S2|main|5|W05_C5|1337|5,networks/S2/KDE/f5_W05_C5_s1337_d05.csv
S2,5,W05_C5,KDE,1337,6,632983809,KDE|S2|main|5|W05_C5|1337|6,networks/S2/KDE/f5_W05_C5_s1337_d06.csv
S2,5,W05_C5,KDE,1337,7,1388159383,KDE|S2|main|5|W05_C5|1337|7,networks/S2/KDE/f5_W05_C5_s1337_d07.csv
S2,5,W05_C5,KDE,20260903,0,33524959,KDE|S2|main|5|W05_C5|20260903|0,networks/S2/KDE/f5_W05_C5_s20260903_d00.csv
S2,5,W05_C5,KDE,20260903,1,1996012617,KDE|S2|main|5|W05_C5|20260903|1,networks/S2/KDE/f5_W05_C5_s20260903_d01.csv
S2,5,W05_C5,KDE,20260903,2,4025609715,KDE|S2|main|5|W05_C5|20260903|2,networks/S2/KDE/f5_W05_C5_s20260903_d02.csv
S2,5,W05_C5,KDE,20260903,3,2566315365,KDE|S2|main|5|W05_C5|20260903|3,networks/S2/KDE/f5_W05_C5_s20260903_d03.csv
S2,5,W05_C5,KDE,20260903,4,110250182,KDE|S2|main|5|W05_C5|20260903|4,networks/S2/KDE/f5_W05_C5_s20260903_d04.csv
S2,5,W05_C5,KDE,20260903,5,1905621072,KDE|S2|main|5|W05_C5|20260903|5,networks/S2/KDE/f5_W05_C5_s20260903_d05.csv
S2,5,W05_C5,KDE,20260903,6,3902548458,KDE|S2|main|5|W05_C5|20260903|6,networks/S2/KDE/f5_W05_C5_s20260903_d06.csv
S2,5,W05_C5,KDE,20260903,7,2677741948,KDE|S2|main|5|W05_C5|20260903|7,networks/S2/KDE/f5_W05_C5_s20260903_d07.csv
S2,5,W05_C5,KDE,7,0,2410890876,KDE|S2|main|5|W05_C5|7|0,networks/S2/KDE/f5_W05_C5_s7_d00.csv
S2,5,W05_C5,KDE,7,1,4172576490,KDE|S2|main|5|W05_C5|7|1,networks/S2/KDE/f5_W05_C5_s7_d01.csv
S2,5,W05_C5,KDE,7,2,1639786320,KDE|S2|main|5|W05_C5|7|2,networks/S2/KDE/f5_W05_C5_s7_d02.csv
S2,5,W05_C5,KDE,7,3,381294534,KDE|S2|main|5|W05_C5|7|3,networks/S2/KDE/f5_W05_C5_s7_d03.csv
S2,5,W05_C5,KDE,7,4,2296283749,KDE|S2|main|5|W05_C5|7|4,networks/S2/KDE/f5_W05_C5_s7_d04.csv
S2,5,W05_C5,KDE,7,5,4292457203,KDE|S2|main|5|W05_C5|7|5,networks/S2/KDE/f5_W05_C5_s7_d05.csv
S2,5,W05_C5,KDE,7,6,1724965705,KDE|S2|main|5|W05_C5|7|6,networks/S2/KDE/f5_W05_C5_s7_d06.csv
S2,5,W05_C5,KDE,7,7,299357151,KDE|S2|main|5|W05_C5|7|7,networks/S2/KDE/f5_W05_C5_s7_d07.csv
S2,5,W05_C6,EVAE,1337,0,4222512716,EVAE|S2|geobg|5|W05_C6|1337|0,networks/S2/EVAE/f5_W05_C6_s1337_d00.csv
S2,5,W05_C6,EVAE,1337,1,2359910106,EVAE|S2|geobg|5|W05_C6|1337|1,networks/S2/EVAE/f5_W05_C6_s1337_d01.csv
S2,5,W05_C6,EVAE,1337,2,362811232,EVAE|S2|geobg|5|W05_C6|1337|2,networks/S2/EVAE/f5_W05_C6_s1337_d02.csv
S2,5,W05_C6,EVAE,1337,3,1655128054,EVAE|S2|geobg|5|W05_C6|1337|3,networks/S2/EVAE/f5_W05_C6_s1337_d03.csv
S2,5,W05_C6,EVAE,1337,4,4240681557,EVAE|S2|geobg|5|W05_C6|1337|4,networks/S2/EVAE/f5_W05_C6_s1337_d04.csv
S2,5,W05_C6,EVAE,1337,5,2344917699,EVAE|S2|geobg|5|W05_C6|1337|5,networks/S2/EVAE/f5_W05_C6_s1337_d05.csv
S2,5,W05_C6,EVAE,1337,6,315476857,EVAE|S2|geobg|5|W05_C6|1337|6,networks/S2/EVAE/f5_W05_C6_s1337_d06.csv
S2,5,W05_C6,EVAE,1337,7,1707801583,EVAE|S2|geobg|5|W05_C6|1337|7,networks/S2/EVAE/f5_W05_C6_s1337_d07.csv
S2,5,W05_C6,EVAE,20260903,0,379381236,EVAE|S2|geobg|5|W05_C6|20260903|0,networks/S2/EVAE/f5_W05_C6_s20260903_d00.csv
S2,5,W05_C6,EVAE,20260903,1,1637602658,EVAE|S2|geobg|5|W05_C6|20260903|1,networks/S2/EVAE/f5_W05_C6_s20260903_d01.csv
S2,5,W05_C6,EVAE,20260903,2,4170351832,EVAE|S2|geobg|5|W05_C6|20260903|2,networks/S2/EVAE/f5_W05_C6_s20260903_d02.csv
S2,5,W05_C6,EVAE,20260903,3,2408952910,EVAE|S2|geobg|5|W05_C6|20260903|3,networks/S2/EVAE/f5_W05_C6_s20260903_d03.csv
S2,5,W05_C6,EVAE,20260903,4,301015533,EVAE|S2|geobg|5|W05_C6|20260903|4,networks/S2/EVAE/f5_W05_C6_s20260903_d04.csv
S2,5,W05_C6,EVAE,20260903,5,1727402363,EVAE|S2|geobg|5|W05_C6|20260903|5,networks/S2/EVAE/f5_W05_C6_s20260903_d05.csv
S2,5,W05_C6,EVAE,20260903,6,4294918337,EVAE|S2|geobg|5|W05_C6|20260903|6,networks/S2/EVAE/f5_W05_C6_s20260903_d06.csv
S2,5,W05_C6,EVAE,20260903,7,2297983063,EVAE|S2|geobg|5|W05_C6|20260903|7,networks/S2/EVAE/f5_W05_C6_s20260903_d07.csv
S2,5,W05_C6,EVAE,7,0,2001017644,EVAE|S2|geobg|5|W05_C6|7|0,networks/S2/EVAE/f5_W05_C6_s7_d00.csv
S2,5,W05_C6,EVAE,7,1,4336570,EVAE|S2|geobg|5|W05_C6|7|1,networks/S2/EVAE/f5_W05_C6_s7_d01.csv
S2,5,W05_C6,EVAE,7,2,2571860480,EVAE|S2|geobg|5|W05_C6|7|2,networks/S2/EVAE/f5_W05_C6_s7_d02.csv
S2,5,W05_C6,EVAE,7,3,3997977238,EVAE|S2|geobg|5|W05_C6|7|3,networks/S2/EVAE/f5_W05_C6_s7_d03.csv
S2,5,W05_C6,EVAE,7,4,1881726773,EVAE|S2|geobg|5|W05_C6|7|4,networks/S2/EVAE/f5_W05_C6_s7_d04.csv
S2,5,W05_C6,EVAE,7,5,120582051,EVAE|S2|geobg|5|W05_C6|7|5,networks/S2/EVAE/f5_W05_C6_s7_d05.csv
S2,5,W05_C6,EVAE,7,6,2653339161,EVAE|S2|geobg|5|W05_C6|7|6,networks/S2/EVAE/f5_W05_C6_s7_d06.csv
S2,5,W05_C6,EVAE,7,7,3911290511,EVAE|S2|geobg|5|W05_C6|7|7,networks/S2/EVAE/f5_W05_C6_s7_d07.csv
S2,5,W05_C6,ADFNE,1337,0,2689216728,ADFNE|S2|main|5|W05_C6|1337|0,networks/S2/ADFNE/f5_W05_C6_s1337_d00.csv
S2,5,W05_C6,ADFNE,1337,1,3612147790,ADFNE|S2|main|5|W05_C6|1337|1,networks/S2/ADFNE/f5_W05_C6_s1337_d01.csv
S2,5,W05_C6,ADFNE,1337,2,1313100276,ADFNE|S2|main|5|W05_C6|1337|2,networks/S2/ADFNE/f5_W05_C6_s1337_d02.csv
S2,5,W05_C6,ADFNE,1337,3,960717154,ADFNE|S2|main|5|W05_C6|1337|3,networks/S2/ADFNE/f5_W05_C6_s1337_d03.csv
S2,5,W05_C6,ADFNE,1337,4,2804413633,ADFNE|S2|main|5|W05_C6|1337|4,networks/S2/ADFNE/f5_W05_C6_s1337_d04.csv
S2,5,W05_C6,ADFNE,1337,5,3491808343,ADFNE|S2|main|5|W05_C6|1337|5,networks/S2/ADFNE/f5_W05_C6_s1337_d05.csv
S2,5,W05_C6,ADFNE,1337,6,1227462125,ADFNE|S2|main|5|W05_C6|1337|6,networks/S2/ADFNE/f5_W05_C6_s1337_d06.csv
S2,5,W05_C6,ADFNE,1337,7,1043244411,ADFNE|S2|main|5|W05_C6|1337|7,networks/S2/ADFNE/f5_W05_C6_s1337_d07.csv
S2,5,W05_C6,ADFNE,20260903,0,2218208809,ADFNE|S2|main|5|W05_C6|20260903|0,networks/S2/ADFNE/f5_W05_C6_s20260903_d00.csv
S2,5,W05_C6,ADFNE,20260903,1,4080017087,ADFNE|S2|main|5|W05_C6|20260903|1,networks/S2/ADFNE/f5_W05_C6_s20260903_d01.csv
S2,5,W05_C6,ADFNE,20260903,2,1782140677,ADFNE|S2|main|5|W05_C6|20260903|2,networks/S2/ADFNE/f5_W05_C6_s20260903_d02.csv
S2,5,W05_C6,ADFNE,20260903,3,490635155,ADFNE|S2|main|5|W05_C6|20260903|3,networks/S2/ADFNE/f5_W05_C6_s20260903_d03.csv
S2,5,W05_C6,ADFNE,20260903,4,2203773488,ADFNE|S2|main|5|W05_C6|20260903|4,networks/S2/ADFNE/f5_W05_C6_s20260903_d04.csv
S2,5,W05_C6,ADFNE,20260903,5,4099791526,ADFNE|S2|main|5|W05_C6|20260903|5,networks/S2/ADFNE/f5_W05_C6_s20260903_d05.csv
S2,5,W05_C6,ADFNE,20260903,6,1834257180,ADFNE|S2|main|5|W05_C6|20260903|6,networks/S2/ADFNE/f5_W05_C6_s20260903_d06.csv
S2,5,W05_C6,ADFNE,20260903,7,441695114,ADFNE|S2|main|5|W05_C6|20260903|7,networks/S2/ADFNE/f5_W05_C6_s20260903_d07.csv
S2,5,W05_C6,ADFNE,7,0,1885867777,ADFNE|S2|main|5|W05_C6|7|0,networks/S2/ADFNE/f5_W05_C6_s7_d00.csv
S2,5,W05_C6,ADFNE,7,1,124731287,ADFNE|S2|main|5|W05_C6|7|1,networks/S2/ADFNE/f5_W05_C6_s7_d01.csv
S2,5,W05_C6,ADFNE,7,2,2657513005,ADFNE|S2|main|5|W05_C6|7|2,networks/S2/ADFNE/f5_W05_C6_s7_d02.csv
S2,5,W05_C6,ADFNE,7,3,3915472571,ADFNE|S2|main|5|W05_C6|7|3,networks/S2/ADFNE/f5_W05_C6_s7_d03.csv
S2,5,W05_C6,ADFNE,7,4,1996868376,ADFNE|S2|main|5|W05_C6|7|4,networks/S2/ADFNE/f5_W05_C6_s7_d04.csv
S2,5,W05_C6,ADFNE,7,5,195470,ADFNE|S2|main|5|W05_C6|7|5,networks/S2/ADFNE/f5_W05_C6_s7_d05.csv
S2,5,W05_C6,ADFNE,7,6,2567678516,ADFNE|S2|main|5|W05_C6|7|6,networks/S2/ADFNE/f5_W05_C6_s7_d06.csv
S2,5,W05_C6,ADFNE,7,7,3993803426,ADFNE|S2|main|5|W05_C6|7|7,networks/S2/ADFNE/f5_W05_C6_s7_d07.csv
S2,5,W05_C6,KDE,1337,0,1112945623,KDE|S2|main|5|W05_C6|1337|0,networks/S2/KDE/f5_W05_C6_s1337_d00.csv
S2,5,W05_C6,KDE,1337,1,894501697,KDE|S2|main|5|W05_C6|1337|1,networks/S2/KDE/f5_W05_C6_s1337_d01.csv
S2,5,W05_C6,KDE,1337,2,2891469563,KDE|S2|main|5|W05_C6|1337|2,networks/S2/KDE/f5_W05_C6_s1337_d02.csv
S2,5,W05_C6,KDE,1337,3,3680461421,KDE|S2|main|5|W05_C6|1337|3,networks/S2/KDE/f5_W05_C6_s1337_d03.csv
S2,5,W05_C6,KDE,1337,4,1161557966,KDE|S2|main|5|W05_C6|1337|4,networks/S2/KDE/f5_W05_C6_s1337_d04.csv
S2,5,W05_C6,KDE,1337,5,842843992,KDE|S2|main|5|W05_C6|1337|5,networks/S2/KDE/f5_W05_C6_s1337_d05.csv
S2,5,W05_C6,KDE,1337,6,2872415970,KDE|S2|main|5|W05_C6|1337|6,networks/S2/KDE/f5_W05_C6_s1337_d06.csv
S2,5,W05_C6,KDE,1337,7,3694306932,KDE|S2|main|5|W05_C6|1337|7,networks/S2/KDE/f5_W05_C6_s1337_d07.csv
S2,5,W05_C6,KDE,20260903,0,1986092591,KDE|S2|main|5|W05_C6|20260903|0,networks/S2/KDE/f5_W05_C6_s20260903_d00.csv
S2,5,W05_C6,KDE,20260903,1,23490233,KDE|S2|main|5|W05_C6|20260903|1,networks/S2/KDE/f5_W05_C6_s20260903_d01.csv
S2,5,W05_C6,KDE,20260903,2,2557427459,KDE|S2|main|5|W05_C6|20260903|2,networks/S2/KDE/f5_W05_C6_s20260903_d02.csv
S2,5,W05_C6,KDE,20260903,3,4016574357,KDE|S2|main|5|W05_C6|20260903|3,networks/S2/KDE/f5_W05_C6_s20260903_d03.csv
S2,5,W05_C6,KDE,20260903,4,1896651318,KDE|S2|main|5|W05_C6|20260903|4,networks/S2/KDE/f5_W05_C6_s20260903_d04.csv
S2,5,W05_C6,KDE,20260903,5,101427872,KDE|S2|main|5|W05_C6|20260903|5,networks/S2/KDE/f5_W05_C6_s20260903_d05.csv
S2,5,W05_C6,KDE,20260903,6,2667772698,KDE|S2|main|5|W05_C6|20260903|6,networks/S2/KDE/f5_W05_C6_s20260903_d06.csv
S2,5,W05_C6,KDE,20260903,7,3892693900,KDE|S2|main|5|W05_C6|20260903|7,networks/S2/KDE/f5_W05_C6_s20260903_d07.csv
S2,5,W05_C6,KDE,7,0,3356703916,KDE|S2|main|5|W05_C6|7|0,networks/S2/KDE/f5_W05_C6_s7_d00.csv
S2,5,W05_C6,KDE,7,1,3205762106,KDE|S2|main|5|W05_C6|7|1,networks/S2/KDE/f5_W05_C6_s7_d01.csv
S2,5,W05_C6,KDE,7,2,639458688,KDE|S2|main|5|W05_C6|7|2,networks/S2/KDE/f5_W05_C6_s7_d02.csv
S2,5,W05_C6,KDE,7,3,1360686358,KDE|S2|main|5|W05_C6|7|3,networks/S2/KDE/f5_W05_C6_s7_d03.csv
S2,5,W05_C6,KDE,7,4,3481204917,KDE|S2|main|5|W05_C6|7|4,networks/S2/KDE/f5_W05_C6_s7_d04.csv
S2,5,W05_C6,KDE,7,5,3094988835,KDE|S2|main|5|W05_C6|7|5,networks/S2/KDE/f5_W05_C6_s7_d05.csv
S2,5,W05_C6,KDE,7,6,561027481,KDE|S2|main|5|W05_C6|7|6,networks/S2/KDE/f5_W05_C6_s7_d06.csv
S2,5,W05_C6,KDE,7,7,1450682639,KDE|S2|main|5|W05_C6|7|7,networks/S2/KDE/f5_W05_C6_s7_d07.csv
S2,5,W05_C7,EVAE,1337,0,923037394,EVAE|S2|geobg|5|W05_C7|1337|0,networks/S2/EVAE/f5_W05_C7_s1337_d00.csv
S2,5,W05_C7,EVAE,1337,1,1073962564,EVAE|S2|geobg|5|W05_C7|1337|1,networks/S2/EVAE/f5_W05_C7_s1337_d01.csv
S2,5,W05_C7,EVAE,1337,2,3641315326,EVAE|S2|geobg|5|W05_C7|1337|2,networks/S2/EVAE/f5_W05_C7_s1337_d02.csv
S2,5,W05_C7,EVAE,1337,3,2920103784,EVAE|S2|geobg|5|W05_C7|1337|3,networks/S2/EVAE/f5_W05_C7_s1337_d03.csv
S2,5,W05_C7,EVAE,1337,4,812231371,EVAE|S2|geobg|5|W05_C7|1337|4,networks/S2/EVAE/f5_W05_C7_s1337_d04.csv
S2,5,W05_C7,EVAE,1337,5,1198430813,EVAE|S2|geobg|5|W05_C7|1337|5,networks/S2/EVAE/f5_W05_C7_s1337_d05.csv
S2,5,W05_C7,EVAE,1337,6,3731344359,EVAE|S2|geobg|5|W05_C7|1337|6,networks/S2/EVAE/f5_W05_C7_s1337_d06.csv
S2,5,W05_C7,EVAE,1337,7,2841705329,EVAE|S2|geobg|5|W05_C7|1337|7,networks/S2/EVAE/f5_W05_C7_s1337_d07.csv
S2,5,W05_C7,EVAE,20260903,0,2369366427,EVAE|S2|geobg|5|W05_C7|20260903|0,networks/S2/EVAE/f5_W05_C7_s20260903_d00.csv
S2,5,W05_C7,EVAE,20260903,1,4198406413,EVAE|S2|geobg|5|W05_C7|20260903|1,networks/S2/EVAE/f5_W05_C7_s20260903_d01.csv
S2,5,W05_C7,EVAE,20260903,2,1664600247,EVAE|S2|geobg|5|W05_C7|20260903|2,networks/S2/EVAE/f5_W05_C7_s20260903_d02.csv
S2,5,W05_C7,EVAE,20260903,3,338753569,EVAE|S2|geobg|5|W05_C7|20260903|3,networks/S2/EVAE/f5_W05_C7_s20260903_d03.csv
S2,5,W05_C7,EVAE,20260903,4,2320788866,EVAE|S2|geobg|5|W05_C7|20260903|4,networks/S2/EVAE/f5_W05_C7_s20260903_d04.csv
S2,5,W05_C7,EVAE,20260903,5,4250098964,EVAE|S2|geobg|5|W05_C7|20260903|5,networks/S2/EVAE/f5_W05_C7_s20260903_d05.csv
S2,5,W05_C7,EVAE,20260903,6,1683623086,EVAE|S2|geobg|5|W05_C7|20260903|6,networks/S2/EVAE/f5_W05_C7_s20260903_d06.csv
S2,5,W05_C7,EVAE,20260903,7,324877368,EVAE|S2|geobg|5|W05_C7|20260903|7,networks/S2/EVAE/f5_W05_C7_s20260903_d07.csv
S2,5,W05_C7,EVAE,7,0,1243951772,EVAE|S2|geobg|5|W05_C7|7|0,networks/S2/EVAE/f5_W05_C7_s7_d00.csv
S2,5,W05_C7,EVAE,7,1,1025638922,EVAE|S2|geobg|5|W05_C7|7|1,networks/S2/EVAE/f5_W05_C7_s7_d01.csv
S2,5,W05_C7,EVAE,7,2,2754302896,EVAE|S2|geobg|5|W05_C7|7|2,networks/S2/EVAE/f5_W05_C7_s7_d02.csv
S2,5,W05_C7,EVAE,7,3,3542901542,EVAE|S2|geobg|5|W05_C7|7|3,networks/S2/EVAE/f5_W05_C7_s7_d03.csv
S2,5,W05_C7,EVAE,7,4,1296627333,EVAE|S2|geobg|5|W05_C7|7|4,networks/S2/EVAE/f5_W05_C7_s7_d04.csv
S2,5,W05_C7,EVAE,7,5,978306579,EVAE|S2|geobg|5|W05_C7|7|5,networks/S2/EVAE/f5_W05_C7_s7_d05.csv
S2,5,W05_C7,EVAE,7,6,2739312553,EVAE|S2|geobg|5|W05_C7|7|6,networks/S2/EVAE/f5_W05_C7_s7_d06.csv
S2,5,W05_C7,EVAE,7,7,3561072447,EVAE|S2|geobg|5|W05_C7|7|7,networks/S2/EVAE/f5_W05_C7_s7_d07.csv
S2,5,W05_C7,ADFNE,1337,0,1826631750,ADFNE|S2|main|5|W05_C7|1337|0,networks/S2/ADFNE/f5_W05_C7_s1337_d00.csv
S2,5,W05_C7,ADFNE,1337,1,468123856,ADFNE|S2|main|5|W05_C7|1337|1,networks/S2/ADFNE/f5_W05_C7_s1337_d01.csv
S2,5,W05_C7,ADFNE,1337,2,2196656490,ADFNE|S2|main|5|W05_C7|1337|2,networks/S2/ADFNE/f5_W05_C7_s1337_d02.csv
S2,5,W05_C7,ADFNE,1337,3,4125712892,ADFNE|S2|main|5|W05_C7|1337|3,networks/S2/ADFNE/f5_W05_C7_s1337_d03.csv
S2,5,W05_C7,ADFNE,1337,4,1804465247,ADFNE|S2|main|5|W05_C7|1337|4,networks/S2/ADFNE/f5_W05_C7_s1337_d04.csv
S2,5,W05_C7,ADFNE,1337,5,478856393,ADFNE|S2|main|5|W05_C7|1337|5,networks/S2/ADFNE/f5_W05_C7_s1337_d05.csv
S2,5,W05_C7,ADFNE,1337,6,2239993203,ADFNE|S2|main|5|W05_C7|1337|6,networks/S2/ADFNE/f5_W05_C7_s1337_d06.csv
S2,5,W05_C7,ADFNE,1337,7,4068779493,ADFNE|S2|main|5|W05_C7|1337|7,networks/S2/ADFNE/f5_W05_C7_s1337_d07.csv
S2,5,W05_C7,ADFNE,20260903,0,529687110,ADFNE|S2|main|5|W05_C7|20260903|0,networks/S2/ADFNE/f5_W05_C7_s20260903_d00.csv
S2,5,W05_C7,ADFNE,20260903,1,1754616528,ADFNE|S2|main|5|W05_C7|20260903|1,networks/S2/ADFNE/f5_W05_C7_s20260903_d01.csv
S2,5,W05_C7,ADFNE,20260903,2,4053533546,ADFNE|S2|main|5|W05_C7|20260903|2,networks/S2/ADFNE/f5_W05_C7_s20260903_d02.csv
S2,5,W05_C7,ADFNE,20260903,3,2258318332,ADFNE|S2|main|5|W05_C7|20260903|3,networks/S2/ADFNE/f5_W05_C7_s20260903_d03.csv
S2,5,W05_C7,ADFNE,20260903,4,419407455,ADFNE|S2|main|5|W05_C7|20260903|4,networks/S2/ADFNE/f5_W05_C7_s20260903_d04.csv
S2,5,W05_C7,ADFNE,20260903,5,1878562505,ADFNE|S2|main|5|W05_C7|20260903|5,networks/S2/ADFNE/f5_W05_C7_s20260903_d05.csv
S2,5,W05_C7,ADFNE,20260903,6,4143040371,ADFNE|S2|main|5|W05_C7|20260903|6,networks/S2/ADFNE/f5_W05_C7_s20260903_d06.csv
S2,5,W05_C7,ADFNE,20260903,7,2180446181,ADFNE|S2|main|5|W05_C7|20260903|7,networks/S2/ADFNE/f5_W05_C7_s20260903_d07.csv
S2,5,W05_C7,ADFNE,7,0,1292379825,ADFNE|S2|main|5|W05_C7|7|0,networks/S2/ADFNE/f5_W05_C7_s7_d00.csv
S2,5,W05_C7,ADFNE,7,1,974067239,ADFNE|S2|main|5|W05_C7|7|1,networks/S2/ADFNE/f5_W05_C7_s7_d01.csv
S2,5,W05_C7,ADFNE,7,2,2735097757,ADFNE|S2|main|5|W05_C7|7|2,networks/S2/ADFNE/f5_W05_C7_s7_d02.csv
S2,5,W05_C7,ADFNE,7,3,3556865803,ADFNE|S2|main|5|W05_C7|7|3,networks/S2/ADFNE/f5_W05_C7_s7_d03.csv
S2,5,W05_C7,ADFNE,7,4,1248191144,ADFNE|S2|main|5|W05_C7|7|4,networks/S2/ADFNE/f5_W05_C7_s7_d04.csv
S2,5,W05_C7,ADFNE,7,5,1029886526,ADFNE|S2|main|5|W05_C7|7|5,networks/S2/ADFNE/f5_W05_C7_s7_d05.csv
S2,5,W05_C7,ADFNE,7,6,2758509444,ADFNE|S2|main|5|W05_C7|7|6,networks/S2/ADFNE/f5_W05_C7_s7_d06.csv
S2,5,W05_C7,ADFNE,7,7,3547116306,ADFNE|S2|main|5|W05_C7|7|7,networks/S2/ADFNE/f5_W05_C7_s7_d07.csv
S2,5,W05_C7,KDE,1337,0,2398892873,KDE|S2|main|5|W05_C7|1337|0,networks/S2/KDE/f5_W05_C7_s1337_d00.csv
S2,5,W05_C7,KDE,1337,1,4193977311,KDE|S2|main|5|W05_C7|1337|1,networks/S2/KDE/f5_W05_C7_s1337_d01.csv
S2,5,W05_C7,KDE,1337,2,1626493541,KDE|S2|main|5|W05_C7|1337|2,networks/S2/KDE/f5_W05_C7_s1337_d02.csv
S2,5,W05_C7,KDE,1337,3,401957619,KDE|S2|main|5|W05_C7|1337|3,networks/S2/KDE/f5_W05_C7_s1337_d03.csv
S2,5,W05_C7,KDE,1337,4,2308044624,KDE|S2|main|5|W05_C7|1337|4,networks/S2/KDE/f5_W05_C7_s1337_d04.csv
S2,5,W05_C7,KDE,1337,5,4271294406,KDE|S2|main|5|W05_C7|1337|5,networks/S2/KDE/f5_W05_C7_s1337_d05.csv
S2,5,W05_C7,KDE,1337,6,1738511996,KDE|S2|main|5|W05_C7|1337|6,networks/S2/KDE/f5_W05_C7_s1337_d06.csv
S2,5,W05_C7,KDE,1337,7,278439658,KDE|S2|main|5|W05_C7|1337|7,networks/S2/KDE/f5_W05_C7_s1337_d07.csv
S2,5,W05_C7,KDE,20260903,0,3989049920,KDE|S2|main|5|W05_C7|20260903|0,networks/S2/KDE/f5_W05_C7_s20260903_d00.csv
S2,5,W05_C7,KDE,20260903,1,2596479702,KDE|S2|main|5|W05_C7|20260903|1,networks/S2/KDE/f5_W05_C7_s20260903_d01.csv
S2,5,W05_C7,KDE,20260903,2,63599468,KDE|S2|main|5|W05_C7|20260903|2,networks/S2/KDE/f5_W05_C7_s20260903_d02.csv
S2,5,W05_C7,KDE,20260903,3,1959609338,KDE|S2|main|5|W05_C7|20260903|3,networks/S2/KDE/f5_W05_C7_s20260903_d03.csv
S2,5,W05_C7,KDE,20260903,4,3936999001,KDE|S2|main|5|W05_C7|20260903|4,networks/S2/KDE/f5_W05_C7_s20260903_d04.csv
S2,5,W05_C7,KDE,20260903,5,2645485263,KDE|S2|main|5|W05_C7|20260903|5,networks/S2/KDE/f5_W05_C7_s20260903_d05.csv
S2,5,W05_C7,KDE,20260903,6,78100341,KDE|S2|main|5|W05_C7|20260903|6,networks/S2/KDE/f5_W05_C7_s20260903_d06.csv
S2,5,W05_C7,KDE,20260903,7,1939900387,KDE|S2|main|5|W05_C7|20260903|7,networks/S2/KDE/f5_W05_C7_s20260903_d07.csv
S2,5,W05_C7,KDE,7,0,4117959964,KDE|S2|main|5|W05_C7|7|0,networks/S2/KDE/f5_W05_C7_s7_d00.csv
S2,5,W05_C7,KDE,7,1,2188649866,KDE|S2|main|5|W05_C7|7|1,networks/S2/KDE/f5_W05_C7_s7_d01.csv
S2,5,W05_C7,KDE,7,2,461206576,KDE|S2|main|5|W05_C7|7|2,networks/S2/KDE/f5_W05_C7_s7_d02.csv
S2,5,W05_C7,KDE,7,3,1819952294,KDE|S2|main|5|W05_C7|7|3,networks/S2/KDE/f5_W05_C7_s7_d03.csv
S2,5,W05_C7,KDE,7,4,4062105861,KDE|S2|main|5|W05_C7|7|4,networks/S2/KDE/f5_W05_C7_s7_d04.csv
S2,5,W05_C7,KDE,7,5,2233065875,KDE|S2|main|5|W05_C7|7|5,networks/S2/KDE/f5_W05_C7_s7_d05.csv
S2,5,W05_C7,KDE,7,6,470855721,KDE|S2|main|5|W05_C7|7|6,networks/S2/KDE/f5_W05_C7_s7_d06.csv
S2,5,W05_C7,KDE,7,7,1796702399,KDE|S2|main|5|W05_C7|7|7,networks/S2/KDE/f5_W05_C7_s7_d07.csv
S2,5,W05_C8,EVAE,1337,0,3995368574,EVAE|S2|geobg|5|W05_C8|1337|0,networks/S2/EVAE/f5_W05_C8_s1337_d00.csv
S2,5,W05_C8,EVAE,1337,1,2569227496,EVAE|S2|geobg|5|W05_C8|1337|1,networks/S2/EVAE/f5_W05_C8_s1337_d01.csv
S2,5,W05_C8,EVAE,1337,2,2760018,EVAE|S2|geobg|5|W05_C8|1337|2,networks/S2/EVAE/f5_W05_C8_s1337_d02.csv
S2,5,W05_C8,EVAE,1337,3,1999449540,EVAE|S2|geobg|5|W05_C8|1337|3,networks/S2/EVAE/f5_W05_C8_s1337_d03.csv
S2,5,W05_C8,EVAE,1337,4,3913922663,EVAE|S2|geobg|5|W05_C8|1337|4,networks/S2/EVAE/f5_W05_C8_s1337_d04.csv
S2,5,W05_C8,EVAE,1337,5,2655946993,EVAE|S2|geobg|5|W05_C8|1337|5,networks/S2/EVAE/f5_W05_C8_s1337_d05.csv
S2,5,W05_C8,EVAE,1337,6,122149195,EVAE|S2|geobg|5|W05_C8|1337|6,networks/S2/EVAE/f5_W05_C8_s1337_d06.csv
S2,5,W05_C8,EVAE,1337,7,1883302365,EVAE|S2|geobg|5|W05_C8|1337|7,networks/S2/EVAE/f5_W05_C8_s1337_d07.csv
S2,5,W05_C8,EVAE,20260903,0,4289541866,EVAE|S2|geobg|5|W05_C8|20260903|0,networks/S2/EVAE/f5_W05_C8_s20260903_d00.csv
S2,5,W05_C8,EVAE,20260903,1,2292844156,EVAE|S2|geobg|5|W05_C8|20260903|1,networks/S2/EVAE/f5_W05_C8_s20260903_d01.csv
S2,5,W05_C8,EVAE,20260903,2,295917510,EVAE|S2|geobg|5|W05_C8|20260903|2,networks/S2/EVAE/f5_W05_C8_s20260903_d02.csv
S2,5,W05_C8,EVAE,20260903,3,1722050384,EVAE|S2|geobg|5|W05_C8|20260903|3,networks/S2/EVAE/f5_W05_C8_s20260903_d03.csv
S2,5,W05_C8,EVAE,20260903,4,4173394675,EVAE|S2|geobg|5|W05_C8|20260903|4,networks/S2/EVAE/f5_W05_C8_s20260903_d04.csv
S2,5,W05_C8,EVAE,20260903,5,2412233317,EVAE|S2|geobg|5|W05_C8|20260903|5,networks/S2/EVAE/f5_W05_C8_s20260903_d05.csv
S2,5,W05_C8,EVAE,20260903,6,382637023,EVAE|S2|geobg|5|W05_C8|20260903|6,networks/S2/EVAE/f5_W05_C8_s20260903_d06.csv
S2,5,W05_C8,EVAE,20260903,7,1640604489,EVAE|S2|geobg|5|W05_C8|20260903|7,networks/S2/EVAE/f5_W05_C8_s20260903_d07.csv
S2,5,W05_C8,EVAE,7,0,3363153229,EVAE|S2|geobg|5|W05_C8|7|0,networks/S2/EVAE/f5_W05_C8_s7_d00.csv
S2,5,W05_C8,EVAE,7,1,3211957723,EVAE|S2|geobg|5|W05_C8|7|1,networks/S2/EVAE/f5_W05_C8_s7_d01.csv
S2,5,W05_C8,EVAE,7,2,645645409,EVAE|S2|geobg|5|W05_C8|7|2,networks/S2/EVAE/f5_W05_C8_s7_d02.csv
S2,5,W05_C8,EVAE,7,3,1367143671,EVAE|S2|geobg|5|W05_C8|7|3,networks/S2/EVAE/f5_W05_C8_s7_d03.csv
S2,5,W05_C8,EVAE,7,4,3474481492,EVAE|S2|geobg|5|W05_C8|7|4,networks/S2/EVAE/f5_W05_C8_s7_d04.csv
S2,5,W05_C8,EVAE,7,5,3089060290,EVAE|S2|geobg|5|W05_C8|7|5,networks/S2/EVAE/f5_W05_C8_s7_d05.csv
S2,5,W05_C8,EVAE,7,6,555090040,EVAE|S2|geobg|5|W05_C8|7|6,networks/S2/EVAE/f5_W05_C8_s7_d06.csv
S2,5,W05_C8,EVAE,7,7,1443967214,EVAE|S2|geobg|5|W05_C8|7|7,networks/S2/EVAE/f5_W05_C8_s7_d07.csv
S2,5,W05_C8,ADFNE,1337,0,3049267946,ADFNE|S2|main|5|W05_C8|1337|0,networks/S2/ADFNE/f5_W05_C8_s1337_d00.csv
S2,5,W05_C8,ADFNE,1337,1,3267826300,ADFNE|S2|main|5|W05_C8|1337|1,networks/S2/ADFNE/f5_W05_C8_s1337_d01.csv
S2,5,W05_C8,ADFNE,1337,2,1540244422,ADFNE|S2|main|5|W05_C8|1337|2,networks/S2/ADFNE/f5_W05_C8_s1337_d02.csv
S2,5,W05_C8,ADFNE,1337,3,751399760,ADFNE|S2|main|5|W05_C8|1337|3,networks/S2/ADFNE/f5_W05_C8_s1337_d03.csv
S2,5,W05_C8,ADFNE,1337,4,2997741299,ADFNE|S2|main|5|W05_C8|1337|4,networks/S2/ADFNE/f5_W05_C8_s1337_d04.csv
S2,5,W05_C8,ADFNE,1337,5,3316307557,ADFNE|S2|main|5|W05_C8|1337|5,networks/S2/ADFNE/f5_W05_C8_s1337_d05.csv
S2,5,W05_C8,ADFNE,1337,6,1554221023,ADFNE|S2|main|5|W05_C8|1337|6,networks/S2/ADFNE/f5_W05_C8_s1337_d06.csv
S2,5,W05_C8,ADFNE,1337,7,732215113,ADFNE|S2|main|5|W05_C8|1337|7,networks/S2/ADFNE/f5_W05_C8_s1337_d07.csv
S2,5,W05_C8,ADFNE,20260903,0,1829174583,ADFNE|S2|main|5|W05_C8|20260903|0,networks/S2/ADFNE/f5_W05_C8_s20260903_d00.csv
S2,5,W05_C8,ADFNE,20260903,1,436325793,ADFNE|S2|main|5|W05_C8|20260903|1,networks/S2/ADFNE/f5_W05_C8_s20260903_d01.csv
S2,5,W05_C8,ADFNE,20260903,2,2198379547,ADFNE|S2|main|5|W05_C8|20260903|2,networks/S2/ADFNE/f5_W05_C8_s20260903_d02.csv
S2,5,W05_C8,ADFNE,20260903,3,4094667917,ADFNE|S2|main|5|W05_C8|20260903|3,networks/S2/ADFNE/f5_W05_C8_s20260903_d03.csv
S2,5,W05_C8,ADFNE,20260903,4,1785411886,ADFNE|S2|main|5|W05_C8|20260903|4,networks/S2/ADFNE/f5_W05_C8_s20260903_d04.csv
S2,5,W05_C8,ADFNE,20260903,5,493619640,ADFNE|S2|main|5|W05_C8|20260903|5,networks/S2/ADFNE/f5_W05_C8_s20260903_d05.csv
S2,5,W05_C8,ADFNE,20260903,6,2221234178,ADFNE|S2|main|5|W05_C8|20260903|6,networks/S2/ADFNE/f5_W05_C8_s20260903_d06.csv
S2,5,W05_C8,ADFNE,20260903,7,4083312788,ADFNE|S2|main|5|W05_C8|20260903|7,networks/S2/ADFNE/f5_W05_C8_s20260903_d07.csv
S2,5,W05_C8,ADFNE,7,0,3478696288,ADFNE|S2|main|5|W05_C8|7|0,networks/S2/ADFNE/f5_W05_C8_s7_d00.csv
S2,5,W05_C8,ADFNE,7,1,3093266934,ADFNE|S2|main|5|W05_C8|7|1,networks/S2/ADFNE/f5_W05_C8_s7_d01.csv
S2,5,W05_C8,ADFNE,7,2,559337548,ADFNE|S2|main|5|W05_C8|7|2,networks/S2/ADFNE/f5_W05_C8_s7_d02.csv
S2,5,W05_C8,ADFNE,7,3,1448206554,ADFNE|S2|main|5|W05_C8|7|3,networks/S2/ADFNE/f5_W05_C8_s7_d03.csv
S2,5,W05_C8,ADFNE,7,4,3358946681,ADFNE|S2|main|5|W05_C8|7|4,networks/S2/ADFNE/f5_W05_C8_s7_d04.csv
S2,5,W05_C8,ADFNE,7,5,3207742959,ADFNE|S2|main|5|W05_C8|7|5,networks/S2/ADFNE/f5_W05_C8_s7_d05.csv
S2,5,W05_C8,ADFNE,7,6,641406037,ADFNE|S2|main|5|W05_C8|7|6,networks/S2/ADFNE/f5_W05_C8_s7_d06.csv
S2,5,W05_C8,ADFNE,7,7,1362896067,ADFNE|S2|main|5|W05_C8|7|7,networks/S2/ADFNE/f5_W05_C8_s7_d07.csv
S2,5,W05_C8,KDE,1337,0,1474044389,KDE|S2|main|5|W05_C8|1337|0,networks/S2/KDE/f5_W05_C8_s1337_d00.csv
S2,5,W05_C8,KDE,1337,1,551227763,KDE|S2|main|5|W05_C8|1337|1,networks/S2/KDE/f5_W05_C8_s1337_d01.csv
S2,5,W05_C8,KDE,1337,2,3117564105,KDE|S2|main|5|W05_C8|1337|2,networks/S2/KDE/f5_W05_C8_s1337_d02.csv
S2,5,W05_C8,KDE,1337,3,3470094431,KDE|S2|main|5|W05_C8|1337|3,networks/S2/KDE/f5_W05_C8_s1337_d03.csv
S2,5,W05_C8,KDE,1337,4,1353836028,KDE|S2|main|5|W05_C8|1337|4,networks/S2/KDE/f5_W05_C8_s1337_d04.csv
S2,5,W05_C8,KDE,1337,5,666293610,KDE|S2|main|5|W05_C8|1337|5,networks/S2/KDE/f5_W05_C8_s1337_d05.csv
S2,5,W05_C8,KDE,1337,6,3200222416,KDE|S2|main|5|W05_C8|1337|6,networks/S2/KDE/f5_W05_C8_s1337_d06.csv
S2,5,W05_C8,KDE,1337,7,3384325190,KDE|S2|main|5|W05_C8|1337|7,networks/S2/KDE/f5_W05_C8_s1337_d07.csv
S2,5,W05_C8,KDE,20260903,0,2672856369,KDE|S2|main|5|W05_C8|20260903|0,networks/S2/KDE/f5_W05_C8_s20260903_d00.csv
S2,5,W05_C8,KDE,20260903,1,3898064295,KDE|S2|main|5|W05_C8|20260903|1,networks/S2/KDE/f5_W05_C8_s20260903_d01.csv
S2,5,W05_C8,KDE,20260903,2,1902046237,KDE|S2|main|5|W05_C8|20260903|2,networks/S2/KDE/f5_W05_C8_s20260903_d02.csv
S2,5,W05_C8,KDE,20260903,3,106552459,KDE|S2|main|5|W05_C8|20260903|3,networks/S2/KDE/f5_W05_C8_s20260903_d03.csv
S2,5,W05_C8,KDE,20260903,4,2554153256,KDE|S2|main|5|W05_C8|20260903|4,networks/S2/KDE/f5_W05_C8_s20260903_d04.csv
S2,5,W05_C8,KDE,20260903,5,4013586878,KDE|S2|main|5|W05_C8|20260903|5,networks/S2/KDE/f5_W05_C8_s20260903_d05.csv
S2,5,W05_C8,KDE,20260903,6,1983064068,KDE|S2|main|5|W05_C8|20260903|6,networks/S2/KDE/f5_W05_C8_s20260903_d06.csv
S2,5,W05_C8,KDE,20260903,7,20191378,KDE|S2|main|5|W05_C8|20260903|7,networks/S2/KDE/f5_W05_C8_s20260903_d07.csv
S2,5,W05_C8,KDE,7,0,1998815949,KDE|S2|main|5|W05_C8|7|0,networks/S2/KDE/f5_W05_C8_s7_d00.csv
S2,5,W05_C8,KDE,7,1,2404955,KDE|S2|main|5|W05_C8|7|1,networks/S2/KDE/f5_W05_C8_s7_d01.csv
S2,5,W05_C8,KDE,7,2,2569921505,KDE|S2|main|5|W05_C8|7|2,networks/S2/KDE/f5_W05_C8_s7_d02.csv
S2,5,W05_C8,KDE,7,3,3995784055,KDE|S2|main|5|W05_C8|7|3,networks/S2/KDE/f5_W05_C8_s7_d03.csv
S2,5,W05_C8,KDE,7,4,1884178132,KDE|S2|main|5|W05_C8|7|4,networks/S2/KDE/f5_W05_C8_s7_d04.csv
S2,5,W05_C8,KDE,7,5,122254914,KDE|S2|main|5|W05_C8|7|5,networks/S2/KDE/f5_W05_C8_s7_d05.csv
S2,5,W05_C8,KDE,7,6,2655004664,KDE|S2|main|5|W05_C8|7|6,networks/S2/KDE/f5_W05_C8_s7_d06.csv
S2,5,W05_C8,KDE,7,7,3913750382,KDE|S2|main|5|W05_C8|7|7,networks/S2/KDE/f5_W05_C8_s7_d07.csv
S2,6,W06_C1,EVAE,1337,0,2046061357,EVAE|S2|geobg|6|W06_C1|1337|0,networks/S2/EVAE/f6_W06_C1_s1337_d00.csv
S2,6,W06_C1,EVAE,1337,1,250829755,EVAE|S2|geobg|6|W06_C1|1337|1,networks/S2/EVAE/f6_W06_C1_s1337_d01.csv
S2,6,W06_C1,EVAE,1337,2,2549746177,EVAE|S2|geobg|6|W06_C1|1337|2,networks/S2/EVAE/f6_W06_C1_s1337_d02.csv
S2,6,W06_C1,EVAE,1337,3,3774691991,EVAE|S2|geobg|6|W06_C1|1337|3,networks/S2/EVAE/f6_W06_C1_s1337_d03.csv
S2,6,W06_C1,EVAE,1337,4,2124001076,EVAE|S2|geobg|6|W06_C1|1337|4,networks/S2/EVAE/f6_W06_C1_s1337_d04.csv
S2,6,W06_C1,EVAE,1337,5,161390498,EVAE|S2|geobg|6|W06_C1|1337|5,networks/S2/EVAE/f6_W06_C1_s1337_d05.csv
S2,6,W06_C1,EVAE,1337,6,2425867800,EVAE|S2|geobg|6|W06_C1|1337|6,networks/S2/EVAE/f6_W06_C1_s1337_d06.csv
S2,6,W06_C1,EVAE,1337,7,3885039246,EVAE|S2|geobg|6|W06_C1|1337|7,networks/S2/EVAE/f6_W06_C1_s1337_d07.csv
S2,6,W06_C1,EVAE,20260903,0,3492798635,EVAE|S2|geobg|6|W06_C1|20260903|0,networks/S2/EVAE/f6_W06_C1_s20260903_d00.csv
S2,6,W06_C1,EVAE,20260903,1,2804469821,EVAE|S2|geobg|6|W06_C1|20260903|1,networks/S2/EVAE/f6_W06_C1_s20260903_d01.csv
S2,6,W06_C1,EVAE,20260903,2,1042383239,EVAE|S2|geobg|6|W06_C1|20260903|2,networks/S2/EVAE/f6_W06_C1_s20260903_d02.csv
S2,6,W06_C1,EVAE,20260903,3,1227272465,EVAE|S2|geobg|6|W06_C1|20260903|3,networks/S2/EVAE/f6_W06_C1_s20260903_d03.csv
S2,6,W06_C1,EVAE,20260903,4,3611436210,EVAE|S2|geobg|6|W06_C1|20260903|4,networks/S2/EVAE/f6_W06_C1_s20260903_d04.csv
S2,6,W06_C1,EVAE,20260903,5,2688881700,EVAE|S2|geobg|6|W06_C1|20260903|5,networks/S2/EVAE/f6_W06_C1_s20260903_d05.csv
S2,6,W06_C1,EVAE,20260903,6,961299870,EVAE|S2|geobg|6|W06_C1|20260903|6,networks/S2/EVAE/f6_W06_C1_s20260903_d06.csv
S2,6,W06_C1,EVAE,20260903,7,1313568008,EVAE|S2|geobg|6|W06_C1|20260903|7,networks/S2/EVAE/f6_W06_C1_s20260903_d07.csv
S2,6,W06_C1,EVAE,7,0,1014239791,EVAE|S2|geobg|6|W06_C1|7|0,networks/S2/EVAE/f6_W06_C1_s7_d00.csv
S2,6,W06_C1,EVAE,7,1,1265836729,EVAE|S2|geobg|6|W06_C1|7|1,networks/S2/EVAE/f6_W06_C1_s7_d01.csv
S2,6,W06_C1,EVAE,7,2,3531240195,EVAE|S2|geobg|6|W06_C1|7|2,networks/S2/EVAE/f6_W06_C1_s7_d02.csv
S2,6,W06_C1,EVAE,7,3,2776449941,EVAE|S2|geobg|6|W06_C1|7|3,networks/S2/EVAE/f6_W06_C1_s7_d03.csv
S2,6,W06_C1,EVAE,7,4,991548982,EVAE|S2|geobg|6|W06_C1|7|4,networks/S2/EVAE/f6_W06_C1_s7_d04.csv
S2,6,W06_C1,EVAE,7,5,1277093536,EVAE|S2|geobg|6|W06_C1|7|5,networks/S2/EVAE/f6_W06_C1_s7_d05.csv
S2,6,W06_C1,EVAE,7,6,3575101210,EVAE|S2|geobg|6|W06_C1|7|6,networks/S2/EVAE/f6_W06_C1_s7_d06.csv
S2,6,W06_C1,EVAE,7,7,2718992268,EVAE|S2|geobg|6|W06_C1|7|7,networks/S2/EVAE/f6_W06_C1_s7_d07.csv
S2,6,W06_C1,ADFNE,1337,0,571487673,ADFNE|S2|main|6|W06_C1|1337|0,networks/S2/ADFNE/f6_W06_C1_s1337_d00.csv
S2,6,W06_C1,ADFNE,1337,1,1427572015,ADFNE|S2|main|6|W06_C1|1337|1,networks/S2/ADFNE/f6_W06_C1_s1337_d01.csv
S2,6,W06_C1,ADFNE,1337,2,3424539797,ADFNE|S2|main|6|W06_C1|1337|2,networks/S2/ADFNE/f6_W06_C1_s1337_d02.csv
S2,6,W06_C1,ADFNE,1337,3,3139003395,ADFNE|S2|main|6|W06_C1|1337|3,networks/S2/ADFNE/f6_W06_C1_s1337_d03.csv
S2,6,W06_C1,ADFNE,1337,4,629010848,ADFNE|S2|main|6|W06_C1|1337|4,networks/S2/ADFNE/f6_W06_C1_s1337_d04.csv
S2,6,W06_C1,ADFNE,1337,5,1383776566,ADFNE|S2|main|6|W06_C1|1337|5,networks/S2/ADFNE/f6_W06_C1_s1337_d05.csv
S2,6,W06_C1,ADFNE,1337,6,3413348492,ADFNE|S2|main|6|W06_C1|1337|6,networks/S2/ADFNE/f6_W06_C1_s1337_d06.csv
S2,6,W06_C1,ADFNE,1337,7,3161759770,ADFNE|S2|main|6|W06_C1|1337|7,networks/S2/ADFNE/f6_W06_C1_s1337_d07.csv
S2,6,W06_C1,ADFNE,20260903,0,1115958134,ADFNE|S2|main|6|W06_C1|20260903|0,networks/S2/ADFNE/f6_W06_C1_s20260903_d00.csv
S2,6,W06_C1,ADFNE,20260903,1,897784800,ADFNE|S2|main|6|W06_C1|20260903|1,networks/S2/ADFNE/f6_W06_C1_s20260903_d01.csv
S2,6,W06_C1,ADFNE,20260903,2,2894744154,ADFNE|S2|main|6|W06_C1|20260903|2,networks/S2/ADFNE/f6_W06_C1_s20260903_d02.csv
S2,6,W06_C1,ADFNE,20260903,3,3683482316,ADFNE|S2|main|6|W06_C1|20260903|3,networks/S2/ADFNE/f6_W06_C1_s20260903_d03.csv
S2,6,W06_C1,ADFNE,20260903,4,1172959087,ADFNE|S2|main|6|W06_C1|20260903|4,networks/S2/ADFNE/f6_W06_C1_s20260903_d04.csv
S2,6,W06_C1,ADFNE,20260903,5,854515705,ADFNE|S2|main|6|W06_C1|20260903|5,networks/S2/ADFNE/f6_W06_C1_s20260903_d05.csv
S2,6,W06_C1,ADFNE,20260903,6,2884079171,ADFNE|S2|main|6|W06_C1|20260903|6,networks/S2/ADFNE/f6_W06_C1_s20260903_d06.csv
S2,6,W06_C1,ADFNE,20260903,7,3705716437,ADFNE|S2|main|6|W06_C1|20260903|7,networks/S2/ADFNE/f6_W06_C1_s20260903_d07.csv
S2,6,W06_C1,ADFNE,7,0,995689986,ADFNE|S2|main|6|W06_C1|7|0,networks/S2/ADFNE/f6_W06_C1_s7_d00.csv
S2,6,W06_C1,ADFNE,7,1,1281242772,ADFNE|S2|main|6|W06_C1|7|1,networks/S2/ADFNE/f6_W06_C1_s7_d01.csv
S2,6,W06_C1,ADFNE,7,2,3579275054,ADFNE|S2|main|6|W06_C1|7|2,networks/S2/ADFNE/f6_W06_C1_s7_d02.csv
S2,6,W06_C1,ADFNE,7,3,2723174328,ADFNE|S2|main|6|W06_C1|7|3,networks/S2/ADFNE/f6_W06_C1_s7_d03.csv
S2,6,W06_C1,ADFNE,7,4,1010090523,ADFNE|S2|main|6|W06_C1|7|4,networks/S2/ADFNE/f6_W06_C1_s7_d04.csv
S2,6,W06_C1,ADFNE,7,5,1261695629,ADFNE|S2|main|6|W06_C1|7|5,networks/S2/ADFNE/f6_W06_C1_s7_d05.csv
S2,6,W06_C1,ADFNE,7,6,3527058231,ADFNE|S2|main|6|W06_C1|7|6,networks/S2/ADFNE/f6_W06_C1_s7_d06.csv
S2,6,W06_C1,ADFNE,7,7,2772276129,ADFNE|S2|main|6|W06_C1|7|7,networks/S2/ADFNE/f6_W06_C1_s7_d07.csv
S2,6,W06_C1,KDE,1337,0,3222025910,KDE|S2|main|6|W06_C1|1337|0,networks/S2/KDE/f6_W06_C1_s1337_d00.csv
S2,6,W06_C1,KDE,1337,1,3070952992,KDE|S2|main|6|W06_C1|1337|1,networks/S2/KDE/f6_W06_C1_s1337_d01.csv
S2,6,W06_C1,KDE,1337,2,771905434,KDE|S2|main|6|W06_C1|1337|2,networks/S2/KDE/f6_W06_C1_s1337_d02.csv
S2,6,W06_C1,KDE,1337,3,1493526284,KDE|S2|main|6|W06_C1|1337|3,networks/S2/KDE/f6_W06_C1_s1337_d03.csv
S2,6,W06_C1,KDE,1337,4,3345085103,KDE|S2|main|6|W06_C1|1337|4,networks/S2/KDE/f6_W06_C1_s1337_d04.csv
S2,6,W06_C1,KDE,1337,5,2959524409,KDE|S2|main|6|W06_C1|1337|5,networks/S2/KDE/f6_W06_C1_s1337_d05.csv
S2,6,W06_C1,KDE,1337,6,695178115,KDE|S2|main|6|W06_C1|1337|6,networks/S2/KDE/f6_W06_C1_s1337_d06.csv
S2,6,W06_C1,KDE,1337,7,1583915797,KDE|S2|main|6|W06_C1|1337|7,networks/S2/KDE/f6_W06_C1_s1337_d07.csv
S2,6,W06_C1,KDE,20260903,0,2966575984,KDE|S2|main|6|W06_C1|20260903|0,networks/S2/KDE/f6_W06_C1_s20260903_d00.csv
S2,6,W06_C1,KDE,20260903,1,3352652774,KDE|S2|main|6|W06_C1|20260903|1,networks/S2/KDE/f6_W06_C1_s20260903_d01.csv
S2,6,W06_C1,KDE,20260903,2,1591491164,KDE|S2|main|6|W06_C1|20260903|2,networks/S2/KDE/f6_W06_C1_s20260903_d02.csv
S2,6,W06_C1,KDE,20260903,3,702221002,KDE|S2|main|6|W06_C1|20260903|3,networks/S2/KDE/f6_W06_C1_s20260903_d03.csv
S2,6,W06_C1,KDE,20260903,4,3082788713,KDE|S2|main|6|W06_C1|20260903|4,networks/S2/KDE/f6_W06_C1_s20260903_d04.csv
S2,6,W06_C1,KDE,20260903,5,3233329151,KDE|S2|main|6|W06_C1|20260903|5,networks/S2/KDE/f6_W06_C1_s20260903_d05.csv
S2,6,W06_C1,KDE,20260903,6,1504837189,KDE|S2|main|6|W06_C1|20260903|6,networks/S2/KDE/f6_W06_C1_s20260903_d06.csv
S2,6,W06_C1,KDE,20260903,7,783732435,KDE|S2|main|6|W06_C1|20260903|7,networks/S2/KDE/f6_W06_C1_s20260903_d07.csv
S2,6,W06_C1,KDE,7,0,2200057263,KDE|S2|main|6|W06_C1|7|0,networks/S2/KDE/f6_W06_C1_s7_d00.csv
S2,6,W06_C1,KDE,7,1,4096066873,KDE|S2|main|6|W06_C1|7|1,networks/S2/KDE/f6_W06_C1_s7_d01.csv
S2,6,W06_C1,KDE,7,2,1831621763,KDE|S2|main|6|W06_C1|7|2,networks/S2/KDE/f6_W06_C1_s7_d02.csv
S2,6,W06_C1,KDE,7,3,439051285,KDE|S2|main|6|W06_C1|7|3,networks/S2/KDE/f6_W06_C1_s7_d03.csv
S2,6,W06_C1,KDE,7,4,2219831734,KDE|S2|main|6|W06_C1|7|4,networks/S2/KDE/f6_W06_C1_s7_d04.csv
S2,6,W06_C1,KDE,7,5,4081631520,KDE|S2|main|6|W06_C1|7|5,networks/S2/KDE/f6_W06_C1_s7_d05.csv
S2,6,W06_C1,KDE,7,6,1782681754,KDE|S2|main|6|W06_C1|7|6,networks/S2/KDE/f6_W06_C1_s7_d06.csv
S2,6,W06_C1,KDE,7,7,491167756,KDE|S2|main|6|W06_C1|7|7,networks/S2/KDE/f6_W06_C1_s7_d07.csv
S2,6,W06_C2,EVAE,1337,0,4152061134,EVAE|S2|geobg|6|W06_C2|1337|0,networks/S2/EVAE/f6_W06_C2_s1337_d00.csv
S2,6,W06_C2,EVAE,1337,1,2155633752,EVAE|S2|geobg|6|W06_C2|1337|1,networks/S2/EVAE/f6_W06_C2_s1337_d01.csv
S2,6,W06_C2,EVAE,1337,2,427101666,EVAE|S2|geobg|6|W06_C2|1337|2,networks/S2/EVAE/f6_W06_C2_s1337_d02.csv
S2,6,W06_C2,EVAE,1337,3,1852980596,EVAE|S2|geobg|6|W06_C2|1337|3,networks/S2/EVAE/f6_W06_C2_s1337_d03.csv
S2,6,W06_C2,EVAE,1337,4,4028016855,EVAE|S2|geobg|6|W06_C2|1337|4,networks/S2/EVAE/f6_W06_C2_s1337_d04.csv
S2,6,W06_C2,EVAE,1337,5,2266077249,EVAE|S2|geobg|6|W06_C2|1337|5,networks/S2/EVAE/f6_W06_C2_s1337_d05.csv
S2,6,W06_C2,EVAE,1337,6,504941051,EVAE|S2|geobg|6|W06_C2|1337|6,networks/S2/EVAE/f6_W06_C2_s1337_d06.csv
S2,6,W06_C2,EVAE,1337,7,1763703149,EVAE|S2|geobg|6|W06_C2|1337|7,networks/S2/EVAE/f6_W06_C2_s1337_d07.csv
S2,6,W06_C2,EVAE,20260903,0,2813407835,EVAE|S2|geobg|6|W06_C2|20260903|0,networks/S2/EVAE/f6_W06_C2_s20260903_d00.csv
S2,6,W06_C2,EVAE,20260903,1,3501589197,EVAE|S2|geobg|6|W06_C2|20260903|1,networks/S2/EVAE/f6_W06_C2_s20260903_d01.csv
S2,6,W06_C2,EVAE,20260903,2,1237275511,EVAE|S2|geobg|6|W06_C2|20260903|2,networks/S2/EVAE/f6_W06_C2_s20260903_d02.csv
S2,6,W06_C2,EVAE,20260903,3,1052271585,EVAE|S2|geobg|6|W06_C2|20260903|3,networks/S2/EVAE/f6_W06_C2_s20260903_d03.csv
S2,6,W06_C2,EVAE,20260903,4,2698835522,EVAE|S2|geobg|6|W06_C2|20260903|4,networks/S2/EVAE/f6_W06_C2_s20260903_d04.csv
S2,6,W06_C2,EVAE,20260903,5,3621504724,EVAE|S2|geobg|6|W06_C2|20260903|5,networks/S2/EVAE/f6_W06_C2_s20260903_d05.csv
S2,6,W06_C2,EVAE,20260903,6,1322424174,EVAE|S2|geobg|6|W06_C2|20260903|6,networks/S2/EVAE/f6_W06_C2_s20260903_d06.csv
S2,6,W06_C2,EVAE,20260903,7,970303480,EVAE|S2|geobg|6|W06_C2|20260903|7,networks/S2/EVAE/f6_W06_C2_s20260903_d07.csv
S2,6,W06_C2,EVAE,7,0,2077518079,EVAE|S2|geobg|6|W06_C2|7|0,networks/S2/EVAE/f6_W06_C2_s7_d00.csv
S2,6,W06_C2,EVAE,7,1,215177321,EVAE|S2|geobg|6|W06_C2|7|1,networks/S2/EVAE/f6_W06_C2_s7_d01.csv
S2,6,W06_C2,EVAE,7,2,2514094547,EVAE|S2|geobg|6|W06_C2|7|2,networks/S2/EVAE/f6_W06_C2_s7_d02.csv
S2,6,W06_C2,EVAE,7,3,3806148933,EVAE|S2|geobg|6|W06_C2|7|3,networks/S2/EVAE/f6_W06_C2_s7_d03.csv
S2,6,W06_C2,EVAE,7,4,2092543206,EVAE|S2|geobg|6|W06_C2|7|4,networks/S2/EVAE/f6_W06_C2_s7_d04.csv
S2,6,W06_C2,EVAE,7,5,197041264,EVAE|S2|geobg|6|W06_C2|7|5,networks/S2/EVAE/f6_W06_C2_s7_d05.csv
S2,6,W06_C2,EVAE,7,6,2461519306,EVAE|S2|geobg|6|W06_C2|7|6,networks/S2/EVAE/f6_W06_C2_s7_d06.csv
S2,6,W06_C2,EVAE,7,7,3853581660,EVAE|S2|geobg|6|W06_C2|7|7,networks/S2/EVAE/f6_W06_C2_s7_d07.csv
S2,6,W06_C2,ADFNE,1337,0,2896114266,ADFNE|S2|main|6|W06_C2|1337|0,networks/S2/ADFNE/f6_W06_C2_s1337_d00.csv
S2,6,W06_C2,ADFNE,1337,1,3684172492,ADFNE|S2|main|6|W06_C2|1337|1,networks/S2/ADFNE/f6_W06_C2_s1337_d01.csv
S2,6,W06_C2,ADFNE,1337,2,1116820342,ADFNE|S2|main|6|W06_C2|1337|2,networks/S2/ADFNE/f6_W06_C2_s1337_d02.csv
S2,6,W06_C2,ADFNE,1337,3,899048416,ADFNE|S2|main|6|W06_C2|1337|3,networks/S2/ADFNE/f6_W06_C2_s1337_d03.csv
S2,6,W06_C2,ADFNE,1337,4,2884826691,ADFNE|S2|main|6|W06_C2|1337|4,networks/S2/ADFNE/f6_W06_C2_s1337_d04.csv
S2,6,W06_C2,ADFNE,1337,5,3707094741,ADFNE|S2|main|6|W06_C2|1337|5,networks/S2/ADFNE/f6_W06_C2_s1337_d05.csv
S2,6,W06_C2,ADFNE,1337,6,1174181743,ADFNE|S2|main|6|W06_C2|1337|6,networks/S2/ADFNE/f6_W06_C2_s1337_d06.csv
S2,6,W06_C2,ADFNE,1337,7,855353337,ADFNE|S2|main|6|W06_C2|1337|7,networks/S2/ADFNE/f6_W06_C2_s1337_d07.csv
S2,6,W06_C2,ADFNE,20260903,0,890960262,ADFNE|S2|main|6|W06_C2|20260903|0,networks/S2/ADFNE/f6_W06_C2_s20260903_d00.csv
S2,6,W06_C2,ADFNE,20260903,1,1109248272,ADFNE|S2|main|6|W06_C2|20260903|1,networks/S2/ADFNE/f6_W06_C2_s20260903_d01.csv
S2,6,W06_C2,ADFNE,20260903,2,3675560106,ADFNE|S2|main|6|W06_C2|20260903|2,networks/S2/ADFNE/f6_W06_C2_s20260903_d02.csv
S2,6,W06_C2,ADFNE,20260903,3,2886969404,ADFNE|S2|main|6|W06_C2|20260903|3,networks/S2/ADFNE/f6_W06_C2_s20260903_d03.csv
S2,6,W06_C2,ADFNE,20260903,4,846675359,ADFNE|S2|main|6|W06_C2|20260903|4,networks/S2/ADFNE/f6_W06_C2_s20260903_d04.csv
S2,6,W06_C2,ADFNE,20260903,5,1164971273,ADFNE|S2|main|6|W06_C2|20260903|5,networks/S2/ADFNE/f6_W06_C2_s20260903_d05.csv
S2,6,W06_C2,ADFNE,20260903,6,3698941107,ADFNE|S2|main|6|W06_C2|20260903|6,networks/S2/ADFNE/f6_W06_C2_s20260903_d06.csv
S2,6,W06_C2,ADFNE,20260903,7,2877189157,ADFNE|S2|main|6|W06_C2|20260903|7,networks/S2/ADFNE/f6_W06_C2_s20260903_d07.csv
S2,6,W06_C2,ADFNE,7,0,2096725202,ADFNE|S2|main|6|W06_C2|7|0,networks/S2/ADFNE/f6_W06_C2_s7_d00.csv
S2,6,W06_C2,ADFNE,7,1,201215044,ADFNE|S2|main|6|W06_C2|7|1,networks/S2/ADFNE/f6_W06_C2_s7_d01.csv
S2,6,W06_C2,ADFNE,7,2,2465668606,ADFNE|S2|main|6|W06_C2|7|2,networks/S2/ADFNE/f6_W06_C2_s7_d02.csv
S2,6,W06_C2,ADFNE,7,3,3857722728,ADFNE|S2|main|6|W06_C2|7|3,networks/S2/ADFNE/f6_W06_C2_s7_d03.csv
S2,6,W06_C2,ADFNE,7,4,2073344203,ADFNE|S2|main|6|W06_C2|7|4,networks/S2/ADFNE/f6_W06_C2_s7_d04.csv
S2,6,W06_C2,ADFNE,7,5,210995293,ADFNE|S2|main|6|W06_C2|7|5,networks/S2/ADFNE/f6_W06_C2_s7_d05.csv
S2,6,W06_C2,ADFNE,7,6,2509953511,ADFNE|S2|main|6|W06_C2|7|6,networks/S2/ADFNE/f6_W06_C2_s7_d06.csv
S2,6,W06_C2,ADFNE,7,7,3801999729,ADFNE|S2|main|6|W06_C2|7|7,networks/S2/ADFNE/f6_W06_C2_s7_d07.csv
S2,6,W06_C2,KDE,1337,0,1317220693,KDE|S2|main|6|W06_C2|1337|0,networks/S2/KDE/f6_W06_C2_s1337_d00.csv
S2,6,W06_C2,KDE,1337,1,964952515,KDE|S2|main|6|W06_C2|1337|1,networks/S2/KDE/f6_W06_C2_s1337_d01.csv
S2,6,W06_C2,KDE,1337,2,2693615737,KDE|S2|main|6|W06_C2|1337|2,networks/S2/KDE/f6_W06_C2_s1337_d02.csv
S2,6,W06_C2,KDE,1337,3,3616170223,KDE|S2|main|6|W06_C2|1337|3,networks/S2/KDE/f6_W06_C2_s1337_d03.csv
S2,6,W06_C2,KDE,1337,4,1240397132,KDE|S2|main|6|W06_C2|1337|4,networks/S2/KDE/f6_W06_C2_s1337_d04.csv
S2,6,W06_C2,KDE,1337,5,1055507930,KDE|S2|main|6|W06_C2|1337|5,networks/S2/KDE/f6_W06_C2_s1337_d05.csv
S2,6,W06_C2,KDE,1337,6,2816513120,KDE|S2|main|6|W06_C2|1337|6,networks/S2/KDE/f6_W06_C2_s1337_d06.csv
S2,6,W06_C2,KDE,1337,7,3504841974,KDE|S2|main|6|W06_C2|1337|7,networks/S2/KDE/f6_W06_C2_s1337_d07.csv
S2,6,W06_C2,KDE,20260903,0,3343681920,KDE|S2|main|6|W06_C2|20260903|0,networks/S2/KDE/f6_W06_C2_s20260903_d00.csv
S2,6,W06_C2,KDE,20260903,1,2957752598,KDE|S2|main|6|W06_C2|20260903|1,networks/S2/KDE/f6_W06_C2_s20260903_d01.csv
S2,6,W06_C2,KDE,20260903,2,692250796,KDE|S2|main|6|W06_C2|20260903|2,networks/S2/KDE/f6_W06_C2_s20260903_d02.csv
S2,6,W06_C2,KDE,20260903,3,1581635642,KDE|S2|main|6|W06_C2|20260903|3,networks/S2/KDE/f6_W06_C2_s20260903_d03.csv
S2,6,W06_C2,KDE,20260903,4,3223408025,KDE|S2|main|6|W06_C2|20260903|4,networks/S2/KDE/f6_W06_C2_s20260903_d04.csv
S2,6,W06_C2,KDE,20260903,5,3072752911,KDE|S2|main|6|W06_C2|20260903|5,networks/S2/KDE/f6_W06_C2_s20260903_d05.csv
S2,6,W06_C2,KDE,20260903,6,774843573,KDE|S2|main|6|W06_C2|20260903|6,networks/S2/KDE/f6_W06_C2_s20260903_d06.csv
S2,6,W06_C2,KDE,20260903,7,1495800867,KDE|S2|main|6|W06_C2|20260903|7,networks/S2/KDE/f6_W06_C2_s20260903_d07.csv
S2,6,W06_C2,KDE,7,0,3296874367,KDE|S2|main|6|W06_C2|7|0,networks/S2/KDE/f6_W06_C2_s7_d00.csv
S2,6,W06_C2,KDE,7,1,3011870697,KDE|S2|main|6|W06_C2|7|1,networks/S2/KDE/f6_W06_C2_s7_d01.csv
S2,6,W06_C2,KDE,7,2,713829971,KDE|S2|main|6|W06_C2|7|2,networks/S2/KDE/f6_W06_C2_s7_d02.csv
S2,6,W06_C2,KDE,7,3,1569398469,KDE|S2|main|6|W06_C2|7|3,networks/S2/KDE/f6_W06_C2_s7_d03.csv
S2,6,W06_C2,KDE,7,4,3287255910,KDE|S2|main|6|W06_C2|7|4,networks/S2/KDE/f6_W06_C2_s7_d04.csv
S2,6,W06_C2,KDE,7,5,3035151344,KDE|S2|main|6|W06_C2|7|5,networks/S2/KDE/f6_W06_C2_s7_d05.csv
S2,6,W06_C2,KDE,7,6,769780298,KDE|S2|main|6|W06_C2|7|6,networks/S2/KDE/f6_W06_C2_s7_d06.csv
S2,6,W06_C2,KDE,7,7,1525078748,KDE|S2|main|6|W06_C2|7|7,networks/S2/KDE/f6_W06_C2_s7_d07.csv
S2,6,W06_C3,EVAE,1337,0,1003580496,EVAE|S2|geobg|6|W06_C3|1337|0,networks/S2/EVAE/f6_W06_C3_s1337_d00.csv
S2,6,W06_C3,EVAE,1337,1,1289116870,EVAE|S2|geobg|6|W06_C3|1337|1,networks/S2/EVAE/f6_W06_C3_s1337_d01.csv
S2,6,W06_C3,EVAE,1337,2,3588164988,EVAE|S2|geobg|6|W06_C3|1337|2,networks/S2/EVAE/f6_W06_C3_s1337_d02.csv
S2,6,W06_C3,EVAE,1337,3,2732080618,EVAE|S2|geobg|6|W06_C3|1337|3,networks/S2/EVAE/f6_W06_C3_s1337_d03.csv
S2,6,W06_C3,EVAE,1337,4,1018996809,EVAE|S2|geobg|6|W06_C3|1337|4,networks/S2/EVAE/f6_W06_C3_s1337_d04.csv
S2,6,W06_C3,EVAE,1337,5,1270585567,EVAE|S2|geobg|6|W06_C3|1337|5,networks/S2/EVAE/f6_W06_C3_s1337_d05.csv
S2,6,W06_C3,EVAE,1337,6,3534932325,EVAE|S2|geobg|6|W06_C3|1337|6,networks/S2/EVAE/f6_W06_C3_s1337_d06.csv
S2,6,W06_C3,EVAE,1337,7,2780166643,EVAE|S2|geobg|6|W06_C3|1337|7,networks/S2/EVAE/f6_W06_C3_s1337_d07.csv
S2,6,W06_C3,EVAE,20260903,0,1007975988,EVAE|S2|geobg|6|W06_C3|20260903|0,networks/S2/EVAE/f6_W06_C3_s20260903_d00.csv
S2,6,W06_C3,EVAE,20260903,1,1259556514,EVAE|S2|geobg|6|W06_C3|20260903|1,networks/S2/EVAE/f6_W06_C3_s20260903_d01.csv
S2,6,W06_C3,EVAE,20260903,2,3524927256,EVAE|S2|geobg|6|W06_C3|20260903|2,networks/S2/EVAE/f6_W06_C3_s20260903_d02.csv
S2,6,W06_C3,EVAE,20260903,3,2770153358,EVAE|S2|geobg|6|W06_C3|20260903|3,networks/S2/EVAE/f6_W06_C3_s20260903_d03.csv
S2,6,W06_C3,EVAE,20260903,4,997833261,EVAE|S2|geobg|6|W06_C3|20260903|4,networks/S2/EVAE/f6_W06_C3_s20260903_d04.csv
S2,6,W06_C3,EVAE,20260903,5,1283361467,EVAE|S2|geobg|6|W06_C3|20260903|5,networks/S2/EVAE/f6_W06_C3_s20260903_d05.csv
S2,6,W06_C3,EVAE,20260903,6,3581401857,EVAE|S2|geobg|6|W06_C3|20260903|6,networks/S2/EVAE/f6_W06_C3_s20260903_d06.csv
S2,6,W06_C3,EVAE,20260903,7,2725309335,EVAE|S2|geobg|6|W06_C3|20260903|7,networks/S2/EVAE/f6_W06_C3_s20260903_d07.csv
S2,6,W06_C3,EVAE,7,0,1186218319,EVAE|S2|geobg|6|W06_C3|7|0,networks/S2/EVAE/f6_W06_C3_s7_d00.csv
S2,6,W06_C3,EVAE,7,1,833843673,EVAE|S2|geobg|6|W06_C3|7|1,networks/S2/EVAE/f6_W06_C3_s7_d01.csv
S2,6,W06_C3,EVAE,7,2,2830770275,EVAE|S2|geobg|6|W06_C3|7|2,networks/S2/EVAE/f6_W06_C3_s7_d02.csv
S2,6,W06_C3,EVAE,7,3,3753709813,EVAE|S2|geobg|6|W06_C3|7|3,networks/S2/EVAE/f6_W06_C3_s7_d03.csv
S2,6,W06_C3,EVAE,7,4,1104774486,EVAE|S2|geobg|6|W06_C3|7|4,networks/S2/EVAE/f6_W06_C3_s7_d04.csv
S2,6,W06_C3,EVAE,7,5,920565184,EVAE|S2|geobg|6|W06_C3|7|5,networks/S2/EVAE/f6_W06_C3_s7_d05.csv
S2,6,W06_C3,EVAE,7,6,2950161530,EVAE|S2|geobg|6|W06_C3|7|6,networks/S2/EVAE/f6_W06_C3_s7_d06.csv
S2,6,W06_C3,EVAE,7,7,3637564652,EVAE|S2|geobg|6|W06_C3|7|7,networks/S2/EVAE/f6_W06_C3_s7_d07.csv
S2,6,W06_C3,ADFNE,1337,0,1614099140,ADFNE|S2|main|6|W06_C3|1337|0,networks/S2/ADFNE/f6_W06_C3_s1337_d00.csv
S2,6,W06_C3,ADFNE,1337,1,389153362,ADFNE|S2|main|6|W06_C3|1337|1,networks/S2/ADFNE/f6_W06_C3_s1337_d01.csv
S2,6,W06_C3,ADFNE,1337,2,2386252776,ADFNE|S2|main|6|W06_C3|1337|2,networks/S2/ADFNE/f6_W06_C3_s1337_d02.csv
S2,6,W06_C3,ADFNE,1337,3,4181484414,ADFNE|S2|main|6|W06_C3|1337|3,networks/S2/ADFNE/f6_W06_C3_s1337_d03.csv
S2,6,W06_C3,ADFNE,1337,4,1733883613,ADFNE|S2|main|6|W06_C3|1337|4,networks/S2/ADFNE/f6_W06_C3_s1337_d04.csv
S2,6,W06_C3,ADFNE,1337,5,274712139,ADFNE|S2|main|6|W06_C3|1337|5,networks/S2/ADFNE/f6_W06_C3_s1337_d05.csv
S2,6,W06_C3,ADFNE,1337,6,2304153585,ADFNE|S2|main|6|W06_C3|1337|6,networks/S2/ADFNE/f6_W06_C3_s1337_d06.csv
S2,6,W06_C3,ADFNE,1337,7,4266764135,ADFNE|S2|main|6|W06_C3|1337|7,networks/S2/ADFNE/f6_W06_C3_s1337_d07.csv
S2,6,W06_C3,ADFNE,20260903,0,2931799529,ADFNE|S2|main|6|W06_C3|20260903|0,networks/S2/ADFNE/f6_W06_C3_s20260903_d00.csv
S2,6,W06_C3,ADFNE,20260903,1,3652748671,ADFNE|S2|main|6|W06_C3|20260903|1,networks/S2/ADFNE/f6_W06_C3_s20260903_d01.csv
S2,6,W06_C3,ADFNE,20260903,2,1085396165,ADFNE|S2|main|6|W06_C3|20260903|2,networks/S2/ADFNE/f6_W06_C3_s20260903_d02.csv
S2,6,W06_C3,ADFNE,20260903,3,934732883,ADFNE|S2|main|6|W06_C3|20260903|3,networks/S2/ADFNE/f6_W06_C3_s20260903_d03.csv
S2,6,W06_C3,ADFNE,20260903,4,2849141232,ADFNE|S2|main|6|W06_C3|20260903|4,networks/S2/ADFNE/f6_W06_C3_s20260903_d04.csv
S2,6,W06_C3,ADFNE,20260903,5,3738517862,ADFNE|S2|main|6|W06_C3|20260903|5,networks/S2/ADFNE/f6_W06_C3_s20260903_d05.csv
S2,6,W06_C3,ADFNE,20260903,6,1205604572,ADFNE|S2|main|6|W06_C3|20260903|6,networks/S2/ADFNE/f6_W06_C3_s20260903_d06.csv
S2,6,W06_C3,ADFNE,20260903,7,819667018,ADFNE|S2|main|6|W06_C3|20260903|7,networks/S2/ADFNE/f6_W06_C3_s20260903_d07.csv
S2,6,W06_C3,ADFNE,7,0,1100567906,ADFNE|S2|main|6|W06_C3|7|0,networks/S2/ADFNE/f6_W06_C3_s7_d00.csv
S2,6,W06_C3,ADFNE,7,1,916350452,ADFNE|S2|main|6|W06_C3|7|1,networks/S2/ADFNE/f6_W06_C3_s7_d01.csv
S2,6,W06_C3,ADFNE,7,2,2945922126,ADFNE|S2|main|6|W06_C3|7|2,networks/S2/ADFNE/f6_W06_C3_s7_d02.csv
S2,6,W06_C3,ADFNE,7,3,3633317080,ADFNE|S2|main|6|W06_C3|7|3,networks/S2/ADFNE/f6_W06_C3_s7_d03.csv
S2,6,W06_C3,ADFNE,7,4,1190433147,ADFNE|S2|main|6|W06_C3|7|4,networks/S2/ADFNE/f6_W06_C3_s7_d04.csv
S2,6,W06_C3,ADFNE,7,5,838050285,ADFNE|S2|main|6|W06_C3|7|5,networks/S2/ADFNE/f6_W06_C3_s7_d05.csv
S2,6,W06_C3,ADFNE,7,6,2835017815,ADFNE|S2|main|6|W06_C3|7|6,networks/S2/ADFNE/f6_W06_C3_s7_d06.csv
S2,6,W06_C3,ADFNE,7,7,3757949121,ADFNE|S2|main|6|W06_C3|7|7,networks/S2/ADFNE/f6_W06_C3_s7_d07.csv
S2,6,W06_C3,KDE,1337,0,2183737803,KDE|S2|main|6|W06_C3|1337|0,networks/S2/KDE/f6_W06_C3_s1337_d00.csv
S2,6,W06_C3,KDE,1337,1,4113432925,KDE|S2|main|6|W06_C3|1337|1,networks/S2/KDE/f6_W06_C3_s1337_d01.csv
S2,6,W06_C3,KDE,1337,2,1814515943,KDE|S2|main|6|W06_C3|1337|2,networks/S2/KDE/f6_W06_C3_s1337_d02.csv
S2,6,W06_C3,KDE,1337,3,455106673,KDE|S2|main|6|W06_C3|1337|3,networks/S2/KDE/f6_W06_C3_s1337_d03.csv
S2,6,W06_C3,KDE,1337,4,2235889106,KDE|S2|main|6|W06_C3|1337|4,networks/S2/KDE/f6_W06_C3_s1337_d04.csv
S2,6,W06_C3,KDE,1337,5,4064527684,KDE|S2|main|6|W06_C3|1337|5,networks/S2/KDE/f6_W06_C3_s1337_d05.csv
S2,6,W06_C3,KDE,1337,6,1800049918,KDE|S2|main|6|W06_C3|1337|6,networks/S2/KDE/f6_W06_C3_s1337_d06.csv
S2,6,W06_C3,KDE,1337,7,474850408,KDE|S2|main|6|W06_C3|1337|7,networks/S2/KDE/f6_W06_C3_s1337_d07.csv
S2,6,W06_C3,KDE,20260903,0,1558824431,KDE|S2|main|6|W06_C3|20260903|0,networks/S2/KDE/f6_W06_C3_s20260903_d00.csv
S2,6,W06_C3,KDE,20260903,1,737080697,KDE|S2|main|6|W06_C3|20260903|1,networks/S2/KDE/f6_W06_C3_s20260903_d01.csv
S2,6,W06_C3,KDE,20260903,2,3001525443,KDE|S2|main|6|W06_C3|20260903|2,networks/S2/KDE/f6_W06_C3_s20260903_d02.csv
S2,6,W06_C3,KDE,20260903,3,3319829589,KDE|S2|main|6|W06_C3|20260903|3,networks/S2/KDE/f6_W06_C3_s20260903_d03.csv
S2,6,W06_C3,KDE,20260903,4,1535377910,KDE|S2|main|6|W06_C3|20260903|4,networks/S2/KDE/f6_W06_C3_s20260903_d04.csv
S2,6,W06_C3,KDE,20260903,5,746795360,KDE|S2|main|6|W06_C3|20260903|5,networks/S2/KDE/f6_W06_C3_s20260903_d05.csv
S2,6,W06_C3,KDE,20260903,6,3045744858,KDE|S2|main|6|W06_C3|20260903|6,networks/S2/KDE/f6_W06_C3_s20260903_d06.csv
S2,6,W06_C3,KDE,20260903,7,3264041036,KDE|S2|main|6|W06_C3|20260903|7,networks/S2/KDE/f6_W06_C3_s20260903_d07.csv
S2,6,W06_C3,KDE,7,0,4192364239,KDE|S2|main|6|W06_C3|7|0,networks/S2/KDE/f6_W06_C3_s7_d00.csv
S2,6,W06_C3,KDE,7,1,2397394521,KDE|S2|main|6|W06_C3|7|1,networks/S2/KDE/f6_W06_C3_s7_d01.csv
S2,6,W06_C3,KDE,7,2,401344483,KDE|S2|main|6|W06_C3|7|2,networks/S2/KDE/f6_W06_C3_s7_d02.csv
S2,6,W06_C3,KDE,7,3,1626027893,KDE|S2|main|6|W06_C3|7|3,networks/S2/KDE/f6_W06_C3_s7_d03.csv
S2,6,W06_C3,KDE,7,4,4270826198,KDE|S2|main|6|W06_C3|7|4,networks/S2/KDE/f6_W06_C3_s7_d04.csv
S2,6,W06_C3,KDE,7,5,2307428928,KDE|S2|main|6|W06_C3|7|5,networks/S2/KDE/f6_W06_C3_s7_d05.csv
S2,6,W06_C3,KDE,7,6,276939770,KDE|S2|main|6|W06_C3|7|6,networks/S2/KDE/f6_W06_C3_s7_d06.csv
S2,6,W06_C3,KDE,7,7,1736897388,KDE|S2|main|6|W06_C3|7|7,networks/S2/KDE/f6_W06_C3_s7_d07.csv
S2,6,W06_C4,EVAE,1337,0,823420233,EVAE|S2|geobg|6|W06_C4|1337|0,networks/S2/EVAE/f6_W06_C4_s1337_d00.csv
S2,6,W06_C4,EVAE,1337,1,1175672287,EVAE|S2|geobg|6|W06_C4|1337|1,networks/S2/EVAE/f6_W06_C4_s1337_d01.csv
S2,6,W06_C4,EVAE,1337,2,3743024229,EVAE|S2|geobg|6|W06_C4|1337|2,networks/S2/EVAE/f6_W06_C4_s1337_d02.csv
S2,6,W06_C4,EVAE,1337,3,2820486387,EVAE|S2|geobg|6|W06_C4|1337|3,networks/S2/EVAE/f6_W06_C4_s1337_d03.csv
S2,6,W06_C4,EVAE,1337,4,913940816,EVAE|S2|geobg|6|W06_C4|1337|4,networks/S2/EVAE/f6_W06_C4_s1337_d04.csv
S2,6,W06_C4,EVAE,1337,5,1098813894,EVAE|S2|geobg|6|W06_C4|1337|5,networks/S2/EVAE/f6_W06_C4_s1337_d05.csv
S2,6,W06_C4,EVAE,1337,6,3631726716,EVAE|S2|geobg|6|W06_C4|1337|6,networks/S2/EVAE/f6_W06_C4_s1337_d06.csv
S2,6,W06_C4,EVAE,1337,7,2943414506,EVAE|S2|geobg|6|W06_C4|1337|7,networks/S2/EVAE/f6_W06_C4_s1337_d07.csv
S2,6,W06_C4,EVAE,20260903,0,1217173435,EVAE|S2|geobg|6|W06_C4|20260903|0,networks/S2/EVAE/f6_W06_C4_s20260903_d00.csv
S2,6,W06_C4,EVAE,20260903,1,1066116909,EVAE|S2|geobg|6|W06_C4|20260903|1,networks/S2/EVAE/f6_W06_C4_s20260903_d01.csv
S2,6,W06_C4,EVAE,20260903,2,2793600663,EVAE|S2|geobg|6|W06_C4|20260903|2,networks/S2/EVAE/f6_W06_C4_s20260903_d02.csv
S2,6,W06_C4,EVAE,20260903,3,3515205121,EVAE|S2|geobg|6|W06_C4|20260903|3,networks/S2/EVAE/f6_W06_C4_s20260903_d03.csv
S2,6,W06_C4,EVAE,20260903,4,1340167074,EVAE|S2|geobg|6|W06_C4|20260903|4,networks/S2/EVAE/f6_W06_C4_s20260903_d04.csv
S2,6,W06_C4,EVAE,20260903,5,954622772,EVAE|S2|geobg|6|W06_C4|20260903|5,networks/S2/EVAE/f6_W06_C4_s20260903_d05.csv
S2,6,W06_C4,EVAE,20260903,6,2716807822,EVAE|S2|geobg|6|W06_C4|20260903|6,networks/S2/EVAE/f6_W06_C4_s20260903_d06.csv
S2,6,W06_C4,EVAE,20260903,7,3605529112,EVAE|S2|geobg|6|W06_C4|20260903|7,networks/S2/EVAE/f6_W06_C4_s20260903_d07.csv
S2,6,W06_C4,EVAE,7,0,4103380319,EVAE|S2|geobg|6|W06_C4|7|0,networks/S2/EVAE/f6_W06_C4_s7_d00.csv
S2,6,W06_C4,EVAE,7,1,2207493577,EVAE|S2|geobg|6|W06_C4|7|1,networks/S2/EVAE/f6_W06_C4_s7_d01.csv
S2,6,W06_C4,EVAE,7,2,446364787,EVAE|S2|geobg|6|W06_C4|7|2,networks/S2/EVAE/f6_W06_C4_s7_d02.csv
S2,6,W06_C4,EVAE,7,3,1839058149,EVAE|S2|geobg|6|W06_C4|7|3,networks/S2/EVAE/f6_W06_C4_s7_d03.csv
S2,6,W06_C4,EVAE,7,4,4093204806,EVAE|S2|geobg|6|W06_C4|7|4,networks/S2/EVAE/f6_W06_C4_s7_d04.csv
S2,6,W06_C4,EVAE,7,5,2231265744,EVAE|S2|geobg|6|W06_C4|7|5,networks/S2/EVAE/f6_W06_C4_s7_d05.csv
S2,6,W06_C4,EVAE,7,6,502741098,EVAE|S2|geobg|6|W06_C4|7|6,networks/S2/EVAE/f6_W06_C4_s7_d06.csv
S2,6,W06_C4,EVAE,7,7,1794115836,EVAE|S2|geobg|6|W06_C4|7|7,networks/S2/EVAE/f6_W06_C4_s7_d07.csv
S2,6,W06_C4,ADFNE,1337,0,1794128861,ADFNE|S2|main|6|W06_C4|1337|0,networks/S2/ADFNE/f6_W06_C4_s1337_d00.csv
S2,6,W06_C4,ADFNE,1337,1,502729547,ADFNE|S2|main|6|W06_C4|1337|1,networks/S2/ADFNE/f6_W06_C4_s1337_d01.csv
S2,6,W06_C4,ADFNE,1337,2,2231261937,ADFNE|S2|main|6|W06_C4|1337|2,networks/S2/ADFNE/f6_W06_C4_s1337_d02.csv
S2,6,W06_C4,ADFNE,1337,3,4093209191,ADFNE|S2|main|6|W06_C4|1337|3,networks/S2/ADFNE/f6_W06_C4_s1337_d03.csv
S2,6,W06_C4,ADFNE,1337,4,1839071172,ADFNE|S2|main|6|W06_C4|1337|4,networks/S2/ADFNE/f6_W06_C4_s1337_d04.csv
S2,6,W06_C4,ADFNE,1337,5,446353234,ADFNE|S2|main|6|W06_C4|1337|5,networks/S2/ADFNE/f6_W06_C4_s1337_d05.csv
S2,6,W06_C4,ADFNE,1337,6,2207489768,ADFNE|S2|main|6|W06_C4|1337|6,networks/S2/ADFNE/f6_W06_C4_s1337_d06.csv
S2,6,W06_C4,ADFNE,1337,7,4103384702,ADFNE|S2|main|6|W06_C4|1337|7,networks/S2/ADFNE/f6_W06_C4_s1337_d07.csv
S2,6,W06_C4,ADFNE,20260903,0,3660012646,ADFNE|S2|main|6|W06_C4|20260903|0,networks/S2/ADFNE/f6_W06_C4_s20260903_d00.csv
S2,6,W06_C4,ADFNE,20260903,1,2904583408,ADFNE|S2|main|6|W06_C4|20260903|1,networks/S2/ADFNE/f6_W06_C4_s20260903_d01.csv
S2,6,W06_C4,ADFNE,20260903,2,875117898,ADFNE|S2|main|6|W06_C4|20260903|2,networks/S2/ADFNE/f6_W06_C4_s20260903_d02.csv
S2,6,W06_C4,ADFNE,20260903,3,1127091676,ADFNE|S2|main|6|W06_C4|20260903|3,networks/S2/ADFNE/f6_W06_C4_s20260903_d03.csv
S2,6,W06_C4,ADFNE,20260903,4,3712653439,ADFNE|S2|main|6|W06_C4|20260903|4,networks/S2/ADFNE/f6_W06_C4_s20260903_d04.csv
S2,6,W06_C4,ADFNE,20260903,5,2857216233,ADFNE|S2|main|6|W06_C4|20260903|5,networks/S2/ADFNE/f6_W06_C4_s20260903_d05.csv
S2,6,W06_C4,ADFNE,20260903,6,860158291,ADFNE|S2|main|6|W06_C4|20260903|6,networks/S2/ADFNE/f6_W06_C4_s20260903_d06.csv
S2,6,W06_C4,ADFNE,20260903,7,1145293253,ADFNE|S2|main|6|W06_C4|20260903|7,networks/S2/ADFNE/f6_W06_C4_s20260903_d07.csv
S2,6,W06_C4,ADFNE,7,0,4089022834,ADFNE|S2|main|6|W06_C4|7|0,networks/S2/ADFNE/f6_W06_C4_s7_d00.csv
S2,6,W06_C4,ADFNE,7,1,2227091940,ADFNE|S2|main|6|W06_C4|7|1,networks/S2/ADFNE/f6_W06_C4_s7_d01.csv
S2,6,W06_C4,ADFNE,7,2,498591838,ADFNE|S2|main|6|W06_C4|7|2,networks/S2/ADFNE/f6_W06_C4_s7_d02.csv
S2,6,W06_C4,ADFNE,7,3,1789974728,ADFNE|S2|main|6|W06_C4|7|3,networks/S2/ADFNE/f6_W06_C4_s7_d03.csv
S2,6,W06_C4,ADFNE,7,4,4107554155,ADFNE|S2|main|6|W06_C4|7|4,networks/S2/ADFNE/f6_W06_C4_s7_d04.csv
S2,6,W06_C4,ADFNE,7,5,2211675645,ADFNE|S2|main|6|W06_C4|7|5,networks/S2/ADFNE/f6_W06_C4_s7_d05.csv
S2,6,W06_C4,ADFNE,7,6,450505799,ADFNE|S2|main|6|W06_C4|7|6,networks/S2/ADFNE/f6_W06_C4_s7_d06.csv
S2,6,W06_C4,ADFNE,7,7,1843207377,ADFNE|S2|main|6|W06_C4|7|7,networks/S2/ADFNE/f6_W06_C4_s7_d07.csv
S2,6,W06_C4,KDE,1337,0,2297182418,KDE|S2|main|6|W06_C4|1337|0,networks/S2/KDE/f6_W06_C4_s1337_d00.csv
S2,6,W06_C4,KDE,1337,1,4293593156,KDE|S2|main|6|W06_C4|1337|1,networks/S2/KDE/f6_W06_C4_s1337_d01.csv
S2,6,W06_C4,KDE,1337,2,1726110206,KDE|S2|main|6|W06_C4|1337|2,networks/S2/KDE/f6_W06_C4_s1337_d02.csv
S2,6,W06_C4,KDE,1337,3,300247400,KDE|S2|main|6|W06_C4|1337|3,networks/S2/KDE/f6_W06_C4_s1337_d03.csv
S2,6,W06_C4,KDE,1337,4,2407660747,KDE|S2|main|6|W06_C4|1337|4,networks/S2/KDE/f6_W06_C4_s1337_d04.csv
S2,6,W06_C4,KDE,1337,5,4169583709,KDE|S2|main|6|W06_C4|1337|5,networks/S2/KDE/f6_W06_C4_s1337_d05.csv
S2,6,W06_C4,KDE,1337,6,1636802023,KDE|S2|main|6|W06_C4|1337|6,networks/S2/KDE/f6_W06_C4_s1337_d06.csv
S2,6,W06_C4,KDE,1337,7,378056049,KDE|S2|main|6|W06_C4|1337|7,networks/S2/KDE/f6_W06_C4_s1337_d07.csv
S2,6,W06_C4,KDE,20260903,0,678505568,KDE|S2|main|6|W06_C4|20260903|0,networks/S2/KDE/f6_W06_C4_s20260903_d00.csv
S2,6,W06_C4,KDE,20260903,1,1601576182,KDE|S2|main|6|W06_C4|20260903|1,networks/S2/KDE/f6_W06_C4_s20260903_d01.csv
S2,6,W06_C4,KDE,20260903,2,3330231628,KDE|S2|main|6|W06_C4|20260903|2,networks/S2/KDE/f6_W06_C4_s20260903_d02.csv
S2,6,W06_C4,KDE,20260903,3,2977463770,KDE|S2|main|6|W06_C4|20260903|3,networks/S2/KDE/f6_W06_C4_s20260903_d03.csv
S2,6,W06_C4,KDE,20260903,4,790423673,KDE|S2|main|6|W06_C4|20260903|4,networks/S2/KDE/f6_W06_C4_s20260903_d04.csv
S2,6,W06_C4,KDE,20260903,5,1478220015,KDE|S2|main|6|W06_C4|20260903|5,networks/S2/KDE/f6_W06_C4_s20260903_d05.csv
S2,6,W06_C4,KDE,20260903,6,3239217493,KDE|S2|main|6|W06_C4|20260903|6,networks/S2/KDE/f6_W06_C4_s20260903_d06.csv
S2,6,W06_C4,KDE,20260903,7,3054877123,KDE|S2|main|6|W06_C4|20260903|7,networks/S2/KDE/f6_W06_C4_s20260903_d07.csv
S2,6,W06_C4,KDE,7,0,1271053023,KDE|S2|main|6|W06_C4|7|0,networks/S2/KDE/f6_W06_C4_s7_d00.csv
S2,6,W06_C4,KDE,7,1,1019578953,KDE|S2|main|6|W06_C4|7|1,networks/S2/KDE/f6_W06_C4_s7_d01.csv
S2,6,W06_C4,KDE,7,2,2781666291,KDE|S2|main|6|W06_C4|7|2,networks/S2/KDE/f6_W06_C4_s7_d02.csv
S2,6,W06_C4,KDE,7,3,3536579429,KDE|S2|main|6|W06_C4|7|3,networks/S2/KDE/f6_W06_C4_s7_d03.csv
S2,6,W06_C4,KDE,7,4,1286569670,KDE|S2|main|6|W06_C4|7|4,networks/S2/KDE/f6_W06_C4_s7_d04.csv
S2,6,W06_C4,KDE,7,5,1000885840,KDE|S2|main|6|W06_C4|7|5,networks/S2/KDE/f6_W06_C4_s7_d05.csv
S2,6,W06_C4,KDE,7,6,2728468458,KDE|S2|main|6|W06_C4|7|6,networks/S2/KDE/f6_W06_C4_s7_d06.csv
S2,6,W06_C4,KDE,7,7,3584438140,KDE|S2|main|6|W06_C4|7|7,networks/S2/KDE/f6_W06_C4_s7_d07.csv
S2,6,W06_C5,EVAE,1337,0,4257113559,EVAE|S2|geobg|6|W06_C5|1337|0,networks/S2/EVAE/f6_W06_C5_s1337_d00.csv
S2,6,W06_C5,EVAE,1337,1,2327401793,EVAE|S2|geobg|6|W06_C5|1337|1,networks/S2/EVAE/f6_W06_C5_s1337_d01.csv
S2,6,W06_C5,EVAE,1337,2,330302715,EVAE|S2|geobg|6|W06_C5|1337|2,networks/S2/EVAE/f6_W06_C5_s1337_d02.csv
S2,6,W06_C5,EVAE,1337,3,1689728109,EVAE|S2|geobg|6|W06_C5|1337|3,networks/S2/EVAE/f6_W06_C5_s1337_d03.csv
S2,6,W06_C5,EVAE,1337,4,4208173518,EVAE|S2|geobg|6|W06_C5|1337|4,networks/S2/EVAE/f6_W06_C5_s1337_d04.csv
S2,6,W06_C5,EVAE,1337,5,2379518296,EVAE|S2|geobg|6|W06_C5|1337|5,networks/S2/EVAE/f6_W06_C5_s1337_d05.csv
S2,6,W06_C5,EVAE,1337,6,350077154,EVAE|S2|geobg|6|W06_C5|1337|6,networks/S2/EVAE/f6_W06_C5_s1337_d06.csv
S2,6,W06_C5,EVAE,1337,7,1675292788,EVAE|S2|geobg|6|W06_C5|1337|7,networks/S2/EVAE/f6_W06_C5_s1337_d07.csv
S2,6,W06_C5,EVAE,20260903,0,3542735828,EVAE|S2|geobg|6|W06_C5|20260903|0,networks/S2/EVAE/f6_W06_C5_s20260903_d00.csv
S2,6,W06_C5,EVAE,20260903,1,2754538306,EVAE|S2|geobg|6|W06_C5|20260903|1,networks/S2/EVAE/f6_W06_C5_s20260903_d01.csv
S2,6,W06_C5,EVAE,20260903,2,1026013944,EVAE|S2|geobg|6|W06_C5|20260903|2,networks/S2/EVAE/f6_W06_C5_s20260903_d02.csv
S2,6,W06_C5,EVAE,20260903,3,1243646574,EVAE|S2|geobg|6|W06_C5|20260903|3,networks/S2/EVAE/f6_W06_C5_s20260903_d03.csv
S2,6,W06_C5,EVAE,20260903,4,3561234381,EVAE|S2|geobg|6|W06_C5|20260903|4,networks/S2/EVAE/f6_W06_C5_s20260903_d04.csv
S2,6,W06_C5,EVAE,20260903,5,2739089243,EVAE|S2|geobg|6|W06_C5|20260903|5,networks/S2/EVAE/f6_W06_C5_s20260903_d05.csv
S2,6,W06_C5,EVAE,20260903,6,977960673,EVAE|S2|geobg|6|W06_C5|20260903|6,networks/S2/EVAE/f6_W06_C5_s20260903_d06.csv
S2,6,W06_C5,EVAE,20260903,7,1296911991,EVAE|S2|geobg|6|W06_C5|20260903|7,networks/S2/EVAE/f6_W06_C5_s20260903_d07.csv
S2,6,W06_C5,EVAE,7,0,3388257519,EVAE|S2|geobg|6|W06_C5|7|0,networks/S2/EVAE/f6_W06_C5_s7_d00.csv
S2,6,W06_C5,EVAE,7,1,3203630201,EVAE|S2|geobg|6|W06_C5|7|1,networks/S2/EVAE/f6_W06_C5_s7_d01.csv
S2,6,W06_C5,EVAE,7,2,670750147,EVAE|S2|geobg|6|W06_C5|7|2,networks/S2/EVAE/f6_W06_C5_s7_d02.csv
S2,6,W06_C5,EVAE,7,3,1358816597,EVAE|S2|geobg|6|W06_C5|7|3,networks/S2/EVAE/f6_W06_C5_s7_d03.csv
S2,6,W06_C5,EVAE,7,4,3466162422,EVAE|S2|geobg|6|W06_C5|7|4,networks/S2/EVAE/f6_W06_C5_s7_d04.csv
S2,6,W06_C5,EVAE,7,5,3114156128,EVAE|S2|geobg|6|W06_C5|7|5,networks/S2/EVAE/f6_W06_C5_s7_d05.csv
S2,6,W06_C5,EVAE,7,6,546771418,EVAE|S2|geobg|6|W06_C5|7|6,networks/S2/EVAE/f6_W06_C5_s7_d06.csv
S2,6,W06_C5,EVAE,7,7,1469063500,EVAE|S2|geobg|6|W06_C5|7|7,networks/S2/EVAE/f6_W06_C5_s7_d07.csv
S2,6,W06_C5,ADFNE,1337,0,2790931267,ADFNE|S2|main|6|W06_C5|1337|0,networks/S2/ADFNE/f6_W06_C5_s1337_d00.csv
S2,6,W06_C5,ADFNE,1337,1,3512536021,ADFNE|S2|main|6|W06_C5|1337|1,networks/S2/ADFNE/f6_W06_C5_s1337_d01.csv
S2,6,W06_C5,ADFNE,1337,2,1213487727,ADFNE|S2|main|6|W06_C5|1337|2,networks/S2/ADFNE/f6_W06_C5_s1337_d02.csv
S2,6,W06_C5,ADFNE,1337,3,1062431481,ADFNE|S2|main|6|W06_C5|1337|3,networks/S2/ADFNE/f6_W06_C5_s1337_d03.csv
S2,6,W06_C5,ADFNE,1337,4,2704801626,ADFNE|S2|main|6|W06_C5|1337|4,networks/S2/ADFNE/f6_W06_C5_s1337_d04.csv
S2,6,W06_C5,ADFNE,1337,5,3593523148,ADFNE|S2|main|6|W06_C5|1337|5,networks/S2/ADFNE/f6_W06_C5_s1337_d05.csv
S2,6,W06_C5,ADFNE,1337,6,1329176182,ADFNE|S2|main|6|W06_C5|1337|6,networks/S2/ADFNE/f6_W06_C5_s1337_d06.csv
S2,6,W06_C5,ADFNE,1337,7,943632096,ADFNE|S2|main|6|W06_C5|1337|7,networks/S2/ADFNE/f6_W06_C5_s1337_d07.csv
S2,6,W06_C5,ADFNE,20260903,0,1099042825,ADFNE|S2|main|6|W06_C5|20260903|0,networks/S2/ADFNE/f6_W06_C5_s20260903_d00.csv
S2,6,W06_C5,ADFNE,20260903,1,914694303,ADFNE|S2|main|6|W06_C5|20260903|1,networks/S2/ADFNE/f6_W06_C5_s20260903_d01.csv
S2,6,W06_C5,ADFNE,20260903,2,2945216805,ADFNE|S2|main|6|W06_C5|20260903|2,networks/S2/ADFNE/f6_W06_C5_s20260903_d02.csv
S2,6,W06_C5,ADFNE,20260903,3,3633004979,ADFNE|S2|main|6|W06_C5|20260903|3,networks/S2/ADFNE/f6_W06_C5_s20260903_d03.csv
S2,6,W06_C5,ADFNE,20260903,4,1190122512,ADFNE|S2|main|6|W06_C5|20260903|4,networks/S2/ADFNE/f6_W06_C5_s20260903_d04.csv
S2,6,W06_C5,ADFNE,20260903,5,837346438,ADFNE|S2|main|6|W06_C5|20260903|5,networks/S2/ADFNE/f6_W06_C5_s20260903_d05.csv
S2,6,W06_C5,ADFNE,20260903,6,2833364284,ADFNE|S2|main|6|W06_C5|20260903|6,networks/S2/ADFNE/f6_W06_C5_s20260903_d06.csv
S2,6,W06_C5,ADFNE,20260903,7,3756426666,ADFNE|S2|main|6|W06_C5|20260903|7,networks/S2/ADFNE/f6_W06_C5_s20260903_d07.csv
S2,6,W06_C5,ADFNE,7,0,3470368962,ADFNE|S2|main|6|W06_C5|7|0,networks/S2/ADFNE/f6_W06_C5_s7_d00.csv
S2,6,W06_C5,ADFNE,7,1,3118370900,ADFNE|S2|main|6|W06_C5|7|1,networks/S2/ADFNE/f6_W06_C5_s7_d01.csv
S2,6,W06_C5,ADFNE,7,2,551010798,ADFNE|S2|main|6|W06_C5|7|2,networks/S2/ADFNE/f6_W06_C5_s7_d02.csv
S2,6,W06_C5,ADFNE,7,3,1473311096,ADFNE|S2|main|6|W06_C5|7|3,networks/S2/ADFNE/f6_W06_C5_s7_d03.csv
S2,6,W06_C5,ADFNE,7,4,3384042715,ADFNE|S2|main|6|W06_C5|7|4,networks/S2/ADFNE/f6_W06_C5_s7_d04.csv
S2,6,W06_C5,ADFNE,7,5,3199423565,ADFNE|S2|main|6|W06_C5|7|5,networks/S2/ADFNE/f6_W06_C5_s7_d05.csv
S2,6,W06_C5,ADFNE,7,6,666502647,ADFNE|S2|main|6|W06_C5|7|6,networks/S2/ADFNE/f6_W06_C5_s7_d06.csv
S2,6,W06_C5,ADFNE,7,7,1354577249,ADFNE|S2|main|6|W06_C5|7|7,networks/S2/ADFNE/f6_W06_C5_s7_d07.csv
S2,6,W06_C5,KDE,1337,0,1145452620,KDE|S2|main|6|W06_C5|1337|0,networks/S2/KDE/f6_W06_C5_s1337_d00.csv
S2,6,W06_C5,KDE,1337,1,859900122,KDE|S2|main|6|W06_C5|1337|1,networks/S2/KDE/f6_W06_C5_s1337_d01.csv
S2,6,W06_C5,KDE,1337,2,2856868192,KDE|S2|main|6|W06_C5|1337|2,networks/S2/KDE/f6_W06_C5_s1337_d02.csv
S2,6,W06_C5,KDE,1337,3,3712969206,KDE|S2|main|6|W06_C5|1337|3,networks/S2/KDE/f6_W06_C5_s1337_d03.csv
S2,6,W06_C5,KDE,1337,4,1126956117,KDE|S2|main|6|W06_C5|1337|4,networks/S2/KDE/f6_W06_C5_s1337_d04.csv
S2,6,W06_C5,KDE,1337,5,875351235,KDE|S2|main|6|W06_C5|1337|5,networks/S2/KDE/f6_W06_C5_s1337_d05.csv
S2,6,W06_C5,KDE,1337,6,2904923513,KDE|S2|main|6|W06_C5|1337|6,networks/S2/KDE/f6_W06_C5_s1337_d06.csv
S2,6,W06_C5,KDE,1337,7,3659705839,KDE|S2|main|6|W06_C5|1337|7,networks/S2/KDE/f6_W06_C5_s1337_d07.csv
S2,6,W06_C5,KDE,20260903,0,3017039887,KDE|S2|main|6|W06_C5|20260903|0,networks/S2/KDE/f6_W06_C5_s20260903_d00.csv
S2,6,W06_C5,KDE,20260903,1,3302183065,KDE|S2|main|6|W06_C5|20260903|1,networks/S2/KDE/f6_W06_C5_s20260903_d01.csv
S2,6,W06_C5,KDE,20260903,2,1574568227,KDE|S2|main|6|W06_C5|20260903|2,networks/S2/KDE/f6_W06_C5_s20260903_d02.csv
S2,6,W06_C5,KDE,20260903,3,719139253,KDE|S2|main|6|W06_C5|20260903|3,networks/S2/KDE/f6_W06_C5_s20260903_d03.csv
S2,6,W06_C5,KDE,20260903,4,3032065046,KDE|S2|main|6|W06_C5|20260903|4,networks/S2/KDE/f6_W06_C5_s20260903_d04.csv
S2,6,W06_C5,KDE,20260903,5,3284046976,KDE|S2|main|6|W06_C5|20260903|5,networks/S2/KDE/f6_W06_C5_s20260903_d05.csv
S2,6,W06_C5,KDE,20260903,6,1521993018,KDE|S2|main|6|W06_C5|20260903|6,networks/S2/KDE/f6_W06_C5_s20260903_d06.csv
S2,6,W06_C5,KDE,20260903,7,766571948,KDE|S2|main|6|W06_C5|20260903|7,networks/S2/KDE/f6_W06_C5_s20260903_d07.csv
S2,6,W06_C5,KDE,7,0,1990366063,KDE|S2|main|6|W06_C5|7|0,networks/S2/KDE/f6_W06_C5_s7_d00.csv
S2,6,W06_C5,KDE,7,1,27632633,KDE|S2|main|6|W06_C5|7|1,networks/S2/KDE/f6_W06_C5_s7_d01.csv
S2,6,W06_C5,KDE,7,2,2561471043,KDE|S2|main|6|W06_C5|7|2,networks/S2/KDE/f6_W06_C5_s7_d02.csv
S2,6,W06_C5,KDE,7,3,4021011157,KDE|S2|main|6|W06_C5|7|3,networks/S2/KDE/f6_W06_C5_s7_d03.csv
S2,6,W06_C5,KDE,7,4,1909413750,KDE|S2|main|6|W06_C5|7|4,networks/S2/KDE/f6_W06_C5_s7_d04.csv
S2,6,W06_C5,KDE,7,5,113797088,KDE|S2|main|6|W06_C5|7|5,networks/S2/KDE/f6_W06_C5_s7_d05.csv
S2,6,W06_C5,KDE,7,6,2680239706,KDE|S2|main|6|W06_C5|7|6,networks/S2/KDE/f6_W06_C5_s7_d06.csv
S2,6,W06_C5,KDE,7,7,3905291980,KDE|S2|main|6|W06_C5|7|7,networks/S2/KDE/f6_W06_C5_s7_d07.csv
S2,6,W06_C6,EVAE,1337,0,1932616244,EVAE|S2|geobg|6|W06_C6|1337|0,networks/S2/EVAE/f6_W06_C6_s1337_d00.csv
S2,6,W06_C6,EVAE,1337,1,70668962,EVAE|S2|geobg|6|W06_C6|1337|1,networks/S2/EVAE/f6_W06_C6_s1337_d01.csv
S2,6,W06_C6,EVAE,1337,2,2638152472,EVAE|S2|geobg|6|W06_C6|1337|2,networks/S2/EVAE/f6_W06_C6_s1337_d02.csv
S2,6,W06_C6,EVAE,1337,3,3929551758,EVAE|S2|geobg|6|W06_C6|1337|3,networks/S2/EVAE/f6_W06_C6_s1337_d03.csv
S2,6,W06_C6,EVAE,1337,4,1952228909,EVAE|S2|geobg|6|W06_C6|1337|4,networks/S2/EVAE/f6_W06_C6_s1337_d04.csv
S2,6,W06_C6,EVAE,1337,5,56334011,EVAE|S2|geobg|6|W06_C6|1337|5,networks/S2/EVAE/f6_W06_C6_s1337_d05.csv
S2,6,W06_C6,EVAE,1337,6,2589116161,EVAE|S2|geobg|6|W06_C6|1337|6,networks/S2/EVAE/f6_W06_C6_s1337_d06.csv
S2,6,W06_C6,EVAE,1337,7,3981834135,EVAE|S2|geobg|6|W06_C6|1337|7,networks/S2/EVAE/f6_W06_C6_s1337_d07.csv
S2,6,W06_C6,EVAE,20260903,0,2763458852,EVAE|S2|geobg|6|W06_C6|20260903|0,networks/S2/EVAE/f6_W06_C6_s20260903_d00.csv
S2,6,W06_C6,EVAE,20260903,1,3551541682,EVAE|S2|geobg|6|W06_C6|20260903|1,networks/S2/EVAE/f6_W06_C6_s20260903_d01.csv
S2,6,W06_C6,EVAE,20260903,2,1253664776,EVAE|S2|geobg|6|W06_C6|20260903|2,networks/S2/EVAE/f6_W06_C6_s20260903_d02.csv
S2,6,W06_C6,EVAE,20260903,3,1035884702,EVAE|S2|geobg|6|W06_C6|20260903|3,networks/S2/EVAE/f6_W06_C6_s20260903_d03.csv
S2,6,W06_C6,EVAE,20260903,4,2749025597,EVAE|S2|geobg|6|W06_C6|20260903|4,networks/S2/EVAE/f6_W06_C6_s20260903_d04.csv
S2,6,W06_C6,EVAE,20260903,5,3571318187,EVAE|S2|geobg|6|W06_C6|20260903|5,networks/S2/EVAE/f6_W06_C6_s20260903_d05.csv
S2,6,W06_C6,EVAE,20260903,6,1305783313,EVAE|S2|geobg|6|W06_C6|20260903|6,networks/S2/EVAE/f6_W06_C6_s20260903_d06.csv
S2,6,W06_C6,EVAE,20260903,7,986946695,EVAE|S2|geobg|6|W06_C6|20260903|7,networks/S2/EVAE/f6_W06_C6_s20260903_d07.csv
S2,6,W06_C6,EVAE,7,0,2387922495,EVAE|S2|geobg|6|W06_C6|7|0,networks/S2/EVAE/f6_W06_C6_s7_d00.csv
S2,6,W06_C6,EVAE,7,1,4183031465,EVAE|S2|geobg|6|W06_C6|7|1,networks/S2/EVAE/f6_W06_C6_s7_d01.csv
S2,6,W06_C6,EVAE,7,2,1616555795,EVAE|S2|geobg|6|W06_C6|7|2,networks/S2/EVAE/f6_W06_C6_s7_d02.csv
S2,6,W06_C6,EVAE,7,3,392011653,EVAE|S2|geobg|6|W06_C6|7|3,networks/S2/EVAE/f6_W06_C6_s7_d03.csv
S2,6,W06_C6,EVAE,7,4,2302216742,EVAE|S2|geobg|6|W06_C6|7|4,networks/S2/EVAE/f6_W06_C6_s7_d04.csv
S2,6,W06_C6,EVAE,7,5,4265491120,EVAE|S2|geobg|6|W06_C6|7|5,networks/S2/EVAE/f6_W06_C6_s7_d05.csv
S2,6,W06_C6,EVAE,7,6,1731685130,EVAE|S2|geobg|6|W06_C6|7|6,networks/S2/EVAE/f6_W06_C6_s7_d06.csv
S2,6,W06_C6,EVAE,7,7,271604636,EVAE|S2|geobg|6|W06_C6|7|7,networks/S2/EVAE/f6_W06_C6_s7_d07.csv
S2,6,W06_C6,ADFNE,1337,0,685063328,ADFNE|S2|main|6|W06_C6|1337|0,networks/S2/ADFNE/f6_W06_C6_s1337_d00.csv
S2,6,W06_C6,ADFNE,1337,1,1607601206,ADFNE|S2|main|6|W06_C6|1337|1,networks/S2/ADFNE/f6_W06_C6_s1337_d01.csv
S2,6,W06_C6,ADFNE,1337,2,3336265100,ADFNE|S2|main|6|W06_C6|1337|2,networks/S2/ADFNE/f6_W06_C6_s1337_d02.csv
S2,6,W06_C6,ADFNE,1337,3,2984013082,ADFNE|S2|main|6|W06_C6|1337|3,networks/S2/ADFNE/f6_W06_C6_s1337_d03.csv
S2,6,W06_C6,ADFNE,1337,4,800651449,ADFNE|S2|main|6|W06_C6|1337|4,networks/S2/ADFNE/f6_W06_C6_s1337_d04.csv
S2,6,W06_C6,ADFNE,1337,5,1488963631,ADFNE|S2|main|6|W06_C6|1337|5,networks/S2/ADFNE/f6_W06_C6_s1337_d05.csv
S2,6,W06_C6,ADFNE,1337,6,3249969557,ADFNE|S2|main|6|W06_C6|1337|6,networks/S2/ADFNE/f6_W06_C6_s1337_d06.csv
S2,6,W06_C6,ADFNE,1337,7,3065096451,ADFNE|S2|main|6|W06_C6|1337|7,networks/S2/ADFNE/f6_W06_C6_s1337_d07.csv
S2,6,W06_C6,ADFNE,20260903,0,907854585,ADFNE|S2|main|6|W06_C6|20260903|0,networks/S2/ADFNE/f6_W06_C6_s20260903_d00.csv
S2,6,W06_C6,ADFNE,20260903,1,1092350575,ADFNE|S2|main|6|W06_C6|20260903|1,networks/S2/ADFNE/f6_W06_C6_s20260903_d01.csv
S2,6,W06_C6,ADFNE,20260903,2,3625100245,ADFNE|S2|main|6|W06_C6|20260903|2,networks/S2/ADFNE/f6_W06_C6_s20260903_d02.csv
S2,6,W06_C6,ADFNE,20260903,3,2937426755,ADFNE|S2|main|6|W06_C6|20260903|3,networks/S2/ADFNE/f6_W06_C6_s20260903_d03.csv
S2,6,W06_C6,ADFNE,20260903,4,829490912,ADFNE|S2|main|6|W06_C6|20260903|4,networks/S2/ADFNE/f6_W06_C6_s20260903_d04.csv
S2,6,W06_C6,ADFNE,20260903,5,1182152310,ADFNE|S2|main|6|W06_C6|20260903|5,networks/S2/ADFNE/f6_W06_C6_s20260903_d05.csv
S2,6,W06_C6,ADFNE,20260903,6,3749668812,ADFNE|S2|main|6|W06_C6|20260903|6,networks/S2/ADFNE/f6_W06_C6_s20260903_d06.csv
S2,6,W06_C6,ADFNE,20260903,7,2826458970,ADFNE|S2|main|6|W06_C6|20260903|7,networks/S2/ADFNE/f6_W06_C6_s20260903_d07.csv
S2,6,W06_C6,ADFNE,7,0,2306464274,ADFNE|S2|main|6|W06_C6|7|0,networks/S2/ADFNE/f6_W06_C6_s7_d00.csv
S2,6,W06_C6,ADFNE,7,1,4269730436,ADFNE|S2|main|6|W06_C6|7|1,networks/S2/ADFNE/f6_W06_C6_s7_d01.csv
S2,6,W06_C6,ADFNE,7,2,1735899966,ADFNE|S2|main|6|W06_C6|7|2,networks/S2/ADFNE/f6_W06_C6_s7_d02.csv
S2,6,W06_C6,ADFNE,7,3,275811240,ADFNE|S2|main|6|W06_C6|7|3,networks/S2/ADFNE/f6_W06_C6_s7_d03.csv
S2,6,W06_C6,ADFNE,7,4,2383683083,ADFNE|S2|main|6|W06_C6|7|4,networks/S2/ADFNE/f6_W06_C6_s7_d04.csv
S2,6,W06_C6,ADFNE,7,5,4178783901,ADFNE|S2|main|6|W06_C6|7|5,networks/S2/ADFNE/f6_W06_C6_s7_d05.csv
S2,6,W06_C6,ADFNE,7,6,1612349223,ADFNE|S2|main|6|W06_C6|7|6,networks/S2/ADFNE/f6_W06_C6_s7_d06.csv
S2,6,W06_C6,ADFNE,7,7,387796913,ADFNE|S2|main|6|W06_C6|7|7,networks/S2/ADFNE/f6_W06_C6_s7_d07.csv
S2,6,W06_C6,KDE,1337,0,3402186671,KDE|S2|main|6|W06_C6|1337|0,networks/S2/KDE/f6_W06_C6_s1337_d00.csv
S2,6,W06_C6,KDE,1337,1,3184398137,KDE|S2|main|6|W06_C6|1337|1,networks/S2/KDE/f6_W06_C6_s1337_d01.csv
S2,6,W06_C6,KDE,1337,2,617045635,KDE|S2|main|6|W06_C6|1337|2,networks/S2/KDE/f6_W06_C6_s1337_d02.csv
S2,6,W06_C6,KDE,1337,3,1405120021,KDE|S2|main|6|W06_C6|1337|3,networks/S2/KDE/f6_W06_C6_s1337_d03.csv
S2,6,W06_C6,KDE,1337,4,3450141622,KDE|S2|main|6|W06_C6|1337|4,networks/S2/KDE/f6_W06_C6_s1337_d04.csv
S2,6,W06_C6,KDE,1337,5,3131296544,KDE|S2|main|6|W06_C6|1337|5,networks/S2/KDE/f6_W06_C6_s1337_d05.csv
S2,6,W06_C6,KDE,1337,6,598383258,KDE|S2|main|6|W06_C6|1337|6,networks/S2/KDE/f6_W06_C6_s1337_d06.csv
S2,6,W06_C6,KDE,1337,7,1420667404,KDE|S2|main|6|W06_C6|1337|7,networks/S2/KDE/f6_W06_C6_s1337_d07.csv
S2,6,W06_C6,KDE,20260903,0,3293229823,KDE|S2|main|6|W06_C6|20260903|0,networks/S2/KDE/f6_W06_C6_s20260903_d00.csv
S2,6,W06_C6,KDE,20260903,1,3008201321,KDE|S2|main|6|W06_C6|20260903|1,networks/S2/KDE/f6_W06_C6_s20260903_d01.csv
S2,6,W06_C6,KDE,20260903,2,709153747,KDE|S2|main|6|W06_C6|20260903|2,networks/S2/KDE/f6_W06_C6_s20260903_d02.csv
S2,6,W06_C6,KDE,20260903,3,1564730181,KDE|S2|main|6|W06_C6|20260903|3,networks/S2/KDE/f6_W06_C6_s20260903_d03.csv
S2,6,W06_C6,KDE,20260903,4,3274143462,KDE|S2|main|6|W06_C6|20260903|4,networks/S2/KDE/f6_W06_C6_s20260903_d04.csv
S2,6,W06_C6,KDE,20260903,5,3022014064,KDE|S2|main|6|W06_C6|20260903|5,networks/S2/KDE/f6_W06_C6_s20260903_d05.csv
S2,6,W06_C6,KDE,20260903,6,757667786,KDE|S2|main|6|W06_C6|20260903|6,networks/S2/KDE/f6_W06_C6_s20260903_d06.csv
S2,6,W06_C6,KDE,20260903,7,1512974172,KDE|S2|main|6|W06_C6|20260903|7,networks/S2/KDE/f6_W06_C6_s20260903_d07.csv
S2,6,W06_C6,KDE,7,0,822274495,KDE|S2|main|6|W06_C6|7|0,networks/S2/KDE/f6_W06_C6_s7_d00.csv
S2,6,W06_C6,KDE,7,1,1174788393,KDE|S2|main|6|W06_C6|7|1,networks/S2/KDE/f6_W06_C6_s7_d01.csv
S2,6,W06_C6,KDE,7,2,3742140563,KDE|S2|main|6|W06_C6|7|2,networks/S2/KDE/f6_W06_C6_s7_d02.csv
S2,6,W06_C6,KDE,7,3,2819340293,KDE|S2|main|6|W06_C6|7|3,networks/S2/KDE/f6_W06_C6_s7_d03.csv
S2,6,W06_C6,KDE,7,4,913255846,KDE|S2|main|6|W06_C6|7|4,networks/S2/KDE/f6_W06_C6_s7_d04.csv
S2,6,W06_C6,KDE,7,5,1097342256,KDE|S2|main|6|W06_C6|7|5,networks/S2/KDE/f6_W06_C6_s7_d05.csv
S2,6,W06_C6,KDE,7,6,3630255242,KDE|S2|main|6|W06_C6|7|6,networks/S2/KDE/f6_W06_C6_s7_d06.csv
S2,6,W06_C6,KDE,7,7,2942729244,KDE|S2|main|6|W06_C6|7|7,networks/S2/KDE/f6_W06_C6_s7_d07.csv
S2,6,W06_C7,EVAE,1337,0,3214631594,EVAE|S2|geobg|6|W06_C7|1337|0,networks/S2/EVAE/f6_W06_C7_s1337_d00.csv
S2,6,W06_C7,EVAE,1337,1,3365687868,EVAE|S2|geobg|6|W06_C7|1337|1,networks/S2/EVAE/f6_W06_C7_s1337_d01.csv
S2,6,W06_C7,EVAE,1337,2,1368720262,EVAE|S2|geobg|6|W06_C7|1337|2,networks/S2/EVAE/f6_W06_C7_s1337_d02.csv
S2,6,W06_C7,EVAE,1337,3,647115536,EVAE|S2|geobg|6|W06_C7|1337|3,networks/S2/EVAE/f6_W06_C7_s1337_d03.csv
S2,6,W06_C7,EVAE,1337,4,3103172275,EVAE|S2|geobg|6|W06_C7|1337|4,networks/S2/EVAE/f6_W06_C7_s1337_d04.csv
S2,6,W06_C7,EVAE,1337,5,3488716325,EVAE|S2|geobg|6|W06_C7|1337|5,networks/S2/EVAE/f6_W06_C7_s1337_d05.csv
S2,6,W06_C7,EVAE,1337,6,1459144607,EVAE|S2|geobg|6|W06_C7|1337|6,networks/S2/EVAE/f6_W06_C7_s1337_d06.csv
S2,6,W06_C7,EVAE,1337,7,570423049,EVAE|S2|geobg|6|W06_C7|1337|7,networks/S2/EVAE/f6_W06_C7_s1337_d07.csv
S2,6,W06_C7,EVAE,20260903,0,1058161995,EVAE|S2|geobg|6|W06_C7|20260903|0,networks/S2/EVAE/f6_W06_C7_s20260903_d00.csv
S2,6,W06_C7,EVAE,20260903,1,1209365981,EVAE|S2|geobg|6|W06_C7|20260903|1,networks/S2/EVAE/f6_W06_C7_s20260903_d01.csv
S2,6,W06_C7,EVAE,20260903,2,3508282471,EVAE|S2|geobg|6|W06_C7|20260903|2,networks/S2/EVAE/f6_W06_C7_s20260903_d02.csv
S2,6,W06_C7,EVAE,20260903,3,2786792689,EVAE|S2|geobg|6|W06_C7|20260903|3,networks/S2/EVAE/f6_W06_C7_s20260903_d03.csv
S2,6,W06_C7,EVAE,20260903,4,947880274,EVAE|S2|geobg|6|W06_C7|20260903|4,networks/S2/EVAE/f6_W06_C7_s20260903_d04.csv
S2,6,W06_C7,EVAE,20260903,5,1333309892,EVAE|S2|geobg|6|W06_C7|20260903|5,networks/S2/EVAE/f6_W06_C7_s20260903_d05.csv
S2,6,W06_C7,EVAE,20260903,6,3597787262,EVAE|S2|geobg|6|W06_C7|20260903|6,networks/S2/EVAE/f6_W06_C7_s20260903_d06.csv
S2,6,W06_C7,EVAE,20260903,7,2708918504,EVAE|S2|geobg|6|W06_C7|20260903|7,networks/S2/EVAE/f6_W06_C7_s20260903_d07.csv
S2,6,W06_C7,EVAE,7,0,3006588815,EVAE|S2|geobg|6|W06_C7|7|0,networks/S2/EVAE/f6_W06_C7_s7_d00.csv
S2,6,W06_C7,EVAE,7,1,3291731737,EVAE|S2|geobg|6|W06_C7|7|1,networks/S2/EVAE/f6_W06_C7_s7_d01.csv
S2,6,W06_C7,EVAE,7,2,1564116643,EVAE|S2|geobg|6|W06_C7|7|2,networks/S2/EVAE/f6_W06_C7_s7_d02.csv
S2,6,W06_C7,EVAE,7,3,708687413,EVAE|S2|geobg|6|W06_C7|7|3,networks/S2/EVAE/f6_W06_C7_s7_d03.csv
S2,6,W06_C7,EVAE,7,4,3025740694,EVAE|S2|geobg|6|W06_C7|7|4,networks/S2/EVAE/f6_W06_C7_s7_d04.csv
S2,6,W06_C7,EVAE,7,5,3277722368,EVAE|S2|geobg|6|W06_C7|7|5,networks/S2/EVAE/f6_W06_C7_s7_d05.csv
S2,6,W06_C7,EVAE,7,6,1515668154,EVAE|S2|geobg|6|W06_C7|7|6,networks/S2/EVAE/f6_W06_C7_s7_d06.csv
S2,6,W06_C7,EVAE,7,7,760246828,EVAE|S2|geobg|6|W06_C7|7|7,networks/S2/EVAE/f6_W06_C7_s7_d07.csv
S2,6,W06_C7,ADFNE,1337,0,3833543742,ADFNE|S2|main|6|W06_C7|1337|0,networks/S2/ADFNE/f6_W06_C7_s1337_d00.csv
S2,6,W06_C7,ADFNE,1337,1,2474118312,ADFNE|S2|main|6|W06_C7|1337|1,networks/S2/ADFNE/f6_W06_C7_s1337_d01.csv
S2,6,W06_C7,ADFNE,1337,2,175201554,ADFNE|S2|main|6|W06_C7|1337|2,networks/S2/ADFNE/f6_W06_C7_s1337_d02.csv
S2,6,W06_C7,ADFNE,1337,3,2104913284,ADFNE|S2|main|6|W06_C7|1337|3,networks/S2/ADFNE/f6_W06_C7_s1337_d03.csv
S2,6,W06_C7,ADFNE,1337,4,3809671207,ADFNE|S2|main|6|W06_C7|1337|4,networks/S2/ADFNE/f6_W06_C7_s1337_d04.csv
S2,6,W06_C7,ADFNE,1337,5,2484455601,ADFNE|S2|main|6|W06_C7|1337|5,networks/S2/ADFNE/f6_W06_C7_s1337_d05.csv
S2,6,W06_C7,ADFNE,1337,6,219977995,ADFNE|S2|main|6|W06_C7|1337|6,networks/S2/ADFNE/f6_W06_C7_s1337_d06.csv
S2,6,W06_C7,ADFNE,1337,7,2048633245,ADFNE|S2|main|6|W06_C7|1337|7,networks/S2/ADFNE/f6_W06_C7_s1337_d07.csv
S2,6,W06_C7,ADFNE,20260903,0,2914619030,ADFNE|S2|main|6|W06_C7|20260903|0,networks/S2/ADFNE/f6_W06_C7_s20260903_d00.csv
S2,6,W06_C7,ADFNE,20260903,1,3669933568,ADFNE|S2|main|6|W06_C7|20260903|1,networks/S2/ADFNE/f6_W06_C7_s20260903_d01.csv
S2,6,W06_C7,ADFNE,20260903,2,1136127930,ADFNE|S2|main|6|W06_C7|20260903|2,networks/S2/ADFNE/f6_W06_C7_s20260903_d02.csv
S2,6,W06_C7,ADFNE,20260903,3,884006700,ADFNE|S2|main|6|W06_C7|20260903|3,networks/S2/ADFNE/f6_W06_C7_s20260903_d03.csv
S2,6,W06_C7,ADFNE,20260903,4,2866039439,ADFNE|S2|main|6|W06_C7|20260903|4,networks/S2/ADFNE/f6_W06_C7_s20260903_d04.csv
S2,6,W06_C7,ADFNE,20260903,5,3721624089,ADFNE|S2|main|6|W06_C7|20260903|5,networks/S2/ADFNE/f6_W06_C7_s20260903_d05.csv
S2,6,W06_C7,ADFNE,20260903,6,1155148707,ADFNE|S2|main|6|W06_C7|20260903|6,networks/S2/ADFNE/f6_W06_C7_s20260903_d06.csv
S2,6,W06_C7,ADFNE,20260903,7,870128437,ADFNE|S2|main|6|W06_C7|20260903|7,networks/S2/ADFNE/f6_W06_C7_s20260903_d07.csv
S2,6,W06_C7,ADFNE,7,0,3021599650,ADFNE|S2|main|6|W06_C7|7|0,networks/S2/ADFNE/f6_W06_C7_s7_d00.csv
S2,6,W06_C7,ADFNE,7,1,3273573172,ADFNE|S2|main|6|W06_C7|7|1,networks/S2/ADFNE/f6_W06_C7_s7_d01.csv
S2,6,W06_C7,ADFNE,7,2,1511494286,ADFNE|S2|main|6|W06_C7|7|2,networks/S2/ADFNE/f6_W06_C7_s7_d02.csv
S2,6,W06_C7,ADFNE,7,3,756064792,ADFNE|S2|main|6|W06_C7|7|3,networks/S2/ADFNE/f6_W06_C7_s7_d03.csv
S2,6,W06_C7,ADFNE,7,4,3010738107,ADFNE|S2|main|6|W06_C7|7|4,networks/S2/ADFNE/f6_W06_C7_s7_d04.csv
S2,6,W06_C7,ADFNE,7,5,3295872813,ADFNE|S2|main|6|W06_C7|7|5,networks/S2/ADFNE/f6_W06_C7_s7_d05.csv
S2,6,W06_C7,ADFNE,7,6,1568298647,ADFNE|S2|main|6|W06_C7|7|6,networks/S2/ADFNE/f6_W06_C7_s7_d06.csv
S2,6,W06_C7,ADFNE,7,7,712861185,ADFNE|S2|main|6|W06_C7|7|7,networks/S2/ADFNE/f6_W06_C7_s7_d07.csv
S2,6,W06_C7,KDE,1337,0,107167537,KDE|S2|main|6|W06_C7|1337|0,networks/S2/KDE/f6_W06_C7_s1337_d00.csv
S2,6,W06_C7,KDE,1337,1,1902383015,KDE|S2|main|6|W06_C7|1337|1,networks/S2/KDE/f6_W06_C7_s1337_d01.csv
S2,6,W06_C7,KDE,1337,2,3899481629,KDE|S2|main|6|W06_C7|1337|2,networks/S2/KDE/f6_W06_C7_s1337_d02.csv
S2,6,W06_C7,KDE,1337,3,2674552459,KDE|S2|main|6|W06_C7|1337|3,networks/S2/KDE/f6_W06_C7_s1337_d03.csv
S2,6,W06_C7,KDE,1337,4,17759016,KDE|S2|main|6|W06_C7|1337|4,networks/S2/KDE/f6_W06_C7_s1337_d04.csv
S2,6,W06_C7,KDE,1337,5,1980353470,KDE|S2|main|6|W06_C7|1337|5,networks/S2/KDE/f6_W06_C7_s1337_d05.csv
S2,6,W06_C7,KDE,1337,6,4009794052,KDE|S2|main|6|W06_C7|1337|6,networks/S2/KDE/f6_W06_C7_s1337_d06.csv
S2,6,W06_C7,KDE,1337,7,2550639250,KDE|S2|main|6|W06_C7|1337|7,networks/S2/KDE/f6_W06_C7_s1337_d07.csv
S2,6,W06_C7,KDE,20260903,0,1609563792,KDE|S2|main|6|W06_C7|20260903|0,networks/S2/KDE/f6_W06_C7_s20260903_d00.csv
S2,6,W06_C7,KDE,20260903,1,686345734,KDE|S2|main|6|W06_C7|20260903|1,networks/S2/KDE/f6_W06_C7_s20260903_d01.csv
S2,6,W06_C7,KDE,20260903,2,2984353724,KDE|S2|main|6|W06_C7|20260903|2,networks/S2/KDE/f6_W06_C7_s20260903_d02.csv
S2,6,W06_C7,KDE,20260903,3,3337006890,KDE|S2|main|6|W06_C7|20260903|3,networks/S2/KDE/f6_W06_C7_s20260903_d03.csv
S2,6,W06_C7,KDE,20260903,4,1484929673,KDE|S2|main|6|W06_C7|20260903|4,networks/S2/KDE/f6_W06_C7_s20260903_d04.csv
S2,6,W06_C7,KDE,20260903,5,797248031,KDE|S2|main|6|W06_C7|20260903|5,networks/S2/KDE/f6_W06_C7_s20260903_d05.csv
S2,6,W06_C7,KDE,20260903,6,3062651813,KDE|S2|main|6|W06_C7|20260903|6,networks/S2/KDE/f6_W06_C7_s20260903_d06.csv
S2,6,W06_C7,KDE,20260903,7,3247139635,KDE|S2|main|6|W06_C7|20260903|7,networks/S2/KDE/f6_W06_C7_s20260903_d07.csv
S2,6,W06_C7,KDE,7,0,207798287,KDE|S2|main|6|W06_C7|7|0,networks/S2/KDE/f6_W06_C7_s7_d00.csv
S2,6,W06_C7,KDE,7,1,2070278297,KDE|S2|main|6|W06_C7|7|1,networks/S2/KDE/f6_W06_C7_s7_d01.csv
S2,6,W06_C7,KDE,7,2,3798769955,KDE|S2|main|6|W06_C7|7|2,networks/S2/KDE/f6_W06_C7_s7_d02.csv
S2,6,W06_C7,KDE,7,3,2506854837,KDE|S2|main|6|W06_C7|7|3,networks/S2/KDE/f6_W06_C7_s7_d03.csv
S2,6,W06_C7,KDE,7,4,185533462,KDE|S2|main|6|W06_C7|7|4,networks/S2/KDE/f6_W06_C7_s7_d04.csv
S2,6,W06_C7,KDE,7,5,2080912512,KDE|S2|main|6|W06_C7|7|5,networks/S2/KDE/f6_W06_C7_s7_d05.csv
S2,6,W06_C7,KDE,7,6,3842073914,KDE|S2|main|6|W06_C7|7|6,networks/S2/KDE/f6_W06_C7_s7_d06.csv
S2,6,W06_C7,KDE,7,7,2449888684,KDE|S2|main|6|W06_C7|7|7,networks/S2/KDE/f6_W06_C7_s7_d07.csv
S2,6,W06_C8,EVAE,1337,0,1723559942,EVAE|S2|geobg|6|W06_C8|1337|0,networks/S2/EVAE/f6_W06_C8_s1337_d00.csv
S2,6,W06_C8,EVAE,1337,1,297549968,EVAE|S2|geobg|6|W06_C8|1337|1,networks/S2/EVAE/f6_W06_C8_s1337_d01.csv
S2,6,W06_C8,EVAE,1337,2,2293567786,EVAE|S2|geobg|6|W06_C8|1337|2,networks/S2/EVAE/f6_W06_C8_s1337_d02.csv
S2,6,W06_C8,EVAE,1337,3,4289864124,EVAE|S2|geobg|6|W06_C8|1337|3,networks/S2/EVAE/f6_W06_C8_s1337_d03.csv
S2,6,W06_C8,EVAE,1337,4,1641460767,EVAE|S2|geobg|6|W06_C8|1337|4,networks/S2/EVAE/f6_W06_C8_s1337_d04.csv
S2,6,W06_C8,EVAE,1337,5,382829705,EVAE|S2|geobg|6|W06_C8|1337|5,networks/S2/EVAE/f6_W06_C8_s1337_d05.csv
S2,6,W06_C8,EVAE,1337,6,2413352243,EVAE|S2|geobg|6|W06_C8|1337|6,networks/S2/EVAE/f6_W06_C8_s1337_d06.csv
S2,6,W06_C8,EVAE,1337,7,4175422885,EVAE|S2|geobg|6|W06_C8|1337|7,networks/S2/EVAE/f6_W06_C8_s1337_d07.csv
S2,6,W06_C8,EVAE,20260903,0,1300683322,EVAE|S2|geobg|6|W06_C8|20260903|0,networks/S2/EVAE/f6_W06_C8_s20260903_d00.csv
S2,6,W06_C8,EVAE,20260903,1,981592748,EVAE|S2|geobg|6|W06_C8|20260903|1,networks/S2/EVAE/f6_W06_C8_s20260903_d01.csv
S2,6,W06_C8,EVAE,20260903,2,2743646998,EVAE|S2|geobg|6|W06_C8|20260903|2,networks/S2/EVAE/f6_W06_C8_s20260903_d02.csv
S2,6,W06_C8,EVAE,20260903,3,3566177152,EVAE|S2|geobg|6|W06_C8|20260903|3,networks/S2/EVAE/f6_W06_C8_s20260903_d03.csv
S2,6,W06_C8,EVAE,20260903,4,1256922659,EVAE|S2|geobg|6|W06_C8|20260903|4,networks/S2/EVAE/f6_W06_C8_s20260903_d04.csv
S2,6,W06_C8,EVAE,20260903,5,1038888629,EVAE|S2|geobg|6|W06_C8|20260903|5,networks/S2/EVAE/f6_W06_C8_s20260903_d05.csv
S2,6,W06_C8,EVAE,20260903,6,2766503695,EVAE|S2|geobg|6|W06_C8|20260903|6,networks/S2/EVAE/f6_W06_C8_s20260903_d06.csv
S2,6,W06_C8,EVAE,20260903,7,3554824089,EVAE|S2|geobg|6|W06_C8|20260903|7,networks/S2/EVAE/f6_W06_C8_s20260903_d07.csv
S2,6,W06_C8,EVAE,7,0,828665950,EVAE|S2|geobg|6|W06_C8|7|0,networks/S2/EVAE/f6_W06_C8_s7_d00.csv
S2,6,W06_C8,EVAE,7,1,1180909768,EVAE|S2|geobg|6|W06_C8|7|1,networks/S2/EVAE/f6_W06_C8_s7_d01.csv
S2,6,W06_C8,EVAE,7,2,3748270450,EVAE|S2|geobg|6|W06_C8|7|2,networks/S2/EVAE/f6_W06_C8_s7_d02.csv
S2,6,W06_C8,EVAE,7,3,2825724388,EVAE|S2|geobg|6|W06_C8|7|3,networks/S2/EVAE/f6_W06_C8_s7_d03.csv
S2,6,W06_C8,EVAE,7,4,906605639,EVAE|S2|geobg|6|W06_C8|7|4,networks/S2/EVAE/f6_W06_C8_s7_d04.csv
S2,6,W06_C8,EVAE,7,5,1091470545,EVAE|S2|geobg|6|W06_C8|7|5,networks/S2/EVAE/f6_W06_C8_s7_d05.csv
S2,6,W06_C8,EVAE,7,6,3624392043,EVAE|S2|geobg|6|W06_C8|7|6,networks/S2/EVAE/f6_W06_C8_s7_d06.csv
S2,6,W06_C8,EVAE,7,7,2936071677,EVAE|S2|geobg|6|W06_C8|7|7,networks/S2/EVAE/f6_W06_C8_s7_d07.csv
S2,6,W06_C8,ADFNE,1337,0,1029648018,ADFNE|S2|main|6|W06_C8|1337|0,networks/S2/ADFNE/f6_W06_C8_s1337_d00.csv
S2,6,W06_C8,ADFNE,1337,1,1247288836,ADFNE|S2|main|6|W06_C8|1337|1,networks/S2/ADFNE/f6_W06_C8_s1337_d01.csv
S2,6,W06_C8,ADFNE,1337,2,3545321406,ADFNE|S2|main|6|W06_C8|1337|2,networks/S2/ADFNE/f6_W06_C8_s1337_d02.csv
S2,6,W06_C8,ADFNE,1337,3,2757132072,ADFNE|S2|main|6|W06_C8|1337|3,networks/S2/ADFNE/f6_W06_C8_s1337_d03.csv
S2,6,W06_C8,ADFNE,1337,4,976415371,ADFNE|S2|main|6|W06_C8|1337|4,networks/S2/ADFNE/f6_W06_C8_s1337_d04.csv
S2,6,W06_C8,ADFNE,1337,5,1295374877,ADFNE|S2|main|6|W06_C8|1337|5,networks/S2/ADFNE/f6_W06_C8_s1337_d05.csv
S2,6,W06_C8,ADFNE,1337,6,3560737703,ADFNE|S2|main|6|W06_C8|1337|6,networks/S2/ADFNE/f6_W06_C8_s1337_d06.csv
S2,6,W06_C8,ADFNE,1337,7,2738600753,ADFNE|S2|main|6|W06_C8|1337|7,networks/S2/ADFNE/f6_W06_C8_s1337_d07.csv
S2,6,W06_C8,ADFNE,20260903,0,3744272871,ADFNE|S2|main|6|W06_C8|20260903|0,networks/S2/ADFNE/f6_W06_C8_s20260903_d00.csv
S2,6,W06_C8,ADFNE,20260903,1,2821333361,ADFNE|S2|main|6|W06_C8|20260903|1,networks/S2/ADFNE/f6_W06_C8_s20260903_d01.csv
S2,6,W06_C8,ADFNE,20260903,2,824406219,ADFNE|S2|main|6|W06_C8|20260903|2,networks/S2/ADFNE/f6_W06_C8_s20260903_d02.csv
S2,6,W06_C8,ADFNE,20260903,3,1176780893,ADFNE|S2|main|6|W06_C8|20260903|3,networks/S2/ADFNE/f6_W06_C8_s20260903_d03.csv
S2,6,W06_C8,ADFNE,20260903,4,3628127742,ADFNE|S2|main|6|W06_C8|20260903|4,networks/S2/ADFNE/f6_W06_C8_s20260903_d04.csv
S2,6,W06_C8,ADFNE,20260903,5,2940724584,ADFNE|S2|main|6|W06_C8|20260903|5,networks/S2/ADFNE/f6_W06_C8_s20260903_d05.csv
S2,6,W06_C8,ADFNE,20260903,6,911127762,ADFNE|S2|main|6|W06_C8|20260903|6,networks/S2/ADFNE/f6_W06_C8_s20260903_d06.csv
S2,6,W06_C8,ADFNE,20260903,7,1095337028,ADFNE|S2|main|6|W06_C8|20260903|7,networks/S2/ADFNE/f6_W06_C8_s20260903_d07.csv
S2,6,W06_C8,ADFNE,7,0,910779507,ADFNE|S2|main|6|W06_C8|7|0,networks/S2/ADFNE/f6_W06_C8_s7_d00.csv
S2,6,W06_C8,ADFNE,7,1,1095652581,ADFNE|S2|main|6|W06_C8|7|1,networks/S2/ADFNE/f6_W06_C8_s7_d01.csv
S2,6,W06_C8,ADFNE,7,2,3628533087,ADFNE|S2|main|6|W06_C8|7|2,networks/S2/ADFNE/f6_W06_C8_s7_d02.csv
S2,6,W06_C8,ADFNE,7,3,2940220873,ADFNE|S2|main|6|W06_C8|7|3,networks/S2/ADFNE/f6_W06_C8_s7_d03.csv
S2,6,W06_C8,ADFNE,7,4,824483946,ADFNE|S2|main|6|W06_C8|7|4,networks/S2/ADFNE/f6_W06_C8_s7_d04.csv
S2,6,W06_C8,ADFNE,7,5,1176735996,ADFNE|S2|main|6|W06_C8|7|5,networks/S2/ADFNE/f6_W06_C8_s7_d05.csv
S2,6,W06_C8,ADFNE,7,6,3744121158,ADFNE|S2|main|6|W06_C8|7|6,networks/S2/ADFNE/f6_W06_C8_s7_d06.csv
S2,6,W06_C8,ADFNE,7,7,2821583312,ADFNE|S2|main|6|W06_C8|7|7,networks/S2/ADFNE/f6_W06_C8_s7_d07.csv
S2,6,W06_C8,KDE,1337,0,3745721757,KDE|S2|main|6|W06_C8|1337|0,networks/S2/KDE/f6_W06_C8_s1337_d00.csv
S2,6,W06_C8,KDE,1337,1,2823036171,KDE|S2|main|6|W06_C8|1337|1,networks/S2/KDE/f6_W06_C8_s1337_d01.csv
S2,6,W06_C8,KDE,1337,2,827149489,KDE|S2|main|6|W06_C8|1337|2,networks/S2/KDE/f6_W06_C8_s1337_d02.csv
S2,6,W06_C8,KDE,1337,3,1179286567,KDE|S2|main|6|W06_C8|1337|3,networks/S2/KDE/f6_W06_C8_s1337_d03.csv
S2,6,W06_C8,KDE,1337,4,3626953092,KDE|S2|main|6|W06_C8|1337|4,networks/S2/KDE/f6_W06_C8_s1337_d04.csv
S2,6,W06_C8,KDE,1337,5,2938755346,KDE|S2|main|6|W06_C8|1337|5,networks/S2/KDE/f6_W06_C8_s1337_d05.csv
S2,6,W06_C8,KDE,1337,6,908101800,KDE|S2|main|6|W06_C8|1337|6,networks/S2/KDE/f6_W06_C8_s1337_d06.csv
S2,6,W06_C8,KDE,1337,7,1093122110,KDE|S2|main|6|W06_C8|1337|7,networks/S2/KDE/f6_W06_C8_s1337_d07.csv
S2,6,W06_C8,KDE,20260903,0,763060705,KDE|S2|main|6|W06_C8|20260903|0,networks/S2/KDE/f6_W06_C8_s20260903_d00.csv
S2,6,W06_C8,KDE,20260903,1,1518096759,KDE|S2|main|6|W06_C8|20260903|1,networks/S2/KDE/f6_W06_C8_s20260903_d01.csv
S2,6,W06_C8,KDE,20260903,2,3279225037,KDE|S2|main|6|W06_C8|20260903|2,networks/S2/KDE/f6_W06_C8_s20260903_d02.csv
S2,6,W06_C8,KDE,20260903,3,3027382363,KDE|S2|main|6|W06_C8|20260903|3,networks/S2/KDE/f6_W06_C8_s20260903_d03.csv
S2,6,W06_C8,KDE,20260903,4,706127352,KDE|S2|main|6|W06_C8|20260903|4,networks/S2/KDE/f6_W06_C8_s20260903_d04.csv
S2,6,W06_C8,KDE,20260903,5,1561433454,KDE|S2|main|6|W06_C8|20260903|5,networks/S2/KDE/f6_W06_C8_s20260903_d05.csv
S2,6,W06_C8,KDE,20260903,6,3289957588,KDE|S2|main|6|W06_C8|20260903|6,networks/S2/KDE/f6_W06_C8_s20260903_d06.csv
S2,6,W06_C8,KDE,20260903,7,3005215810,KDE|S2|main|6|W06_C8|20260903|7,networks/S2/KDE/f6_W06_C8_s20260903_d07.csv
S2,6,W06_C8,KDE,7,0,2385663966,KDE|S2|main|6|W06_C8|7|0,networks/S2/KDE/f6_W06_C8_s7_d00.csv
S2,6,W06_C8,KDE,7,1,4181026632,KDE|S2|main|6|W06_C8|7|1,networks/S2/KDE/f6_W06_C8_s7_d01.csv
S2,6,W06_C8,KDE,7,2,1614558962,KDE|S2|main|6|W06_C8|7|2,networks/S2/KDE/f6_W06_C8_s7_d02.csv
S2,6,W06_C8,KDE,7,3,389744228,KDE|S2|main|6|W06_C8|7|3,networks/S2/KDE/f6_W06_C8_s7_d03.csv
S2,6,W06_C8,KDE,7,4,2304742343,KDE|S2|main|6|W06_C8|7|4,networks/S2/KDE/f6_W06_C8_s7_d04.csv
S2,6,W06_C8,KDE,7,5,4267221841,KDE|S2|main|6|W06_C8|7|5,networks/S2/KDE/f6_W06_C8_s7_d05.csv
S2,6,W06_C8,KDE,7,6,1733423851,KDE|S2|main|6|W06_C8|7|6,networks/S2/KDE/f6_W06_C8_s7_d06.csv
S2,6,W06_C8,KDE,7,7,274121341,KDE|S2|main|6|W06_C8|7|7,networks/S2/KDE/f6_W06_C8_s7_d07.csv
S3,0,W00_C1,EVAE,1337,0,684236616,EVAE|S3|geobg|0|W00_C1|1337|0,networks/S3/EVAE/f0_W00_C1_s1337_d00.csv
S3,0,W00_C1,EVAE,1337,1,1607446494,EVAE|S3|geobg|0|W00_C1|1337|1,networks/S3/EVAE/f0_W00_C1_s1337_d01.csv
S3,0,W00_C1,EVAE,1337,2,3334930020,EVAE|S3|geobg|0|W00_C1|1337|2,networks/S3/EVAE/f0_W00_C1_s1337_d02.csv
S3,0,W00_C1,EVAE,1337,3,2982268658,EVAE|S3|geobg|0|W00_C1|1337|3,networks/S3/EVAE/f0_W00_C1_s1337_d03.csv
S3,0,W00_C1,EVAE,1337,4,799365969,EVAE|S3|geobg|0|W00_C1|1337|4,networks/S3/EVAE/f0_W00_C1_s1337_d04.csv
S3,0,W00_C1,EVAE,1337,5,1487039431,EVAE|S3|geobg|0|W00_C1|1337|5,networks/S3/EVAE/f0_W00_C1_s1337_d05.csv
S3,0,W00_C1,EVAE,1337,6,3249224317,EVAE|S3|geobg|0|W00_C1|1337|6,networks/S3/EVAE/f0_W00_C1_s1337_d06.csv
S3,0,W00_C1,EVAE,1337,7,3064728299,EVAE|S3|geobg|0|W00_C1|1337|7,networks/S3/EVAE/f0_W00_C1_s1337_d07.csv
S3,0,W00_C1,EVAE,20260903,0,25502731,EVAE|S3|geobg|0|W00_C1|20260903|0,networks/S3/EVAE/f0_W00_C1_s20260903_d00.csv
S3,0,W00_C1,EVAE,20260903,1,1988236445,EVAE|S3|geobg|0|W00_C1|20260903|1,networks/S3/EVAE/f0_W00_C1_s20260903_d01.csv
S3,0,W00_C1,EVAE,20260903,2,4018881831,EVAE|S3|geobg|0|W00_C1|20260903|2,networks/S3/EVAE/f0_W00_C1_s20260903_d02.csv
S3,0,W00_C1,EVAE,20260903,3,2559342001,EVAE|S3|geobg|0|W00_C1|20260903|3,networks/S3/EVAE/f0_W00_C1_s20260903_d03.csv
S3,0,W00_C1,EVAE,20260903,4,115925010,EVAE|S3|geobg|0|W00_C1|20260903|4,networks/S3/EVAE/f0_W00_C1_s20260903_d04.csv
S3,0,W00_C1,EVAE,20260903,5,1911541892,EVAE|S3|geobg|0|W00_C1|20260903|5,networks/S3/EVAE/f0_W00_C1_s20260903_d05.csv
S3,0,W00_C1,EVAE,20260903,6,3907420478,EVAE|S3|geobg|0|W00_C1|20260903|6,networks/S3/EVAE/f0_W00_C1_s20260903_d06.csv
S3,0,W00_C1,EVAE,20260903,7,2682368424,EVAE|S3|geobg|0|W00_C1|20260903|7,networks/S3/EVAE/f0_W00_C1_s20260903_d07.csv
S3,0,W00_C1,EVAE,7,0,1883342094,EVAE|S3|geobg|0|W00_C1|7|0,networks/S3/EVAE/f0_W00_C1_s7_d00.csv
S3,0,W00_C1,EVAE,7,1,122074520,EVAE|S3|geobg|0|W00_C1|7|1,networks/S3/EVAE/f0_W00_C1_s7_d01.csv
S3,0,W00_C1,EVAE,7,2,2656035874,EVAE|S3|geobg|0|W00_C1|7|2,networks/S3/EVAE/f0_W00_C1_s7_d02.csv
S3,0,W00_C1,EVAE,7,3,3913864372,EVAE|S3|geobg|0|W00_C1|7|3,networks/S3/EVAE/f0_W00_C1_s7_d03.csv
S3,0,W00_C1,EVAE,7,4,1999388951,EVAE|S3|geobg|0|W00_C1|7|4,networks/S3/EVAE/f0_W00_C1_s7_d04.csv
S3,0,W00_C1,EVAE,7,5,2847105,EVAE|S3|geobg|0|W00_C1|7|5,networks/S3/EVAE/f0_W00_C1_s7_d05.csv
S3,0,W00_C1,EVAE,7,6,2569150523,EVAE|S3|geobg|0|W00_C1|7|6,networks/S3/EVAE/f0_W00_C1_s7_d06.csv
S3,0,W00_C1,EVAE,7,7,3995406509,EVAE|S3|geobg|0|W00_C1|7|7,networks/S3/EVAE/f0_W00_C1_s7_d07.csv
S3,0,W00_C1,ADFNE,1337,0,4286009288,ADFNE|S3|main|0|W00_C1|1337|0,networks/S3/ADFNE/f0_W00_C1_s1337_d00.csv
S3,0,W00_C1,ADFNE,1337,1,2289074014,ADFNE|S3|main|0|W00_C1|1337|1,networks/S3/ADFNE/f0_W00_C1_s1337_d01.csv
S3,0,W00_C1,ADFNE,1337,2,293154532,ADFNE|S3|main|0|W00_C1|1337|2,networks/S3/ADFNE/f0_W00_C1_s1337_d02.csv
S3,0,W00_C1,ADFNE,1337,3,1719541362,ADFNE|S3|main|0|W00_C1|1337|3,networks/S3/ADFNE/f0_W00_C1_s1337_d03.csv
S3,0,W00_C1,ADFNE,1337,4,4162489297,ADFNE|S3|main|0|W00_C1|1337|4,networks/S3/ADFNE/f0_W00_C1_s1337_d04.csv
S3,0,W00_C1,ADFNE,1337,5,2401090375,ADFNE|S3|main|0|W00_C1|1337|5,networks/S3/ADFNE/f0_W00_C1_s1337_d05.csv
S3,0,W00_C1,ADFNE,1337,6,370469629,ADFNE|S3|main|0|W00_C1|1337|6,networks/S3/ADFNE/f0_W00_C1_s1337_d06.csv
S3,0,W00_C1,ADFNE,1337,7,1628691051,ADFNE|S3|main|0|W00_C1|1337|7,networks/S3/ADFNE/f0_W00_C1_s1337_d07.csv
S3,0,W00_C1,ADFNE,20260903,0,448745984,ADFNE|S3|main|0|W00_C1|20260903|0,networks/S3/ADFNE/f0_W00_C1_s20260903_d00.csv
S3,0,W00_C1,ADFNE,20260903,1,1840800406,ADFNE|S3|main|0|W00_C1|20260903|1,networks/S3/ADFNE/f0_W00_C1_s20260903_d01.csv
S3,0,W00_C1,ADFNE,20260903,2,4105253676,ADFNE|S3|main|0|W00_C1|20260903|2,networks/S3/ADFNE/f0_W00_C1_s20260903_d02.csv
S3,0,W00_C1,ADFNE,20260903,3,2209743802,ADFNE|S3|main|0|W00_C1|20260903|3,networks/S3/ADFNE/f0_W00_C1_s20260903_d03.csv
S3,0,W00_C1,ADFNE,20260903,4,500340249,ADFNE|S3|main|0|W00_C1|20260903|4,networks/S3/ADFNE/f0_W00_C1_s20260903_d04.csv
S3,0,W00_C1,ADFNE,20260903,5,1792386703,ADFNE|S3|main|0|W00_C1|20260903|5,networks/S3/ADFNE/f0_W00_C1_s20260903_d05.csv
S3,0,W00_C1,ADFNE,20260903,6,4091344693,ADFNE|S3|main|0|W00_C1|20260903|6,networks/S3/ADFNE/f0_W00_C1_s20260903_d06.csv
S3,0,W00_C1,ADFNE,20260903,7,2228996003,ADFNE|S3|main|0|W00_C1|20260903|7,networks/S3/ADFNE/f0_W00_C1_s20260903_d07.csv
S3,0,W00_C1,ADFNE,7,0,3320392253,ADFNE|S3|main|0|W00_C1|7|0,networks/S3/ADFNE/f0_W00_C1_s7_d00.csv
S3,0,W00_C1,ADFNE,7,1,3001948843,ADFNE|S3|main|0|W00_C1|7|1,networks/S3/ADFNE/f0_W00_C1_s7_d01.csv
S3,0,W00_C1,ADFNE,7,2,736578321,ADFNE|S3|main|0|W00_C1|7|2,networks/S3/ADFNE/f0_W00_C1_s7_d02.csv
S3,0,W00_C1,ADFNE,7,3,1558215559,ADFNE|S3|main|0|W00_C1|7|3,networks/S3/ADFNE/f0_W00_C1_s7_d03.csv
S3,0,W00_C1,ADFNE,7,4,3263491620,ADFNE|S3|main|0|W00_C1|7|4,networks/S3/ADFNE/f0_W00_C1_s7_d04.csv
S3,0,W00_C1,ADFNE,7,5,3045318322,ADFNE|S3|main|0|W00_C1|7|5,networks/S3/ADFNE/f0_W00_C1_s7_d05.csv
S3,0,W00_C1,ADFNE,7,6,747278088,ADFNE|S3|main|0|W00_C1|7|6,networks/S3/ADFNE/f0_W00_C1_s7_d06.csv
S3,0,W00_C1,ADFNE,7,7,1536016286,ADFNE|S3|main|0|W00_C1|7|7,networks/S3/ADFNE/f0_W00_C1_s7_d07.csv
S3,0,W00_C1,KDE,1337,0,493571271,KDE|S3|main|0|W00_C1|1337|0,networks/S3/KDE/f0_W00_C1_s1337_d00.csv
S3,0,W00_C1,KDE,1337,1,1785494609,KDE|S3|main|0|W00_C1|1337|1,networks/S3/KDE/f0_W00_C1_s1337_d01.csv
S3,0,W00_C1,KDE,1337,2,4083494379,KDE|S3|main|0|W00_C1|1337|2,networks/S3/KDE/f0_W00_C1_s1337_d02.csv
S3,0,W00_C1,KDE,1337,3,2221022589,KDE|S3|main|0|W00_C1|1337|3,networks/S3/KDE/f0_W00_C1_s1337_d03.csv
S3,0,W00_C1,KDE,1337,4,436635870,KDE|S3|main|0|W00_C1|1337|4,networks/S3/KDE/f0_W00_C1_s1337_d04.csv
S3,0,W00_C1,KDE,1337,5,1828829256,KDE|S3|main|0|W00_C1|1337|5,networks/S3/KDE/f0_W00_C1_s1337_d05.csv
S3,0,W00_C1,KDE,1337,6,4094224882,KDE|S3|main|0|W00_C1|1337|6,networks/S3/KDE/f0_W00_C1_s1337_d06.csv
S3,0,W00_C1,KDE,1337,7,2198853988,KDE|S3|main|0|W00_C1|1337|7,networks/S3/KDE/f0_W00_C1_s1337_d07.csv
S3,0,W00_C1,KDE,20260903,0,3907592710,KDE|S3|main|0|W00_C1|20260903|0,networks/S3/KDE/f0_W00_C1_s20260903_d00.csv
S3,0,W00_C1,KDE,20260903,1,2683179664,KDE|S3|main|0|W00_C1|20260903|1,networks/S3/KDE/f0_W00_C1_s20260903_d01.csv
S3,0,W00_C1,KDE,20260903,2,115819306,KDE|S3|main|0|W00_C1|20260903|2,networks/S3/KDE/f0_W00_C1_s20260903_d02.csv
S3,0,W00_C1,KDE,20260903,3,1910535100,KDE|S3|main|0|W00_C1|20260903|3,networks/S3/KDE/f0_W00_C1_s20260903_d03.csv
S3,0,W00_C1,KDE,20260903,4,4018464287,KDE|S3|main|0|W00_C1|20260903|4,networks/S3/KDE/f0_W00_C1_s20260903_d04.csv
S3,0,W00_C1,KDE,20260903,5,2558776969,KDE|S3|main|0|W00_C1|20260903|5,networks/S3/KDE/f0_W00_C1_s20260903_d05.csv
S3,0,W00_C1,KDE,20260903,6,25855795,KDE|S3|main|0|W00_C1|20260903|6,networks/S3/KDE/f0_W00_C1_s20260903_d06.csv
S3,0,W00_C1,KDE,20260903,7,1988999077,KDE|S3|main|0|W00_C1|20260903|7,networks/S3/KDE/f0_W00_C1_s20260903_d07.csv
S3,0,W00_C1,KDE,7,0,2106726800,KDE|S3|main|0|W00_C1|7|0,networks/S3/KDE/f0_W00_C1_s7_d00.csv
S3,0,W00_C1,KDE,7,1,177547526,KDE|S3|main|0|W00_C1|7|1,networks/S3/KDE/f0_W00_C1_s7_d01.csv
S3,0,W00_C1,KDE,7,2,2476505276,KDE|S3|main|0|W00_C1|7|2,networks/S3/KDE/f0_W00_C1_s7_d02.csv
S3,0,W00_C1,KDE,7,3,3835381802,KDE|S3|main|0|W00_C1|7|3,networks/S3/KDE/f0_W00_C1_s7_d03.csv
S3,0,W00_C1,KDE,7,4,2063588745,KDE|S3|main|0|W00_C1|7|4,networks/S3/KDE/f0_W00_C1_s7_d04.csv
S3,0,W00_C1,KDE,7,5,234417439,KDE|S3|main|0|W00_C1|7|5,networks/S3/KDE/f0_W00_C1_s7_d05.csv
S3,0,W00_C1,KDE,7,6,2498870437,KDE|S3|main|0|W00_C1|7|6,networks/S3/KDE/f0_W00_C1_s7_d06.csv
S3,0,W00_C1,KDE,7,7,3824585779,KDE|S3|main|0|W00_C1|7|7,networks/S3/KDE/f0_W00_C1_s7_d07.csv
S3,0,W00_C2,EVAE,1337,0,2789709995,EVAE|S3|geobg|0|W00_C2|1337|0,networks/S3/EVAE/f0_W00_C2_s1337_d00.csv
S3,0,W00_C2,EVAE,1337,1,3510675517,EVAE|S3|geobg|0|W00_C2|1337|1,networks/S3/EVAE/f0_W00_C2_s1337_d01.csv
S3,0,W00_C2,EVAE,1337,2,1212807559,EVAE|S3|geobg|0|W00_C2|1337|2,networks/S3/EVAE/f0_W00_C2_s1337_d02.csv
S3,0,W00_C2,EVAE,1337,3,1062127889,EVAE|S3|geobg|0|W00_C2|1337|3,networks/S3/EVAE/f0_W00_C2_s1337_d03.csv
S3,0,W00_C2,EVAE,1337,4,2703908018,EVAE|S3|geobg|0|W00_C2|1337|4,networks/S3/EVAE/f0_W00_C2_s1337_d04.csv
S3,0,W00_C2,EVAE,1337,5,3593301028,EVAE|S3|geobg|0|W00_C2|1337|5,networks/S3/EVAE/f0_W00_C2_s1337_d05.csv
S3,0,W00_C2,EVAE,1337,6,1327775134,EVAE|S3|geobg|0|W00_C2|1337|6,networks/S3/EVAE/f0_W00_C2_s1337_d06.csv
S3,0,W00_C2,EVAE,1337,7,941821192,EVAE|S3|geobg|0|W00_C2|1337|7,networks/S3/EVAE/f0_W00_C2_s1337_d07.csv
S3,0,W00_C2,EVAE,20260903,0,1981544187,EVAE|S3|geobg|0|W00_C2|20260903|0,networks/S3/EVAE/f0_W00_C2_s20260903_d00.csv
S3,0,W00_C2,EVAE,20260903,1,18663021,EVAE|S3|geobg|0|W00_C2|20260903|1,networks/S3/EVAE/f0_W00_C2_s20260903_d01.csv
S3,0,W00_C2,EVAE,20260903,2,2551551959,EVAE|S3|geobg|0|W00_C2|20260903|2,networks/S3/EVAE/f0_W00_C2_s20260903_d02.csv
S3,0,W00_C2,EVAE,20260903,3,4010977089,EVAE|S3|geobg|0|W00_C2|20260903|3,networks/S3/EVAE/f0_W00_C2_s20260903_d03.csv
S3,0,W00_C2,EVAE,20260903,4,1903571682,EVAE|S3|geobg|0|W00_C2|20260903|4,networks/S3/EVAE/f0_W00_C2_s20260903_d04.csv
S3,0,W00_C2,EVAE,20260903,5,108069492,EVAE|S3|geobg|0|W00_C2|20260903|5,networks/S3/EVAE/f0_W00_C2_s20260903_d05.csv
S3,0,W00_C2,EVAE,20260903,6,2675463118,EVAE|S3|geobg|0|W00_C2|20260903|6,networks/S3/EVAE/f0_W00_C2_s20260903_d06.csv
S3,0,W00_C2,EVAE,20260903,7,3900662616,EVAE|S3|geobg|0|W00_C2|20260903|7,networks/S3/EVAE/f0_W00_C2_s20260903_d07.csv
S3,0,W00_C2,EVAE,7,0,937557982,EVAE|S3|geobg|0|W00_C2|7|0,networks/S3/EVAE/f0_W00_C2_s7_d00.csv
S3,0,W00_C2,EVAE,7,1,1088868168,EVAE|S3|geobg|0|W00_C2|7|1,networks/S3/EVAE/f0_W00_C2_s7_d01.csv
S3,0,W00_C2,EVAE,7,2,3656359666,EVAE|S3|geobg|0|W00_C2|7|2,networks/S3/EVAE/f0_W00_C2_s7_d02.csv
S3,0,W00_C2,EVAE,7,3,2934484580,EVAE|S3|geobg|0|W00_C2|7|3,networks/S3/EVAE/f0_W00_C2_s7_d03.csv
S3,0,W00_C2,EVAE,7,4,814496711,EVAE|S3|geobg|0|W00_C2|7|4,networks/S3/EVAE/f0_W00_C2_s7_d04.csv
S3,0,W00_C2,EVAE,7,5,1200294737,EVAE|S3|geobg|0|W00_C2|7|5,networks/S3/EVAE/f0_W00_C2_s7_d05.csv
S3,0,W00_C2,EVAE,7,6,3733084907,EVAE|S3|geobg|0|W00_C2|7|6,networks/S3/EVAE/f0_W00_C2_s7_d06.csv
S3,0,W00_C2,EVAE,7,7,2844093053,EVAE|S3|geobg|0|W00_C2|7|7,networks/S3/EVAE/f0_W00_C2_s7_d07.csv
S3,0,W00_C2,ADFNE,1337,0,1912096811,ADFNE|S3|main|0|W00_C2|1337|0,networks/S3/ADFNE/f0_W00_C2_s1337_d00.csv
S3,0,W00_C2,ADFNE,1337,1,117405885,ADFNE|S3|main|0|W00_C2|1337|1,networks/S3/ADFNE/f0_W00_C2_s1337_d01.csv
S3,0,W00_C2,ADFNE,1337,2,2683709703,ADFNE|S3|main|0|W00_C2|1337|2,networks/S3/ADFNE/f0_W00_C2_s1337_d02.csv
S3,0,W00_C2,ADFNE,1337,3,3908114833,ADFNE|S3|main|0|W00_C2|1337|3,networks/S3/ADFNE/f0_W00_C2_s1337_d03.csv
S3,0,W00_C2,ADFNE,1337,4,1989512242,ADFNE|S3|main|0|W00_C2|1337|4,networks/S3/ADFNE/f0_W00_C2_s1337_d04.csv
S3,0,W00_C2,ADFNE,1337,5,26393764,ADFNE|S3|main|0|W00_C2|1337|5,networks/S3/ADFNE/f0_W00_C2_s1337_d05.csv
S3,0,W00_C2,ADFNE,1337,6,2560355614,ADFNE|S3|main|0|W00_C2|1337|6,networks/S3/ADFNE/f0_W00_C2_s1337_d06.csv
S3,0,W00_C2,ADFNE,1337,7,4020034952,ADFNE|S3|main|0|W00_C2|1337|7,networks/S3/ADFNE/f0_W00_C2_s1337_d07.csv
S3,0,W00_C2,ADFNE,20260903,0,1830912240,ADFNE|S3|main|0|W00_C2|20260903|0,networks/S3/ADFNE/f0_W00_C2_s20260903_d00.csv
S3,0,W00_C2,ADFNE,20260903,1,438743142,ADFNE|S3|main|0|W00_C2|20260903|1,networks/S3/ADFNE/f0_W00_C2_s20260903_d01.csv
S3,0,W00_C2,ADFNE,20260903,2,2200953308,ADFNE|S3|main|0|W00_C2|20260903|2,networks/S3/ADFNE/f0_W00_C2_s20260903_d02.csv
S3,0,W00_C2,ADFNE,20260903,3,4096315722,ADFNE|S3|main|0|W00_C2|20260903|3,networks/S3/ADFNE/f0_W00_C2_s20260903_d03.csv
S3,0,W00_C2,ADFNE,20260903,4,1783383273,ADFNE|S3|main|0|W00_C2|20260903|4,networks/S3/ADFNE/f0_W00_C2_s20260903_d04.csv
S3,0,W00_C2,ADFNE,20260903,5,491484287,ADFNE|S3|main|0|W00_C2|20260903|5,networks/S3/ADFNE/f0_W00_C2_s20260903_d05.csv
S3,0,W00_C2,ADFNE,20260903,6,2218927557,ADFNE|S3|main|0|W00_C2|20260903|6,networks/S3/ADFNE/f0_W00_C2_s20260903_d06.csv
S3,0,W00_C2,ADFNE,20260903,7,4081390931,ADFNE|S3|main|0|W00_C2|20260903|7,networks/S3/ADFNE/f0_W00_C2_s20260903_d07.csv
S3,0,W00_C2,ADFNE,7,0,2185842925,ADFNE|S3|main|0|W00_C2|7|0,networks/S3/ADFNE/f0_W00_C2_s7_d00.csv
S3,0,W00_C2,ADFNE,7,1,4115554427,ADFNE|S3|main|0|W00_C2|7|1,networks/S3/ADFNE/f0_W00_C2_s7_d01.csv
S3,0,W00_C2,ADFNE,7,2,1816605121,ADFNE|S3|main|0|W00_C2|7|2,networks/S3/ADFNE/f0_W00_C2_s7_d02.csv
S3,0,W00_C2,ADFNE,7,3,457179479,ADFNE|S3|main|0|W00_C2|7|3,networks/S3/ADFNE/f0_W00_C2_s7_d03.csv
S3,0,W00_C2,ADFNE,7,4,2233767156,ADFNE|S3|main|0|W00_C2|7|4,networks/S3/ADFNE/f0_W00_C2_s7_d04.csv
S3,0,W00_C2,ADFNE,7,5,4062422114,ADFNE|S3|main|0|W00_C2|7|5,networks/S3/ADFNE/f0_W00_C2_s7_d05.csv
S3,0,W00_C2,ADFNE,7,6,1797977560,ADFNE|S3|main|0|W00_C2|7|6,networks/S3/ADFNE/f0_W00_C2_s7_d06.csv
S3,0,W00_C2,ADFNE,7,7,472761678,ADFNE|S3|main|0|W00_C2|7|7,networks/S3/ADFNE/f0_W00_C2_s7_d07.csv
S3,0,W00_C2,KDE,1337,0,2481212196,KDE|S3|main|0|W00_C2|1337|0,networks/S3/KDE/f0_W00_C2_s1337_d00.csv
S3,0,W00_C2,KDE,1337,1,3840113586,KDE|S3|main|0|W00_C2|1337|1,networks/S3/KDE/f0_W00_C2_s1337_d01.csv
S3,0,W00_C2,KDE,1337,2,2112498184,KDE|S3|main|0|W00_C2|1337|2,networks/S3/KDE/f0_W00_C2_s1337_d02.csv
S3,0,W00_C2,KDE,1337,3,183311006,KDE|S3|main|0|W00_C2|1337|3,networks/S3/KDE/f0_W00_C2_s1337_d03.csv
S3,0,W00_C2,KDE,1337,4,2492043069,KDE|S3|main|0|W00_C2|1337|4,networks/S3/KDE/f0_W00_C2_s1337_d04.csv
S3,0,W00_C2,KDE,1337,5,3817783211,KDE|S3|main|0|W00_C2|1337|5,networks/S3/KDE/f0_W00_C2_s1337_d05.csv
S3,0,W00_C2,KDE,1337,6,2055728657,KDE|S3|main|0|W00_C2|1337|6,networks/S3/KDE/f0_W00_C2_s1337_d06.csv
S3,0,W00_C2,KDE,1337,7,226549383,KDE|S3|main|0|W00_C2|1337|7,networks/S3/KDE/f0_W00_C2_s1337_d07.csv
S3,0,W00_C2,KDE,20260903,0,2675437814,KDE|S3|main|0|W00_C2|20260903|0,networks/S3/KDE/f0_W00_C2_s20260903_d00.csv
S3,0,W00_C2,KDE,20260903,1,3899703392,KDE|S3|main|0|W00_C2|20260903|1,networks/S3/KDE/f0_W00_C2_s20260903_d01.csv
S3,0,W00_C2,KDE,20260903,2,1903792602,KDE|S3|main|0|W00_C2|20260903|2,networks/S3/KDE/f0_W00_C2_s20260903_d02.csv
S3,0,W00_C2,KDE,20260903,3,108962124,KDE|S3|main|0|W00_C2|20260903|3,networks/S3/KDE/f0_W00_C2_s20260903_d03.csv
S3,0,W00_C2,KDE,20260903,4,2551854319,KDE|S3|main|0|W00_C2|20260903|4,networks/S3/KDE/f0_W00_C2_s20260903_d04.csv
S3,0,W00_C2,KDE,20260903,5,4011656313,KDE|S3|main|0|W00_C2|20260903|5,networks/S3/KDE/f0_W00_C2_s20260903_d05.csv
S3,0,W00_C2,KDE,20260903,6,1981044163,KDE|S3|main|0|W00_C2|20260903|6,networks/S3/KDE/f0_W00_C2_s20260903_d06.csv
S3,0,W00_C2,KDE,20260903,7,18048341,KDE|S3|main|0|W00_C2|20260903|7,networks/S3/KDE/f0_W00_C2_s20260903_d07.csv
S3,0,W00_C2,KDE,7,0,976380736,KDE|S3|main|0|W00_C2|7|0,networks/S3/KDE/f0_W00_C2_s7_d00.csv
S3,0,W00_C2,KDE,7,1,1295340502,KDE|S3|main|0|W00_C2|7|1,networks/S3/KDE/f0_W00_C2_s7_d01.csv
S3,0,W00_C2,KDE,7,2,3560702572,KDE|S3|main|0|W00_C2|7|2,networks/S3/KDE/f0_W00_C2_s7_d02.csv
S3,0,W00_C2,KDE,7,3,2738565882,KDE|S3|main|0|W00_C2|7|3,networks/S3/KDE/f0_W00_C2_s7_d03.csv
S3,0,W00_C2,KDE,7,4,1029678937,KDE|S3|main|0|W00_C2|7|4,networks/S3/KDE/f0_W00_C2_s7_d04.csv
S3,0,W00_C2,KDE,7,5,1247320015,KDE|S3|main|0|W00_C2|7|5,networks/S3/KDE/f0_W00_C2_s7_d05.csv
S3,0,W00_C2,KDE,7,6,3545351797,KDE|S3|main|0|W00_C2|7|6,networks/S3/KDE/f0_W00_C2_s7_d06.csv
S3,0,W00_C2,KDE,7,7,2757162723,KDE|S3|main|0|W00_C2|7|7,networks/S3/KDE/f0_W00_C2_s7_d07.csv
S3,0,W01_C1,EVAE,1337,0,3913695368,EVAE|S3|geobg|0|W01_C1|1337|0,networks/S3/EVAE/f0_W01_C1_s1337_d00.csv
S3,0,W01_C1,EVAE,1337,1,2655088670,EVAE|S3|geobg|0|W01_C1|1337|1,networks/S3/EVAE/f0_W01_C1_s1337_d01.csv
S3,0,W01_C1,EVAE,1337,2,122167716,EVAE|S3|geobg|0|W01_C1|1337|2,networks/S3/EVAE/f0_W01_C1_s1337_d02.csv
S3,0,W01_C1,EVAE,1337,3,1884229938,EVAE|S3|geobg|0|W01_C1|1337|3,networks/S3/EVAE/f0_W01_C1_s1337_d03.csv
S3,0,W01_C1,EVAE,1337,4,3995829393,EVAE|S3|geobg|0|W01_C1|1337|4,networks/S3/EVAE/f0_W01_C1_s1337_d04.csv
S3,0,W01_C1,EVAE,1337,5,2569843719,EVAE|S3|geobg|0|W01_C1|1337|5,networks/S3/EVAE/f0_W01_C1_s1337_d05.csv
S3,0,W01_C1,EVAE,1337,6,2483645,EVAE|S3|geobg|0|W01_C1|1337|6,networks/S3/EVAE/f0_W01_C1_s1337_d06.csv
S3,0,W01_C1,EVAE,1337,7,1998771499,EVAE|S3|geobg|0|W01_C1|1337|7,networks/S3/EVAE/f0_W01_C1_s1337_d07.csv
S3,0,W01_C1,EVAE,20260903,0,3095330787,EVAE|S3|geobg|0|W01_C1|20260903|0,networks/S3/EVAE/f0_W01_C1_s20260903_d00.csv
S3,0,W01_C1,EVAE,20260903,1,3480866677,EVAE|S3|geobg|0|W01_C1|20260903|1,networks/S3/EVAE/f0_W01_C1_s20260903_d01.csv
S3,0,W01_C1,EVAE,20260903,2,1450221263,EVAE|S3|geobg|0|W01_C1|20260903|2,networks/S3/EVAE/f0_W01_C1_s20260903_d02.csv
S3,0,W01_C1,EVAE,20260903,3,561491545,EVAE|S3|geobg|0|W01_C1|20260903|3,networks/S3/EVAE/f0_W01_C1_s20260903_d03.csv
S3,0,W01_C1,EVAE,20260903,4,3205708794,EVAE|S3|geobg|0|W01_C1|20260903|4,networks/S3/EVAE/f0_W01_C1_s20260903_d04.csv
S3,0,W01_C1,EVAE,20260903,5,3356756844,EVAE|S3|geobg|0|W01_C1|20260903|5,networks/S3/EVAE/f0_W01_C1_s20260903_d05.csv
S3,0,W01_C1,EVAE,20260903,6,1360878294,EVAE|S3|geobg|0|W01_C1|20260903|6,networks/S3/EVAE/f0_W01_C1_s20260903_d06.csv
S3,0,W01_C1,EVAE,20260903,7,639265344,EVAE|S3|geobg|0|W01_C1|20260903|7,networks/S3/EVAE/f0_W01_C1_s20260903_d07.csv
S3,0,W01_C1,EVAE,7,0,3169551760,EVAE|S3|geobg|0|W01_C1|7|0,networks/S3/EVAE/f0_W01_C1_s7_d00.csv
S3,0,W01_C1,EVAE,7,1,3421287686,EVAE|S3|geobg|0|W01_C1|7|1,networks/S3/EVAE/f0_W01_C1_s7_d01.csv
S3,0,W01_C1,EVAE,7,2,1390798012,EVAE|S3|geobg|0|W01_C1|7|2,networks/S3/EVAE/f0_W01_C1_s7_d02.csv
S3,0,W01_C1,EVAE,7,3,635622442,EVAE|S3|geobg|0|W01_C1|7|3,networks/S3/EVAE/f0_W01_C1_s7_d03.csv
S3,0,W01_C1,EVAE,7,4,3146137993,EVAE|S3|geobg|0|W01_C1|7|4,networks/S3/EVAE/f0_W01_C1_s7_d04.csv
S3,0,W01_C1,EVAE,7,5,3431035167,EVAE|S3|geobg|0|W01_C1|7|5,networks/S3/EVAE/f0_W01_C1_s7_d05.csv
S3,0,W01_C1,EVAE,7,6,1434984613,EVAE|S3|geobg|0|W01_C1|7|6,networks/S3/EVAE/f0_W01_C1_s7_d06.csv
S3,0,W01_C1,EVAE,7,7,579801139,EVAE|S3|geobg|0|W01_C1|7|7,networks/S3/EVAE/f0_W01_C1_s7_d07.csv
S3,0,W01_C1,ADFNE,1337,0,1056542728,ADFNE|S3|main|0|W01_C1|1337|0,networks/S3/ADFNE/f0_W01_C1_s1337_d00.csv
S3,0,W01_C1,ADFNE,1337,1,1241424030,ADFNE|S3|main|0|W01_C1|1337|1,networks/S3/ADFNE/f0_W01_C1_s1337_d01.csv
S3,0,W01_C1,ADFNE,1337,2,3505910052,ADFNE|S3|main|0|W01_C1|1337|2,networks/S3/ADFNE/f0_W01_C1_s1337_d02.csv
S3,0,W01_C1,ADFNE,1337,3,2817573298,ADFNE|S3|main|0|W01_C1|1337|3,networks/S3/ADFNE/f0_W01_C1_s1337_d03.csv
S3,0,W01_C1,ADFNE,1337,4,966022161,ADFNE|S3|main|0|W01_C1|1337|4,networks/S3/ADFNE/f0_W01_C1_s1337_d04.csv
S3,0,W01_C1,ADFNE,1337,5,1318282375,ADFNE|S3|main|0|W01_C1|1337|5,networks/S3/ADFNE/f0_W01_C1_s1337_d05.csv
S3,0,W01_C1,ADFNE,1337,6,3617207613,ADFNE|S3|main|0|W01_C1|1337|6,networks/S3/ADFNE/f0_W01_C1_s1337_d06.csv
S3,0,W01_C1,ADFNE,1337,7,2694645163,ADFNE|S3|main|0|W01_C1|1337|7,networks/S3/ADFNE/f0_W01_C1_s1337_d07.csv
S3,0,W01_C1,ADFNE,20260903,0,2739177960,ADFNE|S3|main|0|W01_C1|20260903|0,networks/S3/ADFNE/f0_W01_C1_s20260903_d00.csv
S3,0,W01_C1,ADFNE,20260903,1,3561208190,ADFNE|S3|main|0|W01_C1|20260903|1,networks/S3/ADFNE/f0_W01_C1_s20260903_d01.csv
S3,0,W01_C1,ADFNE,20260903,2,1296754884,ADFNE|S3|main|0|W01_C1|20260903|2,networks/S3/ADFNE/f0_W01_C1_s20260903_d02.csv
S3,0,W01_C1,ADFNE,20260903,3,978180178,ADFNE|S3|main|0|W01_C1|20260903|3,networks/S3/ADFNE/f0_W01_C1_s20260903_d03.csv
S3,0,W01_C1,ADFNE,20260903,4,2754170353,ADFNE|S3|main|0|W01_C1|20260903|4,networks/S3/ADFNE/f0_W01_C1_s20260903_d04.csv
S3,0,W01_C1,ADFNE,20260903,5,3543039335,ADFNE|S3|main|0|W01_C1|20260903|5,networks/S3/ADFNE/f0_W01_C1_s20260903_d05.csv
S3,0,W01_C1,ADFNE,20260903,6,1244081373,ADFNE|S3|main|0|W01_C1|20260903|6,networks/S3/ADFNE/f0_W01_C1_s20260903_d06.csv
S3,0,W01_C1,ADFNE,20260903,7,1025514571,ADFNE|S3|main|0|W01_C1|20260903|7,networks/S3/ADFNE/f0_W01_C1_s20260903_d07.csv
S3,0,W01_C1,ADFNE,7,0,155396771,ADFNE|S3|main|0|W01_C1|7|0,networks/S3/ADFNE/f0_W01_C1_s7_d00.csv
S3,0,W01_C1,ADFNE,7,1,2118392373,ADFNE|S3|main|0|W01_C1|7|1,networks/S3/ADFNE/f0_W01_C1_s7_d01.csv
S3,0,W01_C1,ADFNE,7,2,3880602511,ADFNE|S3|main|0|W01_C1|7|2,networks/S3/ADFNE/f0_W01_C1_s7_d02.csv
S3,0,W01_C1,ADFNE,7,3,2420800281,ADFNE|S3|main|0|W01_C1|7|3,networks/S3/ADFNE/f0_W01_C1_s7_d03.csv
S3,0,W01_C1,ADFNE,7,4,237956794,ADFNE|S3|main|0|W01_C1|7|4,networks/S3/ADFNE/f0_W01_C1_s7_d04.csv
S3,0,W01_C1,ADFNE,7,5,2032786988,ADFNE|S3|main|0|W01_C1|7|5,networks/S3/ADFNE/f0_W01_C1_s7_d05.csv
S3,0,W01_C1,ADFNE,7,6,3760230294,ADFNE|S3|main|0|W01_C1|7|6,networks/S3/ADFNE/f0_W01_C1_s7_d06.csv
S3,0,W01_C1,ADFNE,7,7,2535964416,ADFNE|S3|main|0|W01_C1|7|7,networks/S3/ADFNE/f0_W01_C1_s7_d07.csv
S3,0,W01_C1,KDE,1337,0,3706032903,KDE|S3|main|0|W01_C1|1337|0,networks/S3/KDE/f0_W01_C1_s1337_d00.csv
S3,0,W01_C1,KDE,1337,1,2883756945,KDE|S3|main|0|W01_C1|1337|1,networks/S3/KDE/f0_W01_C1_s1337_d01.csv
S3,0,W01_C1,KDE,1337,2,854323755,KDE|S3|main|0|W01_C1|1337|2,networks/S3/KDE/f0_W01_C1_s1337_d02.csv
S3,0,W01_C1,KDE,1337,3,1173144253,KDE|S3|main|0|W01_C1|1337|3,networks/S3/KDE/f0_W01_C1_s1337_d03.csv
S3,0,W01_C1,KDE,1337,4,3683145502,KDE|S3|main|0|W01_C1|1337|4,networks/S3/KDE/f0_W01_C1_s1337_d04.csv
S3,0,W01_C1,KDE,1337,5,2895079304,KDE|S3|main|0|W01_C1|1337|5,networks/S3/KDE/f0_W01_C1_s1337_d05.csv
S3,0,W01_C1,KDE,1337,6,897988146,KDE|S3|main|0|W01_C1|1337|6,networks/S3/KDE/f0_W01_C1_s1337_d06.csv
S3,0,W01_C1,KDE,1337,7,1115752100,KDE|S3|main|0|W01_C1|1337|7,networks/S3/KDE/f0_W01_C1_s1337_d07.csv
S3,0,W01_C1,KDE,20260903,0,1360198126,KDE|S3|main|0|W01_C1|20260903|0,networks/S3/KDE/f0_W01_C1_s20260903_d00.csv
S3,0,W01_C1,KDE,20260903,1,638962040,KDE|S3|main|0|W01_C1|20260903|1,networks/S3/KDE/f0_W01_C1_s20260903_d01.csv
S3,0,W01_C1,KDE,20260903,2,3206322370,KDE|S3|main|0|W01_C1|20260903|2,networks/S3/KDE/f0_W01_C1_s20260903_d02.csv
S3,0,W01_C1,KDE,20260903,3,3357255764,KDE|S3|main|0|W01_C1|20260903|3,networks/S3/KDE/f0_W01_C1_s20260903_d03.csv
S3,0,W01_C1,KDE,20260903,4,1451179511,KDE|S3|main|0|W01_C1|20260903|4,networks/S3/KDE/f0_W01_C1_s20260903_d04.csv
S3,0,W01_C1,KDE,20260903,5,561515873,KDE|S3|main|0|W01_C1|20260903|5,networks/S3/KDE/f0_W01_C1_s20260903_d05.csv
S3,0,W01_C1,KDE,20260903,6,3094437083,KDE|S3|main|0|W01_C1|20260903|6,networks/S3/KDE/f0_W01_C1_s20260903_d06.csv
S3,0,W01_C1,KDE,20260903,7,3480644685,KDE|S3|main|0|W01_C1|20260903|7,networks/S3/KDE/f0_W01_C1_s20260903_d07.csv
S3,0,W01_C1,KDE,7,0,2973243662,KDE|S3|main|0|W01_C1|7|0,networks/S3/KDE/f0_W01_C1_s7_d00.csv
S3,0,W01_C1,KDE,7,1,3326028184,KDE|S3|main|0|W01_C1|7|1,networks/S3/KDE/f0_W01_C1_s7_d01.csv
S3,0,W01_C1,KDE,7,2,1597405218,KDE|S3|main|0|W01_C1|7|2,networks/S3/KDE/f0_W01_C1_s7_d02.csv
S3,0,W01_C1,KDE,7,3,674318516,KDE|S3|main|0|W01_C1|7|3,networks/S3/KDE/f0_W01_C1_s7_d03.csv
S3,0,W01_C1,KDE,7,4,3059080471,KDE|S3|main|0|W01_C1|7|4,networks/S3/KDE/f0_W01_C1_s7_d04.csv
S3,0,W01_C1,KDE,7,5,3243437441,KDE|S3|main|0|W01_C1|7|5,networks/S3/KDE/f0_W01_C1_s7_d05.csv
S3,0,W01_C1,KDE,7,6,1482406971,KDE|S3|main|0|W01_C1|7|6,networks/S3/KDE/f0_W01_C1_s7_d06.csv
S3,0,W01_C1,KDE,7,7,794594477,KDE|S3|main|0|W01_C1|7|7,networks/S3/KDE/f0_W01_C1_s7_d07.csv
S3,0,W01_C2,EVAE,1337,0,1741244267,EVAE|S3|geobg|0|W01_C2|1337|0,networks/S3/EVAE/f0_W01_C2_s1337_d00.csv
S3,0,W01_C2,EVAE,1337,1,281966589,EVAE|S3|geobg|0|W01_C2|1337|1,networks/S3/EVAE/f0_W01_C2_s1337_d01.csv
S3,0,W01_C2,EVAE,1337,2,2311530055,EVAE|S3|geobg|0|W01_C2|1337|2,networks/S3/EVAE/f0_W01_C2_s1337_d02.csv
S3,0,W01_C2,EVAE,1337,3,4274001617,EVAE|S3|geobg|0|W01_C2|1337|3,networks/S3/EVAE/f0_W01_C2_s1337_d03.csv
S3,0,W01_C2,EVAE,1337,4,1621394290,EVAE|S3|geobg|0|W01_C2|1337|4,networks/S3/EVAE/f0_W01_C2_s1337_d04.csv
S3,0,W01_C2,EVAE,1337,5,396604388,EVAE|S3|geobg|0|W01_C2|1337|5,networks/S3/EVAE/f0_W01_C2_s1337_d05.csv
S3,0,W01_C2,EVAE,1337,6,2393563742,EVAE|S3|geobg|0|W01_C2|1337|6,networks/S3/EVAE/f0_W01_C2_s1337_d06.csv
S3,0,W01_C2,EVAE,1337,7,4188918472,EVAE|S3|geobg|0|W01_C2|1337|7,networks/S3/EVAE/f0_W01_C2_s1337_d07.csv
S3,0,W01_C2,EVAE,20260903,0,3487575315,EVAE|S3|geobg|0|W01_C2|20260903|0,networks/S3/EVAE/f0_W01_C2_s20260903_d00.csv
S3,0,W01_C2,EVAE,20260903,1,3102154117,EVAE|S3|geobg|0|W01_C2|20260903|1,networks/S3/EVAE/f0_W01_C2_s20260903_d01.csv
S3,0,W01_C2,EVAE,20260903,2,569265215,EVAE|S3|geobg|0|W01_C2|20260903|2,networks/S3/EVAE/f0_W01_C2_s20260903_d02.csv
S3,0,W01_C2,EVAE,20260903,3,1458142377,EVAE|S3|geobg|0|W01_C2|20260903|3,networks/S3/EVAE/f0_W01_C2_s20260903_d03.csv
S3,0,W01_C2,EVAE,20260903,4,3364743434,EVAE|S3|geobg|0|W01_C2|20260903|4,networks/S3/EVAE/f0_W01_C2_s20260903_d04.csv
S3,0,W01_C2,EVAE,20260903,5,3213547932,EVAE|S3|geobg|0|W01_C2|20260903|5,networks/S3/EVAE/f0_W01_C2_s20260903_d05.csv
S3,0,W01_C2,EVAE,20260903,6,646154278,EVAE|S3|geobg|0|W01_C2|20260903|6,networks/S3/EVAE/f0_W01_C2_s20260903_d06.csv
S3,0,W01_C2,EVAE,20260903,7,1367652528,EVAE|S3|geobg|0|W01_C2|20260903|7,networks/S3/EVAE/f0_W01_C2_s20260903_d07.csv
S3,0,W01_C2,EVAE,7,0,4216061760,EVAE|S3|geobg|0|W01_C2|7|0,networks/S3/EVAE/f0_W01_C2_s7_d00.csv
S3,0,W01_C2,EVAE,7,1,2353844182,EVAE|S3|geobg|0|W01_C2|7|1,networks/S3/EVAE/f0_W01_C2_s7_d01.csv
S3,0,W01_C2,EVAE,7,2,356884076,EVAE|S3|geobg|0|W01_C2|7|2,networks/S3/EVAE/f0_W01_C2_s7_d02.csv
S3,0,W01_C2,EVAE,7,3,1648537338,EVAE|S3|geobg|0|W01_C2|7|3,networks/S3/EVAE/f0_W01_C2_s7_d03.csv
S3,0,W01_C2,EVAE,7,4,4230363993,EVAE|S3|geobg|0|W01_C2|7|4,networks/S3/EVAE/f0_W01_C2_s7_d04.csv
S3,0,W01_C2,EVAE,7,5,2334198735,EVAE|S3|geobg|0|W01_C2|7|5,networks/S3/EVAE/f0_W01_C2_s7_d05.csv
S3,0,W01_C2,EVAE,7,6,304634485,EVAE|S3|geobg|0|W01_C2|7|6,networks/S3/EVAE/f0_W01_C2_s7_d06.csv
S3,0,W01_C2,EVAE,7,7,1697606371,EVAE|S3|geobg|0|W01_C2|7|7,networks/S3/EVAE/f0_W01_C2_s7_d07.csv
S3,0,W01_C2,ADFNE,1337,0,2960562155,ADFNE|S3|main|0|W01_C2|1337|0,networks/S3/ADFNE/f0_W01_C2_s1337_d00.csv
S3,0,W01_C2,ADFNE,1337,1,3346114429,ADFNE|S3|main|0|W01_C2|1337|1,networks/S3/ADFNE/f0_W01_C2_s1337_d01.csv
S3,0,W01_C2,ADFNE,1337,2,1584985799,ADFNE|S3|main|0|W01_C2|1337|2,networks/S3/ADFNE/f0_W01_C2_s1337_d02.csv
S3,0,W01_C2,ADFNE,1337,3,696239697,ADFNE|S3|main|0|W01_C2|1337|3,networks/S3/ADFNE/f0_W01_C2_s1337_d03.csv
S3,0,W01_C2,ADFNE,1337,4,3072021490,ADFNE|S3|main|0|W01_C2|1337|4,networks/S3/ADFNE/f0_W01_C2_s1337_d04.csv
S3,0,W01_C2,ADFNE,1337,5,3223085924,ADFNE|S3|main|0|W01_C2|1337|5,networks/S3/ADFNE/f0_W01_C2_s1337_d05.csv
S3,0,W01_C2,ADFNE,1337,6,1494561502,ADFNE|S3|main|0|W01_C2|1337|6,networks/S3/ADFNE/f0_W01_C2_s1337_d06.csv
S3,0,W01_C2,ADFNE,1337,7,772932168,ADFNE|S3|main|0|W01_C2|1337|7,networks/S3/ADFNE/f0_W01_C2_s1337_d07.csv
S3,0,W01_C2,ADFNE,20260903,0,3571079960,ADFNE|S3|main|0|W01_C2|20260903|0,networks/S3/ADFNE/f0_W01_C2_s20260903_d00.csv
S3,0,W01_C2,ADFNE,20260903,1,2749197198,ADFNE|S3|main|0|W01_C2|20260903|1,networks/S3/ADFNE/f0_W01_C2_s20260903_d01.csv
S3,0,W01_C2,ADFNE,20260903,2,986987060,ADFNE|S3|main|0|W01_C2|20260903|2,networks/S3/ADFNE/f0_W01_C2_s20260903_d02.csv
S3,0,W01_C2,ADFNE,20260903,3,1305676450,ADFNE|S3|main|0|W01_C2|20260903|3,networks/S3/ADFNE/f0_W01_C2_s20260903_d03.csv
S3,0,W01_C2,ADFNE,20260903,4,3552026369,ADFNE|S3|main|0|W01_C2|20260903|4,networks/S3/ADFNE/f0_W01_C2_s20260903_d04.csv
S3,0,W01_C2,ADFNE,20260903,5,2763042711,ADFNE|S3|main|0|W01_C2|20260903|5,networks/S3/ADFNE/f0_W01_C2_s20260903_d05.csv
S3,0,W01_C2,ADFNE,20260903,6,1035599405,ADFNE|S3|main|0|W01_C2|20260903|6,networks/S3/ADFNE/f0_W01_C2_s20260903_d06.csv
S3,0,W01_C2,ADFNE,20260903,7,1254018747,ADFNE|S3|main|0|W01_C2|20260903|7,networks/S3/ADFNE/f0_W01_C2_s20260903_d07.csv
S3,0,W01_C2,ADFNE,7,0,1323520115,ADFNE|S3|main|0|W01_C2|7|0,networks/S3/ADFNE/f0_W01_C2_s7_d00.csv
S3,0,W01_C2,ADFNE,7,1,971268325,ADFNE|S3|main|0|W01_C2|7|1,networks/S3/ADFNE/f0_W01_C2_s7_d01.csv
S3,0,W01_C2,ADFNE,7,2,2699899231,ADFNE|S3|main|0|W01_C2|7|2,networks/S3/ADFNE/f0_W01_C2_s7_d02.csv
S3,0,W01_C2,ADFNE,7,3,3622437321,ADFNE|S3|main|0|W01_C2|7|3,networks/S3/ADFNE/f0_W01_C2_s7_d03.csv
S3,0,W01_C2,ADFNE,7,4,1234080874,ADFNE|S3|main|0|W01_C2|7|4,networks/S3/ADFNE/f0_W01_C2_s7_d04.csv
S3,0,W01_C2,ADFNE,7,5,1049208060,ADFNE|S3|main|0|W01_C2|7|5,networks/S3/ADFNE/f0_W01_C2_s7_d05.csv
S3,0,W01_C2,ADFNE,7,6,2810246470,ADFNE|S3|main|0|W01_C2|7|6,networks/S3/ADFNE/f0_W01_C2_s7_d06.csv
S3,0,W01_C2,ADFNE,7,7,3498558928,ADFNE|S3|main|0|W01_C2|7|7,networks/S3/ADFNE/f0_W01_C2_s7_d07.csv
S3,0,W01_C2,KDE,1337,0,1382716644,KDE|S3|main|0|W01_C2|1337|0,networks/S3/KDE/f0_W01_C2_s1337_d00.csv
S3,0,W01_C2,KDE,1337,1,627942514,KDE|S3|main|0|W01_C2|1337|1,networks/S3/KDE/f0_W01_C2_s1337_d01.csv
S3,0,W01_C2,KDE,1337,2,3160733128,KDE|S3|main|0|W01_C2|1337|2,networks/S3/KDE/f0_W01_C2_s1337_d02.csv
S3,0,W01_C2,KDE,1337,3,3412313438,KDE|S3|main|0|W01_C2|1337|3,networks/S3/KDE/f0_W01_C2_s1337_d03.csv
S3,0,W01_C2,KDE,1337,4,1426542845,KDE|S3|main|0|W01_C2|1337|4,networks/S3/KDE/f0_W01_C2_s1337_d04.csv
S3,0,W01_C2,KDE,1337,5,570450027,KDE|S3|main|0|W01_C2|1337|5,networks/S3/KDE/f0_W01_C2_s1337_d05.csv
S3,0,W01_C2,KDE,1337,6,3137941969,KDE|S3|main|0|W01_C2|1337|6,networks/S3/KDE/f0_W01_C2_s1337_d06.csv
S3,0,W01_C2,KDE,1337,7,3423469895,KDE|S3|main|0|W01_C2|1337|7,networks/S3/KDE/f0_W01_C2_s1337_d07.csv
S3,0,W01_C2,KDE,20260903,0,646720286,KDE|S3|main|0|W01_C2|20260903|0,networks/S3/KDE/f0_W01_C2_s20260903_d00.csv
S3,0,W01_C2,KDE,20260903,1,1368071048,KDE|S3|main|0|W01_C2|20260903|1,networks/S3/KDE/f0_W01_C2_s20260903_d01.csv
S3,0,W01_C2,KDE,20260903,2,3363981874,KDE|S3|main|0|W01_C2|20260903|2,networks/S3/KDE/f0_W01_C2_s20260903_d02.csv
S3,0,W01_C2,KDE,20260903,3,3213195940,KDE|S3|main|0|W01_C2|20260903|3,networks/S3/KDE/f0_W01_C2_s20260903_d03.csv
S3,0,W01_C2,KDE,20260903,4,568454919,KDE|S3|main|0|W01_C2|20260903|4,networks/S3/KDE/f0_W01_C2_s20260903_d04.csv
S3,0,W01_C2,KDE,20260903,5,1457971089,KDE|S3|main|0|W01_C2|20260903|5,networks/S3/KDE/f0_W01_C2_s20260903_d05.csv
S3,0,W01_C2,KDE,20260903,6,3488583211,KDE|S3|main|0|W01_C2|20260903|6,networks/S3/KDE/f0_W01_C2_s20260903_d06.csv
S3,0,W01_C2,KDE,20260903,7,3102260925,KDE|S3|main|0|W01_C2|20260903|7,networks/S3/KDE/f0_W01_C2_s20260903_d07.csv
S3,0,W01_C2,KDE,7,0,4137182174,KDE|S3|main|0|W01_C2|7|0,networks/S3/KDE/f0_W01_C2_s7_d00.csv
S3,0,W01_C2,KDE,7,1,2174702408,KDE|S3|main|0|W01_C2|7|1,networks/S3/KDE/f0_W01_C2_s7_d01.csv
S3,0,W01_C2,KDE,7,2,412484338,KDE|S3|main|0|W01_C2|7|2,networks/S3/KDE/f0_W01_C2_s7_d02.csv
S3,0,W01_C2,KDE,7,3,1871786596,KDE|S3|main|0|W01_C2|7|3,networks/S3/KDE/f0_W01_C2_s7_d03.csv
S3,0,W01_C2,KDE,7,4,4059408327,KDE|S3|main|0|W01_C2|7|4,networks/S3/KDE/f0_W01_C2_s7_d04.csv
S3,0,W01_C2,KDE,7,5,2264045393,KDE|S3|main|0|W01_C2|7|5,networks/S3/KDE/f0_W01_C2_s7_d05.csv
S3,0,W01_C2,KDE,7,6,536594155,KDE|S3|main|0|W01_C2|7|6,networks/S3/KDE/f0_W01_C2_s7_d06.csv
S3,0,W01_C2,KDE,7,7,1761408637,KDE|S3|main|0|W01_C2|7|7,networks/S3/KDE/f0_W01_C2_s7_d07.csv
S3,0,W02_C1,EVAE,1337,0,1889805961,EVAE|S3|geobg|0|W02_C1|1337|0,networks/S3/EVAE/f0_W02_C1_s1337_d00.csv
S3,0,W02_C1,EVAE,1337,1,128128543,EVAE|S3|geobg|0|W02_C1|1337|1,networks/S3/EVAE/f0_W02_C1_s1337_d01.csv
S3,0,W02_C1,EVAE,1337,2,2661959589,EVAE|S3|geobg|0|W02_C1|1337|2,networks/S3/EVAE/f0_W02_C1_s1337_d02.csv
S3,0,W02_C1,EVAE,1337,3,3920459571,EVAE|S3|geobg|0|W02_C1|1337|3,networks/S3/EVAE/f0_W02_C1_s1337_d03.csv
S3,0,W02_C1,EVAE,1337,4,2009719440,EVAE|S3|geobg|0|W02_C1|1337|4,networks/S3/EVAE/f0_W02_C1_s1337_d04.csv
S3,0,W02_C1,EVAE,1337,5,13554182,EVAE|S3|geobg|0|W02_C1|1337|5,networks/S3/EVAE/f0_W02_C1_s1337_d05.csv
S3,0,W02_C1,EVAE,1337,6,2579989436,EVAE|S3|geobg|0|W02_C1|1337|6,networks/S3/EVAE/f0_W02_C1_s1337_d06.csv
S3,0,W02_C1,EVAE,1337,7,4005606186,EVAE|S3|geobg|0|W02_C1|1337|7,networks/S3/EVAE/f0_W02_C1_s1337_d07.csv
S3,0,W02_C1,EVAE,20260903,0,2835584410,EVAE|S3|geobg|0|W02_C1|20260903|0,networks/S3/EVAE/f0_W02_C1_s20260903_d00.csv
S3,0,W02_C1,EVAE,20260903,1,3724846348,EVAE|S3|geobg|0|W02_C1|20260903|1,networks/S3/EVAE/f0_W02_C1_s20260903_d01.csv
S3,0,W02_C1,EVAE,20260903,2,1192096950,EVAE|S3|geobg|0|W02_C1|20260903|2,networks/S3/EVAE/f0_W02_C1_s20260903_d02.csv
S3,0,W02_C1,EVAE,20260903,3,806011936,EVAE|S3|geobg|0|W02_C1|20260903|3,networks/S3/EVAE/f0_W02_C1_s20260903_d03.csv
S3,0,W02_C1,EVAE,20260903,4,2926465411,EVAE|S3|geobg|0|W02_C1|20260903|4,networks/S3/EVAE/f0_W02_C1_s20260903_d04.csv
S3,0,W02_C1,EVAE,20260903,5,3647562005,EVAE|S3|geobg|0|W02_C1|20260903|5,networks/S3/EVAE/f0_W02_C1_s20260903_d05.csv
S3,0,W02_C1,EVAE,20260903,6,1080045743,EVAE|S3|geobg|0|W02_C1|20260903|6,networks/S3/EVAE/f0_W02_C1_s20260903_d06.csv
S3,0,W02_C1,EVAE,20260903,7,929497145,EVAE|S3|geobg|0|W02_C1|20260903|7,networks/S3/EVAE/f0_W02_C1_s20260903_d07.csv
S3,0,W02_C1,EVAE,7,0,845447795,EVAE|S3|geobg|0|W02_C1|7|0,networks/S3/EVAE/f0_W02_C1_s7_d00.csv
S3,0,W02_C1,EVAE,7,1,1164161765,EVAE|S3|geobg|0|W02_C1|7|1,networks/S3/EVAE/f0_W02_C1_s7_d01.csv
S3,0,W02_C1,EVAE,7,2,3697992543,EVAE|S3|geobg|0|W02_C1|7|2,networks/S3/EVAE/f0_W02_C1_s7_d02.csv
S3,0,W02_C1,EVAE,7,3,2876101577,EVAE|S3|geobg|0|W02_C1|7|3,networks/S3/EVAE/f0_W02_C1_s7_d03.csv
S3,0,W02_C1,EVAE,7,4,889800298,EVAE|S3|geobg|0|W02_C1|7|4,networks/S3/EVAE/f0_W02_C1_s7_d04.csv
S3,0,W02_C1,EVAE,7,5,1108244220,EVAE|S3|geobg|0|W02_C1|7|5,networks/S3/EVAE/f0_W02_C1_s7_d05.csv
S3,0,W02_C1,EVAE,7,6,3674679110,EVAE|S3|geobg|0|W02_C1|7|6,networks/S3/EVAE/f0_W02_C1_s7_d06.csv
S3,0,W02_C1,EVAE,7,7,2885687248,EVAE|S3|geobg|0|W02_C1|7|7,networks/S3/EVAE/f0_W02_C1_s7_d07.csv
S3,0,W02_C1,ADFNE,1337,0,2803627529,ADFNE|S3|main|0|W02_C1|1337|0,networks/S3/ADFNE/f0_W02_C1_s1337_d00.csv
S3,0,W02_C1,ADFNE,1337,1,3491546783,ADFNE|S3|main|0|W02_C1|1337|1,networks/S3/ADFNE/f0_W02_C1_s1337_d01.csv
S3,0,W02_C1,ADFNE,1337,2,1226151717,ADFNE|S3|main|0|W02_C1|1337|2,networks/S3/ADFNE/f0_W02_C1_s1337_d02.csv
S3,0,W02_C1,ADFNE,1337,3,1041409971,ADFNE|S3|main|0|W02_C1|1337|3,networks/S3/ADFNE/f0_W02_C1_s1337_d03.csv
S3,0,W02_C1,ADFNE,1337,4,2692100624,ADFNE|S3|main|0|W02_C1|1337|4,networks/S3/ADFNE/f0_W02_C1_s1337_d04.csv
S3,0,W02_C1,ADFNE,1337,5,3614507654,ADFNE|S3|main|0|W02_C1|1337|5,networks/S3/ADFNE/f0_W02_C1_s1337_d05.csv
S3,0,W02_C1,ADFNE,1337,6,1316508476,ADFNE|S3|main|0|W02_C1|1337|6,networks/S3/ADFNE/f0_W02_C1_s1337_d06.csv
S3,0,W02_C1,ADFNE,1337,7,964649898,ADFNE|S3|main|0|W02_C1|1337|7,networks/S3/ADFNE/f0_W02_C1_s1337_d07.csv
S3,0,W02_C1,ADFNE,20260903,0,2990138257,ADFNE|S3|main|0|W02_C1|20260903|0,networks/S3/ADFNE/f0_W02_C1_s20260903_d00.csv
S3,0,W02_C1,ADFNE,20260903,1,3309228807,ADFNE|S3|main|0|W02_C1|20260903|1,networks/S3/ADFNE/f0_W02_C1_s20260903_d01.csv
S3,0,W02_C1,ADFNE,20260903,2,1547141821,ADFNE|S3|main|0|W02_C1|20260903|2,networks/S3/ADFNE/f0_W02_C1_s20260903_d02.csv
S3,0,W02_C1,ADFNE,20260903,3,724611627,ADFNE|S3|main|0|W02_C1|20260903|3,networks/S3/ADFNE/f0_W02_C1_s20260903_d03.csv
S3,0,W02_C1,ADFNE,20260903,4,3042191240,ADFNE|S3|main|0|W02_C1|20260903|4,networks/S3/ADFNE/f0_W02_C1_s20260903_d04.csv
S3,0,W02_C1,ADFNE,20260903,5,3260225310,ADFNE|S3|main|0|W02_C1|20260903|5,networks/S3/ADFNE/f0_W02_C1_s20260903_d05.csv
S3,0,W02_C1,ADFNE,20260903,6,1532642980,ADFNE|S3|main|0|W02_C1|20260903|6,networks/S3/ADFNE/f0_W02_C1_s20260903_d06.csv
S3,0,W02_C1,ADFNE,20260903,7,744322610,ADFNE|S3|main|0|W02_C1|20260903|7,networks/S3/ADFNE/f0_W02_C1_s20260903_d07.csv
S3,0,W02_C1,ADFNE,7,0,2278305088,ADFNE|S3|main|0|W02_C1|7|0,networks/S3/ADFNE/f0_W02_C1_s7_d00.csv
S3,0,W02_C1,ADFNE,7,1,4039843286,ADFNE|S3|main|0|W02_C1|7|1,networks/S3/ADFNE/f0_W02_C1_s7_d01.csv
S3,0,W02_C1,ADFNE,7,2,1774341228,ADFNE|S3|main|0|W02_C1|7|2,networks/S3/ADFNE/f0_W02_C1_s7_d02.csv
S3,0,W02_C1,ADFNE,7,3,516259066,ADFNE|S3|main|0|W02_C1|7|3,networks/S3/ADFNE/f0_W02_C1_s7_d03.csv
S3,0,W02_C1,ADFNE,7,4,2158094681,ADFNE|S3|main|0|W02_C1|7|4,networks/S3/ADFNE/f0_W02_C1_s7_d04.csv
S3,0,W02_C1,ADFNE,7,5,4154907087,ADFNE|S3|main|0|W02_C1|7|5,networks/S3/ADFNE/f0_W02_C1_s7_d05.csv
S3,0,W02_C1,ADFNE,7,6,1856997493,ADFNE|S3|main|0|W02_C1|7|6,networks/S3/ADFNE/f0_W02_C1_s7_d06.csv
S3,0,W02_C1,ADFNE,7,7,430487779,ADFNE|S3|main|0|W02_C1|7|7,networks/S3/ADFNE/f0_W02_C1_s7_d07.csv
S3,0,W02_C1,KDE,1337,0,1158149382,KDE|S3|main|0|W02_C1|1337|0,networks/S3/KDE/f0_W02_C1_s1337_d00.csv
S3,0,W02_C1,KDE,1337,1,838911376,KDE|S3|main|0|W02_C1|1337|1,networks/S3/KDE/f0_W02_C1_s1337_d01.csv
S3,0,W02_C1,KDE,1337,2,2869531690,KDE|S3|main|0|W02_C1|1337|2,networks/S3/KDE/f0_W02_C1_s1337_d02.csv
S3,0,W02_C1,KDE,1337,3,3691947196,KDE|S3|main|0|W02_C1|1337|3,networks/S3/KDE/f0_W02_C1_s1337_d03.csv
S3,0,W02_C1,KDE,1337,4,1114255647,KDE|S3|main|0|W02_C1|1337|4,networks/S3/KDE/f0_W02_C1_s1337_d04.csv
S3,0,W02_C1,KDE,1337,5,896336265,KDE|S3|main|0|W02_C1|1337|5,networks/S3/KDE/f0_W02_C1_s1337_d05.csv
S3,0,W02_C1,KDE,1337,6,2892255283,KDE|S3|main|0|W02_C1|1337|6,networks/S3/KDE/f0_W02_C1_s1337_d06.csv
S3,0,W02_C1,KDE,1337,7,3680723109,KDE|S3|main|0|W02_C1|1337|7,networks/S3/KDE/f0_W02_C1_s1337_d07.csv
S3,0,W02_C1,KDE,20260903,0,1081054103,KDE|S3|main|0|W02_C1|20260903|0,networks/S3/KDE/f0_W02_C1_s20260903_d00.csv
S3,0,W02_C1,KDE,20260903,1,929604353,KDE|S3|main|0|W02_C1|20260903|1,networks/S3/KDE/f0_W02_C1_s20260903_d01.csv
S3,0,W02_C1,KDE,20260903,2,2925654715,KDE|S3|main|0|W02_C1|20260903|2,networks/S3/KDE/f0_W02_C1_s20260903_d02.csv
S3,0,W02_C1,KDE,20260903,3,3647390253,KDE|S3|main|0|W02_C1|20260903|3,networks/S3/KDE/f0_W02_C1_s20260903_d03.csv
S3,0,W02_C1,KDE,20260903,4,1191335822,KDE|S3|main|0|W02_C1|20260903|4,networks/S3/KDE/f0_W02_C1_s20260903_d04.csv
S3,0,W02_C1,KDE,20260903,5,805660440,KDE|S3|main|0|W02_C1|20260903|5,networks/S3/KDE/f0_W02_C1_s20260903_d05.csv
S3,0,W02_C1,KDE,20260903,6,2836149922,KDE|S3|main|0|W02_C1|20260903|6,networks/S3/KDE/f0_W02_C1_s20260903_d06.csv
S3,0,W02_C1,KDE,20260903,7,3725264436,KDE|S3|main|0|W02_C1|20260903|7,networks/S3/KDE/f0_W02_C1_s20260903_d07.csv
S3,0,W02_C1,KDE,7,0,1068965613,KDE|S3|main|0|W02_C1|7|0,networks/S3/KDE/f0_W02_C1_s7_d00.csv
S3,0,W02_C1,KDE,7,1,1219505787,KDE|S3|main|0|W02_C1|7|1,networks/S3/KDE/f0_W02_C1_s7_d01.csv
S3,0,W02_C1,KDE,7,2,3518595009,KDE|S3|main|0|W02_C1|7|2,networks/S3/KDE/f0_W02_C1_s7_d02.csv
S3,0,W02_C1,KDE,7,3,2797490007,KDE|S3|main|0|W02_C1|7|3,networks/S3/KDE/f0_W02_C1_s7_d03.csv
S3,0,W02_C1,KDE,7,4,953866996,KDE|S3|main|0|W02_C1|7|4,networks/S3/KDE/f0_W02_C1_s7_d04.csv
S3,0,W02_C1,KDE,7,5,1339943522,KDE|S3|main|0|W02_C1|7|5,networks/S3/KDE/f0_W02_C1_s7_d05.csv
S3,0,W02_C1,KDE,7,6,3604265944,KDE|S3|main|0|W02_C1|7|6,networks/S3/KDE/f0_W02_C1_s7_d06.csv
S3,0,W02_C1,KDE,7,7,2714995534,KDE|S3|main|0|W02_C1|7|7,networks/S3/KDE/f0_W02_C1_s7_d07.csv
S3,0,W02_C2,EVAE,1337,0,4264239466,EVAE|S3|geobg|0|W02_C2|1337|0,networks/S3/EVAE/f0_W02_C2_s1337_d00.csv
S3,0,W02_C2,EVAE,1337,1,2301366780,EVAE|S3|geobg|0|W02_C2|1337|1,networks/S3/EVAE/f0_W02_C2_s1337_d01.csv
S3,0,W02_C2,EVAE,1337,2,270876742,EVAE|S3|geobg|0|W02_C2|1337|2,networks/S3/EVAE/f0_W02_C2_s1337_d02.csv
S3,0,W02_C2,EVAE,1337,3,1730310352,EVAE|S3|geobg|0|W02_C2|1337|3,networks/S3/EVAE/f0_W02_C2_s1337_d03.csv
S3,0,W02_C2,EVAE,1337,4,4182173043,EVAE|S3|geobg|0|W02_C2|1337|4,networks/S3/EVAE/f0_W02_C2_s1337_d04.csv
S3,0,W02_C2,EVAE,1337,5,2386679269,EVAE|S3|geobg|0|W02_C2|1337|5,networks/S3/EVAE/f0_W02_C2_s1337_d05.csv
S3,0,W02_C2,EVAE,1337,6,390628447,EVAE|S3|geobg|0|W02_C2|1337|6,networks/S3/EVAE/f0_W02_C2_s1337_d06.csv
S3,0,W02_C2,EVAE,1337,7,1615836361,EVAE|S3|geobg|0|W02_C2|1337|7,networks/S3/EVAE/f0_W02_C2_s1337_d07.csv
S3,0,W02_C2,EVAE,20260903,0,3734849386,EVAE|S3|geobg|0|W02_C2|20260903|0,networks/S3/EVAE/f0_W02_C2_s20260903_d00.csv
S3,0,W02_C2,EVAE,20260903,1,2845472764,EVAE|S3|geobg|0|W02_C2|20260903|1,networks/S3/EVAE/f0_W02_C2_s20260903_d01.csv
S3,0,W02_C2,EVAE,20260903,2,814949958,EVAE|S3|geobg|0|W02_C2|20260903|2,networks/S3/EVAE/f0_W02_C2_s20260903_d02.csv
S3,0,W02_C2,EVAE,20260903,3,1200887504,EVAE|S3|geobg|0|W02_C2|20260903|3,networks/S3/EVAE/f0_W02_C2_s20260903_d03.csv
S3,0,W02_C2,EVAE,20260903,4,3656418163,EVAE|S3|geobg|0|W02_C2|20260903|4,networks/S3/EVAE/f0_W02_C2_s20260903_d04.csv
S3,0,W02_C2,EVAE,20260903,5,2935469029,EVAE|S3|geobg|0|W02_C2|20260903|5,networks/S3/EVAE/f0_W02_C2_s20260903_d05.csv
S3,0,W02_C2,EVAE,20260903,6,939450975,EVAE|S3|geobg|0|W02_C2|20260903|6,networks/S3/EVAE/f0_W02_C2_s20260903_d06.csv
S3,0,W02_C2,EVAE,20260903,7,1090114249,EVAE|S3|geobg|0|W02_C2|20260903|7,networks/S3/EVAE/f0_W02_C2_s20260903_d07.csv
S3,0,W02_C2,EVAE,7,0,1975842979,EVAE|S3|geobg|0|W02_C2|7|0,networks/S3/EVAE/f0_W02_C2_s7_d00.csv
S3,0,W02_C2,EVAE,7,1,46385205,EVAE|S3|geobg|0|W02_C2|7|1,networks/S3/EVAE/f0_W02_C2_s7_d01.csv
S3,0,W02_C2,EVAE,7,2,2613746063,EVAE|S3|geobg|0|W02_C2|7|2,networks/S3/EVAE/f0_W02_C2_s7_d02.csv
S3,0,W02_C2,EVAE,7,3,3972901145,EVAE|S3|geobg|0|W02_C2|7|3,networks/S3/EVAE/f0_W02_C2_s7_d03.csv
S3,0,W02_C2,EVAE,7,4,1923693754,EVAE|S3|geobg|0|W02_C2|7|4,networks/S3/EVAE/f0_W02_C2_s7_d04.csv
S3,0,W02_C2,EVAE,7,5,95292460,EVAE|S3|geobg|0|W02_C2|7|5,networks/S3/EVAE/f0_W02_C2_s7_d05.csv
S3,0,W02_C2,EVAE,7,6,2628214166,EVAE|S3|geobg|0|W02_C2|7|6,networks/S3/EVAE/f0_W02_C2_s7_d06.csv
S3,0,W02_C2,EVAE,7,7,3953159424,EVAE|S3|geobg|0|W02_C2|7|7,networks/S3/EVAE/f0_W02_C2_s7_d07.csv
S3,0,W02_C2,ADFNE,1337,0,697627114,ADFNE|S3|main|0|W02_C2|1337|0,networks/S3/ADFNE/f0_W02_C2_s1337_d00.csv
S3,0,W02_C2,ADFNE,1337,1,1586741628,ADFNE|S3|main|0|W02_C2|1337|1,networks/S3/ADFNE/f0_W02_C2_s1337_d01.csv
S3,0,W02_C2,ADFNE,1337,2,3348795590,ADFNE|S3|main|0|W02_C2|1337|2,networks/S3/ADFNE/f0_W02_C2_s1337_d02.csv
S3,0,W02_C2,ADFNE,1337,3,2963120208,ADFNE|S3|main|0|W02_C2|1337|3,networks/S3/ADFNE/f0_W02_C2_s1337_d03.csv
S3,0,W02_C2,ADFNE,1337,4,788084211,ADFNE|S3|main|0|W02_C2|1337|4,networks/S3/ADFNE/f0_W02_C2_s1337_d04.csv
S3,0,W02_C2,ADFNE,1337,5,1509819749,ADFNE|S3|main|0|W02_C2|1337|5,networks/S3/ADFNE/f0_W02_C2_s1337_d05.csv
S3,0,W02_C2,ADFNE,1337,6,3237434591,ADFNE|S3|main|0|W02_C2|1337|6,networks/S3/ADFNE/f0_W02_C2_s1337_d06.csv
S3,0,W02_C2,ADFNE,1337,7,3085984841,ADFNE|S3|main|0|W02_C2|1337|7,networks/S3/ADFNE/f0_W02_C2_s1337_d07.csv
S3,0,W02_C2,ADFNE,20260903,0,3316068705,ADFNE|S3|main|0|W02_C2|20260903|0,networks/S3/ADFNE/f0_W02_C2_s20260903_d00.csv
S3,0,W02_C2,ADFNE,20260903,1,2996830711,ADFNE|S3|main|0|W02_C2|20260903|1,networks/S3/ADFNE/f0_W02_C2_s20260903_d01.csv
S3,0,W02_C2,ADFNE,20260903,2,732516429,ADFNE|S3|main|0|W02_C2|20260903|2,networks/S3/ADFNE/f0_W02_C2_s20260903_d02.csv
S3,0,W02_C2,ADFNE,20260903,3,1554931931,ADFNE|S3|main|0|W02_C2|20260903|3,networks/S3/ADFNE/f0_W02_C2_s20260903_d03.csv
S3,0,W02_C2,ADFNE,20260903,4,3268081016,ADFNE|S3|main|0|W02_C2|20260903|4,networks/S3/ADFNE/f0_W02_C2_s20260903_d04.csv
S3,0,W02_C2,ADFNE,20260903,5,3050161646,ADFNE|S3|main|0|W02_C2|20260903|5,networks/S3/ADFNE/f0_W02_C2_s20260903_d05.csv
S3,0,W02_C2,ADFNE,20260903,6,751080532,ADFNE|S3|main|0|W02_C2|20260903|6,networks/S3/ADFNE/f0_W02_C2_s20260903_d06.csv
S3,0,W02_C2,ADFNE,20260903,7,1539548354,ADFNE|S3|main|0|W02_C2|20260903|7,networks/S3/ADFNE/f0_W02_C2_s20260903_d07.csv
S3,0,W02_C2,ADFNE,7,0,3228325776,ADFNE|S3|main|0|W02_C2|7|0,networks/S3/ADFNE/f0_W02_C2_s7_d00.csv
S3,0,W02_C2,ADFNE,7,1,3077269254,ADFNE|S3|main|0|W02_C2|7|1,networks/S3/ADFNE/f0_W02_C2_s7_d01.csv
S3,0,W02_C2,ADFNE,7,2,778188476,ADFNE|S3|main|0|W02_C2|7|2,networks/S3/ADFNE/f0_W02_C2_s7_d02.csv
S3,0,W02_C2,ADFNE,7,3,1499792938,ADFNE|S3|main|0|W02_C2|7|3,networks/S3/ADFNE/f0_W02_C2_s7_d03.csv
S3,0,W02_C2,ADFNE,7,4,3338769289,ADFNE|S3|main|0|W02_C2|7|4,networks/S3/ADFNE/f0_W02_C2_s7_d04.csv
S3,0,W02_C2,ADFNE,7,5,2953224991,ADFNE|S3|main|0|W02_C2|7|5,networks/S3/ADFNE/f0_W02_C2_s7_d05.csv
S3,0,W02_C2,ADFNE,7,6,688911013,ADFNE|S3|main|0|W02_C2|7|6,networks/S3/ADFNE/f0_W02_C2_s7_d06.csv
S3,0,W02_C2,ADFNE,7,7,1577632307,ADFNE|S3|main|0|W02_C2|7|7,networks/S3/ADFNE/f0_W02_C2_s7_d07.csv
S3,0,W02_C2,KDE,1337,0,3414749925,KDE|S3|main|0|W02_C2|1337|0,networks/S3/KDE/f0_W02_C2_s1337_d00.csv
S3,0,W02_C2,KDE,1337,1,3163538035,KDE|S3|main|0|W02_C2|1337|1,networks/S3/KDE/f0_W02_C2_s1337_d01.csv
S3,0,W02_C2,KDE,1337,2,629576649,KDE|S3|main|0|W02_C2|1337|2,networks/S3/KDE/f0_W02_C2_s1337_d02.csv
S3,0,W02_C2,KDE,1337,3,1384227679,KDE|S3|main|0|W02_C2|1337|3,networks/S3/KDE/f0_W02_C2_s1337_d03.csv
S3,0,W02_C2,KDE,1337,4,3437573884,KDE|S3|main|0|W02_C2|1337|4,networks/S3/KDE/f0_W02_C2_s1337_d04.csv
S3,0,W02_C2,KDE,1337,5,3152152170,KDE|S3|main|0|W02_C2|1337|5,networks/S3/KDE/f0_W02_C2_s1337_d05.csv
S3,0,W02_C2,KDE,1337,6,585848784,KDE|S3|main|0|W02_C2|1337|6,networks/S3/KDE/f0_W02_C2_s1337_d06.csv
S3,0,W02_C2,KDE,1337,7,1441556294,KDE|S3|main|0|W02_C2|1337|7,networks/S3/KDE/f0_W02_C2_s1337_d07.csv
S3,0,W02_C2,KDE,20260903,0,938557799,KDE|S3|main|0|W02_C2|20260903|0,networks/S3/KDE/f0_W02_C2_s20260903_d00.csv
S3,0,W02_C2,KDE,20260903,1,1089892849,KDE|S3|main|0|W02_C2|20260903|1,networks/S3/KDE/f0_W02_C2_s20260903_d01.csv
S3,0,W02_C2,KDE,20260903,2,3657375819,KDE|S3|main|0|W02_C2|20260903|2,networks/S3/KDE/f0_W02_C2_s20260903_d02.csv
S3,0,W02_C2,KDE,20260903,3,2935492829,KDE|S3|main|0|W02_C2|20260903|3,networks/S3/KDE/f0_W02_C2_s20260903_d03.csv
S3,0,W02_C2,KDE,20260903,4,815564158,KDE|S3|main|0|W02_C2|20260903|4,networks/S3/KDE/f0_W02_C2_s20260903_d04.csv
S3,0,W02_C2,KDE,20260903,5,1201386984,KDE|S3|main|0|W02_C2|20260903|5,networks/S3/KDE/f0_W02_C2_s20260903_d05.csv
S3,0,W02_C2,KDE,20260903,6,3734168658,KDE|S3|main|0|W02_C2|20260903|6,networks/S3/KDE/f0_W02_C2_s20260903_d06.csv
S3,0,W02_C2,KDE,20260903,7,2845168836,KDE|S3|main|0|W02_C2|20260903|7,networks/S3/KDE/f0_W02_C2_s20260903_d07.csv
S3,0,W02_C2,KDE,7,0,2014798909,KDE|S3|main|0|W02_C2|7|0,networks/S3/KDE/f0_W02_C2_s7_d00.csv
S3,0,W02_C2,KDE,7,1,252728491,KDE|S3|main|0|W02_C2|7|1,networks/S3/KDE/f0_W02_C2_s7_d01.csv
S3,0,W02_C2,KDE,7,2,2518222097,KDE|S3|main|0|W02_C2|7|2,networks/S3/KDE/f0_W02_C2_s7_d02.csv
S3,0,W02_C2,KDE,7,3,3776853383,KDE|S3|main|0|W02_C2|7|3,networks/S3/KDE/f0_W02_C2_s7_d03.csv
S3,0,W02_C2,KDE,7,4,2138742820,KDE|S3|main|0|W02_C2|7|4,networks/S3/KDE/f0_W02_C2_s7_d04.csv
S3,0,W02_C2,KDE,7,5,142446770,KDE|S3|main|0|W02_C2|7|5,networks/S3/KDE/f0_W02_C2_s7_d05.csv
S3,0,W02_C2,KDE,7,6,2440347912,KDE|S3|main|0|W02_C2|7|6,networks/S3/KDE/f0_W02_C2_s7_d06.csv
S3,0,W02_C2,KDE,7,7,3866358174,KDE|S3|main|0|W02_C2|7|7,networks/S3/KDE/f0_W02_C2_s7_d07.csv
S3,0,W03_C1,EVAE,1337,0,2972383561,EVAE|S3|geobg|0|W03_C1|1337|0,networks/S3/EVAE/f0_W03_C1_s1337_d00.csv
S3,0,W03_C1,EVAE,1337,1,3324889567,EVAE|S3|geobg|0|W03_C1|1337|1,networks/S3/EVAE/f0_W03_C1_s1337_d01.csv
S3,0,W03_C1,EVAE,1337,2,1596233829,EVAE|S3|geobg|0|W03_C1|1337|2,networks/S3/EVAE/f0_W03_C1_s1337_d02.csv
S3,0,W03_C1,EVAE,1337,3,673425651,EVAE|S3|geobg|0|W03_C1|1337|3,networks/S3/EVAE/f0_W03_C1_s1337_d03.csv
S3,0,W03_C1,EVAE,1337,4,3058122064,EVAE|S3|geobg|0|W03_C1|1337|4,networks/S3/EVAE/f0_W03_C1_s1337_d04.csv
S3,0,W03_C1,EVAE,1337,5,3242200518,EVAE|S3|geobg|0|W03_C1|1337|5,networks/S3/EVAE/f0_W03_C1_s1337_d05.csv
S3,0,W03_C1,EVAE,1337,6,1481202812,EVAE|S3|geobg|0|W03_C1|1337|6,networks/S3/EVAE/f0_W03_C1_s1337_d06.csv
S3,0,W03_C1,EVAE,1337,7,793668842,EVAE|S3|geobg|0|W03_C1|1337|7,networks/S3/EVAE/f0_W03_C1_s1337_d07.csv
S3,0,W03_C1,EVAE,20260903,0,284708466,EVAE|S3|geobg|0|W03_C1|20260903|0,networks/S3/EVAE/f0_W03_C1_s20260903_d00.csv
S3,0,W03_C1,EVAE,20260903,1,1744797412,EVAE|S3|geobg|0|W03_C1|20260903|1,networks/S3/EVAE/f0_W03_C1_s20260903_d01.csv
S3,0,W03_C1,EVAE,20260903,2,4277546846,EVAE|S3|geobg|0|W03_C1|20260903|2,networks/S3/EVAE/f0_W03_C1_s20260903_d02.csv
S3,0,W03_C1,EVAE,20260903,3,2314280904,EVAE|S3|geobg|0|W03_C1|20260903|3,networks/S3/EVAE/f0_W03_C1_s20260903_d03.csv
S3,0,W03_C1,EVAE,20260903,4,395676267,EVAE|S3|geobg|0|W03_C1|20260903|4,networks/S3/EVAE/f0_W03_C1_s20260903_d04.csv
S3,0,W03_C1,EVAE,20260903,5,1620228861,EVAE|S3|geobg|0|W03_C1|20260903|5,networks/S3/EVAE/f0_W03_C1_s20260903_d05.csv
S3,0,W03_C1,EVAE,20260903,6,4187745095,EVAE|S3|geobg|0|W03_C1|20260903|6,networks/S3/EVAE/f0_W03_C1_s20260903_d06.csv
S3,0,W03_C1,EVAE,20260903,7,2392644561,EVAE|S3|geobg|0|W03_C1|20260903|7,networks/S3/EVAE/f0_W03_C1_s20260903_d07.csv
S3,0,W03_C1,EVAE,7,0,4274946797,EVAE|S3|geobg|0|W03_C1|7|0,networks/S3/EVAE/f0_W03_C1_s7_d00.csv
S3,0,W03_C1,EVAE,7,1,2311697019,EVAE|S3|geobg|0|W03_C1|7|1,networks/S3/EVAE/f0_W03_C1_s7_d01.csv
S3,0,W03_C1,EVAE,7,2,281076673,EVAE|S3|geobg|0|W03_C1|7|2,networks/S3/EVAE/f0_W03_C1_s7_d02.csv
S3,0,W03_C1,EVAE,7,3,1741149015,EVAE|S3|geobg|0|W03_C1|7|3,networks/S3/EVAE/f0_W03_C1_s7_d03.csv
S3,0,W03_C1,EVAE,7,4,4188227316,EVAE|S3|geobg|0|W03_C1|7|4,networks/S3/EVAE/f0_W03_C1_s7_d04.csv
S3,0,W03_C1,EVAE,7,5,2393142882,EVAE|S3|geobg|0|W03_C1|7|5,networks/S3/EVAE/f0_W03_C1_s7_d05.csv
S3,0,W03_C1,EVAE,7,6,397223896,EVAE|S3|geobg|0|W03_C1|7|6,networks/S3/EVAE/f0_W03_C1_s7_d06.csv
S3,0,W03_C1,EVAE,7,7,1621759822,EVAE|S3|geobg|0|W03_C1|7|7,networks/S3/EVAE/f0_W03_C1_s7_d07.csv
S3,0,W03_C1,ADFNE,1337,0,1721051593,ADFNE|S3|main|0|W03_C1|1337|0,networks/S3/ADFNE/f0_W03_C1_s1337_d00.csv
S3,0,W03_C1,ADFNE,1337,1,294787423,ADFNE|S3|main|0|W03_C1|1337|1,networks/S3/ADFNE/f0_W03_C1_s1337_d01.csv
S3,0,W03_C1,ADFNE,1337,2,2291878117,ADFNE|S3|main|0|W03_C1|1337|2,networks/S3/ADFNE/f0_W03_C1_s1337_d02.csv
S3,0,W03_C1,ADFNE,1337,3,4288444531,ADFNE|S3|main|0|W03_C1|1337|3,networks/S3/ADFNE/f0_W03_C1_s1337_d03.csv
S3,0,W03_C1,ADFNE,1337,4,1643703760,ADFNE|S3|main|0|W03_C1|1337|4,networks/S3/ADFNE/f0_W03_C1_s1337_d04.csv
S3,0,W03_C1,ADFNE,1337,5,385867078,ADFNE|S3|main|0|W03_C1|1337|5,networks/S3/ADFNE/f0_W03_C1_s1337_d05.csv
S3,0,W03_C1,ADFNE,1337,6,2415299836,ADFNE|S3|main|0|W03_C1|1337|6,networks/S3/ADFNE/f0_W03_C1_s1337_d06.csv
S3,0,W03_C1,ADFNE,1337,7,4176591978,ADFNE|S3|main|0|W03_C1|1337|7,networks/S3/ADFNE/f0_W03_C1_s1337_d07.csv
S3,0,W03_C1,ADFNE,20260903,0,197277817,ADFNE|S3|main|0|W03_C1|20260903|0,networks/S3/ADFNE/f0_W03_C1_s20260903_d00.csv
S3,0,W03_C1,ADFNE,20260903,1,2093287663,ADFNE|S3|main|0|W03_C1|20260903|1,networks/S3/ADFNE/f0_W03_C1_s20260903_d01.csv
S3,0,W03_C1,ADFNE,20260903,2,3855374677,ADFNE|S3|main|0|W03_C1|20260903|2,networks/S3/ADFNE/f0_W03_C1_s20260903_d02.csv
S3,0,W03_C1,ADFNE,20260903,3,2462804419,ADFNE|S3|main|0|W03_C1|20260903|3,networks/S3/ADFNE/f0_W03_C1_s20260903_d03.csv
S3,0,W03_C1,ADFNE,20260903,4,212860000,ADFNE|S3|main|0|W03_C1|20260903|4,networks/S3/ADFNE/f0_W03_C1_s20260903_d04.csv
S3,0,W03_C1,ADFNE,20260903,5,2074660086,ADFNE|S3|main|0|W03_C1|20260903|5,networks/S3/ADFNE/f0_W03_C1_s20260903_d05.csv
S3,0,W03_C1,ADFNE,20260903,6,3802242380,ADFNE|S3|main|0|W03_C1|20260903|6,networks/S3/ADFNE/f0_W03_C1_s20260903_d06.csv
S3,0,W03_C1,ADFNE,20260903,7,2510728666,ADFNE|S3|main|0|W03_C1|20260903|7,networks/S3/ADFNE/f0_W03_C1_s20260903_d07.csv
S3,0,W03_C1,ADFNE,7,0,1264987614,ADFNE|S3|main|0|W03_C1|7|0,networks/S3/ADFNE/f0_W03_C1_s7_d00.csv
S3,0,W03_C1,ADFNE,7,1,1012997448,ADFNE|S3|main|0|W03_C1|7|1,networks/S3/ADFNE/f0_W03_C1_s7_d01.csv
S3,0,W03_C1,ADFNE,7,2,2775076082,ADFNE|S3|main|0|W03_C1|7|2,networks/S3/ADFNE/f0_W03_C1_s7_d02.csv
S3,0,W03_C1,ADFNE,7,3,3530521700,ADFNE|S3|main|0|W03_C1|7|3,networks/S3/ADFNE/f0_W03_C1_s7_d03.csv
S3,0,W03_C1,ADFNE,7,4,1275849159,ADFNE|S3|main|0|W03_C1|7|4,networks/S3/ADFNE/f0_W03_C1_s7_d04.csv
S3,0,W03_C1,ADFNE,7,5,990697809,ADFNE|S3|main|0|W03_C1|7|5,networks/S3/ADFNE/f0_W03_C1_s7_d05.csv
S3,0,W03_C1,ADFNE,7,6,2718271723,ADFNE|S3|main|0|W03_C1|7|6,networks/S3/ADFNE/f0_W03_C1_s7_d06.csv
S3,0,W03_C1,ADFNE,7,7,3573725309,ADFNE|S3|main|0|W03_C1|7|7,networks/S3/ADFNE/f0_W03_C1_s7_d07.csv
S3,0,W03_C1,KDE,1337,0,2223581894,KDE|S3|main|0|W03_C1|1337|0,networks/S3/KDE/f0_W03_C1_s1337_d00.csv
S3,0,W03_C1,KDE,1337,1,4086176336,KDE|S3|main|0|W03_C1|1337|1,networks/S3/KDE/f0_W03_C1_s1337_d01.csv
S3,0,W03_C1,KDE,1337,2,1787251690,KDE|S3|main|0|W03_C1|1337|2,networks/S3/KDE/f0_W03_C1_s1337_d02.csv
S3,0,W03_C1,KDE,1337,3,494959484,KDE|S3|main|0|W03_C1|1337|3,networks/S3/KDE/f0_W03_C1_s1337_d03.csv
S3,0,W03_C1,KDE,1337,4,2212818655,KDE|S3|main|0|W03_C1|1337|4,networks/S3/KDE/f0_W03_C1_s1337_d04.csv
S3,0,W03_C1,KDE,1337,5,4108574281,KDE|S3|main|0|W03_C1|1337|5,networks/S3/KDE/f0_W03_C1_s1337_d05.csv
S3,0,W03_C1,KDE,1337,6,1844088819,KDE|S3|main|0|W03_C1|1337|6,networks/S3/KDE/f0_W03_C1_s1337_d06.csv
S3,0,W03_C1,KDE,1337,7,451788645,KDE|S3|main|0|W03_C1|1337|7,networks/S3/KDE/f0_W03_C1_s1337_d07.csv
S3,0,W03_C1,KDE,20260903,0,4187244671,KDE|S3|main|0|W03_C1|20260903|0,networks/S3/KDE/f0_W03_C1_s20260903_d00.csv
S3,0,W03_C1,KDE,20260903,1,2392029417,KDE|S3|main|0|W03_C1|20260903|1,networks/S3/KDE/f0_W03_C1_s20260903_d01.csv
S3,0,W03_C1,KDE,20260903,2,395979091,KDE|S3|main|0|W03_C1|20260903|2,networks/S3/KDE/f0_W03_C1_s20260903_d02.csv
S3,0,W03_C1,KDE,20260903,3,1620908485,KDE|S3|main|0|W03_C1|20260903|3,networks/S3/KDE/f0_W03_C1_s20260903_d03.csv
S3,0,W03_C1,KDE,20260903,4,4277767270,KDE|S3|main|0|W03_C1|20260903|4,networks/S3/KDE/f0_W03_C1_s20260903_d04.csv
S3,0,W03_C1,KDE,20260903,5,2315173104,KDE|S3|main|0|W03_C1|20260903|5,networks/S3/KDE/f0_W03_C1_s20260903_d05.csv
S3,0,W03_C1,KDE,20260903,6,284683594,KDE|S3|main|0|W03_C1|20260903|6,networks/S3/KDE/f0_W03_C1_s20260903_d06.csv
S3,0,W03_C1,KDE,20260903,7,1743838684,KDE|S3|main|0|W03_C1|20260903|7,networks/S3/KDE/f0_W03_C1_s20260903_d07.csv
S3,0,W03_C1,KDE,7,0,4078771827,KDE|S3|main|0|W03_C1|7|0,networks/S3/KDE/f0_W03_C1_s7_d00.csv
S3,0,W03_C1,KDE,7,1,2216308453,KDE|S3|main|0|W03_C1|7|1,networks/S3/KDE/f0_W03_C1_s7_d01.csv
S3,0,W03_C1,KDE,7,2,487817055,KDE|S3|main|0|W03_C1|7|2,networks/S3/KDE/f0_W03_C1_s7_d02.csv
S3,0,W03_C1,KDE,7,3,1779716041,KDE|S3|main|0|W03_C1|7|3,networks/S3/KDE/f0_W03_C1_s7_d03.csv
S3,0,W03_C1,KDE,7,4,4101036650,KDE|S3|main|0|W03_C1|7|4,networks/S3/KDE/f0_W03_C1_s7_d04.csv
S3,0,W03_C1,KDE,7,5,2205674236,KDE|S3|main|0|W03_C1|7|5,networks/S3/KDE/f0_W03_C1_s7_d05.csv
S3,0,W03_C1,KDE,7,6,444513094,KDE|S3|main|0|W03_C1|7|6,networks/S3/KDE/f0_W03_C1_s7_d06.csv
S3,0,W03_C1,KDE,7,7,1836682192,KDE|S3|main|0|W03_C1|7|7,networks/S3/KDE/f0_W03_C1_s7_d07.csv
S3,0,W03_C2,EVAE,1337,0,1067843242,EVAE|S3|geobg|0|W03_C2|1337|0,networks/S3/EVAE/f0_W03_C2_s1337_d00.csv
S3,0,W03_C2,EVAE,1337,1,1218629180,EVAE|S3|geobg|0|W03_C2|1337|1,networks/S3/EVAE/f0_W03_C2_s1337_d01.csv
S3,0,W03_C2,EVAE,1337,2,3517685638,EVAE|S3|geobg|0|W03_C2|1337|2,networks/S3/EVAE/f0_W03_C2_s1337_d02.csv
S3,0,W03_C2,EVAE,1337,3,2796334864,EVAE|S3|geobg|0|W03_C2|1337|3,networks/S3/EVAE/f0_W03_C2_s1337_d03.csv
S3,0,W03_C2,EVAE,1337,4,952646323,EVAE|S3|geobg|0|W03_C2|1337|4,networks/S3/EVAE/f0_W03_C2_s1337_d04.csv
S3,0,W03_C2,EVAE,1337,5,1338968613,EVAE|S3|geobg|0|W03_C2|1337|5,networks/S3/EVAE/f0_W03_C2_s1337_d05.csv
S3,0,W03_C2,EVAE,1337,6,3603323807,EVAE|S3|geobg|0|W03_C2|1337|6,networks/S3/EVAE/f0_W03_C2_s1337_d06.csv
S3,0,W03_C2,EVAE,1337,7,2713807625,EVAE|S3|geobg|0|W03_C2|1337|7,networks/S3/EVAE/f0_W03_C2_s1337_d07.csv
S3,0,W03_C2,EVAE,20260903,0,1734777986,EVAE|S3|geobg|0|W03_C2|20260903|0,networks/S3/EVAE/f0_W03_C2_s20260903_d00.csv
S3,0,W03_C2,EVAE,20260903,1,274836500,EVAE|S3|geobg|0|W03_C2|20260903|1,networks/S3/EVAE/f0_W03_C2_s20260903_d01.csv
S3,0,W03_C2,EVAE,20260903,2,2305359278,EVAE|S3|geobg|0|W03_C2|20260903|2,networks/S3/EVAE/f0_W03_C2_s20260903_d02.csv
S3,0,W03_C2,EVAE,20260903,3,4268739896,EVAE|S3|geobg|0|W03_C2|20260903|3,networks/S3/EVAE/f0_W03_C2_s20260903_d03.csv
S3,0,W03_C2,EVAE,20260903,4,1611356315,EVAE|S3|geobg|0|W03_C2|20260903|4,networks/S3/EVAE/f0_W03_C2_s20260903_d04.csv
S3,0,W03_C2,EVAE,20260903,5,386689037,EVAE|S3|geobg|0|W03_C2|20260903|5,networks/S3/EVAE/f0_W03_C2_s20260903_d05.csv
S3,0,W03_C2,EVAE,20260903,6,2382707127,EVAE|S3|geobg|0|W03_C2|20260903|6,networks/S3/EVAE/f0_W03_C2_s20260903_d06.csv
S3,0,W03_C2,EVAE,20260903,7,4177660193,EVAE|S3|geobg|0|W03_C2|20260903|7,networks/S3/EVAE/f0_W03_C2_s20260903_d07.csv
S3,0,W03_C2,EVAE,7,0,3111057469,EVAE|S3|geobg|0|W03_C2|7|0,networks/S3/EVAE/f0_W03_C2_s7_d00.csv
S3,0,W03_C2,EVAE,7,1,3463039147,EVAE|S3|geobg|0|W03_C2|7|1,networks/S3/EVAE/f0_W03_C2_s7_d01.csv
S3,0,W03_C2,EVAE,7,2,1465948433,EVAE|S3|geobg|0|W03_C2|7|2,networks/S3/EVAE/f0_W03_C2_s7_d02.csv
S3,0,W03_C2,EVAE,7,3,543664519,EVAE|S3|geobg|0|W03_C2|7|3,networks/S3/EVAE/f0_W03_C2_s7_d03.csv
S3,0,W03_C2,EVAE,7,4,3187883044,EVAE|S3|geobg|0|W03_C2|7|4,networks/S3/EVAE/f0_W03_C2_s7_d04.csv
S3,0,W03_C2,EVAE,7,5,3372485810,EVAE|S3|geobg|0|W03_C2|7|5,networks/S3/EVAE/f0_W03_C2_s7_d05.csv
S3,0,W03_C2,EVAE,7,6,1343053064,EVAE|S3|geobg|0|W03_C2|7|6,networks/S3/EVAE/f0_W03_C2_s7_d06.csv
S3,0,W03_C2,EVAE,7,7,654994846,EVAE|S3|geobg|0|W03_C2|7|7,networks/S3/EVAE/f0_W03_C2_s7_d07.csv
S3,0,W03_C2,ADFNE,1337,0,3894029866,ADFNE|S3|main|0|W03_C2|1337|0,networks/S3/ADFNE/f0_W03_C2_s1337_d00.csv
S3,0,W03_C2,ADFNE,1337,1,2669485756,ADFNE|S3|main|0|W03_C2|1337|1,networks/S3/ADFNE/f0_W03_C2_s1337_d01.csv
S3,0,W03_C2,ADFNE,1337,2,101994246,ADFNE|S3|main|0|W03_C2|1337|2,networks/S3/ADFNE/f0_W03_C2_s1337_d02.csv
S3,0,W03_C2,ADFNE,1337,3,1897103248,ADFNE|S3|main|0|W03_C2|1337|3,networks/S3/ADFNE/f0_W03_C2_s1337_d03.csv
S3,0,W03_C2,ADFNE,1337,4,4017613363,ADFNE|S3|main|0|W03_C2|1337|4,networks/S3/ADFNE/f0_W03_C2_s1337_d04.csv
S3,0,W03_C2,ADFNE,1337,5,2557532837,ADFNE|S3|main|0|W03_C2|1337|5,networks/S3/ADFNE/f0_W03_C2_s1337_d05.csv
S3,0,W03_C2,ADFNE,1337,6,24742687,ADFNE|S3|main|0|W03_C2|1337|6,networks/S3/ADFNE/f0_W03_C2_s1337_d06.csv
S3,0,W03_C2,ADFNE,1337,7,1988017033,ADFNE|S3|main|0|W03_C2|1337|7,networks/S3/ADFNE/f0_W03_C2_s1337_d07.csv
S3,0,W03_C2,ADFNE,20260903,0,2086464137,ADFNE|S3|main|0|W03_C2|20260903|0,networks/S3/ADFNE/f0_W03_C2_s20260903_d00.csv
S3,0,W03_C2,ADFNE,20260903,1,190568991,ADFNE|S3|main|0|W03_C2|20260903|1,networks/S3/ADFNE/f0_W03_C2_s20260903_d01.csv
S3,0,W03_C2,ADFNE,20260903,2,2454883237,ADFNE|S3|main|0|W03_C2|20260903|2,networks/S3/ADFNE/f0_W03_C2_s20260903_d02.csv
S3,0,W03_C2,ADFNE,20260903,3,3847600947,ADFNE|S3|main|0|W03_C2|20260903|3,networks/S3/ADFNE/f0_W03_C2_s20260903_d03.csv
S3,0,W03_C2,ADFNE,20260903,4,2066820752,ADFNE|S3|main|0|W03_C2|20260903|4,networks/S3/ADFNE/f0_W03_C2_s20260903_d04.csv
S3,0,W03_C2,ADFNE,20260903,5,204873222,ADFNE|S3|main|0|W03_C2|20260903|5,networks/S3/ADFNE/f0_W03_C2_s20260903_d05.csv
S3,0,W03_C2,ADFNE,20260903,6,2503954364,ADFNE|S3|main|0|W03_C2|20260903|6,networks/S3/ADFNE/f0_W03_C2_s20260903_d06.csv
S3,0,W03_C2,ADFNE,20260903,7,3795353386,ADFNE|S3|main|0|W03_C2|20260903|7,networks/S3/ADFNE/f0_W03_C2_s20260903_d07.csv
S3,0,W03_C2,ADFNE,7,0,214325006,ADFNE|S3|main|0|W03_C2|7|0,networks/S3/ADFNE/f0_W03_C2_s7_d00.csv
S3,0,W03_C2,ADFNE,7,1,2076272536,ADFNE|S3|main|0|W03_C2|7|1,networks/S3/ADFNE/f0_W03_C2_s7_d01.csv
S3,0,W03_C2,ADFNE,7,2,3804771874,ADFNE|S3|main|0|W03_C2|7|2,networks/S3/ADFNE/f0_W03_C2_s7_d02.csv
S3,0,W03_C2,ADFNE,7,3,2513372852,ADFNE|S3|main|0|W03_C2|7|3,networks/S3/ADFNE/f0_W03_C2_s7_d03.csv
S3,0,W03_C2,ADFNE,7,4,195793687,ADFNE|S3|main|0|W03_C2|7|4,networks/S3/ADFNE/f0_W03_C2_s7_d04.csv
S3,0,W03_C2,ADFNE,7,5,2091688833,ADFNE|S3|main|0|W03_C2|7|5,networks/S3/ADFNE/f0_W03_C2_s7_d05.csv
S3,0,W03_C2,ADFNE,7,6,3852857915,ADFNE|S3|main|0|W03_C2|7|6,networks/S3/ADFNE/f0_W03_C2_s7_d06.csv
S3,0,W03_C2,ADFNE,7,7,2460140205,ADFNE|S3|main|0|W03_C2|7|7,networks/S3/ADFNE/f0_W03_C2_s7_d07.csv
S3,0,W03_C2,KDE,1337,0,168176933,KDE|S3|main|0|W03_C2|1337|0,networks/S3/KDE/f0_W03_C2_s1337_d00.csv
S3,0,W03_C2,KDE,1337,1,2097225139,KDE|S3|main|0|W03_C2|1337|1,networks/S3/KDE/f0_W03_C2_s1337_d01.csv
S3,0,W03_C2,KDE,1337,2,3825749001,KDE|S3|main|0|W03_C2|1337|2,networks/S3/KDE/f0_W03_C2_s1337_d02.csv
S3,0,W03_C2,KDE,1337,3,2467265695,KDE|S3|main|0|W03_C2|1337|3,networks/S3/KDE/f0_W03_C2_s1337_d03.csv
S3,0,W03_C2,KDE,1337,4,225175868,KDE|S3|main|0|W03_C2|1337|4,networks/S3/KDE/f0_W03_C2_s1337_d04.csv
S3,0,W03_C2,KDE,1337,5,2053953962,KDE|S3|main|0|W03_C2|1337|5,networks/S3/KDE/f0_W03_C2_s1337_d05.csv
S3,0,W03_C2,KDE,1337,6,3815082000,KDE|S3|main|0|W03_C2|1337|6,networks/S3/KDE/f0_W03_C2_s1337_d06.csv
S3,0,W03_C2,KDE,1337,7,2489497734,KDE|S3|main|0|W03_C2|1337|7,networks/S3/KDE/f0_W03_C2_s1337_d07.csv
S3,0,W03_C2,KDE,20260903,0,2383059599,KDE|S3|main|0|W03_C2|20260903|0,networks/S3/KDE/f0_W03_C2_s20260903_d00.csv
S3,0,W03_C2,KDE,20260903,1,4178422297,KDE|S3|main|0|W03_C2|20260903|1,networks/S3/KDE/f0_W03_C2_s20260903_d01.csv
S3,0,W03_C2,KDE,20260903,2,1610939299,KDE|S3|main|0|W03_C2|20260903|2,networks/S3/KDE/f0_W03_C2_s20260903_d02.csv
S3,0,W03_C2,KDE,20260903,3,386124597,KDE|S3|main|0|W03_C2|20260903|3,networks/S3/KDE/f0_W03_C2_s20260903_d03.csv
S3,0,W03_C2,KDE,20260903,4,2305253014,KDE|S3|main|0|W03_C2|20260903|4,networks/S3/KDE/f0_W03_C2_s20260903_d04.csv
S3,0,W03_C2,KDE,20260903,5,4267732480,KDE|S3|main|0|W03_C2|20260903|5,networks/S3/KDE/f0_W03_C2_s20260903_d05.csv
S3,0,W03_C2,KDE,20260903,6,1734950842,KDE|S3|main|0|W03_C2|20260903|6,networks/S3/KDE/f0_W03_C2_s20260903_d06.csv
S3,0,W03_C2,KDE,20260903,7,275648300,KDE|S3|main|0|W03_C2|20260903|7,networks/S3/KDE/f0_W03_C2_s20260903_d07.csv
S3,0,W03_C2,KDE,7,0,3032310947,KDE|S3|main|0|W03_C2|7|0,networks/S3/KDE/f0_W03_C2_s7_d00.csv
S3,0,W03_C2,KDE,7,1,3283768373,KDE|S3|main|0|W03_C2|7|1,networks/S3/KDE/f0_W03_C2_s7_d01.csv
S3,0,W03_C2,KDE,7,2,1521681807,KDE|S3|main|0|W03_C2|7|2,networks/S3/KDE/f0_W03_C2_s7_d02.csv
S3,0,W03_C2,KDE,7,3,766784793,KDE|S3|main|0|W03_C2|7|3,networks/S3/KDE/f0_W03_C2_s7_d03.csv
S3,0,W03_C2,KDE,7,4,3016794298,KDE|S3|main|0|W03_C2|7|4,networks/S3/KDE/f0_W03_C2_s7_d04.csv
S3,0,W03_C2,KDE,7,5,3302461484,KDE|S3|main|0|W03_C2|7|5,networks/S3/KDE/f0_W03_C2_s7_d05.csv
S3,0,W03_C2,KDE,7,6,1574879638,KDE|S3|main|0|W03_C2|7|6,networks/S3/KDE/f0_W03_C2_s7_d06.csv
S3,0,W03_C2,KDE,7,7,718926080,KDE|S3|main|0|W03_C2|7|7,networks/S3/KDE/f0_W03_C2_s7_d07.csv
S3,0,W04_C1,EVAE,1337,0,2551311562,EVAE|S3|geobg|0|W04_C1|1337|0,networks/S3/EVAE/f0_W04_C1_s1337_d00.csv
S3,0,W04_C1,EVAE,1337,1,4011252828,EVAE|S3|geobg|0|W04_C1|1337|1,networks/S3/EVAE/f0_W04_C1_s1337_d01.csv
S3,0,W04_C1,EVAE,1337,2,1981779430,EVAE|S3|geobg|0|W04_C1|1337|2,networks/S3/EVAE/f0_W04_C1_s1337_d02.csv
S3,0,W04_C1,EVAE,1337,3,18398576,EVAE|S3|geobg|0|W04_C1|1337|3,networks/S3/EVAE/f0_W04_C1_s1337_d03.csv
S3,0,W04_C1,EVAE,1337,4,2675714259,EVAE|S3|geobg|0|W04_C1|1337|4,networks/S3/EVAE/f0_W04_C1_s1337_d04.csv
S3,0,W04_C1,EVAE,1337,5,3900381253,EVAE|S3|geobg|0|W04_C1|1337|5,networks/S3/EVAE/f0_W04_C1_s1337_d05.csv
S3,0,W04_C1,EVAE,1337,6,1903315455,EVAE|S3|geobg|0|W04_C1|1337|6,networks/S3/EVAE/f0_W04_C1_s1337_d06.csv
S3,0,W04_C1,EVAE,1337,7,108362089,EVAE|S3|geobg|0|W04_C1|1337|7,networks/S3/EVAE/f0_W04_C1_s1337_d07.csv
S3,0,W04_C1,EVAE,20260903,0,2348368232,EVAE|S3|geobg|0|W04_C1|20260903|0,networks/S3/EVAE/f0_W04_C1_s20260903_d00.csv
S3,0,W04_C1,EVAE,20260903,1,4244533758,EVAE|S3|geobg|0|W04_C1|20260903|1,networks/S3/EVAE/f0_W04_C1_s20260903_d01.csv
S3,0,W04_C1,EVAE,20260903,2,1710694468,EVAE|S3|geobg|0|W04_C1|20260903|2,networks/S3/EVAE/f0_W04_C1_s20260903_d02.csv
S3,0,W04_C1,EVAE,20260903,3,317722834,EVAE|S3|geobg|0|W04_C1|20260903|3,networks/S3/EVAE/f0_W04_C1_s20260903_d03.csv
S3,0,W04_C1,EVAE,20260903,4,2358543729,EVAE|S3|geobg|0|W04_C1|20260903|4,networks/S3/EVAE/f0_W04_C1_s20260903_d04.csv
S3,0,W04_C1,EVAE,20260903,5,4220761575,EVAE|S3|geobg|0|W04_C1|20260903|5,networks/S3/EVAE/f0_W04_C1_s20260903_d05.csv
S3,0,W04_C1,EVAE,20260903,6,1654318173,EVAE|S3|geobg|0|W04_C1|20260903|6,networks/S3/EVAE/f0_W04_C1_s20260903_d06.csv
S3,0,W04_C1,EVAE,20260903,7,362665163,EVAE|S3|geobg|0|W04_C1|20260903|7,networks/S3/EVAE/f0_W04_C1_s20260903_d07.csv
S3,0,W04_C1,EVAE,7,0,4094397428,EVAE|S3|geobg|0|W04_C1|7|0,networks/S3/EVAE/f0_W04_C1_s7_d00.csv
S3,0,W04_C1,EVAE,7,1,2198649698,EVAE|S3|geobg|0|W04_C1|7|1,networks/S3/EVAE/f0_W04_C1_s7_d01.csv
S3,0,W04_C1,EVAE,7,2,436595416,EVAE|S3|geobg|0|W04_C1|7|2,networks/S3/EVAE/f0_W04_C1_s7_d02.csv
S3,0,W04_C1,EVAE,7,3,1828903502,EVAE|S3|geobg|0|W04_C1|7|3,networks/S3/EVAE/f0_W04_C1_s7_d03.csv
S3,0,W04_C1,EVAE,7,4,4083568621,EVAE|S3|geobg|0|W04_C1|7|4,networks/S3/EVAE/f0_W04_C1_s7_d04.csv
S3,0,W04_C1,EVAE,7,5,2220982139,EVAE|S3|geobg|0|W04_C1|7|5,networks/S3/EVAE/f0_W04_C1_s7_d05.csv
S3,0,W04_C1,EVAE,7,6,493366977,EVAE|S3|geobg|0|W04_C1|7|6,networks/S3/EVAE/f0_W04_C1_s7_d06.csv
S3,0,W04_C1,EVAE,7,7,1785667159,EVAE|S3|geobg|0|W04_C1|7|7,networks/S3/EVAE/f0_W04_C1_s7_d07.csv
S3,0,W04_C1,ADFNE,1337,0,1336818762,ADFNE|S3|main|0|W04_C1|1337|0,networks/S3/ADFNE/f0_W04_C1_s1337_d00.csv
S3,0,W04_C1,ADFNE,1337,1,950602972,ADFNE|S3|main|0|W04_C1|1337|1,networks/S3/ADFNE/f0_W04_C1_s1337_d01.csv
S3,0,W04_C1,ADFNE,1337,2,2711641446,ADFNE|S3|main|0|W04_C1|1337|2,networks/S3/ADFNE/f0_W04_C1_s1337_d02.csv
S3,0,W04_C1,ADFNE,1337,3,3601296880,ADFNE|S3|main|0|W04_C1|1337|3,networks/S3/ADFNE/f0_W04_C1_s1337_d03.csv
S3,0,W04_C1,ADFNE,1337,4,1220802643,ADFNE|S3|main|0|W04_C1|1337|4,networks/S3/ADFNE/f0_W04_C1_s1337_d04.csv
S3,0,W04_C1,ADFNE,1337,5,1069861061,ADFNE|S3|main|0|W04_C1|1337|5,networks/S3/ADFNE/f0_W04_C1_s1337_d05.csv
S3,0,W04_C1,ADFNE,1337,6,2798492031,ADFNE|S3|main|0|W04_C1|1337|6,networks/S3/ADFNE/f0_W04_C1_s1337_d06.csv
S3,0,W04_C1,ADFNE,1337,7,3519719913,ADFNE|S3|main|0|W04_C1|1337|7,networks/S3/ADFNE/f0_W04_C1_s1337_d07.csv
S3,0,W04_C1,ADFNE,20260903,0,2428712803,ADFNE|S3|main|0|W04_C1|20260903|0,networks/S3/ADFNE/f0_W04_C1_s20260903_d00.csv
S3,0,W04_C1,ADFNE,20260903,1,3888383989,ADFNE|S3|main|0|W04_C1|20260903|1,networks/S3/ADFNE/f0_W04_C1_s20260903_d01.csv
S3,0,W04_C1,ADFNE,20260903,2,2127386191,ADFNE|S3|main|0|W04_C1|20260903|2,networks/S3/ADFNE/f0_W04_C1_s20260903_d02.csv
S3,0,W04_C1,ADFNE,20260903,3,164259545,ADFNE|S3|main|0|W04_C1|20260903|3,networks/S3/ADFNE/f0_W04_C1_s20260903_d03.csv
S3,0,W04_C1,ADFNE,20260903,4,2544825210,ADFNE|S3|main|0|W04_C1|20260903|4,networks/S3/ADFNE/f0_W04_C1_s20260903_d04.csv
S3,0,W04_C1,ADFNE,20260903,5,3769222124,ADFNE|S3|main|0|W04_C1|20260903|5,networks/S3/ADFNE/f0_W04_C1_s20260903_d05.csv
S3,0,W04_C1,ADFNE,20260903,6,2040566358,ADFNE|S3|main|0|W04_C1|20260903|6,networks/S3/ADFNE/f0_W04_C1_s20260903_d06.csv
S3,0,W04_C1,ADFNE,20260903,7,245867200,ADFNE|S3|main|0|W04_C1|20260903|7,networks/S3/ADFNE/f0_W04_C1_s20260903_d07.csv
S3,0,W04_C1,ADFNE,7,0,1101210823,ADFNE|S3|main|0|W04_C1|7|0,networks/S3/ADFNE/f0_W04_C1_s7_d00.csv
S3,0,W04_C1,ADFNE,7,1,916722769,ADFNE|S3|main|0|W04_C1|7|1,networks/S3/ADFNE/f0_W04_C1_s7_d01.csv
S3,0,W04_C1,ADFNE,7,2,2947368427,ADFNE|S3|main|0|W04_C1|7|2,networks/S3/ADFNE/f0_W04_C1_s7_d02.csv
S3,0,W04_C1,ADFNE,7,3,3635049853,ADFNE|S3|main|0|W04_C1|7|3,networks/S3/ADFNE/f0_W04_C1_s7_d03.csv
S3,0,W04_C1,ADFNE,7,4,1187963102,ADFNE|S3|main|0|W04_C1|7|4,networks/S3/ADFNE/f0_W04_C1_s7_d04.csv
S3,0,W04_C1,ADFNE,7,5,835309640,ADFNE|S3|main|0|W04_C1|7|5,networks/S3/ADFNE/f0_W04_C1_s7_d05.csv
S3,0,W04_C1,ADFNE,7,6,2831188466,ADFNE|S3|main|0|W04_C1|7|6,networks/S3/ADFNE/f0_W04_C1_s7_d06.csv
S3,0,W04_C1,ADFNE,7,7,3754406244,ADFNE|S3|main|0|W04_C1|7|7,networks/S3/ADFNE/f0_W04_C1_s7_d07.csv
S3,0,W04_C1,KDE,1337,0,2914139973,KDE|S3|main|0|W04_C1|1337|0,networks/S3/KDE/f0_W04_C1_s1337_d00.csv
S3,0,W04_C1,KDE,1337,1,3669299155,KDE|S3|main|0|W04_C1|1337|1,networks/S3/KDE/f0_W04_C1_s1337_d01.csv
S3,0,W04_C1,KDE,1337,2,1136418409,KDE|S3|main|0|W04_C1|1337|2,networks/S3/KDE/f0_W04_C1_s1337_d02.csv
S3,0,W04_C1,KDE,1337,3,884698879,KDE|S3|main|0|W04_C1|1337|3,networks/S3/KDE/f0_W04_C1_s1337_d03.csv
S3,0,W04_C1,KDE,1337,4,2866805596,KDE|S3|main|0|W04_C1|1337|4,networks/S3/KDE/f0_W04_C1_s1337_d04.csv
S3,0,W04_C1,KDE,1337,5,3721972682,KDE|S3|main|0|W04_C1|1337|5,networks/S3/KDE/f0_W04_C1_s1337_d05.csv
S3,0,W04_C1,KDE,1337,6,1154587248,KDE|S3|main|0|W04_C1|1337|6,networks/S3/KDE/f0_W04_C1_s1337_d06.csv
S3,0,W04_C1,KDE,1337,7,869706470,KDE|S3|main|0|W04_C1|1337|7,networks/S3/KDE/f0_W04_C1_s1337_d07.csv
S3,0,W04_C1,KDE,20260903,0,1653950309,KDE|S3|main|0|W04_C1|20260903|0,networks/S3/KDE/f0_W04_C1_s20260903_d00.csv
S3,0,W04_C1,KDE,20260903,1,361920499,KDE|S3|main|0|W04_C1|20260903|1,networks/S3/KDE/f0_W04_C1_s20260903_d01.csv
S3,0,W04_C1,KDE,20260903,2,2358978121,KDE|S3|main|0|W04_C1|20260903|2,networks/S3/KDE/f0_W04_C1_s20260903_d02.csv
S3,0,W04_C1,KDE,20260903,3,4221310687,KDE|S3|main|0|W04_C1|20260903|3,networks/S3/KDE/f0_W04_C1_s20260903_d03.csv
S3,0,W04_C1,KDE,20260903,4,1710785404,KDE|S3|main|0|W04_C1|20260903|4,networks/S3/KDE/f0_W04_C1_s20260903_d04.csv
S3,0,W04_C1,KDE,20260903,5,318747626,KDE|S3|main|0|W04_C1|20260903|5,networks/S3/KDE/f0_W04_C1_s20260903_d05.csv
S3,0,W04_C1,KDE,20260903,6,2348212816,KDE|S3|main|0|W04_C1|20260903|6,networks/S3/KDE/f0_W04_C1_s20260903_d06.csv
S3,0,W04_C1,KDE,20260903,7,4243706566,KDE|S3|main|0|W04_C1|20260903|7,networks/S3/KDE/f0_W04_C1_s20260903_d07.csv
S3,0,W04_C1,KDE,7,0,4191688554,KDE|S3|main|0|W04_C1|7|0,networks/S3/KDE/f0_W04_C1_s7_d00.csv
S3,0,W04_C1,KDE,7,1,2396989436,KDE|S3|main|0|W04_C1|7|1,networks/S3/KDE/f0_W04_C1_s7_d01.csv
S3,0,W04_C1,KDE,7,2,399930950,KDE|S3|main|0|W04_C1|7|2,networks/S3/KDE/f0_W04_C1_s7_d02.csv
S3,0,W04_C1,KDE,7,3,1624327888,KDE|S3|main|0|W04_C1|7|3,networks/S3/KDE/f0_W04_C1_s7_d03.csv
S3,0,W04_C1,KDE,7,4,4273329011,KDE|S3|main|0|W04_C1|7|4,networks/S3/KDE/f0_W04_C1_s7_d04.csv
S3,0,W04_C1,KDE,7,5,2310202341,KDE|S3|main|0|W04_C1|7|5,networks/S3/KDE/f0_W04_C1_s7_d05.csv
S3,0,W04_C1,KDE,7,6,280736351,KDE|S3|main|0|W04_C1|7|6,networks/S3/KDE/f0_W04_C1_s7_d06.csv
S3,0,W04_C1,KDE,7,7,1740407497,KDE|S3|main|0|W04_C1|7|7,networks/S3/KDE/f0_W04_C1_s7_d07.csv
S3,0,W04_C2,EVAE,1337,0,379513641,EVAE|S3|geobg|0|W04_C2|1337|0,networks/S3/EVAE/f0_W04_C2_s1337_d00.csv
S3,0,W04_C2,EVAE,1337,1,1637473215,EVAE|S3|geobg|0|W04_C2|1337|1,networks/S3/EVAE/f0_W04_C2_s1337_d01.csv
S3,0,W04_C2,EVAE,1337,2,4170222085,EVAE|S3|geobg|0|W04_C2|1337|2,networks/S3/EVAE/f0_W04_C2_s1337_d02.csv
S3,0,W04_C2,EVAE,1337,3,2409085587,EVAE|S3|geobg|0|W04_C2|1337|3,networks/S3/EVAE/f0_W04_C2_s1337_d03.csv
S3,0,W04_C2,EVAE,1337,4,301150000,EVAE|S3|geobg|0|W04_C2|1337|4,networks/S3/EVAE/f0_W04_C2_s1337_d04.csv
S3,0,W04_C2,EVAE,1337,5,1727274918,EVAE|S3|geobg|0|W04_C2|1337|5,networks/S3/EVAE/f0_W04_C2_s1337_d05.csv
S3,0,W04_C2,EVAE,1337,6,4294790684,EVAE|S3|geobg|0|W04_C2|1337|6,networks/S3/EVAE/f0_W04_C2_s1337_d06.csv
S3,0,W04_C2,EVAE,1337,7,2298117770,EVAE|S3|geobg|0|W04_C2|1337|7,networks/S3/EVAE/f0_W04_C2_s1337_d07.csv
S3,0,W04_C2,EVAE,20260903,0,4234646424,EVAE|S3|geobg|0|W04_C2|20260903|0,networks/S3/EVAE/f0_W04_C2_s20260903_d00.csv
S3,0,W04_C2,EVAE,20260903,1,2338366222,EVAE|S3|geobg|0|W04_C2|20260903|1,networks/S3/EVAE/f0_W04_C2_s20260903_d01.csv
S3,0,W04_C2,EVAE,20260903,2,308933300,EVAE|S3|geobg|0|W04_C2|20260903|2,networks/S3/EVAE/f0_W04_C2_s20260903_d02.csv
S3,0,W04_C2,EVAE,20260903,3,1701757474,EVAE|S3|geobg|0|W04_C2|20260903|3,networks/S3/EVAE/f0_W04_C2_s20260903_d03.csv
S3,0,W04_C2,EVAE,20260903,4,4211758977,EVAE|S3|geobg|0|W04_C2|20260903|4,networks/S3/EVAE/f0_W04_C2_s20260903_d04.csv
S3,0,W04_C2,EVAE,20260903,5,2349688599,EVAE|S3|geobg|0|W04_C2|20260903|5,networks/S3/EVAE/f0_W04_C2_s20260903_d05.csv
S3,0,W04_C2,EVAE,20260903,6,352597677,EVAE|S3|geobg|0|W04_C2|20260903|6,networks/S3/EVAE/f0_W04_C2_s20260903_d06.csv
S3,0,W04_C2,EVAE,20260903,7,1644365371,EVAE|S3|geobg|0|W04_C2|20260903|7,networks/S3/EVAE/f0_W04_C2_s20260903_d07.csv
S3,0,W04_C2,EVAE,7,0,3014390052,EVAE|S3|geobg|0|W04_C2|7|0,networks/S3/EVAE/f0_W04_C2_s7_d00.csv
S3,0,W04_C2,EVAE,7,1,3299656114,EVAE|S3|geobg|0|W04_C2|7|1,networks/S3/EVAE/f0_W04_C2_s7_d01.csv
S3,0,W04_C2,EVAE,7,2,1571131400,EVAE|S3|geobg|0|W04_C2|7|2,networks/S3/EVAE/f0_W04_C2_s7_d02.csv
S3,0,W04_C2,EVAE,7,3,715301022,EVAE|S3|geobg|0|W04_C2|7|3,networks/S3/EVAE/f0_W04_C2_s7_d03.csv
S3,0,W04_C2,EVAE,7,4,3032888637,EVAE|S3|geobg|0|W04_C2|7|4,networks/S3/EVAE/f0_W04_C2_s7_d04.csv
S3,0,W04_C2,EVAE,7,5,3284207019,EVAE|S3|geobg|0|W04_C2|7|5,networks/S3/EVAE/f0_W04_C2_s7_d05.csv
S3,0,W04_C2,EVAE,7,6,1523078161,EVAE|S3|geobg|0|W04_C2|7|6,networks/S3/EVAE/f0_W04_C2_s7_d06.csv
S3,0,W04_C2,EVAE,7,7,768566407,EVAE|S3|geobg|0|W04_C2|7|7,networks/S3/EVAE/f0_W04_C2_s7_d07.csv
S3,0,W04_C2,ADFNE,1337,0,3240180649,ADFNE|S3|main|0|W04_C2|1337|0,networks/S3/ADFNE/f0_W04_C2_s1337_d00.csv
S3,0,W04_C2,ADFNE,1337,1,3055946559,ADFNE|S3|main|0|W04_C2|1337|1,networks/S3/ADFNE/f0_W04_C2_s1337_d01.csv
S3,0,W04_C2,ADFNE,1337,2,791632517,ADFNE|S3|main|0|W04_C2|1337|2,networks/S3/ADFNE/f0_W04_C2_s1337_d02.csv
S3,0,W04_C2,ADFNE,1337,3,1479043603,ADFNE|S3|main|0|W04_C2|1337|3,networks/S3/ADFNE/f0_W04_C2_s1337_d03.csv
S3,0,W04_C2,ADFNE,1337,4,3326934960,ADFNE|S3|main|0|W04_C2|1337|4,networks/S3/ADFNE/f0_W04_C2_s1337_d04.csv
S3,0,W04_C2,ADFNE,1337,5,2974535462,ADFNE|S3|main|0|W04_C2|1337|5,networks/S3/ADFNE/f0_W04_C2_s1337_d05.csv
S3,0,W04_C2,ADFNE,1337,6,675454620,ADFNE|S3|main|0|W04_C2|1337|6,networks/S3/ADFNE/f0_W04_C2_s1337_d06.csv
S3,0,W04_C2,ADFNE,1337,7,1598402058,ADFNE|S3|main|0|W04_C2|1337|7,networks/S3/ADFNE/f0_W04_C2_s1337_d07.csv
S3,0,W04_C2,ADFNE,20260903,0,3881690515,ADFNE|S3|main|0|W04_C2|20260903|0,networks/S3/ADFNE/f0_W04_C2_s20260903_d00.csv
S3,0,W04_C2,ADFNE,20260903,1,2421871877,ADFNE|S3|main|0|W04_C2|20260903|1,networks/S3/ADFNE/f0_W04_C2_s20260903_d01.csv
S3,0,W04_C2,ADFNE,20260903,2,156468415,ADFNE|S3|main|0|W04_C2|20260903|2,networks/S3/ADFNE/f0_W04_C2_s20260903_d02.csv
S3,0,W04_C2,ADFNE,20260903,3,2119480361,ADFNE|S3|main|0|W04_C2|20260903|3,networks/S3/ADFNE/f0_W04_C2_s20260903_d03.csv
S3,0,W04_C2,ADFNE,20260903,4,3761250698,ADFNE|S3|main|0|W04_C2|20260903|4,networks/S3/ADFNE/f0_W04_C2_s20260903_d04.csv
S3,0,W04_C2,ADFNE,20260903,5,2536968476,ADFNE|S3|main|0|W04_C2|20260903|5,networks/S3/ADFNE/f0_W04_C2_s20260903_d05.csv
S3,0,W04_C2,ADFNE,20260903,6,238960806,ADFNE|S3|main|0|W04_C2|20260903|6,networks/S3/ADFNE/f0_W04_C2_s20260903_d06.csv
S3,0,W04_C2,ADFNE,20260903,7,2033807408,ADFNE|S3|main|0|W04_C2|20260903|7,networks/S3/ADFNE/f0_W04_C2_s20260903_d07.csv
S3,0,W04_C2,ADFNE,7,0,100883991,ADFNE|S3|main|0|W04_C2|7|0,networks/S3/ADFNE/f0_W04_C2_s7_d00.csv
S3,0,W04_C2,ADFNE,7,1,1896115841,ADFNE|S3|main|0|W04_C2|7|1,networks/S3/ADFNE/f0_W04_C2_s7_d01.csv
S3,0,W04_C2,ADFNE,7,2,3893182267,ADFNE|S3|main|0|W04_C2|7|2,networks/S3/ADFNE/f0_W04_C2_s7_d02.csv
S3,0,W04_C2,ADFNE,7,3,2668236717,ADFNE|S3|main|0|W04_C2|7|3,networks/S3/ADFNE/f0_W04_C2_s7_d03.csv
S3,0,W04_C2,ADFNE,7,4,24025614,ADFNE|S3|main|0|W04_C2|7|4,networks/S3/ADFNE/f0_W04_C2_s7_d04.csv
S3,0,W04_C2,ADFNE,7,5,1986636440,ADFNE|S3|main|0|W04_C2|7|5,networks/S3/ADFNE/f0_W04_C2_s7_d05.csv
S3,0,W04_C2,ADFNE,7,6,4016110370,ADFNE|S3|main|0|W04_C2|7|6,networks/S3/ADFNE/f0_W04_C2_s7_d06.csv
S3,0,W04_C2,ADFNE,7,7,2556939188,ADFNE|S3|main|0|W04_C2|7|7,networks/S3/ADFNE/f0_W04_C2_s7_d07.csv
S3,0,W04_C2,KDE,1337,0,591214758,KDE|S3|main|0|W04_C2|1337|0,networks/S3/KDE/f0_W04_C2_s1337_d00.csv
S3,0,W04_C2,KDE,1337,1,1413089328,KDE|S3|main|0|W04_C2|1337|1,networks/S3/KDE/f0_W04_C2_s1337_d01.csv
S3,0,W04_C2,KDE,1337,2,3442694538,KDE|S3|main|0|W04_C2|1337|2,networks/S3/KDE/f0_W04_C2_s1337_d02.csv
S3,0,W04_C2,KDE,1337,3,3123996956,KDE|S3|main|0|W04_C2|1337|3,networks/S3/KDE/f0_W04_C2_s1337_d03.csv
S3,0,W04_C2,KDE,1337,4,609287359,KDE|S3|main|0|W04_C2|1337|4,networks/S3/KDE/f0_W04_C2_s1337_d04.csv
S3,0,W04_C2,KDE,1337,5,1398262825,KDE|S3|main|0|W04_C2|1337|5,networks/S3/KDE/f0_W04_C2_s1337_d05.csv
S3,0,W04_C2,KDE,1337,6,3395198355,KDE|S3|main|0|W04_C2|1337|6,networks/S3/KDE/f0_W04_C2_s1337_d06.csv
S3,0,W04_C2,KDE,1337,7,3176770821,KDE|S3|main|0|W04_C2|1337|7,networks/S3/KDE/f0_W04_C2_s1337_d07.csv
S3,0,W04_C2,KDE,20260903,0,353080725,KDE|S3|main|0|W04_C2|20260903|0,networks/S3/KDE/f0_W04_C2_s20260903_d00.csv
S3,0,W04_C2,KDE,20260903,1,1644995843,KDE|S3|main|0|W04_C2|20260903|1,networks/S3/KDE/f0_W04_C2_s20260903_d01.csv
S3,0,W04_C2,KDE,20260903,2,4211471545,KDE|S3|main|0|W04_C2|20260903|2,networks/S3/KDE/f0_W04_C2_s20260903_d02.csv
S3,0,W04_C2,KDE,20260903,3,2348991535,KDE|S3|main|0|W04_C2|20260903|3,networks/S3/KDE/f0_W04_C2_s20260903_d03.csv
S3,0,W04_C2,KDE,20260903,4,308695436,KDE|S3|main|0|W04_C2|20260903|4,networks/S3/KDE/f0_W04_C2_s20260903_d04.csv
S3,0,W04_C2,KDE,20260903,5,1700880666,KDE|S3|main|0|W04_C2|20260903|5,networks/S3/KDE/f0_W04_C2_s20260903_d05.csv
S3,0,W04_C2,KDE,20260903,6,4234686624,KDE|S3|main|0|W04_C2|20260903|6,networks/S3/KDE/f0_W04_C2_s20260903_d06.csv
S3,0,W04_C2,KDE,20260903,7,2339307574,KDE|S3|main|0|W04_C2|20260903|7,networks/S3/KDE/f0_W04_C2_s20260903_d07.csv
S3,0,W04_C2,KDE,7,0,3195563450,KDE|S3|main|0|W04_C2|7|0,networks/S3/KDE/f0_W04_C2_s7_d00.csv
S3,0,W04_C2,KDE,7,1,3380567340,KDE|S3|main|0|W04_C2|7|1,networks/S3/KDE/f0_W04_C2_s7_d01.csv
S3,0,W04_C2,KDE,7,2,1349913750,KDE|S3|main|0|W04_C2|7|2,networks/S3/KDE/f0_W04_C2_s7_d02.csv
S3,0,W04_C2,KDE,7,3,661732352,KDE|S3|main|0|W04_C2|7|3,networks/S3/KDE/f0_W04_C2_s7_d03.csv
S3,0,W04_C2,KDE,7,4,3105204643,KDE|S3|main|0|W04_C2|7|4,networks/S3/KDE/f0_W04_C2_s7_d04.csv
S3,0,W04_C2,KDE,7,5,3457325365,KDE|S3|main|0|W04_C2|7|5,networks/S3/KDE/f0_W04_C2_s7_d05.csv
S3,0,W04_C2,KDE,7,6,1461438607,KDE|S3|main|0|W04_C2|7|6,networks/S3/KDE/f0_W04_C2_s7_d06.csv
S3,0,W04_C2,KDE,7,7,538769433,KDE|S3|main|0|W04_C2|7|7,networks/S3/KDE/f0_W04_C2_s7_d07.csv
S3,0,W05_C1,EVAE,1337,0,1503605514,EVAE|S3|geobg|0|W05_C1|1337|0,networks/S3/EVAE/f0_W05_C1_s1337_d00.csv
S3,0,W05_C1,EVAE,1337,1,781714332,EVAE|S3|geobg|0|W05_C1|1337|1,networks/S3/EVAE/f0_W05_C1_s1337_d01.csv
S3,0,W05_C1,EVAE,1337,2,3079754278,EVAE|S3|geobg|0|W05_C1|1337|2,networks/S3/EVAE/f0_W05_C1_s1337_d02.csv
S3,0,W05_C1,EVAE,1337,3,3231081136,EVAE|S3|geobg|0|W05_C1|1337|3,networks/S3/EVAE/f0_W05_C1_s1337_d03.csv
S3,0,W05_C1,EVAE,1337,4,1592981267,EVAE|S3|geobg|0|W05_C1|1337|4,networks/S3/EVAE/f0_W05_C1_s1337_d04.csv
S3,0,W05_C1,EVAE,1337,5,703973253,EVAE|S3|geobg|0|W05_C1|1337|5,networks/S3/EVAE/f0_W05_C1_s1337_d05.csv
S3,0,W05_C1,EVAE,1337,6,2969343551,EVAE|S3|geobg|0|W05_C1|1337|6,networks/S3/EVAE/f0_W05_C1_s1337_d06.csv
S3,0,W05_C1,EVAE,1337,7,3355158185,EVAE|S3|geobg|0|W05_C1|1337|7,networks/S3/EVAE/f0_W05_C1_s1337_d07.csv
S3,0,W05_C1,EVAE,20260903,0,839031424,EVAE|S3|geobg|0|W05_C1|20260903|0,networks/S3/EVAE/f0_W05_C1_s20260903_d00.csv
S3,0,W05_C1,EVAE,20260903,1,1157999126,EVAE|S3|geobg|0|W05_C1|20260903|1,networks/S3/EVAE/f0_W05_C1_s20260903_d01.csv
S3,0,W05_C1,EVAE,20260903,2,3691838380,EVAE|S3|geobg|0|W05_C1|20260903|2,networks/S3/EVAE/f0_W05_C1_s20260903_d02.csv
S3,0,W05_C1,EVAE,20260903,3,2869676858,EVAE|S3|geobg|0|W05_C1|20260903|3,networks/S3/EVAE/f0_W05_C1_s20260903_d03.csv
S3,0,W05_C1,EVAE,20260903,4,896491161,EVAE|S3|geobg|0|W05_C1|20260903|4,networks/S3/EVAE/f0_W05_C1_s20260903_d04.csv
S3,0,W05_C1,EVAE,20260903,5,1114140175,EVAE|S3|geobg|0|W05_C1|20260903|5,networks/S3/EVAE/f0_W05_C1_s20260903_d05.csv
S3,0,W05_C1,EVAE,20260903,6,3680583605,EVAE|S3|geobg|0|W05_C1|20260903|6,networks/S3/EVAE/f0_W05_C1_s20260903_d06.csv
S3,0,W05_C1,EVAE,20260903,7,2892369699,EVAE|S3|geobg|0|W05_C1|20260903|7,networks/S3/EVAE/f0_W05_C1_s20260903_d07.csv
S3,0,W05_C1,EVAE,7,0,950111082,EVAE|S3|geobg|0|W05_C1|7|0,networks/S3/EVAE/f0_W05_C1_s7_d00.csv
S3,0,W05_C1,EVAE,7,1,1336327164,EVAE|S3|geobg|0|W05_C1|7|1,networks/S3/EVAE/f0_W05_C1_s7_d01.csv
S3,0,W05_C1,EVAE,7,2,3601852998,EVAE|S3|geobg|0|W05_C1|7|2,networks/S3/EVAE/f0_W05_C1_s7_d02.csv
S3,0,W05_C1,EVAE,7,3,2712197840,EVAE|S3|geobg|0|W05_C1|7|3,networks/S3/EVAE/f0_W05_C1_s7_d03.csv
S3,0,W05_C1,EVAE,7,4,1070354291,EVAE|S3|geobg|0|W05_C1|7|4,networks/S3/EVAE/f0_W05_C1_s7_d04.csv
S3,0,W05_C1,EVAE,7,5,1221296101,EVAE|S3|geobg|0|W05_C1|7|5,networks/S3/EVAE/f0_W05_C1_s7_d05.csv
S3,0,W05_C1,EVAE,7,6,3519163999,EVAE|S3|geobg|0|W05_C1|7|6,networks/S3/EVAE/f0_W05_C1_s7_d06.csv
S3,0,W05_C1,EVAE,7,7,2797936329,EVAE|S3|geobg|0|W05_C1|7|7,networks/S3/EVAE/f0_W05_C1_s7_d07.csv
S3,0,W05_C1,ADFNE,1337,0,2384520074,ADFNE|S3|main|0|W05_C1|1337|0,networks/S3/ADFNE/f0_W05_C1_s1337_d00.csv
S3,0,W05_C1,ADFNE,1337,1,4180136732,ADFNE|S3|main|0|W05_C1|1337|1,networks/S3/ADFNE/f0_W05_C1_s1337_d01.csv
S3,0,W05_C1,ADFNE,1337,2,1613660838,ADFNE|S3|main|0|W05_C1|1337|2,networks/S3/ADFNE/f0_W05_C1_s1337_d02.csv
S3,0,W05_C1,ADFNE,1337,3,388608560,ADFNE|S3|main|0|W05_C1|1337|3,networks/S3/ADFNE/f0_W05_C1_s1337_d03.csv
S3,0,W05_C1,ADFNE,1337,4,2303534995,ADFNE|S3|main|0|W05_C1|1337|4,networks/S3/ADFNE/f0_W05_C1_s1337_d04.csv
S3,0,W05_C1,ADFNE,1337,5,4266268421,ADFNE|S3|main|0|W05_C1|1337|5,networks/S3/ADFNE/f0_W05_C1_s1337_d05.csv
S3,0,W05_C1,ADFNE,1337,6,1732462271,ADFNE|S3|main|0|W05_C1|1337|6,networks/S3/ADFNE/f0_W05_C1_s1337_d06.csv
S3,0,W05_C1,ADFNE,1337,7,272922153,ADFNE|S3|main|0|W05_C1|1337|7,networks/S3/ADFNE/f0_W05_C1_s1337_d07.csv
S3,0,W05_C1,ADFNE,20260903,0,691596427,ADFNE|S3|main|0|W05_C1|20260903|0,networks/S3/ADFNE/f0_W05_C1_s20260903_d00.csv
S3,0,W05_C1,ADFNE,20260903,1,1581243421,ADFNE|S3|main|0|W05_C1|20260903|1,networks/S3/ADFNE/f0_W05_C1_s20260903_d01.csv
S3,0,W05_C1,ADFNE,20260903,2,3342241191,ADFNE|S3|main|0|W05_C1|20260903|2,networks/S3/ADFNE/f0_W05_C1_s20260903_d02.csv
S3,0,W05_C1,ADFNE,20260903,3,2956049713,ADFNE|S3|main|0|W05_C1|20260903|3,networks/S3/ADFNE/f0_W05_C1_s20260903_d03.csv
S3,0,W05_C1,ADFNE,20260903,4,777332882,ADFNE|S3|main|0|W05_C1|20260903|4,networks/S3/ADFNE/f0_W05_C1_s20260903_d04.csv
S3,0,W05_C1,ADFNE,20260903,5,1498552324,ADFNE|S3|main|0|W05_C1|20260903|5,networks/S3/ADFNE/f0_W05_C1_s20260903_d05.csv
S3,0,W05_C1,ADFNE,20260903,6,3227208126,ADFNE|S3|main|0|W05_C1|20260903|6,networks/S3/ADFNE/f0_W05_C1_s20260903_d06.csv
S3,0,W05_C1,ADFNE,20260903,7,3076290856,ADFNE|S3|main|0|W05_C1|20260903|7,networks/S3/ADFNE/f0_W05_C1_s20260903_d07.csv
S3,0,W05_C1,ADFNE,7,0,2366186585,ADFNE|S3|main|0|W05_C1|7|0,networks/S3/ADFNE/f0_W05_C1_s7_d00.csv
S3,0,W05_C1,ADFNE,7,1,4195226831,ADFNE|S3|main|0|W05_C1|7|1,networks/S3/ADFNE/f0_W05_C1_s7_d01.csv
S3,0,W05_C1,ADFNE,7,2,1661420917,ADFNE|S3|main|0|W05_C1|7|2,networks/S3/ADFNE/f0_W05_C1_s7_d02.csv
S3,0,W05_C1,ADFNE,7,3,335574499,ADFNE|S3|main|0|W05_C1|7|3,networks/S3/ADFNE/f0_W05_C1_s7_d03.csv
S3,0,W05_C1,ADFNE,7,4,2321866816,ADFNE|S3|main|0|W05_C1|7|4,networks/S3/ADFNE/f0_W05_C1_s7_d04.csv
S3,0,W05_C1,ADFNE,7,5,4251177174,ADFNE|S3|main|0|W05_C1|7|5,networks/S3/ADFNE/f0_W05_C1_s7_d05.csv
S3,0,W05_C1,ADFNE,7,6,1684701548,ADFNE|S3|main|0|W05_C1|7|6,networks/S3/ADFNE/f0_W05_C1_s7_d06.csv
S3,0,W05_C1,ADFNE,7,7,325956090,ADFNE|S3|main|0|W05_C1|7|7,networks/S3/ADFNE/f0_W05_C1_s7_d07.csv
S3,0,W05_C1,KDE,1337,0,1815928965,KDE|S3|main|0|W05_C1|1337|0,networks/S3/KDE/f0_W05_C1_s1337_d00.csv
S3,0,W05_C1,KDE,1337,1,456904723,KDE|S3|main|0|W05_C1|1337|1,networks/S3/KDE/f0_W05_C1_s1337_d01.csv
S3,0,W05_C1,KDE,1337,2,2184348073,KDE|S3|main|0|W05_C1|1337|2,networks/S3/KDE/f0_W05_C1_s1337_d02.csv
S3,0,W05_C1,KDE,1337,3,4113936703,KDE|S3|main|0|W05_C1|1337|3,networks/S3/KDE/f0_W05_C1_s1337_d03.csv
S3,0,W05_C1,KDE,1337,4,1800479900,KDE|S3|main|0|W05_C1|1337|4,networks/S3/KDE/f0_W05_C1_s1337_d04.csv
S3,0,W05_C1,KDE,1337,5,475403274,KDE|S3|main|0|W05_C1|1337|5,networks/S3/KDE/f0_W05_C1_s1337_d05.csv
S3,0,W05_C1,KDE,1337,6,2237613488,KDE|S3|main|0|W05_C1|1337|6,networks/S3/KDE/f0_W05_C1_s1337_d06.csv
S3,0,W05_C1,KDE,1337,7,4065883430,KDE|S3|main|0|W05_C1|1337|7,networks/S3/KDE/f0_W05_C1_s1337_d07.csv
S3,0,W05_C1,KDE,20260903,0,3681459341,KDE|S3|main|0|W05_C1|20260903|0,networks/S3/KDE/f0_W05_C1_s20260903_d00.csv
S3,0,W05_C1,KDE,20260903,1,2892606491,KDE|S3|main|0|W05_C1|20260903|1,networks/S3/KDE/f0_W05_C1_s20260903_d01.csv
S3,0,W05_C1,KDE,20260903,2,895548833,KDE|S3|main|0|W05_C1|20260903|2,networks/S3/KDE/f0_W05_C1_s20260903_d02.csv
S3,0,W05_C1,KDE,20260903,3,1114098999,KDE|S3|main|0|W05_C1|20260903|3,networks/S3/KDE/f0_W05_C1_s20260903_d03.csv
S3,0,W05_C1,KDE,20260903,4,3691206804,KDE|S3|main|0|W05_C1|20260903|4,networks/S3/KDE/f0_W05_C1_s20260903_d04.csv
S3,0,W05_C1,KDE,20260903,5,2869192706,KDE|S3|main|0|W05_C1|20260903|5,networks/S3/KDE/f0_W05_C1_s20260903_d05.csv
S3,0,W05_C1,KDE,20260903,6,839727544,KDE|S3|main|0|W05_C1|20260903|6,networks/S3/KDE/f0_W05_C1_s20260903_d06.csv
S3,0,W05_C1,KDE,20260903,7,1158285614,KDE|S3|main|0|W05_C1|20260903|7,networks/S3/KDE/f0_W05_C1_s20260903_d07.csv
S3,0,W05_C1,KDE,7,0,896669684,KDE|S3|main|0|W05_C1|7|0,networks/S3/KDE/f0_W05_C1_s7_d00.csv
S3,0,W05_C1,KDE,7,1,1114974050,KDE|S3|main|0|W05_C1|7|1,networks/S3/KDE/f0_W05_C1_s7_d01.csv
S3,0,W05_C1,KDE,7,2,3682367192,KDE|S3|main|0|W05_C1|7|2,networks/S3/KDE/f0_W05_C1_s7_d02.csv
S3,0,W05_C1,KDE,7,3,2893760078,KDE|S3|main|0|W05_C1|7|3,networks/S3/KDE/f0_W05_C1_s7_d03.csv
S3,0,W05_C1,KDE,7,4,840946669,KDE|S3|main|0|W05_C1|7|4,networks/S3/KDE/f0_W05_C1_s7_d04.csv
S3,0,W05_C1,KDE,7,5,1159259003,KDE|S3|main|0|W05_C1|7|5,networks/S3/KDE/f0_W05_C1_s7_d05.csv
S3,0,W05_C1,KDE,7,6,3692147393,KDE|S3|main|0|W05_C1|7|6,networks/S3/KDE/f0_W05_C1_s7_d06.csv
S3,0,W05_C1,KDE,7,7,2870379095,KDE|S3|main|0|W05_C1|7|7,networks/S3/KDE/f0_W05_C1_s7_d07.csv
S3,0,W05_C2,EVAE,1337,0,3608163561,EVAE|S3|geobg|0|W05_C2|1337|0,networks/S3/EVAE/f0_W05_C2_s1337_d00.csv
S3,0,W05_C2,EVAE,1337,1,2685863039,EVAE|S3|geobg|0|W05_C2|1337|1,networks/S3/EVAE/f0_W05_C2_s1337_d01.csv
S3,0,W05_C2,EVAE,1337,2,958289349,EVAE|S3|geobg|0|W05_C2|1337|2,networks/S3/EVAE/f0_W05_C2_s1337_d02.csv
S3,0,W05_C2,EVAE,1337,3,1310287187,EVAE|S3|geobg|0|W05_C2|1337|3,networks/S3/EVAE/f0_W05_C2_s1337_d03.csv
S3,0,W05_C2,EVAE,1337,4,3497914608,EVAE|S3|geobg|0|W05_C2|1337|4,networks/S3/EVAE/f0_W05_C2_s1337_d04.csv
S3,0,W05_C2,EVAE,1337,5,2809839718,EVAE|S3|geobg|0|W05_C2|1337|5,networks/S3/EVAE/f0_W05_C2_s1337_d05.csv
S3,0,W05_C2,EVAE,1337,6,1047761372,EVAE|S3|geobg|0|W05_C2|1337|6,networks/S3/EVAE/f0_W05_C2_s1337_d06.csv
S3,0,W05_C2,EVAE,1337,7,1232380234,EVAE|S3|geobg|0|W05_C2|1337|7,networks/S3/EVAE/f0_W05_C2_s1337_d07.csv
S3,0,W05_C2,EVAE,20260903,0,1167870064,EVAE|S3|geobg|0|W05_C2|20260903|0,networks/S3/EVAE/f0_W05_C2_s20260903_d00.csv
S3,0,W05_C2,EVAE,20260903,1,849049830,EVAE|S3|geobg|0|W05_C2|20260903|1,networks/S3/EVAE/f0_W05_C2_s20260903_d01.csv
S3,0,W05_C2,EVAE,20260903,2,2878482780,EVAE|S3|geobg|0|W05_C2|20260903|2,networks/S3/EVAE/f0_W05_C2_s20260903_d02.csv
S3,0,W05_C2,EVAE,20260903,3,3700758986,EVAE|S3|geobg|0|W05_C2|20260903|3,networks/S3/EVAE/f0_W05_C2_s20260903_d03.csv
S3,0,W05_C2,EVAE,20260903,4,1123126377,EVAE|S3|geobg|0|W05_C2|20260903|4,networks/S3/EVAE/f0_W05_C2_s20260903_d04.csv
S3,0,W05_C2,EVAE,20260903,5,905362687,EVAE|S3|geobg|0|W05_C2|20260903|5,networks/S3/EVAE/f0_W05_C2_s20260903_d05.csv
S3,0,W05_C2,EVAE,20260903,6,2902453573,EVAE|S3|geobg|0|W05_C2|20260903|6,networks/S3/EVAE/f0_W05_C2_s20260903_d06.csv
S3,0,W05_C2,EVAE,20260903,7,3690520019,EVAE|S3|geobg|0|W05_C2|20260903|7,networks/S3/EVAE/f0_W05_C2_s20260903_d07.csv
S3,0,W05_C2,EVAE,7,0,2130833850,EVAE|S3|geobg|0|W05_C2|7|0,networks/S3/EVAE/f0_W05_C2_s7_d00.csv
S3,0,W05_C2,EVAE,7,1,134660396,EVAE|S3|geobg|0|W05_C2|7|1,networks/S3/EVAE/f0_W05_C2_s7_d01.csv
S3,0,W05_C2,EVAE,7,2,2433716374,EVAE|S3|geobg|0|W05_C2|7|2,networks/S3/EVAE/f0_W05_C2_s7_d02.csv
S3,0,W05_C2,EVAE,7,3,3859324928,EVAE|S3|geobg|0|W05_C2|7|3,networks/S3/EVAE/f0_W05_C2_s7_d03.csv
S3,0,W05_C2,EVAE,7,4,2020357539,EVAE|S3|geobg|0|W05_C2|7|4,networks/S3/EVAE/f0_W05_C2_s7_d04.csv
S3,0,W05_C2,EVAE,7,5,258671925,EVAE|S3|geobg|0|W05_C2|7|5,networks/S3/EVAE/f0_W05_C2_s7_d05.csv
S3,0,W05_C2,EVAE,7,6,2523026575,EVAE|S3|geobg|0|W05_C2|7|6,networks/S3/EVAE/f0_W05_C2_s7_d06.csv
S3,0,W05_C2,EVAE,7,7,3781518361,EVAE|S3|geobg|0|W05_C2|7|7,networks/S3/EVAE/f0_W05_C2_s7_d07.csv
S3,0,W05_C2,ADFNE,1337,0,11527273,ADFNE|S3|main|0|W05_C2|1337|0,networks/S3/ADFNE/f0_W05_C2_s1337_d00.csv
S3,0,W05_C2,ADFNE,1337,1,2007553279,ADFNE|S3|main|0|W05_C2|1337|1,networks/S3/ADFNE/f0_W05_C2_s1337_d01.csv
S3,0,W05_C2,ADFNE,1337,2,4003562821,ADFNE|S3|main|0|W05_C2|1337|2,networks/S3/ADFNE/f0_W05_C2_s1337_d02.csv
S3,0,W05_C2,ADFNE,1337,3,2577839571,ADFNE|S3|main|0|W05_C2|1337|3,networks/S3/ADFNE/f0_W05_C2_s1337_d03.csv
S3,0,W05_C2,ADFNE,1337,4,130162800,ADFNE|S3|main|0|W05_C2|1337|4,networks/S3/ADFNE/f0_W05_C2_s1337_d04.csv
S3,0,W05_C2,ADFNE,1337,5,1891963110,ADFNE|S3|main|0|W05_C2|1337|5,networks/S3/ADFNE/f0_W05_C2_s1337_d05.csv
S3,0,W05_C2,ADFNE,1337,6,3922477404,ADFNE|S3|main|0|W05_C2|1337|6,networks/S3/ADFNE/f0_W05_C2_s1337_d06.csv
S3,0,W05_C2,ADFNE,1337,7,2664133066,ADFNE|S3|main|0|W05_C2|1337|7,networks/S3/ADFNE/f0_W05_C2_s1337_d07.csv
S3,0,W05_C2,ADFNE,20260903,0,1587953275,ADFNE|S3|main|0|W05_C2|20260903|0,networks/S3/ADFNE/f0_W05_C2_s20260903_d00.csv
S3,0,W05_C2,ADFNE,20260903,1,698420973,ADFNE|S3|main|0|W05_C2|20260903|1,networks/S3/ADFNE/f0_W05_C2_s20260903_d01.csv
S3,0,W05_C2,ADFNE,20260903,2,2963824471,ADFNE|S3|main|0|W05_C2|20260903|2,networks/S3/ADFNE/f0_W05_C2_s20260903_d02.csv
S3,0,W05_C2,ADFNE,20260903,3,3350163393,ADFNE|S3|main|0|W05_C2|20260903|3,networks/S3/ADFNE/f0_W05_C2_s20260903_d03.csv
S3,0,W05_C2,ADFNE,20260903,4,1506540130,ADFNE|S3|main|0|W05_C2|20260903|4,networks/S3/ADFNE/f0_W05_C2_s20260903_d04.csv
S3,0,W05_C2,ADFNE,20260903,5,785173236,ADFNE|S3|main|0|W05_C2|20260903|5,networks/S3/ADFNE/f0_W05_C2_s20260903_d05.csv
S3,0,W05_C2,ADFNE,20260903,6,3083180878,ADFNE|S3|main|0|W05_C2|20260903|6,networks/S3/ADFNE/f0_W05_C2_s20260903_d06.csv
S3,0,W05_C2,ADFNE,20260903,7,3233983448,ADFNE|S3|main|0|W05_C2|20260903|7,networks/S3/ADFNE/f0_W05_C2_s20260903_d07.csv
S3,0,W05_C2,ADFNE,7,0,3400097417,ADFNE|S3|main|0|W05_C2|7|0,networks/S3/ADFNE/f0_W05_C2_s7_d00.csv
S3,0,W05_C2,ADFNE,7,1,3182325279,ADFNE|S3|main|0|W05_C2|7|1,networks/S3/ADFNE/f0_W05_C2_s7_d01.csv
S3,0,W05_C2,ADFNE,7,2,614940581,ADFNE|S3|main|0|W05_C2|7|2,networks/S3/ADFNE/f0_W05_C2_s7_d02.csv
S3,0,W05_C2,ADFNE,7,3,1402998579,ADFNE|S3|main|0|W05_C2|7|3,networks/S3/ADFNE/f0_W05_C2_s7_d03.csv
S3,0,W05_C2,ADFNE,7,4,3452213904,ADFNE|S3|main|0|W05_C2|7|4,networks/S3/ADFNE/f0_W05_C2_s7_d04.csv
S3,0,W05_C2,ADFNE,7,5,3133385222,ADFNE|S3|main|0|W05_C2|7|5,networks/S3/ADFNE/f0_W05_C2_s7_d05.csv
S3,0,W05_C2,ADFNE,7,6,600505276,ADFNE|S3|main|0|W05_C2|7|6,networks/S3/ADFNE/f0_W05_C2_s7_d06.csv
S3,0,W05_C2,ADFNE,7,7,1422773034,ADFNE|S3|main|0|W05_C2|7|7,networks/S3/ADFNE/f0_W05_C2_s7_d07.csv
S3,0,W05_C2,KDE,1337,0,3803440998,KDE|S3|main|0|W05_C2|1337|0,networks/S3/KDE/f0_W05_C2_s1337_d00.csv
S3,0,W05_C2,KDE,1337,1,2511656944,KDE|S3|main|0|W05_C2|1337|1,networks/S3/KDE/f0_W05_C2_s1337_d01.csv
S3,0,W05_C2,KDE,1337,2,213747274,KDE|S3|main|0|W05_C2|1337|2,networks/S3/KDE/f0_W05_C2_s1337_d02.csv
S3,0,W05_C2,KDE,1337,3,2075834076,KDE|S3|main|0|W05_C2|1337|3,networks/S3/KDE/f0_W05_C2_s1337_d03.csv
S3,0,W05_C2,KDE,1337,4,3856540543,KDE|S3|main|0|W05_C2|1337|4,networks/S3/KDE/f0_W05_C2_s1337_d04.csv
S3,0,W05_C2,KDE,1337,5,2463699945,KDE|S3|main|0|W05_C2|1337|5,networks/S3/KDE/f0_W05_C2_s1337_d05.csv
S3,0,W05_C2,KDE,1337,6,198197843,KDE|S3|main|0|W05_C2|1337|6,networks/S3/KDE/f0_W05_C2_s1337_d06.csv
S3,0,W05_C2,KDE,1337,7,2094494405,KDE|S3|main|0|W05_C2|1337|7,networks/S3/KDE/f0_W05_C2_s1337_d07.csv
S3,0,W05_C2,KDE,20260903,0,2901429885,KDE|S3|main|0|W05_C2|20260903|0,networks/S3/KDE/f0_W05_C2_s20260903_d00.csv
S3,0,W05_C2,KDE,20260903,1,3690430187,KDE|S3|main|0|W05_C2|20260903|1,networks/S3/KDE/f0_W05_C2_s20260903_d01.csv
S3,0,W05_C2,KDE,20260903,2,1123954513,KDE|S3|main|0|W05_C2|20260903|2,networks/S3/KDE/f0_W05_C2_s20260903_d02.csv
S3,0,W05_C2,KDE,20260903,3,905519047,KDE|S3|main|0|W05_C2|20260903|3,networks/S3/KDE/f0_W05_C2_s20260903_d03.csv
S3,0,W05_C2,KDE,20260903,4,2879228516,KDE|S3|main|0|W05_C2|20260903|4,networks/S3/KDE/f0_W05_C2_s20260903_d04.csv
S3,0,W05_C2,KDE,20260903,5,3701127922,KDE|S3|main|0|W05_C2|20260903|5,networks/S3/KDE/f0_W05_C2_s20260903_d05.csv
S3,0,W05_C2,KDE,20260903,6,1167321928,KDE|S3|main|0|W05_C2|20260903|6,networks/S3/KDE/f0_W05_C2_s20260903_d06.csv
S3,0,W05_C2,KDE,20260903,7,848616414,KDE|S3|main|0|W05_C2|20260903|7,networks/S3/KDE/f0_W05_C2_s20260903_d07.csv
S3,0,W05_C2,KDE,7,0,1926393124,KDE|S3|main|0|W05_C2|7|0,networks/S3/KDE/f0_W05_C2_s7_d00.csv
S3,0,W05_C2,KDE,7,1,97869234,KDE|S3|main|0|W05_C2|7|1,networks/S3/KDE/f0_W05_C2_s7_d01.csv
S3,0,W05_C2,KDE,7,2,2631666696,KDE|S3|main|0|W05_C2|7|2,networks/S3/KDE/f0_W05_C2_s7_d02.csv
S3,0,W05_C2,KDE,7,3,3957013662,KDE|S3|main|0|W05_C2|7|3,networks/S3/KDE/f0_W05_C2_s7_d03.csv
S3,0,W05_C2,KDE,7,4,1975494973,KDE|S3|main|0|W05_C2|7|4,networks/S3/KDE/f0_W05_C2_s7_d04.csv
S3,0,W05_C2,KDE,7,5,45652395,KDE|S3|main|0|W05_C2|7|5,networks/S3/KDE/f0_W05_C2_s7_d05.csv
S3,0,W05_C2,KDE,7,6,2612119569,KDE|S3|main|0|W05_C2|7|6,networks/S3/KDE/f0_W05_C2_s7_d06.csv
S3,0,W05_C2,KDE,7,7,3971414151,KDE|S3|main|0|W05_C2|7|7,networks/S3/KDE/f0_W05_C2_s7_d07.csv
S3,0,W06_C1,EVAE,1337,0,3229439243,EVAE|S3|geobg|0|W06_C1|1337|0,networks/S3/EVAE/f0_W06_C1_s1337_d00.csv
S3,0,W06_C1,EVAE,1337,1,3078251933,EVAE|S3|geobg|0|W06_C1|1337|1,networks/S3/EVAE/f0_W06_C1_s1337_d01.csv
S3,0,W06_C1,EVAE,1337,2,779301927,EVAE|S3|geobg|0|W06_C1|1337|2,networks/S3/EVAE/f0_W06_C1_s1337_d02.csv
S3,0,W06_C1,EVAE,1337,3,1500775601,EVAE|S3|geobg|0|W06_C1|1337|3,networks/S3/EVAE/f0_W06_C1_s1337_d03.csv
S3,0,W06_C1,EVAE,1337,4,3339751698,EVAE|S3|geobg|0|W06_C1|1337|4,networks/S3/EVAE/f0_W06_C1_s1337_d04.csv
S3,0,W06_C1,EVAE,1337,5,2954338692,EVAE|S3|geobg|0|W06_C1|1337|5,networks/S3/EVAE/f0_W06_C1_s1337_d05.csv
S3,0,W06_C1,EVAE,1337,6,689893438,EVAE|S3|geobg|0|W06_C1|1337|6,networks/S3/EVAE/f0_W06_C1_s1337_d06.csv
S3,0,W06_C1,EVAE,1337,7,1578746024,EVAE|S3|geobg|0|W06_C1|1337|7,networks/S3/EVAE/f0_W06_C1_s1337_d07.csv
S3,0,W06_C1,EVAE,20260903,0,595587321,EVAE|S3|geobg|0|W06_C1|20260903|0,networks/S3/EVAE/f0_W06_C1_s20260903_d00.csv
S3,0,W06_C1,EVAE,20260903,1,1417199727,EVAE|S3|geobg|0|W06_C1|20260903|1,networks/S3/EVAE/f0_W06_C1_s20260903_d01.csv
S3,0,W06_C1,EVAE,20260903,2,3446772181,EVAE|S3|geobg|0|W06_C1|20260903|2,networks/S3/EVAE/f0_W06_C1_s20260903_d02.csv
S3,0,W06_C1,EVAE,20260903,3,3128336707,EVAE|S3|geobg|0|W06_C1|20260903|3,networks/S3/EVAE/f0_W06_C1_s20260903_d03.csv
S3,0,W06_C1,EVAE,20260903,4,605172960,EVAE|S3|geobg|0|W06_C1|20260903|4,networks/S3/EVAE/f0_W06_C1_s20260903_d04.csv
S3,0,W06_C1,EVAE,20260903,5,1393886326,EVAE|S3|geobg|0|W06_C1|20260903|5,networks/S3/EVAE/f0_W06_C1_s20260903_d05.csv
S3,0,W06_C1,EVAE,20260903,6,3390854604,EVAE|S3|geobg|0|W06_C1|20260903|6,networks/S3/EVAE/f0_W06_C1_s20260903_d06.csv
S3,0,W06_C1,EVAE,20260903,7,3172689242,EVAE|S3|geobg|0|W06_C1|20260903|7,networks/S3/EVAE/f0_W06_C1_s20260903_d07.csv
S3,0,W06_C1,EVAE,7,0,3056503945,EVAE|S3|geobg|0|W06_C1|7|0,networks/S3/EVAE/f0_W06_C1_s7_d00.csv
S3,0,W06_C1,EVAE,7,1,3240737823,EVAE|S3|geobg|0|W06_C1|7|1,networks/S3/EVAE/f0_W06_C1_s7_d01.csv
S3,0,W06_C1,EVAE,7,2,1478552997,EVAE|S3|geobg|0|W06_C1|7|2,networks/S3/EVAE/f0_W06_C1_s7_d02.csv
S3,0,W06_C1,EVAE,7,3,791141683,EVAE|S3|geobg|0|W06_C1|7|3,networks/S3/EVAE/f0_W06_C1_s7_d03.csv
S3,0,W06_C1,EVAE,7,4,2973976720,EVAE|S3|geobg|0|W06_C1|7|4,networks/S3/EVAE/f0_W06_C1_s7_d04.csv
S3,0,W06_C1,EVAE,7,5,3326375942,EVAE|S3|geobg|0|W06_C1|7|5,networks/S3/EVAE/f0_W06_C1_s7_d05.csv
S3,0,W06_C1,EVAE,7,6,1598892476,EVAE|S3|geobg|0|W06_C1|7|6,networks/S3/EVAE/f0_W06_C1_s7_d06.csv
S3,0,W06_C1,EVAE,7,7,675944746,EVAE|S3|geobg|0|W06_C1|7|7,networks/S3/EVAE/f0_W06_C1_s7_d07.csv
S3,0,W06_C1,ADFNE,1337,0,398624139,ADFNE|S3|main|0|W06_C1|1337|0,networks/S3/ADFNE/f0_W06_C1_s1337_d00.csv
S3,0,W06_C1,ADFNE,1337,1,1623569693,ADFNE|S3|main|0|W06_C1|1337|1,networks/S3/ADFNE/f0_W06_C1_s1337_d01.csv
S3,0,W06_C1,ADFNE,1337,2,4190954663,ADFNE|S3|main|0|W06_C1|1337|2,networks/S3/ADFNE/f0_W06_C1_s1337_d02.csv
S3,0,W06_C1,ADFNE,1337,3,2395722801,ADFNE|S3|main|0|W06_C1|1337|3,networks/S3/ADFNE/f0_W06_C1_s1337_d03.csv
S3,0,W06_C1,ADFNE,1337,4,279921042,ADFNE|S3|main|0|W06_C1|1337|4,networks/S3/ADFNE/f0_W06_C1_s1337_d04.csv
S3,0,W06_C1,ADFNE,1337,5,1739092228,ADFNE|S3|main|0|W06_C1|1337|5,networks/S3/ADFNE/f0_W06_C1_s1337_d05.csv
S3,0,W06_C1,ADFNE,1337,6,4271972542,ADFNE|S3|main|0|W06_C1|1337|6,networks/S3/ADFNE/f0_W06_C1_s1337_d06.csv
S3,0,W06_C1,ADFNE,1337,7,2309361704,ADFNE|S3|main|0|W06_C1|1337|7,networks/S3/ADFNE/f0_W06_C1_s1337_d07.csv
S3,0,W06_C1,ADFNE,20260903,0,944080626,ADFNE|S3|main|0|W06_C1|20260903|0,networks/S3/ADFNE/f0_W06_C1_s20260903_d00.csv
S3,0,W06_C1,ADFNE,20260903,1,1329772132,ADFNE|S3|main|0|W06_C1|20260903|1,networks/S3/ADFNE/f0_W06_C1_s20260903_d01.csv
S3,0,W06_C1,ADFNE,20260903,2,3595298782,ADFNE|S3|main|0|W06_C1|20260903|2,networks/S3/ADFNE/f0_W06_C1_s20260903_d02.csv
S3,0,W06_C1,ADFNE,20260903,3,2706167624,ADFNE|S3|main|0|W06_C1|20260903|3,networks/S3/ADFNE/f0_W06_C1_s20260903_d03.csv
S3,0,W06_C1,ADFNE,20260903,4,1059603179,ADFNE|S3|main|0|W06_C1|20260903|4,networks/S3/ADFNE/f0_W06_C1_s20260903_d04.csv
S3,0,W06_C1,ADFNE,20260903,5,1211069053,ADFNE|S3|main|0|W06_C1|20260903|5,networks/S3/ADFNE/f0_W06_C1_s20260903_d05.csv
S3,0,W06_C1,ADFNE,20260903,6,3508937671,ADFNE|S3|main|0|W06_C1|20260903|6,networks/S3/ADFNE/f0_W06_C1_s20260903_d06.csv
S3,0,W06_C1,ADFNE,20260903,7,2787185489,ADFNE|S3|main|0|W06_C1|20260903|7,networks/S3/ADFNE/f0_W06_C1_s20260903_d07.csv
S3,0,W06_C1,ADFNE,7,0,59122618,ADFNE|S3|main|0|W06_C1|7|0,networks/S3/ADFNE/f0_W06_C1_s7_d00.csv
S3,0,W06_C1,ADFNE,7,1,1954616108,ADFNE|S3|main|0|W06_C1|7|1,networks/S3/ADFNE/f0_W06_C1_s7_d01.csv
S3,0,W06_C1,ADFNE,7,2,3985130134,ADFNE|S3|main|0|W06_C1|7|2,networks/S3/ADFNE/f0_W06_C1_s7_d02.csv
S3,0,W06_C1,ADFNE,7,3,2593092096,ADFNE|S3|main|0|W06_C1|7|3,networks/S3/ADFNE/f0_W06_C1_s7_d03.csv
S3,0,W06_C1,ADFNE,7,4,82569123,ADFNE|S3|main|0|W06_C1|7|4,networks/S3/ADFNE/f0_W06_C1_s7_d04.csv
S3,0,W06_C1,ADFNE,7,5,1944901429,ADFNE|S3|main|0|W06_C1|7|5,networks/S3/ADFNE/f0_W06_C1_s7_d05.csv
S3,0,W06_C1,ADFNE,7,6,3940910735,ADFNE|S3|main|0|W06_C1|7|6,networks/S3/ADFNE/f0_W06_C1_s7_d06.csv
S3,0,W06_C1,ADFNE,7,7,2648880665,ADFNE|S3|main|0|W06_C1|7|7,networks/S3/ADFNE/f0_W06_C1_s7_d07.csv
S3,0,W06_C1,KDE,1337,0,4125001348,KDE|S3|main|0|W06_C1|1337|0,networks/S3/KDE/f0_W06_C1_s1337_d00.csv
S3,0,W06_C1,KDE,1337,1,2195306002,KDE|S3|main|0|W06_C1|1337|1,networks/S3/KDE/f0_W06_C1_s1337_d01.csv
S3,0,W06_C1,KDE,1337,2,466675624,KDE|S3|main|0|W06_C1|1337|2,networks/S3/KDE/f0_W06_C1_s1337_d02.csv
S3,0,W06_C1,KDE,1337,3,1826084670,KDE|S3|main|0|W06_C1|1337|3,networks/S3/KDE/f0_W06_C1_s1337_d03.csv
S3,0,W06_C1,KDE,1337,4,4071834269,KDE|S3|main|0|W06_C1|1337|4,networks/S3/KDE/f0_W06_C1_s1337_d04.csv
S3,0,W06_C1,KDE,1337,5,2243195403,KDE|S3|main|0|W06_C1|1337|5,networks/S3/KDE/f0_W06_C1_s1337_d05.csv
S3,0,W06_C1,KDE,1337,6,482157489,KDE|S3|main|0|W06_C1|1337|6,networks/S3/KDE/f0_W06_C1_s1337_d06.csv
S3,0,W06_C1,KDE,1337,7,1807356711,KDE|S3|main|0|W06_C1|1337|7,networks/S3/KDE/f0_W06_C1_s1337_d07.csv
S3,0,W06_C1,KDE,20260903,0,3390306036,KDE|S3|main|0|W06_C1|20260903|0,networks/S3/KDE/f0_W06_C1_s20260903_d00.csv
S3,0,W06_C1,KDE,20260903,1,3172255330,KDE|S3|main|0|W06_C1|20260903|1,networks/S3/KDE/f0_W06_C1_s20260903_d01.csv
S3,0,W06_C1,KDE,20260903,2,605919192,KDE|S3|main|0|W06_C1|20260903|2,networks/S3/KDE/f0_W06_C1_s20260903_d02.csv
S3,0,W06_C1,KDE,20260903,3,1394255694,KDE|S3|main|0|W06_C1|20260903|3,networks/S3/KDE/f0_W06_C1_s20260903_d03.csv
S3,0,W06_C1,KDE,20260903,4,3447599853,KDE|S3|main|0|W06_C1|20260903|4,networks/S3/KDE/f0_W06_C1_s20260903_d04.csv
S3,0,W06_C1,KDE,20260903,5,3128492667,KDE|S3|main|0|W06_C1|20260903|5,networks/S3/KDE/f0_W06_C1_s20260903_d05.csv
S3,0,W06_C1,KDE,20260903,6,594564033,KDE|S3|main|0|W06_C1|20260903|6,networks/S3/KDE/f0_W06_C1_s20260903_d06.csv
S3,0,W06_C1,KDE,20260903,7,1417110359,KDE|S3|main|0|W06_C1|20260903|7,networks/S3/KDE/f0_W06_C1_s20260903_d07.csv
S3,0,W06_C1,KDE,7,0,3153924119,KDE|S3|main|0|W06_C1|7|0,networks/S3/KDE/f0_W06_C1_s7_d00.csv
S3,0,W06_C1,KDE,7,1,3438944385,KDE|S3|main|0|W06_C1|7|1,networks/S3/KDE/f0_W06_C1_s7_d01.csv
S3,0,W06_C1,KDE,7,2,1442017595,KDE|S3|main|0|W06_C1|7|2,networks/S3/KDE/f0_W06_C1_s7_d02.csv
S3,0,W06_C1,KDE,7,3,586432941,KDE|S3|main|0|W06_C1|7|3,networks/S3/KDE/f0_W06_C1_s7_d03.csv
S3,0,W06_C1,KDE,7,4,3163608078,KDE|S3|main|0|W06_C1|7|4,networks/S3/KDE/f0_W06_C1_s7_d04.csv
S3,0,W06_C1,KDE,7,5,3415729304,KDE|S3|main|0|W06_C1|7|5,networks/S3/KDE/f0_W06_C1_s7_d05.csv
S3,0,W06_C1,KDE,7,6,1386132770,KDE|S3|main|0|W06_C1|7|6,networks/S3/KDE/f0_W06_C1_s7_d06.csv
S3,0,W06_C1,KDE,7,7,630818228,KDE|S3|main|0|W06_C1|7|7,networks/S3/KDE/f0_W06_C1_s7_d07.csv
S3,0,W06_C2,EVAE,1337,0,1324503784,EVAE|S3|geobg|0|W06_C2|1337|0,networks/S3/EVAE/f0_W06_C2_s1337_d00.csv
S3,0,W06_C2,EVAE,1337,1,972382846,EVAE|S3|geobg|0|W06_C2|1337|1,networks/S3/EVAE/f0_W06_C2_s1337_d01.csv
S3,0,W06_C2,EVAE,1337,2,2700882884,EVAE|S3|geobg|0|W06_C2|1337|2,networks/S3/EVAE/f0_W06_C2_s1337_d02.csv
S3,0,W06_C2,EVAE,1337,3,3623551826,EVAE|S3|geobg|0|W06_C2|1337|3,networks/S3/EVAE/f0_W06_C2_s1337_d03.csv
S3,0,W06_C2,EVAE,1337,4,1235195633,EVAE|S3|geobg|0|W06_C2|1337|4,networks/S3/EVAE/f0_W06_C2_s1337_d04.csv
S3,0,W06_C2,EVAE,1337,5,1050191463,EVAE|S3|geobg|0|W06_C2|1337|5,networks/S3/EVAE/f0_W06_C2_s1337_d05.csv
S3,0,W06_C2,EVAE,1337,6,2811361245,EVAE|S3|geobg|0|W06_C2|1337|6,networks/S3/EVAE/f0_W06_C2_s1337_d06.csv
S3,0,W06_C2,EVAE,1337,7,3499542347,EVAE|S3|geobg|0|W06_C2|1337|7,networks/S3/EVAE/f0_W06_C2_s1337_d07.csv
S3,0,W06_C2,EVAE,20260903,0,1424040457,EVAE|S3|geobg|0|W06_C2|20260903|0,networks/S3/EVAE/f0_W06_C2_s20260903_d00.csv
S3,0,W06_C2,EVAE,20260903,1,602280607,EVAE|S3|geobg|0|W06_C2|20260903|1,networks/S3/EVAE/f0_W06_C2_s20260903_d01.csv
S3,0,W06_C2,EVAE,20260903,2,3136242469,EVAE|S3|geobg|0|W06_C2|20260903|2,networks/S3/EVAE/f0_W06_C2_s20260903_d02.csv
S3,0,W06_C2,EVAE,20260903,3,3454563251,EVAE|S3|geobg|0|W06_C2|20260903|3,networks/S3/EVAE/f0_W06_C2_s20260903_d03.csv
S3,0,W06_C2,EVAE,20260903,4,1401742864,EVAE|S3|geobg|0|W06_C2|20260903|4,networks/S3/EVAE/f0_W06_C2_s20260903_d04.csv
S3,0,W06_C2,EVAE,20260903,5,613144198,EVAE|S3|geobg|0|W06_C2|20260903|5,networks/S3/EVAE/f0_W06_C2_s20260903_d05.csv
S3,0,W06_C2,EVAE,20260903,6,3179448124,EVAE|S3|geobg|0|W06_C2|20260903|6,networks/S3/EVAE/f0_W06_C2_s20260903_d06.csv
S3,0,W06_C2,EVAE,20260903,7,3397760938,EVAE|S3|geobg|0|W06_C2|20260903|7,networks/S3/EVAE/f0_W06_C2_s20260903_d07.csv
S3,0,W06_C2,EVAE,7,0,4052678233,EVAE|S3|geobg|0|W06_C2|7|0,networks/S3/EVAE/f0_W06_C2_s7_d00.csv
S3,0,W06_C2,EVAE,7,1,2257176271,EVAE|S3|geobg|0|W06_C2|7|1,networks/S3/EVAE/f0_W06_C2_s7_d01.csv
S3,0,W06_C2,EVAE,7,2,528521077,EVAE|S3|geobg|0|W06_C2|7|2,networks/S3/EVAE/f0_W06_C2_s7_d02.csv
S3,0,W06_C2,EVAE,7,3,1753720803,EVAE|S3|geobg|0|W06_C2|7|3,networks/S3/EVAE/f0_W06_C2_s7_d03.csv
S3,0,W06_C2,EVAE,7,4,4142084672,EVAE|S3|geobg|0|W06_C2|7|4,networks/S3/EVAE/f0_W06_C2_s7_d04.csv
S3,0,W06_C2,EVAE,7,5,2179203798,EVAE|S3|geobg|0|W06_C2|7|5,networks/S3/EVAE/f0_W06_C2_s7_d05.csv
S3,0,W06_C2,EVAE,7,6,418206572,EVAE|S3|geobg|0|W06_C2|7|6,networks/S3/EVAE/f0_W06_C2_s7_d06.csv
S3,0,W06_C2,EVAE,7,7,1877631994,EVAE|S3|geobg|0|W06_C2|7|7,networks/S3/EVAE/f0_W06_C2_s7_d07.csv
S3,0,W06_C2,ADFNE,1337,0,2571993704,ADFNE|S3|main|0|W06_C2|1337|0,networks/S3/ADFNE/f0_W06_C2_s1337_d00.csv
S3,0,W06_C2,ADFNE,1337,1,3997872894,ADFNE|S3|main|0|W06_C2|1337|1,networks/S3/ADFNE/f0_W06_C2_s1337_d01.csv
S3,0,W06_C2,ADFNE,1337,2,2000937796,ADFNE|S3|main|0|W06_C2|1337|2,networks/S3/ADFNE/f0_W06_C2_s1337_d02.csv
S3,0,W06_C2,ADFNE,1337,3,4510674,ADFNE|S3|main|0|W06_C2|1337|3,networks/S3/ADFNE/f0_W06_C2_s1337_d03.csv
S3,0,W06_C2,ADFNE,1337,4,2652915313,ADFNE|S3|main|0|W06_C2|1337|4,networks/S3/ADFNE/f0_W06_C2_s1337_d04.csv
S3,0,W06_C2,ADFNE,1337,5,3911677671,ADFNE|S3|main|0|W06_C2|1337|5,networks/S3/ADFNE/f0_W06_C2_s1337_d05.csv
S3,0,W06_C2,ADFNE,1337,6,1882072925,ADFNE|S3|main|0|W06_C2|1337|6,networks/S3/ADFNE/f0_W06_C2_s1337_d06.csv
S3,0,W06_C2,ADFNE,1337,7,120133579,ADFNE|S3|main|0|W06_C2|1337|7,networks/S3/ADFNE/f0_W06_C2_s1337_d07.csv
S3,0,W06_C2,ADFNE,20260903,0,1339773954,ADFNE|S3|main|0|W06_C2|20260903|0,networks/S3/ADFNE/f0_W06_C2_s20260903_d00.csv
S3,0,W06_C2,ADFNE,20260903,1,953967764,ADFNE|S3|main|0|W06_C2|20260903|1,networks/S3/ADFNE/f0_W06_C2_s20260903_d01.csv
S3,0,W06_C2,ADFNE,20260903,2,2715104558,ADFNE|S3|main|0|W06_C2|20260903|2,networks/S3/ADFNE/f0_W06_C2_s20260903_d02.csv
S3,0,W06_C2,ADFNE,20260903,3,3604088248,ADFNE|S3|main|0|W06_C2|20260903|3,networks/S3/ADFNE/f0_W06_C2_s20260903_d03.csv
S3,0,W06_C2,ADFNE,20260903,4,1219923995,ADFNE|S3|main|0|W06_C2|20260903|4,networks/S3/ADFNE/f0_W06_C2_s20260903_d04.csv
S3,0,W06_C2,ADFNE,20260903,5,1068605581,ADFNE|S3|main|0|W06_C2|20260903|5,networks/S3/ADFNE/f0_W06_C2_s20260903_d05.csv
S3,0,W06_C2,ADFNE,20260903,6,2797138231,ADFNE|S3|main|0|W06_C2|20260903|6,networks/S3/ADFNE/f0_W06_C2_s20260903_d06.csv
S3,0,W06_C2,ADFNE,20260903,7,3519005089,ADFNE|S3|main|0|W06_C2|20260903|7,networks/S3/ADFNE/f0_W06_C2_s20260903_d07.csv
S3,0,W06_C2,ADFNE,7,0,1143363946,ADFNE|S3|main|0|W06_C2|7|0,networks/S3/ADFNE/f0_W06_C2_s7_d00.csv
S3,0,W06_C2,ADFNE,7,1,857827836,ADFNE|S3|main|0|W06_C2|7|1,networks/S3/ADFNE/f0_W06_C2_s7_d01.csv
S3,0,W06_C2,ADFNE,7,2,2854762566,ADFNE|S3|main|0|W06_C2|7|2,networks/S3/ADFNE/f0_W06_C2_s7_d02.csv
S3,0,W06_C2,ADFNE,7,3,3710847184,ADFNE|S3|main|0|W06_C2|7|3,networks/S3/ADFNE/f0_W06_C2_s7_d03.csv
S3,0,W06_C2,ADFNE,7,4,1129028979,ADFNE|S3|main|0|W06_C2|7|4,networks/S3/ADFNE/f0_W06_C2_s7_d04.csv
S3,0,W06_C2,ADFNE,7,5,877440485,ADFNE|S3|main|0|W06_C2|7|5,networks/S3/ADFNE/f0_W06_C2_s7_d05.csv
S3,0,W06_C2,ADFNE,7,6,2907044959,ADFNE|S3|main|0|W06_C2|7|6,networks/S3/ADFNE/f0_W06_C2_s7_d06.csv
S3,0,W06_C2,ADFNE,7,7,3661810889,ADFNE|S3|main|0|W06_C2|7|7,networks/S3/ADFNE/f0_W06_C2_s7_d07.csv
S3,0,W06_C2,KDE,1337,0,2068939111,KDE|S3|main|0|W06_C2|1337|0,networks/S3/KDE/f0_W06_C2_s1337_d00.csv
S3,0,W06_C2,KDE,1337,1,207008241,KDE|S3|main|0|W06_C2|1337|1,networks/S3/KDE/f0_W06_C2_s1337_d01.csv
S3,0,W06_C2,KDE,1337,2,2506088523,KDE|S3|main|0|W06_C2|1337|2,networks/S3/KDE/f0_W06_C2_s1337_d02.csv
S3,0,W06_C2,KDE,1337,3,3797471453,KDE|S3|main|0|W06_C2|1337|3,networks/S3/KDE/f0_W06_C2_s1337_d03.csv
S3,0,W06_C2,KDE,1337,4,2084324734,KDE|S3|main|0|W06_C2|1337|4,networks/S3/KDE/f0_W06_C2_s1337_d04.csv
S3,0,W06_C2,KDE,1337,5,188446184,KDE|S3|main|0|W06_C2|1337|5,networks/S3/KDE/f0_W06_C2_s1337_d05.csv
S3,0,W06_C2,KDE,1337,6,2452759634,KDE|S3|main|0|W06_C2|1337|6,networks/S3/KDE/f0_W06_C2_s1337_d06.csv
S3,0,W06_C2,KDE,1337,7,3845461188,KDE|S3|main|0|W06_C2|1337|7,networks/S3/KDE/f0_W06_C2_s1337_d07.csv
S3,0,W06_C2,KDE,20260903,0,3180143620,KDE|S3|main|0|W06_C2|20260903|0,networks/S3/KDE/f0_W06_C2_s20260903_d00.csv
S3,0,W06_C2,KDE,20260903,1,3398046866,KDE|S3|main|0|W06_C2|20260903|1,networks/S3/KDE/f0_W06_C2_s20260903_d01.csv
S3,0,W06_C2,KDE,20260903,2,1401111848,KDE|S3|main|0|W06_C2|20260903|2,networks/S3/KDE/f0_W06_C2_s20260903_d02.csv
S3,0,W06_C2,KDE,20260903,3,612660670,KDE|S3|main|0|W06_C2|20260903|3,networks/S3/KDE/f0_W06_C2_s20260903_d03.csv
S3,0,W06_C2,KDE,20260903,4,3135299613,KDE|S3|main|0|W06_C2|20260903|4,networks/S3/KDE/f0_W06_C2_s20260903_d04.csv
S3,0,W06_C2,KDE,20260903,5,3454521483,KDE|S3|main|0|W06_C2|20260903|5,networks/S3/KDE/f0_W06_C2_s20260903_d05.csv
S3,0,W06_C2,KDE,20260903,6,1424916785,KDE|S3|main|0|W06_C2|20260903|6,networks/S3/KDE/f0_W06_C2_s20260903_d06.csv
S3,0,W06_C2,KDE,20260903,7,602517927,KDE|S3|main|0|W06_C2|20260903|7,networks/S3/KDE/f0_W06_C2_s20260903_d07.csv
S3,0,W06_C2,KDE,7,0,4233980615,KDE|S3|main|0|W06_C2|7|0,networks/S3/KDE/f0_W06_C2_s7_d00.csv
S3,0,W06_C2,KDE,7,1,2337954385,KDE|S3|main|0|W06_C2|7|1,networks/S3/KDE/f0_W06_C2_s7_d01.csv
S3,0,W06_C2,KDE,7,2,307432427,KDE|S3|main|0|W06_C2|7|2,networks/S3/KDE/f0_W06_C2_s7_d02.csv
S3,0,W06_C2,KDE,7,3,1700019069,KDE|S3|main|0|W06_C2|7|3,networks/S3/KDE/f0_W06_C2_s7_d03.csv
S3,0,W06_C2,KDE,7,4,4214271710,KDE|S3|main|0|W06_C2|7|4,networks/S3/KDE/f0_W06_C2_s7_d04.csv
S3,0,W06_C2,KDE,7,5,2352455240,KDE|S3|main|0|W06_C2|7|5,networks/S3/KDE/f0_W06_C2_s7_d05.csv
S3,0,W06_C2,KDE,7,6,356438002,KDE|S3|main|0|W06_C2|7|6,networks/S3/KDE/f0_W06_C2_s7_d06.csv
S3,0,W06_C2,KDE,7,7,1647968100,KDE|S3|main|0|W06_C2|7|7,networks/S3/KDE/f0_W06_C2_s7_d07.csv
S3,1,W00_C3,EVAE,1337,0,3541451741,EVAE|S3|geobg|1|W00_C3|1337|0,networks/S3/EVAE/f1_W00_C3_s1337_d00.csv
S3,1,W00_C3,EVAE,1337,1,2752607051,EVAE|S3|geobg|1|W00_C3|1337|1,networks/S3/EVAE/f1_W00_C3_s1337_d01.csv
S3,1,W00_C3,EVAE,1337,2,1024991985,EVAE|S3|geobg|1|W00_C3|1337|2,networks/S3/EVAE/f1_W00_C3_s1337_d02.csv
S3,1,W00_C3,EVAE,1337,3,1243550311,EVAE|S3|geobg|1|W00_C3|1337|3,networks/S3/EVAE/f1_W00_C3_s1337_d03.csv
S3,1,W00_C3,EVAE,1337,4,3564865476,EVAE|S3|geobg|1|W00_C3|1337|4,networks/S3/EVAE/f1_W00_C3_s1337_d04.csv
S3,1,W00_C3,EVAE,1337,5,2742859602,EVAE|S3|geobg|1|W00_C3|1337|5,networks/S3/EVAE/f1_W00_C3_s1337_d05.csv
S3,1,W00_C3,EVAE,1337,6,980805352,EVAE|S3|geobg|1|W00_C3|1337|6,networks/S3/EVAE/f1_W00_C3_s1337_d06.csv
S3,1,W00_C3,EVAE,1337,7,1299371646,EVAE|S3|geobg|1|W00_C3|1337|7,networks/S3/EVAE/f1_W00_C3_s1337_d07.csv
S3,1,W00_C3,EVAE,20260903,0,979122892,EVAE|S3|geobg|1|W00_C3|20260903|0,networks/S3/EVAE/f1_W00_C3_s20260903_d00.csv
S3,1,W00_C3,EVAE,20260903,1,1297812058,EVAE|S3|geobg|1|W00_C3|20260903|1,networks/S3/EVAE/f1_W00_C3_s20260903_d01.csv
S3,1,W00_C3,EVAE,20260903,2,3562167264,EVAE|S3|geobg|1|W00_C3|20260903|2,networks/S3/EVAE/f1_W00_C3_s20260903_d02.csv
S3,1,W00_C3,EVAE,20260903,3,2740284278,EVAE|S3|geobg|1|W00_C3|20260903|3,networks/S3/EVAE/f1_W00_C3_s20260903_d03.csv
S3,1,W00_C3,EVAE,20260903,4,1026686677,EVAE|S3|geobg|1|W00_C3|20260903|4,networks/S3/EVAE/f1_W00_C3_s20260903_d04.csv
S3,1,W00_C3,EVAE,20260903,5,1245105731,EVAE|S3|geobg|1|W00_C3|20260903|5,networks/S3/EVAE/f1_W00_C3_s20260903_d05.csv
S3,1,W00_C3,EVAE,20260903,6,3544162297,EVAE|S3|geobg|1|W00_C3|20260903|6,networks/S3/EVAE/f1_W00_C3_s20260903_d06.csv
S3,1,W00_C3,EVAE,20260903,7,2755178351,EVAE|S3|geobg|1|W00_C3|20260903|7,networks/S3/EVAE/f1_W00_C3_s20260903_d07.csv
S3,1,W00_C3,EVAE,7,0,2435095041,EVAE|S3|geobg|1|W00_C3|7|0,networks/S3/EVAE/f1_W00_C3_s7_d00.csv
S3,1,W00_C3,EVAE,7,1,3861097111,EVAE|S3|geobg|1|W00_C3|7|1,networks/S3/EVAE/f1_W00_C3_s7_d01.csv
S3,1,W00_C3,EVAE,7,2,2133523245,EVAE|S3|geobg|1|W00_C3|7|2,networks/S3/EVAE/f1_W00_C3_s7_d02.csv
S3,1,W00_C3,EVAE,7,3,137219003,EVAE|S3|geobg|1|W00_C3|7|3,networks/S3/EVAE/f1_W00_C3_s7_d03.csv
S3,1,W00_C3,EVAE,7,4,2521390616,EVAE|S3|geobg|1|W00_C3|7|4,networks/S3/EVAE/f1_W00_C3_s7_d04.csv
S3,1,W00_C3,EVAE,7,5,3780013710,EVAE|S3|geobg|1|W00_C3|7|5,networks/S3/EVAE/f1_W00_C3_s7_d05.csv
S3,1,W00_C3,EVAE,7,6,2017935156,EVAE|S3|geobg|1|W00_C3|7|6,networks/S3/EVAE/f1_W00_C3_s7_d06.csv
S3,1,W00_C3,EVAE,7,7,255856546,EVAE|S3|geobg|1|W00_C3|7|7,networks/S3/EVAE/f1_W00_C3_s7_d07.csv
S3,1,W00_C3,ADFNE,1337,0,78222173,ADFNE|S3|main|1|W00_C3|1337|0,networks/S3/ADFNE/f1_W00_C3_s1337_d00.csv
S3,1,W00_C3,ADFNE,1337,1,1940825035,ADFNE|S3|main|1|W00_C3|1337|1,networks/S3/ADFNE/f1_W00_C3_s1337_d01.csv
S3,1,W00_C3,ADFNE,1337,2,3936875121,ADFNE|S3|main|1|W00_C3|1337|2,networks/S3/ADFNE/f1_W00_C3_s1337_d02.csv
S3,1,W00_C3,ADFNE,1337,3,2644558567,ADFNE|S3|main|1|W00_C3|1337|3,networks/S3/ADFNE/f1_W00_C3_s1337_d03.csv
S3,1,W00_C3,ADFNE,1337,4,63199044,ADFNE|S3|main|1|W00_C3|1337|4,networks/S3/ADFNE/f1_W00_C3_s1337_d04.csv
S3,1,W00_C3,ADFNE,1337,5,1958963154,ADFNE|S3|main|1|W00_C3|1337|5,networks/S3/ADFNE/f1_W00_C3_s1337_d05.csv
S3,1,W00_C3,ADFNE,1337,6,3989452392,ADFNE|S3|main|1|W00_C3|1337|6,networks/S3/ADFNE/f1_W00_C3_s1337_d06.csv
S3,1,W00_C3,ADFNE,1337,7,2597127934,ADFNE|S3|main|1|W00_C3|1337|7,networks/S3/ADFNE/f1_W00_C3_s1337_d07.csv
S3,1,W00_C3,ADFNE,20260903,0,560352455,ADFNE|S3|main|1|W00_C3|20260903|0,networks/S3/ADFNE/f1_W00_C3_s20260903_d00.csv
S3,1,W00_C3,ADFNE,20260903,1,1449229393,ADFNE|S3|main|1|W00_C3|20260903|1,networks/S3/ADFNE/f1_W00_C3_s20260903_d01.csv
S3,1,W00_C3,ADFNE,20260903,2,3479711211,ADFNE|S3|main|1|W00_C3|20260903|2,networks/S3/ADFNE/f1_W00_C3_s20260903_d02.csv
S3,1,W00_C3,ADFNE,20260903,3,3094289789,ADFNE|S3|main|1|W00_C3|20260903|3,networks/S3/ADFNE/f1_W00_C3_s20260903_d03.csv
S3,1,W00_C3,ADFNE,20260903,4,638290142,ADFNE|S3|main|1|W00_C3|20260903|4,networks/S3/ADFNE/f1_W00_C3_s20260903_d04.csv
S3,1,W00_C3,ADFNE,20260903,5,1359788104,ADFNE|S3|main|1|W00_C3|20260903|5,networks/S3/ADFNE/f1_W00_C3_s20260903_d05.csv
S3,1,W00_C3,ADFNE,20260903,6,3355830770,ADFNE|S3|main|1|W00_C3|20260903|6,networks/S3/ADFNE/f1_W00_C3_s20260903_d06.csv
S3,1,W00_C3,ADFNE,20260903,7,3204634980,ADFNE|S3|main|1|W00_C3|20260903|7,networks/S3/ADFNE/f1_W00_C3_s20260903_d07.csv
S3,1,W00_C3,ADFNE,7,0,613168434,ADFNE|S3|main|1|W00_C3|7|0,networks/S3/ADFNE/f1_W00_C3_s7_d00.csv
S3,1,W00_C3,ADFNE,7,1,1401619876,ADFNE|S3|main|1|W00_C3|7|1,networks/S3/ADFNE/f1_W00_C3_s7_d01.csv
S3,1,W00_C3,ADFNE,7,2,3397538846,ADFNE|S3|main|1|W00_C3|7|2,networks/S3/ADFNE/f1_W00_C3_s7_d02.csv
S3,1,W00_C3,ADFNE,7,3,3179635848,ADFNE|S3|main|1|W00_C3|7|3,networks/S3/ADFNE/f1_W00_C3_s7_d03.csv
S3,1,W00_C3,ADFNE,7,4,602009899,ADFNE|S3|main|1|W00_C3|7|4,networks/S3/ADFNE/f1_W00_C3_s7_d04.csv
S3,1,W00_C3,ADFNE,7,5,1424409021,ADFNE|S3|main|1|W00_C3|7|5,networks/S3/ADFNE/f1_W00_C3_s7_d05.csv
S3,1,W00_C3,ADFNE,7,6,3455029255,ADFNE|S3|main|1|W00_C3|7|6,networks/S3/ADFNE/f1_W00_C3_s7_d06.csv
S3,1,W00_C3,ADFNE,7,7,3135807633,ADFNE|S3|main|1|W00_C3|7|7,networks/S3/ADFNE/f1_W00_C3_s7_d07.csv
S3,1,W00_C3,KDE,1337,0,3870658642,KDE|S3|main|1|W00_C3|1337|0,networks/S3/KDE/f1_W00_C3_s1337_d00.csv
S3,1,W00_C3,KDE,1337,1,2444402884,KDE|S3|main|1|W00_C3|1337|1,networks/S3/KDE/f1_W00_C3_s1337_d01.csv
S3,1,W00_C3,KDE,1337,2,146534782,KDE|S3|main|1|W00_C3|1337|2,networks/S3/KDE/f1_W00_C3_s1337_d02.csv
S3,1,W00_C3,KDE,1337,3,2143076840,KDE|S3|main|1|W00_C3|1337|3,networks/S3/KDE/f1_W00_C3_s1337_d03.csv
S3,1,W00_C3,KDE,1337,4,3789050955,KDE|S3|main|1|W00_C3|1337|4,networks/S3/KDE/f1_W00_C3_s1337_d04.csv
S3,1,W00_C3,KDE,1337,5,2531222749,KDE|S3|main|1|W00_C3|1337|5,networks/S3/KDE/f1_W00_C3_s1337_d05.csv
S3,1,W00_C3,KDE,1337,6,265696615,KDE|S3|main|1|W00_C3|1337|6,networks/S3/KDE/f1_W00_C3_s1337_d06.csv
S3,1,W00_C3,KDE,1337,7,2026964465,KDE|S3|main|1|W00_C3|1337|7,networks/S3/KDE/f1_W00_C3_s1337_d07.csv
S3,1,W00_C3,KDE,20260903,0,3543153857,KDE|S3|main|1|W00_C3|20260903|0,networks/S3/KDE/f1_W00_C3_s20260903_d00.csv
S3,1,W00_C3,KDE,20260903,1,2755071063,KDE|S3|main|1|W00_C3|20260903|1,networks/S3/KDE/f1_W00_C3_s20260903_d01.csv
S3,1,W00_C3,KDE,20260903,2,1027497453,KDE|S3|main|1|W00_C3|20260903|2,networks/S3/KDE/f1_W00_C3_s20260903_d02.csv
S3,1,W00_C3,KDE,20260903,3,1245277563,KDE|S3|main|1|W00_C3|20260903|3,networks/S3/KDE/f1_W00_C3_s20260903_d03.csv
S3,1,W00_C3,KDE,20260903,4,3562928344,KDE|S3|main|1|W00_C3|20260903|4,networks/S3/KDE/f1_W00_C3_s20260903_d04.csv
S3,1,W00_C3,KDE,20260903,5,2740635726,KDE|S3|main|1|W00_C3|20260903|5,networks/S3/KDE/f1_W00_C3_s20260903_d05.csv
S3,1,W00_C3,KDE,20260903,6,978557428,KDE|S3|main|1|W00_C3|20260903|6,networks/S3/KDE/f1_W00_C3_s20260903_d06.csv
S3,1,W00_C3,KDE,20260903,7,1297394018,KDE|S3|main|1|W00_C3|20260903|7,networks/S3/KDE/f1_W00_C3_s20260903_d07.csv
S3,1,W00_C3,KDE,7,0,2633434783,KDE|S3|main|1|W00_C3|7|0,networks/S3/KDE/f1_W00_C3_s7_d00.csv
S3,1,W00_C3,KDE,7,1,3958388233,KDE|S3|main|1|W00_C3|7|1,networks/S3/KDE/f1_W00_C3_s7_d01.csv
S3,1,W00_C3,KDE,7,2,1928947635,KDE|S3|main|1|W00_C3|7|2,networks/S3/KDE/f1_W00_C3_s7_d02.csv
S3,1,W00_C3,KDE,7,3,100554533,KDE|S3|main|1|W00_C3|7|3,networks/S3/KDE/f1_W00_C3_s7_d03.csv
S3,1,W00_C3,KDE,7,4,2610610822,KDE|S3|main|1|W00_C3|7|4,networks/S3/KDE/f1_W00_C3_s7_d04.csv
S3,1,W00_C3,KDE,7,5,3969774096,KDE|S3|main|1|W00_C3|7|5,networks/S3/KDE/f1_W00_C3_s7_d05.csv
S3,1,W00_C3,KDE,7,6,1972675498,KDE|S3|main|1|W00_C3|7|6,networks/S3/KDE/f1_W00_C3_s7_d06.csv
S3,1,W00_C3,KDE,7,7,43225916,KDE|S3|main|1|W00_C3|7|7,networks/S3/KDE/f1_W00_C3_s7_d07.csv
S3,1,W00_C4,EVAE,1337,0,3654503108,EVAE|S3|geobg|1|W00_C4|1337|0,networks/S3/EVAE/f1_W00_C4_s1337_d00.csv
S3,1,W00_C4,EVAE,1337,1,2933160530,EVAE|S3|geobg|1|W00_C4|1337|1,networks/S3/EVAE/f1_W00_C4_s1337_d01.csv
S3,1,W00_C4,EVAE,1337,2,937241576,EVAE|S3|geobg|1|W00_C4|1337|2,networks/S3/EVAE/f1_W00_C4_s1337_d02.csv
S3,1,W00_C4,EVAE,1337,3,1088035710,EVAE|S3|geobg|1|W00_C4|1337|3,networks/S3/EVAE/f1_W00_C4_s1337_d03.csv
S3,1,W00_C4,EVAE,1337,4,3737030365,EVAE|S3|geobg|1|W00_C4|1337|4,networks/S3/EVAE/f1_W00_C4_s1337_d04.csv
S3,1,W00_C4,EVAE,1337,5,2847522379,EVAE|S3|geobg|1|W00_C4|1337|5,networks/S3/EVAE/f1_W00_C4_s1337_d05.csv
S3,1,W00_C4,EVAE,1337,6,816902129,EVAE|S3|geobg|1|W00_C4|1337|6,networks/S3/EVAE/f1_W00_C4_s1337_d06.csv
S3,1,W00_C4,EVAE,1337,7,1203232615,EVAE|S3|geobg|1|W00_C4|1337|7,networks/S3/EVAE/f1_W00_C4_s1337_d07.csv
S3,1,W00_C4,EVAE,20260903,0,1321521987,EVAE|S3|geobg|1|W00_C4|20260903|0,networks/S3/EVAE/f1_W00_C4_s20260903_d00.csv
S3,1,W00_C4,EVAE,20260903,1,969139157,EVAE|S3|geobg|1|W00_C4|20260903|1,networks/S3/EVAE/f1_W00_C4_s20260903_d01.csv
S3,1,W00_C4,EVAE,20260903,2,2697638511,EVAE|S3|geobg|1|W00_C4|20260903|2,networks/S3/EVAE/f1_W00_C4_s20260903_d02.csv
S3,1,W00_C4,EVAE,20260903,3,3620569849,EVAE|S3|geobg|1|W00_C4|20260903|3,networks/S3/EVAE/f1_W00_C4_s20260903_d03.csv
S3,1,W00_C4,EVAE,20260903,4,1235818330,EVAE|S3|geobg|1|W00_C4|20260903|4,networks/S3/EVAE/f1_W00_C4_s20260903_d04.csv
S3,1,W00_C4,EVAE,20260903,5,1051600844,EVAE|S3|geobg|1|W00_C4|20260903|5,networks/S3/EVAE/f1_W00_C4_s20260903_d05.csv
S3,1,W00_C4,EVAE,20260903,6,2812769910,EVAE|S3|geobg|1|W00_C4|20260903|6,networks/S3/EVAE/f1_W00_C4_s20260903_d06.csv
S3,1,W00_C4,EVAE,20260903,7,3500164832,EVAE|S3|geobg|1|W00_C4|20260903|7,networks/S3/EVAE/f1_W00_C4_s20260903_d07.csv
S3,1,W00_C4,EVAE,7,0,587482641,EVAE|S3|geobg|1|W00_C4|7|0,networks/S3/EVAE/f1_W00_C4_s7_d00.csv
S3,1,W00_C4,EVAE,7,1,1409513095,EVAE|S3|geobg|1|W00_C4|7|1,networks/S3/EVAE/f1_W00_C4_s7_d01.csv
S3,1,W00_C4,EVAE,7,2,3439994685,EVAE|S3|geobg|1|W00_C4|7|2,networks/S3/EVAE/f1_W00_C4_s7_d02.csv
S3,1,W00_C4,EVAE,7,3,3121420203,EVAE|S3|geobg|1|W00_C4|7|3,networks/S3/EVAE/f1_W00_C4_s7_d03.csv
S3,1,W00_C4,EVAE,7,4,610894344,EVAE|S3|geobg|1|W00_C4|7|4,networks/S3/EVAE/f1_W00_C4_s7_d04.csv
S3,1,W00_C4,EVAE,7,5,1399763614,EVAE|S3|geobg|1|W00_C4|7|5,networks/S3/EVAE/f1_W00_C4_s7_d05.csv
S3,1,W00_C4,EVAE,7,6,3395805988,EVAE|S3|geobg|1|W00_C4|7|6,networks/S3/EVAE/f1_W00_C4_s7_d06.csv
S3,1,W00_C4,EVAE,7,7,3177239474,EVAE|S3|geobg|1|W00_C4|7|7,networks/S3/EVAE/f1_W00_C4_s7_d07.csv
S3,1,W00_C4,ADFNE,1337,0,241998404,ADFNE|S3|main|1|W00_C4|1337|0,networks/S3/ADFNE/f1_W00_C4_s1337_d00.csv
S3,1,W00_C4,ADFNE,1337,1,2037099218,ADFNE|S3|main|1|W00_C4|1337|1,networks/S3/ADFNE/f1_W00_C4_s1337_d01.csv
S3,1,W00_C4,ADFNE,1337,2,3764583272,ADFNE|S3|main|1|W00_C4|1337|2,networks/S3/ADFNE/f1_W00_C4_s1337_d02.csv
S3,1,W00_C4,ADFNE,1337,3,2540030974,ADFNE|S3|main|1|W00_C4|1337|3,networks/S3/ADFNE/f1_W00_C4_s1337_d03.csv
S3,1,W00_C4,ADFNE,1337,4,151084637,ADFNE|S3|main|1|W00_C4|1337|4,networks/S3/ADFNE/f1_W00_C4_s1337_d04.csv
S3,1,W00_C4,ADFNE,1337,5,2114350795,ADFNE|S3|main|1|W00_C4|1337|5,networks/S3/ADFNE/f1_W00_C4_s1337_d05.csv
S3,1,W00_C4,ADFNE,1337,6,3876536177,ADFNE|S3|main|1|W00_C4|1337|6,networks/S3/ADFNE/f1_W00_C4_s1337_d06.csv
S3,1,W00_C4,ADFNE,1337,7,2416447463,ADFNE|S3|main|1|W00_C4|1337|7,networks/S3/ADFNE/f1_W00_C4_s1337_d07.csv
S3,1,W00_C4,ADFNE,20260903,0,1442751816,ADFNE|S3|main|1|W00_C4|20260903|0,networks/S3/ADFNE/f1_W00_C4_s20260903_d00.csv
S3,1,W00_C4,ADFNE,20260903,1,586782174,ADFNE|S3|main|1|W00_C4|20260903|1,networks/S3/ADFNE/f1_W00_C4_s20260903_d01.csv
S3,1,W00_C4,ADFNE,20260903,2,3153118308,ADFNE|S3|main|1|W00_C4|20260903|2,networks/S3/ADFNE/f1_W00_C4_s20260903_d02.csv
S3,1,W00_C4,ADFNE,20260903,3,3438802162,ADFNE|S3|main|1|W00_C4|20260903|3,networks/S3/ADFNE/f1_W00_C4_s20260903_d03.csv
S3,1,W00_C4,ADFNE,20260903,4,1385390417,ADFNE|S3|main|1|W00_C4|20260903|4,networks/S3/ADFNE/f1_W00_C4_s20260903_d04.csv
S3,1,W00_C4,ADFNE,20260903,5,630477255,ADFNE|S3|main|1|W00_C4|20260903|5,networks/S3/ADFNE/f1_W00_C4_s20260903_d05.csv
S3,1,W00_C4,ADFNE,20260903,6,3164405885,ADFNE|S3|main|1|W00_C4|20260903|6,networks/S3/ADFNE/f1_W00_C4_s20260903_d06.csv
S3,1,W00_C4,ADFNE,20260903,7,3415879915,ADFNE|S3|main|1|W00_C4|20260903|7,networks/S3/ADFNE/f1_W00_C4_s20260903_d07.csv
S3,1,W00_C4,ADFNE,7,0,2527914274,ADFNE|S3|main|1|W00_C4|7|0,networks/S3/ADFNE/f1_W00_C4_s7_d00.csv
S3,1,W00_C4,ADFNE,7,1,3786135988,ADFNE|S3|main|1|W00_C4|7|1,networks/S3/ADFNE/f1_W00_C4_s7_d01.csv
S3,1,W00_C4,ADFNE,7,2,2023917582,ADFNE|S3|main|1|W00_C4|7|2,networks/S3/ADFNE/f1_W00_C4_s7_d02.csv
S3,1,W00_C4,ADFNE,7,3,262518936,ADFNE|S3|main|1|W00_C4|7|3,networks/S3/ADFNE/f1_W00_C4_s7_d03.csv
S3,1,W00_C4,ADFNE,7,4,2445356347,ADFNE|S3|main|1|W00_C4|7|4,networks/S3/ADFNE/f1_W00_C4_s7_d04.csv
S3,1,W00_C4,ADFNE,7,5,3871743405,ADFNE|S3|main|1|W00_C4|7|5,networks/S3/ADFNE/f1_W00_C4_s7_d05.csv
S3,1,W00_C4,ADFNE,7,6,2144291863,ADFNE|S3|main|1|W00_C4|7|6,networks/S3/ADFNE/f1_W00_C4_s7_d06.csv
S3,1,W00_C4,ADFNE,7,7,147356801,ADFNE|S3|main|1|W00_C4|7|7,networks/S3/ADFNE/f1_W00_C4_s7_d07.csv
S3,1,W00_C4,KDE,1337,0,3966802251,KDE|S3|main|1|W00_C4|1337|0,networks/S3/KDE/f1_W00_C4_s1337_d00.csv
S3,1,W00_C4,KDE,1337,1,2608310749,KDE|S3|main|1|W00_C4|1337|1,networks/S3/KDE/f1_W00_C4_s1337_d01.csv
S3,1,W00_C4,KDE,1337,2,41875559,KDE|S3|main|1|W00_C4|1337|2,networks/S3/KDE/f1_W00_C4_s1337_d02.csv
S3,1,W00_C4,KDE,1337,3,1970915569,KDE|S3|main|1|W00_C4|1337|3,networks/S3/KDE/f1_W00_C4_s1337_d03.csv
S3,1,W00_C4,KDE,1337,4,3944570194,KDE|S3|main|1|W00_C4|1337|4,networks/S3/KDE/f1_W00_C4_s1337_d04.csv
S3,1,W00_C4,KDE,1337,5,2618977732,KDE|S3|main|1|W00_C4|1337|5,networks/S3/KDE/f1_W00_C4_s1337_d05.csv
S3,1,W00_C4,KDE,1337,6,85146750,KDE|S3|main|1|W00_C4|1337|6,networks/S3/KDE/f1_W00_C4_s1337_d06.csv
S3,1,W00_C4,KDE,1337,7,1913916648,KDE|S3|main|1|W00_C4|1337|7,networks/S3/KDE/f1_W00_C4_s1337_d07.csv
S3,1,W00_C4,KDE,20260903,0,2812859726,KDE|S3|main|1|W00_C4|20260903|0,networks/S3/KDE/f1_W00_C4_s20260903_d00.csv
S3,1,W00_C4,KDE,20260903,1,3501188568,KDE|S3|main|1|W00_C4|20260903|1,networks/S3/KDE/f1_W00_C4_s20260903_d01.csv
S3,1,W00_C4,KDE,20260903,2,1235661922,KDE|S3|main|1|W00_C4|20260903|2,networks/S3/KDE/f1_W00_C4_s20260903_d02.csv
S3,1,W00_C4,KDE,20260903,3,1050772724,KDE|S3|main|1|W00_C4|20260903|3,networks/S3/KDE/f1_W00_C4_s20260903_d03.csv
S3,1,W00_C4,KDE,20260903,4,2697269591,KDE|S3|main|1|W00_C4|20260903|4,networks/S3/KDE/f1_W00_C4_s20260903_d04.csv
S3,1,W00_C4,KDE,20260903,5,3619824065,KDE|S3|main|1|W00_C4|20260903|5,networks/S3/KDE/f1_W00_C4_s20260903_d05.csv
S3,1,W00_C4,KDE,20260903,6,1321955451,KDE|S3|main|1|W00_C4|20260903|6,networks/S3/KDE/f1_W00_C4_s20260903_d06.csv
S3,1,W00_C4,KDE,20260903,7,969687277,KDE|S3|main|1|W00_C4|20260903|7,networks/S3/KDE/f1_W00_C4_s20260903_d07.csv
S3,1,W00_C4,KDE,7,0,785898127,KDE|S3|main|1|W00_C4|7|0,networks/S3/KDE/f1_W00_C4_s7_d00.csv
S3,1,W00_C4,KDE,7,1,1506863641,KDE|S3|main|1|W00_C4|7|1,networks/S3/KDE/f1_W00_C4_s7_d01.csv
S3,1,W00_C4,KDE,7,2,3235494819,KDE|S3|main|1|W00_C4|7|2,networks/S3/KDE/f1_W00_C4_s7_d02.csv
S3,1,W00_C4,KDE,7,3,3084815157,KDE|S3|main|1|W00_C4|7|3,networks/S3/KDE/f1_W00_C4_s7_d03.csv
S3,1,W00_C4,KDE,7,4,700063382,KDE|S3|main|1|W00_C4|7|4,networks/S3/KDE/f1_W00_C4_s7_d04.csv
S3,1,W00_C4,KDE,7,5,1589456384,KDE|S3|main|1|W00_C4|7|5,networks/S3/KDE/f1_W00_C4_s7_d05.csv
S3,1,W00_C4,KDE,7,6,3350495162,KDE|S3|main|1|W00_C4|7|6,networks/S3/KDE/f1_W00_C4_s7_d06.csv
S3,1,W00_C4,KDE,7,7,2964541228,KDE|S3|main|1|W00_C4|7|7,networks/S3/KDE/f1_W00_C4_s7_d07.csv
S3,1,W01_C3,EVAE,1337,0,311991325,EVAE|S3|geobg|1|W01_C3|1337|0,networks/S3/EVAE/f1_W01_C3_s1337_d00.csv
S3,1,W01_C3,EVAE,1337,1,1704963211,EVAE|S3|geobg|1|W01_C3|1337|1,networks/S3/EVAE/f1_W01_C3_s1337_d01.csv
S3,1,W01_C3,EVAE,1337,2,4237753649,EVAE|S3|geobg|1|W01_C3|1337|2,networks/S3/EVAE/f1_W01_C3_s1337_d02.csv
S3,1,W01_C3,EVAE,1337,3,2341588391,EVAE|S3|geobg|1|W01_C3|1337|3,networks/S3/EVAE/f1_W01_C3_s1337_d03.csv
S3,1,W01_C3,EVAE,1337,4,368400388,EVAE|S3|geobg|1|W01_C3|1337|4,networks/S3/EVAE/f1_W01_C3_s1337_d04.csv
S3,1,W01_C3,EVAE,1337,5,1660053650,EVAE|S3|geobg|1|W01_C3|1337|5,networks/S3/EVAE/f1_W01_C3_s1337_d05.csv
S3,1,W01_C3,EVAE,1337,6,4227545384,EVAE|S3|geobg|1|W01_C3|1337|6,networks/S3/EVAE/f1_W01_C3_s1337_d06.csv
S3,1,W01_C3,EVAE,1337,7,2365327806,EVAE|S3|geobg|1|W01_C3|1337|7,networks/S3/EVAE/f1_W01_C3_s1337_d07.csv
S3,1,W01_C3,EVAE,20260903,0,2208817444,EVAE|S3|geobg|1|W01_C3|20260903|0,networks/S3/EVAE/f1_W01_C3_s20260903_d00.csv
S3,1,W01_C3,EVAE,20260903,1,4104180146,EVAE|S3|geobg|1|W01_C3|20260903|1,networks/S3/EVAE/f1_W01_C3_s20260903_d01.csv
S3,1,W01_C3,EVAE,20260903,2,1839824904,EVAE|S3|geobg|1|W01_C3|20260903|2,networks/S3/EVAE/f1_W01_C3_s20260903_d02.csv
S3,1,W01_C3,EVAE,20260903,3,447656094,EVAE|S3|geobg|1|W01_C3|20260903|3,networks/S3/EVAE/f1_W01_C3_s20260903_d03.csv
S3,1,W01_C3,EVAE,20260903,4,2227840317,EVAE|S3|geobg|1|W01_C3|20260903|4,networks/S3/EVAE/f1_W01_C3_s20260903_d04.csv
S3,1,W01_C3,EVAE,20260903,5,4090303915,EVAE|S3|geobg|1|W01_C3|20260903|5,networks/S3/EVAE/f1_W01_C3_s20260903_d05.csv
S3,1,W01_C3,EVAE,20260903,6,1791247377,EVAE|S3|geobg|1|W01_C3|20260903|6,networks/S3/EVAE/f1_W01_C3_s20260903_d06.csv
S3,1,W01_C3,EVAE,20260903,7,499348615,EVAE|S3|geobg|1|W01_C3|20260903|7,networks/S3/EVAE/f1_W01_C3_s20260903_d07.csv
S3,1,W01_C3,EVAE,7,0,1569626783,EVAE|S3|geobg|1|W01_C3|7|0,networks/S3/EVAE/f1_W01_C3_s7_d00.csv
S3,1,W01_C3,EVAE,7,1,713665033,EVAE|S3|geobg|1|W01_C3|7|1,networks/S3/EVAE/f1_W01_C3_s7_d01.csv
S3,1,W01_C3,EVAE,7,2,3011574707,EVAE|S3|geobg|1|W01_C3|7|2,networks/S3/EVAE/f1_W01_C3_s7_d02.csv
S3,1,W01_C3,EVAE,7,3,3297233701,EVAE|S3|geobg|1|W01_C3|7|3,networks/S3/EVAE/f1_W01_C3_s7_d03.csv
S3,1,W01_C3,EVAE,7,4,1524850310,EVAE|S3|geobg|1|W01_C3|7|4,networks/S3/EVAE/f1_W01_C3_s7_d04.csv
S3,1,W01_C3,EVAE,7,5,769945104,EVAE|S3|geobg|1|W01_C3|7|5,networks/S3/EVAE/f1_W01_C3_s7_d05.csv
S3,1,W01_C3,EVAE,7,6,3035447210,EVAE|S3|geobg|1|W01_C3|7|6,networks/S3/EVAE/f1_W01_C3_s7_d06.csv
S3,1,W01_C3,EVAE,7,7,3286896444,EVAE|S3|geobg|1|W01_C3|7|7,networks/S3/EVAE/f1_W01_C3_s7_d07.csv
S3,1,W01_C3,ADFNE,1337,0,3307687069,ADFNE|S3|main|1|W01_C3|1337|0,networks/S3/ADFNE/f1_W01_C3_s1337_d00.csv
S3,1,W01_C3,ADFNE,1337,1,2988473355,ADFNE|S3|main|1|W01_C3|1337|1,networks/S3/ADFNE/f1_W01_C3_s1337_d01.csv
S3,1,W01_C3,ADFNE,1337,2,724118961,ADFNE|S3|main|1|W01_C3|1337|2,networks/S3/ADFNE/f1_W01_C3_s1337_d02.csv
S3,1,W01_C3,ADFNE,1337,3,1546525991,ADFNE|S3|main|1|W01_C3|1337|3,networks/S3/ADFNE/f1_W01_C3_s1337_d03.csv
S3,1,W01_C3,ADFNE,1337,4,3259664516,ADFNE|S3|main|1|W01_C3|1337|4,networks/S3/ADFNE/f1_W01_C3_s1337_d04.csv
S3,1,W01_C3,ADFNE,1337,5,3041769490,ADFNE|S3|main|1|W01_C3|1337|5,networks/S3/ADFNE/f1_W01_C3_s1337_d05.csv
S3,1,W01_C3,ADFNE,1337,6,742713768,ADFNE|S3|main|1|W01_C3|1337|6,networks/S3/ADFNE/f1_W01_C3_s1337_d06.csv
S3,1,W01_C3,ADFNE,1337,7,1531173182,ADFNE|S3|main|1|W01_C3|1337|7,networks/S3/ADFNE/f1_W01_C3_s1337_d07.csv
S3,1,W01_C3,ADFNE,20260903,0,2560464687,ADFNE|S3|main|1|W01_C3|20260903|0,networks/S3/ADFNE/f1_W01_C3_s20260903_d00.csv
S3,1,W01_C3,ADFNE,20260903,1,4019890105,ADFNE|S3|main|1|W01_C3|20260903|1,networks/S3/ADFNE/f1_W01_C3_s20260903_d01.csv
S3,1,W01_C3,ADFNE,20260903,2,1989408259,ADFNE|S3|main|1|W01_C3|20260903|2,networks/S3/ADFNE/f1_W01_C3_s20260903_d02.csv
S3,1,W01_C3,ADFNE,20260903,3,26527381,ADFNE|S3|main|1|W01_C3|20260903|3,networks/S3/ADFNE/f1_W01_C3_s20260903_d03.csv
S3,1,W01_C3,ADFNE,20260903,4,2683327286,ADFNE|S3|main|1|W01_C3|20260903|4,networks/S3/ADFNE/f1_W01_C3_s20260903_d04.csv
S3,1,W01_C3,ADFNE,20260903,5,3908527008,ADFNE|S3|main|1|W01_C3|20260903|5,networks/S3/ADFNE/f1_W01_C3_s20260903_d05.csv
S3,1,W01_C3,ADFNE,20260903,6,1912484378,ADFNE|S3|main|1|W01_C3|20260903|6,networks/S3/ADFNE/f1_W01_C3_s20260903_d06.csv
S3,1,W01_C3,ADFNE,20260903,7,116982412,ADFNE|S3|main|1|W01_C3|20260903|7,networks/S3/ADFNE/f1_W01_C3_s20260903_d07.csv
S3,1,W01_C3,ADFNE,7,0,3894818220,ADFNE|S3|main|1|W01_C3|7|0,networks/S3/ADFNE/f1_W01_C3_s7_d00.csv
S3,1,W01_C3,ADFNE,7,1,2669741370,ADFNE|S3|main|1|W01_C3|7|1,networks/S3/ADFNE/f1_W01_C3_s7_d01.csv
S3,1,W01_C3,ADFNE,7,2,103306368,ADFNE|S3|main|1|W01_C3|7|2,networks/S3/ADFNE/f1_W01_C3_s7_d02.csv
S3,1,W01_C3,ADFNE,7,3,1898931222,ADFNE|S3|main|1|W01_C3|7|3,networks/S3/ADFNE/f1_W01_C3_s7_d03.csv
S3,1,W01_C3,ADFNE,7,4,4014731701,ADFNE|S3|main|1|W01_C3|7|4,networks/S3/ADFNE/f1_W01_C3_s7_d04.csv
S3,1,W01_C3,ADFNE,7,5,2555167011,ADFNE|S3|main|1|W01_C3|7|5,networks/S3/ADFNE/f1_W01_C3_s7_d05.csv
S3,1,W01_C3,ADFNE,7,6,21336217,ADFNE|S3|main|1|W01_C3|7|6,networks/S3/ADFNE/f1_W01_C3_s7_d06.csv
S3,1,W01_C3,ADFNE,7,7,1984077839,ADFNE|S3|main|1|W01_C3|7|7,networks/S3/ADFNE/f1_W01_C3_s7_d07.csv
S3,1,W01_C3,KDE,1337,0,658198418,KDE|S3|main|1|W01_C3|1337|0,networks/S3/KDE/f1_W01_C3_s1337_d00.csv
S3,1,W01_C3,KDE,1337,1,1346141956,KDE|S3|main|1|W01_C3|1337|1,networks/S3/KDE/f1_W01_C3_s1337_d01.csv
S3,1,W01_C3,KDE,1337,2,3375705790,KDE|S3|main|1|W01_C3|1337|2,networks/S3/KDE/f1_W01_C3_s1337_d02.csv
S3,1,W01_C3,KDE,1337,3,3190955560,KDE|S3|main|1|W01_C3|1337|3,networks/S3/KDE/f1_W01_C3_s1337_d03.csv
S3,1,W01_C3,KDE,1337,4,542542731,KDE|S3|main|1|W01_C3|1337|4,networks/S3/KDE/f1_W01_C3_s1337_d04.csv
S3,1,W01_C3,KDE,1337,5,1464974109,KDE|S3|main|1|W01_C3|1337|5,networks/S3/KDE/f1_W01_C3_s1337_d05.csv
S3,1,W01_C3,KDE,1337,6,3461933735,KDE|S3|main|1|W01_C3|1337|6,networks/S3/KDE/f1_W01_C3_s1337_d06.csv
S3,1,W01_C3,KDE,1337,7,3110066737,KDE|S3|main|1|W01_C3|1337|7,networks/S3/KDE/f1_W01_C3_s1337_d07.csv
S3,1,W01_C3,KDE,20260903,0,1791747881,KDE|S3|main|1|W01_C3|20260903|0,networks/S3/KDE/f1_W01_C3_s20260903_d00.csv
S3,1,W01_C3,KDE,20260903,1,499963839,KDE|S3|main|1|W01_C3|20260903|1,networks/S3/KDE/f1_W01_C3_s20260903_d01.csv
S3,1,W01_C3,KDE,20260903,2,2227537413,KDE|S3|main|1|W01_C3|20260903|2,networks/S3/KDE/f1_W01_C3_s20260903_d02.csv
S3,1,W01_C3,KDE,20260903,3,4089624211,KDE|S3|main|1|W01_C3|20260903|3,networks/S3/KDE/f1_W01_C3_s20260903_d03.csv
S3,1,W01_C3,KDE,20260903,4,1839604528,KDE|S3|main|1|W01_C3|20260903|4,networks/S3/KDE/f1_W01_C3_s20260903_d04.csv
S3,1,W01_C3,KDE,20260903,5,446763942,KDE|S3|main|1|W01_C3|20260903|5,networks/S3/KDE/f1_W01_C3_s20260903_d05.csv
S3,1,W01_C3,KDE,20260903,6,2208842268,KDE|S3|main|1|W01_C3|20260903|6,networks/S3/KDE/f1_W01_C3_s20260903_d06.csv
S3,1,W01_C3,KDE,20260903,7,4105138826,KDE|S3|main|1|W01_C3|20260903|7,networks/S3/KDE/f1_W01_C3_s20260903_d07.csv
S3,1,W01_C3,KDE,7,0,1348273665,KDE|S3|main|1|W01_C3|7|0,networks/S3/KDE/f1_W01_C3_s7_d00.csv
S3,1,W01_C3,KDE,7,1,660223639,KDE|S3|main|1|W01_C3|7|1,networks/S3/KDE/f1_W01_C3_s7_d01.csv
S3,1,W01_C3,KDE,7,2,3193136941,KDE|S3|main|1|W01_C3|7|2,networks/S3/KDE/f1_W01_C3_s7_d02.csv
S3,1,W01_C3,KDE,7,3,3377747899,KDE|S3|main|1|W01_C3|7|3,networks/S3/KDE/f1_W01_C3_s7_d03.csv
S3,1,W01_C3,KDE,7,4,1462813208,KDE|S3|main|1|W01_C3|7|4,networks/S3/KDE/f1_W01_C3_s7_d04.csv
S3,1,W01_C3,KDE,7,5,540537486,KDE|S3|main|1|W01_C3|7|5,networks/S3/KDE/f1_W01_C3_s7_d05.csv
S3,1,W01_C3,KDE,7,6,3107889972,KDE|S3|main|1|W01_C3|7|6,networks/S3/KDE/f1_W01_C3_s7_d06.csv
S3,1,W01_C3,KDE,7,7,3459879842,KDE|S3|main|1|W01_C3|7|7,networks/S3/KDE/f1_W01_C3_s7_d07.csv
S3,1,W01_C4,EVAE,1337,0,408786180,EVAE|S3|geobg|1|W01_C4|1337|0,networks/S3/EVAE/f1_W01_C4_s1337_d00.csv
S3,1,W01_C4,EVAE,1337,1,1868211602,EVAE|S3|geobg|1|W01_C4|1337|1,networks/S3/EVAE/f1_W01_C4_s1337_d01.csv
S3,1,W01_C4,EVAE,1337,2,4132697128,EVAE|S3|geobg|1|W01_C4|1337|2,networks/S3/EVAE/f1_W01_C4_s1337_d02.csv
S3,1,W01_C4,EVAE,1337,3,2169816254,EVAE|S3|geobg|1|W01_C4|1337|3,networks/S3/EVAE/f1_W01_C4_s1337_d03.csv
S3,1,W01_C4,EVAE,1337,4,523260189,EVAE|S3|geobg|1|W01_C4|1337|4,networks/S3/EVAE/f1_W01_C4_s1337_d04.csv
S3,1,W01_C4,EVAE,1337,5,1748459915,EVAE|S3|geobg|1|W01_C4|1337|5,networks/S3/EVAE/f1_W01_C4_s1337_d05.csv
S3,1,W01_C4,EVAE,1337,6,4047384625,EVAE|S3|geobg|1|W01_C4|1337|6,networks/S3/EVAE/f1_W01_C4_s1337_d06.csv
S3,1,W01_C4,EVAE,1337,7,2251882663,EVAE|S3|geobg|1|W01_C4|1337|7,networks/S3/EVAE/f1_W01_C4_s1337_d07.csv
S3,1,W01_C4,EVAE,20260903,0,4148103339,EVAE|S3|geobg|1|W01_C4|20260903|0,networks/S3/EVAE/f1_W01_C4_s20260903_d00.csv
S3,1,W01_C4,EVAE,20260903,1,2151168061,EVAE|S3|geobg|1|W01_C4|20260903|1,networks/S3/EVAE/f1_W01_C4_s20260903_d01.csv
S3,1,W01_C4,EVAE,20260903,2,422668679,EVAE|S3|geobg|1|W01_C4|20260903|2,networks/S3/EVAE/f1_W01_C4_s20260903_d02.csv
S3,1,W01_C4,EVAE,20260903,3,1849055505,EVAE|S3|geobg|1|W01_C4|20260903|3,networks/S3/EVAE/f1_W01_C4_s20260903_d03.csv
S3,1,W01_C4,EVAE,20260903,4,4031958194,EVAE|S3|geobg|1|W01_C4|20260903|4,networks/S3/EVAE/f1_W01_C4_s20260903_d04.csv
S3,1,W01_C4,EVAE,20260903,5,2270559268,EVAE|S3|geobg|1|W01_C4|20260903|5,networks/S3/EVAE/f1_W01_C4_s20260903_d05.csv
S3,1,W01_C4,EVAE,20260903,6,509390238,EVAE|S3|geobg|1|W01_C4|20260903|6,networks/S3/EVAE/f1_W01_C4_s20260903_d06.csv
S3,1,W01_C4,EVAE,20260903,7,1767611656,EVAE|S3|geobg|1|W01_C4|20260903|7,networks/S3/EVAE/f1_W01_C4_s20260903_d07.csv
S3,1,W01_C4,EVAE,7,0,4021175951,EVAE|S3|geobg|1|W01_C4|7|0,networks/S3/EVAE/f1_W01_C4_s7_d00.csv
S3,1,W01_C4,EVAE,7,1,2561242649,EVAE|S3|geobg|1|W01_C4|7|1,networks/S3/EVAE/f1_W01_C4_s7_d01.csv
S3,1,W01_C4,EVAE,7,2,27273123,EVAE|S3|geobg|1|W01_C4|7|2,networks/S3/EVAE/f1_W01_C4_s7_d02.csv
S3,1,W01_C4,EVAE,7,3,1990661941,EVAE|S3|geobg|1|W01_C4|7|3,networks/S3/EVAE/f1_W01_C4_s7_d03.csv
S3,1,W01_C4,EVAE,7,4,3905127062,EVAE|S3|geobg|1|W01_C4|7|4,networks/S3/EVAE/f1_W01_C4_s7_d04.csv
S3,1,W01_C4,EVAE,7,5,2680467968,EVAE|S3|geobg|1|W01_C4|7|5,networks/S3/EVAE/f1_W01_C4_s7_d05.csv
S3,1,W01_C4,EVAE,7,6,114156474,EVAE|S3|geobg|1|W01_C4|7|6,networks/S3/EVAE/f1_W01_C4_s7_d06.csv
S3,1,W01_C4,EVAE,7,7,1909117740,EVAE|S3|geobg|1|W01_C4|7|7,networks/S3/EVAE/f1_W01_C4_s7_d07.csv
S3,1,W01_C4,ADFNE,1337,0,3487712644,ADFNE|S3|main|1|W01_C4|1337|0,networks/S3/ADFNE/f1_W01_C4_s1337_d00.csv
S3,1,W01_C4,ADFNE,1337,1,3102045458,ADFNE|S3|main|1|W01_C4|1337|1,networks/S3/ADFNE/f1_W01_C4_s1337_d01.csv
S3,1,W01_C4,ADFNE,1337,2,569124008,ADFNE|S3|main|1|W01_C4|1337|2,networks/S3/ADFNE/f1_W01_C4_s1337_d02.csv
S3,1,W01_C4,ADFNE,1337,3,1458246718,ADFNE|S3|main|1|W01_C4|1337|3,networks/S3/ADFNE/f1_W01_C4_s1337_d03.csv
S3,1,W01_C4,ADFNE,1337,4,3364848029,ADFNE|S3|main|1|W01_C4|1337|4,networks/S3/ADFNE/f1_W01_C4_s1337_d04.csv
S3,1,W01_C4,ADFNE,1337,5,3213406475,ADFNE|S3|main|1|W01_C4|1337|5,networks/S3/ADFNE/f1_W01_C4_s1337_d05.csv
S3,1,W01_C4,ADFNE,1337,6,646045873,ADFNE|S3|main|1|W01_C4|1337|6,networks/S3/ADFNE/f1_W01_C4_s1337_d06.csv
S3,1,W01_C4,ADFNE,1337,7,1367789607,ADFNE|S3|main|1|W01_C4|1337|7,networks/S3/ADFNE/f1_W01_C4_s1337_d07.csv
S3,1,W01_C4,ADFNE,20260903,0,3959783072,ADFNE|S3|main|1|W01_C4|20260903|0,networks/S3/ADFNE/f1_W01_C4_s20260903_d00.csv
S3,1,W01_C4,ADFNE,20260903,1,2600619574,ADFNE|S3|main|1|W01_C4|20260903|1,networks/S3/ADFNE/f1_W01_C4_s20260903_d01.csv
S3,1,W01_C4,ADFNE,20260903,2,34283404,ADFNE|S3|main|1|W01_C4|20260903|2,networks/S3/ADFNE/f1_W01_C4_s20260903_d02.csv
S3,1,W01_C4,ADFNE,20260903,3,1963732762,ADFNE|S3|main|1|W01_C4|20260903|3,networks/S3/ADFNE/f1_W01_C4_s20260903_d03.csv
S3,1,W01_C4,ADFNE,20260903,4,3949509305,ADFNE|S3|main|1|W01_C4|20260903|4,networks/S3/ADFNE/f1_W01_C4_s20260903_d04.csv
S3,1,W01_C4,ADFNE,20260903,5,2624555567,ADFNE|S3|main|1|W01_C4|20260903|5,networks/S3/ADFNE/f1_W01_C4_s20260903_d05.csv
S3,1,W01_C4,ADFNE,20260903,6,90626965,ADFNE|S3|main|1|W01_C4|20260903|6,networks/S3/ADFNE/f1_W01_C4_s20260903_d06.csv
S3,1,W01_C4,ADFNE,20260903,7,1919019779,ADFNE|S3|main|1|W01_C4|20260903|7,networks/S3/ADFNE/f1_W01_C4_s20260903_d07.csv
S3,1,W01_C4,ADFNE,7,0,1510402492,ADFNE|S3|main|1|W01_C4|7|0,networks/S3/ADFNE/f1_W01_C4_s7_d00.csv
S3,1,W01_C4,ADFNE,7,1,755095850,ADFNE|S3|main|1|W01_C4|7|1,networks/S3/ADFNE/f1_W01_C4_s7_d01.csv
S3,1,W01_C4,ADFNE,7,2,3020458128,ADFNE|S3|main|1|W01_C4|7|2,networks/S3/ADFNE/f1_W01_C4_s7_d02.csv
S3,1,W01_C4,ADFNE,7,3,3272587270,ADFNE|S3|main|1|W01_C4|7|3,networks/S3/ADFNE/f1_W01_C4_s7_d03.csv
S3,1,W01_C4,ADFNE,7,4,1567305125,ADFNE|S3|main|1|W01_C4|7|4,networks/S3/ADFNE/f1_W01_C4_s7_d04.csv
S3,1,W01_C4,ADFNE,7,5,711728435,ADFNE|S3|main|1|W01_C4|7|5,networks/S3/ADFNE/f1_W01_C4_s7_d05.csv
S3,1,W01_C4,ADFNE,7,6,3009760393,ADFNE|S3|main|1|W01_C4|7|6,networks/S3/ADFNE/f1_W01_C4_s7_d06.csv
S3,1,W01_C4,ADFNE,7,7,3294788639,ADFNE|S3|main|1|W01_C4|7|7,networks/S3/ADFNE/f1_W01_C4_s7_d07.csv
S3,1,W01_C4,KDE,1337,0,771638923,KDE|S3|main|1|W01_C4|1337|0,networks/S3/KDE/f1_W01_C4_s1337_d00.csv
S3,1,W01_C4,KDE,1337,1,1526298141,KDE|S3|main|1|W01_C4|1337|1,networks/S3/KDE/f1_W01_C4_s1337_d01.csv
S3,1,W01_C4,KDE,1337,2,3287295911,KDE|S3|main|1|W01_C4|1337|2,networks/S3/KDE/f1_W01_C4_s1337_d02.csv
S3,1,W01_C4,KDE,1337,3,3036092209,KDE|S3|main|1|W01_C4|1337|3,networks/S3/KDE/f1_W01_C4_s1337_d03.csv
S3,1,W01_C4,KDE,1337,4,714310290,KDE|S3|main|1|W01_C4|1337|4,networks/S3/KDE/f1_W01_C4_s1337_d04.csv
S3,1,W01_C4,KDE,1337,5,1570025988,KDE|S3|main|1|W01_C4|1337|5,networks/S3/KDE/f1_W01_C4_s1337_d05.csv
S3,1,W01_C4,KDE,1337,6,3298681790,KDE|S3|main|1|W01_C4|1337|6,networks/S3/KDE/f1_W01_C4_s1337_d06.csv
S3,1,W01_C4,KDE,1337,7,3013268264,KDE|S3|main|1|W01_C4|1337|7,networks/S3/KDE/f1_W01_C4_s1337_d07.csv
S3,1,W01_C4,KDE,20260903,0,508759718,KDE|S3|main|1|W01_C4|20260903|0,networks/S3/KDE/f1_W01_C4_s20260903_d00.csv
S3,1,W01_C4,KDE,20260903,1,1767128624,KDE|S3|main|1|W01_C4|20260903|1,networks/S3/KDE/f1_W01_C4_s20260903_d01.csv
S3,1,W01_C4,KDE,20260903,2,4032655242,KDE|S3|main|1|W01_C4|20260903|2,networks/S3/KDE/f1_W01_C4_s20260903_d02.csv
S3,1,W01_C4,KDE,20260903,3,2270846748,KDE|S3|main|1|W01_C4|20260903|3,networks/S3/KDE/f1_W01_C4_s20260903_d03.csv
S3,1,W01_C4,KDE,20260903,4,423545535,KDE|S3|main|1|W01_C4|20260903|4,networks/S3/KDE/f1_W01_C4_s20260903_d04.csv
S3,1,W01_C4,KDE,20260903,5,1849293353,KDE|S3|main|1|W01_C4|20260903|5,networks/S3/KDE/f1_W01_C4_s20260903_d05.csv
S3,1,W01_C4,KDE,20260903,6,4147162003,KDE|S3|main|1|W01_C4|20260903|6,networks/S3/KDE/f1_W01_C4_s20260903_d06.csv
S3,1,W01_C4,KDE,20260903,7,2151127813,KDE|S3|main|1|W01_C4|20260903|7,networks/S3/KDE/f1_W01_C4_s20260903_d07.csv
S3,1,W01_C4,KDE,7,0,3799898641,KDE|S3|main|1|W01_C4|7|0,networks/S3/KDE/f1_W01_C4_s7_d00.csv
S3,1,W01_C4,KDE,7,1,2507860615,KDE|S3|main|1|W01_C4|7|1,networks/S3/KDE/f1_W01_C4_s7_d01.csv
S3,1,W01_C4,KDE,7,2,208911165,KDE|S3|main|1|W01_C4|7|2,networks/S3/KDE/f1_W01_C4_s7_d02.csv
S3,1,W01_C4,KDE,7,3,2071235499,KDE|S3|main|1|W01_C4|7|3,networks/S3/KDE/f1_W01_C4_s7_d03.csv
S3,1,W01_C4,KDE,7,4,3843038728,KDE|S3|main|1|W01_C4|7|4,networks/S3/KDE/f1_W01_C4_s7_d04.csv
S3,1,W01_C4,KDE,7,5,2450992798,KDE|S3|main|1|W01_C4|7|5,networks/S3/KDE/f1_W01_C4_s7_d05.csv
S3,1,W01_C4,KDE,7,6,186548004,KDE|S3|main|1|W01_C4|7|6,networks/S3/KDE/f1_W01_C4_s7_d06.csv
S3,1,W01_C4,KDE,7,7,2082033586,KDE|S3|main|1|W01_C4|7|7,networks/S3/KDE/f1_W01_C4_s7_d07.csv
S3,1,W02_C3,EVAE,1337,0,2340092444,EVAE|S3|geobg|1|W02_C3|1337|0,networks/S3/EVAE/f1_W02_C3_s1337_d00.csv
S3,1,W02_C3,EVAE,1337,1,4236102282,EVAE|S3|geobg|1|W02_C3|1337|1,networks/S3/EVAE/f1_W02_C3_s1337_d01.csv
S3,1,W02_C3,EVAE,1337,2,1702140720,EVAE|S3|geobg|1|W02_C3|1337|2,networks/S3/EVAE/f1_W02_C3_s1337_d02.csv
S3,1,W02_C3,EVAE,1337,3,309570470,EVAE|S3|geobg|1|W02_C3|1337|3,networks/S3/EVAE/f1_W02_C3_s1337_d03.csv
S3,1,W02_C3,EVAE,1337,4,2350333445,EVAE|S3|geobg|1|W02_C3|1337|4,networks/S3/EVAE/f1_W02_C3_s1337_d04.csv
S3,1,W02_C3,EVAE,1337,5,4212133523,EVAE|S3|geobg|1|W02_C3|1337|5,networks/S3/EVAE/f1_W02_C3_s1337_d05.csv
S3,1,W02_C3,EVAE,1337,6,1645829929,EVAE|S3|geobg|1|W02_C3|1337|6,networks/S3/EVAE/f1_W02_C3_s1337_d06.csv
S3,1,W02_C3,EVAE,1337,7,354316223,EVAE|S3|geobg|1|W02_C3|1337|7,networks/S3/EVAE/f1_W02_C3_s1337_d07.csv
S3,1,W02_C3,EVAE,20260903,0,2463796061,EVAE|S3|geobg|1|W02_C3|20260903|0,networks/S3/EVAE/f1_W02_C3_s20260903_d00.csv
S3,1,W02_C3,EVAE,20260903,1,3856513995,EVAE|S3|geobg|1|W02_C3|20260903|1,networks/S3/EVAE/f1_W02_C3_s20260903_d01.csv
S3,1,W02_C3,EVAE,20260903,2,2094328433,EVAE|S3|geobg|1|W02_C3|20260903|2,networks/S3/EVAE/f1_W02_C3_s20260903_d02.csv
S3,1,W02_C3,EVAE,20260903,3,198433511,EVAE|S3|geobg|1|W02_C3|20260903|3,networks/S3/EVAE/f1_W02_C3_s20260903_d03.csv
S3,1,W02_C3,EVAE,20260903,4,2511818564,EVAE|S3|geobg|1|W02_C3|20260903|4,networks/S3/EVAE/f1_W02_C3_s20260903_d04.csv
S3,1,W02_C3,EVAE,20260903,5,3803217874,EVAE|S3|geobg|1|W02_C3|20260903|5,networks/S3/EVAE/f1_W02_C3_s20260903_d05.csv
S3,1,W02_C3,EVAE,20260903,6,2075733608,EVAE|S3|geobg|1|W02_C3|20260903|6,networks/S3/EVAE/f1_W02_C3_s20260903_d06.csv
S3,1,W02_C3,EVAE,20260903,7,213786366,EVAE|S3|geobg|1|W02_C3|20260903|7,networks/S3/EVAE/f1_W02_C3_s20260903_d07.csv
S3,1,W02_C3,EVAE,7,0,3540098428,EVAE|S3|geobg|1|W02_C3|7|0,networks/S3/EVAE/f1_W02_C3_s7_d00.csv
S3,1,W02_C3,EVAE,7,1,2751901162,EVAE|S3|geobg|1|W02_C3|7|1,networks/S3/EVAE/f1_W02_C3_s7_d01.csv
S3,1,W02_C3,EVAE,7,2,1024457808,EVAE|S3|geobg|1|W02_C3|7|2,networks/S3/EVAE/f1_W02_C3_s7_d02.csv
S3,1,W02_C3,EVAE,7,3,1242090694,EVAE|S3|geobg|1|W02_C3|7|3,networks/S3/EVAE/f1_W02_C3_s7_d03.csv
S3,1,W02_C3,EVAE,7,4,3563870565,EVAE|S3|geobg|1|W02_C3|7|4,networks/S3/EVAE/f1_W02_C3_s7_d04.csv
S3,1,W02_C3,EVAE,7,5,2741725683,EVAE|S3|geobg|1|W02_C3|7|5,networks/S3/EVAE/f1_W02_C3_s7_d05.csv
S3,1,W02_C3,EVAE,7,6,979515465,EVAE|S3|geobg|1|W02_C3|7|6,networks/S3/EVAE/f1_W02_C3_s7_d06.csv
S3,1,W02_C3,EVAE,7,7,1298467039,EVAE|S3|geobg|1|W02_C3|7|7,networks/S3/EVAE/f1_W02_C3_s7_d07.csv
S3,1,W02_C3,ADFNE,1337,0,1556425372,ADFNE|S3|main|1|W02_C3|1337|0,networks/S3/ADFNE/f1_W02_C3_s1337_d00.csv
S3,1,W02_C3,ADFNE,1337,1,734140938,ADFNE|S3|main|1|W02_C3|1337|1,networks/S3/ADFNE/f1_W02_C3_s1337_d01.csv
S3,1,W02_C3,ADFNE,1337,2,2999667632,ADFNE|S3|main|1|W02_C3|1337|2,networks/S3/ADFNE/f1_W02_C3_s1337_d02.csv
S3,1,W02_C3,ADFNE,1337,3,3318512422,ADFNE|S3|main|1|W02_C3|1337|3,networks/S3/ADFNE/f1_W02_C3_s1337_d03.csv
S3,1,W02_C3,ADFNE,1337,4,1537797765,ADFNE|S3|main|1|W02_C3|1337|4,networks/S3/ADFNE/f1_W02_C3_s1337_d04.csv
S3,1,W02_C3,ADFNE,1337,5,749723155,ADFNE|S3|main|1|W02_C3|1337|5,networks/S3/ADFNE/f1_W02_C3_s1337_d05.csv
S3,1,W02_C3,ADFNE,1337,6,3047591849,ADFNE|S3|main|1|W02_C3|1337|6,networks/S3/ADFNE/f1_W02_C3_s1337_d06.csv
S3,1,W02_C3,ADFNE,1337,7,3265380159,ADFNE|S3|main|1|W02_C3|1337|7,networks/S3/ADFNE/f1_W02_C3_s1337_d07.csv
S3,1,W02_C3,ADFNE,20260903,0,2313223510,ADFNE|S3|main|1|W02_C3|20260903|0,networks/S3/ADFNE/f1_W02_C3_s20260903_d00.csv
S3,1,W02_C3,ADFNE,20260903,1,4276604352,ADFNE|S3|main|1|W02_C3|20260903|1,networks/S3/ADFNE/f1_W02_C3_s20260903_d01.csv
S3,1,W02_C3,ADFNE,20260903,2,1743690874,ADFNE|S3|main|1|W02_C3|20260903|2,networks/S3/ADFNE/f1_W02_C3_s20260903_d02.csv
S3,1,W02_C3,ADFNE,20260903,3,283749612,ADFNE|S3|main|1|W02_C3|20260903|3,networks/S3/ADFNE/f1_W02_C3_s20260903_d03.csv
S3,1,W02_C3,ADFNE,20260903,4,2391619919,ADFNE|S3|main|1|W02_C3|20260903|4,networks/S3/ADFNE/f1_W02_C3_s20260903_d04.csv
S3,1,W02_C3,ADFNE,20260903,5,4186573273,ADFNE|S3|main|1|W02_C3|20260903|5,networks/S3/ADFNE/f1_W02_C3_s20260903_d05.csv
S3,1,W02_C3,ADFNE,20260903,6,1619220579,ADFNE|S3|main|1|W02_C3|20260903|6,networks/S3/ADFNE/f1_W02_C3_s20260903_d06.csv
S3,1,W02_C3,ADFNE,20260903,7,394553589,ADFNE|S3|main|1|W02_C3|20260903|7,networks/S3/ADFNE/f1_W02_C3_s20260903_d07.csv
S3,1,W02_C3,ADFNE,7,0,1722364495,ADFNE|S3|main|1|W02_C3|7|0,networks/S3/ADFNE/f1_W02_C3_s7_d00.csv
S3,1,W02_C3,ADFNE,7,1,296616665,ADFNE|S3|main|1|W02_C3|7|1,networks/S3/ADFNE/f1_W02_C3_s7_d01.csv
S3,1,W02_C3,ADFNE,7,2,2292667235,ADFNE|S3|main|1|W02_C3|7|2,networks/S3/ADFNE/f1_W02_C3_s7_d02.csv
S3,1,W02_C3,ADFNE,7,3,4288701429,ADFNE|S3|main|1|W02_C3|7|3,networks/S3/ADFNE/f1_W02_C3_s7_d03.csv
S3,1,W02_C3,ADFNE,7,4,1640298070,ADFNE|S3|main|1|W02_C3|7|4,networks/S3/ADFNE/f1_W02_C3_s7_d04.csv
S3,1,W02_C3,ADFNE,7,5,381929152,ADFNE|S3|main|1|W02_C3|7|5,networks/S3/ADFNE/f1_W02_C3_s7_d05.csv
S3,1,W02_C3,ADFNE,7,6,2412418938,ADFNE|S3|main|1|W02_C3|7|6,networks/S3/ADFNE/f1_W02_C3_s7_d06.csv
S3,1,W02_C3,ADFNE,7,7,4174227436,ADFNE|S3|main|1|W02_C3|7|7,networks/S3/ADFNE/f1_W02_C3_s7_d07.csv
S3,1,W02_C3,KDE,1337,0,3201902995,KDE|S3|main|1|W02_C3|1337|0,networks/S3/KDE/f1_W02_C3_s1337_d00.csv
S3,1,W02_C3,KDE,1337,1,3386775813,KDE|S3|main|1|W02_C3|1337|1,networks/S3/KDE/f1_W02_C3_s1337_d01.csv
S3,1,W02_C3,KDE,1337,2,1356286143,KDE|S3|main|1|W02_C3|1337|2,networks/S3/KDE/f1_W02_C3_s1337_d02.csv
S3,1,W02_C3,KDE,1337,3,667973673,KDE|S3|main|1|W02_C3|1337|3,networks/S3/KDE/f1_W02_C3_s1337_d03.csv
S3,1,W02_C3,KDE,1337,4,3115642250,KDE|S3|main|1|W02_C3|1337|4,networks/S3/KDE/f1_W02_C3_s1337_d04.csv
S3,1,W02_C3,KDE,1337,5,3467894044,KDE|S3|main|1|W02_C3|1337|5,networks/S3/KDE/f1_W02_C3_s1337_d05.csv
S3,1,W02_C3,KDE,1337,6,1471843494,KDE|S3|main|1|W02_C3|1337|6,networks/S3/KDE/f1_W02_C3_s1337_d06.csv
S3,1,W02_C3,KDE,1337,7,549305392,KDE|S3|main|1|W02_C3|1337|7,networks/S3/KDE/f1_W02_C3_s1337_d07.csv
S3,1,W02_C3,KDE,20260903,0,2075561296,KDE|S3|main|1|W02_C3|20260903|0,networks/S3/KDE/f1_W02_C3_s20260903_d00.csv
S3,1,W02_C3,KDE,20260903,1,212975046,KDE|S3|main|1|W02_C3|20260903|1,networks/S3/KDE/f1_W02_C3_s20260903_d01.csv
S3,1,W02_C3,KDE,20260903,2,2511924348,KDE|S3|main|1|W02_C3|20260903|2,networks/S3/KDE/f1_W02_C3_s20260903_d02.csv
S3,1,W02_C3,KDE,20260903,3,3804224746,KDE|S3|main|1|W02_C3|20260903|3,networks/S3/KDE/f1_W02_C3_s20260903_d03.csv
S3,1,W02_C3,KDE,20260903,4,2094745929,KDE|S3|main|1|W02_C3|20260903|4,networks/S3/KDE/f1_W02_C3_s20260903_d04.csv
S3,1,W02_C3,KDE,20260903,5,198998495,KDE|S3|main|1|W02_C3|20260903|5,networks/S3/KDE/f1_W02_C3_s20260903_d05.csv
S3,1,W02_C3,KDE,20260903,6,2463443045,KDE|S3|main|1|W02_C3|20260903|6,networks/S3/KDE/f1_W02_C3_s20260903_d06.csv
S3,1,W02_C3,KDE,20260903,7,3855751411,KDE|S3|main|1|W02_C3|20260903|7,networks/S3/KDE/f1_W02_C3_s20260903_d07.csv
S3,1,W02_C3,KDE,7,0,3738304994,KDE|S3|main|1|W02_C3|7|0,networks/S3/KDE/f1_W02_C3_s7_d00.csv
S3,1,W02_C3,KDE,7,1,2849321332,KDE|S3|main|1|W02_C3|7|1,networks/S3/KDE/f1_W02_C3_s7_d01.csv
S3,1,W02_C3,KDE,7,2,819749070,KDE|S3|main|1|W02_C3|7|2,networks/S3/KDE/f1_W02_C3_s7_d02.csv
S3,1,W02_C3,KDE,7,3,1205555288,KDE|S3|main|1|W02_C3|7|3,networks/S3/KDE/f1_W02_C3_s7_d03.csv
S3,1,W02_C3,KDE,7,4,3653223931,KDE|S3|main|1|W02_C3|7|4,networks/S3/KDE/f1_W02_C3_s7_d04.csv
S3,1,W02_C3,KDE,7,5,2931357037,KDE|S3|main|1|W02_C3|7|5,networks/S3/KDE/f1_W02_C3_s7_d05.csv
S3,1,W02_C3,KDE,7,6,934388951,KDE|S3|main|1|W02_C3|7|6,networks/S3/KDE/f1_W02_C3_s7_d06.csv
S3,1,W02_C3,KDE,7,7,1085707329,KDE|S3|main|1|W02_C3|7|7,networks/S3/KDE/f1_W02_C3_s7_d07.csv
S3,1,W02_C4,EVAE,1337,0,2176840453,EVAE|S3|geobg|1|W02_C4|1337|0,networks/S3/EVAE/f1_W02_C4_s1337_d00.csv
S3,1,W02_C4,EVAE,1337,1,4139303827,EVAE|S3|geobg|1|W02_C4|1337|1,networks/S3/EVAE/f1_W02_C4_s1337_d01.csv
S3,1,W02_C4,EVAE,1337,2,1873908265,EVAE|S3|geobg|1|W02_C4|1337|2,networks/S3/EVAE/f1_W02_C4_s1337_d02.csv
S3,1,W02_C4,EVAE,1337,3,414622399,EVAE|S3|geobg|1|W02_C4|1337|3,networks/S3/EVAE/f1_W02_C4_s1337_d03.csv
S3,1,W02_C4,EVAE,1337,4,2261923612,EVAE|S3|geobg|1|W02_C4|1337|4,networks/S3/EVAE/f1_W02_C4_s1337_d04.csv
S3,1,W02_C4,EVAE,1337,5,4057270154,EVAE|S3|geobg|1|W02_C4|1337|5,networks/S3/EVAE/f1_W02_C4_s1337_d05.csv
S3,1,W02_C4,EVAE,1337,6,1759270448,EVAE|S3|geobg|1|W02_C4|1337|6,networks/S3/EVAE/f1_W02_C4_s1337_d06.csv
S3,1,W02_C4,EVAE,1337,7,534472358,EVAE|S3|geobg|1|W02_C4|1337|7,networks/S3/EVAE/f1_W02_C4_s1337_d07.csv
S3,1,W02_C4,EVAE,20260903,0,3863110354,EVAE|S3|geobg|1|W02_C4|20260903|0,networks/S3/EVAE/f1_W02_C4_s20260903_d00.csv
S3,1,W02_C4,EVAE,20260903,1,2437239364,EVAE|S3|geobg|1|W02_C4|20260903|1,networks/S3/EVAE/f1_W02_C4_s20260903_d01.csv
S3,1,W02_C4,EVAE,20260903,2,139199486,EVAE|S3|geobg|1|W02_C4|20260903|2,networks/S3/EVAE/f1_W02_C4_s20260903_d02.csv
S3,1,W02_C4,EVAE,20260903,3,2135634792,EVAE|S3|geobg|1|W02_C4|20260903|3,networks/S3/EVAE/f1_W02_C4_s20260903_d03.csv
S3,1,W02_C4,EVAE,20260903,4,3777996491,EVAE|S3|geobg|1|W02_C4|20260903|4,networks/S3/EVAE/f1_W02_C4_s20260903_d04.csv
S3,1,W02_C4,EVAE,20260903,5,2519242333,EVAE|S3|geobg|1|W02_C4|20260903|5,networks/S3/EVAE/f1_W02_C4_s20260903_d05.csv
S3,1,W02_C4,EVAE,20260903,6,253872103,EVAE|S3|geobg|1|W02_C4|20260903|6,networks/S3/EVAE/f1_W02_C4_s20260903_d06.csv
S3,1,W02_C4,EVAE,20260903,7,2015819633,EVAE|S3|geobg|1|W02_C4|20260903|7,networks/S3/EVAE/f1_W02_C4_s20260903_d07.csv
S3,1,W02_C4,EVAE,7,0,1629569388,EVAE|S3|geobg|1|W02_C4|7|0,networks/S3/EVAE/f1_W02_C4_s7_d00.csv
S3,1,W02_C4,EVAE,7,1,371618298,EVAE|S3|geobg|1|W02_C4|7|1,networks/S3/EVAE/f1_W02_C4_s7_d01.csv
S3,1,W02_C4,EVAE,7,2,2402230336,EVAE|S3|geobg|1|W02_C4|7|2,networks/S3/EVAE/f1_W02_C4_s7_d02.csv
S3,1,W02_C4,EVAE,7,3,4163375318,EVAE|S3|geobg|1|W02_C4|7|3,networks/S3/EVAE/f1_W02_C4_s7_d03.csv
S3,1,W02_C4,EVAE,7,4,1716290933,EVAE|S3|geobg|1|W02_C4|7|4,networks/S3/EVAE/f1_W02_C4_s7_d04.csv
S3,1,W02_C4,EVAE,7,5,290174435,EVAE|S3|geobg|1|W02_C4|7|5,networks/S3/EVAE/f1_W02_C4_s7_d05.csv
S3,1,W02_C4,EVAE,7,6,2286085209,EVAE|S3|geobg|1|W02_C4|7|6,networks/S3/EVAE/f1_W02_C4_s7_d06.csv
S3,1,W02_C4,EVAE,7,7,4282766543,EVAE|S3|geobg|1|W02_C4|7|7,networks/S3/EVAE/f1_W02_C4_s7_d07.csv
S3,1,W02_C4,ADFNE,1337,0,1442849669,ADFNE|S3|main|1|W02_C4|1337|0,networks/S3/ADFNE/f1_W02_C4_s1337_d00.csv
S3,1,W02_C4,ADFNE,1337,1,554111763,ADFNE|S3|main|1|W02_C4|1337|1,networks/S3/ADFNE/f1_W02_C4_s1337_d01.csv
S3,1,W02_C4,ADFNE,1337,2,3087942313,ADFNE|S3|main|1|W02_C4|1337|2,networks/S3/ADFNE/f1_W02_C4_s1337_d02.csv
S3,1,W02_C4,ADFNE,1337,3,3473502783,ADFNE|S3|main|1|W02_C4|1337|3,networks/S3/ADFNE/f1_W02_C4_s1337_d03.csv
S3,1,W02_C4,ADFNE,1337,4,1366157212,ADFNE|S3|main|1|W02_C4|1337|4,networks/S3/ADFNE/f1_W02_C4_s1337_d04.csv
S3,1,W02_C4,ADFNE,1337,5,644536074,ADFNE|S3|main|1|W02_C4|1337|5,networks/S3/ADFNE/f1_W02_C4_s1337_d05.csv
S3,1,W02_C4,ADFNE,1337,6,3210970800,ADFNE|S3|main|1|W02_C4|1337|6,networks/S3/ADFNE/f1_W02_C4_s1337_d06.csv
S3,1,W02_C4,ADFNE,1337,7,3362043430,ADFNE|S3|main|1|W02_C4|1337|7,networks/S3/ADFNE/f1_W02_C4_s1337_d07.csv
S3,1,W02_C4,ADFNE,20260903,0,4252505305,ADFNE|S3|main|1|W02_C4|20260903|0,networks/S3/ADFNE/f1_W02_C4_s20260903_d00.csv
S3,1,W02_C4,ADFNE,20260903,1,2323588175,ADFNE|S3|main|1|W02_C4|20260903|1,networks/S3/ADFNE/f1_W02_C4_s20260903_d01.csv
S3,1,W02_C4,ADFNE,20260903,2,326530549,ADFNE|S3|main|1|W02_C4|20260903|2,networks/S3/ADFNE/f1_W02_C4_s20260903_d02.csv
S3,1,W02_C4,ADFNE,20260903,3,1685144931,ADFNE|S3|main|1|W02_C4|20260903|3,networks/S3/ADFNE/f1_W02_C4_s20260903_d03.csv
S3,1,W02_C4,ADFNE,20260903,4,4195733696,ADFNE|S3|main|1|W02_C4|20260903|4,networks/S3/ADFNE/f1_W02_C4_s20260903_d04.csv
S3,1,W02_C4,ADFNE,20260903,5,2366824534,ADFNE|S3|main|1|W02_C4|20260903|5,networks/S3/ADFNE/f1_W02_C4_s20260903_d05.csv
S3,1,W02_C4,ADFNE,20260903,6,337359340,ADFNE|S3|main|1|W02_C4|20260903|6,networks/S3/ADFNE/f1_W02_C4_s20260903_d06.csv
S3,1,W02_C4,ADFNE,20260903,7,1662812538,ADFNE|S3|main|1|W02_C4|20260903|7,networks/S3/ADFNE/f1_W02_C4_s20260903_d07.csv
S3,1,W02_C4,ADFNE,7,0,3565809247,ADFNE|S3|main|1|W02_C4|7|0,networks/S3/ADFNE/f1_W02_C4_s7_d00.csv
S3,1,W02_C4,ADFNE,7,1,2744049353,ADFNE|S3|main|1|W02_C4|7|1,networks/S3/ADFNE/f1_W02_C4_s7_d01.csv
S3,1,W02_C4,ADFNE,7,2,981962611,ADFNE|S3|main|1|W02_C4|7|2,networks/S3/ADFNE/f1_W02_C4_s7_d02.csv
S3,1,W02_C4,ADFNE,7,3,1300283365,ADFNE|S3|main|1|W02_C4|7|3,networks/S3/ADFNE/f1_W02_C4_s7_d03.csv
S3,1,W02_C4,ADFNE,7,4,3554945606,ADFNE|S3|main|1|W02_C4|7|4,networks/S3/ADFNE/f1_W02_C4_s7_d04.csv
S3,1,W02_C4,ADFNE,7,5,2766346960,ADFNE|S3|main|1|W02_C4|7|5,networks/S3/ADFNE/f1_W02_C4_s7_d05.csv
S3,1,W02_C4,ADFNE,7,6,1038764906,ADFNE|S3|main|1|W02_C4|7|6,networks/S3/ADFNE/f1_W02_C4_s7_d06.csv
S3,1,W02_C4,ADFNE,7,7,1257077756,ADFNE|S3|main|1|W02_C4|7|7,networks/S3/ADFNE/f1_W02_C4_s7_d07.csv
S3,1,W02_C4,KDE,1337,0,3021742218,KDE|S3|main|1|W02_C4|1337|0,networks/S3/KDE/f1_W02_C4_s1337_d00.csv
S3,1,W02_C4,KDE,1337,1,3273330716,KDE|S3|main|1|W02_C4|1337|1,networks/S3/KDE/f1_W02_C4_s1337_d01.csv
S3,1,W02_C4,KDE,1337,2,1511145894,KDE|S3|main|1|W02_C4|1337|2,networks/S3/KDE/f1_W02_C4_s1337_d02.csv
S3,1,W02_C4,KDE,1337,3,756379952,KDE|S3|main|1|W02_C4|1337|3,networks/S3/KDE/f1_W02_C4_s1337_d03.csv
S3,1,W02_C4,KDE,1337,4,3010585747,KDE|S3|main|1|W02_C4|1337|4,networks/S3/KDE/f1_W02_C4_s1337_d04.csv
S3,1,W02_C4,KDE,1337,5,3296121861,KDE|S3|main|1|W02_C4|1337|5,networks/S3/KDE/f1_W02_C4_s1337_d05.csv
S3,1,W02_C4,KDE,1337,6,1568638399,KDE|S3|main|1|W02_C4|1337|6,networks/S3/KDE/f1_W02_C4_s1337_d06.csv
S3,1,W02_C4,KDE,1337,7,712553769,KDE|S3|main|1|W02_C4|1337|7,networks/S3/KDE/f1_W02_C4_s1337_d07.csv
S3,1,W02_C4,KDE,20260903,0,254698719,KDE|S3|main|1|W02_C4|20260903|0,networks/S3/KDE/f1_W02_C4_s20260903_d00.csv
S3,1,W02_C4,KDE,20260903,1,2015974473,KDE|S3|main|1|W02_C4|20260903|1,networks/S3/KDE/f1_W02_C4_s20260903_d01.csv
S3,1,W02_C4,KDE,20260903,2,3776972275,KDE|S3|main|1|W02_C4|20260903|2,networks/S3/KDE/f1_W02_C4_s20260903_d02.csv
S3,1,W02_C4,KDE,20260903,3,2519151973,KDE|S3|main|1|W02_C4|20260903|3,networks/S3/KDE/f1_W02_C4_s20260903_d03.csv
S3,1,W02_C4,KDE,20260903,4,138649798,KDE|S3|main|1|W02_C4|20260903|4,networks/S3/KDE/f1_W02_C4_s20260903_d04.csv
S3,1,W02_C4,KDE,20260903,5,2135199824,KDE|S3|main|1|W02_C4|20260903|5,networks/S3/KDE/f1_W02_C4_s20260903_d05.csv
S3,1,W02_C4,KDE,20260903,6,3863855594,KDE|S3|main|1|W02_C4|20260903|6,networks/S3/KDE/f1_W02_C4_s20260903_d06.csv
S3,1,W02_C4,KDE,20260903,7,2437607804,KDE|S3|main|1|W02_C4|20260903|7,networks/S3/KDE/f1_W02_C4_s20260903_d07.csv
S3,1,W02_C4,KDE,7,0,1827855858,KDE|S3|main|1|W02_C4|7|0,networks/S3/KDE/f1_W02_C4_s7_d00.csv
S3,1,W02_C4,KDE,7,1,469101924,KDE|S3|main|1|W02_C4|7|1,networks/S3/KDE/f1_W02_C4_s7_d01.csv
S3,1,W02_C4,KDE,7,2,2197601502,KDE|S3|main|1|W02_C4|7|2,networks/S3/KDE/f1_W02_C4_s7_d02.csv
S3,1,W02_C4,KDE,7,3,4126903368,KDE|S3|main|1|W02_C4|7|3,networks/S3/KDE/f1_W02_C4_s7_d03.csv
S3,1,W02_C4,KDE,7,4,1805588971,KDE|S3|main|1|W02_C4|7|4,networks/S3/KDE/f1_W02_C4_s7_d04.csv
S3,1,W02_C4,KDE,7,5,479734141,KDE|S3|main|1|W02_C4|7|5,networks/S3/KDE/f1_W02_C4_s7_d05.csv
S3,1,W02_C4,KDE,7,6,2240903367,KDE|S3|main|1|W02_C4|7|6,networks/S3/KDE/f1_W02_C4_s7_d06.csv
S3,1,W02_C4,KDE,7,7,4069935185,KDE|S3|main|1|W02_C4|7|7,networks/S3/KDE/f1_W02_C4_s7_d07.csv
S3,1,W03_C3,EVAE,1337,0,1257514460,EVAE|S3|geobg|1|W03_C3|1337|0,networks/S3/EVAE/f1_W03_C3_s1337_d00.csv
S3,1,W03_C3,EVAE,1337,1,1039340874,EVAE|S3|geobg|1|W03_C3|1337|1,networks/S3/EVAE/f1_W03_C3_s1337_d01.csv
S3,1,W03_C3,EVAE,1337,2,2767865072,EVAE|S3|geobg|1|W03_C3|1337|2,networks/S3/EVAE/f1_W03_C3_s1337_d02.csv
S3,1,W03_C3,EVAE,1337,3,3556602982,EVAE|S3|geobg|1|W03_C3|1337|3,networks/S3/EVAE/f1_W03_C3_s1337_d03.csv
S3,1,W03_C3,EVAE,1337,4,1301930437,EVAE|S3|geobg|1|W03_C3|1337|4,networks/S3/EVAE/f1_W03_C3_s1337_d04.csv
S3,1,W03_C3,EVAE,1337,5,983486803,EVAE|S3|geobg|1|W03_C3|1337|5,networks/S3/EVAE/f1_W03_C3_s1337_d05.csv
S3,1,W03_C3,EVAE,1337,6,2744615145,EVAE|S3|geobg|1|W03_C3|1337|6,networks/S3/EVAE/f1_W03_C3_s1337_d06.csv
S3,1,W03_C3,EVAE,1337,7,3566252159,EVAE|S3|geobg|1|W03_C3|1337|7,networks/S3/EVAE/f1_W03_C3_s1337_d07.csv
S3,1,W03_C3,EVAE,20260903,0,723603637,EVAE|S3|geobg|1|W03_C3|20260903|0,networks/S3/EVAE/f1_W03_C3_s20260903_d00.csv
S3,1,W03_C3,EVAE,20260903,1,1546018851,EVAE|S3|geobg|1|W03_C3|20260903|1,networks/S3/EVAE/f1_W03_C3_s20260903_d01.csv
S3,1,W03_C3,EVAE,20260903,2,3308204441,EVAE|S3|geobg|1|W03_C3|20260903|2,networks/S3/EVAE/f1_W03_C3_s20260903_d02.csv
S3,1,W03_C3,EVAE,20260903,3,2988966159,EVAE|S3|geobg|1|W03_C3|20260903|3,networks/S3/EVAE/f1_W03_C3_s20260903_d03.csv
S3,1,W03_C3,EVAE,20260903,4,743216300,EVAE|S3|geobg|1|W03_C3|20260903|4,networks/S3/EVAE/f1_W03_C3_s20260903_d04.csv
S3,1,W03_C3,EVAE,20260903,5,1531683898,EVAE|S3|geobg|1|W03_C3|20260903|5,networks/S3/EVAE/f1_W03_C3_s20260903_d05.csv
S3,1,W03_C3,EVAE,20260903,6,3259168128,EVAE|S3|geobg|1|W03_C3|20260903|6,networks/S3/EVAE/f1_W03_C3_s20260903_d06.csv
S3,1,W03_C3,EVAE,20260903,7,3041248534,EVAE|S3|geobg|1|W03_C3|20260903|7,networks/S3/EVAE/f1_W03_C3_s20260903_d07.csv
S3,1,W03_C3,EVAE,7,0,531340770,EVAE|S3|geobg|1|W03_C3|7|0,networks/S3/EVAE/f1_W03_C3_s7_d00.csv
S3,1,W03_C3,EVAE,7,1,1756147060,EVAE|S3|geobg|1|W03_C3|7|1,networks/S3/EVAE/f1_W03_C3_s7_d01.csv
S3,1,W03_C3,EVAE,7,2,4054187214,EVAE|S3|geobg|1|W03_C3|7|2,networks/S3/EVAE/f1_W03_C3_s7_d02.csv
S3,1,W03_C3,EVAE,7,3,2258816088,EVAE|S3|geobg|1|W03_C3|7|3,networks/S3/EVAE/f1_W03_C3_s7_d03.csv
S3,1,W03_C3,EVAE,7,4,415652347,EVAE|S3|geobg|1|W03_C3|7|4,networks/S3/EVAE/f1_W03_C3_s7_d04.csv
S3,1,W03_C3,EVAE,7,5,1874946413,EVAE|S3|geobg|1|W03_C3|7|5,networks/S3/EVAE/f1_W03_C3_s7_d05.csv
S3,1,W03_C3,EVAE,7,6,4140316887,EVAE|S3|geobg|1|W03_C3|7|6,networks/S3/EVAE/f1_W03_C3_s7_d06.csv
S3,1,W03_C3,EVAE,7,7,2177828929,EVAE|S3|geobg|1|W03_C3|7|7,networks/S3/EVAE/f1_W03_C3_s7_d07.csv
S3,1,W03_C3,ADFNE,1337,0,2639000924,ADFNE|S3|main|1|W03_C3|1337|0,networks/S3/ADFNE/f1_W03_C3_s1337_d00.csv
S3,1,W03_C3,ADFNE,1337,1,3930899914,ADFNE|S3|main|1|W03_C3|1337|1,networks/S3/ADFNE/f1_W03_C3_s1337_d01.csv
S3,1,W03_C3,ADFNE,1337,2,1933939824,ADFNE|S3|main|1|W03_C3|1337|2,networks/S3/ADFNE/f1_W03_C3_s1337_d02.csv
S3,1,W03_C3,ADFNE,1337,3,71476454,ADFNE|S3|main|1|W03_C3|1337|3,networks/S3/ADFNE/f1_W03_C3_s1337_d03.csv
S3,1,W03_C3,ADFNE,1337,4,2586194245,ADFNE|S3|main|1|W03_C3|1337|4,networks/S3/ADFNE/f1_W03_C3_s1337_d04.csv
S3,1,W03_C3,ADFNE,1337,5,3978363347,ADFNE|S3|main|1|W03_C3|1337|5,networks/S3/ADFNE/f1_W03_C3_s1337_d05.csv
S3,1,W03_C3,ADFNE,1337,6,1948799081,ADFNE|S3|main|1|W03_C3|1337|6,networks/S3/ADFNE/f1_W03_C3_s1337_d06.csv
S3,1,W03_C3,ADFNE,1337,7,53436671,ADFNE|S3|main|1|W03_C3|1337|7,networks/S3/ADFNE/f1_W03_C3_s1337_d07.csv
S3,1,W03_C3,ADFNE,20260903,0,807085758,ADFNE|S3|main|1|W03_C3|20260903|0,networks/S3/ADFNE/f1_W03_C3_s20260903_d00.csv
S3,1,W03_C3,ADFNE,20260903,1,1193023016,ADFNE|S3|main|1|W03_C3|20260903|1,networks/S3/ADFNE/f1_W03_C3_s20260903_d01.csv
S3,1,W03_C3,ADFNE,20260903,2,3725936530,ADFNE|S3|main|1|W03_C3|20260903|2,networks/S3/ADFNE/f1_W03_C3_s20260903_d02.csv
S3,1,W03_C3,ADFNE,20260903,3,2836559620,ADFNE|S3|main|1|W03_C3|20260903|3,networks/S3/ADFNE/f1_W03_C3_s20260903_d03.csv
S3,1,W03_C3,ADFNE,20260903,4,930538151,ADFNE|S3|main|1|W03_C3|20260903|4,networks/S3/ADFNE/f1_W03_C3_s20260903_d04.csv
S3,1,W03_C3,ADFNE,20260903,5,1081201201,ADFNE|S3|main|1|W03_C3|20260903|5,networks/S3/ADFNE/f1_W03_C3_s20260903_d05.csv
S3,1,W03_C3,ADFNE,20260903,6,3648553867,ADFNE|S3|main|1|W03_C3|20260903|6,networks/S3/ADFNE/f1_W03_C3_s20260903_d06.csv
S3,1,W03_C3,ADFNE,20260903,7,2927604509,ADFNE|S3|main|1|W03_C3|20260903|7,networks/S3/ADFNE/f1_W03_C3_s20260903_d07.csv
S3,1,W03_C3,ADFNE,7,0,2852336337,ADFNE|S3|main|1|W03_C3|7|0,networks/S3/ADFNE/f1_W03_C3_s7_d00.csv
S3,1,W03_C3,ADFNE,7,1,3708027463,ADFNE|S3|main|1|W03_C3|7|1,networks/S3/ADFNE/f1_W03_C3_s7_d01.csv
S3,1,W03_C3,ADFNE,7,2,1141724157,ADFNE|S3|main|1|W03_C3|7|2,networks/S3/ADFNE/f1_W03_C3_s7_d02.csv
S3,1,W03_C3,ADFNE,7,3,856318827,ADFNE|S3|main|1|W03_C3|7|3,networks/S3/ADFNE/f1_W03_C3_s7_d03.csv
S3,1,W03_C3,ADFNE,7,4,2909730504,ADFNE|S3|main|1|W03_C3|7|4,networks/S3/ADFNE/f1_W03_C3_s7_d04.csv
S3,1,W03_C3,ADFNE,7,5,3664365150,ADFNE|S3|main|1|W03_C3|7|5,networks/S3/ADFNE/f1_W03_C3_s7_d05.csv
S3,1,W03_C3,ADFNE,7,6,1130403812,ADFNE|S3|main|1|W03_C3|7|6,networks/S3/ADFNE/f1_W03_C3_s7_d06.csv
S3,1,W03_C3,ADFNE,7,7,879208306,ADFNE|S3|main|1|W03_C3|7|7,networks/S3/ADFNE/f1_W03_C3_s7_d07.csv
S3,1,W03_C3,KDE,1337,0,2136471123,KDE|S3|main|1|W03_C3|1337|0,networks/S3/KDE/f1_W03_C3_s1337_d00.csv
S3,1,W03_C3,KDE,1337,1,139511493,KDE|S3|main|1|W03_C3|1337|1,networks/S3/KDE/f1_W03_C3_s1337_d01.csv
S3,1,W03_C3,KDE,1337,2,2438567807,KDE|S3|main|1|W03_C3|1337|2,networks/S3/KDE/f1_W03_C3_s1337_d02.csv
S3,1,W03_C3,KDE,1337,3,3864963049,KDE|S3|main|1|W03_C3|1337|3,networks/S3/KDE/f1_W03_C3_s1337_d03.csv
S3,1,W03_C3,KDE,1337,4,2017079882,KDE|S3|main|1|W03_C3|1337|4,networks/S3/KDE/f1_W03_C3_s1337_d04.csv
S3,1,W03_C3,KDE,1337,5,255656668,KDE|S3|main|1|W03_C3|1337|5,networks/S3/KDE/f1_W03_C3_s1337_d05.csv
S3,1,W03_C3,KDE,1337,6,2520011622,KDE|S3|main|1|W03_C3|1337|6,networks/S3/KDE/f1_W03_C3_s1337_d06.csv
S3,1,W03_C3,KDE,1337,7,3778241520,KDE|S3|main|1|W03_C3|1337|7,networks/S3/KDE/f1_W03_C3_s1337_d07.csv
S3,1,W03_C3,KDE,20260903,0,3259848376,KDE|S3|main|1|W03_C3|20260903|0,networks/S3/KDE/f1_W03_C3_s20260903_d00.csv
S3,1,W03_C3,KDE,20260903,1,3041551918,KDE|S3|main|1|W03_C3|20260903|1,networks/S3/KDE/f1_W03_C3_s20260903_d01.csv
S3,1,W03_C3,KDE,20260903,2,742602644,KDE|S3|main|1|W03_C3|20260903|2,networks/S3/KDE/f1_W03_C3_s20260903_d02.csv
S3,1,W03_C3,KDE,20260903,3,1531184898,KDE|S3|main|1|W03_C3|20260903|3,networks/S3/KDE/f1_W03_C3_s20260903_d03.csv
S3,1,W03_C3,KDE,20260903,4,3307246241,KDE|S3|main|1|W03_C3|20260903|4,networks/S3/KDE/f1_W03_C3_s20260903_d04.csv
S3,1,W03_C3,KDE,20260903,5,2988941879,KDE|S3|main|1|W03_C3|20260903|5,networks/S3/KDE/f1_W03_C3_s20260903_d05.csv
S3,1,W03_C3,KDE,20260903,6,724497293,KDE|S3|main|1|W03_C3|20260903|6,networks/S3/KDE/f1_W03_C3_s20260903_d06.csv
S3,1,W03_C3,KDE,20260903,7,1546240795,KDE|S3|main|1|W03_C3|20260903|7,networks/S3/KDE/f1_W03_C3_s20260903_d07.csv
S3,1,W03_C3,KDE,7,0,309854588,KDE|S3|main|1|W03_C3|7|0,networks/S3/KDE/f1_W03_C3_s7_d00.csv
S3,1,W03_C3,KDE,7,1,1702834666,KDE|S3|main|1|W03_C3|7|1,networks/S3/KDE/f1_W03_C3_s7_d01.csv
S3,1,W03_C3,KDE,7,2,4235616336,KDE|S3|main|1|W03_C3|7|2,networks/S3/KDE/f1_W03_C3_s7_d02.csv
S3,1,W03_C3,KDE,7,3,2339459270,KDE|S3|main|1|W03_C3|7|3,networks/S3/KDE/f1_W03_C3_s7_d03.csv
S3,1,W03_C3,KDE,7,4,353748325,KDE|S3|main|1|W03_C3|7|4,networks/S3/KDE/f1_W03_C3_s7_d04.csv
S3,1,W03_C3,KDE,7,5,1645409779,KDE|S3|main|1|W03_C3|7|5,networks/S3/KDE/f1_W03_C3_s7_d05.csv
S3,1,W03_C3,KDE,7,6,4212892745,KDE|S3|main|1|W03_C3|7|6,networks/S3/KDE/f1_W03_C3_s7_d06.csv
S3,1,W03_C3,KDE,7,7,2350683359,KDE|S3|main|1|W03_C3|7|7,networks/S3/KDE/f1_W03_C3_s7_d07.csv
S3,1,W03_C4,EVAE,1337,0,1076964549,EVAE|S3|geobg|1|W03_C4|1337|0,networks/S3/EVAE/f1_W03_C4_s1337_d00.csv
S3,1,W03_C4,EVAE,1337,1,926293075,EVAE|S3|geobg|1|W03_C4|1337|1,networks/S3/EVAE/f1_W03_C4_s1337_d01.csv
S3,1,W03_C4,EVAE,1337,2,2923384297,EVAE|S3|geobg|1|W03_C4|1337|2,networks/S3/EVAE/f1_W03_C4_s1337_d02.csv
S3,1,W03_C4,EVAE,1337,3,3644358015,EVAE|S3|geobg|1|W03_C4|1337|3,networks/S3/EVAE/f1_W03_C4_s1337_d03.csv
S3,1,W03_C4,EVAE,1337,4,1197271260,EVAE|S3|geobg|1|W03_C4|1337|4,networks/S3/EVAE/f1_W03_C4_s1337_d04.csv
S3,1,W03_C4,EVAE,1337,5,811325514,EVAE|S3|geobg|1|W03_C4|1337|5,networks/S3/EVAE/f1_W03_C4_s1337_d05.csv
S3,1,W03_C4,EVAE,1337,6,2840758768,EVAE|S3|geobg|1|W03_C4|1337|6,networks/S3/EVAE/f1_W03_C4_s1337_d06.csv
S3,1,W03_C4,EVAE,1337,7,3730159974,EVAE|S3|geobg|1|W03_C4|1337|7,networks/S3/EVAE/f1_W03_C4_s1337_d07.csv
S3,1,W03_C4,EVAE,20260903,0,1606007098,EVAE|S3|geobg|1|W03_C4|20260903|0,networks/S3/EVAE/f1_W03_C4_s20260903_d00.csv
S3,1,W03_C4,EVAE,20260903,1,683575724,EVAE|S3|geobg|1|W03_C4|20260903|1,networks/S3/EVAE/f1_W03_C4_s20260903_d01.csv
S3,1,W03_C4,EVAE,20260903,2,2981615638,EVAE|S3|geobg|1|W03_C4|20260903|2,networks/S3/EVAE/f1_W03_C4_s20260903_d02.csv
S3,1,W03_C4,EVAE,20260903,3,3333482624,EVAE|S3|geobg|1|W03_C4|20260903|3,networks/S3/EVAE/f1_W03_C4_s20260903_d03.csv
S3,1,W03_C4,EVAE,20260903,4,1490320675,EVAE|S3|geobg|1|W03_C4|20260903|4,networks/S3/EVAE/f1_W03_C4_s20260903_d04.csv
S3,1,W03_C4,EVAE,20260903,5,802377141,EVAE|S3|geobg|1|W03_C4|20260903|5,networks/S3/EVAE/f1_W03_C4_s20260903_d05.csv
S3,1,W03_C4,EVAE,20260903,6,3067747343,EVAE|S3|geobg|1|W03_C4|20260903|6,networks/S3/EVAE/f1_W03_C4_s20260903_d06.csv
S3,1,W03_C4,EVAE,20260903,7,3252497561,EVAE|S3|geobg|1|W03_C4|20260903|7,networks/S3/EVAE/f1_W03_C4_s20260903_d07.csv
S3,1,W03_C4,EVAE,7,0,2911584754,EVAE|S3|geobg|1|W03_C4|7|0,networks/S3/EVAE/f1_W03_C4_s7_d00.csv
S3,1,W03_C4,EVAE,7,1,3666637156,EVAE|S3|geobg|1|W03_C4|7|1,networks/S3/EVAE/f1_W03_C4_s7_d01.csv
S3,1,W03_C4,EVAE,7,2,1132798174,EVAE|S3|geobg|1|W03_C4|7|2,networks/S3/EVAE/f1_W03_C4_s7_d02.csv
S3,1,W03_C4,EVAE,7,3,880939080,EVAE|S3|geobg|1|W03_C4|7|3,networks/S3/EVAE/f1_W03_C4_s7_d03.csv
S3,1,W03_C4,EVAE,7,4,2867234283,EVAE|S3|geobg|1|W03_C4|7|4,networks/S3/EVAE/f1_W03_C4_s7_d04.csv
S3,1,W03_C4,EVAE,7,5,3722556797,EVAE|S3|geobg|1|W03_C4|7|5,networks/S3/EVAE/f1_W03_C4_s7_d05.csv
S3,1,W03_C4,EVAE,7,6,1156113607,EVAE|S3|geobg|1|W03_C4|7|6,networks/S3/EVAE/f1_W03_C4_s7_d06.csv
S3,1,W03_C4,EVAE,7,7,871355473,EVAE|S3|geobg|1|W03_C4|7|7,networks/S3/EVAE/f1_W03_C4_s7_d07.csv
S3,1,W03_C4,ADFNE,1337,0,2542730309,ADFNE|S3|main|1|W03_C4|1337|0,networks/S3/ADFNE/f1_W03_C4_s1337_d00.csv
S3,1,W03_C4,ADFNE,1337,1,3767127251,ADFNE|S3|main|1|W03_C4|1337|1,networks/S3/ADFNE/f1_W03_C4_s1337_d01.csv
S3,1,W03_C4,ADFNE,1337,2,2038472041,ADFNE|S3|main|1|W03_C4|1337|2,networks/S3/ADFNE/f1_W03_C4_s1337_d02.csv
S3,1,W03_C4,ADFNE,1337,3,243772927,ADFNE|S3|main|1|W03_C4|1337|3,networks/S3/ADFNE/f1_W03_C4_s1337_d03.csv
S3,1,W03_C4,ADFNE,1337,4,2430810204,ADFNE|S3|main|1|W03_C4|1337|4,networks/S3/ADFNE/f1_W03_C4_s1337_d04.csv
S3,1,W03_C4,ADFNE,1337,5,3890481354,ADFNE|S3|main|1|W03_C4|1337|5,networks/S3/ADFNE/f1_W03_C4_s1337_d05.csv
S3,1,W03_C4,ADFNE,1337,6,2129484144,ADFNE|S3|main|1|W03_C4|1337|6,networks/S3/ADFNE/f1_W03_C4_s1337_d06.csv
S3,1,W03_C4,ADFNE,1337,7,166357478,ADFNE|S3|main|1|W03_C4|1337|7,networks/S3/ADFNE/f1_W03_C4_s1337_d07.csv
S3,1,W03_C4,ADFNE,20260903,0,1149488945,ADFNE|S3|main|1|W03_C4|20260903|0,networks/S3/ADFNE/f1_W03_C4_s20260903_d00.csv
S3,1,W03_C4,ADFNE,20260903,1,864354215,ADFNE|S3|main|1|W03_C4|20260903|1,networks/S3/ADFNE/f1_W03_C4_s20260903_d01.csv
S3,1,W03_C4,ADFNE,20260903,2,2861411869,ADFNE|S3|main|1|W03_C4|20260903|2,networks/S3/ADFNE/f1_W03_C4_s20260903_d02.csv
S3,1,W03_C4,ADFNE,20260903,3,3716849291,ADFNE|S3|main|1|W03_C4|20260903|3,networks/S3/ADFNE/f1_W03_C4_s20260903_d03.csv
S3,1,W03_C4,ADFNE,20260903,4,1139673896,ADFNE|S3|main|1|W03_C4|20260903|4,networks/S3/ADFNE/f1_W03_C4_s20260903_d04.csv
S3,1,W03_C4,ADFNE,20260903,5,887700414,ADFNE|S3|main|1|W03_C4|20260903|5,networks/S3/ADFNE/f1_W03_C4_s20260903_d05.csv
S3,1,W03_C4,ADFNE,20260903,6,2917165572,ADFNE|S3|main|1|W03_C4|20260903|6,networks/S3/ADFNE/f1_W03_C4_s20260903_d06.csv
S3,1,W03_C4,ADFNE,20260903,7,3672595090,ADFNE|S3|main|1|W03_C4|20260903|7,networks/S3/ADFNE/f1_W03_C4_s20260903_d07.csv
S3,1,W03_C4,ADFNE,7,0,405008065,ADFNE|S3|main|1|W03_C4|7|0,networks/S3/ADFNE/f1_W03_C4_s7_d00.csv
S3,1,W03_C4,ADFNE,7,1,1864687191,ADFNE|S3|main|1|W03_C4|7|1,networks/S3/ADFNE/f1_W03_C4_s7_d01.csv
S3,1,W03_C4,ADFNE,7,2,4130181101,ADFNE|S3|main|1|W03_C4|7|2,networks/S3/ADFNE/f1_W03_C4_s7_d02.csv
S3,1,W03_C4,ADFNE,7,3,2167062395,ADFNE|S3|main|1|W03_C4|7|3,networks/S3/ADFNE/f1_W03_C4_s7_d03.csv
S3,1,W03_C4,ADFNE,7,4,525216472,ADFNE|S3|main|1|W03_C4|7|4,networks/S3/ADFNE/f1_W03_C4_s7_d04.csv
S3,1,W03_C4,ADFNE,7,5,1749621326,ADFNE|S3|main|1|W03_C4|7|5,networks/S3/ADFNE/f1_W03_C4_s7_d05.csv
S3,1,W03_C4,ADFNE,7,6,4047522804,ADFNE|S3|main|1|W03_C4|7|6,networks/S3/ADFNE/f1_W03_C4_s7_d06.csv
S3,1,W03_C4,ADFNE,7,7,2252831586,ADFNE|S3|main|1|W03_C4|7|7,networks/S3/ADFNE/f1_W03_C4_s7_d07.csv
S3,1,W03_C4,KDE,1337,0,1972567882,KDE|S3|main|1|W03_C4|1337|0,networks/S3/KDE/f1_W03_C4_s1337_d00.csv
S3,1,W03_C4,KDE,1337,1,43372508,KDE|S3|main|1|W03_C4|1337|1,networks/S3/KDE/f1_W03_C4_s1337_d01.csv
S3,1,W03_C4,KDE,1337,2,2610732646,KDE|S3|main|1|W03_C4|1337|2,networks/S3/KDE/f1_W03_C4_s1337_d02.csv
S3,1,W03_C4,KDE,1337,3,3969625840,KDE|S3|main|1|W03_C4|1337|3,networks/S3/KDE/f1_W03_C4_s1337_d03.csv
S3,1,W03_C4,KDE,1337,4,1929329491,KDE|S3|main|1|W03_C4|1337|4,networks/S3/KDE/f1_W03_C4_s1337_d04.csv
S3,1,W03_C4,KDE,1337,5,100142021,KDE|S3|main|1|W03_C4|1337|5,networks/S3/KDE/f1_W03_C4_s1337_d05.csv
S3,1,W03_C4,KDE,1337,6,2633063039,KDE|S3|main|1|W03_C4|1337|6,networks/S3/KDE/f1_W03_C4_s1337_d06.csv
S3,1,W03_C4,KDE,1337,7,3958794985,KDE|S3|main|1|W03_C4|1337|7,networks/S3/KDE/f1_W03_C4_s1337_d07.csv
S3,1,W03_C4,KDE,20260903,0,3067461431,KDE|S3|main|1|W03_C4|20260903|0,networks/S3/KDE/f1_W03_C4_s20260903_d00.csv
S3,1,W03_C4,KDE,20260903,1,3251802017,KDE|S3|main|1|W03_C4|20260903|1,networks/S3/KDE/f1_W03_C4_s20260903_d01.csv
S3,1,W03_C4,KDE,20260903,2,1490804251,KDE|S3|main|1|W03_C4|20260903|2,networks/S3/KDE/f1_W03_C4_s20260903_d02.csv
S3,1,W03_C4,KDE,20260903,3,803008141,KDE|S3|main|1|W03_C4|20260903|3,networks/S3/KDE/f1_W03_C4_s20260903_d03.csv
S3,1,W03_C4,KDE,20260903,4,2981657390,KDE|S3|main|1|W03_C4|20260903|4,networks/S3/KDE/f1_W03_C4_s20260903_d04.csv
S3,1,W03_C4,KDE,20260903,5,3334425528,KDE|S3|main|1|W03_C4|20260903|5,networks/S3/KDE/f1_W03_C4_s20260903_d05.csv
S3,1,W03_C4,KDE,20260903,6,1605769730,KDE|S3|main|1|W03_C4|20260903|6,networks/S3/KDE/f1_W03_C4_s20260903_d06.csv
S3,1,W03_C4,KDE,20260903,7,682699412,KDE|S3|main|1|W03_C4|20260903|7,networks/S3/KDE/f1_W03_C4_s20260903_d07.csv
S3,1,W03_C4,KDE,7,0,2690178412,KDE|S3|main|1|W03_C4|7|0,networks/S3/KDE/f1_W03_C4_s7_d00.csv
S3,1,W03_C4,KDE,7,1,3613388282,KDE|S3|main|1|W03_C4|7|1,networks/S3/KDE/f1_W03_C4_s7_d01.csv
S3,1,W03_C4,KDE,7,2,1314307136,KDE|S3|main|1|W03_C4|7|2,networks/S3/KDE/f1_W03_C4_s7_d02.csv
S3,1,W03_C4,KDE,7,3,961645782,KDE|S3|main|1|W03_C4|7|3,networks/S3/KDE/f1_W03_C4_s7_d03.csv
S3,1,W03_C4,KDE,7,4,2805274997,KDE|S3|main|1|W03_C4|7|4,networks/S3/KDE/f1_W03_C4_s7_d04.csv
S3,1,W03_C4,KDE,7,5,3492948451,KDE|S3|main|1|W03_C4|7|5,networks/S3/KDE/f1_W03_C4_s7_d05.csv
S3,1,W03_C4,KDE,7,6,1228634201,KDE|S3|main|1|W03_C4|7|6,networks/S3/KDE/f1_W03_C4_s7_d06.csv
S3,1,W03_C4,KDE,7,7,1044138191,KDE|S3|main|1|W03_C4|7|7,networks/S3/KDE/f1_W03_C4_s7_d07.csv
S3,1,W04_C3,EVAE,1337,0,1674522719,EVAE|S3|geobg|1|W04_C3|1337|0,networks/S3/EVAE/f1_W04_C3_s1337_d00.csv
S3,1,W04_C3,EVAE,1337,1,348651721,EVAE|S3|geobg|1|W04_C3|1337|1,networks/S3/EVAE/f1_W04_C3_s1337_d01.csv
S3,1,W04_C3,EVAE,1337,2,2378256755,EVAE|S3|geobg|1|W04_C3|1337|2,networks/S3/EVAE/f1_W04_C3_s1337_d02.csv
S3,1,W04_C3,EVAE,1337,3,4207305189,EVAE|S3|geobg|1|W04_C3|1337|3,networks/S3/EVAE/f1_W04_C3_s1337_d03.csv
S3,1,W04_C3,EVAE,1337,4,1688400966,EVAE|S3|geobg|1|W04_C3|1337|4,networks/S3/EVAE/f1_W04_C3_s1337_d04.csv
S3,1,W04_C3,EVAE,1337,5,329630928,EVAE|S3|geobg|1|W04_C3|1337|5,networks/S3/EVAE/f1_W04_C3_s1337_d05.csv
S3,1,W04_C3,EVAE,1337,6,2326566250,EVAE|S3|geobg|1|W04_C3|1337|6,networks/S3/EVAE/f1_W04_C3_s1337_d06.csv
S3,1,W04_C3,EVAE,1337,7,4255884796,EVAE|S3|geobg|1|W04_C3|1337|7,networks/S3/EVAE/f1_W04_C3_s1337_d07.csv
S3,1,W04_C3,EVAE,20260903,0,2954911663,EVAE|S3|geobg|1|W04_C3|20260903|0,networks/S3/EVAE/f1_W04_C3_s20260903_d00.csv
S3,1,W04_C3,EVAE,20260903,1,3341250361,EVAE|S3|geobg|1|W04_C3|20260903|1,networks/S3/EVAE/f1_W04_C3_s20260903_d01.csv
S3,1,W04_C3,EVAE,20260903,2,1580088963,EVAE|S3|geobg|1|W04_C3|20260903|2,networks/S3/EVAE/f1_W04_C3_s20260903_d02.csv
S3,1,W04_C3,EVAE,20260903,3,690556437,EVAE|S3|geobg|1|W04_C3|20260903|3,networks/S3/EVAE/f1_W04_C3_s20260903_d03.csv
S3,1,W04_C3,EVAE,20260903,4,3075316662,EVAE|S3|geobg|1|W04_C3|20260903|4,networks/S3/EVAE/f1_W04_C3_s20260903_d04.csv
S3,1,W04_C3,EVAE,20260903,5,3226118944,EVAE|S3|geobg|1|W04_C3|20260903|5,networks/S3/EVAE/f1_W04_C3_s20260903_d05.csv
S3,1,W04_C3,EVAE,20260903,6,1497627290,EVAE|S3|geobg|1|W04_C3|20260903|6,networks/S3/EVAE/f1_W04_C3_s20260903_d06.csv
S3,1,W04_C3,EVAE,20260903,7,776260108,EVAE|S3|geobg|1|W04_C3|20260903|7,networks/S3/EVAE/f1_W04_C3_s20260903_d07.csv
S3,1,W04_C3,EVAE,7,0,359568635,EVAE|S3|geobg|1|W04_C3|7|0,networks/S3/EVAE/f1_W04_C3_s7_d00.csv
S3,1,W04_C3,EVAE,7,1,1651090541,EVAE|S3|geobg|1|W04_C3|7|1,networks/S3/EVAE/f1_W04_C3_s7_d01.csv
S3,1,W04_C3,EVAE,7,2,4217435607,EVAE|S3|geobg|1|W04_C3|7|2,networks/S3/EVAE/f1_W04_C3_s7_d02.csv
S3,1,W04_C3,EVAE,7,3,2355610945,EVAE|S3|geobg|1|W04_C3|7|3,networks/S3/EVAE/f1_W04_C3_s7_d03.csv
S3,1,W04_C3,EVAE,7,4,302207202,EVAE|S3|geobg|1|W04_C3|7|4,networks/S3/EVAE/f1_W04_C3_s7_d04.csv
S3,1,W04_C3,EVAE,7,5,1694785652,EVAE|S3|geobg|1|W04_C3|7|5,networks/S3/EVAE/f1_W04_C3_s7_d05.csv
S3,1,W04_C3,EVAE,7,6,4228723150,EVAE|S3|geobg|1|W04_C3|7|6,networks/S3/EVAE/f1_W04_C3_s7_d06.csv
S3,1,W04_C3,EVAE,7,7,2332688728,EVAE|S3|geobg|1|W04_C3|7|7,networks/S3/EVAE/f1_W04_C3_s7_d07.csv
S3,1,W04_C3,ADFNE,1337,0,3027296479,ADFNE|S3|main|1|W04_C3|1337|0,networks/S3/ADFNE/f1_W04_C3_s1337_d00.csv
S3,1,W04_C3,ADFNE,1337,1,3279409225,ADFNE|S3|main|1|W04_C3|1337|1,networks/S3/ADFNE/f1_W04_C3_s1337_d01.csv
S3,1,W04_C3,ADFNE,1337,2,1518240243,ADFNE|S3|main|1|W04_C3|1337|2,networks/S3/ADFNE/f1_W04_C3_s1337_d02.csv
S3,1,W04_C3,ADFNE,1337,3,762949989,ADFNE|S3|main|1|W04_C3|1337|3,networks/S3/ADFNE/f1_W04_C3_s1337_d03.csv
S3,1,W04_C3,ADFNE,1337,4,3005031622,ADFNE|S3|main|1|W04_C3|1337|4,networks/S3/ADFNE/f1_W04_C3_s1337_d04.csv
S3,1,W04_C3,ADFNE,1337,5,3290043472,ADFNE|S3|main|1|W04_C3|1337|5,networks/S3/ADFNE/f1_W04_C3_s1337_d05.csv
S3,1,W04_C3,ADFNE,1337,6,1561544170,ADFNE|S3|main|1|W04_C3|1337|6,networks/S3/ADFNE/f1_W04_C3_s1337_d06.csv
S3,1,W04_C3,ADFNE,1337,7,705983868,ADFNE|S3|main|1|W04_C3|1337|7,networks/S3/ADFNE/f1_W04_C3_s1337_d07.csv
S3,1,W04_C3,ADFNE,20260903,0,2870618532,ADFNE|S3|main|1|W04_C3|20260903|0,networks/S3/ADFNE/f1_W04_C3_s20260903_d00.csv
S3,1,W04_C3,ADFNE,20260903,1,3692894514,ADFNE|S3|main|1|W04_C3|20260903|1,networks/S3/ADFNE/f1_W04_C3_s20260903_d01.csv
S3,1,W04_C3,ADFNE,20260903,2,1158957192,ADFNE|S3|main|1|W04_C3|20260903|2,networks/S3/ADFNE/f1_W04_C3_s20260903_d02.csv
S3,1,W04_C3,ADFNE,20260903,3,840136734,ADFNE|S3|main|1|W04_C3|20260903|3,networks/S3/ADFNE/f1_W04_C3_s20260903_d03.csv
S3,1,W04_C3,ADFNE,20260903,4,2893540797,ADFNE|S3|main|1|W04_C3|20260903|4,networks/S3/ADFNE/f1_W04_C3_s20260903_d04.csv
S3,1,W04_C3,ADFNE,20260903,5,3681606955,ADFNE|S3|main|1|W04_C3|20260903|5,networks/S3/ADFNE/f1_W04_C3_s20260903_d05.csv
S3,1,W04_C3,ADFNE,20260903,6,1115262097,ADFNE|S3|main|1|W04_C3|20260903|6,networks/S3/ADFNE/f1_W04_C3_s20260903_d06.csv
S3,1,W04_C3,ADFNE,20260903,7,897498119,ADFNE|S3|main|1|W04_C3|20260903|7,networks/S3/ADFNE/f1_W04_C3_s20260903_d07.csv
S3,1,W04_C3,ADFNE,7,0,2697345992,ADFNE|S3|main|1|W04_C3|7|0,networks/S3/ADFNE/f1_W04_C3_s7_d00.csv
S3,1,W04_C3,ADFNE,7,1,3619752798,ADFNE|S3|main|1|W04_C3|7|1,networks/S3/ADFNE/f1_W04_C3_s7_d01.csv
S3,1,W04_C3,ADFNE,7,2,1321753316,ADFNE|S3|main|1|W04_C3|7|2,networks/S3/ADFNE/f1_W04_C3_s7_d02.csv
S3,1,W04_C3,ADFNE,7,3,969894514,ADFNE|S3|main|1|W04_C3|7|3,networks/S3/ADFNE/f1_W04_C3_s7_d03.csv
S3,1,W04_C3,ADFNE,7,4,2813067217,ADFNE|S3|main|1|W04_C3|7|4,networks/S3/ADFNE/f1_W04_C3_s7_d04.csv
S3,1,W04_C3,ADFNE,7,5,3500986183,ADFNE|S3|main|1|W04_C3|7|5,networks/S3/ADFNE/f1_W04_C3_s7_d05.csv
S3,1,W04_C3,ADFNE,7,6,1235590909,ADFNE|S3|main|1|W04_C3|7|6,networks/S3/ADFNE/f1_W04_C3_s7_d06.csv
S3,1,W04_C3,ADFNE,7,7,1050848875,ADFNE|S3|main|1|W04_C3|7|7,networks/S3/ADFNE/f1_W04_C3_s7_d07.csv
S3,1,W04_C3,KDE,1337,0,1449976784,KDE|S3|main|1|W04_C3|1337|0,networks/S3/KDE/f1_W04_C3_s1337_d00.csv
S3,1,W04_C3,KDE,1337,1,560714566,KDE|S3|main|1|W04_C3|1337|1,networks/S3/KDE/f1_W04_C3_s1337_d01.csv
S3,1,W04_C3,KDE,1337,2,3093463804,KDE|S3|main|1|W04_C3|1337|2,networks/S3/KDE/f1_W04_C3_s1337_d02.csv
S3,1,W04_C3,KDE,1337,3,3479548522,KDE|S3|main|1|W04_C3|1337|3,networks/S3/KDE/f1_W04_C3_s1337_d03.csv
S3,1,W04_C3,KDE,1337,4,1359030217,KDE|S3|main|1|W04_C3|1337|4,networks/S3/KDE/f1_W04_C3_s1337_d04.csv
S3,1,W04_C3,KDE,1337,5,637933407,KDE|S3|main|1|W04_C3|1337|5,networks/S3/KDE/f1_W04_C3_s1337_d05.csv
S3,1,W04_C3,KDE,1337,6,3205449445,KDE|S3|main|1|W04_C3|1337|6,networks/S3/KDE/f1_W04_C3_s1337_d06.csv
S3,1,W04_C3,KDE,1337,7,3355997811,KDE|S3|main|1|W04_C3|1337|7,networks/S3/KDE/f1_W04_C3_s1337_d07.csv
S3,1,W04_C3,KDE,20260903,0,1498175906,KDE|S3|main|1|W04_C3|20260903|0,networks/S3/KDE/f1_W04_C3_s20260903_d00.csv
S3,1,W04_C3,KDE,20260903,1,776694068,KDE|S3|main|1|W04_C3|20260903|1,networks/S3/KDE/f1_W04_C3_s20260903_d01.csv
S3,1,W04_C3,KDE,20260903,2,3074570382,KDE|S3|main|1|W04_C3|20260903|2,networks/S3/KDE/f1_W04_C3_s20260903_d02.csv
S3,1,W04_C3,KDE,20260903,3,3225749528,KDE|S3|main|1|W04_C3|20260903|3,networks/S3/KDE/f1_W04_C3_s20260903_d03.csv
S3,1,W04_C3,KDE,20260903,4,1579261371,KDE|S3|main|1|W04_C3|20260903|4,networks/S3/KDE/f1_W04_C3_s20260903_d04.csv
S3,1,W04_C3,KDE,20260903,5,690400557,KDE|S3|main|1|W04_C3|20260903|5,networks/S3/KDE/f1_W04_C3_s20260903_d05.csv
S3,1,W04_C3,KDE,20260903,6,2955934871,KDE|S3|main|1|W04_C3|20260903|6,networks/S3/KDE/f1_W04_C3_s20260903_d06.csv
S3,1,W04_C3,KDE,20260903,7,3341339649,KDE|S3|main|1|W04_C3|20260903|7,networks/S3/KDE/f1_W04_C3_s20260903_d07.csv
S3,1,W04_C3,KDE,7,0,415041637,KDE|S3|main|1|W04_C3|7|0,networks/S3/KDE/f1_W04_C3_s7_d00.csv
S3,1,W04_C3,KDE,7,1,1874475251,KDE|S3|main|1|W04_C3|7|1,networks/S3/KDE/f1_W04_C3_s7_d01.csv
S3,1,W04_C3,KDE,7,2,4138953033,KDE|S3|main|1|W04_C3|7|2,networks/S3/KDE/f1_W04_C3_s7_d02.csv
S3,1,W04_C3,KDE,7,3,2176080351,KDE|S3|main|1|W04_C3|7|3,networks/S3/KDE/f1_W04_C3_s7_d03.csv
S3,1,W04_C3,KDE,7,4,533777532,KDE|S3|main|1|W04_C3|7|4,networks/S3/KDE/f1_W04_C3_s7_d04.csv
S3,1,W04_C3,KDE,7,5,1758985450,KDE|S3|main|1|W04_C3|7|5,networks/S3/KDE/f1_W04_C3_s7_d05.csv
S3,1,W04_C3,KDE,7,6,4057902416,KDE|S3|main|1|W04_C3|7|6,networks/S3/KDE/f1_W04_C3_s7_d06.csv
S3,1,W04_C3,KDE,7,7,2262408646,KDE|S3|main|1|W04_C3|7|7,networks/S3/KDE/f1_W04_C3_s7_d07.csv
S3,1,W04_C4,EVAE,1337,0,1762277702,EVAE|S3|geobg|1|W04_C4|1337|0,networks/S3/EVAE/f1_W04_C4_s1337_d00.csv
S3,1,W04_C4,EVAE,1337,1,504170960,EVAE|S3|geobg|1|W04_C4|1337|1,networks/S3/EVAE/f1_W04_C4_s1337_d01.csv
S3,1,W04_C4,EVAE,1337,2,2265208938,EVAE|S3|geobg|1|W04_C4|1337|2,networks/S3/EVAE/f1_W04_C4_s1337_d02.csv
S3,1,W04_C4,EVAE,1337,3,4026755324,EVAE|S3|geobg|1|W04_C4|1337|3,networks/S3/EVAE/f1_W04_C4_s1337_d03.csv
S3,1,W04_C4,EVAE,1337,4,1852308831,EVAE|S3|geobg|1|W04_C4|1337|4,networks/S3/EVAE/f1_W04_C4_s1337_d04.csv
S3,1,W04_C4,EVAE,1337,5,425774537,EVAE|S3|geobg|1|W04_C4|1337|5,networks/S3/EVAE/f1_W04_C4_s1337_d05.csv
S3,1,W04_C4,EVAE,1337,6,2154404979,EVAE|S3|geobg|1|W04_C4|1337|6,networks/S3/EVAE/f1_W04_C4_s1337_d06.csv
S3,1,W04_C4,EVAE,1337,7,4151225573,EVAE|S3|geobg|1|W04_C4|1337|7,networks/S3/EVAE/f1_W04_C4_s1337_d07.csv
S3,1,W04_C4,EVAE,20260903,0,3300439584,EVAE|S3|geobg|1|W04_C4|20260903|0,networks/S3/EVAE/f1_W04_C4_s20260903_d00.csv
S3,1,W04_C4,EVAE,20260903,1,3015673526,EVAE|S3|geobg|1|W04_C4|20260903|1,networks/S3/EVAE/f1_W04_C4_s20260903_d01.csv
S3,1,W04_C4,EVAE,20260903,2,716625676,EVAE|S3|geobg|1|W04_C4|20260903|2,networks/S3/EVAE/f1_W04_C4_s20260903_d02.csv
S3,1,W04_C4,EVAE,20260903,3,1571940250,EVAE|S3|geobg|1|W04_C4|20260903|3,networks/S3/EVAE/f1_W04_C4_s20260903_d03.csv
S3,1,W04_C4,EVAE,20260903,4,3285545529,EVAE|S3|geobg|1|W04_C4|20260903|4,networks/S3/EVAE/f1_W04_C4_s20260903_d04.csv
S3,1,W04_C4,EVAE,20260903,5,3033678511,EVAE|S3|geobg|1|W04_C4|20260903|5,networks/S3/EVAE/f1_W04_C4_s20260903_d05.csv
S3,1,W04_C4,EVAE,20260903,6,769331989,EVAE|S3|geobg|1|W04_C4|20260903|6,networks/S3/EVAE/f1_W04_C4_s20260903_d06.csv
S3,1,W04_C4,EVAE,20260903,7,1524376451,EVAE|S3|geobg|1|W04_C4|20260903|7,networks/S3/EVAE/f1_W04_C4_s20260903_d07.csv
S3,1,W04_C4,EVAE,7,0,2806925547,EVAE|S3|geobg|1|W04_C4|7|0,networks/S3/EVAE/f1_W04_C4_s7_d00.csv
S3,1,W04_C4,EVAE,7,1,3494475901,EVAE|S3|geobg|1|W04_C4|7|1,networks/S3/EVAE/f1_W04_C4_s7_d01.csv
S3,1,W04_C4,EVAE,7,2,1228941767,EVAE|S3|geobg|1|W04_C4|7|2,networks/S3/EVAE/f1_W04_C4_s7_d02.csv
S3,1,W04_C4,EVAE,7,3,1044846929,EVAE|S3|geobg|1|W04_C4|7|3,networks/S3/EVAE/f1_W04_C4_s7_d03.csv
S3,1,W04_C4,EVAE,7,4,2686684402,EVAE|S3|geobg|1|W04_C4|7|4,networks/S3/EVAE/f1_W04_C4_s7_d04.csv
S3,1,W04_C4,EVAE,7,5,3609508964,EVAE|S3|geobg|1|W04_C4|7|5,networks/S3/EVAE/f1_W04_C4_s7_d05.csv
S3,1,W04_C4,EVAE,7,6,1311632862,EVAE|S3|geobg|1|W04_C4|7|6,networks/S3/EVAE/f1_W04_C4_s7_d06.csv
S3,1,W04_C4,EVAE,7,7,959110472,EVAE|S3|geobg|1|W04_C4|7|7,networks/S3/EVAE/f1_W04_C4_s7_d07.csv
S3,1,W04_C4,ADFNE,1337,0,3199592902,ADFNE|S3|main|1|W04_C4|1337|0,networks/S3/ADFNE/f1_W04_C4_s1337_d00.csv
S3,1,W04_C4,ADFNE,1337,1,3383941456,ADFNE|S3|main|1|W04_C4|1337|1,networks/S3/ADFNE/f1_W04_C4_s1337_d01.csv
S3,1,W04_C4,ADFNE,1337,2,1354467562,ADFNE|S3|main|1|W04_C4|1337|2,networks/S3/ADFNE/f1_W04_C4_s1337_d02.csv
S3,1,W04_C4,ADFNE,1337,3,666679420,ADFNE|S3|main|1|W04_C4|1337|3,networks/S3/ADFNE/f1_W04_C4_s1337_d03.csv
S3,1,W04_C4,ADFNE,1337,4,3117952479,ADFNE|S3|main|1|W04_C4|1337|4,networks/S3/ADFNE/f1_W04_C4_s1337_d04.csv
S3,1,W04_C4,ADFNE,1337,5,3470728521,ADFNE|S3|main|1|W04_C4|1337|5,networks/S3/ADFNE/f1_W04_C4_s1337_d05.csv
S3,1,W04_C4,ADFNE,1337,6,1473662195,ADFNE|S3|main|1|W04_C4|1337|6,networks/S3/ADFNE/f1_W04_C4_s1337_d06.csv
S3,1,W04_C4,ADFNE,1337,7,550599781,ADFNE|S3|main|1|W04_C4|1337|7,networks/S3/ADFNE/f1_W04_C4_s1337_d07.csv
S3,1,W04_C4,ADFNE,20260903,0,3749888043,ADFNE|S3|main|1|W04_C4|20260903|0,networks/S3/ADFNE/f1_W04_C4_s20260903_d00.csv
S3,1,W04_C4,ADFNE,20260903,1,2827350205,ADFNE|S3|main|1|W04_C4|20260903|1,networks/S3/ADFNE/f1_W04_C4_s20260903_d01.csv
S3,1,W04_C4,ADFNE,20260903,2,831299847,ADFNE|S3|main|1|W04_C4|20260903|2,networks/S3/ADFNE/f1_W04_C4_s20260903_d02.csv
S3,1,W04_C4,ADFNE,20260903,3,1183551889,ADFNE|S3|main|1|W04_C4|20260903|3,networks/S3/ADFNE/f1_W04_C4_s20260903_d03.csv
S3,1,W04_C4,ADFNE,20260903,4,3639542834,ADFNE|S3|main|1|W04_C4|20260903|4,networks/S3/ADFNE/f1_W04_C4_s20260903_d04.csv
S3,1,W04_C4,ADFNE,20260903,5,2951230628,ADFNE|S3|main|1|W04_C4|20260903|5,networks/S3/ADFNE/f1_W04_C4_s20260903_d05.csv
S3,1,W04_C4,ADFNE,20260903,6,920741150,ADFNE|S3|main|1|W04_C4|20260903|6,networks/S3/ADFNE/f1_W04_C4_s20260903_d06.csv
S3,1,W04_C4,ADFNE,20260903,7,1105614216,ADFNE|S3|main|1|W04_C4|20260903|7,networks/S3/ADFNE/f1_W04_C4_s20260903_d07.csv
S3,1,W04_C4,ADFNE,7,0,317122520,ADFNE|S3|main|1|W04_C4|7|0,networks/S3/ADFNE/f1_W04_C4_s7_d00.csv
S3,1,W04_C4,ADFNE,7,1,1709299534,ADFNE|S3|main|1|W04_C4|7|1,networks/S3/ADFNE/f1_W04_C4_s7_d01.csv
S3,1,W04_C4,ADFNE,7,2,4243097332,ADFNE|S3|main|1|W04_C4|7|2,networks/S3/ADFNE/f1_W04_C4_s7_d02.csv
S3,1,W04_C4,ADFNE,7,3,2347742818,ADFNE|S3|main|1|W04_C4|7|3,networks/S3/ADFNE/f1_W04_C4_s7_d03.csv
S3,1,W04_C4,ADFNE,7,4,361440193,ADFNE|S3|main|1|W04_C4|7|4,networks/S3/ADFNE/f1_W04_C4_s7_d04.csv
S3,1,W04_C4,ADFNE,7,5,1653347159,ADFNE|S3|main|1|W04_C4|7|5,networks/S3/ADFNE/f1_W04_C4_s7_d05.csv
S3,1,W04_C4,ADFNE,7,6,4219814637,ADFNE|S3|main|1|W04_C4|7|6,networks/S3/ADFNE/f1_W04_C4_s7_d06.csv
S3,1,W04_C4,ADFNE,7,7,2357359227,ADFNE|S3|main|1|W04_C4|7|7,networks/S3/ADFNE/f1_W04_C4_s7_d07.csv
S3,1,W04_C4,KDE,1337,0,1554639561,KDE|S3|main|1|W04_C4|1337|0,networks/S3/KDE/f1_W04_C4_s1337_d00.csv
S3,1,W04_C4,KDE,1337,1,732879455,KDE|S3|main|1|W04_C4|1337|1,networks/S3/KDE/f1_W04_C4_s1337_d01.csv
S3,1,W04_C4,KDE,1337,2,2997324773,KDE|S3|main|1|W04_C4|1337|2,networks/S3/KDE/f1_W04_C4_s1337_d02.csv
S3,1,W04_C4,KDE,1337,3,3315645299,KDE|S3|main|1|W04_C4|1337|3,networks/S3/KDE/f1_W04_C4_s1337_d03.csv
S3,1,W04_C4,KDE,1337,4,1539583696,KDE|S3|main|1|W04_C4|1337|4,networks/S3/KDE/f1_W04_C4_s1337_d04.csv
S3,1,W04_C4,KDE,1337,5,750984774,KDE|S3|main|1|W04_C4|1337|5,networks/S3/KDE/f1_W04_C4_s1337_d05.csv
S3,1,W04_C4,KDE,1337,6,3049934844,KDE|S3|main|1|W04_C4|1337|6,networks/S3/KDE/f1_W04_C4_s1337_d06.csv
S3,1,W04_C4,KDE,1337,7,3268247402,KDE|S3|main|1|W04_C4|1337|7,networks/S3/KDE/f1_W04_C4_s1337_d07.csv
S3,1,W04_C4,KDE,20260903,0,768913453,KDE|S3|main|1|W04_C4|20260903|0,networks/S3/KDE/f1_W04_C4_s20260903_d00.csv
S3,1,W04_C4,KDE,20260903,1,1523810491,KDE|S3|main|1|W04_C4|20260903|1,networks/S3/KDE/f1_W04_C4_s20260903_d01.csv
S3,1,W04_C4,KDE,20260903,2,3285897473,KDE|S3|main|1|W04_C4|20260903|2,networks/S3/KDE/f1_W04_C4_s20260903_d02.csv
S3,1,W04_C4,KDE,20260903,3,3034440087,KDE|S3|main|1|W04_C4|20260903|3,networks/S3/KDE/f1_W04_C4_s20260903_d03.csv
S3,1,W04_C4,KDE,20260903,4,716796980,KDE|S3|main|1|W04_C4|20260903|4,networks/S3/KDE/f1_W04_C4_s20260903_d04.csv
S3,1,W04_C4,KDE,20260903,5,1572750498,KDE|S3|main|1|W04_C4|20260903|5,networks/S3/KDE/f1_W04_C4_s20260903_d05.csv
S3,1,W04_C4,KDE,20260903,6,3300332824,KDE|S3|main|1|W04_C4|20260903|6,networks/S3/KDE/f1_W04_C4_s20260903_d06.csv
S3,1,W04_C4,KDE,20260903,7,3014665614,KDE|S3|main|1|W04_C4|20260903|7,networks/S3/KDE/f1_W04_C4_s20260903_d07.csv
S3,1,W04_C4,KDE,7,0,2862470261,KDE|S3|main|1|W04_C4|7|0,networks/S3/KDE/f1_W04_C4_s7_d00.csv
S3,1,W04_C4,KDE,7,1,3717915875,KDE|S3|main|1|W04_C4|7|1,networks/S3/KDE/f1_W04_C4_s7_d01.csv
S3,1,W04_C4,KDE,7,2,1150530905,KDE|S3|main|1|W04_C4|7|2,networks/S3/KDE/f1_W04_C4_s7_d02.csv
S3,1,W04_C4,KDE,7,3,865371599,KDE|S3|main|1|W04_C4|7|3,networks/S3/KDE/f1_W04_C4_s7_d03.csv
S3,1,W04_C4,KDE,7,4,2918191212,KDE|S3|main|1|W04_C4|7|4,networks/S3/KDE/f1_W04_C4_s7_d04.csv
S3,1,W04_C4,KDE,7,5,3673628922,KDE|S3|main|1|W04_C4|7|5,networks/S3/KDE/f1_W04_C4_s7_d05.csv
S3,1,W04_C4,KDE,7,6,1140748608,KDE|S3|main|1|W04_C4|7|6,networks/S3/KDE/f1_W04_C4_s7_d06.csv
S3,1,W04_C4,KDE,7,7,888750550,KDE|S3|main|1|W04_C4|7|7,networks/S3/KDE/f1_W04_C4_s7_d07.csv
S3,1,W05_C3,EVAE,1337,0,2722230175,EVAE|S3|geobg|1|W05_C3|1337|0,networks/S3/EVAE/f1_W05_C3_s1337_d00.csv
S3,1,W05_C3,EVAE,1337,1,3578191625,EVAE|S3|geobg|1|W05_C3|1337|1,networks/S3/EVAE/f1_W05_C3_s1337_d01.csv
S3,1,W05_C3,EVAE,1337,2,1280282291,EVAE|S3|geobg|1|W05_C3|1337|2,networks/S3/EVAE/f1_W05_C3_s1337_d02.csv
S3,1,W05_C3,EVAE,1337,3,994623013,EVAE|S3|geobg|1|W05_C3|1337|3,networks/S3/EVAE/f1_W05_C3_s1337_d03.csv
S3,1,W05_C3,EVAE,1337,4,2771135366,EVAE|S3|geobg|1|W05_C3|1337|4,networks/S3/EVAE/f1_W05_C3_s1337_d04.csv
S3,1,W05_C3,EVAE,1337,5,3526040336,EVAE|S3|geobg|1|W05_C3|1337|5,networks/S3/EVAE/f1_W05_C3_s1337_d05.csv
S3,1,W05_C3,EVAE,1337,6,1260538538,EVAE|S3|geobg|1|W05_C3|1337|6,networks/S3/EVAE/f1_W05_C3_s1337_d06.csv
S3,1,W05_C3,EVAE,1337,7,1009089084,EVAE|S3|geobg|1|W05_C3|1337|7,networks/S3/EVAE/f1_W05_C3_s1337_d07.csv
S3,1,W05_C3,EVAE,20260903,0,165381191,EVAE|S3|geobg|1|W05_C3|20260903|0,networks/S3/EVAE/f1_W05_C3_s20260903_d00.csv
S3,1,W05_C3,EVAE,20260903,1,2128393425,EVAE|S3|geobg|1|W05_C3|20260903|1,networks/S3/EVAE/f1_W05_C3_s20260903_d01.csv
S3,1,W05_C3,EVAE,20260903,2,3889554795,EVAE|S3|geobg|1|W05_C3|20260903|2,networks/S3/EVAE/f1_W05_C3_s20260903_d02.csv
S3,1,W05_C3,EVAE,20260903,3,2429736445,EVAE|S3|geobg|1|W05_C3|20260903|3,networks/S3/EVAE/f1_W05_C3_s20260903_d03.csv
S3,1,W05_C3,EVAE,20260903,4,246825054,EVAE|S3|geobg|1|W05_C3|20260903|4,networks/S3/EVAE/f1_W05_C3_s20260903_d04.csv
S3,1,W05_C3,EVAE,20260903,5,2041671880,EVAE|S3|geobg|1|W05_C3|20260903|5,networks/S3/EVAE/f1_W05_C3_s20260903_d05.csv
S3,1,W05_C3,EVAE,20260903,6,3770163570,EVAE|S3|geobg|1|W05_C3|20260903|6,networks/S3/EVAE/f1_W05_C3_s20260903_d06.csv
S3,1,W05_C3,EVAE,20260903,7,2545881572,EVAE|S3|geobg|1|W05_C3|20260903|7,networks/S3/EVAE/f1_W05_C3_s20260903_d07.csv
S3,1,W05_C3,EVAE,7,0,3653538917,EVAE|S3|geobg|1|W05_C3|7|0,networks/S3/EVAE/f1_W05_C3_s7_d00.csv
S3,1,W05_C3,EVAE,7,1,2932057331,EVAE|S3|geobg|1|W05_C3|7|1,networks/S3/EVAE/f1_W05_C3_s7_d01.csv
S3,1,W05_C3,EVAE,7,2,936047945,EVAE|S3|geobg|1|W05_C3|7|2,networks/S3/EVAE/f1_W05_C3_s7_d02.csv
S3,1,W05_C3,EVAE,7,3,1087227359,EVAE|S3|geobg|1|W05_C3|7|3,networks/S3/EVAE/f1_W05_C3_s7_d03.csv
S3,1,W05_C3,EVAE,7,4,3735638140,EVAE|S3|geobg|1|W05_C3|7|4,networks/S3/EVAE/f1_W05_C3_s7_d04.csv
S3,1,W05_C3,EVAE,7,5,2846777578,EVAE|S3|geobg|1|W05_C3|7|5,networks/S3/EVAE/f1_W05_C3_s7_d05.csv
S3,1,W05_C3,EVAE,7,6,816263504,EVAE|S3|geobg|1|W05_C3|7|6,networks/S3/EVAE/f1_W05_C3_s7_d06.csv
S3,1,W05_C3,EVAE,7,7,1201668550,EVAE|S3|geobg|1|W05_C3|7|7,networks/S3/EVAE/f1_W05_C3_s7_d07.csv
S3,1,W05_C3,ADFNE,1337,0,1979596575,ADFNE|S3|main|1|W05_C3|1337|0,networks/S3/ADFNE/f1_W05_C3_s1337_d00.csv
S3,1,W05_C3,ADFNE,1337,1,49876873,ADFNE|S3|main|1|W05_C3|1337|1,networks/S3/ADFNE/f1_W05_C3_s1337_d01.csv
S3,1,W05_C3,ADFNE,1337,2,2616221235,ADFNE|S3|main|1|W05_C3|1337|2,networks/S3/ADFNE/f1_W05_C3_s1337_d02.csv
S3,1,W05_C3,ADFNE,1337,3,3975638693,ADFNE|S3|main|1|W05_C3|1337|3,networks/S3/ADFNE/f1_W05_C3_s1337_d03.csv
S3,1,W05_C3,ADFNE,1337,4,1922300678,ADFNE|S3|main|1|W05_C3|1337|4,networks/S3/ADFNE/f1_W05_C3_s1337_d04.csv
S3,1,W05_C3,ADFNE,1337,5,93637520,ADFNE|S3|main|1|W05_C3|1337|5,networks/S3/ADFNE/f1_W05_C3_s1337_d05.csv
S3,1,W05_C3,ADFNE,1337,6,2627574314,ADFNE|S3|main|1|W05_C3|1337|6,networks/S3/ADFNE/f1_W05_C3_s1337_d06.csv
S3,1,W05_C3,ADFNE,1337,7,3952782012,ADFNE|S3|main|1|W05_C3|1337|7,networks/S3/ADFNE/f1_W05_C3_s1337_d07.csv
S3,1,W05_C3,ADFNE,20260903,0,316797516,ADFNE|S3|main|1|W05_C3|20260903|0,networks/S3/ADFNE/f1_W05_C3_s20260903_d00.csv
S3,1,W05_C3,ADFNE,20260903,1,1709621978,ADFNE|S3|main|1|W05_C3|20260903|1,networks/S3/ADFNE/f1_W05_C3_s20260903_d01.csv
S3,1,W05_C3,ADFNE,20260903,2,4243559264,ADFNE|S3|main|1|W05_C3|20260903|2,networks/S3/ADFNE/f1_W05_C3_s20260903_d02.csv
S3,1,W05_C3,ADFNE,20260903,3,2347279350,ADFNE|S3|main|1|W05_C3|20260903|3,networks/S3/ADFNE/f1_W05_C3_s20260903_d03.csv
S3,1,W05_C3,ADFNE,20260903,4,361510485,ADFNE|S3|main|1|W05_C3|20260903|4,networks/S3/ADFNE/f1_W05_C3_s20260903_d04.csv
S3,1,W05_C3,ADFNE,20260903,5,1653278403,ADFNE|S3|main|1|W05_C3|20260903|5,networks/S3/ADFNE/f1_W05_C3_s20260903_d05.csv
S3,1,W05_C3,ADFNE,20260903,6,4219623289,ADFNE|S3|main|1|W05_C3|20260903|6,networks/S3/ADFNE/f1_W05_C3_s20260903_d06.csv
S3,1,W05_C3,ADFNE,20260903,7,2357553135,ADFNE|S3|main|1|W05_C3|20260903|7,networks/S3/ADFNE/f1_W05_C3_s20260903_d07.csv
S3,1,W05_C3,ADFNE,7,0,1819032406,ADFNE|S3|main|1|W05_C3|7|0,networks/S3/ADFNE/f1_W05_C3_s7_d00.csv
S3,1,W05_C3,ADFNE,7,1,460000192,ADFNE|S3|main|1|W05_C3|7|1,networks/S3/ADFNE/f1_W05_C3_s7_d01.csv
S3,1,W05_C3,ADFNE,7,2,2187483770,ADFNE|S3|main|1|W05_C3|7|2,networks/S3/ADFNE/f1_W05_C3_s7_d02.csv
S3,1,W05_C3,ADFNE,7,3,4117064428,ADFNE|S3|main|1|W05_C3|7|3,networks/S3/ADFNE/f1_W05_C3_s7_d03.csv
S3,1,W05_C3,ADFNE,7,4,1795293007,ADFNE|S3|main|1|W05_C3|7|4,networks/S3/ADFNE/f1_W05_C3_s7_d04.csv
S3,1,W05_C3,ADFNE,7,5,470208473,ADFNE|S3|main|1|W05_C3|7|5,networks/S3/ADFNE/f1_W05_C3_s7_d05.csv
S3,1,W05_C3,ADFNE,7,6,2232393315,ADFNE|S3|main|1|W05_C3|7|6,networks/S3/ADFNE/f1_W05_C3_s7_d06.csv
S3,1,W05_C3,ADFNE,7,7,4060655349,ADFNE|S3|main|1|W05_C3|7|7,networks/S3/ADFNE/f1_W05_C3_s7_d07.csv
S3,1,W05_C3,KDE,1337,0,2548186128,KDE|S3|main|1|W05_C3|1337|0,networks/S3/KDE/f1_W05_C3_s1337_d00.csv
S3,1,W05_C3,KDE,1337,1,3773107334,KDE|S3|main|1|W05_C3|1337|1,networks/S3/KDE/f1_W05_C3_s1337_d01.csv
S3,1,W05_C3,KDE,1337,2,2045533500,KDE|S3|main|1|W05_C3|1337|2,networks/S3/KDE/f1_W05_C3_s1337_d02.csv
S3,1,W05_C3,KDE,1337,3,250310058,KDE|S3|main|1|W05_C3|1337|3,networks/S3/KDE/f1_W05_C3_s1337_d03.csv
S3,1,W05_C3,KDE,1337,4,2425354249,KDE|S3|main|1|W05_C3|1337|4,networks/S3/KDE/f1_W05_C3_s1337_d04.csv
S3,1,W05_C3,KDE,1337,5,3884501151,KDE|S3|main|1|W05_C3|1337|5,networks/S3/KDE/f1_W05_C3_s1337_d05.csv
S3,1,W05_C3,KDE,1337,6,2122422565,KDE|S3|main|1|W05_C3|1337|6,networks/S3/KDE/f1_W05_C3_s1337_d06.csv
S3,1,W05_C3,KDE,1337,7,159820211,KDE|S3|main|1|W05_C3|1337|7,networks/S3/KDE/f1_W05_C3_s1337_d07.csv
S3,1,W05_C3,KDE,20260903,0,3770122826,KDE|S3|main|1|W05_C3|20260903|0,networks/S3/KDE/f1_W05_C3_s20260903_d00.csv
S3,1,W05_C3,KDE,20260903,1,2544939740,KDE|S3|main|1|W05_C3|20260903|1,networks/S3/KDE/f1_W05_C3_s20260903_d01.csv
S3,1,W05_C3,KDE,20260903,2,247063398,KDE|S3|main|1|W05_C3|20260903|2,networks/S3/KDE/f1_W05_C3_s20260903_d02.csv
S3,1,W05_C3,KDE,20260903,3,2042549232,KDE|S3|main|1|W05_C3|20260903|3,networks/S3/KDE/f1_W05_C3_s20260903_d03.csv
S3,1,W05_C3,KDE,20260903,4,3889841747,KDE|S3|main|1|W05_C3|20260903|4,networks/S3/KDE/f1_W05_C3_s20260903_d04.csv
S3,1,W05_C3,KDE,20260903,5,2430432965,KDE|S3|main|1|W05_C3|20260903|5,networks/S3/KDE/f1_W05_C3_s20260903_d05.csv
S3,1,W05_C3,KDE,20260903,6,164898687,KDE|S3|main|1|W05_C3|20260903|6,networks/S3/KDE/f1_W05_C3_s20260903_d06.csv
S3,1,W05_C3,KDE,20260903,7,2127763433,KDE|S3|main|1|W05_C3|20260903|7,networks/S3/KDE/f1_W05_C3_s20260903_d07.csv
S3,1,W05_C3,KDE,7,0,3558279419,KDE|S3|main|1|W05_C3|7|0,networks/S3/KDE/f1_W05_C3_s7_d00.csv
S3,1,W05_C3,KDE,7,1,2735749229,KDE|S3|main|1|W05_C3|7|1,networks/S3/KDE/f1_W05_C3_s7_d01.csv
S3,1,W05_C3,KDE,7,2,974744023,KDE|S3|main|1|W05_C3|7|2,networks/S3/KDE/f1_W05_C3_s7_d02.csv
S3,1,W05_C3,KDE,7,3,1293834561,KDE|S3|main|1|W05_C3|7|3,networks/S3/KDE/f1_W05_C3_s7_d03.csv
S3,1,W05_C3,KDE,7,4,3548040418,KDE|S3|main|1|W05_C3|7|4,networks/S3/KDE/f1_W05_C3_s7_d04.csv
S3,1,W05_C3,KDE,7,5,2759720052,KDE|S3|main|1|W05_C3|7|5,networks/S3/KDE/f1_W05_C3_s7_d05.csv
S3,1,W05_C3,KDE,7,6,1031056846,KDE|S3|main|1|W05_C3|7|6,networks/S3/KDE/f1_W05_C3_s7_d06.csv
S3,1,W05_C3,KDE,7,7,1249090904,KDE|S3|main|1|W05_C3|7|7,networks/S3/KDE/f1_W05_C3_s7_d07.csv
S3,1,W05_C4,EVAE,1337,0,2827282054,EVAE|S3|geobg|1|W05_C4|1337|0,networks/S3/EVAE/f1_W05_C4_s1337_d00.csv
S3,1,W05_C4,EVAE,1337,1,3749959184,EVAE|S3|geobg|1|W05_C4|1337|1,networks/S3/EVAE/f1_W05_C4_s1337_d01.csv
S3,1,W05_C4,EVAE,1337,2,1183483818,EVAE|S3|geobg|1|W05_C4|1337|2,networks/S3/EVAE/f1_W05_C4_s1337_d02.csv
S3,1,W05_C4,EVAE,1337,3,831371068,EVAE|S3|geobg|1|W05_C4|1337|3,networks/S3/EVAE/f1_W05_C4_s1337_d03.csv
S3,1,W05_C4,EVAE,1337,4,2951291551,EVAE|S3|geobg|1|W05_C4|1337|4,networks/S3/EVAE/f1_W05_C4_s1337_d04.csv
S3,1,W05_C4,EVAE,1337,5,3639480841,EVAE|S3|geobg|1|W05_C4|1337|5,networks/S3/EVAE/f1_W05_C4_s1337_d05.csv
S3,1,W05_C4,EVAE,1337,6,1105675187,EVAE|S3|geobg|1|W05_C4|1337|6,networks/S3/EVAE/f1_W05_C4_s1337_d06.csv
S3,1,W05_C4,EVAE,1337,7,920679205,EVAE|S3|geobg|1|W05_C4|1337|7,networks/S3/EVAE/f1_W05_C4_s1337_d07.csv
S3,1,W05_C4,EVAE,20260903,0,2101571016,EVAE|S3|geobg|1|W05_C4|20260903|0,networks/S3/EVAE/f1_W05_C4_s20260903_d00.csv
S3,1,W05_C4,EVAE,20260903,1,172252510,EVAE|S3|geobg|1|W05_C4|20260903|1,networks/S3/EVAE/f1_W05_C4_s20260903_d01.csv
S3,1,W05_C4,EVAE,20260903,2,2471300324,EVAE|S3|geobg|1|W05_C4|20260903|2,networks/S3/EVAE/f1_W05_C4_s20260903_d02.csv
S3,1,W05_C4,EVAE,20260903,3,3830070386,EVAE|S3|geobg|1|W05_C4|20260903|3,networks/S3/EVAE/f1_W05_C4_s20260903_d03.csv
S3,1,W05_C4,EVAE,20260903,4,2049878481,EVAE|S3|geobg|1|W05_C4|20260903|4,networks/S3/EVAE/f1_W05_C4_s20260903_d04.csv
S3,1,W05_C4,EVAE,20260903,5,220830023,EVAE|S3|geobg|1|W05_C4|20260903|5,networks/S3/EVAE/f1_W05_C4_s20260903_d05.csv
S3,1,W05_C4,EVAE,20260903,6,2485176573,EVAE|S3|geobg|1|W05_C4|20260903|6,networks/S3/EVAE/f1_W05_C4_s20260903_d06.csv
S3,1,W05_C4,EVAE,20260903,7,3811047531,EVAE|S3|geobg|1|W05_C4|20260903|7,networks/S3/EVAE/f1_W05_C4_s20260903_d07.csv
S3,1,W05_C4,EVAE,7,0,1810122869,EVAE|S3|geobg|1|W05_C4|7|0,networks/S3/EVAE/f1_W05_C4_s7_d00.csv
S3,1,W05_C4,EVAE,7,1,484669667,EVAE|S3|geobg|1|W05_C4|7|1,networks/S3/EVAE/f1_W05_C4_s7_d01.csv
S3,1,W05_C4,EVAE,7,2,2246715737,EVAE|S3|geobg|1|W05_C4|7|2,networks/S3/EVAE/f1_W05_C4_s7_d02.csv
S3,1,W05_C4,EVAE,7,3,4075624911,EVAE|S3|geobg|1|W05_C4|7|3,networks/S3/EVAE/f1_W05_C4_s7_d03.csv
S3,1,W05_C4,EVAE,7,4,1820953708,EVAE|S3|geobg|1|W05_C4|7|4,networks/S3/EVAE/f1_W05_C4_s7_d04.csv
S3,1,W05_C4,EVAE,7,5,462339322,EVAE|S3|geobg|1|W05_C4|7|5,networks/S3/EVAE/f1_W05_C4_s7_d05.csv
S3,1,W05_C4,EVAE,7,6,2189946176,EVAE|S3|geobg|1|W05_C4|7|6,networks/S3/EVAE/f1_W05_C4_s7_d06.csv
S3,1,W05_C4,EVAE,7,7,4118863318,EVAE|S3|geobg|1|W05_C4|7|7,networks/S3/EVAE/f1_W05_C4_s7_d07.csv
S3,1,W05_C4,ADFNE,1337,0,2134586886,ADFNE|S3|main|1|W05_C4|1337|0,networks/S3/ADFNE/f1_W05_C4_s1337_d00.csv
S3,1,W05_C4,ADFNE,1337,1,138151568,ADFNE|S3|main|1|W05_C4|1337|1,networks/S3/ADFNE/f1_W05_C4_s1337_d01.csv
S3,1,W05_C4,ADFNE,1337,2,2436192042,ADFNE|S3|main|1|W05_C4|1337|2,networks/S3/ADFNE/f1_W05_C4_s1337_d02.csv
S3,1,W05_C4,ADFNE,1337,3,3862063036,ADFNE|S3|main|1|W05_C4|1337|3,networks/S3/ADFNE/f1_W05_C4_s1337_d03.csv
S3,1,W05_C4,ADFNE,1337,4,2018963999,ADFNE|S3|main|1|W05_C4|1337|4,networks/S3/ADFNE/f1_W05_C4_s1337_d04.csv
S3,1,W05_C4,ADFNE,1337,5,257016457,ADFNE|S3|main|1|W05_C4|1337|5,networks/S3/ADFNE/f1_W05_C4_s1337_d05.csv
S3,1,W05_C4,ADFNE,1337,6,2522387251,ADFNE|S3|main|1|W05_C4|1337|6,networks/S3/ADFNE/f1_W05_C4_s1337_d06.csv
S3,1,W05_C4,ADFNE,1337,7,3781141413,ADFNE|S3|main|1|W05_C4|1337|7,networks/S3/ADFNE/f1_W05_C4_s1337_d07.csv
S3,1,W05_C4,ADFNE,20260903,0,1719212995,ADFNE|S3|main|1|W05_C4|20260903|0,networks/S3/ADFNE/f1_W05_C4_s20260903_d00.csv
S3,1,W05_C4,ADFNE,20260903,1,293481301,ADFNE|S3|main|1|W05_C4|20260903|1,networks/S3/ADFNE/f1_W05_C4_s20260903_d01.csv
S3,1,W05_C4,ADFNE,20260903,2,2289531631,ADFNE|S3|main|1|W05_C4|20260903|2,networks/S3/ADFNE/f1_W05_C4_s20260903_d02.csv
S3,1,W05_C4,ADFNE,20260903,3,4285549177,ADFNE|S3|main|1|W05_C4|20260903|3,networks/S3/ADFNE/f1_W05_C4_s20260903_d03.csv
S3,1,W05_C4,ADFNE,20260903,4,1628757978,ADFNE|S3|main|1|W05_C4|20260903|4,networks/S3/ADFNE/f1_W05_C4_s20260903_d04.csv
S3,1,W05_C4,ADFNE,20260903,5,370405196,ADFNE|S3|main|1|W05_C4|20260903|5,networks/S3/ADFNE/f1_W05_C4_s20260903_d05.csv
S3,1,W05_C4,ADFNE,20260903,6,2400894710,ADFNE|S3|main|1|W05_C4|20260903|6,networks/S3/ADFNE/f1_W05_C4_s20260903_d06.csv
S3,1,W05_C4,ADFNE,20260903,7,4162686560,ADFNE|S3|main|1|W05_C4|20260903|7,networks/S3/ADFNE/f1_W05_C4_s20260903_d07.csv
S3,1,W05_C4,ADFNE,7,0,3729581894,ADFNE|S3|main|1|W05_C4|7|0,networks/S3/ADFNE/f1_W05_C4_s7_d00.csv
S3,1,W05_C4,ADFNE,7,1,2840319952,ADFNE|S3|main|1|W05_C4|7|1,networks/S3/ADFNE/f1_W05_C4_s7_d01.csv
S3,1,W05_C4,ADFNE,7,2,809666154,ADFNE|S3|main|1|W05_C4|7|2,networks/S3/ADFNE/f1_W05_C4_s7_d02.csv
S3,1,W05_C4,ADFNE,7,3,1195751164,ADFNE|S3|main|1|W05_C4|7|3,networks/S3/ADFNE/f1_W05_C4_s7_d03.csv
S3,1,W05_C4,ADFNE,7,4,3642827615,ADFNE|S3|main|1|W05_C4|7|4,networks/S3/ADFNE/f1_W05_C4_s7_d04.csv
S3,1,W05_C4,ADFNE,7,5,2921731017,ADFNE|S3|main|1|W05_C4|7|5,networks/S3/ADFNE/f1_W05_C4_s7_d05.csv
S3,1,W05_C4,ADFNE,7,6,925844083,ADFNE|S3|main|1|W05_C4|7|6,networks/S3/ADFNE/f1_W05_C4_s7_d06.csv
S3,1,W05_C4,ADFNE,7,7,1076392677,ADFNE|S3|main|1|W05_C4|7|7,networks/S3/ADFNE/f1_W05_C4_s7_d07.csv
S3,1,W05_C4,KDE,1337,0,2636592393,KDE|S3|main|1|W05_C4|1337|0,networks/S3/KDE/f1_W05_C4_s1337_d00.csv
S3,1,W05_C4,KDE,1337,1,3927967135,KDE|S3|main|1|W05_C4|1337|1,networks/S3/KDE/f1_W05_C4_s1337_d01.csv
S3,1,W05_C4,KDE,1337,2,1932088357,KDE|S3|main|1|W05_C4|1337|2,networks/S3/KDE/f1_W05_C4_s1337_d02.csv
S3,1,W05_C4,KDE,1337,3,70149299,KDE|S3|main|1|W05_C4|1337|3,networks/S3/KDE/f1_W05_C4_s1337_d03.csv
S3,1,W05_C4,KDE,1337,4,2588602640,KDE|S3|main|1|W05_C4|1337|4,networks/S3/KDE/f1_W05_C4_s1337_d04.csv
S3,1,W05_C4,KDE,1337,5,3981296006,KDE|S3|main|1|W05_C4|1337|5,networks/S3/KDE/f1_W05_C4_s1337_d05.csv
S3,1,W05_C4,KDE,1337,6,1950650428,KDE|S3|main|1|W05_C4|1337|6,networks/S3/KDE/f1_W05_C4_s1337_d06.csv
S3,1,W05_C4,KDE,1337,7,54763690,KDE|S3|main|1|W05_C4|1337|7,networks/S3/KDE/f1_W05_C4_s1337_d07.csv
S3,1,W05_C4,KDE,20260903,0,2486135749,KDE|S3|main|1|W05_C4|20260903|0,networks/S3/KDE/f1_W05_C4_s20260903_d00.csv
S3,1,W05_C4,KDE,20260903,1,3811072851,KDE|S3|main|1|W05_C4|20260903|1,networks/S3/KDE/f1_W05_C4_s20260903_d01.csv
S3,1,W05_C4,KDE,20260903,2,2048985833,KDE|S3|main|1|W05_C4|20260903|2,networks/S3/KDE/f1_W05_C4_s20260903_d02.csv
S3,1,W05_C4,KDE,20260903,3,220609151,KDE|S3|main|1|W05_C4|20260903|3,networks/S3/KDE/f1_W05_C4_s20260903_d03.csv
S3,1,W05_C4,KDE,20260903,4,2470621148,KDE|S3|main|1|W05_C4|20260903|4,networks/S3/KDE/f1_W05_C4_s20260903_d04.csv
S3,1,W05_C4,KDE,20260903,5,3829768010,KDE|S3|main|1|W05_C4|20260903|5,networks/S3/KDE/f1_W05_C4_s20260903_d05.csv
S3,1,W05_C4,KDE,20260903,6,2102185712,KDE|S3|main|1|W05_C4|20260903|6,networks/S3/KDE/f1_W05_C4_s20260903_d06.csv
S3,1,W05_C4,KDE,20260903,7,172752486,KDE|S3|main|1|W05_C4|20260903|7,networks/S3/KDE/f1_W05_C4_s20260903_d07.csv
S3,1,W05_C4,KDE,7,0,1714935019,KDE|S3|main|1|W05_C4|7|0,networks/S3/KDE/f1_W05_C4_s7_d00.csv
S3,1,W05_C4,KDE,7,1,288416893,KDE|S3|main|1|W05_C4|7|1,networks/S3/KDE/f1_W05_C4_s7_d01.csv
S3,1,W05_C4,KDE,7,2,2285483463,KDE|S3|main|1|W05_C4|7|2,networks/S3/KDE/f1_W05_C4_s7_d02.csv
S3,1,W05_C4,KDE,7,3,4282287441,KDE|S3|main|1|W05_C4|7|3,networks/S3/KDE/f1_W05_C4_s7_d03.csv
S3,1,W05_C4,KDE,7,4,1633292530,KDE|S3|main|1|W05_C4|7|4,networks/S3/KDE/f1_W05_C4_s7_d04.csv
S3,1,W05_C4,KDE,7,5,375201892,KDE|S3|main|1|W05_C4|7|5,networks/S3/KDE/f1_W05_C4_s7_d05.csv
S3,1,W05_C4,KDE,7,6,2404676062,KDE|S3|main|1|W05_C4|7|6,networks/S3/KDE/f1_W05_C4_s7_d06.csv
S3,1,W05_C4,KDE,7,7,4166205768,KDE|S3|main|1|W05_C4|7|7,networks/S3/KDE/f1_W05_C4_s7_d07.csv
S3,1,W06_C3,EVAE,1337,0,1000573342,EVAE|S3|geobg|1|W06_C3|1337|0,networks/S3/EVAE/f1_W06_C3_s1337_d00.csv
S3,1,W06_C3,EVAE,1337,1,1285863688,EVAE|S3|geobg|1|W06_C3|1337|1,networks/S3/EVAE/f1_W06_C3_s1337_d01.csv
S3,1,W06_C3,EVAE,1337,2,3584944306,EVAE|S3|geobg|1|W06_C3|1337|2,networks/S3/EVAE/f1_W06_C3_s1337_d02.csv
S3,1,W06_C3,EVAE,1337,3,2729105444,EVAE|S3|geobg|1|W06_C3|1337|3,networks/S3/EVAE/f1_W06_C3_s1337_d03.csv
S3,1,W06_C3,EVAE,1337,4,1020153223,EVAE|S3|geobg|1|W06_C3|1337|4,networks/S3/EVAE/f1_W06_C3_s1337_d04.csv
S3,1,W06_C3,EVAE,1337,5,1271495953,EVAE|S3|geobg|1|W06_C3|1337|5,networks/S3/EVAE/f1_W06_C3_s1337_d05.csv
S3,1,W06_C3,EVAE,1337,6,3535809707,EVAE|S3|geobg|1|W06_C3|1337|6,networks/S3/EVAE/f1_W06_C3_s1337_d06.csv
S3,1,W06_C3,EVAE,1337,7,2781289533,EVAE|S3|geobg|1|W06_C3|1337|7,networks/S3/EVAE/f1_W06_C3_s1337_d07.csv
S3,1,W06_C3,EVAE,20260903,0,413593150,EVAE|S3|geobg|1|W06_C3|20260903|0,networks/S3/EVAE/f1_W06_C3_s20260903_d00.csv
S3,1,W06_C3,EVAE,20260903,1,1872879272,EVAE|S3|geobg|1|W06_C3|20260903|1,networks/S3/EVAE/f1_W06_C3_s20260903_d01.csv
S3,1,W06_C3,EVAE,20260903,2,4138241810,EVAE|S3|geobg|1|W06_C3|20260903|2,networks/S3/EVAE/f1_W06_C3_s20260903_d02.csv
S3,1,W06_C3,EVAE,20260903,3,2175778692,EVAE|S3|geobg|1|W06_C3|20260903|3,networks/S3/EVAE/f1_W06_C3_s20260903_d03.csv
S3,1,W06_C3,EVAE,20260903,4,533408295,EVAE|S3|geobg|1|W06_C3|20260903|4,networks/S3/EVAE/f1_W06_C3_s20260903_d04.csv
S3,1,W06_C3,EVAE,20260903,5,1758206641,EVAE|S3|geobg|1|W06_C3|20260903|5,networks/S3/EVAE/f1_W06_C3_s20260903_d05.csv
S3,1,W06_C3,EVAE,20260903,6,4056238859,EVAE|S3|geobg|1|W06_C3|20260903|6,networks/S3/EVAE/f1_W06_C3_s20260903_d06.csv
S3,1,W06_C3,EVAE,20260903,7,2260892573,EVAE|S3|geobg|1|W06_C3|20260903|7,networks/S3/EVAE/f1_W06_C3_s20260903_d07.csv
S3,1,W06_C3,EVAE,7,0,1464570758,EVAE|S3|geobg|1|W06_C3|7|0,networks/S3/EVAE/f1_W06_C3_s7_d00.csv
S3,1,W06_C3,EVAE,7,1,541893392,EVAE|S3|geobg|1|W06_C3|7|1,networks/S3/EVAE/f1_W06_C3_s7_d01.csv
S3,1,W06_C3,EVAE,7,2,3108369066,EVAE|S3|geobg|1|W06_C3|7|2,networks/S3/EVAE/f1_W06_C3_s7_d02.csv
S3,1,W06_C3,EVAE,7,3,3460481596,EVAE|S3|geobg|1|W06_C3|7|3,networks/S3/EVAE/f1_W06_C3_s7_d03.csv
S3,1,W06_C3,EVAE,7,4,1344690079,EVAE|S3|geobg|1|W06_C3|7|4,networks/S3/EVAE/f1_W06_C3_s7_d04.csv
S3,1,W06_C3,EVAE,7,5,656500489,EVAE|S3|geobg|1|W06_C3|7|5,networks/S3/EVAE/f1_W06_C3_s7_d05.csv
S3,1,W06_C3,EVAE,7,6,3190306483,EVAE|S3|geobg|1|W06_C3|7|6,networks/S3/EVAE/f1_W06_C3_s7_d06.csv
S3,1,W06_C3,EVAE,7,7,3375302181,EVAE|S3|geobg|1|W06_C3|7|7,networks/S3/EVAE/f1_W06_C3_s7_d07.csv
S3,1,W06_C3,ADFNE,1337,0,3961280798,ADFNE|S3|main|1|W06_C3|1337|0,networks/S3/ADFNE/f1_W06_C3_s1337_d00.csv
S3,1,W06_C3,ADFNE,1337,1,2602264968,ADFNE|S3|main|1|W06_C3|1337|1,networks/S3/ADFNE/f1_W06_C3_s1337_d01.csv
S3,1,W06_C3,ADFNE,1337,2,34748466,ADFNE|S3|main|1|W06_C3|1337|2,networks/S3/ADFNE/f1_W06_C3_s1337_d02.csv
S3,1,W06_C3,ADFNE,1337,3,1964312740,ADFNE|S3|main|1|W06_C3|1337|3,networks/S3/ADFNE/f1_W06_C3_s1337_d03.csv
S3,1,W06_C3,ADFNE,1337,4,3950091527,ADFNE|S3|main|1|W06_C3|1337|4,networks/S3/ADFNE/f1_W06_C3_s1337_d04.csv
S3,1,W06_C3,ADFNE,1337,5,2625023377,ADFNE|S3|main|1|W06_C3|1337|5,networks/S3/ADFNE/f1_W06_C3_s1337_d05.csv
S3,1,W06_C3,ADFNE,1337,6,92273707,ADFNE|S3|main|1|W06_C3|1337|6,networks/S3/ADFNE/f1_W06_C3_s1337_d06.csv
S3,1,W06_C3,ADFNE,1337,7,1920519357,ADFNE|S3|main|1|W06_C3|1337|7,networks/S3/ADFNE/f1_W06_C3_s1337_d07.csv
S3,1,W06_C3,ADFNE,20260903,0,60594229,ADFNE|S3|main|1|W06_C3|20260903|0,networks/S3/ADFNE/f1_W06_C3_s20260903_d00.csv
S3,1,W06_C3,ADFNE,20260903,1,1956358307,ADFNE|S3|main|1|W06_C3|20260903|1,networks/S3/ADFNE/f1_W06_C3_s20260903_d01.csv
S3,1,W06_C3,ADFNE,20260903,2,3985832217,ADFNE|S3|main|1|W06_C3|20260903|2,networks/S3/ADFNE/f1_W06_C3_s20260903_d02.csv
S3,1,W06_C3,ADFNE,20260903,3,2593507727,ADFNE|S3|main|1|W06_C3|20260903|3,networks/S3/ADFNE/f1_W06_C3_s20260903_d03.csv
S3,1,W06_C3,ADFNE,20260903,4,82926636,ADFNE|S3|main|1|W06_C3|20260903|4,networks/S3/ADFNE/f1_W06_C3_s20260903_d04.csv
S3,1,W06_C3,ADFNE,20260903,5,1945529530,ADFNE|S3|main|1|W06_C3|20260903|5,networks/S3/ADFNE/f1_W06_C3_s20260903_d05.csv
S3,1,W06_C3,ADFNE,20260903,6,3942595840,ADFNE|S3|main|1|W06_C3|20260903|6,networks/S3/ADFNE/f1_W06_C3_s20260903_d06.csv
S3,1,W06_C3,ADFNE,20260903,7,2650279318,ADFNE|S3|main|1|W06_C3|20260903|7,networks/S3/ADFNE/f1_W06_C3_s20260903_d07.csv
S3,1,W06_C3,ADFNE,7,0,3806543029,ADFNE|S3|main|1|W06_C3|7|0,networks/S3/ADFNE/f1_W06_C3_s7_d00.csv
S3,1,W06_C3,ADFNE,7,1,2514750499,ADFNE|S3|main|1|W06_C3|7|1,networks/S3/ADFNE/f1_W06_C3_s7_d01.csv
S3,1,W06_C3,ADFNE,7,2,216882585,ADFNE|S3|main|1|W06_C3|7|2,networks/S3/ADFNE/f1_W06_C3_s7_d02.csv
S3,1,W06_C3,ADFNE,7,3,2078960911,ADFNE|S3|main|1|W06_C3|7|3,networks/S3/ADFNE/f1_W06_C3_s7_d03.csv
S3,1,W06_C3,ADFNE,7,4,3851352236,ADFNE|S3|main|1|W06_C3|7|4,networks/S3/ADFNE/f1_W06_C3_s7_d04.csv
S3,1,W06_C3,ADFNE,7,5,2458503226,ADFNE|S3|main|1|W06_C3|7|5,networks/S3/ADFNE/f1_W06_C3_s7_d05.csv
S3,1,W06_C3,ADFNE,7,6,192977280,ADFNE|S3|main|1|W06_C3|7|6,networks/S3/ADFNE/f1_W06_C3_s7_d06.csv
S3,1,W06_C3,ADFNE,7,7,2089265430,ADFNE|S3|main|1|W06_C3|7|7,networks/S3/ADFNE/f1_W06_C3_s7_d07.csv
S3,1,W06_C3,KDE,1337,0,234904081,KDE|S3|main|1|W06_C3|1337|0,networks/S3/KDE/f1_W06_C3_s1337_d00.csv
S3,1,W06_C3,KDE,1337,1,2030529159,KDE|S3|main|1|W06_C3|1337|1,networks/S3/KDE/f1_W06_C3_s1337_d01.csv
S3,1,W06_C3,KDE,1337,2,3759029053,KDE|S3|main|1|W06_C3|1337|2,networks/S3/KDE/f1_W06_C3_s1337_d02.csv
S3,1,W06_C3,KDE,1337,3,2533952427,KDE|S3|main|1|W06_C3|1337|3,networks/S3/KDE/f1_W06_C3_s1337_d03.csv
S3,1,W06_C3,KDE,1337,4,158178824,KDE|S3|main|1|W06_C3|1337|4,networks/S3/KDE/f1_W06_C3_s1337_d04.csv
S3,1,W06_C3,KDE,1337,5,2120920734,KDE|S3|main|1|W06_C3|1337|5,networks/S3/KDE/f1_W06_C3_s1337_d05.csv
S3,1,W06_C3,KDE,1337,6,3882090276,KDE|S3|main|1|W06_C3|1337|6,networks/S3/KDE/f1_W06_C3_s1337_d06.csv
S3,1,W06_C3,KDE,1337,7,2422525874,KDE|S3|main|1|W06_C3|1337|7,networks/S3/KDE/f1_W06_C3_s1337_d07.csv
S3,1,W06_C3,KDE,20260903,0,4056606771,KDE|S3|main|1|W06_C3|20260903|0,networks/S3/KDE/f1_W06_C3_s20260903_d00.csv
S3,1,W06_C3,KDE,20260903,1,2261637285,KDE|S3|main|1|W06_C3|20260903|1,networks/S3/KDE/f1_W06_C3_s20260903_d01.csv
S3,1,W06_C3,KDE,20260903,2,532973855,KDE|S3|main|1|W06_C3|20260903|2,networks/S3/KDE/f1_W06_C3_s20260903_d02.csv
S3,1,W06_C3,KDE,20260903,3,1757657481,KDE|S3|main|1|W06_C3|20260903|3,networks/S3/KDE/f1_W06_C3_s20260903_d03.csv
S3,1,W06_C3,KDE,20260903,4,4138150954,KDE|S3|main|1|W06_C3|20260903|4,networks/S3/KDE/f1_W06_C3_s20260903_d04.csv
S3,1,W06_C3,KDE,20260903,5,2174753980,KDE|S3|main|1|W06_C3|20260903|5,networks/S3/KDE/f1_W06_C3_s20260903_d05.csv
S3,1,W06_C3,KDE,20260903,6,413748486,KDE|S3|main|1|W06_C3|20260903|6,networks/S3/KDE/f1_W06_C3_s20260903_d06.csv
S3,1,W06_C3,KDE,20260903,7,1873706384,KDE|S3|main|1|W06_C3|20260903|7,networks/S3/KDE/f1_W06_C3_s20260903_d07.csv
S3,1,W06_C3,KDE,7,0,1519914776,KDE|S3|main|1|W06_C3|7|0,networks/S3/KDE/f1_W06_C3_s7_d00.csv
S3,1,W06_C3,KDE,7,1,765411214,KDE|S3|main|1|W06_C3|7|1,networks/S3/KDE/f1_W06_C3_s7_d01.csv
S3,1,W06_C3,KDE,7,2,3029757492,KDE|S3|main|1|W06_C3|7|2,networks/S3/KDE/f1_W06_C3_s7_d02.csv
S3,1,W06_C3,KDE,7,3,3281084066,KDE|S3|main|1|W06_C3|7|3,networks/S3/KDE/f1_W06_C3_s7_d03.csv
S3,1,W06_C3,KDE,7,4,1576389377,KDE|S3|main|1|W06_C3|7|4,networks/S3/KDE/f1_W06_C3_s7_d04.csv
S3,1,W06_C3,KDE,7,5,720567191,KDE|S3|main|1|W06_C3|7|5,networks/S3/KDE/f1_W06_C3_s7_d05.csv
S3,1,W06_C3,KDE,7,6,3019614765,KDE|S3|main|1|W06_C3|7|6,networks/S3/KDE/f1_W06_C3_s7_d06.csv
S3,1,W06_C3,KDE,7,7,3304889019,KDE|S3|main|1|W06_C3|7|7,networks/S3/KDE/f1_W06_C3_s7_d07.csv
S3,1,W06_C4,EVAE,1337,0,828801159,EVAE|S3|geobg|1|W06_C4|1337|0,networks/S3/EVAE/f1_W06_C4_s1337_d00.csv
S3,1,W06_C4,EVAE,1337,1,1180807185,EVAE|S3|geobg|1|W06_C4|1337|1,networks/S3/EVAE/f1_W06_C4_s1337_d01.csv
S3,1,W06_C4,EVAE,1337,2,3748192683,EVAE|S3|geobg|1|W06_C4|1337|2,networks/S3/EVAE/f1_W06_C4_s1337_d02.csv
S3,1,W06_C4,EVAE,1337,3,2825900349,EVAE|S3|geobg|1|W06_C4|1337|3,networks/S3/EVAE/f1_W06_C4_s1337_d03.csv
S3,1,W06_C4,EVAE,1337,4,906708126,EVAE|S3|geobg|1|W06_C4|1337|4,networks/S3/EVAE/f1_W06_C4_s1337_d04.csv
S3,1,W06_C4,EVAE,1337,5,1091335176,EVAE|S3|geobg|1|W06_C4|1337|5,networks/S3/EVAE/f1_W06_C4_s1337_d05.csv
S3,1,W06_C4,EVAE,1337,6,3624215986,EVAE|S3|geobg|1|W06_C4|1337|6,networks/S3/EVAE/f1_W06_C4_s1337_d06.csv
S3,1,W06_C4,EVAE,1337,7,2936149284,EVAE|S3|geobg|1|W06_C4|1337|7,networks/S3/EVAE/f1_W06_C4_s1337_d07.csv
S3,1,W06_C4,EVAE,20260903,0,1816004529,EVAE|S3|geobg|1|W06_C4|20260903|0,networks/S3/EVAE/f1_W06_C4_s20260903_d00.csv
S3,1,W06_C4,EVAE,20260903,1,456734503,EVAE|S3|geobg|1|W06_C4|20260903|1,networks/S3/EVAE/f1_W06_C4_s20260903_d01.csv
S3,1,W06_C4,EVAE,20260903,2,2184210077,EVAE|S3|geobg|1|W06_C4|20260903|2,networks/S3/EVAE/f1_W06_C4_s20260903_d02.csv
S3,1,W06_C4,EVAE,20260903,3,4114044427,EVAE|S3|geobg|1|W06_C4|20260903|3,networks/S3/EVAE/f1_W06_C4_s20260903_d03.csv
S3,1,W06_C4,EVAE,20260903,4,1800651688,EVAE|S3|geobg|1|W06_C4|20260903|4,networks/S3/EVAE/f1_W06_C4_s20260903_d04.csv
S3,1,W06_C4,EVAE,20260903,5,475329342,EVAE|S3|geobg|1|W06_C4|20260903|5,networks/S3/EVAE/f1_W06_C4_s20260903_d05.csv
S3,1,W06_C4,EVAE,20260903,6,2237506180,EVAE|S3|geobg|1|W06_C4|20260903|6,networks/S3/EVAE/f1_W06_C4_s20260903_d06.csv
S3,1,W06_C4,EVAE,20260903,7,4066021906,EVAE|S3|geobg|1|W06_C4|20260903|7,networks/S3/EVAE/f1_W06_C4_s20260903_d07.csv
S3,1,W06_C4,EVAE,7,0,3849015190,EVAE|S3|geobg|1|W06_C4|7|0,networks/S3/EVAE/f1_W06_C4_s7_d00.csv
S3,1,W06_C4,EVAE,7,1,2456583936,EVAE|S3|geobg|1|W06_C4|7|1,networks/S3/EVAE/f1_W06_C4_s7_d01.csv
S3,1,W06_C4,EVAE,7,2,191180474,EVAE|S3|geobg|1|W06_C4|7|2,networks/S3/EVAE/f1_W06_C4_s7_d02.csv
S3,1,W06_C4,EVAE,7,3,2086805036,EVAE|S3|geobg|1|W06_C4|7|3,networks/S3/EVAE/f1_W06_C4_s7_d03.csv
S3,1,W06_C4,EVAE,7,4,3792079759,EVAE|S3|geobg|1|W06_C4|7|4,networks/S3/EVAE/f1_W06_C4_s7_d04.csv
S3,1,W06_C4,EVAE,7,5,2499918617,EVAE|S3|geobg|1|W06_C4|7|5,networks/S3/EVAE/f1_W06_C4_s7_d05.csv
S3,1,W06_C4,EVAE,7,6,201910947,EVAE|S3|geobg|1|W06_C4|7|6,networks/S3/EVAE/f1_W06_C4_s7_d06.csv
S3,1,W06_C4,EVAE,7,7,2064636469,EVAE|S3|geobg|1|W06_C4|7|7,networks/S3/EVAE/f1_W06_C4_s7_d07.csv
S3,1,W06_C4,ADFNE,1337,0,3873001479,ADFNE|S3|main|1|W06_C4|1337|0,networks/S3/ADFNE/f1_W06_C4_s1337_d00.csv
S3,1,W06_C4,ADFNE,1337,1,2447270033,ADFNE|S3|main|1|W06_C4|1337|1,networks/S3/ADFNE/f1_W06_C4_s1337_d01.csv
S3,1,W06_C4,ADFNE,1337,2,148320555,ADFNE|S3|main|1|W06_C4|1337|2,networks/S3/ADFNE/f1_W06_C4_s1337_d02.csv
S3,1,W06_C4,ADFNE,1337,3,2144338365,ADFNE|S3|main|1|W06_C4|1337|3,networks/S3/ADFNE/f1_W06_C4_s1337_d03.csv
S3,1,W06_C4,ADFNE,1337,4,3786707998,ADFNE|S3|main|1|W06_C4|1337|4,networks/S3/ADFNE/f1_W06_C4_s1337_d04.csv
S3,1,W06_C4,ADFNE,1337,5,2528355464,ADFNE|S3|main|1|W06_C4|1337|5,networks/S3/ADFNE/f1_W06_C4_s1337_d05.csv
S3,1,W06_C4,ADFNE,1337,6,263910706,ADFNE|S3|main|1|W06_C4|1337|6,networks/S3/ADFNE/f1_W06_C4_s1337_d06.csv
S3,1,W06_C4,ADFNE,1337,7,2025702820,ADFNE|S3|main|1|W06_C4|1337|7,networks/S3/ADFNE/f1_W06_C4_s1337_d07.csv
S3,1,W06_C4,ADFNE,20260903,0,1996779962,ADFNE|S3|main|1|W06_C4|20260903|0,networks/S3/ADFNE/f1_W06_C4_s20260903_d00.csv
S3,1,W06_C4,ADFNE,20260903,1,213292,ADFNE|S3|main|1|W06_C4|20260903|1,networks/S3/ADFNE/f1_W06_C4_s20260903_d01.csv
S3,1,W06_C4,ADFNE,20260903,2,2567573654,ADFNE|S3|main|1|W06_C4|20260903|2,networks/S3/ADFNE/f1_W06_C4_s20260903_d02.csv
S3,1,W06_C4,ADFNE,20260903,3,3993837568,ADFNE|S3|main|1|W06_C4|20260903|3,networks/S3/ADFNE/f1_W06_C4_s20260903_d03.csv
S3,1,W06_C4,ADFNE,20260903,4,1885975971,ADFNE|S3|main|1|W06_C4|20260903|4,networks/S3/ADFNE/f1_W06_C4_s20260903_d04.csv
S3,1,W06_C4,ADFNE,20260903,5,124683573,ADFNE|S3|main|1|W06_C4|20260903|5,networks/S3/ADFNE/f1_W06_C4_s20260903_d05.csv
S3,1,W06_C4,ADFNE,20260903,6,2657604751,ADFNE|S3|main|1|W06_C4|20260903|6,networks/S3/ADFNE/f1_W06_C4_s20260903_d06.csv
S3,1,W06_C4,ADFNE,20260903,7,3915441177,ADFNE|S3|main|1|W06_C4|20260903|7,networks/S3/ADFNE/f1_W06_C4_s20260903_d07.csv
S3,1,W06_C4,ADFNE,7,0,1355014309,ADFNE|S3|main|1|W06_C4|7|0,networks/S3/ADFNE/f1_W06_C4_s7_d00.csv
S3,1,W06_C4,ADFNE,7,1,667209779,ADFNE|S3|main|1|W06_C4|7|1,networks/S3/ADFNE/f1_W06_C4_s7_d01.csv
S3,1,W06_C4,ADFNE,7,2,3201139081,ADFNE|S3|main|1|W06_C4|7|2,networks/S3/ADFNE/f1_W06_C4_s7_d02.csv
S3,1,W06_C4,ADFNE,7,3,3385504031,ADFNE|S3|main|1|W06_C4|7|3,networks/S3/ADFNE/f1_W06_C4_s7_d03.csv
S3,1,W06_C4,ADFNE,7,4,1471030460,ADFNE|S3|main|1|W06_C4|7|4,networks/S3/ADFNE/f1_W06_C4_s7_d04.csv
S3,1,W06_C4,ADFNE,7,5,547951658,ADFNE|S3|main|1|W06_C4|7|5,networks/S3/ADFNE/f1_W06_C4_s7_d05.csv
S3,1,W06_C4,ADFNE,7,6,3114288528,ADFNE|S3|main|1|W06_C4|7|6,networks/S3/ADFNE/f1_W06_C4_s7_d06.csv
S3,1,W06_C4,ADFNE,7,7,3467080966,ADFNE|S3|main|1|W06_C4|7|7,networks/S3/ADFNE/f1_W06_C4_s7_d07.csv
S3,1,W06_C4,KDE,1337,0,80040712,KDE|S3|main|1|W06_C4|1337|0,networks/S3/KDE/f1_W06_C4_s1337_d00.csv
S3,1,W06_C4,KDE,1337,1,1942119326,KDE|S3|main|1|W06_C4|1337|1,networks/S3/KDE/f1_W06_C4_s1337_d01.csv
S3,1,W06_C4,KDE,1337,2,3939185188,KDE|S3|main|1|W06_C4|1337|2,networks/S3/KDE/f1_W06_C4_s1337_d02.csv
S3,1,W06_C4,KDE,1337,3,2647392946,KDE|S3|main|1|W06_C4|1337|3,networks/S3/KDE/f1_W06_C4_s1337_d03.csv
S3,1,W06_C4,KDE,1337,4,61380369,KDE|S3|main|1|W06_C4|1337|4,networks/S3/KDE/f1_W06_C4_s1337_d04.csv
S3,1,W06_C4,KDE,1337,5,1957668743,KDE|S3|main|1|W06_C4|1337|5,networks/S3/KDE/f1_W06_C4_s1337_d05.csv
S3,1,W06_C4,KDE,1337,6,3987142205,KDE|S3|main|1|W06_C4|1337|6,networks/S3/KDE/f1_W06_C4_s1337_d06.csv
S3,1,W06_C4,KDE,1337,7,2594293419,KDE|S3|main|1|W06_C4|1337|7,networks/S3/KDE/f1_W06_C4_s1337_d07.csv
S3,1,W06_C4,KDE,20260903,0,2236744124,KDE|S3|main|1|W06_C4|20260903|0,networks/S3/KDE/f1_W06_C4_s20260903_d00.csv
S3,1,W06_C4,KDE,20260903,1,4065669418,KDE|S3|main|1|W06_C4|20260903|1,networks/S3/KDE/f1_W06_C4_s20260903_d01.csv
S3,1,W06_C4,KDE,20260903,2,1801216144,KDE|S3|main|1|W06_C4|20260903|2,networks/S3/KDE/f1_W06_C4_s20260903_d02.csv
S3,1,W06_C4,KDE,20260903,3,475746310,KDE|S3|main|1|W06_C4|20260903|3,networks/S3/KDE/f1_W06_C4_s20260903_d03.csv
S3,1,W06_C4,KDE,20260903,4,2185217445,KDE|S3|main|1|W06_C4|20260903|4,networks/S3/KDE/f1_W06_C4_s20260903_d04.csv
S3,1,W06_C4,KDE,20260903,5,4114150707,KDE|S3|main|1|W06_C4|20260903|5,networks/S3/KDE/f1_W06_C4_s20260903_d05.csv
S3,1,W06_C4,KDE,20260903,6,1815192713,KDE|S3|main|1|W06_C4|20260903|6,networks/S3/KDE/f1_W06_C4_s20260903_d06.csv
S3,1,W06_C4,KDE,20260903,7,456561695,KDE|S3|main|1|W06_C4|20260903|7,networks/S3/KDE/f1_W06_C4_s20260903_d07.csv
S3,1,W06_C4,KDE,7,0,3904426760,KDE|S3|main|1|W06_C4|7|0,networks/S3/KDE/f1_W06_C4_s7_d00.csv
S3,1,W06_C4,KDE,7,1,2680152990,KDE|S3|main|1|W06_C4|7|1,networks/S3/KDE/f1_W06_C4_s7_d01.csv
S3,1,W06_C4,KDE,7,2,112636452,KDE|S3|main|1|W06_C4|7|2,networks/S3/KDE/f1_W06_C4_s7_d02.csv
S3,1,W06_C4,KDE,7,3,1907458738,KDE|S3|main|1|W06_C4|7|3,networks/S3/KDE/f1_W06_C4_s7_d03.csv
S3,1,W06_C4,KDE,7,4,4023719697,KDE|S3|main|1|W06_C4|7|4,networks/S3/KDE/f1_W06_C4_s7_d04.csv
S3,1,W06_C4,KDE,7,5,2563909511,KDE|S3|main|1|W06_C4|7|5,networks/S3/KDE/f1_W06_C4_s7_d05.csv
S3,1,W06_C4,KDE,7,6,31159869,KDE|S3|main|1|W06_C4|7|6,networks/S3/KDE/f1_W06_C4_s7_d06.csv
S3,1,W06_C4,KDE,7,7,1994147499,KDE|S3|main|1|W06_C4|7|7,networks/S3/KDE/f1_W06_C4_s7_d07.csv
S3,2,W00_C5,EVAE,1337,0,67379235,EVAE|S3|geobg|2|W00_C5|1337|0,networks/S3/EVAE/f2_W00_C5_s1337_d00.csv
S3,2,W00_C5,EVAE,1337,1,1929580725,EVAE|S3|geobg|2|W00_C5|1337|1,networks/S3/EVAE/f2_W00_C5_s1337_d01.csv
S3,2,W00_C5,EVAE,1337,2,3926540559,EVAE|S3|geobg|2|W00_C5|1337|2,networks/S3/EVAE/f2_W00_C5_s1337_d02.csv
S3,2,W00_C5,EVAE,1337,3,2634903961,EVAE|S3|geobg|2|W00_C5|1337|3,networks/S3/EVAE/f2_W00_C5_s1337_d03.csv
S3,2,W00_C5,EVAE,1337,4,57271354,EVAE|S3|geobg|2|W00_C5|1337|4,networks/S3/EVAE/f2_W00_C5_s1337_d04.csv
S3,2,W00_C5,EVAE,1337,5,1953420460,EVAE|S3|geobg|2|W00_C5|1337|5,networks/S3/EVAE/f2_W00_C5_s1337_d05.csv
S3,2,W00_C5,EVAE,1337,6,3982984470,EVAE|S3|geobg|2|W00_C5|1337|6,networks/S3/EVAE/f2_W00_C5_s1337_d06.csv
S3,2,W00_C5,EVAE,1337,7,2590029184,EVAE|S3|geobg|2|W00_C5|1337|7,networks/S3/EVAE/f2_W00_C5_s1337_d07.csv
S3,2,W00_C5,EVAE,20260903,0,1983322501,EVAE|S3|geobg|2|W00_C5|20260903|0,networks/S3/EVAE/f2_W00_C5_s20260903_d00.csv
S3,2,W00_C5,EVAE,20260903,1,19933459,EVAE|S3|geobg|2|W00_C5|20260903|1,networks/S3/EVAE/f2_W00_C5_s20260903_d01.csv
S3,2,W00_C5,EVAE,20260903,2,2553903273,EVAE|S3|geobg|2|W00_C5|20260903|2,networks/S3/EVAE/f2_W00_C5_s20260903_d02.csv
S3,2,W00_C5,EVAE,20260903,3,4013836351,EVAE|S3|geobg|2|W00_C5|20260903|3,networks/S3/EVAE/f2_W00_C5_s20260903_d03.csv
S3,2,W00_C5,EVAE,20260903,4,1901780380,EVAE|S3|geobg|2|W00_C5|20260903|4,networks/S3/EVAE/f2_W00_C5_s20260903_d04.csv
S3,2,W00_C5,EVAE,20260903,5,106818826,EVAE|S3|geobg|2|W00_C5|20260903|5,networks/S3/EVAE/f2_W00_C5_s20260903_d05.csv
S3,2,W00_C5,EVAE,20260903,6,2673130672,EVAE|S3|geobg|2|W00_C5|20260903|6,networks/S3/EVAE/f2_W00_C5_s20260903_d06.csv
S3,2,W00_C5,EVAE,20260903,7,3897789478,EVAE|S3|geobg|2|W00_C5|20260903|7,networks/S3/EVAE/f2_W00_C5_s20260903_d07.csv
S3,2,W00_C5,EVAE,7,0,1778040145,EVAE|S3|geobg|2|W00_C5|7|0,networks/S3/EVAE/f2_W00_C5_s7_d00.csv
S3,2,W00_C5,EVAE,7,1,519933383,EVAE|S3|geobg|2|W00_C5|7|1,networks/S3/EVAE/f2_W00_C5_s7_d01.csv
S3,2,W00_C5,EVAE,7,2,2280971389,EVAE|S3|geobg|2|W00_C5|7|2,networks/S3/EVAE/f2_W00_C5_s7_d02.csv
S3,2,W00_C5,EVAE,7,3,4042517739,EVAE|S3|geobg|2|W00_C5|7|3,networks/S3/EVAE/f2_W00_C5_s7_d03.csv
S3,2,W00_C5,EVAE,7,4,1855420744,EVAE|S3|geobg|2|W00_C5|7|4,networks/S3/EVAE/f2_W00_C5_s7_d04.csv
S3,2,W00_C5,EVAE,7,5,428886494,EVAE|S3|geobg|2|W00_C5|7|5,networks/S3/EVAE/f2_W00_C5_s7_d05.csv
S3,2,W00_C5,EVAE,7,6,2157516900,EVAE|S3|geobg|2|W00_C5|7|6,networks/S3/EVAE/f2_W00_C5_s7_d06.csv
S3,2,W00_C5,EVAE,7,7,4154337522,EVAE|S3|geobg|2|W00_C5|7|7,networks/S3/EVAE/f2_W00_C5_s7_d07.csv
S3,2,W00_C5,ADFNE,1337,0,3552309411,ADFNE|S3|main|2|W00_C5|1337|0,networks/S3/ADFNE/f2_W00_C5_s1337_d00.csv
S3,2,W00_C5,ADFNE,1337,1,2763833397,ADFNE|S3|main|2|W00_C5|1337|1,networks/S3/ADFNE/f2_W00_C5_s1337_d01.csv
S3,2,W00_C5,ADFNE,1337,2,1035309455,ADFNE|S3|main|2|W00_C5|1337|2,networks/S3/ADFNE/f2_W00_C5_s1337_d02.csv
S3,2,W00_C5,ADFNE,1337,3,1253220633,ADFNE|S3|main|2|W00_C5|1337|3,networks/S3/ADFNE/f2_W00_C5_s1337_d03.csv
S3,2,W00_C5,ADFNE,1337,4,3570807994,ADFNE|S3|main|2|W00_C5|1337|4,networks/S3/ADFNE/f2_W00_C5_s1337_d04.csv
S3,2,W00_C5,ADFNE,1337,5,2748384300,ADFNE|S3|main|2|W00_C5|1337|5,networks/S3/ADFNE/f2_W00_C5_s1337_d05.csv
S3,2,W00_C5,ADFNE,1337,6,987256214,ADFNE|S3|main|2|W00_C5|1337|6,networks/S3/ADFNE/f2_W00_C5_s1337_d06.csv
S3,2,W00_C5,ADFNE,1337,7,1306486016,ADFNE|S3|main|2|W00_C5|1337|7,networks/S3/ADFNE/f2_W00_C5_s1337_d07.csv
S3,2,W00_C5,ADFNE,20260903,0,1829597070,ADFNE|S3|main|2|W00_C5|20260903|0,networks/S3/ADFNE/f2_W00_C5_s20260903_d00.csv
S3,2,W00_C5,ADFNE,20260903,1,436887320,ADFNE|S3|main|2|W00_C5|20260903|1,networks/S3/ADFNE/f2_W00_C5_s20260903_d01.csv
S3,2,W00_C5,ADFNE,20260903,2,2198015650,ADFNE|S3|main|2|W00_C5|20260903|2,networks/S3/ADFNE/f2_W00_C5_s20260903_d02.csv
S3,2,W00_C5,ADFNE,20260903,3,4093918772,ADFNE|S3|main|2|W00_C5|20260903|3,networks/S3/ADFNE/f2_W00_C5_s20260903_d03.csv
S3,2,W00_C5,ADFNE,20260903,4,1784720279,ADFNE|S3|main|2|W00_C5|20260903|4,networks/S3/ADFNE/f2_W00_C5_s20260903_d04.csv
S3,2,W00_C5,ADFNE,20260903,5,493329153,ADFNE|S3|main|2|W00_C5|20260903|5,networks/S3/ADFNE/f2_W00_C5_s20260903_d05.csv
S3,2,W00_C5,ADFNE,20260903,6,2221853371,ADFNE|S3|main|2|W00_C5|20260903|6,networks/S3/ADFNE/f2_W00_C5_s20260903_d06.csv
S3,2,W00_C5,ADFNE,20260903,7,4083808813,ADFNE|S3|main|2|W00_C5|20260903|7,networks/S3/ADFNE/f2_W00_C5_s20260903_d07.csv
S3,2,W00_C5,ADFNE,7,0,3696366178,ADFNE|S3|main|2|W00_C5|7|0,networks/S3/ADFNE/f2_W00_C5_s7_d00.csv
S3,2,W00_C5,ADFNE,7,1,2874483444,ADFNE|S3|main|2|W00_C5|7|1,networks/S3/ADFNE/f2_W00_C5_s7_d01.csv
S3,2,W00_C5,ADFNE,7,2,844919630,ADFNE|S3|main|2|W00_C5|7|2,networks/S3/ADFNE/f2_W00_C5_s7_d02.csv
S3,2,W00_C5,ADFNE,7,3,1163609048,ADFNE|S3|main|2|W00_C5|7|3,networks/S3/ADFNE/f2_W00_C5_s7_d03.csv
S3,2,W00_C5,ADFNE,7,4,3678393979,ADFNE|S3|main|2|W00_C5|7|4,networks/S3/ADFNE/f2_W00_C5_s7_d04.csv
S3,2,W00_C5,ADFNE,7,5,2889410285,ADFNE|S3|main|2|W00_C5|7|5,networks/S3/ADFNE/f2_W00_C5_s7_d05.csv
S3,2,W00_C5,ADFNE,7,6,892450647,ADFNE|S3|main|2|W00_C5|7|6,networks/S3/ADFNE/f2_W00_C5_s7_d06.csv
S3,2,W00_C5,ADFNE,7,7,1110869953,ADFNE|S3|main|2|W00_C5|7|7,networks/S3/ADFNE/f2_W00_C5_s7_d07.csv
S3,2,W00_C5,KDE,1337,0,833090476,KDE|S3|main|2|W00_C5|1337|0,networks/S3/KDE/f2_W00_C5_s1337_d00.csv
S3,2,W00_C5,KDE,1337,1,1184940858,KDE|S3|main|2|W00_C5|1337|1,networks/S3/KDE/f2_W00_C5_s1337_d01.csv
S3,2,W00_C5,KDE,1337,2,3752432256,KDE|S3|main|2|W00_C5|1337|2,networks/S3/KDE/f2_W00_C5_s1337_d02.csv
S3,2,W00_C5,KDE,1337,3,2830017046,KDE|S3|main|2|W00_C5|1337|3,networks/S3/KDE/f2_W00_C5_s1337_d03.csv
S3,2,W00_C5,KDE,1337,4,919222197,KDE|S3|main|2|W00_C5|1337|4,networks/S3/KDE/f2_W00_C5_s1337_d04.csv
S3,2,W00_C5,KDE,1337,5,1103955747,KDE|S3|main|2|W00_C5|1337|5,networks/S3/KDE/f2_W00_C5_s1337_d05.csv
S3,2,W00_C5,KDE,1337,6,3636745881,KDE|S3|main|2|W00_C5|1337|6,networks/S3/KDE/f2_W00_C5_s1337_d06.csv
S3,2,W00_C5,KDE,1337,7,2948818447,KDE|S3|main|2|W00_C5|1337|7,networks/S3/KDE/f2_W00_C5_s1337_d07.csv
S3,2,W00_C5,KDE,20260903,0,2673549192,KDE|S3|main|2|W00_C5|20260903|0,networks/S3/KDE/f2_W00_C5_s20260903_d00.csv
S3,2,W00_C5,KDE,20260903,1,3898355486,KDE|S3|main|2|W00_C5|20260903|1,networks/S3/KDE/f2_W00_C5_s20260903_d01.csv
S3,2,W00_C5,KDE,20260903,2,1901428388,KDE|S3|main|2|W00_C5|20260903|2,networks/S3/KDE/f2_W00_C5_s20260903_d02.csv
S3,2,W00_C5,KDE,20260903,3,106057266,KDE|S3|main|2|W00_C5|20260903|3,networks/S3/KDE/f2_W00_C5_s20260903_d03.csv
S3,2,W00_C5,KDE,20260903,4,2553731985,KDE|S3|main|2|W00_C5|20260903|4,networks/S3/KDE/f2_W00_C5_s20260903_d04.csv
S3,2,W00_C5,KDE,20260903,5,4013026055,KDE|S3|main|2|W00_C5|20260903|5,networks/S3/KDE/f2_W00_C5_s20260903_d05.csv
S3,2,W00_C5,KDE,20260903,6,1983429309,KDE|S3|main|2|W00_C5|20260903|6,networks/S3/KDE/f2_W00_C5_s20260903_d06.csv
S3,2,W00_C5,KDE,20260903,7,20941355,KDE|S3|main|2|W00_C5|20260903|7,networks/S3/KDE/f2_W00_C5_s20260903_d07.csv
S3,2,W00_C5,KDE,7,0,1680417231,KDE|S3|main|2|W00_C5|7|0,networks/S3/KDE/f2_W00_C5_s7_d00.csv
S3,2,W00_C5,KDE,7,1,321786201,KDE|S3|main|2|W00_C5|7|1,networks/S3/KDE/f2_W00_C5_s7_d01.csv
S3,2,W00_C5,KDE,7,2,2317828323,KDE|S3|main|2|W00_C5|7|2,networks/S3/KDE/f2_W00_C5_s7_d02.csv
S3,2,W00_C5,KDE,7,3,4246761589,KDE|S3|main|2|W00_C5|7|3,networks/S3/KDE/f2_W00_C5_s7_d03.csv
S3,2,W00_C5,KDE,7,4,1665459670,KDE|S3|main|2|W00_C5|7|4,networks/S3/KDE/f2_W00_C5_s7_d04.csv
S3,2,W00_C5,KDE,7,5,339989824,KDE|S3|main|2|W00_C5|7|5,networks/S3/KDE/f2_W00_C5_s7_d05.csv
S3,2,W00_C5,KDE,7,6,2370471162,KDE|S3|main|2|W00_C5|7|6,networks/S3/KDE/f2_W00_C5_s7_d06.csv
S3,2,W00_C5,KDE,7,7,4199396460,KDE|S3|main|2|W00_C5|7|7,networks/S3/KDE/f2_W00_C5_s7_d07.csv
S3,2,W00_C6,EVAE,1337,0,2324375488,EVAE|S3|geobg|2|W00_C6|1337|0,networks/S3/EVAE/f2_W00_C6_s1337_d00.csv
S3,2,W00_C6,EVAE,1337,1,4253816662,EVAE|S3|geobg|2|W00_C6|1337|1,networks/S3/EVAE/f2_W00_C6_s1337_d01.csv
S3,2,W00_C6,EVAE,1337,2,1686456044,EVAE|S3|geobg|2|W00_C6|1337|2,networks/S3/EVAE/f2_W00_C6_s1337_d02.csv
S3,2,W00_C6,EVAE,1337,3,327317114,EVAE|S3|geobg|2|W00_C6|1337|3,networks/S3/EVAE/f2_W00_C6_s1337_d03.csv
S3,2,W00_C6,EVAE,1337,4,2380719065,EVAE|S3|geobg|2|W00_C6|1337|4,networks/S3/EVAE/f2_W00_C6_s1337_d04.csv
S3,2,W00_C6,EVAE,1337,5,4209103695,EVAE|S3|geobg|2|W00_C6|1337|5,networks/S3/EVAE/f2_W00_C6_s1337_d05.csv
S3,2,W00_C6,EVAE,1337,6,1676182261,EVAE|S3|geobg|2|W00_C6|1337|6,networks/S3/EVAE/f2_W00_C6_s1337_d06.csv
S3,2,W00_C6,EVAE,1337,7,351253091,EVAE|S3|geobg|2|W00_C6|1337|7,networks/S3/EVAE/f2_W00_C6_s1337_d07.csv
S3,2,W00_C6,EVAE,20260903,0,27904885,EVAE|S3|geobg|2|W00_C6|20260903|0,networks/S3/EVAE/f2_W00_C6_s20260903_d00.csv
S3,2,W00_C6,EVAE,20260903,1,1991179235,EVAE|S3|geobg|2|W00_C6|20260903|1,networks/S3/EVAE/f2_W00_C6_s20260903_d01.csv
S3,2,W00_C6,EVAE,20260903,2,4020742745,EVAE|S3|geobg|2|W00_C6|20260903|2,networks/S3/EVAE/f2_W00_C6_s20260903_d02.csv
S3,2,W00_C6,EVAE,20260903,3,2560662223,EVAE|S3|geobg|2|W00_C6|20260903|3,networks/S3/EVAE/f2_W00_C6_s20260903_d03.csv
S3,2,W00_C6,EVAE,20260903,4,113512300,EVAE|S3|geobg|2|W00_C6|20260903|4,networks/S3/EVAE/f2_W00_C6_s20260903_d04.csv
S3,2,W00_C6,EVAE,20260903,5,1908621306,EVAE|S3|geobg|2|W00_C6|20260903|5,networks/S3/EVAE/f2_W00_C6_s20260903_d05.csv
S3,2,W00_C6,EVAE,20260903,6,3905580608,EVAE|S3|geobg|2|W00_C6|20260903|6,networks/S3/EVAE/f2_W00_C6_s20260903_d06.csv
S3,2,W00_C6,EVAE,20260903,7,2681036502,EVAE|S3|geobg|2|W00_C6|20260903|7,networks/S3/EVAE/f2_W00_C6_s20260903_d07.csv
S3,2,W00_C6,EVAE,7,0,777701249,EVAE|S3|geobg|2|W00_C6|7|0,networks/S3/EVAE/f2_W00_C6_s7_d00.csv
S3,2,W00_C6,EVAE,7,1,1499330327,EVAE|S3|geobg|2|W00_C6|7|1,networks/S3/EVAE/f2_W00_C6_s7_d01.csv
S3,2,W00_C6,EVAE,7,2,3226773165,EVAE|S3|geobg|2|W00_C6|7|2,networks/S3/EVAE/f2_W00_C6_s7_d02.csv
S3,2,W00_C6,EVAE,7,3,3075708475,EVAE|S3|geobg|2|W00_C6|7|3,networks/S3/EVAE/f2_W00_C6_s7_d03.csv
S3,2,W00_C6,EVAE,7,4,691471256,EVAE|S3|geobg|2|W00_C6|7|4,networks/S3/EVAE/f2_W00_C6_s7_d04.csv
S3,2,W00_C6,EVAE,7,5,1580217102,EVAE|S3|geobg|2|W00_C6|7|5,networks/S3/EVAE/f2_W00_C6_s7_d05.csv
S3,2,W00_C6,EVAE,7,6,3342426804,EVAE|S3|geobg|2|W00_C6|7|6,networks/S3/EVAE/f2_W00_C6_s7_d06.csv
S3,2,W00_C6,EVAE,7,7,2956874274,EVAE|S3|geobg|2|W00_C6|7|7,networks/S3/EVAE/f2_W00_C6_s7_d07.csv
S3,2,W00_C6,ADFNE,1337,0,1563752256,ADFNE|S3|main|2|W00_C6|1337|0,networks/S3/ADFNE/f2_W00_C6_s1337_d00.csv
S3,2,W00_C6,ADFNE,1337,1,708036566,ADFNE|S3|main|2|W00_C6|1337|1,networks/S3/ADFNE/f2_W00_C6_s1337_d01.csv
S3,2,W00_C6,ADFNE,1337,2,3006961260,ADFNE|S3|main|2|W00_C6|1337|2,networks/S3/ADFNE/f2_W00_C6_s1337_d02.csv
S3,2,W00_C6,ADFNE,1337,3,3292374778,ADFNE|S3|main|2|W00_C6|1337|3,networks/S3/ADFNE/f2_W00_C6_s1337_d03.csv
S3,2,W00_C6,ADFNE,1337,4,1515795289,ADFNE|S3|main|2|W00_C6|1337|4,networks/S3/ADFNE/f2_W00_C6_s1337_d04.csv
S3,2,W00_C6,ADFNE,1337,5,761136079,ADFNE|S3|main|2|W00_C6|1337|5,networks/S3/ADFNE/f2_W00_C6_s1337_d05.csv
S3,2,W00_C6,ADFNE,1337,6,3025621621,ADFNE|S3|main|2|W00_C6|1337|6,networks/S3/ADFNE/f2_W00_C6_s1337_d06.csv
S3,2,W00_C6,ADFNE,1337,7,3276825315,ADFNE|S3|main|2|W00_C6|1337|7,networks/S3/ADFNE/f2_W00_C6_s1337_d07.csv
S3,2,W00_C6,ADFNE,20260903,0,445889918,ADFNE|S3|main|2|W00_C6|20260903|0,networks/S3/ADFNE/f2_W00_C6_s20260903_d00.csv
S3,2,W00_C6,ADFNE,20260903,1,1838452200,ADFNE|S3|main|2|W00_C6|20260903|1,networks/S3/ADFNE/f2_W00_C6_s20260903_d01.csv
S3,2,W00_C6,ADFNE,20260903,2,4103986258,ADFNE|S3|main|2|W00_C6|20260903|2,networks/S3/ADFNE/f2_W00_C6_s20260903_d02.csv
S3,2,W00_C6,ADFNE,20260903,3,2207968452,ADFNE|S3|main|2|W00_C6|20260903|3,networks/S3/ADFNE/f2_W00_C6_s20260903_d03.csv
S3,2,W00_C6,ADFNE,20260903,4,503216487,ADFNE|S3|main|2|W00_C6|20260903|4,networks/S3/ADFNE/f2_W00_C6_s20260903_d04.csv
S3,2,W00_C6,ADFNE,20260903,5,1794722289,ADFNE|S3|main|2|W00_C6|20260903|5,networks/S3/ADFNE/f2_W00_C6_s20260903_d05.csv
S3,2,W00_C6,ADFNE,20260903,6,4092598347,ADFNE|S3|main|2|W00_C6|20260903|6,networks/S3/ADFNE/f2_W00_C6_s20260903_d06.csv
S3,2,W00_C6,ADFNE,20260903,7,2230790365,ADFNE|S3|main|2|W00_C6|20260903|7,networks/S3/ADFNE/f2_W00_C6_s20260903_d07.csv
S3,2,W00_C6,ADFNE,7,0,2616354994,ADFNE|S3|main|2|W00_C6|7|0,networks/S3/ADFNE/f2_W00_C6_s7_d00.csv
S3,2,W00_C6,ADFNE,7,1,3975501860,ADFNE|S3|main|2|W00_C6|7|1,networks/S3/ADFNE/f2_W00_C6_s7_d01.csv
S3,2,W00_C6,ADFNE,7,2,1979451806,ADFNE|S3|main|2|W00_C6|7|2,networks/S3/ADFNE/f2_W00_C6_s7_d02.csv
S3,2,W00_C6,ADFNE,7,3,50018568,ADFNE|S3|main|2|W00_C6|7|3,networks/S3/ADFNE/f2_W00_C6_s7_d03.csv
S3,2,W00_C6,ADFNE,7,4,2627710123,ADFNE|S3|main|2|W00_C6|7|4,networks/S3/ADFNE/f2_W00_C6_s7_d04.csv
S3,2,W00_C6,ADFNE,7,5,3952647229,ADFNE|S3|main|2|W00_C6|7|5,networks/S3/ADFNE/f2_W00_C6_s7_d05.csv
S3,2,W00_C6,ADFNE,7,6,1922157959,ADFNE|S3|main|2|W00_C6|7|6,networks/S3/ADFNE/f2_W00_C6_s7_d06.csv
S3,2,W00_C6,ADFNE,7,7,93781265,ADFNE|S3|main|2|W00_C6|7|7,networks/S3/ADFNE/f2_W00_C6_s7_d07.csv
S3,2,W00_C6,KDE,1337,0,3207132239,KDE|S3|main|2|W00_C6|1337|0,networks/S3/KDE/f2_W00_C6_s1337_d00.csv
S3,2,W00_C6,KDE,1337,1,3358573785,KDE|S3|main|2|W00_C6|1337|1,networks/S3/KDE/f2_W00_C6_s1337_d01.csv
S3,2,W00_C6,KDE,1337,2,1361483107,KDE|S3|main|2|W00_C6|1337|2,networks/S3/KDE/f2_W00_C6_s1337_d02.csv
S3,2,W00_C6,KDE,1337,3,639739381,KDE|S3|main|2|W00_C6|1337|3,networks/S3/KDE/f2_W00_C6_s1337_d03.csv
S3,2,W00_C6,KDE,1337,4,3091542102,KDE|S3|main|2|W00_C6|1337|4,networks/S3/KDE/f2_W00_C6_s1337_d04.csv
S3,2,W00_C6,KDE,1337,5,3477209280,KDE|S3|main|2|W00_C6|1337|5,networks/S3/KDE/f2_W00_C6_s1337_d05.csv
S3,2,W00_C6,KDE,1337,6,1447776634,KDE|S3|main|2|W00_C6|1337|6,networks/S3/KDE/f2_W00_C6_s1337_d06.csv
S3,2,W00_C6,KDE,1337,7,558653932,KDE|S3|main|2|W00_C6|1337|7,networks/S3/KDE/f2_W00_C6_s1337_d07.csv
S3,2,W00_C6,KDE,20260903,0,3905277304,KDE|S3|main|2|W00_C6|20260903|0,networks/S3/KDE/f2_W00_C6_s20260903_d00.csv
S3,2,W00_C6,KDE,20260903,1,2680356334,KDE|S3|main|2|W00_C6|20260903|1,networks/S3/KDE/f2_W00_C6_s20260903_d01.csv
S3,2,W00_C6,KDE,20260903,2,114011220,KDE|S3|main|2|W00_C6|20260903|2,networks/S3/KDE/f2_W00_C6_s20260903_d02.csv
S3,2,W00_C6,KDE,20260903,3,1909234882,KDE|S3|main|2|W00_C6|20260903|3,networks/S3/KDE/f2_W00_C6_s20260903_d03.csv
S3,2,W00_C6,KDE,20260903,4,4020767073,KDE|S3|main|2|W00_C6|20260903|4,networks/S3/KDE/f2_W00_C6_s20260903_d04.csv
S3,2,W00_C6,KDE,20260903,5,2561620471,KDE|S3|main|2|W00_C6|20260903|5,networks/S3/KDE/f2_W00_C6_s20260903_d05.csv
S3,2,W00_C6,KDE,20260903,6,27682893,KDE|S3|main|2|W00_C6|20260903|6,networks/S3/KDE/f2_W00_C6_s20260903_d06.csv
S3,2,W00_C6,KDE,20260903,7,1990285531,KDE|S3|main|2|W00_C6|20260903|7,networks/S3/KDE/f2_W00_C6_s20260903_d07.csv
S3,2,W00_C6,KDE,7,0,596204319,KDE|S3|main|2|W00_C6|7|0,networks/S3/KDE/f2_W00_C6_s7_d00.csv
S3,2,W00_C6,KDE,7,1,1418619785,KDE|S3|main|2|W00_C6|7|1,networks/S3/KDE/f2_W00_C6_s7_d01.csv
S3,2,W00_C6,KDE,7,2,3448191539,KDE|S3|main|2|W00_C6|7|2,networks/S3/KDE/f2_W00_C6_s7_d02.csv
S3,2,W00_C6,KDE,7,3,3128953509,KDE|S3|main|2|W00_C6|7|3,networks/S3/KDE/f2_W00_C6_s7_d03.csv
S3,2,W00_C6,KDE,7,4,618962694,KDE|S3|main|2|W00_C6|7|4,networks/S3/KDE/f2_W00_C6_s7_d04.csv
S3,2,W00_C6,KDE,7,5,1407430544,KDE|S3|main|2|W00_C6|7|5,networks/S3/KDE/f2_W00_C6_s7_d05.csv
S3,2,W00_C6,KDE,7,6,3404398122,KDE|S3|main|2|W00_C6|7|6,networks/S3/KDE/f2_W00_C6_s7_d06.csv
S3,2,W00_C6,KDE,7,7,3186478780,KDE|S3|main|2|W00_C6|7|7,networks/S3/KDE/f2_W00_C6_s7_d07.csv
S3,2,W02_C5,EVAE,1337,0,1550359010,EVAE|S3|geobg|2|W02_C5|1337|0,networks/S3/EVAE/f2_W02_C5_s1337_d00.csv
S3,2,W02_C5,EVAE,1337,1,728738164,EVAE|S3|geobg|2|W02_C5|1337|1,networks/S3/EVAE/f2_W02_C5_s1337_d01.csv
S3,2,W02_C5,EVAE,1337,2,2993092814,EVAE|S3|geobg|2|W02_C5|1337|2,networks/S3/EVAE/f2_W02_C5_s1337_d02.csv
S3,2,W02_C5,EVAE,1337,3,3311519832,EVAE|S3|geobg|2|W02_C5|1337|3,networks/S3/EVAE/f2_W02_C5_s1337_d03.csv
S3,2,W02_C5,EVAE,1337,4,1527078395,EVAE|S3|geobg|2|W02_C5|1337|4,networks/S3/EVAE/f2_W02_C5_s1337_d04.csv
S3,2,W02_C5,EVAE,1337,5,738356589,EVAE|S3|geobg|2|W02_C5|1337|5,networks/S3/EVAE/f2_W02_C5_s1337_d05.csv
S3,2,W02_C5,EVAE,1337,6,3037412567,EVAE|S3|geobg|2|W02_C5|1337|6,networks/S3/EVAE/f2_W02_C5_s1337_d06.csv
S3,2,W02_C5,EVAE,1337,7,3255569473,EVAE|S3|geobg|2|W02_C5|1337|7,networks/S3/EVAE/f2_W02_C5_s1337_d07.csv
S3,2,W02_C5,EVAE,20260903,0,3736184852,EVAE|S3|geobg|2|W02_C5|20260903|0,networks/S3/EVAE/f2_W02_C5_s20260903_d00.csv
S3,2,W02_C5,EVAE,20260903,1,2847316098,EVAE|S3|geobg|2|W02_C5|20260903|1,networks/S3/EVAE/f2_W02_C5_s20260903_d01.csv
S3,2,W02_C5,EVAE,20260903,2,817875256,EVAE|S3|geobg|2|W02_C5|20260903|2,networks/S3/EVAE/f2_W02_C5_s20260903_d02.csv
S3,2,W02_C5,EVAE,20260903,3,1203304878,EVAE|S3|geobg|2|W02_C5|20260903|3,networks/S3/EVAE/f2_W02_C5_s20260903_d03.csv
S3,2,W02_C5,EVAE,20260903,4,3655101453,EVAE|S3|geobg|2|W02_C5|20260903|4,networks/S3/EVAE/f2_W02_C5_s20260903_d04.csv
S3,2,W02_C5,EVAE,20260903,5,2933611675,EVAE|S3|geobg|2|W02_C5|20260903|5,networks/S3/EVAE/f2_W02_C5_s20260903_d05.csv
S3,2,W02_C5,EVAE,20260903,6,936512801,EVAE|S3|geobg|2|W02_C5|20260903|6,networks/S3/EVAE/f2_W02_C5_s20260903_d06.csv
S3,2,W02_C5,EVAE,20260903,7,1087716791,EVAE|S3|geobg|2|W02_C5|20260903|7,networks/S3/EVAE/f2_W02_C5_s20260903_d07.csv
S3,2,W02_C5,EVAE,7,0,736082476,EVAE|S3|geobg|2|W02_C5|7|0,networks/S3/EVAE/f2_W02_C5_s7_d00.csv
S3,2,W02_C5,EVAE,7,1,1557695162,EVAE|S3|geobg|2|W02_C5|7|1,networks/S3/EVAE/f2_W02_C5_s7_d01.csv
S3,2,W02_C5,EVAE,7,2,3318864640,EVAE|S3|geobg|2|W02_C5|7|2,networks/S3/EVAE/f2_W02_C5_s7_d02.csv
S3,2,W02_C5,EVAE,7,3,3000429462,EVAE|S3|geobg|2|W02_C5|7|3,networks/S3/EVAE/f2_W02_C5_s7_d03.csv
S3,2,W02_C5,EVAE,7,4,749895221,EVAE|S3|geobg|2|W02_C5|7|4,networks/S3/EVAE/f2_W02_C5_s7_d04.csv
S3,2,W02_C5,EVAE,7,5,1538608803,EVAE|S3|geobg|2|W02_C5|7|5,networks/S3/EVAE/f2_W02_C5_s7_d05.csv
S3,2,W02_C5,EVAE,7,6,3267108633,EVAE|S3|geobg|2|W02_C5|7|6,networks/S3/EVAE/f2_W02_C5_s7_d06.csv
S3,2,W02_C5,EVAE,7,7,3048943503,EVAE|S3|geobg|2|W02_C5|7|7,networks/S3/EVAE/f2_W02_C5_s7_d07.csv
S3,2,W02_C5,ADFNE,1337,0,2346142050,ADFNE|S3|main|2|W02_C5|1337|0,networks/S3/ADFNE/f2_W02_C5_s1337_d00.csv
S3,2,W02_C5,ADFNE,1337,1,4241521140,ADFNE|S3|main|2|W02_C5|1337|1,networks/S3/ADFNE/f2_W02_C5_s1337_d01.csv
S3,2,W02_C5,ADFNE,1337,2,1708730446,ADFNE|S3|main|2|W02_C5|1337|2,networks/S3/ADFNE/f2_W02_C5_s1337_d02.csv
S3,2,W02_C5,ADFNE,1337,3,316545240,ADFNE|S3|main|2|W02_C5|1337|3,networks/S3/ADFNE/f2_W02_C5_s1337_d03.csv
S3,2,W02_C5,ADFNE,1337,4,2361036155,ADFNE|S3|main|2|W02_C5|1337|4,networks/S3/ADFNE/f2_W02_C5_s1337_d04.csv
S3,2,W02_C5,ADFNE,1337,5,4223516141,ADFNE|S3|main|2|W02_C5|1337|5,networks/S3/ADFNE/f2_W02_C5_s1337_d05.csv
S3,2,W02_C5,ADFNE,1337,6,1656024151,ADFNE|S3|main|2|W02_C5|1337|6,networks/S3/ADFNE/f2_W02_C5_s1337_d06.csv
S3,2,W02_C5,ADFNE,1337,7,364108993,ADFNE|S3|main|2|W02_C5|1337|7,networks/S3/ADFNE/f2_W02_C5_s1337_d07.csv
S3,2,W02_C5,ADFNE,20260903,0,3314277919,ADFNE|S3|main|2|W02_C5|20260903|0,networks/S3/ADFNE/f2_W02_C5_s20260903_d00.csv
S3,2,W02_C5,ADFNE,20260903,1,2995580553,ADFNE|S3|main|2|W02_C5|20260903|1,networks/S3/ADFNE/f2_W02_C5_s20260903_d01.csv
S3,2,W02_C5,ADFNE,20260903,2,730185523,ADFNE|S3|main|2|W02_C5|20260903|2,networks/S3/ADFNE/f2_W02_C5_s20260903_d02.csv
S3,2,W02_C5,ADFNE,20260903,3,1552060325,ADFNE|S3|main|2|W02_C5|20260903|3,networks/S3/ADFNE/f2_W02_C5_s20260903_d03.csv
S3,2,W02_C5,ADFNE,20260903,4,3269859846,ADFNE|S3|main|2|W02_C5|20260903|4,networks/S3/ADFNE/f2_W02_C5_s20260903_d04.csv
S3,2,W02_C5,ADFNE,20260903,5,3051432592,ADFNE|S3|main|2|W02_C5|20260903|5,networks/S3/ADFNE/f2_W02_C5_s20260903_d05.csv
S3,2,W02_C5,ADFNE,20260903,6,753433386,ADFNE|S3|main|2|W02_C5|20260903|6,networks/S3/ADFNE/f2_W02_C5_s20260903_d06.csv
S3,2,W02_C5,ADFNE,20260903,7,1542409148,ADFNE|S3|main|2|W02_C5|20260903|7,networks/S3/ADFNE/f2_W02_C5_s20260903_d07.csv
S3,2,W02_C5,ADFNE,7,0,2658604319,ADFNE|S3|main|2|W02_C5|7|0,networks/S3/ADFNE/f2_W02_C5_s7_d00.csv
S3,2,W02_C5,ADFNE,7,1,3916440969,ADFNE|S3|main|2|W02_C5|7|1,networks/S3/ADFNE/f2_W02_C5_s7_d01.csv
S3,2,W02_C5,ADFNE,7,2,1887007795,ADFNE|S3|main|2|W02_C5|7|2,networks/S3/ADFNE/f2_W02_C5_s7_d02.csv
S3,2,W02_C5,ADFNE,7,3,125715621,ADFNE|S3|main|2|W02_C5|7|3,networks/S3/ADFNE/f2_W02_C5_s7_d03.csv
S3,2,W02_C5,ADFNE,7,4,2568671494,ADFNE|S3|main|2|W02_C5|7|4,networks/S3/ADFNE/f2_W02_C5_s7_d04.csv
S3,2,W02_C5,ADFNE,7,5,3994935696,ADFNE|S3|main|2|W02_C5|7|5,networks/S3/ADFNE/f2_W02_C5_s7_d05.csv
S3,2,W02_C5,ADFNE,7,6,1997844522,ADFNE|S3|main|2|W02_C5|7|6,networks/S3/ADFNE/f2_W02_C5_s7_d06.csv
S3,2,W02_C5,ADFNE,7,7,1278140,ADFNE|S3|main|2|W02_C5|7|7,networks/S3/ADFNE/f2_W02_C5_s7_d07.csv
S3,2,W02_C5,KDE,1337,0,1774930541,KDE|S3|main|2|W02_C5|1337|0,networks/S3/KDE/f2_W02_C5_s1337_d00.csv
S3,2,W02_C5,KDE,1337,1,516717307,KDE|S3|main|2|W02_C5|1337|1,networks/S3/KDE/f2_W02_C5_s1337_d01.csv
S3,2,W02_C5,KDE,1337,2,2277845825,KDE|S3|main|2|W02_C5|1337|2,networks/S3/KDE/f2_W02_C5_s1337_d02.csv
S3,2,W02_C5,KDE,1337,3,4039252951,KDE|S3|main|2|W02_C5|1337|3,networks/S3/KDE/f2_W02_C5_s1337_d03.csv
S3,2,W02_C5,KDE,1337,4,1856409204,KDE|S3|main|2|W02_C5|1337|4,networks/S3/KDE/f2_W02_C5_s1337_d04.csv
S3,2,W02_C5,KDE,1337,5,430030562,KDE|S3|main|2|W02_C5|1337|5,networks/S3/KDE/f2_W02_C5_s1337_d05.csv
S3,2,W02_C5,KDE,1337,6,2158554968,KDE|S3|main|2|W02_C5|1337|6,networks/S3/KDE/f2_W02_C5_s1337_d06.csv
S3,2,W02_C5,KDE,1337,7,4155498446,KDE|S3|main|2|W02_C5|1337|7,networks/S3/KDE/f2_W02_C5_s1337_d07.csv
S3,2,W02_C5,KDE,20260903,0,937274905,KDE|S3|main|2|W02_C5|20260903|0,networks/S3/KDE/f2_W02_C5_s20260903_d00.csv
S3,2,W02_C5,KDE,20260903,1,1088069263,KDE|S3|main|2|W02_C5|20260903|1,networks/S3/KDE/f2_W02_C5_s20260903_d01.csv
S3,2,W02_C5,KDE,20260903,2,3654537013,KDE|S3|main|2|W02_C5|20260903|2,networks/S3/KDE/f2_W02_C5_s20260903_d02.csv
S3,2,W02_C5,KDE,20260903,3,2933194659,KDE|S3|main|2|W02_C5|20260903|3,networks/S3/KDE/f2_W02_C5_s20260903_d03.csv
S3,2,W02_C5,KDE,20260903,4,816867840,KDE|S3|main|2|W02_C5|20260903|4,networks/S3/KDE/f2_W02_C5_s20260903_d04.csv
S3,2,W02_C5,KDE,20260903,5,1203198614,KDE|S3|main|2|W02_C5|20260903|5,networks/S3/KDE/f2_W02_C5_s20260903_d05.csv
S3,2,W02_C5,KDE,20260903,6,3736996652,KDE|S3|main|2|W02_C5|20260903|6,networks/S3/KDE/f2_W02_C5_s20260903_d06.csv
S3,2,W02_C5,KDE,20260903,7,2847488954,KDE|S3|main|2|W02_C5|20260903|7,networks/S3/KDE/f2_W02_C5_s20260903_d07.csv
S3,2,W02_C5,KDE,7,0,638330546,KDE|S3|main|2|W02_C5|7|0,networks/S3/KDE/f2_W02_C5_s7_d00.csv
S3,2,W02_C5,KDE,7,1,1359681060,KDE|S3|main|2|W02_C5|7|1,networks/S3/KDE/f2_W02_C5_s7_d01.csv
S3,2,W02_C5,KDE,7,2,3355592606,KDE|S3|main|2|W02_C5|7|2,networks/S3/KDE/f2_W02_C5_s7_d02.csv
S3,2,W02_C5,KDE,7,3,3204806408,KDE|S3|main|2|W02_C5|7|3,networks/S3/KDE/f2_W02_C5_s7_d03.csv
S3,2,W02_C5,KDE,7,4,560063147,KDE|S3|main|2|W02_C5|7|4,networks/S3/KDE/f2_W02_C5_s7_d04.csv
S3,2,W02_C5,KDE,7,5,1449579069,KDE|S3|main|2|W02_C5|7|5,networks/S3/KDE/f2_W02_C5_s7_d05.csv
S3,2,W02_C5,KDE,7,6,3480191879,KDE|S3|main|2|W02_C5|7|6,networks/S3/KDE/f2_W02_C5_s7_d06.csv
S3,2,W02_C5,KDE,7,7,3093869329,KDE|S3|main|2|W02_C5|7|7,networks/S3/KDE/f2_W02_C5_s7_d07.csv
S3,2,W02_C6,EVAE,1337,0,3538394625,EVAE|S3|geobg|2|W02_C6|1337|0,networks/S3/EVAE/f2_W02_C6_s1337_d00.csv
S3,2,W02_C6,EVAE,1337,1,2782965399,EVAE|S3|geobg|2|W02_C6|1337|1,networks/S3/EVAE/f2_W02_C6_s1337_d01.csv
S3,2,W02_C6,EVAE,1337,2,1021968173,EVAE|S3|geobg|2|W02_C6|1337|2,networks/S3/EVAE/f2_W02_C6_s1337_d02.csv
S3,2,W02_C6,EVAE,1337,3,1273941947,EVAE|S3|geobg|2|W02_C6|1337|3,networks/S3/EVAE/f2_W02_C6_s1337_d03.csv
S3,2,W02_C6,EVAE,1337,4,3582614040,EVAE|S3|geobg|2|W02_C6|1337|4,networks/S3/EVAE/f2_W02_C6_s1337_d04.csv
S3,2,W02_C6,EVAE,1337,5,2727176846,EVAE|S3|geobg|2|W02_C6|1337|5,networks/S3/EVAE/f2_W02_C6_s1337_d05.csv
S3,2,W02_C6,EVAE,1337,6,998521652,EVAE|S3|geobg|2|W02_C6|1337|6,networks/S3/EVAE/f2_W02_C6_s1337_d06.csv
S3,2,W02_C6,EVAE,1337,7,1283656610,EVAE|S3|geobg|2|W02_C6|1337|7,networks/S3/EVAE/f2_W02_C6_s1337_d07.csv
S3,2,W02_C6,EVAE,20260903,0,2838461156,EVAE|S3|geobg|2|W02_C6|20260903|0,networks/S3/EVAE/f2_W02_C6_s20260903_d00.csv
S3,2,W02_C6,EVAE,20260903,1,3727182450,EVAE|S3|geobg|2|W02_C6|20260903|1,networks/S3/EVAE/f2_W02_C6_s20260903_d01.csv
S3,2,W02_C6,EVAE,20260903,2,1193352136,EVAE|S3|geobg|2|W02_C6|20260903|2,networks/S3/EVAE/f2_W02_C6_s20260903_d02.csv
S3,2,W02_C6,EVAE,20260903,3,807807838,EVAE|S3|geobg|2|W02_C6|20260903|3,networks/S3/EVAE/f2_W02_C6_s20260903_d03.csv
S3,2,W02_C6,EVAE,20260903,4,2923609853,EVAE|S3|geobg|2|W02_C6|20260903|4,networks/S3/EVAE/f2_W02_C6_s20260903_d04.csv
S3,2,W02_C6,EVAE,20260903,5,3645214315,EVAE|S3|geobg|2|W02_C6|20260903|5,networks/S3/EVAE/f2_W02_C6_s20260903_d05.csv
S3,2,W02_C6,EVAE,20260903,6,1078779857,EVAE|S3|geobg|2|W02_C6|20260903|6,networks/S3/EVAE/f2_W02_C6_s20260903_d06.csv
S3,2,W02_C6,EVAE,20260903,7,927723335,EVAE|S3|geobg|2|W02_C6|20260903|7,networks/S3/EVAE/f2_W02_C6_s20260903_d07.csv
S3,2,W02_C6,EVAE,7,0,1820311804,EVAE|S3|geobg|2|W02_C6|7|0,networks/S3/EVAE/f2_W02_C6_s7_d00.csv
S3,2,W02_C6,EVAE,7,1,460910698,EVAE|S3|geobg|2|W02_C6|7|1,networks/S3/EVAE/f2_W02_C6_s7_d01.csv
S3,2,W02_C6,EVAE,7,2,2188485072,EVAE|S3|geobg|2|W02_C6|7|2,networks/S3/EVAE/f2_W02_C6_s7_d02.csv
S3,2,W02_C6,EVAE,7,3,4118188358,EVAE|S3|geobg|2|W02_C6|7|3,networks/S3/EVAE/f2_W02_C6_s7_d03.csv
S3,2,W02_C6,EVAE,7,4,1796343013,EVAE|S3|geobg|2|W02_C6|7|4,networks/S3/EVAE/f2_W02_C6_s7_d04.csv
S3,2,W02_C6,EVAE,7,5,471151731,EVAE|S3|geobg|2|W02_C6|7|5,networks/S3/EVAE/f2_W02_C6_s7_d05.csv
S3,2,W02_C6,EVAE,7,6,2233230793,EVAE|S3|geobg|2|W02_C6|7|6,networks/S3/EVAE/f2_W02_C6_s7_d06.csv
S3,2,W02_C6,EVAE,7,7,4061877599,EVAE|S3|geobg|2|W02_C6|7|7,networks/S3/EVAE/f2_W02_C6_s7_d07.csv
S3,2,W02_C6,ADFNE,1337,0,89673345,ADFNE|S3|main|2|W02_C6|1337|0,networks/S3/ADFNE/f2_W02_C6_s1337_d00.csv
S3,2,W02_C6,ADFNE,1337,1,1918860823,ADFNE|S3|main|2|W02_C6|1337|1,networks/S3/ADFNE/f2_W02_C6_s1337_d01.csv
S3,2,W02_C6,ADFNE,1337,2,3948294061,ADFNE|S3|main|2|W02_C6|1337|2,networks/S3/ADFNE/f2_W02_C6_s1337_d02.csv
S3,2,W02_C6,ADFNE,1337,3,2622562107,ADFNE|S3|main|2|W02_C6|1337|3,networks/S3/ADFNE/f2_W02_C6_s1337_d03.csv
S3,2,W02_C6,ADFNE,1337,4,37063320,ADFNE|S3|main|2|W02_C6|1337|4,networks/S3/ADFNE/f2_W02_C6_s1337_d04.csv
S3,2,W02_C6,ADFNE,1337,5,1966258702,ADFNE|S3|main|2|W02_C6|1337|5,networks/S3/ADFNE/f2_W02_C6_s1337_d05.csv
S3,2,W02_C6,ADFNE,1337,6,3963349940,ADFNE|S3|main|2|W02_C6|1337|6,networks/S3/ADFNE/f2_W02_C6_s1337_d06.csv
S3,2,W02_C6,ADFNE,1337,7,2604456738,ADFNE|S3|main|2|W02_C6|1337|7,networks/S3/ADFNE/f2_W02_C6_s1337_d07.csv
S3,2,W02_C6,ADFNE,20260903,0,2987724015,ADFNE|S3|main|2|W02_C6|20260903|0,networks/S3/ADFNE/f2_W02_C6_s20260903_d00.csv
S3,2,W02_C6,ADFNE,20260903,1,3306306681,ADFNE|S3|main|2|W02_C6|20260903|1,networks/S3/ADFNE/f2_W02_C6_s20260903_d01.csv
S3,2,W02_C6,ADFNE,20260903,2,1545301443,ADFNE|S3|main|2|W02_C6|20260903|2,networks/S3/ADFNE/f2_W02_C6_s20260903_d02.csv
S3,2,W02_C6,ADFNE,20260903,3,723279189,ADFNE|S3|main|2|W02_C6|20260903|3,networks/S3/ADFNE/f2_W02_C6_s20260903_d03.csv
S3,2,W02_C6,ADFNE,20260903,4,3044591862,ADFNE|S3|main|2|W02_C6|20260903|4,networks/S3/ADFNE/f2_W02_C6_s20260903_d04.csv
S3,2,W02_C6,ADFNE,20260903,5,3263166560,ADFNE|S3|main|2|W02_C6|20260903|5,networks/S3/ADFNE/f2_W02_C6_s20260903_d05.csv
S3,2,W02_C6,ADFNE,20260903,6,1534503386,ADFNE|S3|main|2|W02_C6|20260903|6,networks/S3/ADFNE/f2_W02_C6_s20260903_d06.csv
S3,2,W02_C6,ADFNE,20260903,7,745642316,ADFNE|S3|main|2|W02_C6|20260903|7,networks/S3/ADFNE/f2_W02_C6_s20260903_d07.csv
S3,2,W02_C6,ADFNE,7,0,3654774735,ADFNE|S3|main|2|W02_C6|7|0,networks/S3/ADFNE/f2_W02_C6_s7_d00.csv
S3,2,W02_C6,ADFNE,7,1,2932891481,ADFNE|S3|main|2|W02_C6|7|1,networks/S3/ADFNE/f2_W02_C6_s7_d01.csv
S3,2,W02_C6,ADFNE,7,2,936972003,ADFNE|S3|main|2|W02_C6|7|2,networks/S3/ADFNE/f2_W02_C6_s7_d02.csv
S3,2,W02_C6,ADFNE,7,3,1088306805,ADFNE|S3|main|2|W02_C6|7|3,networks/S3/ADFNE/f2_W02_C6_s7_d03.csv
S3,2,W02_C6,ADFNE,7,4,3736775638,ADFNE|S3|main|2|W02_C6|7|4,networks/S3/ADFNE/f2_W02_C6_s7_d04.csv
S3,2,W02_C6,ADFNE,7,5,2847775552,ADFNE|S3|main|2|W02_C6|7|5,networks/S3/ADFNE/f2_W02_C6_s7_d05.csv
S3,2,W02_C6,ADFNE,7,6,817154810,ADFNE|S3|main|2|W02_C6|7|6,networks/S3/ADFNE/f2_W02_C6_s7_d06.csv
S3,2,W02_C6,ADFNE,7,7,1202977388,ADFNE|S3|main|2|W02_C6|7|7,networks/S3/ADFNE/f2_W02_C6_s7_d07.csv
S3,2,W02_C6,KDE,1337,0,3880013198,KDE|S3|main|2|W02_C6|1337|0,networks/S3/KDE/f2_W02_C6_s1337_d00.csv
S3,2,W02_C6,KDE,1337,1,2420342040,KDE|S3|main|2|W02_C6|1337|1,networks/S3/KDE/f2_W02_C6_s1337_d01.csv
S3,2,W02_C6,KDE,1337,2,155856034,KDE|S3|main|2|W02_C6|1337|2,networks/S3/KDE/f2_W02_C6_s1337_d02.csv
S3,2,W02_C6,KDE,1337,3,2118982708,KDE|S3|main|2|W02_C6|1337|3,networks/S3/KDE/f2_W02_C6_s1337_d03.csv
S3,2,W02_C6,KDE,1337,4,3760818583,KDE|S3|main|2|W02_C6|1337|4,networks/S3/KDE/f2_W02_C6_s1337_d04.csv
S3,2,W02_C6,KDE,1337,5,2536421633,KDE|S3|main|2|W02_C6|1337|5,networks/S3/KDE/f2_W02_C6_s1337_d05.csv
S3,2,W02_C6,KDE,1337,6,237496507,KDE|S3|main|2|W02_C6|1337|6,networks/S3/KDE/f2_W02_C6_s1337_d06.csv
S3,2,W02_C6,KDE,1337,7,2032195629,KDE|S3|main|2|W02_C6|1337|7,networks/S3/KDE/f2_W02_C6_s1337_d07.csv
S3,2,W02_C6,KDE,20260903,0,1078164713,KDE|S3|main|2|W02_C6|20260903|0,networks/S3/KDE/f2_W02_C6_s20260903_d00.csv
S3,2,W02_C6,KDE,20260903,1,927222911,KDE|S3|main|2|W02_C6|20260903|1,networks/S3/KDE/f2_W02_C6_s20260903_d01.csv
S3,2,W02_C6,KDE,20260903,2,2924289477,KDE|S3|main|2|W02_C6|20260903|2,networks/S3/KDE/f2_W02_C6_s20260903_d02.csv
S3,2,W02_C6,KDE,20260903,3,3645517139,KDE|S3|main|2|W02_C6|20260903|3,networks/S3/KDE/f2_W02_C6_s20260903_d03.csv
S3,2,W02_C6,KDE,20260903,4,1194244336,KDE|S3|main|2|W02_C6|20260903|4,networks/S3/KDE/f2_W02_C6_s20260903_d04.csv
S3,2,W02_C6,KDE,20260903,5,808028262,KDE|S3|main|2|W02_C6|20260903|5,networks/S3/KDE/f2_W02_C6_s20260903_d05.csv
S3,2,W02_C6,KDE,20260903,6,2837502428,KDE|S3|main|2|W02_C6|20260903|6,networks/S3/KDE/f2_W02_C6_s20260903_d06.csv
S3,2,W02_C6,KDE,20260903,7,3727157578,KDE|S3|main|2|W02_C6|20260903|7,networks/S3/KDE/f2_W02_C6_s20260903_d07.csv
S3,2,W02_C6,KDE,7,0,1638685794,KDE|S3|main|2|W02_C6|7|0,networks/S3/KDE/f2_W02_C6_s7_d00.csv
S3,2,W02_C6,KDE,7,1,380333300,KDE|S3|main|2|W02_C6|7|1,networks/S3/KDE/f2_W02_C6_s7_d01.csv
S3,2,W02_C6,KDE,7,2,2409774414,KDE|S3|main|2|W02_C6|7|2,networks/S3/KDE/f2_W02_C6_s7_d02.csv
S3,2,W02_C6,KDE,7,3,4171566552,KDE|S3|main|2|W02_C6|7|3,networks/S3/KDE/f2_W02_C6_s7_d03.csv
S3,2,W02_C6,KDE,7,4,1723963515,KDE|S3|main|2|W02_C6|7|4,networks/S3/KDE/f2_W02_C6_s7_d04.csv
S3,2,W02_C6,KDE,7,5,298232045,KDE|S3|main|2|W02_C6|7|5,networks/S3/KDE/f2_W02_C6_s7_d05.csv
S3,2,W02_C6,KDE,7,6,2295331159,KDE|S3|main|2|W02_C6|7|6,networks/S3/KDE/f2_W02_C6_s7_d06.csv
S3,2,W02_C6,KDE,7,7,4291348929,KDE|S3|main|2|W02_C6|7|7,networks/S3/KDE/f2_W02_C6_s7_d07.csv
S3,2,W03_C5,EVAE,1337,0,2649114146,EVAE|S3|geobg|2|W03_C5|1337|0,networks/S3/EVAE/f2_W03_C5_s1337_d00.csv
S3,2,W03_C5,EVAE,1337,1,3940644532,EVAE|S3|geobg|2|W03_C5|1337|1,networks/S3/EVAE/f2_W03_C5_s1337_d01.csv
S3,2,W03_C5,EVAE,1337,2,1944594190,EVAE|S3|geobg|2|W03_C5|1337|2,networks/S3/EVAE/f2_W03_C5_s1337_d02.csv
S3,2,W03_C5,EVAE,1337,3,82778008,EVAE|S3|geobg|2|W03_C5|1337|3,networks/S3/EVAE/f2_W03_C5_s1337_d03.csv
S3,2,W03_C5,EVAE,1337,4,2592834107,EVAE|S3|geobg|2|W03_C5|1337|4,networks/S3/EVAE/f2_W03_C5_s1337_d04.csv
S3,2,W03_C5,EVAE,1337,5,3985420973,EVAE|S3|geobg|2|W03_C5|1337|5,networks/S3/EVAE/f2_W03_C5_s1337_d05.csv
S3,2,W03_C5,EVAE,1337,6,1954931479,EVAE|S3|geobg|2|W03_C5|1337|6,networks/S3/EVAE/f2_W03_C5_s1337_d06.csv
S3,2,W03_C5,EVAE,1337,7,58905473,EVAE|S3|geobg|2|W03_C5|1337|7,networks/S3/EVAE/f2_W03_C5_s1337_d07.csv
S3,2,W03_C5,EVAE,20260903,0,1732932604,EVAE|S3|geobg|2|W03_C5|20260903|0,networks/S3/EVAE/f2_W03_C5_s20260903_d00.csv
S3,2,W03_C5,EVAE,20260903,1,273498986,EVAE|S3|geobg|2|W03_C5|20260903|1,networks/S3/EVAE/f2_W03_C5_s20260903_d01.csv
S3,2,W03_C5,EVAE,20260903,2,2302939856,EVAE|S3|geobg|2|W03_C5|20260903|2,networks/S3/EVAE/f2_W03_C5_s20260903_d02.csv
S3,2,W03_C5,EVAE,20260903,3,4265812550,EVAE|S3|geobg|2|W03_C5|20260903|3,networks/S3/EVAE/f2_W03_C5_s20260903_d03.csv
S3,2,W03_C5,EVAE,20260903,4,1613215717,EVAE|S3|geobg|2|W03_C5|20260903|4,networks/S3/EVAE/f2_W03_C5_s20260903_d04.csv
S3,2,W03_C5,EVAE,20260903,5,388007795,EVAE|S3|geobg|2|W03_C5|20260903|5,networks/S3/EVAE/f2_W03_C5_s20260903_d05.csv
S3,2,W03_C5,EVAE,20260903,6,2385106633,EVAE|S3|geobg|2|W03_C5|20260903|6,networks/S3/EVAE/f2_W03_C5_s20260903_d06.csv
S3,2,W03_C5,EVAE,20260903,7,4180600415,EVAE|S3|geobg|2|W03_C5|20260903|7,networks/S3/EVAE/f2_W03_C5_s20260903_d07.csv
S3,2,W03_C5,EVAE,7,0,3883252402,EVAE|S3|geobg|2|W03_C5|7|0,networks/S3/EVAE/f2_W03_C5_s7_d00.csv
S3,2,W03_C5,EVAE,7,1,2423425572,EVAE|S3|geobg|2|W03_C5|7|1,networks/S3/EVAE/f2_W03_C5_s7_d01.csv
S3,2,W03_C5,EVAE,7,2,159112094,EVAE|S3|geobg|2|W03_C5|7|2,networks/S3/EVAE/f2_W03_C5_s7_d02.csv
S3,2,W03_C5,EVAE,7,3,2122115848,EVAE|S3|geobg|2|W03_C5|7|3,networks/S3/EVAE/f2_W03_C5_s7_d03.csv
S3,2,W03_C5,EVAE,7,4,3759701675,EVAE|S3|geobg|2|W03_C5|7|4,networks/S3/EVAE/f2_W03_C5_s7_d04.csv
S3,2,W03_C5,EVAE,7,5,2535411261,EVAE|S3|geobg|2|W03_C5|7|5,networks/S3/EVAE/f2_W03_C5_s7_d05.csv
S3,2,W03_C5,EVAE,7,6,236330887,EVAE|S3|geobg|2|W03_C5|7|6,networks/S3/EVAE/f2_W03_C5_s7_d06.csv
S3,2,W03_C5,EVAE,7,7,2031169297,EVAE|S3|geobg|2|W03_C5|7|7,networks/S3/EVAE/f2_W03_C5_s7_d07.csv
S3,2,W03_C5,ADFNE,1337,0,1247385250,ADFNE|S3|main|2|W03_C5|1337|0,networks/S3/ADFNE/f2_W03_C5_s1337_d00.csv
S3,2,W03_C5,ADFNE,1337,1,1029613108,ADFNE|S3|main|2|W03_C5|1337|1,networks/S3/ADFNE/f2_W03_C5_s1337_d01.csv
S3,2,W03_C5,ADFNE,1337,2,2757228430,ADFNE|S3|main|2|W03_C5|1337|2,networks/S3/ADFNE/f2_W03_C5_s1337_d02.csv
S3,2,W03_C5,ADFNE,1337,3,3545286424,ADFNE|S3|main|2|W03_C5|1337|3,networks/S3/ADFNE/f2_W03_C5_s1337_d03.csv
S3,2,W03_C5,ADFNE,1337,4,1295274683,ADFNE|S3|main|2|W03_C5|1337|4,networks/S3/ADFNE/f2_W03_C5_s1337_d04.csv
S3,2,W03_C5,ADFNE,1337,5,976445997,ADFNE|S3|main|2|W03_C5|1337|5,networks/S3/ADFNE/f2_W03_C5_s1337_d05.csv
S3,2,W03_C5,ADFNE,1337,6,2738500503,ADFNE|S3|main|2|W03_C5|1337|6,networks/S3/ADFNE/f2_W03_C5_s1337_d06.csv
S3,2,W03_C5,ADFNE,1337,7,3560768257,ADFNE|S3|main|2|W03_C5|1337|7,networks/S3/ADFNE/f2_W03_C5_s1337_d07.csv
S3,2,W03_C5,ADFNE,20260903,0,2087716343,ADFNE|S3|main|2|W03_C5|20260903|0,networks/S3/ADFNE/f2_W03_C5_s20260903_d00.csv
S3,2,W03_C5,ADFNE,20260903,1,192361825,ADFNE|S3|main|2|W03_C5|20260903|1,networks/S3/ADFNE/f2_W03_C5_s20260903_d01.csv
S3,2,W03_C5,ADFNE,20260903,2,2457756891,ADFNE|S3|main|2|W03_C5|20260903|2,networks/S3/ADFNE/f2_W03_C5_s20260903_d02.csv
S3,2,W03_C5,ADFNE,20260903,3,3849933901,ADFNE|S3|main|2|W03_C5|20260903|3,networks/S3/ADFNE/f2_W03_C5_s20260903_d03.csv
S3,2,W03_C5,ADFNE,20260903,4,2065547758,ADFNE|S3|main|2|W03_C5|20260903|4,networks/S3/ADFNE/f2_W03_C5_s20260903_d04.csv
S3,2,W03_C5,ADFNE,20260903,5,203092344,ADFNE|S3|main|2|W03_C5|20260903|5,networks/S3/ADFNE/f2_W03_C5_s20260903_d05.csv
S3,2,W03_C5,ADFNE,20260903,6,2501091522,ADFNE|S3|main|2|W03_C5|20260903|6,networks/S3/ADFNE/f2_W03_C5_s20260903_d06.csv
S3,2,W03_C5,ADFNE,20260903,7,3792998484,ADFNE|S3|main|2|W03_C5|20260903|7,networks/S3/ADFNE/f2_W03_C5_s20260903_d07.csv
S3,2,W03_C5,ADFNE,7,0,1390220673,ADFNE|S3|main|2|W03_C5|7|0,networks/S3/ADFNE/f2_W03_C5_s7_d00.csv
S3,2,W03_C5,ADFNE,7,1,635053335,ADFNE|S3|main|2|W03_C5|7|1,networks/S3/ADFNE/f2_W03_C5_s7_d01.csv
S3,2,W03_C5,ADFNE,7,2,3167974573,ADFNE|S3|main|2|W03_C5|7|2,networks/S3/ADFNE/f2_W03_C5_s7_d02.csv
S3,2,W03_C5,ADFNE,7,3,3419685947,ADFNE|S3|main|2|W03_C5|7|3,networks/S3/ADFNE/f2_W03_C5_s7_d03.csv
S3,2,W03_C5,ADFNE,7,4,1437651352,ADFNE|S3|main|2|W03_C5|7|4,networks/S3/ADFNE/f2_W03_C5_s7_d04.csv
S3,2,W03_C5,ADFNE,7,5,582476046,ADFNE|S3|main|2|W03_C5|7|5,networks/S3/ADFNE/f2_W03_C5_s7_d05.csv
S3,2,W03_C5,ADFNE,7,6,3149836468,ADFNE|S3|main|2|W03_C5|7|6,networks/S3/ADFNE/f2_W03_C5_s7_d06.csv
S3,2,W03_C5,ADFNE,7,7,3434709026,ADFNE|S3|main|2|W03_C5|7|7,networks/S3/ADFNE/f2_W03_C5_s7_d07.csv
S3,2,W03_C5,KDE,1337,0,2823132589,KDE|S3|main|2|W03_C5|1337|0,networks/S3/KDE/f2_W03_C5_s1337_d00.csv
S3,2,W03_C5,KDE,1337,1,3745686843,KDE|S3|main|2|W03_C5|1337|1,networks/S3/KDE/f2_W03_C5_s1337_d01.csv
S3,2,W03_C5,KDE,1337,2,1179382913,KDE|S3|main|2|W03_C5|1337|2,networks/S3/KDE/f2_W03_C5_s1337_d02.csv
S3,2,W03_C5,KDE,1337,3,827114519,KDE|S3|main|2|W03_C5|1337|3,networks/S3/KDE/f2_W03_C5_s1337_d03.csv
S3,2,W03_C5,KDE,1337,4,2938655156,KDE|S3|main|2|W03_C5|1337|4,networks/S3/KDE/f2_W03_C5_s1337_d04.csv
S3,2,W03_C5,KDE,1337,5,3626983714,KDE|S3|main|2|W03_C5|1337|5,networks/S3/KDE/f2_W03_C5_s1337_d05.csv
S3,2,W03_C5,KDE,1337,6,1093021848,KDE|S3|main|2|W03_C5|1337|6,networks/S3/KDE/f2_W03_C5_s1337_d06.csv
S3,2,W03_C5,KDE,1337,7,908132366,KDE|S3|main|2|W03_C5|1337|7,networks/S3/KDE/f2_W03_C5_s1337_d07.csv
S3,2,W03_C5,KDE,20260903,0,2384885233,KDE|S3|main|2|W03_C5|20260903|0,networks/S3/KDE/f2_W03_C5_s20260903_d00.csv
S3,2,W03_C5,KDE,20260903,1,4179707239,KDE|S3|main|2|W03_C5|20260903|1,networks/S3/KDE/f2_W03_C5_s20260903_d01.csv
S3,2,W03_C5,KDE,20260903,2,1613239517,KDE|S3|main|2|W03_C5|20260903|2,networks/S3/KDE/f2_W03_C5_s20260903_d02.csv
S3,2,W03_C5,KDE,20260903,3,388965451,KDE|S3|main|2|W03_C5|20260903|3,networks/S3/KDE/f2_W03_C5_s20260903_d03.csv
S3,2,W03_C5,KDE,20260903,4,2303439336,KDE|S3|main|2|W03_C5|20260903|4,networks/S3/KDE/f2_W03_C5_s20260903_d04.csv
S3,2,W03_C5,KDE,20260903,5,4266426750,KDE|S3|main|2|W03_C5|20260903|5,networks/S3/KDE/f2_W03_C5_s20260903_d05.csv
S3,2,W03_C5,KDE,20260903,6,1732628676,KDE|S3|main|2|W03_C5|20260903|6,networks/S3/KDE/f2_W03_C5_s20260903_d06.csv
S3,2,W03_C5,KDE,20260903,7,272818258,KDE|S3|main|2|W03_C5|20260903|7,networks/S3/KDE/f2_W03_C5_s20260903_d07.csv
S3,2,W03_C5,KDE,7,0,3936757292,KDE|S3|main|2|W03_C5|7|0,networks/S3/KDE/f2_W03_C5_s7_d00.csv
S3,2,W03_C5,KDE,7,1,2644580026,KDE|S3|main|2|W03_C5|7|1,networks/S3/KDE/f2_W03_C5_s7_d01.csv
S3,2,W03_C5,KDE,7,2,78137088,KDE|S3|main|2|W03_C5|7|2,networks/S3/KDE/f2_W03_C5_s7_d02.csv
S3,2,W03_C5,KDE,7,3,1940879254,KDE|S3|main|2|W03_C5|7|3,networks/S3/KDE/f2_W03_C5_s7_d03.csv
S3,2,W03_C5,KDE,7,4,3989561909,KDE|S3|main|2|W03_C5|7|4,networks/S3/KDE/f2_W03_C5_s7_d04.csv
S3,2,W03_C5,KDE,7,5,2597114531,KDE|S3|main|2|W03_C5|7|5,networks/S3/KDE/f2_W03_C5_s7_d05.csv
S3,2,W03_C5,KDE,7,6,63275801,KDE|S3|main|2|W03_C5|7|6,networks/S3/KDE/f2_W03_C5_s7_d06.csv
S3,2,W03_C5,KDE,7,7,1958917007,KDE|S3|main|2|W03_C5|7|7,networks/S3/KDE/f2_W03_C5_s7_d07.csv
S3,2,W03_C6,EVAE,1337,0,325665217,EVAE|S3|geobg|2|W03_C6|1337|0,networks/S3/EVAE/f2_W03_C6_s1337_d00.csv
S3,2,W03_C6,EVAE,1337,1,1684959575,EVAE|S3|geobg|2|W03_C6|1337|1,networks/S3/EVAE/f2_W03_C6_s1337_d01.csv
S3,2,W03_C6,EVAE,1337,2,4251394285,EVAE|S3|geobg|2|W03_C6|1337|2,networks/S3/EVAE/f2_W03_C6_s1337_d02.csv
S3,2,W03_C6,EVAE,1337,3,2321551483,EVAE|S3|geobg|2|W03_C6|1337|3,networks/S3/EVAE/f2_W03_C6_s1337_d03.csv
S3,2,W03_C6,EVAE,1337,4,335840728,EVAE|S3|geobg|2|W03_C6|1337|4,networks/S3/EVAE/f2_W03_C6_s1337_d04.csv
S3,2,W03_C6,EVAE,1337,5,1661187406,EVAE|S3|geobg|2|W03_C6|1337|5,networks/S3/EVAE/f2_W03_C6_s1337_d05.csv
S3,2,W03_C6,EVAE,1337,6,4195017972,EVAE|S3|geobg|2|W03_C6|1337|6,networks/S3/EVAE/f2_W03_C6_s1337_d06.csv
S3,2,W03_C6,EVAE,1337,7,2366493794,EVAE|S3|geobg|2|W03_C6|1337|7,networks/S3/EVAE/f2_W03_C6_s1337_d07.csv
S3,2,W03_C6,EVAE,20260903,0,282370316,EVAE|S3|geobg|2|W03_C6|20260903|0,networks/S3/EVAE/f2_W03_C6_s20260903_d00.csv
S3,2,W03_C6,EVAE,20260903,1,1741918618,EVAE|S3|geobg|2|W03_C6|20260903|1,networks/S3/EVAE/f2_W03_C6_s20260903_d01.csv
S3,2,W03_C6,EVAE,20260903,2,4275748896,EVAE|S3|geobg|2|W03_C6|20260903|2,networks/S3/EVAE/f2_W03_C6_s20260903_d02.csv
S3,2,W03_C6,EVAE,20260903,3,2313023670,EVAE|S3|geobg|2|W03_C6|20260903|3,networks/S3/EVAE/f2_W03_C6_s20260903_d03.csv
S3,2,W03_C6,EVAE,20260903,4,398026005,EVAE|S3|geobg|2|W03_C6|20260903|4,networks/S3/EVAE/f2_W03_C6_s20260903_d04.csv
S3,2,W03_C6,EVAE,20260903,5,1623086467,EVAE|S3|geobg|2|W03_C6|20260903|5,networks/S3/EVAE/f2_W03_C6_s20260903_d05.csv
S3,2,W03_C6,EVAE,20260903,6,4189520953,EVAE|S3|geobg|2|W03_C6|20260903|6,networks/S3/EVAE/f2_W03_C6_s20260903_d06.csv
S3,2,W03_C6,EVAE,20260903,7,2393912495,EVAE|S3|geobg|2|W03_C6|20260903|7,networks/S3/EVAE/f2_W03_C6_s20260903_d07.csv
S3,2,W03_C6,EVAE,7,0,2698362978,EVAE|S3|geobg|2|W03_C6|7|0,networks/S3/EVAE/f2_W03_C6_s7_d00.csv
S3,2,W03_C6,EVAE,7,1,3620925684,EVAE|S3|geobg|2|W03_C6|7|1,networks/S3/EVAE/f2_W03_C6_s7_d01.csv
S3,2,W03_C6,EVAE,7,2,1323016526,EVAE|S3|geobg|2|W03_C6|7|2,networks/S3/EVAE/f2_W03_C6_s7_d02.csv
S3,2,W03_C6,EVAE,7,3,970756568,EVAE|S3|geobg|2|W03_C6|7|3,networks/S3/EVAE/f2_W03_C6_s7_d03.csv
S3,2,W03_C6,EVAE,7,4,2813854843,EVAE|S3|geobg|2|W03_C6|7|4,networks/S3/EVAE/f2_W03_C6_s7_d04.csv
S3,2,W03_C6,EVAE,7,5,3502191853,EVAE|S3|geobg|2|W03_C6|7|5,networks/S3/EVAE/f2_W03_C6_s7_d05.csv
S3,2,W03_C6,EVAE,7,6,1236690263,EVAE|S3|geobg|2|W03_C6|7|6,networks/S3/EVAE/f2_W03_C6_s7_d06.csv
S3,2,W03_C6,EVAE,7,7,1051809217,EVAE|S3|geobg|2|W03_C6|7|7,networks/S3/EVAE/f2_W03_C6_s7_d07.csv
S3,2,W03_C6,ADFNE,1337,0,3302396225,ADFNE|S3|main|2|W03_C6|1337|0,networks/S3/ADFNE/f2_W03_C6_s1337_d00.csv
S3,2,W03_C6,ADFNE,1337,1,3016860119,ADFNE|S3|main|2|W03_C6|1337|1,networks/S3/ADFNE/f2_W03_C6_s1337_d01.csv
S3,2,W03_C6,ADFNE,1337,2,718860397,ADFNE|S3|main|2|W03_C6|1337|2,networks/S3/ADFNE/f2_W03_C6_s1337_d02.csv
S3,2,W03_C6,ADFNE,1337,3,1574945019,ADFNE|S3|main|2|W03_C6|1337|3,networks/S3/ADFNE/f2_W03_C6_s1337_d03.csv
S3,2,W03_C6,ADFNE,1337,4,3283834200,ADFNE|S3|main|2|W03_C6|1337|4,networks/S3/ADFNE/f2_W03_C6_s1337_d04.csv
S3,2,W03_C6,ADFNE,1337,5,3032245710,ADFNE|S3|main|2|W03_C6|1337|5,networks/S3/ADFNE/f2_W03_C6_s1337_d05.csv
S3,2,W03_C6,ADFNE,1337,6,766850164,ADFNE|S3|main|2|W03_C6|1337|6,networks/S3/ADFNE/f2_W03_C6_s1337_d06.csv
S3,2,W03_C6,ADFNE,1337,7,1521616098,ADFNE|S3|main|2|W03_C6|1337|7,networks/S3/ADFNE/f2_W03_C6_s1337_d07.csv
S3,2,W03_C6,ADFNE,20260903,0,200201991,ADFNE|S3|main|2|W03_C6|20260903|0,networks/S3/ADFNE/f2_W03_C6_s20260903_d00.csv
S3,2,W03_C6,ADFNE,20260903,1,2095703953,ADFNE|S3|main|2|W03_C6|20260903|1,networks/S3/ADFNE/f2_W03_C6_s20260903_d01.csv
S3,2,W03_C6,ADFNE,20260903,2,3856709163,ADFNE|S3|main|2|W03_C6|20260903|2,networks/S3/ADFNE/f2_W03_C6_s20260903_d02.csv
S3,2,W03_C6,ADFNE,20260903,3,2464646845,ADFNE|S3|main|2|W03_C6|20260903|3,networks/S3/ADFNE/f2_W03_C6_s20260903_d03.csv
S3,2,W03_C6,ADFNE,20260903,4,209916702,ADFNE|S3|main|2|W03_C6|20260903|4,networks/S3/ADFNE/f2_W03_C6_s20260903_d04.csv
S3,2,W03_C6,ADFNE,20260903,5,2072257416,ADFNE|S3|main|2|W03_C6|20260903|5,networks/S3/ADFNE/f2_W03_C6_s20260903_d05.csv
S3,2,W03_C6,ADFNE,20260903,6,3800920626,ADFNE|S3|main|2|W03_C6|20260903|6,networks/S3/ADFNE/f2_W03_C6_s20260903_d06.csv
S3,2,W03_C6,ADFNE,20260903,7,2508866212,ADFNE|S3|main|2|W03_C6|20260903|7,networks/S3/ADFNE/f2_W03_C6_s20260903_d07.csv
S3,2,W03_C6,ADFNE,7,0,360542033,ADFNE|S3|main|2|W03_C6|7|0,networks/S3/ADFNE/f2_W03_C6_s7_d00.csv
S3,2,W03_C6,ADFNE,7,1,1652187079,ADFNE|S3|main|2|W03_C6|7|1,networks/S3/ADFNE/f2_W03_C6_s7_d01.csv
S3,2,W03_C6,ADFNE,7,2,4218621565,ADFNE|S3|main|2|W03_C6|7|2,networks/S3/ADFNE/f2_W03_C6_s7_d02.csv
S3,2,W03_C6,ADFNE,7,3,2356428523,ADFNE|S3|main|2|W03_C6|7|3,networks/S3/ADFNE/f2_W03_C6_s7_d03.csv
S3,2,W03_C6,ADFNE,7,4,303082312,ADFNE|S3|main|2|W03_C6|7|4,networks/S3/ADFNE/f2_W03_C6_s7_d04.csv
S3,2,W03_C6,ADFNE,7,5,1696046046,ADFNE|S3|main|2|W03_C6|7|5,networks/S3/ADFNE/f2_W03_C6_s7_d05.csv
S3,2,W03_C6,ADFNE,7,6,4229876324,ADFNE|S3|main|2|W03_C6|7|6,networks/S3/ADFNE/f2_W03_C6_s7_d06.csv
S3,2,W03_C6,ADFNE,7,7,2333735666,ADFNE|S3|main|2|W03_C6|7|7,networks/S3/ADFNE/f2_W03_C6_s7_d07.csv
S3,2,W03_C6,KDE,1337,0,650809934,KDE|S3|main|2|W03_C6|1337|0,networks/S3/KDE/f2_W03_C6_s1337_d00.csv
S3,2,W03_C6,KDE,1337,1,1372431064,KDE|S3|main|2|W03_C6|1337|1,networks/S3/KDE/f2_W03_C6_s1337_d01.csv
S3,2,W03_C6,KDE,1337,2,3368350562,KDE|S3|main|2|W03_C6|1337|2,networks/S3/KDE/f2_W03_C6_s1337_d02.csv
S3,2,W03_C6,KDE,1337,3,3217277940,KDE|S3|main|2|W03_C6|1337|3,networks/S3/KDE/f2_W03_C6_s1337_d03.csv
S3,2,W03_C6,KDE,1337,4,564614743,KDE|S3|main|2|W03_C6|1337|4,networks/S3/KDE/f2_W03_C6_s1337_d04.csv
S3,2,W03_C6,KDE,1337,5,1453352641,KDE|S3|main|2|W03_C6|1337|5,networks/S3/KDE/f2_W03_C6_s1337_d05.csv
S3,2,W03_C6,KDE,1337,6,3483973499,KDE|S3|main|2|W03_C6|1337|6,networks/S3/KDE/f2_W03_C6_s1337_d06.csv
S3,2,W03_C6,KDE,1337,7,3098413037,KDE|S3|main|2|W03_C6|1337|7,networks/S3/KDE/f2_W03_C6_s1337_d07.csv
S3,2,W03_C6,KDE,20260903,0,4189628161,KDE|S3|main|2|W03_C6|20260903|0,networks/S3/KDE/f2_W03_C6_s20260903_d00.csv
S3,2,W03_C6,KDE,20260903,1,2394920855,KDE|S3|main|2|W03_C6|20260903|1,networks/S3/KDE/f2_W03_C6_s20260903_d01.csv
S3,2,W03_C6,KDE,20260903,2,397854253,KDE|S3|main|2|W03_C6|20260903|2,networks/S3/KDE/f2_W03_C6_s20260903_d02.csv
S3,2,W03_C6,KDE,20260903,3,1622275771,KDE|S3|main|2|W03_C6|20260903|3,networks/S3/KDE/f2_W03_C6_s20260903_d03.csv
S3,2,W03_C6,KDE,20260903,4,4275397400,KDE|S3|main|2|W03_C6|20260903|4,networks/S3/KDE/f2_W03_C6_s20260903_d04.csv
S3,2,W03_C6,KDE,20260903,5,2312262542,KDE|S3|main|2|W03_C6|20260903|5,networks/S3/KDE/f2_W03_C6_s20260903_d05.csv
S3,2,W03_C6,KDE,20260903,6,282788404,KDE|S3|main|2|W03_C6|20260903|6,networks/S3/KDE/f2_W03_C6_s20260903_d06.csv
S3,2,W03_C6,KDE,20260903,7,1742484130,KDE|S3|main|2|W03_C6|20260903|7,networks/S3/KDE/f2_W03_C6_s20260903_d07.csv
S3,2,W03_C6,KDE,7,0,2902875388,KDE|S3|main|2|W03_C6|7|0,networks/S3/KDE/f2_W03_C6_s7_d00.csv
S3,2,W03_C6,KDE,7,1,3657526378,KDE|S3|main|2|W03_C6|7|1,networks/S3/KDE/f2_W03_C6_s7_d01.csv
S3,2,W03_C6,KDE,7,2,1124613584,KDE|S3|main|2|W03_C6|7|2,networks/S3/KDE/f2_W03_C6_s7_d02.csv
S3,2,W03_C6,KDE,7,3,873401670,KDE|S3|main|2|W03_C6|7|3,networks/S3/KDE/f2_W03_C6_s7_d03.csv
S3,2,W03_C6,KDE,7,4,2859178213,KDE|S3|main|2|W03_C6|7|4,networks/S3/KDE/f2_W03_C6_s7_d04.csv
S3,2,W03_C6,KDE,7,5,3714885747,KDE|S3|main|2|W03_C6|7|5,networks/S3/KDE/f2_W03_C6_s7_d05.csv
S3,2,W03_C6,KDE,7,6,1147533769,KDE|S3|main|2|W03_C6|7|6,networks/S3/KDE/f2_W03_C6_s7_d06.csv
S3,2,W03_C6,KDE,7,7,862112095,KDE|S3|main|2|W03_C6|7|7,networks/S3/KDE/f2_W03_C6_s7_d07.csv
S3,2,W04_C5,EVAE,1337,0,3034403745,EVAE|S3|geobg|2|W04_C5|1337|0,networks/S3/EVAE/f2_W04_C5_s1337_d00.csv
S3,2,W04_C5,EVAE,1337,1,3285869367,EVAE|S3|geobg|2|W04_C5|1337|1,networks/S3/EVAE/f2_W04_C5_s1337_d01.csv
S3,2,W04_C5,EVAE,1337,2,1523790477,EVAE|S3|geobg|2|W04_C5|1337|2,networks/S3/EVAE/f2_W04_C5_s1337_d02.csv
S3,2,W04_C5,EVAE,1337,3,768868891,EVAE|S3|geobg|2|W04_C5|1337|3,networks/S3/EVAE/f2_W04_C5_s1337_d03.csv
S3,2,W04_C5,EVAE,1337,4,3014694840,EVAE|S3|geobg|2|W04_C5|1337|4,networks/S3/EVAE/f2_W04_C5_s1337_d04.csv
S3,2,W04_C5,EVAE,1337,5,3300370222,EVAE|S3|geobg|2|W04_C5|1337|5,networks/S3/EVAE/f2_W04_C5_s1337_d05.csv
S3,2,W04_C5,EVAE,1337,6,1572796052,EVAE|S3|geobg|2|W04_C5|1337|6,networks/S3/EVAE/f2_W04_C5_s1337_d06.csv
S3,2,W04_C5,EVAE,1337,7,716817922,EVAE|S3|geobg|2|W04_C5|1337|7,networks/S3/EVAE/f2_W04_C5_s1337_d07.csv
S3,2,W04_C5,EVAE,20260903,0,4232805606,EVAE|S3|geobg|2|W04_C5|20260903|0,networks/S3/EVAE/f2_W04_C5_s20260903_d00.csv
S3,2,W04_C5,EVAE,20260903,1,2337033328,EVAE|S3|geobg|2|W04_C5|20260903|1,networks/S3/EVAE/f2_W04_C5_s20260903_d01.csv
S3,2,W04_C5,EVAE,20260903,2,306519498,EVAE|S3|geobg|2|W04_C5|20260903|2,networks/S3/EVAE/f2_W04_C5_s20260903_d02.csv
S3,2,W04_C5,EVAE,20260903,3,1698835804,EVAE|S3|geobg|2|W04_C5|20260903|3,networks/S3/EVAE/f2_W04_C5_s20260903_d03.csv
S3,2,W04_C5,EVAE,20260903,4,4213618943,EVAE|S3|geobg|2|W04_C5|20260903|4,networks/S3/EVAE/f2_W04_C5_s20260903_d04.csv
S3,2,W04_C5,EVAE,20260903,5,2351007849,EVAE|S3|geobg|2|W04_C5|20260903|5,networks/S3/EVAE/f2_W04_C5_s20260903_d05.csv
S3,2,W04_C5,EVAE,20260903,6,354998739,EVAE|S3|geobg|2|W04_C5|20260903|6,networks/S3/EVAE/f2_W04_C5_s20260903_d06.csv
S3,2,W04_C5,EVAE,20260903,7,1647307077,EVAE|S3|geobg|2|W04_C5|20260903|7,networks/S3/EVAE/f2_W04_C5_s20260903_d07.csv
S3,2,W04_C5,EVAE,7,0,3987780523,EVAE|S3|geobg|2|W04_C5|7|0,networks/S3/EVAE/f2_W04_C5_s7_d00.csv
S3,2,W04_C5,EVAE,7,1,2595717949,EVAE|S3|geobg|2|W04_C5|7|1,networks/S3/EVAE/f2_W04_C5_s7_d01.csv
S3,2,W04_C5,EVAE,7,2,62837383,EVAE|S3|geobg|2|W04_C5|7|2,networks/S3/EVAE/f2_W04_C5_s7_d02.csv
S3,2,W04_C5,EVAE,7,3,1958339089,EVAE|S3|geobg|2|W04_C5|7|3,networks/S3/EVAE/f2_W04_C5_s7_d03.csv
S3,2,W04_C5,EVAE,7,4,3940382642,EVAE|S3|geobg|2|W04_C5|7|4,networks/S3/EVAE/f2_W04_C5_s7_d04.csv
S3,2,W04_C5,EVAE,7,5,2648327972,EVAE|S3|geobg|2|W04_C5|7|5,networks/S3/EVAE/f2_W04_C5_s7_d05.csv
S3,2,W04_C5,EVAE,7,6,80942750,EVAE|S3|geobg|2|W04_C5|7|6,networks/S3/EVAE/f2_W04_C5_s7_d06.csv
S3,2,W04_C5,EVAE,7,7,1943283208,EVAE|S3|geobg|2|W04_C5|7|7,networks/S3/EVAE/f2_W04_C5_s7_d07.csv
S3,2,W04_C5,ADFNE,1337,0,1667400481,ADFNE|S3|main|2|W04_C5|1337|0,networks/S3/ADFNE/f2_W04_C5_s1337_d00.csv
S3,2,W04_C5,ADFNE,1337,1,342209463,ADFNE|S3|main|2|W04_C5|1337|1,networks/S3/ADFNE/f2_W04_C5_s1337_d01.csv
S3,2,W04_C5,ADFNE,1337,2,2372723213,ADFNE|S3|main|2|W04_C5|1337|2,networks/S3/ADFNE/f2_W04_C5_s1337_d02.csv
S3,2,W04_C5,ADFNE,1337,3,4201370267,ADFNE|S3|main|2|W04_C5|1337|3,networks/S3/ADFNE/f2_W04_C5_s1337_d03.csv
S3,2,W04_C5,ADFNE,1337,4,1678722872,ADFNE|S3|main|2|W04_C5|1337|4,networks/S3/ADFNE/f2_W04_C5_s1337_d04.csv
S3,2,W04_C5,ADFNE,1337,5,319322030,ADFNE|S3|main|2|W04_C5|1337|5,networks/S3/ADFNE/f2_W04_C5_s1337_d05.csv
S3,2,W04_C5,ADFNE,1337,6,2315331092,ADFNE|S3|main|2|W04_C5|1337|6,networks/S3/ADFNE/f2_W04_C5_s1337_d06.csv
S3,2,W04_C5,ADFNE,1337,7,4245034626,ADFNE|S3|main|2|W04_C5|1337|7,networks/S3/ADFNE/f2_W04_C5_s1337_d07.csv
S3,2,W04_C5,ADFNE,20260903,0,3882945261,ADFNE|S3|main|2|W04_C5|20260903|0,networks/S3/ADFNE/f2_W04_C5_s20260903_d00.csv
S3,2,W04_C5,ADFNE,20260903,1,2423667323,ADFNE|S3|main|2|W04_C5|20260903|1,networks/S3/ADFNE/f2_W04_C5_s20260903_d01.csv
S3,2,W04_C5,ADFNE,20260903,2,159345601,ADFNE|S3|main|2|W04_C5|20260903|2,networks/S3/ADFNE/f2_W04_C5_s20260903_d02.csv
S3,2,W04_C5,ADFNE,20260903,3,2121816919,ADFNE|S3|main|2|W04_C5|20260903|3,networks/S3/ADFNE/f2_W04_C5_s20260903_d03.csv
S3,2,W04_C5,ADFNE,20260903,4,3759984372,ADFNE|S3|main|2|W04_C5|20260903|4,networks/S3/ADFNE/f2_W04_C5_s20260903_d04.csv
S3,2,W04_C5,ADFNE,20260903,5,2535194210,ADFNE|S3|main|2|W04_C5|20260903|5,networks/S3/ADFNE/f2_W04_C5_s20260903_d05.csv
S3,2,W04_C5,ADFNE,20260903,6,236105688,ADFNE|S3|main|2|W04_C5|20260903|6,networks/S3/ADFNE/f2_W04_C5_s20260903_d06.csv
S3,2,W04_C5,ADFNE,20260903,7,2031460174,ADFNE|S3|main|2|W04_C5|20260903|7,networks/S3/ADFNE/f2_W04_C5_s20260903_d07.csv
S3,2,W04_C5,ADFNE,7,0,1477975192,ADFNE|S3|main|2|W04_C5|7|0,networks/S3/ADFNE/f2_W04_C5_s7_d00.csv
S3,2,W04_C5,ADFNE,7,1,790572046,ADFNE|S3|main|2|W04_C5|7|1,networks/S3/ADFNE/f2_W04_C5_s7_d01.csv
S3,2,W04_C5,ADFNE,7,2,3054927284,ADFNE|S3|main|2|W04_C5|7|2,networks/S3/ADFNE/f2_W04_C5_s7_d02.csv
S3,2,W04_C5,ADFNE,7,3,3239136546,ADFNE|S3|main|2|W04_C5|7|3,networks/S3/ADFNE/f2_W04_C5_s7_d03.csv
S3,2,W04_C5,ADFNE,7,4,1601558657,ADFNE|S3|main|2|W04_C5|7|4,networks/S3/ADFNE/f2_W04_C5_s7_d04.csv
S3,2,W04_C5,ADFNE,7,5,678619159,ADFNE|S3|main|2|W04_C5|7|5,networks/S3/ADFNE/f2_W04_C5_s7_d05.csv
S3,2,W04_C5,ADFNE,7,6,2977675693,ADFNE|S3|main|2|W04_C5|7|6,networks/S3/ADFNE/f2_W04_C5_s7_d06.csv
S3,2,W04_C5,ADFNE,7,7,3330050363,ADFNE|S3|main|2|W04_C5|7|7,networks/S3/ADFNE/f2_W04_C5_s7_d07.csv
S3,2,W04_C5,KDE,1337,0,2172551214,KDE|S3|main|2|W04_C5|1337|0,networks/S3/KDE/f2_W04_C5_s1337_d00.csv
S3,2,W04_C5,KDE,1337,1,4135170232,KDE|S3|main|2|W04_C5|1337|1,networks/S3/KDE/f2_W04_C5_s1337_d01.csv
S3,2,W04_C5,KDE,1337,2,1869668610,KDE|S3|main|2|W04_C5|1337|2,networks/S3/KDE/f2_W04_C5_s1337_d02.csv
S3,2,W04_C5,KDE,1337,3,410505620,KDE|S3|main|2|W04_C5|1337|3,networks/S3/KDE/f2_W04_C5_s1337_d03.csv
S3,2,W04_C5,KDE,1337,4,2249409591,KDE|S3|main|2|W04_C5|1337|4,networks/S3/KDE/f2_W04_C5_s1337_d04.csv
S3,2,W04_C5,KDE,1337,5,4044649633,KDE|S3|main|2|W04_C5|1337|5,networks/S3/KDE/f2_W04_C5_s1337_d05.csv
S3,2,W04_C5,KDE,1337,6,1746740507,KDE|S3|main|2|W04_C5|1337|6,networks/S3/KDE/f2_W04_C5_s1337_d06.csv
S3,2,W04_C5,KDE,1337,7,521803149,KDE|S3|main|2|W04_C5|1337|7,networks/S3/KDE/f2_W04_C5_s1337_d07.csv
S3,2,W04_C5,KDE,20260903,0,354908907,KDE|S3|main|2|W04_C5|20260903|0,networks/S3/KDE/f2_W04_C5_s20260903_d00.csv
S3,2,W04_C5,KDE,20260903,1,1646283389,KDE|S3|main|2|W04_C5|20260903|1,networks/S3/KDE/f2_W04_C5_s20260903_d01.csv
S3,2,W04_C5,KDE,20260903,2,4213775303,KDE|S3|main|2|W04_C5|20260903|2,networks/S3/KDE/f2_W04_C5_s20260903_d02.csv
S3,2,W04_C5,KDE,20260903,3,2351835985,KDE|S3|main|2|W04_C5|20260903|3,networks/S3/KDE/f2_W04_C5_s20260903_d03.csv
S3,2,W04_C5,KDE,20260903,4,306888434,KDE|S3|main|2|W04_C5|20260903|4,networks/S3/KDE/f2_W04_C5_s20260903_d04.csv
S3,2,W04_C5,KDE,20260903,5,1699581540,KDE|S3|main|2|W04_C5|20260903|5,networks/S3/KDE/f2_W04_C5_s20260903_d05.csv
S3,2,W04_C5,KDE,20260903,6,4232372190,KDE|S3|main|2|W04_C5|20260903|6,networks/S3/KDE/f2_W04_C5_s20260903_d06.csv
S3,2,W04_C5,KDE,20260903,7,2336485192,KDE|S3|main|2|W04_C5|20260903|7,networks/S3/KDE/f2_W04_C5_s20260903_d07.csv
S3,2,W04_C5,KDE,7,0,3764596533,KDE|S3|main|2|W04_C5|7|0,networks/S3/KDE/f2_W04_C5_s7_d00.csv
S3,2,W04_C5,KDE,7,1,2539921315,KDE|S3|main|2|W04_C5|7|1,networks/S3/KDE/f2_W04_C5_s7_d01.csv
S3,2,W04_C5,KDE,7,2,242044441,KDE|S3|main|2|W04_C5|7|2,networks/S3/KDE/f2_W04_C5_s7_d02.csv
S3,2,W04_C5,KDE,7,3,2037022351,KDE|S3|main|2|W04_C5|7|3,networks/S3/KDE/f2_W04_C5_s7_d03.csv
S3,2,W04_C5,KDE,7,4,3876514604,KDE|S3|main|2|W04_C5|7|4,networks/S3/KDE/f2_W04_C5_s7_d04.csv
S3,2,W04_C5,KDE,7,5,2416565178,KDE|S3|main|2|W04_C5|7|5,networks/S3/KDE/f2_W04_C5_s7_d05.csv
S3,2,W04_C5,KDE,7,6,151030272,KDE|S3|main|2|W04_C5|7|6,networks/S3/KDE/f2_W04_C5_s7_d06.csv
S3,2,W04_C5,KDE,7,7,2114435734,KDE|S3|main|2|W04_C5|7|7,networks/S3/KDE/f2_W04_C5_s7_d07.csv
S3,2,W04_C6,EVAE,1337,0,978474050,EVAE|S3|geobg|2|W04_C6|1337|0,networks/S3/EVAE/f2_W04_C6_s1337_d00.csv
S3,2,W04_C6,EVAE,1337,1,1297442004,EVAE|S3|geobg|2|W04_C6|1337|1,networks/S3/EVAE/f2_W04_C6_s1337_d01.csv
S3,2,W04_C6,EVAE,1337,2,3562812782,EVAE|S3|geobg|2|W04_C6|1337|2,networks/S3/EVAE/f2_W04_C6_s1337_d02.csv
S3,2,W04_C6,EVAE,1337,3,2740651512,EVAE|S3|geobg|2|W04_C6|1337|3,networks/S3/EVAE/f2_W04_C6_s1337_d03.csv
S3,2,W04_C6,EVAE,1337,4,1027575899,EVAE|S3|geobg|2|W04_C6|1337|4,networks/S3/EVAE/f2_W04_C6_s1337_d04.csv
S3,2,W04_C6,EVAE,1337,5,1245225165,EVAE|S3|geobg|2|W04_C6|1337|5,networks/S3/EVAE/f2_W04_C6_s1337_d05.csv
S3,2,W04_C6,EVAE,1337,6,3543265655,EVAE|S3|geobg|2|W04_C6|1337|6,networks/S3/EVAE/f2_W04_C6_s1337_d06.csv
S3,2,W04_C6,EVAE,1337,7,2755052001,EVAE|S3|geobg|2|W04_C6|1337|7,networks/S3/EVAE/f2_W04_C6_s1337_d07.csv
S3,2,W04_C6,EVAE,20260903,0,2346036758,EVAE|S3|geobg|2|W04_C6|20260903|0,networks/S3/EVAE/f2_W04_C6_s20260903_d00.csv
S3,2,W04_C6,EVAE,20260903,1,4241661568,EVAE|S3|geobg|2|W04_C6|20260903|1,networks/S3/EVAE/f2_W04_C6_s20260903_d01.csv
S3,2,W04_C6,EVAE,20260903,2,1708904250,EVAE|S3|geobg|2|W04_C6|20260903|2,networks/S3/EVAE/f2_W04_C6_s20260903_d02.csv
S3,2,W04_C6,EVAE,20260903,3,316473260,EVAE|S3|geobg|2|W04_C6|20260903|3,networks/S3/EVAE/f2_W04_C6_s20260903_d03.csv
S3,2,W04_C6,EVAE,20260903,4,2360896015,EVAE|S3|geobg|2|W04_C6|20260903|4,networks/S3/EVAE/f2_W04_C6_s20260903_d04.csv
S3,2,W04_C6,EVAE,20260903,5,4223621785,EVAE|S3|geobg|2|W04_C6|20260903|5,networks/S3/EVAE/f2_W04_C6_s20260903_d05.csv
S3,2,W04_C6,EVAE,20260903,6,1656097571,EVAE|S3|geobg|2|W04_C6|20260903|6,networks/S3/EVAE/f2_W04_C6_s20260903_d06.csv
S3,2,W04_C6,EVAE,20260903,7,363936693,EVAE|S3|geobg|2|W04_C6|20260903|7,networks/S3/EVAE/f2_W04_C6_s20260903_d07.csv
S3,2,W04_C6,EVAE,7,0,2853226875,EVAE|S3|geobg|2|W04_C6|7|0,networks/S3/EVAE/f2_W04_C6_s7_d00.csv
S3,2,W04_C6,EVAE,7,1,3709336045,EVAE|S3|geobg|2|W04_C6|7|1,networks/S3/EVAE/f2_W04_C6_s7_d01.csv
S3,2,W04_C6,EVAE,7,2,1142859863,EVAE|S3|geobg|2|W04_C6|7|2,networks/S3/EVAE/f2_W04_C6_s7_d02.csv
S3,2,W04_C6,EVAE,7,3,857315521,EVAE|S3|geobg|2|W04_C6|7|3,networks/S3/EVAE/f2_W04_C6_s7_d03.csv
S3,2,W04_C6,EVAE,7,4,2910653794,EVAE|S3|geobg|2|W04_C6|7|4,networks/S3/EVAE/f2_W04_C6_s7_d04.csv
S3,2,W04_C6,EVAE,7,5,3665444340,EVAE|S3|geobg|2|W04_C6|7|5,networks/S3/EVAE/f2_W04_C6_s7_d05.csv
S3,2,W04_C6,EVAE,7,6,1131637838,EVAE|S3|geobg|2|W04_C6|7|6,networks/S3/EVAE/f2_W04_C6_s7_d06.csv
S3,2,W04_C6,EVAE,7,7,880041176,EVAE|S3|geobg|2|W04_C6|7|7,networks/S3/EVAE/f2_W04_C6_s7_d07.csv
S3,2,W04_C6,ADFNE,1337,0,3991766210,ADFNE|S3|main|2|W04_C6|1337|0,networks/S3/ADFNE/f2_W04_C6_s1337_d00.csv
S3,2,W04_C6,ADFNE,1337,1,2599072852,ADFNE|S3|main|2|W04_C6|1337|1,networks/S3/ADFNE/f2_W04_C6_s1337_d01.csv
S3,2,W04_C6,ADFNE,1337,2,65267182,ADFNE|S3|main|2|W04_C6|1337|2,networks/S3/ADFNE/f2_W04_C6_s1337_d02.csv
S3,2,W04_C6,ADFNE,1337,3,1961153912,ADFNE|S3|main|2|W04_C6|1337|3,networks/S3/ADFNE/f2_W04_C6_s1337_d03.csv
S3,2,W04_C6,ADFNE,1337,4,3934273755,ADFNE|S3|main|2|W04_C6|1337|4,networks/S3/ADFNE/f2_W04_C6_s1337_d04.csv
S3,2,W04_C6,ADFNE,1337,5,2642899021,ADFNE|S3|main|2|W04_C6|1337|5,networks/S3/ADFNE/f2_W04_C6_s1337_d05.csv
S3,2,W04_C6,ADFNE,1337,6,76423671,ADFNE|S3|main|2|W04_C6|1337|6,networks/S3/ADFNE/f2_W04_C6_s1337_d06.csv
S3,2,W04_C6,ADFNE,1337,7,1938362721,ADFNE|S3|main|2|W04_C6|1337|7,networks/S3/ADFNE/f2_W04_C6_s1337_d07.csv
S3,2,W04_C6,ADFNE,20260903,0,2431637533,ADFNE|S3|main|2|W04_C6|20260903|0,networks/S3/ADFNE/f2_W04_C6_s20260903_d00.csv
S3,2,W04_C6,ADFNE,20260903,1,3890800779,ADFNE|S3|main|2|W04_C6|20260903|1,networks/S3/ADFNE/f2_W04_C6_s20260903_d01.csv
S3,2,W04_C6,ADFNE,20260903,2,2128722225,ADFNE|S3|main|2|W04_C6|20260903|2,networks/S3/ADFNE/f2_W04_C6_s20260903_d02.csv
S3,2,W04_C6,ADFNE,20260903,3,166103463,ADFNE|S3|main|2|W04_C6|20260903|3,networks/S3/ADFNE/f2_W04_C6_s20260903_d03.csv
S3,2,W04_C6,ADFNE,20260903,4,2541886468,ADFNE|S3|main|2|W04_C6|20260903|4,networks/S3/ADFNE/f2_W04_C6_s20260903_d04.csv
S3,2,W04_C6,ADFNE,20260903,5,3766824082,ADFNE|S3|main|2|W04_C6|20260903|5,networks/S3/ADFNE/f2_W04_C6_s20260903_d05.csv
S3,2,W04_C6,ADFNE,20260903,6,2039250216,ADFNE|S3|main|2|W04_C6|20260903|6,networks/S3/ADFNE/f2_W04_C6_s20260903_d06.csv
S3,2,W04_C6,ADFNE,20260903,7,244010430,ADFNE|S3|main|2|W04_C6|20260903|7,networks/S3/ADFNE/f2_W04_C6_s20260903_d07.csv
S3,2,W04_C6,ADFNE,7,0,532178504,ADFNE|S3|main|2|W04_C6|7|0,networks/S3/ADFNE/f2_W04_C6_s7_d00.csv
S3,2,W04_C6,ADFNE,7,1,1757370078,ADFNE|S3|main|2|W04_C6|7|1,networks/S3/ADFNE/f2_W04_C6_s7_d01.csv
S3,2,W04_C6,ADFNE,7,2,4055238500,ADFNE|S3|main|2|W04_C6|7|2,networks/S3/ADFNE/f2_W04_C6_s7_d02.csv
S3,2,W04_C6,ADFNE,7,3,2259761138,ADFNE|S3|main|2|W04_C6|7|3,networks/S3/ADFNE/f2_W04_C6_s7_d03.csv
S3,2,W04_C6,ADFNE,7,4,416653905,ADFNE|S3|main|2|W04_C6|7|4,networks/S3/ADFNE/f2_W04_C6_s7_d04.csv
S3,2,W04_C6,ADFNE,7,5,1876071111,ADFNE|S3|main|2|W04_C6|7|5,networks/S3/ADFNE/f2_W04_C6_s7_d05.csv
S3,2,W04_C6,ADFNE,7,6,4141597565,ADFNE|S3|main|2|W04_C6|7|6,networks/S3/ADFNE/f2_W04_C6_s7_d06.csv
S3,2,W04_C6,ADFNE,7,7,2178741227,ADFNE|S3|main|2|W04_C6|7|7,networks/S3/ADFNE/f2_W04_C6_s7_d07.csv
S3,2,W04_C6,KDE,1337,0,267487181,KDE|S3|main|2|W04_C6|1337|0,networks/S3/KDE/f2_W04_C6_s1337_d00.csv
S3,2,W04_C6,KDE,1337,1,2029434715,KDE|S3|main|2|W04_C6|1337|1,networks/S3/KDE/f2_W04_C6_s1337_d01.csv
S3,2,W04_C6,KDE,1337,2,3791644385,KDE|S3|main|2|W04_C6|1337|2,networks/S3/KDE/f2_W04_C6_s1337_d02.csv
S3,2,W04_C6,KDE,1337,3,2532890231,KDE|S3|main|2|W04_C6|1337|3,networks/S3/KDE/f2_W04_C6_s1337_d03.csv
S3,2,W04_C6,KDE,1337,4,144458708,KDE|S3|main|2|W04_C6|1337|4,networks/S3/KDE/f2_W04_C6_s1337_d04.csv
S3,2,W04_C6,KDE,1337,5,2140894018,KDE|S3|main|2|W04_C6|1337|5,networks/S3/KDE/f2_W04_C6_s1337_d05.csv
S3,2,W04_C6,KDE,1337,6,3868336888,KDE|S3|main|2|W04_C6|1337|6,networks/S3/KDE/f2_W04_C6_s1337_d06.csv
S3,2,W04_C6,KDE,1337,7,2442465902,KDE|S3|main|2|W04_C6|1337|7,networks/S3/KDE/f2_W04_C6_s1337_d07.csv
S3,2,W04_C6,KDE,20260903,0,1656334363,KDE|S3|main|2|W04_C6|20260903|0,networks/S3/KDE/f2_W04_C6_s20260903_d00.csv
S3,2,W04_C6,KDE,20260903,1,364812429,KDE|S3|main|2|W04_C6|20260903|1,networks/S3/KDE/f2_W04_C6_s20260903_d01.csv
S3,2,W04_C6,KDE,20260903,2,2360854839,KDE|S3|main|2|W04_C6|20260903|2,networks/S3/KDE/f2_W04_C6_s20260903_d02.csv
S3,2,W04_C6,KDE,20260903,3,4222679457,KDE|S3|main|2|W04_C6|20260903|3,networks/S3/KDE/f2_W04_C6_s20260903_d03.csv
S3,2,W04_C6,KDE,20260903,4,1708420098,KDE|S3|main|2|W04_C6|20260903|4,networks/S3/KDE/f2_W04_C6_s20260903_d04.csv
S3,2,W04_C6,KDE,20260903,5,315841684,KDE|S3|main|2|W04_C6|20260903|5,networks/S3/KDE/f2_W04_C6_s20260903_d05.csv
S3,2,W04_C6,KDE,20260903,6,2346323246,KDE|S3|main|2|W04_C6|20260903|6,networks/S3/KDE/f2_W04_C6_s20260903_d06.csv
S3,2,W04_C6,KDE,20260903,7,4242357688,KDE|S3|main|2|W04_C6|20260903|7,networks/S3/KDE/f2_W04_C6_s20260903_d07.csv
S3,2,W04_C6,KDE,7,0,2814596581,KDE|S3|main|2|W04_C6|7|0,networks/S3/KDE/f2_W04_C6_s7_d00.csv
S3,2,W04_C6,KDE,7,1,3502531955,KDE|S3|main|2|W04_C6|7|1,networks/S3/KDE/f2_W04_C6_s7_d01.csv
S3,2,W04_C6,KDE,7,2,1238185161,KDE|S3|main|2|W04_C6|7|2,networks/S3/KDE/f2_W04_C6_s7_d02.csv
S3,2,W04_C6,KDE,7,3,1053426783,KDE|S3|main|2|W04_C6|7|3,networks/S3/KDE/f2_W04_C6_s7_d03.csv
S3,2,W04_C6,KDE,7,4,2695795196,KDE|S3|main|2|W04_C6|7|4,networks/S3/KDE/f2_W04_C6_s7_d04.csv
S3,2,W04_C6,KDE,7,5,3618218346,KDE|S3|main|2|W04_C6|7|5,networks/S3/KDE/f2_W04_C6_s7_d05.csv
S3,2,W04_C6,KDE,7,6,1319170256,KDE|S3|main|2|W04_C6|7|6,networks/S3/KDE/f2_W04_C6_s7_d06.csv
S3,2,W04_C6,KDE,7,7,967295046,KDE|S3|main|2|W04_C6|7|7,networks/S3/KDE/f2_W04_C6_s7_d07.csv
S3,2,W05_C5,EVAE,1337,0,1968409697,EVAE|S3|geobg|2|W05_C5|1337|0,networks/S3/EVAE/f2_W05_C5_s1337_d00.csv
S3,2,W05_C5,EVAE,1337,1,39107831,EVAE|S3|geobg|2|W05_C5|1337|1,networks/S3/EVAE/f2_W05_C5_s1337_d01.csv
S3,2,W05_C5,EVAE,1337,2,2606624077,EVAE|S3|geobg|2|W05_C5|1337|2,networks/S3/EVAE/f2_W05_C5_s1337_d02.csv
S3,2,W05_C5,EVAE,1337,3,3965378011,EVAE|S3|geobg|2|W05_C5|1337|3,networks/S3/EVAE/f2_W05_C5_s1337_d03.csv
S3,2,W05_C5,EVAE,1337,4,1916684408,EVAE|S3|geobg|2|W05_C5|1337|4,networks/S3/EVAE/f2_W05_C5_s1337_d04.csv
S3,2,W05_C5,EVAE,1337,5,87652590,EVAE|S3|geobg|2|W05_C5|1337|5,networks/S3/EVAE/f2_W05_C5_s1337_d05.csv
S3,2,W05_C5,EVAE,1337,6,2620402004,EVAE|S3|geobg|2|W05_C5|1337|6,networks/S3/EVAE/f2_W05_C5_s1337_d06.csv
S3,2,W05_C5,EVAE,1337,7,3946256834,EVAE|S3|geobg|2|W05_C5|1337|7,networks/S3/EVAE/f2_W05_C5_s1337_d07.csv
S3,2,W05_C5,EVAE,20260903,0,1169205006,EVAE|S3|geobg|2|W05_C5|20260903|0,networks/S3/EVAE/f2_W05_C5_s20260903_d00.csv
S3,2,W05_C5,EVAE,20260903,1,850892696,EVAE|S3|geobg|2|W05_C5|20260903|1,networks/S3/EVAE/f2_W05_C5_s20260903_d01.csv
S3,2,W05_C5,EVAE,20260903,2,2881406498,EVAE|S3|geobg|2|W05_C5|20260903|2,networks/S3/EVAE/f2_W05_C5_s20260903_d02.csv
S3,2,W05_C5,EVAE,20260903,3,3703174836,EVAE|S3|geobg|2|W05_C5|20260903|3,networks/S3/EVAE/f2_W05_C5_s20260903_d03.csv
S3,2,W05_C5,EVAE,20260903,4,1121805079,EVAE|S3|geobg|2|W05_C5|20260903|4,networks/S3/EVAE/f2_W05_C5_s20260903_d04.csv
S3,2,W05_C5,EVAE,20260903,5,903500673,EVAE|S3|geobg|2|W05_C5|20260903|5,networks/S3/EVAE/f2_W05_C5_s20260903_d05.csv
S3,2,W05_C5,EVAE,20260903,6,2899509819,EVAE|S3|geobg|2|W05_C5|20260903|6,networks/S3/EVAE/f2_W05_C5_s20260903_d06.csv
S3,2,W05_C5,EVAE,20260903,7,3688116909,EVAE|S3|geobg|2|W05_C5|20260903|7,networks/S3/EVAE/f2_W05_C5_s20260903_d07.csv
S3,2,W05_C5,EVAE,7,0,555397941,EVAE|S3|geobg|2|W05_C5|7|0,networks/S3/EVAE/f2_W05_C5_s7_d00.csv
S3,2,W05_C5,EVAE,7,1,1444774819,EVAE|S3|geobg|2|W05_C5|7|1,networks/S3/EVAE/f2_W05_C5_s7_d01.csv
S3,2,W05_C5,EVAE,7,2,3474248217,EVAE|S3|geobg|2|W05_C5|7|2,networks/S3/EVAE/f2_W05_C5_s7_d02.csv
S3,2,W05_C5,EVAE,7,3,3088310927,EVAE|S3|geobg|2|W05_C5|7|3,networks/S3/EVAE/f2_W05_C5_s7_d03.csv
S3,2,W05_C5,EVAE,7,4,645363500,EVAE|S3|geobg|2|W05_C5|7|4,networks/S3/EVAE/f2_W05_C5_s7_d04.csv
S3,2,W05_C5,EVAE,7,5,1366312890,EVAE|S3|geobg|2|W05_C5|7|5,networks/S3/EVAE/f2_W05_C5_s7_d05.csv
S3,2,W05_C5,EVAE,7,6,3363378688,EVAE|S3|geobg|2|W05_C5|7|6,networks/S3/EVAE/f2_W05_C5_s7_d06.csv
S3,2,W05_C5,EVAE,7,7,3212715670,EVAE|S3|geobg|2|W05_C5|7|7,networks/S3/EVAE/f2_W05_C5_s7_d07.csv
S3,2,W05_C5,ADFNE,1337,0,2733399265,ADFNE|S3|main|2|W05_C5|1337|0,networks/S3/ADFNE/f2_W05_C5_s1337_d00.csv
S3,2,W05_C5,ADFNE,1337,1,3588975735,ADFNE|S3|main|2|W05_C5|1337|1,networks/S3/ADFNE/f2_W05_C5_s1337_d01.csv
S3,2,W05_C5,ADFNE,1337,2,1289895373,ADFNE|S3|main|2|W05_C5|1337|2,networks/S3/ADFNE/f2_W05_C5_s1337_d02.csv
S3,2,W05_C5,ADFNE,1337,3,1004866907,ADFNE|S3|main|2|W05_C5|1337|3,networks/S3/ADFNE/f2_W05_C5_s1337_d03.csv
S3,2,W05_C5,ADFNE,1337,4,2776733944,ADFNE|S3|main|2|W05_C5|1337|4,networks/S3/ADFNE/f2_W05_C5_s1337_d04.csv
S3,2,W05_C5,ADFNE,1337,5,3532040302,ADFNE|S3|main|2|W05_C5|1337|5,networks/S3/ADFNE/f2_W05_C5_s1337_d05.csv
S3,2,W05_C5,ADFNE,1337,6,1267726804,ADFNE|S3|main|2|W05_C5|1337|6,networks/S3/ADFNE/f2_W05_C5_s1337_d06.csv
S3,2,W05_C5,ADFNE,1337,7,1015597378,ADFNE|S3|main|2|W05_C5|1337|7,networks/S3/ADFNE/f2_W05_C5_s1337_d07.csv
S3,2,W05_C5,ADFNE,20260903,0,1586155781,ADFNE|S3|main|2|W05_C5|20260903|0,networks/S3/ADFNE/f2_W05_C5_s20260903_d00.csv
S3,2,W05_C5,ADFNE,20260903,1,697164179,ADFNE|S3|main|2|W05_C5|20260903|1,networks/S3/ADFNE/f2_W05_C5_s20260903_d01.csv
S3,2,W05_C5,ADFNE,20260903,2,2961485865,ADFNE|S3|main|2|W05_C5|20260903|2,networks/S3/ADFNE/f2_W05_C5_s20260903_d02.csv
S3,2,W05_C5,ADFNE,20260903,3,3347284159,ADFNE|S3|main|2|W05_C5|20260903|3,networks/S3/ADFNE/f2_W05_C5_s20260903_d03.csv
S3,2,W05_C5,ADFNE,20260903,4,1508316444,ADFNE|S3|main|2|W05_C5|20260903|4,networks/S3/ADFNE/f2_W05_C5_s20260903_d04.csv
S3,2,W05_C5,ADFNE,20260903,5,786441610,ADFNE|S3|main|2|W05_C5|20260903|5,networks/S3/ADFNE/f2_W05_C5_s20260903_d05.csv
S3,2,W05_C5,ADFNE,20260903,6,3085530160,ADFNE|S3|main|2|W05_C5|20260903|6,networks/S3/ADFNE/f2_W05_C5_s20260903_d06.csv
S3,2,W05_C5,ADFNE,20260903,7,3236840614,ADFNE|S3|main|2|W05_C5|20260903|7,networks/S3/ADFNE/f2_W05_C5_s20260903_d07.csv
S3,2,W05_C5,ADFNE,7,0,2494700550,ADFNE|S3|main|2|W05_C5|7|0,networks/S3/ADFNE/f2_W05_C5_s7_d00.csv
S3,2,W05_C5,ADFNE,7,1,3820301456,ADFNE|S3|main|2|W05_C5|7|1,networks/S3/ADFNE/f2_W05_C5_s7_d01.csv
S3,2,W05_C5,ADFNE,7,2,2059173162,ADFNE|S3|main|2|W05_C5|7|2,networks/S3/ADFNE/f2_W05_C5_s7_d02.csv
S3,2,W05_C5,ADFNE,7,3,230378940,ADFNE|S3|main|2|W05_C5|7|3,networks/S3/ADFNE/f2_W05_C5_s7_d03.csv
S3,2,W05_C5,ADFNE,7,4,2480920607,ADFNE|S3|main|2|W05_C5|7|4,networks/S3/ADFNE/f2_W05_C5_s7_d04.csv
S3,2,W05_C5,ADFNE,7,5,3839420553,ADFNE|S3|main|2|W05_C5|7|5,networks/S3/ADFNE/f2_W05_C5_s7_d05.csv
S3,2,W05_C5,ADFNE,7,6,2110896435,ADFNE|S3|main|2|W05_C5|7|6,networks/S3/ADFNE/f2_W05_C5_s7_d06.csv
S3,2,W05_C5,ADFNE,7,7,181832101,ADFNE|S3|main|2|W05_C5|7|7,networks/S3/ADFNE/f2_W05_C5_s7_d07.csv
S3,2,W05_C5,KDE,1337,0,1089495022,KDE|S3|main|2|W05_C5|1337|0,networks/S3/KDE/f2_W05_C5_s1337_d00.csv
S3,2,W05_C5,KDE,1337,1,938962808,KDE|S3|main|2|W05_C5|1337|1,networks/S3/KDE/f2_W05_C5_s1337_d01.csv
S3,2,W05_C5,KDE,1337,2,2935897794,KDE|S3|main|2|W05_C5|1337|2,networks/S3/KDE/f2_W05_C5_s1337_d02.csv
S3,2,W05_C5,KDE,1337,3,3656978004,KDE|S3|main|2|W05_C5|1337|3,networks/S3/KDE/f2_W05_C5_s1337_d03.csv
S3,2,W05_C5,KDE,1337,4,1201511415,KDE|S3|main|2|W05_C5|1337|4,networks/S3/KDE/f2_W05_C5_s1337_d04.csv
S3,2,W05_C5,KDE,1337,5,815442785,KDE|S3|main|2|W05_C5|1337|5,networks/S3/KDE/f2_W05_C5_s1337_d05.csv
S3,2,W05_C5,KDE,1337,6,2845047515,KDE|S3|main|2|W05_C5|1337|6,networks/S3/KDE/f2_W05_C5_s1337_d06.csv
S3,2,W05_C5,KDE,1337,7,3734293069,KDE|S3|main|2|W05_C5|1337|7,networks/S3/KDE/f2_W05_C5_s1337_d07.csv
S3,2,W05_C5,KDE,20260903,0,2900140291,KDE|S3|main|2|W05_C5|20260903|0,networks/S3/KDE/f2_W05_C5_s20260903_d00.csv
S3,2,W05_C5,KDE,20260903,1,3688599957,KDE|S3|main|2|W05_C5|20260903|1,networks/S3/KDE/f2_W05_C5_s20260903_d01.csv
S3,2,W05_C5,KDE,20260903,2,1121108015,KDE|S3|main|2|W05_C5|20260903|2,networks/S3/KDE/f2_W05_C5_s20260903_d02.csv
S3,2,W05_C5,KDE,20260903,3,903213241,KDE|S3|main|2|W05_C5|20260903|3,networks/S3/KDE/f2_W05_C5_s20260903_d03.csv
S3,2,W05_C5,KDE,20260903,4,2880529690,KDE|S3|main|2|W05_C5|20260903|4,networks/S3/KDE/f2_W05_C5_s20260903_d04.csv
S3,2,W05_C5,KDE,20260903,5,3702936972,KDE|S3|main|2|W05_C5|20260903|5,networks/S3/KDE/f2_W05_C5_s20260903_d05.csv
S3,2,W05_C5,KDE,20260903,6,1170146358,KDE|S3|main|2|W05_C5|20260903|6,networks/S3/KDE/f2_W05_C5_s20260903_d06.csv
S3,2,W05_C5,KDE,20260903,7,850932896,KDE|S3|main|2|W05_C5|20260903|7,networks/S3/KDE/f2_W05_C5_s20260903_d07.csv
S3,2,W05_C5,KDE,7,0,751382443,KDE|S3|main|2|W05_C5|7|0,networks/S3/KDE/f2_W05_C5_s7_d00.csv
S3,2,W05_C5,KDE,7,1,1540235069,KDE|S3|main|2|W05_C5|7|1,networks/S3/KDE/f2_W05_C5_s7_d01.csv
S3,2,W05_C5,KDE,7,2,3267841671,KDE|S3|main|2|W05_C5|7|2,networks/S3/KDE/f2_W05_C5_s7_d02.csv
S3,2,W05_C5,KDE,7,3,3049291281,KDE|S3|main|2|W05_C5|7|3,networks/S3/KDE/f2_W05_C5_s7_d03.csv
S3,2,W05_C5,KDE,7,4,732228530,KDE|S3|main|2|W05_C5|7|4,networks/S3/KDE/f2_W05_C5_s7_d04.csv
S3,2,W05_C5,KDE,7,5,1554242340,KDE|S3|main|2|W05_C5|7|5,networks/S3/KDE/f2_W05_C5_s7_d05.csv
S3,2,W05_C5,KDE,7,6,3316288158,KDE|S3|main|2|W05_C5|7|6,networks/S3/KDE/f2_W05_C5_s7_d06.csv
S3,2,W05_C5,KDE,7,7,2997729800,KDE|S3|main|2|W05_C5|7|7,networks/S3/KDE/f2_W05_C5_s7_d07.csv
S3,2,W05_C6,EVAE,1337,0,4225534850,EVAE|S3|geobg|2|W05_C6|1337|0,networks/S3/EVAE/f2_W05_C6_s1337_d00.csv
S3,2,W05_C6,EVAE,1337,1,2363210516,EVAE|S3|geobg|2|W05_C6|1337|1,networks/S3/EVAE/f2_W05_C6_s1337_d01.csv
S3,2,W05_C6,EVAE,1337,2,366144174,EVAE|S3|geobg|2|W05_C6|1337|2,networks/S3/EVAE/f2_W05_C6_s1337_d02.csv
S3,2,W05_C6,EVAE,1337,3,1658182200,EVAE|S3|geobg|2|W05_C6|1337|3,networks/S3/EVAE/f2_W05_C6_s1337_d03.csv
S3,2,W05_C6,EVAE,1337,4,4239478683,EVAE|S3|geobg|2|W05_C6|1337|4,networks/S3/EVAE/f2_W05_C6_s1337_d04.csv
S3,2,W05_C6,EVAE,1337,5,2343993101,EVAE|S3|geobg|2|W05_C6|1337|5,networks/S3/EVAE/f2_W05_C6_s1337_d05.csv
S3,2,W05_C6,EVAE,1337,6,314519223,EVAE|S3|geobg|2|W05_C6|1337|6,networks/S3/EVAE/f2_W05_C6_s1337_d06.csv
S3,2,W05_C6,EVAE,1337,7,1706565153,EVAE|S3|geobg|2|W05_C6|1337|7,networks/S3/EVAE/f2_W05_C6_s1337_d07.csv
S3,2,W05_C6,EVAE,20260903,0,841905662,EVAE|S3|geobg|2|W05_C6|20260903|0,networks/S3/EVAE/f2_W05_C6_s20260903_d00.csv
S3,2,W05_C6,EVAE,20260903,1,1160332648,EVAE|S3|geobg|2|W05_C6|20260903|1,networks/S3/EVAE/f2_W05_C6_s20260903_d01.csv
S3,2,W05_C6,EVAE,20260903,2,3693090002,EVAE|S3|geobg|2|W05_C6|20260903|2,networks/S3/EVAE/f2_W05_C6_s20260903_d02.csv
S3,2,W05_C6,EVAE,20260903,3,2871469124,EVAE|S3|geobg|2|W05_C6|20260903|3,networks/S3/EVAE/f2_W05_C6_s20260903_d03.csv
S3,2,W05_C6,EVAE,20260903,4,893628903,EVAE|S3|geobg|2|W05_C6|20260903|4,networks/S3/EVAE/f2_W05_C6_s20260903_d04.csv
S3,2,W05_C6,EVAE,20260903,5,1111785841,EVAE|S3|geobg|2|W05_C6|20260903|5,networks/S3/EVAE/f2_W05_C6_s20260903_d05.csv
S3,2,W05_C6,EVAE,20260903,6,3679310027,EVAE|S3|geobg|2|W05_C6|20260903|6,networks/S3/EVAE/f2_W05_C6_s20260903_d06.csv
S3,2,W05_C6,EVAE,20260903,7,2890588253,EVAE|S3|geobg|2|W05_C6|20260903|7,networks/S3/EVAE/f2_W05_C6_s20260903_d07.csv
S3,2,W05_C6,EVAE,7,0,1723517413,EVAE|S3|geobg|2|W05_C6|7|0,networks/S3/EVAE/f2_W05_C6_s7_d00.csv
S3,2,W05_C6,EVAE,7,1,297662835,EVAE|S3|geobg|2|W05_C6|7|1,networks/S3/EVAE/f2_W05_C6_s7_d01.csv
S3,2,W05_C6,EVAE,7,2,2293541065,EVAE|S3|geobg|2|W05_C6|7|2,networks/S3/EVAE/f2_W05_C6_s7_d02.csv
S3,2,W05_C6,EVAE,7,3,4289960031,EVAE|S3|geobg|2|W05_C6|7|3,networks/S3/EVAE/f2_W05_C6_s7_d03.csv
S3,2,W05_C6,EVAE,7,4,1641483772,EVAE|S3|geobg|2|W05_C6|7|4,networks/S3/EVAE/f2_W05_C6_s7_d04.csv
S3,2,W05_C6,EVAE,7,5,382745962,EVAE|S3|geobg|2|W05_C6|7|5,networks/S3/EVAE/f2_W05_C6_s7_d05.csv
S3,2,W05_C6,EVAE,7,6,2413391056,EVAE|S3|geobg|2|W05_C6|7|6,networks/S3/EVAE/f2_W05_C6_s7_d06.csv
S3,2,W05_C6,EVAE,7,7,4175322182,EVAE|S3|geobg|2|W05_C6|7|7,networks/S3/EVAE/f2_W05_C6_s7_d07.csv
S3,2,W05_C6,ADFNE,1337,0,744708866,ADFNE|S3|main|2|W05_C6|1337|0,networks/S3/ADFNE/f2_W05_C6_s1337_d00.csv
S3,2,W05_C6,ADFNE,1337,1,1533307796,ADFNE|S3|main|2|W05_C6|1337|1,networks/S3/ADFNE/f2_W05_C6_s1337_d01.csv
S3,2,W05_C6,ADFNE,1337,2,3261938222,ADFNE|S3|main|2|W05_C6|1337|2,networks/S3/ADFNE/f2_W05_C6_s1337_d02.csv
S3,2,W05_C6,ADFNE,1337,3,3043625656,ADFNE|S3|main|2|W05_C6|1337|3,networks/S3/ADFNE/f2_W05_C6_s1337_d03.csv
S3,2,W05_C6,ADFNE,1337,4,722378523,ADFNE|S3|main|2|W05_C6|1337|4,networks/S3/ADFNE/f2_W05_C6_s1337_d04.csv
S3,2,W05_C6,ADFNE,1337,5,1544138637,ADFNE|S3|main|2|W05_C6|1337|5,networks/S3/ADFNE/f2_W05_C6_s1337_d05.csv
S3,2,W05_C6,ADFNE,1337,6,3305176631,ADFNE|S3|main|2|W05_C6|1337|6,networks/S3/ADFNE/f2_W05_C6_s1337_d06.csv
S3,2,W05_C6,ADFNE,1337,7,2986856097,ADFNE|S3|main|2|W05_C6|1337|7,networks/S3/ADFNE/f2_W05_C6_s1337_d07.csv
S3,2,W05_C6,ADFNE,20260903,0,689177589,ADFNE|S3|main|2|W05_C6|20260903|0,networks/S3/ADFNE/f2_W05_C6_s20260903_d00.csv
S3,2,W05_C6,ADFNE,20260903,1,1578316643,ADFNE|S3|main|2|W05_C6|20260903|1,networks/S3/ADFNE/f2_W05_C6_s20260903_d01.csv
S3,2,W05_C6,ADFNE,20260903,2,3340395225,ADFNE|S3|main|2|W05_C6|20260903|2,networks/S3/ADFNE/f2_W05_C6_s20260903_d02.csv
S3,2,W05_C6,ADFNE,20260903,3,2954711631,ADFNE|S3|main|2|W05_C6|20260903|3,networks/S3/ADFNE/f2_W05_C6_s20260903_d03.csv
S3,2,W05_C6,ADFNE,20260903,4,779732972,ADFNE|S3|main|2|W05_C6|20260903|4,networks/S3/ADFNE/f2_W05_C6_s20260903_d04.csv
S3,2,W05_C6,ADFNE,20260903,5,1501493114,ADFNE|S3|main|2|W05_C6|20260903|5,networks/S3/ADFNE/f2_W05_C6_s20260903_d05.csv
S3,2,W05_C6,ADFNE,20260903,6,3229066944,ADFNE|S3|main|2|W05_C6|20260903|6,networks/S3/ADFNE/f2_W05_C6_s20260903_d06.csv
S3,2,W05_C6,ADFNE,20260903,7,3077609046,ADFNE|S3|main|2|W05_C6|20260903|7,networks/S3/ADFNE/f2_W05_C6_s20260903_d07.csv
S3,2,W05_C6,ADFNE,7,0,3541198550,ADFNE|S3|main|2|W05_C6|7|0,networks/S3/ADFNE/f2_W05_C6_s7_d00.csv
S3,2,W05_C6,ADFNE,7,1,2752861760,ADFNE|S3|main|2|W05_C6|7|1,networks/S3/ADFNE/f2_W05_C6_s7_d01.csv
S3,2,W05_C6,ADFNE,7,2,1025247226,ADFNE|S3|main|2|W05_C6|7|2,networks/S3/ADFNE/f2_W05_C6_s7_d02.csv
S3,2,W05_C6,ADFNE,7,3,1243297644,ADFNE|S3|main|2|W05_C6|7|3,networks/S3/ADFNE/f2_W05_C6_s7_d03.csv
S3,2,W05_C6,ADFNE,7,4,3565134543,ADFNE|S3|main|2|W05_C6|7|4,networks/S3/ADFNE/f2_W05_C6_s7_d04.csv
S3,2,W05_C6,ADFNE,7,5,2742587993,ADFNE|S3|main|2|W05_C6|7|5,networks/S3/ADFNE/f2_W05_C6_s7_d05.csv
S3,2,W05_C6,ADFNE,7,6,980534243,ADFNE|S3|main|2|W05_C6|7|6,networks/S3/ADFNE/f2_W05_C6_s7_d06.csv
S3,2,W05_C6,ADFNE,7,7,1299641205,ADFNE|S3|main|2|W05_C6|7|7,networks/S3/ADFNE/f2_W05_C6_s7_d07.csv
S3,2,W05_C6,KDE,1337,0,3464452109,KDE|S3|main|2|W05_C6|1337|0,networks/S3/KDE/f2_W05_C6_s1337_d00.csv
S3,2,W05_C6,KDE,1337,1,3111676059,KDE|S3|main|2|W05_C6|1337|1,networks/S3/KDE/f2_W05_C6_s1337_d01.csv
S3,2,W05_C6,KDE,1337,2,544291105,KDE|S3|main|2|W05_C6|1337|2,networks/S3/KDE/f2_W05_C6_s1337_d02.csv
S3,2,W05_C6,KDE,1337,3,1467353527,KDE|S3|main|2|W05_C6|1337|3,networks/S3/KDE/f2_W05_C6_s1337_d03.csv
S3,2,W05_C6,KDE,1337,4,3373440020,KDE|S3|main|2|W05_C6|1337|4,networks/S3/KDE/f2_W05_C6_s1337_d04.csv
S3,2,W05_C6,KDE,1337,5,3189091458,KDE|S3|main|2|W05_C6|1337|5,networks/S3/KDE/f2_W05_C6_s1337_d05.csv
S3,2,W05_C6,KDE,1337,6,656211256,KDE|S3|main|2|W05_C6|1337|6,networks/S3/KDE/f2_W05_C6_s1337_d06.csv
S3,2,W05_C6,KDE,1337,7,1343999406,KDE|S3|main|2|W05_C6|1337|7,networks/S3/KDE/f2_W05_C6_s1337_d07.csv
S3,2,W05_C6,KDE,20260903,0,3678565363,KDE|S3|main|2|W05_C6|20260903|0,networks/S3/KDE/f2_W05_C6_s20260903_d00.csv
S3,2,W05_C6,KDE,20260903,1,2890220389,KDE|S3|main|2|W05_C6|20260903|1,networks/S3/KDE/f2_W05_C6_s20260903_d01.csv
S3,2,W05_C6,KDE,20260903,2,894178015,KDE|S3|main|2|W05_C6|20260903|2,networks/S3/KDE/f2_W05_C6_s20260903_d02.csv
S3,2,W05_C6,KDE,20260903,3,1112220233,KDE|S3|main|2|W05_C6|20260903|3,networks/S3/KDE/f2_W05_C6_s20260903_d03.csv
S3,2,W05_C6,KDE,20260903,4,3694114794,KDE|S3|main|2|W05_C6|20260903|4,networks/S3/KDE/f2_W05_C6_s20260903_d04.csv
S3,2,W05_C6,KDE,20260903,5,2871560060,KDE|S3|main|2|W05_C6|20260903|5,networks/S3/KDE/f2_W05_C6_s20260903_d05.csv
S3,2,W05_C6,KDE,20260903,6,841078470,KDE|S3|main|2|W05_C6|20260903|6,networks/S3/KDE/f2_W05_C6_s20260903_d06.csv
S3,2,W05_C6,KDE,20260903,7,1160177232,KDE|S3|main|2|W05_C6|20260903|7,networks/S3/KDE/f2_W05_C6_s20260903_d07.csv
S3,2,W05_C6,KDE,7,0,1802065275,KDE|S3|main|2|W05_C6|7|0,networks/S3/KDE/f2_W05_C6_s7_d00.csv
S3,2,W05_C6,KDE,7,1,476997101,KDE|S3|main|2|W05_C6|7|1,networks/S3/KDE/f2_W05_C6_s7_d01.csv
S3,2,W05_C6,KDE,7,2,2238133335,KDE|S3|main|2|W05_C6|7|2,networks/S3/KDE/f2_W05_C6_s7_d02.csv
S3,2,W05_C6,KDE,7,3,4066378945,KDE|S3|main|2|W05_C6|7|3,networks/S3/KDE/f2_W05_C6_s7_d03.csv
S3,2,W05_C6,KDE,7,4,1812238690,KDE|S3|main|2|W05_C6|7|4,networks/S3/KDE/f2_W05_C6_s7_d04.csv
S3,2,W05_C6,KDE,7,5,453222900,KDE|S3|main|2|W05_C6|7|5,networks/S3/KDE/f2_W05_C6_s7_d05.csv
S3,2,W05_C6,KDE,7,6,2181754958,KDE|S3|main|2|W05_C6|7|6,networks/S3/KDE/f2_W05_C6_s7_d06.csv
S3,2,W05_C6,KDE,7,7,4111319256,KDE|S3|main|2|W05_C6|7|7,networks/S3/KDE/f2_W05_C6_s7_d07.csv
S3,2,W06_C5,EVAE,1337,0,3971082848,EVAE|S3|geobg|2|W06_C5|1337|0,networks/S3/EVAE/f2_W06_C5_s1337_d00.csv
S3,2,W06_C5,EVAE,1337,1,2612452086,EVAE|S3|geobg|2|W06_C5|1337|1,networks/S3/EVAE/f2_W06_C5_s1337_d01.csv
S3,2,W06_C5,EVAE,1337,2,46107468,EVAE|S3|geobg|2|W06_C5|1337|2,networks/S3/EVAE/f2_W06_C5_s1337_d02.csv
S3,2,W06_C5,EVAE,1337,3,1975040986,EVAE|S3|geobg|2|W06_C5|1337|3,networks/S3/EVAE/f2_W06_C5_s1337_d03.csv
S3,2,W06_C5,EVAE,1337,4,3957075577,EVAE|S3|geobg|2|W06_C5|1337|4,networks/S3/EVAE/f2_W06_C5_s1337_d04.csv
S3,2,W06_C5,EVAE,1337,5,2631605999,EVAE|S3|geobg|2|W06_C5|1337|5,networks/S3/EVAE/f2_W06_C5_s1337_d05.csv
S3,2,W06_C5,EVAE,1337,6,97668949,EVAE|S3|geobg|2|W06_C5|1337|6,networks/S3/EVAE/f2_W06_C5_s1337_d06.csv
S3,2,W06_C5,EVAE,1337,7,1926594499,EVAE|S3|geobg|2|W06_C5|1337|7,networks/S3/EVAE/f2_W06_C5_s1337_d07.csv
S3,2,W06_C5,EVAE,20260903,0,1422773623,EVAE|S3|geobg|2|W06_C5|20260903|0,networks/S3/EVAE/f2_W06_C5_s20260903_d00.csv
S3,2,W06_C5,EVAE,20260903,1,600505825,EVAE|S3|geobg|2|W06_C5|20260903|1,networks/S3/EVAE/f2_W06_C5_s20260903_d01.csv
S3,2,W06_C5,EVAE,20260903,2,3133385819,EVAE|S3|geobg|2|W06_C5|20260903|2,networks/S3/EVAE/f2_W06_C5_s20260903_d02.csv
S3,2,W06_C5,EVAE,20260903,3,3452214477,EVAE|S3|geobg|2|W06_C5|20260903|3,networks/S3/EVAE/f2_W06_C5_s20260903_d03.csv
S3,2,W06_C5,EVAE,20260903,4,1402997102,EVAE|S3|geobg|2|W06_C5|20260903|4,networks/S3/EVAE/f2_W06_C5_s20260903_d04.csv
S3,2,W06_C5,EVAE,20260903,5,614939128,EVAE|S3|geobg|2|W06_C5|20260903|5,networks/S3/EVAE/f2_W06_C5_s20260903_d05.csv
S3,2,W06_C5,EVAE,20260903,6,3182323778,EVAE|S3|geobg|2|W06_C5|20260903|6,networks/S3/EVAE/f2_W06_C5_s20260903_d06.csv
S3,2,W06_C5,EVAE,20260903,7,3400095956,EVAE|S3|geobg|2|W06_C5|20260903|7,networks/S3/EVAE/f2_W06_C5_s20260903_d07.csv
S3,2,W06_C5,EVAE,7,0,2945823958,EVAE|S3|geobg|2|W06_C5|7|0,networks/S3/EVAE/f2_W06_C5_s7_d00.csv
S3,2,W06_C5,EVAE,7,1,3633480768,EVAE|S3|geobg|2|W06_C5|7|1,networks/S3/EVAE/f2_W06_C5_s7_d01.csv
S3,2,W06_C5,EVAE,7,2,1100731898,EVAE|S3|geobg|2|W06_C5|7|2,networks/S3/EVAE/f2_W06_C5_s7_d02.csv
S3,2,W06_C5,EVAE,7,3,916252012,EVAE|S3|geobg|2|W06_C5|7|3,networks/S3/EVAE/f2_W06_C5_s7_d03.csv
S3,2,W06_C5,EVAE,7,4,2834854095,EVAE|S3|geobg|2|W06_C5|7|4,networks/S3/EVAE/f2_W06_C5_s7_d04.csv
S3,2,W06_C5,EVAE,7,5,3758047321,EVAE|S3|geobg|2|W06_C5|7|5,networks/S3/EVAE/f2_W06_C5_s7_d05.csv
S3,2,W06_C5,EVAE,7,6,1190531555,EVAE|S3|geobg|2|W06_C5|7|6,networks/S3/EVAE/f2_W06_C5_s7_d06.csv
S3,2,W06_C5,EVAE,7,7,837886325,EVAE|S3|geobg|2|W06_C5|7|7,networks/S3/EVAE/f2_W06_C5_s7_d07.csv
S3,2,W06_C5,ADFNE,1337,0,990788320,ADFNE|S3|main|2|W06_C5|1337|0,networks/S3/ADFNE/f2_W06_C5_s1337_d00.csv
S3,2,W06_C5,ADFNE,1337,1,1275660918,ADFNE|S3|main|2|W06_C5|1337|1,networks/S3/ADFNE/f2_W06_C5_s1337_d01.csv
S3,2,W06_C5,ADFNE,1337,2,3573570508,ADFNE|S3|main|2|W06_C5|1337|2,networks/S3/ADFNE/f2_W06_C5_s1337_d02.csv
S3,2,W06_C5,ADFNE,1337,3,2718395226,ADFNE|S3|main|2|W06_C5|1337|3,networks/S3/ADFNE/f2_W06_C5_s1337_d03.csv
S3,2,W06_C5,ADFNE,1337,4,1013186297,ADFNE|S3|main|2|W06_C5|1337|4,networks/S3/ADFNE/f2_W06_C5_s1337_d04.csv
S3,2,W06_C5,ADFNE,1337,5,1264897647,ADFNE|S3|main|2|W06_C5|1337|5,networks/S3/ADFNE/f2_W06_C5_s1337_d05.csv
S3,2,W06_C5,ADFNE,1337,6,3530399701,ADFNE|S3|main|2|W06_C5|1337|6,networks/S3/ADFNE/f2_W06_C5_s1337_d06.csv
S3,2,W06_C5,ADFNE,1337,7,2775232323,ADFNE|S3|main|2|W06_C5|1337|7,networks/S3/ADFNE/f2_W06_C5_s1337_d07.csv
S3,2,W06_C5,ADFNE,20260903,0,1341635452,ADFNE|S3|main|2|W06_C5|20260903|0,networks/S3/ADFNE/f2_W06_C5_s20260903_d00.csv
S3,2,W06_C5,ADFNE,20260903,1,955288554,ADFNE|S3|main|2|W06_C5|20260903|1,networks/S3/ADFNE/f2_W06_C5_s20260903_d01.csv
S3,2,W06_C5,ADFNE,20260903,2,2717506128,ADFNE|S3|main|2|W06_C5|20260903|2,networks/S3/ADFNE/f2_W06_C5_s20260903_d02.csv
S3,2,W06_C5,ADFNE,20260903,3,3607030470,ADFNE|S3|main|2|W06_C5|20260903|3,networks/S3/ADFNE/f2_W06_C5_s20260903_d03.csv
S3,2,W06_C5,ADFNE,20260903,4,1218084709,ADFNE|S3|main|2|W06_C5|20260903|4,networks/S3/ADFNE/f2_W06_C5_s20260903_d04.csv
S3,2,W06_C5,ADFNE,20260903,5,1067274227,ADFNE|S3|main|2|W06_C5|20260903|5,networks/S3/ADFNE/f2_W06_C5_s20260903_d05.csv
S3,2,W06_C5,ADFNE,20260903,6,2794724937,ADFNE|S3|main|2|W06_C5|20260903|6,networks/S3/ADFNE/f2_W06_C5_s20260903_d06.csv
S3,2,W06_C5,ADFNE,20260903,7,3516083935,ADFNE|S3|main|2|W06_C5|20260903|7,networks/S3/ADFNE/f2_W06_C5_s20260903_d07.csv
S3,2,W06_C5,ADFNE,7,0,440212453,ADFNE|S3|main|2|W06_C5|7|0,networks/S3/ADFNE/f2_W06_C5_s7_d00.csv
S3,2,W06_C5,ADFNE,7,1,1832528755,ADFNE|S3|main|2|W06_C5|7|1,networks/S3/ADFNE/f2_W06_C5_s7_d01.csv
S3,2,W06_C5,ADFNE,7,2,4097014473,ADFNE|S3|main|2|W06_C5|7|2,networks/S3/ADFNE/f2_W06_C5_s7_d02.csv
S3,2,W06_C5,ADFNE,7,3,2201242207,ADFNE|S3|main|2|W06_C5|7|3,networks/S3/ADFNE/f2_W06_C5_s7_d03.csv
S3,2,W06_C5,ADFNE,7,4,491839484,ADFNE|S3|main|2|W06_C5|7|4,networks/S3/ADFNE/f2_W06_C5_s7_d04.csv
S3,2,W06_C5,ADFNE,7,5,1784147818,ADFNE|S3|main|2|W06_C5|7|5,networks/S3/ADFNE/f2_W06_C5_s7_d05.csv
S3,2,W06_C5,ADFNE,7,6,4083072720,ADFNE|S3|main|2|W06_C5|7|6,networks/S3/ADFNE/f2_W06_C5_s7_d06.csv
S3,2,W06_C5,ADFNE,7,7,2220461638,ADFNE|S3|main|2|W06_C5|7|7,networks/S3/ADFNE/f2_W06_C5_s7_d07.csv
S3,2,W06_C5,KDE,1337,0,3641850351,KDE|S3|main|2|W06_C5|1337|0,networks/S3/KDE/f2_W06_C5_s1337_d00.csv
S3,2,W06_C5,KDE,1337,1,2920614265,KDE|S3|main|2|W06_C5|1337|1,networks/S3/KDE/f2_W06_C5_s1337_d01.csv
S3,2,W06_C5,KDE,1337,2,924604611,KDE|S3|main|2|W06_C5|1337|2,networks/S3/KDE/f2_W06_C5_s1337_d02.csv
S3,2,W06_C5,KDE,1337,3,1075538005,KDE|S3|main|2|W06_C5|1337|3,networks/S3/KDE/f2_W06_C5_s1337_d03.csv
S3,2,W06_C5,KDE,1337,4,3732930038,KDE|S3|main|2|W06_C5|1337|4,networks/S3/KDE/f2_W06_C5_s1337_d04.csv
S3,2,W06_C5,KDE,1337,5,2843266400,KDE|S3|main|2|W06_C5|1337|5,networks/S3/KDE/f2_W06_C5_s1337_d05.csv
S3,2,W06_C5,KDE,1337,6,812752090,KDE|S3|main|2|W06_C5|1337|6,networks/S3/KDE/f2_W06_C5_s1337_d06.csv
S3,2,W06_C5,KDE,1337,7,1198959692,KDE|S3|main|2|W06_C5|1337|7,networks/S3/KDE/f2_W06_C5_s1337_d07.csv
S3,2,W06_C5,KDE,20260903,0,3181497210,KDE|S3|main|2|W06_C5|20260903|0,networks/S3/KDE/f2_W06_C5_s20260903_d00.csv
S3,2,W06_C5,KDE,20260903,1,3399941100,KDE|S3|main|2|W06_C5|20260903|1,networks/S3/KDE/f2_W06_C5_s20260903_d01.csv
S3,2,W06_C5,KDE,20260903,2,1404021334,KDE|S3|main|2|W06_C5|20260903|2,networks/S3/KDE/f2_W06_C5_s20260903_d02.csv
S3,2,W06_C5,KDE,20260903,3,615029440,KDE|S3|main|2|W06_C5|20260903|3,networks/S3/KDE/f2_W06_C5_s20260903_d03.csv
S3,2,W06_C5,KDE,20260903,4,3133935459,KDE|S3|main|2|W06_C5|20260903|4,networks/S3/KDE/f2_W06_C5_s20260903_d04.csv
S3,2,W06_C5,KDE,20260903,5,3452649461,KDE|S3|main|2|W06_C5|20260903|5,networks/S3/KDE/f2_W06_C5_s20260903_d05.csv
S3,2,W06_C5,KDE,20260903,6,1422028367,KDE|S3|main|2|W06_C5|20260903|6,networks/S3/KDE/f2_W06_C5_s20260903_d06.csv
S3,2,W06_C5,KDE,20260903,7,600137433,KDE|S3|main|2|W06_C5|20260903|7,networks/S3/KDE/f2_W06_C5_s20260903_d07.csv
S3,2,W06_C5,KDE,7,0,2722506824,KDE|S3|main|2|W06_C5|7|0,networks/S3/KDE/f2_W06_C5_s7_d00.csv
S3,2,W06_C5,KDE,7,1,3577813214,KDE|S3|main|2|W06_C5|7|1,networks/S3/KDE/f2_W06_C5_s7_d01.csv
S3,2,W06_C5,KDE,7,2,1279805796,KDE|S3|main|2|W06_C5|7|2,networks/S3/KDE/f2_W06_C5_s7_d02.csv
S3,2,W06_C5,KDE,7,3,995064306,KDE|S3|main|2|W06_C5|7|3,networks/S3/KDE/f2_W06_C5_s7_d03.csv
S3,2,W06_C5,KDE,7,4,2771119185,KDE|S3|main|2|W06_C5|7|4,networks/S3/KDE/f2_W06_C5_s7_d04.csv
S3,2,W06_C5,KDE,7,5,3526155463,KDE|S3|main|2|W06_C5|7|5,networks/S3/KDE/f2_W06_C5_s7_d05.csv
S3,2,W06_C5,KDE,7,6,1260752253,KDE|S3|main|2|W06_C5|7|6,networks/S3/KDE/f2_W06_C5_s7_d06.csv
S3,2,W06_C5,KDE,7,7,1008909803,KDE|S3|main|2|W06_C5|7|7,networks/S3/KDE/f2_W06_C5_s7_d07.csv
S3,2,W06_C6,EVAE,1337,0,1648291203,EVAE|S3|geobg|2|W06_C6|1337|0,networks/S3/EVAE/f2_W06_C6_s1337_d00.csv
S3,2,W06_C6,EVAE,1337,1,356113685,EVAE|S3|geobg|2|W06_C6|1337|1,networks/S3/EVAE/f2_W06_C6_s1337_d01.csv
S3,2,W06_C6,EVAE,1337,2,2351991983,EVAE|S3|geobg|2|W06_C6|1337|2,networks/S3/EVAE/f2_W06_C6_s1337_d02.csv
S3,2,W06_C6,EVAE,1337,3,4214733881,EVAE|S3|geobg|2|W06_C6|1337|3,networks/S3/EVAE/f2_W06_C6_s1337_d03.csv
S3,2,W06_C6,EVAE,1337,4,1699948954,EVAE|S3|geobg|2|W06_C6|1337|4,networks/S3/EVAE/f2_W06_C6_s1337_d04.csv
S3,2,W06_C6,EVAE,1337,5,307501324,EVAE|S3|geobg|2|W06_C6|1337|5,networks/S3/EVAE/f2_W06_C6_s1337_d05.csv
S3,2,W06_C6,EVAE,1337,6,2338146486,EVAE|S3|geobg|2|W06_C6|1337|6,networks/S3/EVAE/f2_W06_C6_s1337_d06.csv
S3,2,W06_C6,EVAE,1337,7,4233787424,EVAE|S3|geobg|2|W06_C6|1337|7,networks/S3/EVAE/f2_W06_C6_s1337_d07.csv
S3,2,W06_C6,EVAE,20260903,0,592650119,EVAE|S3|geobg|2|W06_C6|20260903|0,networks/S3/EVAE/f2_W06_C6_s20260903_d00.csv
S3,2,W06_C6,EVAE,20260903,1,1414803217,EVAE|S3|geobg|2|W06_C6|20260903|1,networks/S3/EVAE/f2_W06_C6_s20260903_d01.csv
S3,2,W06_C6,EVAE,20260903,2,3445456555,EVAE|S3|geobg|2|W06_C6|20260903|2,networks/S3/EVAE/f2_W06_C6_s20260903_d02.csv
S3,2,W06_C6,EVAE,20260903,3,3126480445,EVAE|S3|geobg|2|W06_C6|20260903|3,networks/S3/EVAE/f2_W06_C6_s20260903_d03.csv
S3,2,W06_C6,EVAE,20260903,4,608099230,EVAE|S3|geobg|2|W06_C6|20260903|4,networks/S3/EVAE/f2_W06_C6_s20260903_d04.csv
S3,2,W06_C6,EVAE,20260903,5,1396304648,EVAE|S3|geobg|2|W06_C6|20260903|5,networks/S3/EVAE/f2_W06_C6_s20260903_d05.csv
S3,2,W06_C6,EVAE,20260903,6,3392191154,EVAE|S3|geobg|2|W06_C6|20260903|6,networks/S3/EVAE/f2_W06_C6_s20260903_d06.csv
S3,2,W06_C6,EVAE,20260903,7,3174533668,EVAE|S3|geobg|2|W06_C6|20260903|7,networks/S3/EVAE/f2_W06_C6_s20260903_d07.csv
S3,2,W06_C6,EVAE,7,0,3895840262,EVAE|S3|geobg|2|W06_C6|7|0,networks/S3/EVAE/f2_W06_C6_s7_d00.csv
S3,2,W06_C6,EVAE,7,1,2670919312,EVAE|S3|geobg|2|W06_C6|7|1,networks/S3/EVAE/f2_W06_C6_s7_d01.csv
S3,2,W06_C6,EVAE,7,2,104574762,EVAE|S3|geobg|2|W06_C6|7|2,networks/S3/EVAE/f2_W06_C6_s7_d02.csv
S3,2,W06_C6,EVAE,7,3,1899798460,EVAE|S3|geobg|2|W06_C6|7|3,networks/S3/EVAE/f2_W06_C6_s7_d03.csv
S3,2,W06_C6,EVAE,7,4,4015524383,EVAE|S3|geobg|2|W06_C6|7|4,networks/S3/EVAE/f2_W06_C6_s7_d04.csv
S3,2,W06_C6,EVAE,7,5,2556377737,EVAE|S3|geobg|2|W06_C6|7|5,networks/S3/EVAE/f2_W06_C6_s7_d05.csv
S3,2,W06_C6,EVAE,7,6,22440755,EVAE|S3|geobg|2|W06_C6|7|6,networks/S3/EVAE/f2_W06_C6_s7_d06.csv
S3,2,W06_C6,EVAE,7,7,1985043365,EVAE|S3|geobg|2|W06_C6|7|7,networks/S3/EVAE/f2_W06_C6_s7_d07.csv
S3,2,W06_C6,ADFNE,1337,0,3045145859,ADFNE|S3|main|2|W06_C6|1337|0,networks/S3/ADFNE/f2_W06_C6_s1337_d00.csv
S3,2,W06_C6,ADFNE,1337,1,3263565205,ADFNE|S3|main|2|W06_C6|1337|1,networks/S3/ADFNE/f2_W06_C6_s1337_d01.csv
S3,2,W06_C6,ADFNE,1337,2,1536121903,ADFNE|S3|main|2|W06_C6|1337|2,networks/S3/ADFNE/f2_W06_C6_s1337_d02.csv
S3,2,W06_C6,ADFNE,1337,3,747138233,ADFNE|S3|main|2|W06_C6|1337|3,networks/S3/ADFNE/f2_W06_C6_s1337_d03.csv
S3,2,W06_C6,ADFNE,1337,4,3001874714,ADFNE|S3|main|2|W06_C6|1337|4,networks/S3/ADFNE/f2_W06_C6_s1337_d04.csv
S3,2,W06_C6,ADFNE,1337,5,3320564108,ADFNE|S3|main|2|W06_C6|1337|5,networks/S3/ADFNE/f2_W06_C6_s1337_d05.csv
S3,2,W06_C6,ADFNE,1337,6,1558353974,ADFNE|S3|main|2|W06_C6|1337|6,networks/S3/ADFNE/f2_W06_C6_s1337_d06.csv
S3,2,W06_C6,ADFNE,1337,7,736471200,ADFNE|S3|main|2|W06_C6|1337|7,networks/S3/ADFNE/f2_W06_C6_s1337_d07.csv
S3,2,W06_C6,ADFNE,20260903,0,946432396,ADFNE|S3|main|2|W06_C6|20260903|0,networks/S3/ADFNE/f2_W06_C6_s20260903_d00.csv
S3,2,W06_C6,ADFNE,20260903,1,1332631834,ADFNE|S3|main|2|W06_C6|20260903|1,networks/S3/ADFNE/f2_W06_C6_s20260903_d01.csv
S3,2,W06_C6,ADFNE,20260903,2,3597076640,ADFNE|S3|main|2|W06_C6|20260903|2,networks/S3/ADFNE/f2_W06_C6_s20260903_d02.csv
S3,2,W06_C6,ADFNE,20260903,3,2707437622,ADFNE|S3|main|2|W06_C6|20260903|3,networks/S3/ADFNE/f2_W06_C6_s20260903_d03.csv
S3,2,W06_C6,ADFNE,20260903,4,1057271189,ADFNE|S3|main|2|W06_C6|20260903|4,networks/S3/ADFNE/f2_W06_C6_s20260903_d04.csv
S3,2,W06_C6,ADFNE,20260903,5,1208196355,ADFNE|S3|main|2|W06_C6|20260903|5,networks/S3/ADFNE/f2_W06_C6_s20260903_d05.csv
S3,2,W06_C6,ADFNE,20260903,6,3507145913,ADFNE|S3|main|2|W06_C6|20260903|6,networks/S3/ADFNE/f2_W06_C6_s20260903_d06.csv
S3,2,W06_C6,ADFNE,20260903,7,2785934383,ADFNE|S3|main|2|W06_C6|20260903|7,networks/S3/ADFNE/f2_W06_C6_s20260903_d07.csv
S3,2,W06_C6,ADFNE,7,0,1570595125,ADFNE|S3|main|2|W06_C6|7|0,networks/S3/ADFNE/f2_W06_C6_s7_d00.csv
S3,2,W06_C6,ADFNE,7,1,714756515,ADFNE|S3|main|2|W06_C6|7|1,networks/S3/ADFNE/f2_W06_C6_s7_d01.csv
S3,2,W06_C6,ADFNE,7,2,3012755481,ADFNE|S3|main|2|W06_C6|7|2,networks/S3/ADFNE/f2_W06_C6_s7_d02.csv
S3,2,W06_C6,ADFNE,7,3,3298046095,ADFNE|S3|main|2|W06_C6|7|3,networks/S3/ADFNE/f2_W06_C6_s7_d03.csv
S3,2,W06_C6,ADFNE,7,4,1525720364,ADFNE|S3|main|2|W06_C6|7|4,networks/S3/ADFNE/f2_W06_C6_s7_d04.csv
S3,2,W06_C6,ADFNE,7,5,771200442,ADFNE|S3|main|2|W06_C6|7|5,networks/S3/ADFNE/f2_W06_C6_s7_d05.csv
S3,2,W06_C6,ADFNE,7,6,3036595200,ADFNE|S3|main|2|W06_C6|7|6,networks/S3/ADFNE/f2_W06_C6_s7_d06.csv
S3,2,W06_C6,ADFNE,7,7,3287938198,ADFNE|S3|main|2|W06_C6|7|7,networks/S3/ADFNE/f2_W06_C6_s7_d07.csv
S3,2,W06_C6,KDE,1337,0,1469922828,KDE|S3|main|2|W06_C6|1337|0,networks/S3/KDE/f2_W06_C6_s1337_d00.csv
S3,2,W06_C6,KDE,1337,1,546967194,KDE|S3|main|2|W06_C6|1337|1,networks/S3/KDE/f2_W06_C6_s1337_d01.csv
S3,2,W06_C6,KDE,1337,2,3113443104,KDE|S3|main|2|W06_C6|1337|2,networks/S3/KDE/f2_W06_C6_s1337_d02.csv
S3,2,W06_C6,KDE,1337,3,3465834422,KDE|S3|main|2|W06_C6|1337|3,networks/S3/KDE/f2_W06_C6_s1337_d03.csv
S3,2,W06_C6,KDE,1337,4,1357969941,KDE|S3|main|2|W06_C6|1337|4,networks/S3/KDE/f2_W06_C6_s1337_d04.csv
S3,2,W06_C6,KDE,1337,5,670550659,KDE|S3|main|2|W06_C6|1337|5,networks/S3/KDE/f2_W06_C6_s1337_d05.csv
S3,2,W06_C6,KDE,1337,6,3204356921,KDE|S3|main|2|W06_C6|1337|6,networks/S3/KDE/f2_W06_C6_s1337_d06.csv
S3,2,W06_C6,KDE,1337,7,3388582831,KDE|S3|main|2|W06_C6|1337|7,networks/S3/KDE/f2_W06_C6_s1337_d07.csv
S3,2,W06_C6,KDE,20260903,0,3393132938,KDE|S3|main|2|W06_C6|20260903|0,networks/S3/KDE/f2_W06_C6_s20260903_d00.csv
S3,2,W06_C6,KDE,20260903,1,3174574364,KDE|S3|main|2|W06_C6|20260903|1,networks/S3/KDE/f2_W06_C6_s20260903_d01.csv
S3,2,W06_C6,KDE,20260903,2,607221926,KDE|S3|main|2|W06_C6|20260903|2,networks/S3/KDE/f2_W06_C6_s20260903_d02.csv
S3,2,W06_C6,KDE,20260903,3,1396066352,KDE|S3|main|2|W06_C6|20260903|3,networks/S3/KDE/f2_W06_C6_s20260903_d03.csv
S3,2,W06_C6,KDE,20260903,4,3444759955,KDE|S3|main|2|W06_C6|20260903|4,networks/S3/KDE/f2_W06_C6_s20260903_d04.csv
S3,2,W06_C6,KDE,20260903,5,3126193413,KDE|S3|main|2|W06_C6|20260903|5,networks/S3/KDE/f2_W06_C6_s20260903_d05.csv
S3,2,W06_C6,KDE,20260903,6,593280191,KDE|S3|main|2|W06_C6|20260903|6,networks/S3/KDE/f2_W06_C6_s20260903_d06.csv
S3,2,W06_C6,KDE,20260903,7,1415285801,KDE|S3|main|2|W06_C6|20260903|7,networks/S3/KDE/f2_W06_C6_s20260903_d07.csv
S3,2,W06_C6,KDE,7,0,3857076888,KDE|S3|main|2|W06_C6|7|0,networks/S3/KDE/f2_W06_C6_s7_d00.csv
S3,2,W06_C6,KDE,7,1,2464244238,KDE|S3|main|2|W06_C6|7|1,networks/S3/KDE/f2_W06_C6_s7_d01.csv
S3,2,W06_C6,KDE,7,2,199766964,KDE|S3|main|2|W06_C6|7|2,networks/S3/KDE/f2_W06_C6_s7_d02.csv
S3,2,W06_C6,KDE,7,3,2096038690,KDE|S3|main|2|W06_C6|7|3,networks/S3/KDE/f2_W06_C6_s7_d03.csv
S3,2,W06_C6,KDE,7,4,3800798849,KDE|S3|main|2|W06_C6|7|4,networks/S3/KDE/f2_W06_C6_s7_d04.csv
S3,2,W06_C6,KDE,7,5,2509022743,KDE|S3|main|2|W06_C6|7|5,networks/S3/KDE/f2_W06_C6_s7_d05.csv
S3,2,W06_C6,KDE,7,6,210106285,KDE|S3|main|2|W06_C6|7|6,networks/S3/KDE/f2_W06_C6_s7_d06.csv
S3,2,W06_C6,KDE,7,7,2072168251,KDE|S3|main|2|W06_C6|7|7,networks/S3/KDE/f2_W06_C6_s7_d07.csv
S3,3,W00_C7,EVAE,1337,0,4292541622,EVAE|S3|geobg|3|W00_C7|1337|0,networks/S3/EVAE/f3_W00_C7_s1337_d00.csv
S3,3,W00_C7,EVAE,1337,1,2296237088,EVAE|S3|geobg|3|W00_C7|1337|1,networks/S3/EVAE/f3_W00_C7_s1337_d01.csv
S3,3,W00_C7,EVAE,1337,2,299146650,EVAE|S3|geobg|3|W00_C7|1337|2,networks/S3/EVAE/f3_W00_C7_s1337_d02.csv
S3,3,W00_C7,EVAE,1337,3,1725148428,EVAE|S3|geobg|3|W00_C7|1337|3,networks/S3/EVAE/f3_W00_C7_s1337_d03.csv
S3,3,W00_C7,EVAE,1337,4,4172757167,EVAE|S3|geobg|3|W00_C7|1337|4,networks/S3/EVAE/f3_W00_C7_s1337_d04.csv
S3,3,W00_C7,EVAE,1337,5,2410678329,EVAE|S3|geobg|3|W00_C7|1337|5,networks/S3/EVAE/f3_W00_C7_s1337_d05.csv
S3,3,W00_C7,EVAE,1337,6,381245827,EVAE|S3|geobg|3|W00_C7|1337|6,networks/S3/EVAE/f3_W00_C7_s1337_d06.csv
S3,3,W00_C7,EVAE,1337,7,1639868693,EVAE|S3|geobg|3|W00_C7|1337|7,networks/S3/EVAE/f3_W00_C7_s1337_d07.csv
S3,3,W00_C7,EVAE,20260903,0,1307445058,EVAE|S3|geobg|3|W00_C7|20260903|0,networks/S3/EVAE/f3_W00_C7_s20260903_d00.csv
S3,3,W00_C7,EVAE,20260903,1,988362708,EVAE|S3|geobg|3|W00_C7|20260903|1,networks/S3/EVAE/f3_W00_C7_s20260903_d01.csv
S3,3,W00_C7,EVAE,20260903,2,2749392494,EVAE|S3|geobg|3|W00_C7|20260903|2,networks/S3/EVAE/f3_W00_C7_s20260903_d02.csv
S3,3,W00_C7,EVAE,20260903,3,3571930872,EVAE|S3|geobg|3|W00_C7|20260903|3,networks/S3/EVAE/f3_W00_C7_s20260903_d03.csv
S3,3,W00_C7,EVAE,20260903,4,1250149211,EVAE|S3|geobg|3|W00_C7|20260903|4,networks/S3/EVAE/f3_W00_C7_s20260903_d04.csv
S3,3,W00_C7,EVAE,20260903,5,1032123341,EVAE|S3|geobg|3|W00_C7|20260903|5,networks/S3/EVAE/f3_W00_C7_s20260903_d05.csv
S3,3,W00_C7,EVAE,20260903,6,2760745591,EVAE|S3|geobg|3|W00_C7|20260903|6,networks/S3/EVAE/f3_W00_C7_s20260903_d06.csv
S3,3,W00_C7,EVAE,20260903,7,3549074145,EVAE|S3|geobg|3|W00_C7|20260903|7,networks/S3/EVAE/f3_W00_C7_s20260903_d07.csv
S3,3,W00_C7,EVAE,7,0,2292163166,EVAE|S3|geobg|3|W00_C7|7|0,networks/S3/EVAE/f3_W00_C7_s7_d00.csv
S3,3,W00_C7,EVAE,7,1,4288189128,EVAE|S3|geobg|3|W00_C7|7|1,networks/S3/EVAE/f3_W00_C7_s7_d01.csv
S3,3,W00_C7,EVAE,7,2,1720828786,EVAE|S3|geobg|3|W00_C7|7|2,networks/S3/EVAE/f3_W00_C7_s7_d02.csv
S3,3,W00_C7,EVAE,7,3,295105508,EVAE|S3|geobg|3|W00_C7|7|3,networks/S3/EVAE/f3_W00_C7_s7_d03.csv
S3,3,W00_C7,EVAE,7,4,2415027783,EVAE|S3|geobg|3|W00_C7|7|4,networks/S3/EVAE/f3_W00_C7_s7_d04.csv
S3,3,W00_C7,EVAE,7,5,4176828113,EVAE|S3|geobg|3|W00_C7|7|5,networks/S3/EVAE/f3_W00_C7_s7_d05.csv
S3,3,W00_C7,EVAE,7,6,1643906923,EVAE|S3|geobg|3|W00_C7|7|6,networks/S3/EVAE/f3_W00_C7_s7_d06.csv
S3,3,W00_C7,EVAE,7,7,385562621,EVAE|S3|geobg|3|W00_C7|7|7,networks/S3/EVAE/f3_W00_C7_s7_d07.csv
S3,3,W00_C7,ADFNE,1337,0,677719094,ADFNE|S3|main|3|W00_C7|1337|0,networks/S3/ADFNE/f3_W00_C7_s1337_d00.csv
S3,3,W00_C7,ADFNE,1337,1,1600265376,ADFNE|S3|main|3|W00_C7|1337|1,networks/S3/ADFNE/f3_W00_C7_s1337_d01.csv
S3,3,W00_C7,ADFNE,1337,2,3328920858,ADFNE|S3|main|3|W00_C7|1337|2,networks/S3/ADFNE/f3_W00_C7_s1337_d02.csv
S3,3,W00_C7,ADFNE,1337,3,2976677260,ADFNE|S3|main|3|W00_C7|1337|3,networks/S3/ADFNE/f3_W00_C7_s1337_d03.csv
S3,3,W00_C7,ADFNE,1337,4,789112879,ADFNE|S3|main|3|W00_C7|1337|4,networks/S3/ADFNE/f3_W00_C7_s1337_d04.csv
S3,3,W00_C7,ADFNE,1337,5,1477433529,ADFNE|S3|main|3|W00_C7|1337|5,networks/S3/ADFNE/f3_W00_C7_s1337_d05.csv
S3,3,W00_C7,ADFNE,1337,6,3238430979,ADFNE|S3|main|3|W00_C7|1337|6,networks/S3/ADFNE/f3_W00_C7_s1337_d06.csv
S3,3,W00_C7,ADFNE,1337,7,3053566357,ADFNE|S3|main|3|W00_C7|1337|7,networks/S3/ADFNE/f3_W00_C7_s1337_d07.csv
S3,3,W00_C7,ADFNE,20260903,0,1456763209,ADFNE|S3|main|3|W00_C7|20260903|0,networks/S3/ADFNE/f3_W00_C7_s20260903_d00.csv
S3,3,W00_C7,ADFNE,20260903,1,567493087,ADFNE|S3|main|3|W00_C7|20260903|1,networks/S3/ADFNE/f3_W00_C7_s20260903_d01.csv
S3,3,W00_C7,ADFNE,20260903,2,3101298789,ADFNE|S3|main|3|W00_C7|20260903|2,networks/S3/ADFNE/f3_W00_C7_s20260903_d02.csv
S3,3,W00_C7,ADFNE,20260903,3,3487375603,ADFNE|S3|main|3|W00_C7|20260903|3,networks/S3/ADFNE/f3_W00_C7_s20260903_d03.csv
S3,3,W00_C7,ADFNE,20260903,4,1371125072,ADFNE|S3|main|3|W00_C7|20260903|4,networks/S3/ADFNE/f3_W00_C7_s20260903_d04.csv
S3,3,W00_C7,ADFNE,20260903,5,650020294,ADFNE|S3|main|3|W00_C7|20260903|5,networks/S3/ADFNE/f3_W00_C7_s20260903_d05.csv
S3,3,W00_C7,ADFNE,20260903,6,3216495740,ADFNE|S3|main|3|W00_C7|20260903|6,networks/S3/ADFNE/f3_W00_C7_s20260903_d06.csv
S3,3,W00_C7,ADFNE,20260903,7,3367036138,ADFNE|S3|main|3|W00_C7|20260903|7,networks/S3/ADFNE/f3_W00_C7_s20260903_d07.csv
S3,3,W00_C7,ADFNE,7,0,1027018093,ADFNE|S3|main|3|W00_C7|7|0,networks/S3/ADFNE/f3_W00_C7_s7_d00.csv
S3,3,W00_C7,ADFNE,7,1,1244675579,ADFNE|S3|main|3|W00_C7|7|1,networks/S3/ADFNE/f3_W00_C7_s7_d01.csv
S3,3,W00_C7,ADFNE,7,2,3543755841,ADFNE|S3|main|3|W00_C7|7|2,networks/S3/ADFNE/f3_W00_C7_s7_d02.csv
S3,3,W00_C7,ADFNE,7,3,2755550423,ADFNE|S3|main|3|W00_C7|7|3,networks/S3/ADFNE/f3_W00_C7_s7_d03.csv
S3,3,W00_C7,ADFNE,7,4,979028340,ADFNE|S3|main|3|W00_C7|7|4,networks/S3/ADFNE/f3_W00_C7_s7_d04.csv
S3,3,W00_C7,ADFNE,7,5,1298004450,ADFNE|S3|main|3|W00_C7|7|5,networks/S3/ADFNE/f3_W00_C7_s7_d05.csv
S3,3,W00_C7,ADFNE,7,6,3562317912,ADFNE|S3|main|3|W00_C7|7|6,networks/S3/ADFNE/f3_W00_C7_s7_d06.csv
S3,3,W00_C7,ADFNE,7,7,2740164814,ADFNE|S3|main|3|W00_C7|7|7,networks/S3/ADFNE/f3_W00_C7_s7_d07.csv
S3,3,W00_C7,KDE,1337,0,3396939577,KDE|S3|main|3|W00_C7|1337|0,networks/S3/KDE/f3_W00_C7_s1337_d00.csv
S3,3,W00_C7,KDE,1337,1,3179159471,KDE|S3|main|3|W00_C7|1337|1,networks/S3/KDE/f3_W00_C7_s1337_d01.csv
S3,3,W00_C7,KDE,1337,2,611798549,KDE|S3|main|3|W00_C7|1337|2,networks/S3/KDE/f3_W00_C7_s1337_d02.csv
S3,3,W00_C7,KDE,1337,3,1399881347,KDE|S3|main|3|W00_C7|1337|3,networks/S3/KDE/f3_W00_C7_s1337_d03.csv
S3,3,W00_C7,KDE,1337,4,3440700192,KDE|S3|main|3|W00_C7|1337|4,networks/S3/KDE/f3_W00_C7_s1337_d04.csv
S3,3,W00_C7,KDE,1337,5,3121863606,KDE|S3|main|3|W00_C7|1337|5,networks/S3/KDE/f3_W00_C7_s1337_d05.csv
S3,3,W00_C7,KDE,1337,6,588941836,KDE|S3|main|3|W00_C7|1337|6,networks/S3/KDE/f3_W00_C7_s1337_d06.csv
S3,3,W00_C7,KDE,1337,7,1411234458,KDE|S3|main|3|W00_C7|1337|7,networks/S3/KDE/f3_W00_C7_s1337_d07.csv
S3,3,W00_C7,KDE,20260903,0,2759983439,KDE|S3|main|3|W00_C7|20260903|0,networks/S3/KDE/f3_W00_C7_s20260903_d00.csv
S3,3,W00_C7,KDE,20260903,1,3548721625,KDE|S3|main|3|W00_C7|20260903|1,networks/S3/KDE/f3_W00_C7_s20260903_d01.csv
S3,3,W00_C7,KDE,20260903,2,1250713699,KDE|S3|main|3|W00_C7|20260903|2,networks/S3/KDE/f3_W00_C7_s20260903_d02.csv
S3,3,W00_C7,KDE,20260903,3,1032540405,KDE|S3|main|3|W00_C7|20260903|3,networks/S3/KDE/f3_W00_C7_s20260903_d03.csv
S3,3,W00_C7,KDE,20260903,4,2750399830,KDE|S3|main|3|W00_C7|20260903|4,networks/S3/KDE/f3_W00_C7_s20260903_d04.csv
S3,3,W00_C7,KDE,20260903,5,3572037056,KDE|S3|main|3|W00_C7|20260903|5,networks/S3/KDE/f3_W00_C7_s20260903_d05.csv
S3,3,W00_C7,KDE,20260903,6,1306633338,KDE|S3|main|3|W00_C7|20260903|6,networks/S3/KDE/f3_W00_C7_s20260903_d06.csv
S3,3,W00_C7,KDE,20260903,7,988189932,KDE|S3|main|3|W00_C7|20260903|7,networks/S3/KDE/f3_W00_C7_s20260903_d07.csv
S3,3,W00_C7,KDE,7,0,2236366528,KDE|S3|main|3|W00_C7|7|0,networks/S3/KDE/f3_W00_C7_s7_d00.csv
S3,3,W00_C7,KDE,7,1,4065005142,KDE|S3|main|3|W00_C7|7|1,networks/S3/KDE/f3_W00_C7_s7_d01.csv
S3,3,W00_C7,KDE,7,2,1799512044,KDE|S3|main|3|W00_C7|7|2,networks/S3/KDE/f3_W00_C7_s7_d02.csv
S3,3,W00_C7,KDE,7,3,474312570,KDE|S3|main|3|W00_C7|7|3,networks/S3/KDE/f3_W00_C7_s7_d03.csv
S3,3,W00_C7,KDE,7,4,2183264985,KDE|S3|main|3|W00_C7|7|4,networks/S3/KDE/f3_W00_C7_s7_d04.csv
S3,3,W00_C7,KDE,7,5,4112960079,KDE|S3|main|3|W00_C7|7|5,networks/S3/KDE/f3_W00_C7_s7_d05.csv
S3,3,W00_C7,KDE,7,6,1815059445,KDE|S3|main|3|W00_C7|7|6,networks/S3/KDE/f3_W00_C7_s7_d06.csv
S3,3,W00_C7,KDE,7,7,455650147,KDE|S3|main|3|W00_C7|7|7,networks/S3/KDE/f3_W00_C7_s7_d07.csv
S3,3,W00_C8,EVAE,1337,0,653979162,EVAE|S3|geobg|3|W00_C8|1337|0,networks/S3/EVAE/f3_W00_C8_s1337_d00.csv
S3,3,W00_C8,EVAE,1337,1,1375592076,EVAE|S3|geobg|3|W00_C8|1337|1,networks/S3/EVAE/f3_W00_C8_s1337_d01.csv
S3,3,W00_C8,EVAE,1337,2,3371470646,EVAE|S3|geobg|3|W00_C8|1337|2,networks/S3/EVAE/f3_W00_C8_s1337_d02.csv
S3,3,W00_C8,EVAE,1337,3,3220422560,EVAE|S3|geobg|3|W00_C8|1337|3,networks/S3/EVAE/f3_W00_C8_s1337_d03.csv
S3,3,W00_C8,EVAE,1337,4,563554819,EVAE|S3|geobg|3|W00_C8|1337|4,networks/S3/EVAE/f3_W00_C8_s1337_d04.csv
S3,3,W00_C8,EVAE,1337,5,1452284565,EVAE|S3|geobg|3|W00_C8|1337|5,networks/S3/EVAE/f3_W00_C8_s1337_d05.csv
S3,3,W00_C8,EVAE,1337,6,3482929967,EVAE|S3|geobg|3|W00_C8|1337|6,networks/S3/EVAE/f3_W00_C8_s1337_d06.csv
S3,3,W00_C8,EVAE,1337,7,3097394105,EVAE|S3|geobg|3|W00_C8|1337|7,networks/S3/EVAE/f3_W00_C8_s1337_d07.csv
S3,3,W00_C8,EVAE,20260903,0,1064998963,EVAE|S3|geobg|3|W00_C8|20260903|0,networks/S3/EVAE/f3_W00_C8_s20260903_d00.csv
S3,3,W00_C8,EVAE,20260903,1,1216194725,EVAE|S3|geobg|3|W00_C8|20260903|1,networks/S3/EVAE/f3_W00_C8_s20260903_d01.csv
S3,3,W00_C8,EVAE,20260903,2,3514104095,EVAE|S3|geobg|3|W00_C8|20260903|2,networks/S3/EVAE/f3_W00_C8_s20260903_d02.csv
S3,3,W00_C8,EVAE,20260903,3,2792606089,EVAE|S3|geobg|3|W00_C8|20260903|3,networks/S3/EVAE/f3_W00_C8_s20260903_d03.csv
S3,3,W00_C8,EVAE,20260903,4,941055018,EVAE|S3|geobg|3|W00_C8|20260903|4,networks/S3/EVAE/f3_W00_C8_s20260903_d04.csv
S3,3,W00_C8,EVAE,20260903,5,1326476476,EVAE|S3|geobg|3|W00_C8|20260903|5,networks/S3/EVAE/f3_W00_C8_s20260903_d05.csv
S3,3,W00_C8,EVAE,20260903,6,3591978246,EVAE|S3|geobg|3|W00_C8|20260903|6,networks/S3/EVAE/f3_W00_C8_s20260903_d06.csv
S3,3,W00_C8,EVAE,20260903,7,2703101328,EVAE|S3|geobg|3|W00_C8|20260903|7,networks/S3/EVAE/f3_W00_C8_s20260903_d07.csv
S3,3,W00_C8,EVAE,7,0,181351823,EVAE|S3|geobg|3|W00_C8|7|0,networks/S3/EVAE/f3_W00_C8_s7_d00.csv
S3,3,W00_C8,EVAE,7,1,2110260505,EVAE|S3|geobg|3|W00_C8|7|1,networks/S3/EVAE/f3_W00_C8_s7_d01.csv
S3,3,W00_C8,EVAE,7,2,3837875363,EVAE|S3|geobg|3|W00_C8|7|2,networks/S3/EVAE/f3_W00_C8_s7_d02.csv
S3,3,W00_C8,EVAE,7,3,2479252533,EVAE|S3|geobg|3|W00_C8|7|3,networks/S3/EVAE/f3_W00_C8_s7_d03.csv
S3,3,W00_C8,EVAE,7,4,228782486,EVAE|S3|geobg|3|W00_C8|7|4,networks/S3/EVAE/f3_W00_C8_s7_d04.csv
S3,3,W00_C8,EVAE,7,5,2057683200,EVAE|S3|geobg|3|W00_C8|7|5,networks/S3/EVAE/f3_W00_C8_s7_d05.csv
S3,3,W00_C8,EVAE,7,6,3819737274,EVAE|S3|geobg|3|W00_C8|7|6,networks/S3/EVAE/f3_W00_C8_s7_d06.csv
S3,3,W00_C8,EVAE,7,7,2494275628,EVAE|S3|geobg|3|W00_C8|7|7,networks/S3/EVAE/f3_W00_C8_s7_d07.csv
S3,3,W00_C8,ADFNE,1337,0,4047847066,ADFNE|S3|main|3|W00_C8|1337|0,networks/S3/ADFNE/f3_W00_C8_s1337_d00.csv
S3,3,W00_C8,ADFNE,1337,1,2252475916,ADFNE|S3|main|3|W00_C8|1337|1,networks/S3/ADFNE/f3_W00_C8_s1337_d01.csv
S3,3,W00_C8,ADFNE,1337,2,525033398,ADFNE|S3|main|3|W00_C8|1337|2,networks/S3/ADFNE/f3_W00_C8_s1337_d02.csv
S3,3,W00_C8,ADFNE,1337,3,1749839648,ADFNE|S3|main|3|W00_C8|1337|3,networks/S3/ADFNE/f3_W00_C8_s1337_d03.csv
S3,3,W00_C8,ADFNE,1337,4,4129880707,ADFNE|S3|main|3|W00_C8|1337|4,networks/S3/ADFNE/f3_W00_C8_s1337_d04.csv
S3,3,W00_C8,ADFNE,1337,5,2167392789,ADFNE|S3|main|3|W00_C8|1337|5,networks/S3/ADFNE/f3_W00_C8_s1337_d05.csv
S3,3,W00_C8,ADFNE,1337,6,405183407,ADFNE|S3|main|3|W00_C8|1337|6,networks/S3/ADFNE/f3_W00_C8_s1337_d06.csv
S3,3,W00_C8,ADFNE,1337,7,1864477497,ADFNE|S3|main|3|W00_C8|1337|7,networks/S3/ADFNE/f3_W00_C8_s1337_d07.csv
S3,3,W00_C8,ADFNE,20260903,0,608235064,ADFNE|S3|main|3|W00_C8|20260903|0,networks/S3/ADFNE/f3_W00_C8_s20260903_d00.csv
S3,3,W00_C8,ADFNE,20260903,1,1397218990,ADFNE|S3|main|3|W00_C8|20260903|1,networks/S3/ADFNE/f3_W00_C8_s20260903_d01.csv
S3,3,W00_C8,ADFNE,20260903,2,3394146068,ADFNE|S3|main|3|W00_C8|20260903|2,networks/S3/ADFNE/f3_W00_C8_s20260903_d02.csv
S3,3,W00_C8,ADFNE,20260903,3,3175726978,ADFNE|S3|main|3|W00_C8|20260903|3,networks/S3/ADFNE/f3_W00_C8_s20260903_d03.csv
S3,3,W00_C8,ADFNE,20260903,4,590162465,ADFNE|S3|main|3|W00_C8|20260903|4,networks/S3/ADFNE/f3_W00_C8_s20260903_d04.csv
S3,3,W00_C8,ADFNE,20260903,5,1412045495,ADFNE|S3|main|3|W00_C8|20260903|5,networks/S3/ADFNE/f3_W00_C8_s20260903_d05.csv
S3,3,W00_C8,ADFNE,20260903,6,3441642253,ADFNE|S3|main|3|W00_C8|20260903|6,networks/S3/ADFNE/f3_W00_C8_s20260903_d06.csv
S3,3,W00_C8,ADFNE,20260903,7,3122953115,ADFNE|S3|main|3|W00_C8|20260903|7,networks/S3/ADFNE/f3_W00_C8_s20260903_d07.csv
S3,3,W00_C8,ADFNE,7,0,3211238076,ADFNE|S3|main|3|W00_C8|7|0,networks/S3/ADFNE/f3_W00_C8_s7_d00.csv
S3,3,W00_C8,ADFNE,7,1,3361778218,ADFNE|S3|main|3|W00_C8|7|1,networks/S3/ADFNE/f3_W00_C8_s7_d01.csv
S3,3,W00_C8,ADFNE,7,2,1365900176,ADFNE|S3|main|3|W00_C8|7|2,networks/S3/ADFNE/f3_W00_C8_s7_d02.csv
S3,3,W00_C8,ADFNE,7,3,644795142,ADFNE|S3|main|3|W00_C8|7|3,networks/S3/ADFNE/f3_W00_C8_s7_d03.csv
S3,3,W00_C8,ADFNE,7,4,3087687333,ADFNE|S3|main|3|W00_C8|7|4,networks/S3/ADFNE/f3_W00_C8_s7_d04.csv
S3,3,W00_C8,ADFNE,7,5,3473763891,ADFNE|S3|main|3|W00_C8|7|5,networks/S3/ADFNE/f3_W00_C8_s7_d05.csv
S3,3,W00_C8,ADFNE,7,6,1443118985,ADFNE|S3|main|3|W00_C8|7|6,networks/S3/ADFNE/f3_W00_C8_s7_d06.csv
S3,3,W00_C8,ADFNE,7,7,553848607,ADFNE|S3|main|3|W00_C8|7|7,networks/S3/ADFNE/f3_W00_C8_s7_d07.csv
S3,3,W00_C8,KDE,1337,0,324615573,KDE|S3|main|3|W00_C8|1337|0,networks/S3/KDE/f3_W00_C8_s1337_d00.csv
S3,3,W00_C8,KDE,1337,1,1683885315,KDE|S3|main|3|W00_C8|1337|1,networks/S3/KDE/f3_W00_C8_s1337_d01.csv
S3,3,W00_C8,KDE,1337,2,4250361017,KDE|S3|main|3|W00_C8|1337|2,networks/S3/KDE/f3_W00_C8_s1337_d02.csv
S3,3,W00_C8,KDE,1337,3,2320526383,KDE|S3|main|3|W00_C8|1337|3,networks/S3/KDE/f3_W00_C8_s1337_d03.csv
S3,3,W00_C8,KDE,1337,4,339016076,KDE|S3|main|3|W00_C8|1337|4,networks/S3/KDE/f3_W00_C8_s1337_d04.csv
S3,3,W00_C8,KDE,1337,5,1664338202,KDE|S3|main|3|W00_C8|1337|5,networks/S3/KDE/f3_W00_C8_s1337_d05.csv
S3,3,W00_C8,KDE,1337,6,4198144160,KDE|S3|main|3|W00_C8|1337|6,networks/S3/KDE/f3_W00_C8_s1337_d06.csv
S3,3,W00_C8,KDE,1337,7,2369628214,KDE|S3|main|3|W00_C8|1337|7,networks/S3/KDE/f3_W00_C8_s1337_d07.csv
S3,3,W00_C8,KDE,20260903,0,3591806526,KDE|S3|main|3|W00_C8|20260903|0,networks/S3/KDE/f3_W00_C8_s20260903_d00.csv
S3,3,W00_C8,KDE,20260903,1,2702290600,KDE|S3|main|3|W00_C8|20260903|1,networks/S3/KDE/f3_W00_C8_s20260903_d01.csv
S3,3,W00_C8,KDE,20260903,2,941162258,KDE|S3|main|3|W00_C8|20260903|2,networks/S3/KDE/f3_W00_C8_s20260903_d02.csv
S3,3,W00_C8,KDE,20260903,3,1327484804,KDE|S3|main|3|W00_C8|20260903|3,networks/S3/KDE/f3_W00_C8_s20260903_d03.csv
S3,3,W00_C8,KDE,20260903,4,3514522151,KDE|S3|main|3|W00_C8|20260903|4,networks/S3/KDE/f3_W00_C8_s20260903_d04.csv
S3,3,W00_C8,KDE,20260903,5,2793171633,KDE|S3|main|3|W00_C8|20260903|5,networks/S3/KDE/f3_W00_C8_s20260903_d05.csv
S3,3,W00_C8,KDE,20260903,6,1064647435,KDE|S3|main|3|W00_C8|20260903|6,networks/S3/KDE/f3_W00_C8_s20260903_d06.csv
S3,3,W00_C8,KDE,20260903,7,1215433629,KDE|S3|main|3|W00_C8|20260903|7,networks/S3/KDE/f3_W00_C8_s20260903_d07.csv
S3,3,W00_C8,KDE,7,0,119318801,KDE|S3|main|3|W00_C8|7|0,networks/S3/KDE/f3_W00_C8_s7_d00.csv
S3,3,W00_C8,KDE,7,1,1880856967,KDE|S3|main|3|W00_C8|7|1,networks/S3/KDE/f3_W00_C8_s7_d01.csv
S3,3,W00_C8,KDE,7,2,3910322237,KDE|S3|main|3|W00_C8|7|2,networks/S3/KDE/f3_W00_C8_s7_d02.csv
S3,3,W00_C8,KDE,7,3,2652240043,KDE|S3|main|3|W00_C8|7|3,networks/S3/KDE/f3_W00_C8_s7_d03.csv
S3,3,W00_C8,KDE,7,4,7433480,KDE|S3|main|3|W00_C8|7|4,networks/S3/KDE/f3_W00_C8_s7_d04.csv
S3,3,W00_C8,KDE,7,5,2004245918,KDE|S3|main|3|W00_C8|7|5,networks/S3/KDE/f3_W00_C8_s7_d05.csv
S3,3,W00_C8,KDE,7,6,4001303588,KDE|S3|main|3|W00_C8|7|6,networks/S3/KDE/f3_W00_C8_s7_d06.csv
S3,3,W00_C8,KDE,7,7,2574793906,KDE|S3|main|3|W00_C8|7|7,networks/S3/KDE/f3_W00_C8_s7_d07.csv
S3,3,W03_C7,EVAE,1337,0,1714985655,EVAE|S3|geobg|3|W03_C7|1337|0,networks/S3/EVAE/f3_W03_C7_s1337_d00.csv
S3,3,W03_C7,EVAE,1337,1,289384993,EVAE|S3|geobg|3|W03_C7|1337|1,networks/S3/EVAE/f3_W03_C7_s1337_d01.csv
S3,3,W03_C7,EVAE,1337,2,2285304731,EVAE|S3|geobg|3|W03_C7|1337|2,networks/S3/EVAE/f3_W03_C7_s1337_d02.csv
S3,3,W03_C7,EVAE,1337,3,4281453325,EVAE|S3|geobg|3|W03_C7|1337|3,networks/S3/EVAE/f3_W03_C7_s1337_d03.csv
S3,3,W03_C7,EVAE,1337,4,1632984750,EVAE|S3|geobg|3|W03_C7|1337|4,networks/S3/EVAE/f3_W03_C7_s1337_d04.csv
S3,3,W03_C7,EVAE,1337,5,374500920,EVAE|S3|geobg|3|W03_C7|1337|5,networks/S3/EVAE/f3_W03_C7_s1337_d05.csv
S3,3,W03_C7,EVAE,1337,6,2405121922,EVAE|S3|geobg|3|W03_C7|1337|6,networks/S3/EVAE/f3_W03_C7_s1337_d06.csv
S3,3,W03_C7,EVAE,1337,7,4166782740,EVAE|S3|geobg|3|W03_C7|1337|7,networks/S3/EVAE/f3_W03_C7_s1337_d07.csv
S3,3,W03_C7,EVAE,20260903,0,1553165627,EVAE|S3|geobg|3|W03_C7|20260903|0,networks/S3/EVAE/f3_W03_C7_s20260903_d00.csv
S3,3,W03_C7,EVAE,20260903,1,731143597,EVAE|S3|geobg|3|W03_C7|20260903|1,networks/S3/EVAE/f3_W03_C7_s20260903_d01.csv
S3,3,W03_C7,EVAE,20260903,2,2996636695,EVAE|S3|geobg|3|W03_C7|20260903|2,networks/S3/EVAE/f3_W03_C7_s20260903_d02.csv
S3,3,W03_C7,EVAE,20260903,3,3315219585,EVAE|S3|geobg|3|W03_C7|20260903|3,networks/S3/EVAE/f3_W03_C7_s20260903_d03.csv
S3,3,W03_C7,EVAE,20260903,4,1543416098,EVAE|S3|geobg|3|W03_C7|20260903|4,networks/S3/EVAE/f3_W03_C7_s20260903_d04.csv
S3,3,W03_C7,EVAE,20260903,5,754555316,EVAE|S3|geobg|3|W03_C7|20260903|5,networks/S3/EVAE/f3_W03_C7_s20260903_d05.csv
S3,3,W03_C7,EVAE,20260903,6,3052455950,EVAE|S3|geobg|3|W03_C7|20260903|6,networks/S3/EVAE/f3_W03_C7_s20260903_d06.csv
S3,3,W03_C7,EVAE,20260903,7,3271030936,EVAE|S3|geobg|3|W03_C7|20260903|7,networks/S3/EVAE/f3_W03_C7_s20260903_d07.csv
S3,3,W03_C7,EVAE,7,0,101754301,EVAE|S3|geobg|3|W03_C7|7|0,networks/S3/EVAE/f3_W03_C7_s7_d00.csv
S3,3,W03_C7,EVAE,7,1,1897370923,EVAE|S3|geobg|3|W03_C7|7|1,networks/S3/EVAE/f3_W03_C7_s7_d01.csv
S3,3,W03_C7,EVAE,7,2,3894330513,EVAE|S3|geobg|3|W03_C7|7|2,networks/S3/EVAE/f3_W03_C7_s7_d02.csv
S3,3,W03_C7,EVAE,7,3,2669278215,EVAE|S3|geobg|3|W03_C7|7|3,networks/S3/EVAE/f3_W03_C7_s7_d03.csv
S3,3,W03_C7,EVAE,7,4,24994212,EVAE|S3|geobg|3|W03_C7|7|4,networks/S3/EVAE/f3_W03_C7_s7_d04.csv
S3,3,W03_C7,EVAE,7,5,1987727666,EVAE|S3|geobg|3|W03_C7|7|5,networks/S3/EVAE/f3_W03_C7_s7_d05.csv
S3,3,W03_C7,EVAE,7,6,4017291400,EVAE|S3|geobg|3|W03_C7|7|6,networks/S3/EVAE/f3_W03_C7_s7_d06.csv
S3,3,W03_C7,EVAE,7,7,2557751326,EVAE|S3|geobg|3|W03_C7|7|7,networks/S3/EVAE/f3_W03_C7_s7_d07.csv
S3,3,W03_C7,ADFNE,1337,0,2978433591,ADFNE|S3|main|3|W03_C7|1337|0,networks/S3/ADFNE/f3_W03_C7_s1337_d00.csv
S3,3,W03_C7,ADFNE,1337,1,3330308769,ADFNE|S3|main|3|W03_C7|1337|1,networks/S3/ADFNE/f3_W03_C7_s1337_d01.csv
S3,3,W03_C7,ADFNE,1337,2,1602824987,ADFNE|S3|main|3|W03_C7|1337|2,networks/S3/ADFNE/f3_W03_C7_s1337_d02.csv
S3,3,W03_C7,ADFNE,1337,3,680401805,ADFNE|S3|main|3|W03_C7|1337|3,networks/S3/ADFNE/f3_W03_C7_s1337_d03.csv
S3,3,W03_C7,ADFNE,1337,4,3068825134,ADFNE|S3|main|3|W03_C7|1337|4,networks/S3/ADFNE/f3_W03_C7_s1337_d04.csv
S3,3,W03_C7,ADFNE,1337,5,3253583544,ADFNE|S3|main|3|W03_C7|1337|5,networks/S3/ADFNE/f3_W03_C7_s1337_d05.csv
S3,3,W03_C7,ADFNE,1337,6,1491398402,ADFNE|S3|main|3|W03_C7|1337|6,networks/S3/ADFNE/f3_W03_C7_s1337_d06.csv
S3,3,W03_C7,ADFNE,1337,7,803463060,ADFNE|S3|main|3|W03_C7|1337|7,networks/S3/ADFNE/f3_W03_C7_s1337_d07.csv
S3,3,W03_C7,ADFNE,20260903,0,1202264880,ADFNE|S3|main|3|W03_C7|20260903|0,networks/S3/ADFNE/f3_W03_C7_s20260903_d00.csv
S3,3,W03_C7,ADFNE,20260903,1,816720806,ADFNE|S3|main|3|W03_C7|20260903|1,networks/S3/ADFNE/f3_W03_C7_s20260903_d01.csv
S3,3,W03_C7,ADFNE,20260903,2,2846325276,ADFNE|S3|main|3|W03_C7|20260903|2,networks/S3/ADFNE/f3_W03_C7_s20260903_d02.csv
S3,3,W03_C7,ADFNE,20260903,3,3735046794,ADFNE|S3|main|3|W03_C7|20260903|3,networks/S3/ADFNE/f3_W03_C7_s20260903_d03.csv
S3,3,W03_C7,ADFNE,20260903,4,1086644009,ADFNE|S3|main|3|W03_C7|20260903|4,networks/S3/ADFNE/f3_W03_C7_s20260903_d04.csv
S3,3,W03_C7,ADFNE,20260903,5,935587775,ADFNE|S3|main|3|W03_C7|20260903|5,networks/S3/ADFNE/f3_W03_C7_s20260903_d05.csv
S3,3,W03_C7,ADFNE,20260903,6,2932522501,ADFNE|S3|main|3|W03_C7|20260903|6,networks/S3/ADFNE/f3_W03_C7_s20260903_d06.csv
S3,3,W03_C7,ADFNE,20260903,7,3654127251,ADFNE|S3|main|3|W03_C7|20260903|7,networks/S3/ADFNE/f3_W03_C7_s20260903_d07.csv
S3,3,W03_C7,ADFNE,7,0,3015182990,ADFNE|S3|main|3|W03_C7|7|0,networks/S3/ADFNE/f3_W03_C7_s7_d00.csv
S3,3,W03_C7,ADFNE,7,1,3300866584,ADFNE|S3|main|3|W03_C7|7|1,networks/S3/ADFNE/f3_W03_C7_s7_d01.csv
S3,3,W03_C7,ADFNE,7,2,1572236194,ADFNE|S3|main|3|W03_C7|7|2,networks/S3/ADFNE/f3_W03_C7_s7_d02.csv
S3,3,W03_C7,ADFNE,7,3,716266292,ADFNE|S3|main|3|W03_C7|7|3,networks/S3/ADFNE/f3_W03_C7_s7_d03.csv
S3,3,W03_C7,ADFNE,7,4,3033910935,ADFNE|S3|main|3|W03_C7|7|4,networks/S3/ADFNE/f3_W03_C7_s7_d04.csv
S3,3,W03_C7,ADFNE,7,5,3285384705,ADFNE|S3|main|3|W03_C7|7|5,networks/S3/ADFNE/f3_W03_C7_s7_d05.csv
S3,3,W03_C7,ADFNE,7,6,1524346811,ADFNE|S3|main|3|W03_C7|7|6,networks/S3/ADFNE/f3_W03_C7_s7_d06.csv
S3,3,W03_C7,ADFNE,7,7,769433389,ADFNE|S3|main|3|W03_C7|7|7,networks/S3/ADFNE/f3_W03_C7_s7_d07.csv
S3,3,W03_C7,KDE,1337,0,1402685752,KDE|S3|main|3|W03_C7|1337|0,networks/S3/KDE/f3_W03_C7_s1337_d00.csv
S3,3,W03_C7,KDE,1337,1,614234542,KDE|S3|main|3|W03_C7|1337|1,networks/S3/KDE/f3_W03_C7_s1337_d01.csv
S3,3,W03_C7,KDE,1337,2,3180668948,KDE|S3|main|3|W03_C7|1337|2,networks/S3/KDE/f3_W03_C7_s1337_d02.csv
S3,3,W03_C7,KDE,1337,3,3398572162,KDE|S3|main|3|W03_C7|1337|3,networks/S3/KDE/f3_W03_C7_s1337_d03.csv
S3,3,W03_C7,KDE,1337,4,1425444129,KDE|S3|main|3|W03_C7|1337|4,networks/S3/KDE/f3_W03_C7_s1337_d04.csv
S3,3,W03_C7,KDE,1337,5,603045303,KDE|S3|main|3|W03_C7|1337|5,networks/S3/KDE/f3_W03_C7_s1337_d05.csv
S3,3,W03_C7,KDE,1337,6,3136875533,KDE|S3|main|3|W03_C7|1337|6,networks/S3/KDE/f3_W03_C7_s1337_d06.csv
S3,3,W03_C7,KDE,1337,7,3456097435,KDE|S3|main|3|W03_C7|1337|7,networks/S3/KDE/f3_W03_C7_s1337_d07.csv
S3,3,W03_C7,KDE,20260903,0,3053415222,KDE|S3|main|3|W03_C7|20260903|0,networks/S3/KDE/f3_W03_C7_s20260903_d00.csv
S3,3,W03_C7,KDE,20260903,1,3271056288,KDE|S3|main|3|W03_C7|20260903|1,networks/S3/KDE/f3_W03_C7_s20260903_d01.csv
S3,3,W03_C7,KDE,20260903,2,1542523418,KDE|S3|main|3|W03_C7|20260903|2,networks/S3/KDE/f3_W03_C7_s20260903_d02.csv
S3,3,W03_C7,KDE,20260903,3,754334348,KDE|S3|main|3|W03_C7|20260903|3,networks/S3/KDE/f3_W03_C7_s20260903_d03.csv
S3,3,W03_C7,KDE,20260903,4,2995957551,KDE|S3|main|3|W03_C7|20260903|4,networks/S3/KDE/f3_W03_C7_s20260903_d04.csv
S3,3,W03_C7,KDE,20260903,5,3314917305,KDE|S3|main|3|W03_C7|20260903|5,networks/S3/KDE/f3_W03_C7_s20260903_d05.csv
S3,3,W03_C7,KDE,20260903,6,1553780227,KDE|S3|main|3|W03_C7|20260903|6,networks/S3/KDE/f3_W03_C7_s20260903_d06.csv
S3,3,W03_C7,KDE,20260903,7,731643541,KDE|S3|main|3|W03_C7|20260903|7,networks/S3/KDE/f3_W03_C7_s20260903_d07.csv
S3,3,W03_C7,KDE,7,0,197343523,KDE|S3|main|3|W03_C7|7|0,networks/S3/KDE/f3_W03_C7_s7_d00.csv
S3,3,W03_C7,KDE,7,1,2093222325,KDE|S3|main|3|W03_C7|7|1,networks/S3/KDE/f3_W03_C7_s7_d01.csv
S3,3,W03_C7,KDE,7,2,3855439887,KDE|S3|main|3|W03_C7|7|2,networks/S3/KDE/f3_W03_C7_s7_d02.csv
S3,3,W03_C7,KDE,7,3,2462738585,KDE|S3|main|3|W03_C7|7|3,networks/S3/KDE/f3_W03_C7_s7_d03.csv
S3,3,W03_C7,KDE,7,4,212794682,KDE|S3|main|3|W03_C7|7|4,networks/S3/KDE/f3_W03_C7_s7_d04.csv
S3,3,W03_C7,KDE,7,5,2074725804,KDE|S3|main|3|W03_C7|7|5,networks/S3/KDE/f3_W03_C7_s7_d05.csv
S3,3,W03_C7,KDE,7,6,3802176534,KDE|S3|main|3|W03_C7|7|6,networks/S3/KDE/f3_W03_C7_s7_d06.csv
S3,3,W03_C7,KDE,7,7,2510793856,KDE|S3|main|3|W03_C7|7|7,networks/S3/KDE/f3_W03_C7_s7_d07.csv
S3,3,W03_C8,EVAE,1337,0,3206055963,EVAE|S3|geobg|3|W03_C8|1337|0,networks/S3/EVAE/f3_W03_C8_s1337_d00.csv
S3,3,W03_C8,EVAE,1337,1,3357522061,EVAE|S3|geobg|3|W03_C8|1337|1,networks/S3/EVAE/f3_W03_C8_s1337_d01.csv
S3,3,W03_C8,EVAE,1337,2,1360455991,EVAE|S3|geobg|3|W03_C8|1337|2,networks/S3/EVAE/f3_W03_C8_s1337_d02.csv
S3,3,W03_C8,EVAE,1337,3,638704033,EVAE|S3|geobg|3|W03_C8|1337|3,networks/S3/EVAE/f3_W03_C8_s1337_d03.csv
S3,3,W03_C8,EVAE,1337,4,3094694914,EVAE|S3|geobg|3|W03_C8|1337|4,networks/S3/EVAE/f3_W03_C8_s1337_d04.csv
S3,3,W03_C8,EVAE,1337,5,3480386708,EVAE|S3|geobg|3|W03_C8|1337|5,networks/S3/EVAE/f3_W03_C8_s1337_d05.csv
S3,3,W03_C8,EVAE,1337,6,1450913070,EVAE|S3|geobg|3|W03_C8|1337|6,networks/S3/EVAE/f3_W03_C8_s1337_d06.csv
S3,3,W03_C8,EVAE,1337,7,561782200,EVAE|S3|geobg|3|W03_C8|1337|7,networks/S3/EVAE/f3_W03_C8_s1337_d07.csv
S3,3,W03_C8,EVAE,20260903,0,772272714,EVAE|S3|geobg|3|W03_C8|20260903|0,networks/S3/EVAE/f3_W03_C8_s20260903_d00.csv
S3,3,W03_C8,EVAE,20260903,1,1493222108,EVAE|S3|geobg|3|W03_C8|20260903|1,networks/S3/EVAE/f3_W03_C8_s20260903_d01.csv
S3,3,W03_C8,EVAE,20260903,2,3221853030,EVAE|S3|geobg|3|W03_C8|20260903|2,networks/S3/EVAE/f3_W03_C8_s20260903_d02.csv
S3,3,W03_C8,EVAE,20260903,3,3071190000,EVAE|S3|geobg|3|W03_C8|20260903|3,networks/S3/EVAE/f3_W03_C8_s20260903_d03.csv
S3,3,W03_C8,EVAE,20260903,4,694826579,EVAE|S3|geobg|3|W03_C8|20260903|4,networks/S3/EVAE/f3_W03_C8_s20260903_d04.csv
S3,3,W03_C8,EVAE,20260903,5,1584203461,EVAE|S3|geobg|3|W03_C8|20260903|5,networks/S3/EVAE/f3_W03_C8_s20260903_d05.csv
S3,3,W03_C8,EVAE,20260903,6,3345241983,EVAE|S3|geobg|3|W03_C8|20260903|6,networks/S3/EVAE/f3_W03_C8_s20260903_d06.csv
S3,3,W03_C8,EVAE,20260903,7,2959304681,EVAE|S3|geobg|3|W03_C8|20260903|7,networks/S3/EVAE/f3_W03_C8_s20260903_d07.csv
S3,3,W03_C8,EVAE,7,0,2218799724,EVAE|S3|geobg|3|W03_C8|7|0,networks/S3/EVAE/f3_W03_C8_s7_d00.csv
S3,3,W03_C8,EVAE,7,1,4081517306,EVAE|S3|geobg|3|W03_C8|7|1,networks/S3/EVAE/f3_W03_C8_s7_d01.csv
S3,3,W03_C8,EVAE,7,2,1783518016,EVAE|S3|geobg|3|W03_C8|7|2,networks/S3/EVAE/f3_W03_C8_s7_d02.csv
S3,3,W03_C8,EVAE,7,3,491348950,EVAE|S3|geobg|3|W03_C8|7|3,networks/S3/EVAE/f3_W03_C8_s7_d03.csv
S3,3,W03_C8,EVAE,7,4,2200827509,EVAE|S3|geobg|3|W03_C8|7|4,networks/S3/EVAE/f3_W03_C8_s7_d04.csv
S3,3,W03_C8,EVAE,7,5,4096444131,EVAE|S3|geobg|3|W03_C8|7|5,networks/S3/EVAE/f3_W03_C8_s7_d05.csv
S3,3,W03_C8,EVAE,7,6,1831049049,EVAE|S3|geobg|3|W03_C8|7|6,networks/S3/EVAE/f3_W03_C8_s7_d06.csv
S3,3,W03_C8,EVAE,7,7,438609871,EVAE|S3|geobg|3|W03_C8|7|7,networks/S3/EVAE/f3_W03_C8_s7_d07.csv
S3,3,W03_C8,ADFNE,1337,0,1755797659,ADFNE|S3|main|3|W03_C8|1337|0,networks/S3/ADFNE/f3_W03_C8_s1337_d00.csv
S3,3,W03_C8,ADFNE,1337,1,530606093,ADFNE|S3|main|3|W03_C8|1337|1,networks/S3/ADFNE/f3_W03_C8_s1337_d01.csv
S3,3,W03_C8,ADFNE,1337,2,2259237303,ADFNE|S3|main|3|W03_C8|1337|2,networks/S3/ADFNE/f3_W03_C8_s1337_d02.csv
S3,3,W03_C8,ADFNE,1337,3,4054714657,ADFNE|S3|main|3|W03_C8|1337|3,networks/S3/ADFNE/f3_W03_C8_s1337_d03.csv
S3,3,W03_C8,ADFNE,1337,4,1875549314,ADFNE|S3|main|3|W03_C8|1337|4,networks/S3/ADFNE/f3_W03_C8_s1337_d04.csv
S3,3,W03_C8,ADFNE,1337,5,416132116,ADFNE|S3|main|3|W03_C8|1337|5,networks/S3/ADFNE/f3_W03_C8_s1337_d05.csv
S3,3,W03_C8,ADFNE,1337,6,2177170862,ADFNE|S3|main|3|W03_C8|1337|6,networks/S3/ADFNE/f3_W03_C8_s1337_d06.csv
S3,3,W03_C8,ADFNE,1337,7,4140027192,ADFNE|S3|main|3|W03_C8|1337|7,networks/S3/ADFNE/f3_W03_C8_s1337_d07.csv
S3,3,W03_C8,ADFNE,20260903,0,893224001,ADFNE|S3|main|3|W03_C8|20260903|0,networks/S3/ADFNE/f3_W03_C8_s20260903_d00.csv
S3,3,W03_C8,ADFNE,20260903,1,1111143639,ADFNE|S3|main|3|W03_C8|20260903|1,networks/S3/ADFNE/f3_W03_C8_s20260903_d01.csv
S3,3,W03_C8,ADFNE,20260903,2,3677611373,ADFNE|S3|main|3|W03_C8|20260903|2,networks/S3/ADFNE/f3_W03_C8_s20260903_d02.csv
S3,3,W03_C8,ADFNE,20260903,3,2889143803,ADFNE|S3|main|3|W03_C8|20260903|3,networks/S3/ADFNE/f3_W03_C8_s20260903_d03.csv
S3,3,W03_C8,ADFNE,20260903,4,844120152,ADFNE|S3|main|3|W03_C8|20260903|4,networks/S3/ADFNE/f3_W03_C8_s20260903_d04.csv
S3,3,W03_C8,ADFNE,20260903,5,1163358414,ADFNE|S3|main|3|W03_C8|20260903|5,networks/S3/ADFNE/f3_W03_C8_s20260903_d05.csv
S3,3,W03_C8,ADFNE,20260903,6,3697156468,ADFNE|S3|main|3|W03_C8|20260903|6,networks/S3/ADFNE/f3_W03_C8_s20260903_d06.csv
S3,3,W03_C8,ADFNE,20260903,7,2874741218,ADFNE|S3|main|3|W03_C8|20260903|7,networks/S3/ADFNE/f3_W03_C8_s20260903_d07.csv
S3,3,W03_C8,ADFNE,7,0,837328223,ADFNE|S3|main|3|W03_C8|7|0,networks/S3/ADFNE/f3_W03_C8_s7_d00.csv
S3,3,W03_C8,ADFNE,7,1,1190112713,ADFNE|S3|main|3|W03_C8|7|1,networks/S3/ADFNE/f3_W03_C8_s7_d01.csv
S3,3,W03_C8,ADFNE,7,2,3756457075,ADFNE|S3|main|3|W03_C8|7|2,networks/S3/ADFNE/f3_W03_C8_s7_d02.csv
S3,3,W03_C8,ADFNE,7,3,2833370341,ADFNE|S3|main|3|W03_C8|7|3,networks/S3/ADFNE/f3_W03_C8_s7_d03.csv
S3,3,W03_C8,ADFNE,7,4,914708806,ADFNE|S3|main|3|W03_C8|7|4,networks/S3/ADFNE/f3_W03_C8_s7_d04.csv
S3,3,W03_C8,ADFNE,7,5,1099065808,ADFNE|S3|main|3|W03_C8|7|5,networks/S3/ADFNE/f3_W03_C8_s7_d05.csv
S3,3,W03_C8,ADFNE,7,6,3633002602,ADFNE|S3|main|3|W03_C8|7|6,networks/S3/ADFNE/f3_W03_C8_s7_d06.csv
S3,3,W03_C8,ADFNE,7,7,2945190140,ADFNE|S3|main|3|W03_C8|7|7,networks/S3/ADFNE/f3_W03_C8_s7_d07.csv
S3,3,W03_C8,KDE,1337,0,2327534484,KDE|S3|main|3|W03_C8|1337|0,networks/S3/KDE/f3_W03_C8_s1337_d00.csv
S3,3,W03_C8,KDE,1337,1,4256983810,KDE|S3|main|3|W03_C8|1337|1,networks/S3/KDE/f3_W03_C8_s1337_d01.csv
S3,3,W03_C8,KDE,1337,2,1689598648,KDE|S3|main|3|W03_C8|1337|2,networks/S3/KDE/f3_W03_C8_s1337_d02.csv
S3,3,W03_C8,KDE,1337,3,330435118,KDE|S3|main|3|W03_C8|1337|3,networks/S3/KDE/f3_W03_C8_s1337_d03.csv
S3,3,W03_C8,KDE,1337,4,2379653005,KDE|S3|main|3|W03_C8|1337|4,networks/S3/KDE/f3_W03_C8_s1337_d04.csv
S3,3,W03_C8,KDE,1337,5,4208045851,KDE|S3|main|3|W03_C8|1337|5,networks/S3/KDE/f3_W03_C8_s1337_d05.csv
S3,3,W03_C8,KDE,1337,6,1675165345,KDE|S3|main|3|W03_C8|1337|6,networks/S3/KDE/f3_W03_C8_s1337_d06.csv
S3,3,W03_C8,KDE,1337,7,350211639,KDE|S3|main|3|W03_C8|1337|7,networks/S3/KDE/f3_W03_C8_s1337_d07.csv
S3,3,W03_C8,KDE,20260903,0,3345740871,KDE|S3|main|3|W03_C8|20260903|0,networks/S3/KDE/f3_W03_C8_s20260903_d00.csv
S3,3,W03_C8,KDE,20260903,1,2959918289,KDE|S3|main|3|W03_C8|20260903|1,networks/S3/KDE/f3_W03_C8_s20260903_d01.csv
S3,3,W03_C8,KDE,20260903,2,694523243,KDE|S3|main|3|W03_C8|20260903|2,networks/S3/KDE/f3_W03_C8_s20260903_d02.csv
S3,3,W03_C8,KDE,20260903,3,1583523325,KDE|S3|main|3|W03_C8|20260903|3,networks/S3/KDE/f3_W03_C8_s20260903_d03.csv
S3,3,W03_C8,KDE,20260903,4,3221631070,KDE|S3|main|3|W03_C8|20260903|4,networks/S3/KDE/f3_W03_C8_s20260903_d04.csv
S3,3,W03_C8,KDE,20260903,5,3070296264,KDE|S3|main|3|W03_C8|20260903|5,networks/S3/KDE/f3_W03_C8_s20260903_d05.csv
S3,3,W03_C8,KDE,20260903,6,772297074,KDE|S3|main|3|W03_C8|20260903|6,networks/S3/KDE/f3_W03_C8_s20260903_d06.csv
S3,3,W03_C8,KDE,20260903,7,1494180324,KDE|S3|main|3|W03_C8|20260903|7,networks/S3/KDE/f3_W03_C8_s20260903_d07.csv
S3,3,W03_C8,KDE,7,0,2308157170,KDE|S3|main|3|W03_C8|7|0,networks/S3/KDE/f3_W03_C8_s7_d00.csv
S3,3,W03_C8,KDE,7,1,4271152740,KDE|S3|main|3|W03_C8|7|1,networks/S3/KDE/f3_W03_C8_s7_d01.csv
S3,3,W03_C8,KDE,7,2,1738395614,KDE|S3|main|3|W03_C8|7|2,networks/S3/KDE/f3_W03_C8_s7_d02.csv
S3,3,W03_C8,KDE,7,3,278593352,KDE|S3|main|3|W03_C8|7|3,networks/S3/KDE/f3_W03_C8_s7_d03.csv
S3,3,W03_C8,KDE,7,4,2399038187,KDE|S3|main|3|W03_C8|7|4,networks/S3/KDE/f3_W03_C8_s7_d04.csv
S3,3,W03_C8,KDE,7,5,4193868413,KDE|S3|main|3|W03_C8|7|5,networks/S3/KDE/f3_W03_C8_s7_d05.csv
S3,3,W03_C8,KDE,7,6,1626344391,KDE|S3|main|3|W03_C8|7|6,networks/S3/KDE/f3_W03_C8_s7_d06.csv
S3,3,W03_C8,KDE,7,7,402078545,KDE|S3|main|3|W03_C8|7|7,networks/S3/KDE/f3_W03_C8_s7_d07.csv
S3,3,W04_C7,EVAE,1337,0,1325633332,EVAE|S3|geobg|3|W04_C7|1337|0,networks/S3/EVAE/f3_W04_C7_s1337_d00.csv
S3,3,W04_C7,EVAE,1337,1,939835298,EVAE|S3|geobg|3|W04_C7|1337|1,networks/S3/EVAE/f3_W04_C7_s1337_d01.csv
S3,3,W04_C7,EVAE,1337,2,2702044696,EVAE|S3|geobg|3|W04_C7|1337|2,networks/S3/EVAE/f3_W04_C7_s1337_d02.csv
S3,3,W04_C7,EVAE,1337,3,3591036558,EVAE|S3|geobg|3|W04_C7|1337|3,networks/S3/EVAE/f3_W04_C7_s1337_d03.csv
S3,3,W04_C7,EVAE,1337,4,1215187757,EVAE|S3|geobg|3|W04_C7|1337|4,networks/S3/EVAE/f3_W04_C7_s1337_d04.csv
S3,3,W04_C7,EVAE,1337,5,1063877563,EVAE|S3|geobg|3|W04_C7|1337|5,networks/S3/EVAE/f3_W04_C7_s1337_d05.csv
S3,3,W04_C7,EVAE,1337,6,2791320065,EVAE|S3|geobg|3|W04_C7|1337|6,networks/S3/EVAE/f3_W04_C7_s1337_d06.csv
S3,3,W04_C7,EVAE,1337,7,3513195159,EVAE|S3|geobg|3|W04_C7|1337|7,networks/S3/EVAE/f3_W04_C7_s1337_d07.csv
S3,3,W04_C7,EVAE,20260903,0,3348259361,EVAE|S3|geobg|3|W04_C7|20260903|0,networks/S3/EVAE/f3_W04_C7_s20260903_d00.csv
S3,3,W04_C7,EVAE,20260903,1,2962576055,EVAE|S3|geobg|3|W04_C7|20260903|1,networks/S3/EVAE/f3_W04_C7_s20260903_d01.csv
S3,3,W04_C7,EVAE,20260903,2,698090253,EVAE|S3|geobg|3|W04_C7|20260903|2,networks/S3/EVAE/f3_W04_C7_s20260903_d02.csv
S3,3,W04_C7,EVAE,20260903,3,1587229595,EVAE|S3|geobg|3|W04_C7|20260903|3,networks/S3/EVAE/f3_W04_C7_s20260903_d03.csv
S3,3,W04_C7,EVAE,20260903,4,3237979704,EVAE|S3|geobg|3|W04_C7|20260903|4,networks/S3/EVAE/f3_W04_C7_s20260903_d04.csv
S3,3,W04_C7,EVAE,20260903,5,3086522030,EVAE|S3|geobg|3|W04_C7|20260903|5,networks/S3/EVAE/f3_W04_C7_s20260903_d05.csv
S3,3,W04_C7,EVAE,20260903,6,787597076,EVAE|S3|geobg|3|W04_C7|20260903|6,networks/S3/EVAE/f3_W04_C7_s20260903_d06.csv
S3,3,W04_C7,EVAE,20260903,7,1509357442,EVAE|S3|geobg|3|W04_C7|20260903|7,networks/S3/EVAE/f3_W04_C7_s20260903_d07.csv
S3,3,W04_C7,EVAE,7,0,215329956,EVAE|S3|geobg|3|W04_C7|7|0,networks/S3/EVAE/f3_W04_C7_s7_d00.csv
S3,3,W04_C7,EVAE,7,1,2077400114,EVAE|S3|geobg|3|W04_C7|7|1,networks/S3/EVAE/f3_W04_C7_s7_d01.csv
S3,3,W04_C7,EVAE,7,2,3806055816,EVAE|S3|geobg|3|W04_C7|7|2,networks/S3/EVAE/f3_W04_C7_s7_d02.csv
S3,3,W04_C7,EVAE,7,3,2514287902,EVAE|S3|geobg|3|W04_C7|7|3,networks/S3/EVAE/f3_W04_C7_s7_d03.csv
S3,3,W04_C7,EVAE,7,4,196634813,EVAE|S3|geobg|3|W04_C7|7|4,networks/S3/EVAE/f3_W04_C7_s7_d04.csv
S3,3,W04_C7,EVAE,7,5,2092914731,EVAE|S3|geobg|3|W04_C7|7|5,networks/S3/EVAE/f3_W04_C7_s7_d05.csv
S3,3,W04_C7,EVAE,7,6,3853912465,EVAE|S3|geobg|3|W04_C7|7|6,networks/S3/EVAE/f3_W04_C7_s7_d06.csv
S3,3,W04_C7,EVAE,7,7,2461088007,EVAE|S3|geobg|3|W04_C7|7|7,networks/S3/EVAE/f3_W04_C7_s7_d07.csv
S3,3,W04_C7,ADFNE,1337,0,2562482100,ADFNE|S3|main|3|W04_C7|1337|0,networks/S3/ADFNE/f3_W04_C7_s1337_d00.csv
S3,3,W04_C7,ADFNE,1337,1,4022038306,ADFNE|S3|main|3|W04_C7|1337|1,networks/S3/ADFNE/f3_W04_C7_s1337_d01.csv
S3,3,W04_C7,ADFNE,1337,2,1991392920,ADFNE|S3|main|3|W04_C7|1337|2,networks/S3/ADFNE/f3_W04_C7_s1337_d02.csv
S3,3,W04_C7,ADFNE,1337,3,28642830,ADFNE|S3|main|3|W04_C7|1337|3,networks/S3/ADFNE/f3_W04_C7_s1337_d03.csv
S3,3,W04_C7,ADFNE,1337,4,2681314221,ADFNE|S3|main|3|W04_C7|1337|4,networks/S3/ADFNE/f3_W04_C7_s1337_d04.csv
S3,3,W04_C7,ADFNE,1337,5,3906382651,ADFNE|S3|main|3|W04_C7|1337|5,networks/S3/ADFNE/f3_W04_C7_s1337_d05.csv
S3,3,W04_C7,ADFNE,1337,6,1910504065,ADFNE|S3|main|3|W04_C7|1337|6,networks/S3/ADFNE/f3_W04_C7_s1337_d06.csv
S3,3,W04_C7,ADFNE,1337,7,114870807,ADFNE|S3|main|3|W04_C7|1337|7,networks/S3/ADFNE/f3_W04_C7_s1337_d07.csv
S3,3,W04_C7,ADFNE,20260903,0,3702002730,ADFNE|S3|main|3|W04_C7|20260903|0,networks/S3/ADFNE/f3_W04_C7_s20260903_d00.csv
S3,3,W04_C7,ADFNE,20260903,1,2880382140,ADFNE|S3|main|3|W04_C7|20260903|1,networks/S3/ADFNE/f3_W04_C7_s20260903_d01.csv
S3,3,W04_C7,ADFNE,20260903,2,849769734,ADFNE|S3|main|3|W04_C7|20260903|2,networks/S3/ADFNE/f3_W04_C7_s20260903_d02.csv
S3,3,W04_C7,ADFNE,20260903,3,1168197008,ADFNE|S3|main|3|W04_C7|20260903|3,networks/S3/ADFNE/f3_W04_C7_s20260903_d03.csv
S3,3,W04_C7,ADFNE,20260903,4,3687174195,ADFNE|S3|main|3|W04_C7|20260903|4,networks/S3/ADFNE/f3_W04_C7_s20260903_d04.csv
S3,3,W04_C7,ADFNE,20260903,5,2898452645,ADFNE|S3|main|3|W04_C7|20260903|5,networks/S3/ADFNE/f3_W04_C7_s20260903_d05.csv
S3,3,W04_C7,ADFNE,20260903,6,902541599,ADFNE|S3|main|3|W04_C7|20260903|6,networks/S3/ADFNE/f3_W04_C7_s20260903_d06.csv
S3,3,W04_C7,ADFNE,20260903,7,1120698761,ADFNE|S3|main|3|W04_C7|20260903|7,networks/S3/ADFNE/f3_W04_C7_s20260903_d07.csv
S3,3,W04_C7,ADFNE,7,0,3111977879,ADFNE|S3|main|3|W04_C7|7|0,networks/S3/ADFNE/f3_W04_C7_s7_d00.csv
S3,3,W04_C7,ADFNE,7,1,3464114945,ADFNE|S3|main|3|W04_C7|7|1,networks/S3/ADFNE/f3_W04_C7_s7_d01.csv
S3,3,W04_C7,ADFNE,7,2,1467179707,ADFNE|S3|main|3|W04_C7|7|2,networks/S3/ADFNE/f3_W04_C7_s7_d02.csv
S3,3,W04_C7,ADFNE,7,3,544494125,ADFNE|S3|main|3|W04_C7|7|3,networks/S3/ADFNE/f3_W04_C7_s7_d03.csv
S3,3,W04_C7,ADFNE,7,4,3188770702,ADFNE|S3|main|3|W04_C7|7|4,networks/S3/ADFNE/f3_W04_C7_s7_d04.csv
S3,3,W04_C7,ADFNE,7,5,3373791000,ADFNE|S3|main|3|W04_C7|7|5,networks/S3/ADFNE/f3_W04_C7_s7_d05.csv
S3,3,W04_C7,ADFNE,7,6,1344186018,ADFNE|S3|main|3|W04_C7|7|6,networks/S3/ADFNE/f3_W04_C7_s7_d06.csv
S3,3,W04_C7,ADFNE,7,7,655988276,ADFNE|S3|main|3|W04_C7|7|7,networks/S3/ADFNE/f3_W04_C7_s7_d07.csv
S3,3,W04_C7,KDE,1337,0,2057329851,KDE|S3|main|3|W04_C7|1337|0,networks/S3/KDE/f3_W04_C7_s1337_d00.csv
S3,3,W04_C7,KDE,1337,1,229076013,KDE|S3|main|3|W04_C7|1337|1,networks/S3/KDE/f3_W04_C7_s1337_d01.csv
S3,3,W04_C7,KDE,1337,2,2494446999,KDE|S3|main|3|W04_C7|1337|2,networks/S3/KDE/f3_W04_C7_s1337_d02.csv
S3,3,W04_C7,KDE,1337,3,3819506945,KDE|S3|main|3|W04_C7|1337|3,networks/S3/KDE/f3_W04_C7_s1337_d03.csv
S3,3,W04_C7,KDE,1337,4,2110625954,KDE|S3|main|3|W04_C7|1337|4,networks/S3/KDE/f3_W04_C7_s1337_d04.csv
S3,3,W04_C7,KDE,1337,5,181053492,KDE|S3|main|3|W04_C7|1337|5,networks/S3/KDE/f3_W04_C7_s1337_d05.csv
S3,3,W04_C7,KDE,1337,6,2479094158,KDE|S3|main|3|W04_C7|1337|6,networks/S3/KDE/f3_W04_C7_s1337_d06.csv
S3,3,W04_C7,KDE,1337,7,3838101784,KDE|S3|main|3|W04_C7|1337|7,networks/S3/KDE/f3_W04_C7_s1337_d07.csv
S3,3,W04_C7,KDE,20260903,0,788423724,KDE|S3|main|3|W04_C7|20260903|0,networks/S3/KDE/f3_W04_C7_s20260903_d00.csv
S3,3,W04_C7,KDE,20260903,1,1509512378,KDE|S3|main|3|W04_C7|20260903|1,networks/S3/KDE/f3_W04_C7_s20260903_d01.csv
S3,3,W04_C7,KDE,20260903,2,3236955392,KDE|S3|main|3|W04_C7|20260903|2,networks/S3/KDE/f3_W04_C7_s20260903_d02.csv
S3,3,W04_C7,KDE,20260903,3,3086431638,KDE|S3|main|3|W04_C7|20260903|3,networks/S3/KDE/f3_W04_C7_s20260903_d03.csv
S3,3,W04_C7,KDE,20260903,4,697540661,KDE|S3|main|3|W04_C7|20260903|4,networks/S3/KDE/f3_W04_C7_s20260903_d04.csv
S3,3,W04_C7,KDE,20260903,5,1586794659,KDE|S3|main|3|W04_C7|20260903|5,networks/S3/KDE/f3_W04_C7_s20260903_d05.csv
S3,3,W04_C7,KDE,20260903,6,3349004569,KDE|S3|main|3|W04_C7|20260903|6,networks/S3/KDE/f3_W04_C7_s20260903_d06.csv
S3,3,W04_C7,KDE,20260903,7,2962944399,KDE|S3|main|3|W04_C7|20260903|7,networks/S3/KDE/f3_W04_C7_s20260903_d07.csv
S3,3,W04_C7,KDE,7,0,17182778,KDE|S3|main|3|W04_C7|7|0,networks/S3/KDE/f3_W04_C7_s7_d00.csv
S3,3,W04_C7,KDE,7,1,1979777196,KDE|S3|main|3|W04_C7|7|1,networks/S3/KDE/f3_W04_C7_s7_d01.csv
S3,3,W04_C7,KDE,7,2,4010299670,KDE|S3|main|3|W04_C7|7|2,networks/S3/KDE/f3_W04_C7_s7_d02.csv
S3,3,W04_C7,KDE,7,3,2551144832,KDE|S3|main|3|W04_C7|7|3,networks/S3/KDE/f3_W04_C7_s7_d03.csv
S3,3,W04_C7,KDE,7,4,107738147,KDE|S3|main|3|W04_C7|7|4,networks/S3/KDE/f3_W04_C7_s7_d04.csv
S3,3,W04_C7,KDE,7,5,1902953653,KDE|S3|main|3|W04_C7|7|5,networks/S3/KDE/f3_W04_C7_s7_d05.csv
S3,3,W04_C7,KDE,7,6,3898971407,KDE|S3|main|3|W04_C7|7|6,networks/S3/KDE/f3_W04_C7_s7_d06.csv
S3,3,W04_C7,KDE,7,7,2674042265,KDE|S3|main|3|W04_C7|7|7,networks/S3/KDE/f3_W04_C7_s7_d07.csv
S3,3,W04_C8,EVAE,1337,0,2518916504,EVAE|S3|geobg|3|W04_C8|1337|0,networks/S3/EVAE/f3_W04_C8_s1337_d00.csv
S3,3,W04_C8,EVAE,1337,1,3777277198,EVAE|S3|geobg|3|W04_C8|1337|1,networks/S3/EVAE/f3_W04_C8_s1337_d01.csv
S3,3,W04_C8,EVAE,1337,2,2016279732,EVAE|S3|geobg|3|W04_C8|1337|2,networks/S3/EVAE/f3_W04_C8_s1337_d02.csv
S3,3,W04_C8,EVAE,1337,3,254463010,EVAE|S3|geobg|3|W04_C8|1337|3,networks/S3/EVAE/f3_W04_C8_s1337_d03.csv
S3,3,W04_C8,EVAE,1337,4,2437831041,EVAE|S3|geobg|3|W04_C8|1337|4,networks/S3/EVAE/f3_W04_C8_s1337_d04.csv
S3,3,W04_C8,EVAE,1337,5,3863570711,EVAE|S3|geobg|3|W04_C8|1337|5,networks/S3/EVAE/f3_W04_C8_s1337_d05.csv
S3,3,W04_C8,EVAE,1337,6,2134915245,EVAE|S3|geobg|3|W04_C8|1337|6,networks/S3/EVAE/f3_W04_C8_s1337_d06.csv
S3,3,W04_C8,EVAE,1337,7,138872891,EVAE|S3|geobg|3|W04_C8|1337|7,networks/S3/EVAE/f3_W04_C8_s1337_d07.csv
S3,3,W04_C8,EVAE,20260903,0,3037134160,EVAE|S3|geobg|3|W04_C8|20260903|0,networks/S3/EVAE/f3_W04_C8_s20260903_d00.csv
S3,3,W04_C8,EVAE,20260903,1,3254898118,EVAE|S3|geobg|3|W04_C8|20260903|1,networks/S3/EVAE/f3_W04_C8_s20260903_d01.csv
S3,3,W04_C8,EVAE,20260903,2,1527291004,EVAE|S3|geobg|3|W04_C8|20260903|2,networks/S3/EVAE/f3_W04_C8_s20260903_d02.csv
S3,3,W04_C8,EVAE,20260903,3,739224810,EVAE|S3|geobg|3|W04_C8|20260903|3,networks/S3/EVAE/f3_W04_C8_s20260903_d03.csv
S3,3,W04_C8,EVAE,20260903,4,2993371465,EVAE|S3|geobg|3|W04_C8|20260903|4,networks/S3/EVAE/f3_W04_C8_s20260903_d04.csv
S3,3,W04_C8,EVAE,20260903,5,3312191967,EVAE|S3|geobg|3|W04_C8|20260903|5,networks/S3/EVAE/f3_W04_C8_s20260903_d05.csv
S3,3,W04_C8,EVAE,20260903,6,1550145637,EVAE|S3|geobg|3|W04_C8|20260903|6,networks/S3/EVAE/f3_W04_C8_s20260903_d06.csv
S3,3,W04_C8,EVAE,20260903,7,727869683,EVAE|S3|geobg|3|W04_C8|20260903|7,networks/S3/EVAE/f3_W04_C8_s20260903_d07.csv
S3,3,W04_C8,EVAE,7,0,2391096181,EVAE|S3|geobg|3|W04_C8|7|0,networks/S3/EVAE/f3_W04_C8_s7_d00.csv
S3,3,W04_C8,EVAE,7,1,4186049507,EVAE|S3|geobg|3|W04_C8|7|1,networks/S3/EVAE/f3_W04_C8_s7_d01.csv
S3,3,W04_C8,EVAE,7,2,1619745369,EVAE|S3|geobg|3|W04_C8|7|2,networks/S3/EVAE/f3_W04_C8_s7_d02.csv
S3,3,W04_C8,EVAE,7,3,395078351,EVAE|S3|geobg|3|W04_C8|7|3,networks/S3/EVAE/f3_W04_C8_s7_d03.csv
S3,3,W04_C8,EVAE,7,4,2313748332,EVAE|S3|geobg|3|W04_C8|7|4,networks/S3/EVAE/f3_W04_C8_s7_d04.csv
S3,3,W04_C8,EVAE,7,5,4277129210,EVAE|S3|geobg|3|W04_C8|7|5,networks/S3/EVAE/f3_W04_C8_s7_d05.csv
S3,3,W04_C8,EVAE,7,6,1743167040,EVAE|S3|geobg|3|W04_C8|7|6,networks/S3/EVAE/f3_W04_C8_s7_d06.csv
S3,3,W04_C8,EVAE,7,7,283225814,EVAE|S3|geobg|3|W04_C8|7|7,networks/S3/EVAE/f3_W04_C8_s7_d07.csv
S3,3,W04_C8,ADFNE,1337,0,1100762392,ADFNE|S3|main|3|W04_C8|1337|0,networks/S3/ADFNE/f3_W04_C8_s1337_d00.csv
S3,3,W04_C8,ADFNE,1337,1,916159886,ADFNE|S3|main|3|W04_C8|1337|1,networks/S3/ADFNE/f3_W04_C8_s1337_d01.csv
S3,3,W04_C8,ADFNE,1337,2,2945592372,ADFNE|S3|main|3|W04_C8|1337|2,networks/S3/ADFNE/f3_W04_C8_s1337_d02.csv
S3,3,W04_C8,ADFNE,1337,3,3633650850,ADFNE|S3|main|3|W04_C8|1337|3,networks/S3/ADFNE/f3_W04_C8_s1337_d03.csv
S3,3,W04_C8,ADFNE,1337,4,1190234369,ADFNE|S3|main|3|W04_C8|1337|4,networks/S3/ADFNE/f3_W04_C8_s1337_d04.csv
S3,3,W04_C8,ADFNE,1337,5,838252951,ADFNE|S3|main|3|W04_C8|1337|5,networks/S3/ADFNE/f3_W04_C8_s1337_d05.csv
S3,3,W04_C8,ADFNE,1337,6,2835343405,ADFNE|S3|main|3|W04_C8|1337|6,networks/S3/ADFNE/f3_W04_C8_s1337_d06.csv
S3,3,W04_C8,ADFNE,1337,7,3757627579,ADFNE|S3|main|3|W04_C8|1337|7,networks/S3/ADFNE/f3_W04_C8_s1337_d07.csv
S3,3,W04_C8,ADFNE,20260903,0,2923203419,ADFNE|S3|main|3|W04_C8|20260903|0,networks/S3/ADFNE/f3_W04_C8_s20260903_d00.csv
S3,3,W04_C8,ADFNE,20260903,1,3644570573,ADFNE|S3|main|3|W04_C8|20260903|1,networks/S3/ADFNE/f3_W04_C8_s20260903_d01.csv
S3,3,W04_C8,ADFNE,20260903,2,1077078647,ADFNE|S3|main|3|W04_C8|20260903|2,networks/S3/ADFNE/f3_W04_C8_s20260903_d02.csv
S3,3,W04_C8,ADFNE,20260903,3,926276321,ADFNE|S3|main|3|W04_C8|20260903|3,networks/S3/ADFNE/f3_W04_C8_s20260903_d03.csv
S3,3,W04_C8,ADFNE,20260903,4,2840678210,ADFNE|S3|main|3|W04_C8|20260903|4,networks/S3/ADFNE/f3_W04_C8_s20260903_d04.csv
S3,3,W04_C8,ADFNE,20260903,5,3730210772,ADFNE|S3|main|3|W04_C8|20260903|5,networks/S3/ADFNE/f3_W04_C8_s20260903_d05.csv
S3,3,W04_C8,ADFNE,20260903,6,1197420142,ADFNE|S3|main|3|W04_C8|20260903|6,networks/S3/ADFNE/f3_W04_C8_s20260903_d06.csv
S3,3,W04_C8,ADFNE,20260903,7,811081464,ADFNE|S3|main|3|W04_C8|20260903|7,networks/S3/ADFNE/f3_W04_C8_s20260903_d07.csv
S3,3,W04_C8,ADFNE,7,0,992842822,ADFNE|S3|main|3|W04_C8|7|0,networks/S3/ADFNE/f3_W04_C8_s7_d00.csv
S3,3,W04_C8,ADFNE,7,1,1277863120,ADFNE|S3|main|3|W04_C8|7|1,networks/S3/ADFNE/f3_W04_C8_s7_d01.csv
S3,3,W04_C8,ADFNE,7,2,3575903594,ADFNE|S3|main|3|W04_C8|7|2,networks/S3/ADFNE/f3_W04_C8_s7_d02.csv
S3,3,W04_C8,ADFNE,7,3,2720318972,ADFNE|S3|main|3|W04_C8|7|3,networks/S3/ADFNE/f3_W04_C8_s7_d03.csv
S3,3,W04_C8,ADFNE,7,4,1010847839,ADFNE|S3|main|3|W04_C8|7|4,networks/S3/ADFNE/f3_W04_C8_s7_d04.csv
S3,3,W04_C8,ADFNE,7,5,1262969033,ADFNE|S3|main|3|W04_C8|7|5,networks/S3/ADFNE/f3_W04_C8_s7_d05.csv
S3,3,W04_C8,ADFNE,7,6,3528339827,ADFNE|S3|main|3|W04_C8|7|6,networks/S3/ADFNE/f3_W04_C8_s7_d06.csv
S3,3,W04_C8,ADFNE,7,7,2773025253,ADFNE|S3|main|3|W04_C8|7|7,networks/S3/ADFNE/f3_W04_C8_s7_d07.csv
S3,3,W04_C8,KDE,1337,0,2743094807,KDE|S3|main|3|W04_C8|1337|0,networks/S3/KDE/f3_W04_C8_s1337_d00.csv
S3,3,W04_C8,KDE,1337,1,3565649537,KDE|S3|main|3|W04_C8|1337|1,networks/S3/KDE/f3_W04_C8_s1337_d01.csv
S3,3,W04_C8,KDE,1337,2,1301163835,KDE|S3|main|3|W04_C8|1337|2,networks/S3/KDE/f3_W04_C8_s1337_d02.csv
S3,3,W04_C8,KDE,1337,3,982065069,KDE|S3|main|3|W04_C8|1337|3,networks/S3/KDE/f3_W04_C8_s1337_d03.csv
S3,3,W04_C8,KDE,1337,4,2767030798,KDE|S3|main|3|W04_C8|1337|4,networks/S3/KDE/f3_W04_C8_s1337_d04.csv
S3,3,W04_C8,KDE,1337,5,3555375768,KDE|S3|main|3|W04_C8|1337|5,networks/S3/KDE/f3_W04_C8_s1337_d05.csv
S3,3,W04_C8,KDE,1337,6,1256450850,KDE|S3|main|3|W04_C8|1337|6,networks/S3/KDE/f3_W04_C8_s1337_d06.csv
S3,3,W04_C8,KDE,1337,7,1038408628,KDE|S3|main|3|W04_C8|1337|7,networks/S3/KDE/f3_W04_C8_s1337_d07.csv
S3,3,W04_C8,KDE,20260903,0,1550515037,KDE|S3|main|3|W04_C8|20260903|0,networks/S3/KDE/f3_W04_C8_s20260903_d00.csv
S3,3,W04_C8,KDE,20260903,1,728615883,KDE|S3|main|3|W04_C8|20260903|1,networks/S3/KDE/f3_W04_C8_s20260903_d01.csv
S3,3,W04_C8,KDE,20260903,2,2992937585,KDE|S3|main|3|W04_C8|20260903|2,networks/S3/KDE/f3_W04_C8_s20260903_d02.csv
S3,3,W04_C8,KDE,20260903,3,3311643367,KDE|S3|main|3|W04_C8|20260903|3,networks/S3/KDE/f3_W04_C8_s20260903_d03.csv
S3,3,W04_C8,KDE,20260903,4,1527201604,KDE|S3|main|3|W04_C8|20260903|4,networks/S3/KDE/f3_W04_C8_s20260903_d04.csv
S3,3,W04_C8,KDE,20260903,5,738201554,KDE|S3|main|3|W04_C8|20260903|5,networks/S3/KDE/f3_W04_C8_s20260903_d05.csv
S3,3,W04_C8,KDE,20260903,6,3037290088,KDE|S3|main|3|W04_C8|20260903|6,networks/S3/KDE/f3_W04_C8_s20260903_d06.csv
S3,3,W04_C8,KDE,20260903,7,3255725822,KDE|S3|main|3|W04_C8|20260903|7,networks/S3/KDE/f3_W04_C8_s20260903_d07.csv
S3,3,W04_C8,KDE,7,0,2203494379,KDE|S3|main|3|W04_C8|7|0,networks/S3/KDE/f3_W04_C8_s7_d00.csv
S3,3,W04_C8,KDE,7,1,4098987901,KDE|S3|main|3|W04_C8|7|1,networks/S3/KDE/f3_W04_C8_s7_d01.csv
S3,3,W04_C8,KDE,7,2,1834534599,KDE|S3|main|3|W04_C8|7|2,networks/S3/KDE/f3_W04_C8_s7_d02.csv
S3,3,W04_C8,KDE,7,3,442496593,KDE|S3|main|3|W04_C8|7|3,networks/S3/KDE/f3_W04_C8_s7_d03.csv
S3,3,W04_C8,KDE,7,4,2218484722,KDE|S3|main|3|W04_C8|7|4,networks/S3/KDE/f3_W04_C8_s7_d04.csv
S3,3,W04_C8,KDE,7,5,4080816996,KDE|S3|main|3|W04_C8|7|5,networks/S3/KDE/f3_W04_C8_s7_d05.csv
S3,3,W04_C8,KDE,7,6,1781859038,KDE|S3|main|3|W04_C8|7|6,networks/S3/KDE/f3_W04_C8_s7_d06.csv
S3,3,W04_C8,KDE,7,7,489828936,KDE|S3|main|3|W04_C8|7|7,networks/S3/KDE/f3_W04_C8_s7_d07.csv
S3,3,W05_C7,EVAE,1337,0,2391625972,EVAE|S3|geobg|3|W05_C7|1337|0,networks/S3/EVAE/f3_W05_C7_s1337_d00.csv
S3,3,W05_C7,EVAE,1337,1,4186595426,EVAE|S3|geobg|3|W05_C7|1337|1,networks/S3/EVAE/f3_W05_C7_s1337_d01.csv
S3,3,W05_C7,EVAE,1337,2,1619210712,EVAE|S3|geobg|3|W05_C7|1337|2,networks/S3/EVAE/f3_W05_C7_s1337_d02.csv
S3,3,W05_C7,EVAE,1337,3,394527054,EVAE|S3|geobg|3|W05_C7|1337|3,networks/S3/EVAE/f3_W05_C7_s1337_d03.csv
S3,3,W05_C7,EVAE,1337,4,2313196781,EVAE|S3|geobg|3|W05_C7|1337|4,networks/S3/EVAE/f3_W05_C7_s1337_d04.csv
S3,3,W05_C7,EVAE,1337,5,4276593787,EVAE|S3|geobg|3|W05_C7|1337|5,networks/S3/EVAE/f3_W05_C7_s1337_d05.csv
S3,3,W05_C7,EVAE,1337,6,1743713729,EVAE|S3|geobg|3|W05_C7|1337|6,networks/S3/EVAE/f3_W05_C7_s1337_d06.csv
S3,3,W05_C7,EVAE,1337,7,283755863,EVAE|S3|geobg|3|W05_C7|1337|7,networks/S3/EVAE/f3_W05_C7_s1337_d07.csv
S3,3,W05_C7,EVAE,20260903,0,2120858057,EVAE|S3|geobg|3|W05_C7|20260903|0,networks/S3/EVAE/f3_W05_C7_s20260903_d00.csv
S3,3,W05_C7,EVAE,20260903,1,158239071,EVAE|S3|geobg|3|W05_C7|20260903|1,networks/S3/EVAE/f3_W05_C7_s20260903_d01.csv
S3,3,W05_C7,EVAE,20260903,2,2422724837,EVAE|S3|geobg|3|W05_C7|20260903|2,networks/S3/EVAE/f3_W05_C7_s20260903_d02.csv
S3,3,W05_C7,EVAE,20260903,3,3881887859,EVAE|S3|geobg|3|W05_C7|20260903|3,networks/S3/EVAE/f3_W05_C7_s20260903_d03.csv
S3,3,W05_C7,EVAE,20260903,4,2030337488,EVAE|S3|geobg|3|W05_C7|20260903|4,networks/S3/EVAE/f3_W05_C7_s20260903_d04.csv
S3,3,W05_C7,EVAE,20260903,5,235097414,EVAE|S3|geobg|3|W05_C7|20260903|5,networks/S3/EVAE/f3_W05_C7_s20260903_d05.csv
S3,3,W05_C7,EVAE,20260903,6,2534022396,EVAE|S3|geobg|3|W05_C7|20260903|6,networks/S3/EVAE/f3_W05_C7_s20260903_d06.csv
S3,3,W05_C7,EVAE,20260903,7,3758959722,EVAE|S3|geobg|3|W05_C7|20260903|7,networks/S3/EVAE/f3_W05_C7_s20260903_d07.csv
S3,3,W05_C7,EVAE,7,0,3229592634,EVAE|S3|geobg|3|W05_C7|7|0,networks/S3/EVAE/f3_W05_C7_s7_d00.csv
S3,3,W05_C7,EVAE,7,1,3078134956,EVAE|S3|geobg|3|W05_C7|7|1,networks/S3/EVAE/f3_W05_C7_s7_d01.csv
S3,3,W05_C7,EVAE,7,2,779210006,EVAE|S3|geobg|3|W05_C7|7|2,networks/S3/EVAE/f3_W05_C7_s7_d02.csv
S3,3,W05_C7,EVAE,7,3,1500970368,EVAE|S3|geobg|3|W05_C7|7|3,networks/S3/EVAE/f3_W05_C7_s7_d03.csv
S3,3,W05_C7,EVAE,7,4,3339872291,EVAE|S3|geobg|3|W05_C7|7|4,networks/S3/EVAE/f3_W05_C7_s7_d04.csv
S3,3,W05_C7,EVAE,7,5,2954188981,EVAE|S3|geobg|3|W05_C7|7|5,networks/S3/EVAE/f3_W05_C7_s7_d05.csv
S3,3,W05_C7,EVAE,7,6,689703183,EVAE|S3|geobg|3|W05_C7|7|6,networks/S3/EVAE/f3_W05_C7_s7_d06.csv
S3,3,W05_C7,EVAE,7,7,1578842521,EVAE|S3|geobg|3|W05_C7|7|7,networks/S3/EVAE/f3_W05_C7_s7_d07.csv
S3,3,W05_C7,ADFNE,1337,0,1496481908,ADFNE|S3|main|3|W05_C7|1337|0,networks/S3/ADFNE/f3_W05_C7_s1337_d00.csv
S3,3,W05_C7,ADFNE,1337,1,775270626,ADFNE|S3|main|3|W05_C7|1337|1,networks/S3/ADFNE/f3_W05_C7_s1337_d01.csv
S3,3,W05_C7,ADFNE,1337,2,3074220376,ADFNE|S3|main|3|W05_C7|1337|2,networks/S3/ADFNE/f3_W05_C7_s1337_d02.csv
S3,3,W05_C7,ADFNE,1337,3,3225145806,ADFNE|S3|main|3|W05_C7|1337|3,networks/S3/ADFNE/f3_W05_C7_s1337_d03.csv
S3,3,W05_C7,ADFNE,1337,4,1583301741,ADFNE|S3|main|3|W05_C7|1337|4,networks/S3/ADFNE/f3_W05_C7_s1337_d04.csv
S3,3,W05_C7,ADFNE,1337,5,693662971,ADFNE|S3|main|3|W05_C7|1337|5,networks/S3/ADFNE/f3_W05_C7_s1337_d05.csv
S3,3,W05_C7,ADFNE,1337,6,2958107969,ADFNE|S3|main|3|W05_C7|1337|6,networks/S3/ADFNE/f3_W05_C7_s1337_d06.csv
S3,3,W05_C7,ADFNE,1337,7,3344307671,ADFNE|S3|main|3|W05_C7|1337|7,networks/S3/ADFNE/f3_W05_C7_s1337_d07.csv
S3,3,W05_C7,ADFNE,20260903,0,1699991490,ADFNE|S3|main|3|W05_C7|20260903|0,networks/S3/ADFNE/f3_W05_C7_s20260903_d00.csv
S3,3,W05_C7,ADFNE,20260903,1,307560276,ADFNE|S3|main|3|W05_C7|20260903|1,networks/S3/ADFNE/f3_W05_C7_s20260903_d01.csv
S3,3,W05_C7,ADFNE,20260903,2,2338172654,ADFNE|S3|main|3|W05_C7|20260903|2,networks/S3/ADFNE/f3_W05_C7_s20260903_d02.csv
S3,3,W05_C7,ADFNE,20260903,3,4233797240,ADFNE|S3|main|3|W05_C7|20260903|3,networks/S3/ADFNE/f3_W05_C7_s20260903_d03.csv
S3,3,W05_C7,ADFNE,20260903,4,1648233435,ADFNE|S3|main|3|W05_C7|20260903|4,networks/S3/ADFNE/f3_W05_C7_s20260903_d04.csv
S3,3,W05_C7,ADFNE,20260903,5,356072269,ADFNE|S3|main|3|W05_C7|20260903|5,networks/S3/ADFNE/f3_W05_C7_s20260903_d05.csv
S3,3,W05_C7,ADFNE,20260903,6,2351983351,ADFNE|S3|main|3|W05_C7|20260903|6,networks/S3/ADFNE/f3_W05_C7_s20260903_d06.csv
S3,3,W05_C7,ADFNE,20260903,7,4214708833,ADFNE|S3|main|3|W05_C7|20260903|7,networks/S3/ADFNE/f3_W05_C7_s20260903_d07.csv
S3,3,W05_C7,ADFNE,7,0,1977025289,ADFNE|S3|main|3|W05_C7|7|0,networks/S3/ADFNE/f3_W05_C7_s7_d00.csv
S3,3,W05_C7,ADFNE,7,1,47199135,ADFNE|S3|main|3|W05_C7|7|1,networks/S3/ADFNE/f3_W05_C7_s7_d01.csv
S3,3,W05_C7,ADFNE,7,2,2614714917,ADFNE|S3|main|3|W05_C7|7|2,networks/S3/ADFNE/f3_W05_C7_s7_d02.csv
S3,3,W05_C7,ADFNE,7,3,3973993139,ADFNE|S3|main|3|W05_C7|7|3,networks/S3/ADFNE/f3_W05_C7_s7_d03.csv
S3,3,W05_C7,ADFNE,7,4,1924843280,ADFNE|S3|main|3|W05_C7|7|4,networks/S3/ADFNE/f3_W05_C7_s7_d04.csv
S3,3,W05_C7,ADFNE,7,5,96335750,ADFNE|S3|main|3|W05_C7|7|5,networks/S3/ADFNE/f3_W05_C7_s7_d05.csv
S3,3,W05_C7,ADFNE,7,6,2629084732,ADFNE|S3|main|3|W05_C7|7|6,networks/S3/ADFNE/f3_W05_C7_s7_d06.csv
S3,3,W05_C7,ADFNE,7,7,3954415274,ADFNE|S3|main|3|W05_C7|7|7,networks/S3/ADFNE/f3_W05_C7_s7_d07.csv
S3,3,W05_C7,KDE,1337,0,3140387707,KDE|S3|main|3|W05_C7|1337|0,networks/S3/KDE/f3_W05_C7_s1337_d00.csv
S3,3,W05_C7,KDE,1337,1,3425285101,KDE|S3|main|3|W05_C7|1337|1,networks/S3/KDE/f3_W05_C7_s1337_d01.csv
S3,3,W05_C7,KDE,1337,2,1428218455,KDE|S3|main|3|W05_C7|1337|2,networks/S3/KDE/f3_W05_C7_s1337_d02.csv
S3,3,W05_C7,KDE,1337,3,573035201,KDE|S3|main|3|W05_C7|1337|3,networks/S3/KDE/f3_W05_C7_s1337_d03.csv
S3,3,W05_C7,KDE,1337,4,3158525794,KDE|S3|main|3|W05_C7|1337|4,networks/S3/KDE/f3_W05_C7_s1337_d04.csv
S3,3,W05_C7,KDE,1337,5,3410262004,KDE|S3|main|3|W05_C7|1337|5,networks/S3/KDE/f3_W05_C7_s1337_d05.csv
S3,3,W05_C7,KDE,1337,6,1380787790,KDE|S3|main|3|W05_C7|1337|6,networks/S3/KDE/f3_W05_C7_s1337_d06.csv
S3,3,W05_C7,KDE,1337,7,625612504,KDE|S3|main|3|W05_C7|1337|7,networks/S3/KDE/f3_W05_C7_s1337_d07.csv
S3,3,W05_C7,KDE,20260903,0,2533736388,KDE|S3|main|3|W05_C7|20260903|0,networks/S3/KDE/f3_W05_C7_s20260903_d00.csv
S3,3,W05_C7,KDE,20260903,1,3758264146,KDE|S3|main|3|W05_C7|20260903|1,networks/S3/KDE/f3_W05_C7_s20260903_d01.csv
S3,3,W05_C7,KDE,20260903,2,2030821096,KDE|S3|main|3|W05_C7|20260903|2,networks/S3/KDE/f3_W05_C7_s20260903_d02.csv
S3,3,W05_C7,KDE,20260903,3,235728510,KDE|S3|main|3|W05_C7|20260903|3,networks/S3/KDE/f3_W05_C7_s20260903_d03.csv
S3,3,W05_C7,KDE,20260903,4,2422766557,KDE|S3|main|3|W05_C7|20260903|4,networks/S3/KDE/f3_W05_C7_s20260903_d04.csv
S3,3,W05_C7,KDE,20260903,5,3882830667,KDE|S3|main|3|W05_C7|20260903|5,networks/S3/KDE/f3_W05_C7_s20260903_d05.csv
S3,3,W05_C7,KDE,20260903,6,2120620785,KDE|S3|main|3|W05_C7|20260903|6,networks/S3/KDE/f3_W05_C7_s20260903_d06.csv
S3,3,W05_C7,KDE,20260903,7,157362791,KDE|S3|main|3|W05_C7|20260903|7,networks/S3/KDE/f3_W05_C7_s20260903_d07.csv
S3,3,W05_C7,KDE,7,0,3450613924,KDE|S3|main|3|W05_C7|7|0,networks/S3/KDE/f3_W05_C7_s7_d00.csv
S3,3,W05_C7,KDE,7,1,3131768882,KDE|S3|main|3|W05_C7|7|1,networks/S3/KDE/f3_W05_C7_s7_d01.csv
S3,3,W05_C7,KDE,7,2,597840264,KDE|S3|main|3|W05_C7|7|2,networks/S3/KDE/f3_W05_C7_s7_d02.csv
S3,3,W05_C7,KDE,7,3,1420124446,KDE|S3|main|3|W05_C7|7|3,networks/S3/KDE/f3_W05_C7_s7_d03.csv
S3,3,W05_C7,KDE,7,4,3401708733,KDE|S3|main|3|W05_C7|7|4,networks/S3/KDE/f3_W05_C7_s7_d04.csv
S3,3,W05_C7,KDE,7,5,3183920171,KDE|S3|main|3|W05_C7|7|5,networks/S3/KDE/f3_W05_C7_s7_d05.csv
S3,3,W05_C7,KDE,7,6,617584017,KDE|S3|main|3|W05_C7|7|6,networks/S3/KDE/f3_W05_C7_s7_d06.csv
S3,3,W05_C7,KDE,7,7,1405658375,KDE|S3|main|3|W05_C7|7|7,networks/S3/KDE/f3_W05_C7_s7_d07.csv
S3,3,W05_C8,EVAE,1337,0,1470972504,EVAE|S3|geobg|3|W05_C8|1337|0,networks/S3/EVAE/f3_W05_C8_s1337_d00.csv
S3,3,W05_C8,EVAE,1337,1,548041422,EVAE|S3|geobg|3|W05_C8|1337|1,networks/S3/EVAE/f3_W05_C8_s1337_d01.csv
S3,3,W05_C8,EVAE,1337,2,3114476404,EVAE|S3|geobg|3|W05_C8|1337|2,networks/S3/EVAE/f3_W05_C8_s1337_d02.csv
S3,3,W05_C8,EVAE,1337,3,3466859490,EVAE|S3|geobg|3|W05_C8|1337|3,networks/S3/EVAE/f3_W05_C8_s1337_d03.csv
S3,3,W05_C8,EVAE,1337,4,1354794561,EVAE|S3|geobg|3|W05_C8|1337|4,networks/S3/EVAE/f3_W05_C8_s1337_d04.csv
S3,3,W05_C8,EVAE,1337,5,667399895,EVAE|S3|geobg|3|W05_C8|1337|5,networks/S3/EVAE/f3_W05_C8_s1337_d05.csv
S3,3,W05_C8,EVAE,1337,6,3201230701,EVAE|S3|geobg|3|W05_C8|1337|6,networks/S3/EVAE/f3_W05_C8_s1337_d06.csv
S3,3,W05_C8,EVAE,1337,7,3385448443,EVAE|S3|geobg|3|W05_C8|1337|7,networks/S3/EVAE/f3_W05_C8_s1337_d07.csv
S3,3,W05_C8,EVAE,20260903,0,217917112,EVAE|S3|geobg|3|W05_C8|20260903|0,networks/S3/EVAE/f3_W05_C8_s20260903_d00.csv
S3,3,W05_C8,EVAE,20260903,1,2079987246,EVAE|S3|geobg|3|W05_C8|20260903|1,networks/S3/EVAE/f3_W05_C8_s20260903_d01.csv
S3,3,W05_C8,EVAE,20260903,2,3807594388,EVAE|S3|geobg|3|W05_C8|20260903|2,networks/S3/EVAE/f3_W05_C8_s20260903_d02.csv
S3,3,W05_C8,EVAE,20260903,3,2515826434,EVAE|S3|geobg|3|W05_C8|20260903|3,networks/S3/EVAE/f3_W05_C8_s20260903_d03.csv
S3,3,W05_C8,EVAE,20260903,4,194044577,EVAE|S3|geobg|3|W05_C8|20260903|4,networks/S3/EVAE/f3_W05_C8_s20260903_d04.csv
S3,3,W05_C8,EVAE,20260903,5,2090324535,EVAE|S3|geobg|3|W05_C8|20260903|5,networks/S3/EVAE/f3_W05_C8_s20260903_d05.csv
S3,3,W05_C8,EVAE,20260903,6,3852370829,EVAE|S3|geobg|3|W05_C8|20260903|6,networks/S3/EVAE/f3_W05_C8_s20260903_d06.csv
S3,3,W05_C8,EVAE,20260903,7,2459546395,EVAE|S3|geobg|3|W05_C8|20260903|7,networks/S3/EVAE/f3_W05_C8_s20260903_d07.csv
S3,3,W05_C8,EVAE,7,0,1110391787,EVAE|S3|geobg|3|W05_C8|7|0,networks/S3/EVAE/f3_W05_C8_s7_d00.csv
S3,3,W05_C8,EVAE,7,1,891816829,EVAE|S3|geobg|3|W05_C8|7|1,networks/S3/EVAE/f3_W05_C8_s7_d01.csv
S3,3,W05_C8,EVAE,7,2,2887867079,EVAE|S3|geobg|3|W05_C8|7|2,networks/S3/EVAE/f3_W05_C8_s7_d02.csv
S3,3,W05_C8,EVAE,7,3,3676727889,EVAE|S3|geobg|3|W05_C8|7|3,networks/S3/EVAE/f3_W05_C8_s7_d03.csv
S3,3,W05_C8,EVAE,7,4,1162018802,EVAE|S3|geobg|3|W05_C8|7|4,networks/S3/EVAE/f3_W05_C8_s7_d04.csv
S3,3,W05_C8,EVAE,7,5,843435876,EVAE|S3|geobg|3|W05_C8|7|5,networks/S3/EVAE/f3_W05_C8_s7_d05.csv
S3,3,W05_C8,EVAE,7,6,2873925342,EVAE|S3|geobg|3|W05_C8|7|6,networks/S3/EVAE/f3_W05_C8_s7_d06.csv
S3,3,W05_C8,EVAE,7,7,3695947336,EVAE|S3|geobg|3|W05_C8|7|7,networks/S3/EVAE/f3_W05_C8_s7_d07.csv
S3,3,W05_C8,ADFNE,1337,0,2148700888,ADFNE|S3|main|3|W05_C8|1337|0,networks/S3/ADFNE/f3_W05_C8_s1337_d00.csv
S3,3,W05_C8,ADFNE,1337,1,4145390158,ADFNE|S3|main|3|W05_C8|1337|1,networks/S3/ADFNE/f3_W05_C8_s1337_d01.csv
S3,3,W05_C8,ADFNE,1337,2,1847391220,ADFNE|S3|main|3|W05_C8|1337|2,networks/S3/ADFNE/f3_W05_C8_s1337_d02.csv
S3,3,W05_C8,ADFNE,1337,3,421249890,ADFNE|S3|main|3|W05_C8|1337|3,networks/S3/ADFNE/f3_W05_C8_s1337_d03.csv
S3,3,W05_C8,ADFNE,1337,4,2273269441,ADFNE|S3|main|3|W05_C8|1337|4,networks/S3/ADFNE/f3_W05_C8_s1337_d04.csv
S3,3,W05_C8,ADFNE,1337,5,4034422359,ADFNE|S3|main|3|W05_C8|1337|5,networks/S3/ADFNE/f3_W05_C8_s1337_d05.csv
S3,3,W05_C8,ADFNE,1337,6,1769027565,ADFNE|S3|main|3|W05_C8|1337|6,networks/S3/ADFNE/f3_W05_C8_s1337_d06.csv
S3,3,W05_C8,ADFNE,1337,7,511051643,ADFNE|S3|main|3|W05_C8|1337|7,networks/S3/ADFNE/f3_W05_C8_s1337_d07.csv
S3,3,W05_C8,ADFNE,20260903,0,398938291,ADFNE|S3|main|3|W05_C8|20260903|0,networks/S3/ADFNE/f3_W05_C8_s20260903_d00.csv
S3,3,W05_C8,ADFNE,20260903,1,1623220261,ADFNE|S3|main|3|W05_C8|20260903|1,networks/S3/ADFNE/f3_W05_C8_s20260903_d01.csv
S3,3,W05_C8,ADFNE,20260903,2,4190712223,ADFNE|S3|main|3|W05_C8|20260903|2,networks/S3/ADFNE/f3_W05_C8_s20260903_d02.csv
S3,3,W05_C8,ADFNE,20260903,3,2395865353,ADFNE|S3|main|3|W05_C8|20260903|3,networks/S3/ADFNE/f3_W05_C8_s20260903_d03.csv
S3,3,W05_C8,ADFNE,20260903,4,279614634,ADFNE|S3|main|3|W05_C8|20260903|4,networks/S3/ADFNE/f3_W05_C8_s20260903_d04.csv
S3,3,W05_C8,ADFNE,20260903,5,1739433020,ADFNE|S3|main|3|W05_C8|20260903|5,networks/S3/ADFNE/f3_W05_C8_s20260903_d05.csv
S3,3,W05_C8,ADFNE,20260903,6,4272223622,ADFNE|S3|main|3|W05_C8|20260903|6,networks/S3/ADFNE/f3_W05_C8_s20260903_d06.csv
S3,3,W05_C8,ADFNE,20260903,7,2309211408,ADFNE|S3|main|3|W05_C8|20260903|7,networks/S3/ADFNE/f3_W05_C8_s20260903_d07.csv
S3,3,W05_C8,ADFNE,7,0,4152857816,ADFNE|S3|main|3|W05_C8|7|0,networks/S3/ADFNE/f3_W05_C8_s7_d00.csv
S3,3,W05_C8,ADFNE,7,1,2155914318,ADFNE|S3|main|3|W05_C8|7|1,networks/S3/ADFNE/f3_W05_C8_s7_d01.csv
S3,3,W05_C8,ADFNE,7,2,428471796,ADFNE|S3|main|3|W05_C8|7|2,networks/S3/ADFNE/f3_W05_C8_s7_d02.csv
S3,3,W05_C8,ADFNE,7,3,1854850402,ADFNE|S3|main|3|W05_C8|7|3,networks/S3/ADFNE/f3_W05_C8_s7_d03.csv
S3,3,W05_C8,ADFNE,7,4,4041887937,ADFNE|S3|main|3|W05_C8|7|4,networks/S3/ADFNE/f3_W05_C8_s7_d04.csv
S3,3,W05_C8,ADFNE,7,5,2280480855,ADFNE|S3|main|3|W05_C8|7|5,networks/S3/ADFNE/f3_W05_C8_s7_d05.csv
S3,3,W05_C8,ADFNE,7,6,518271469,ADFNE|S3|main|3|W05_C8|7|6,networks/S3/ADFNE/f3_W05_C8_s7_d06.csv
S3,3,W05_C8,ADFNE,7,7,1776484731,ADFNE|S3|main|3|W05_C8|7|7,networks/S3/ADFNE/f3_W05_C8_s7_d07.csv
S3,3,W05_C8,KDE,1337,0,1645122007,KDE|S3|main|3|W05_C8|1337|0,networks/S3/KDE/f3_W05_C8_s1337_d00.csv
S3,3,W05_C8,KDE,1337,1,352952641,KDE|S3|main|3|W05_C8|1337|1,networks/S3/KDE/f3_W05_C8_s1337_d01.csv
S3,3,W05_C8,KDE,1337,2,2348871931,KDE|S3|main|3|W05_C8|1337|2,networks/S3/KDE/f3_W05_C8_s1337_d02.csv
S3,3,W05_C8,KDE,1337,3,4211589229,KDE|S3|main|3|W05_C8|1337|3,networks/S3/KDE/f3_W05_C8_s1337_d03.csv
S3,3,W05_C8,KDE,1337,4,1701008846,KDE|S3|main|3|W05_C8|1337|4,networks/S3/KDE/f3_W05_C8_s1337_d04.csv
S3,3,W05_C8,KDE,1337,5,308569432,KDE|S3|main|3|W05_C8|1337|5,networks/S3/KDE/f3_W05_C8_s1337_d05.csv
S3,3,W05_C8,KDE,1337,6,2339189986,KDE|S3|main|3|W05_C8|1337|6,networks/S3/KDE/f3_W05_C8_s1337_d06.csv
S3,3,W05_C8,KDE,1337,7,4234806388,KDE|S3|main|3|W05_C8|1337|7,networks/S3/KDE/f3_W05_C8_s1337_d07.csv
S3,3,W05_C8,KDE,20260903,0,3851493557,KDE|S3|main|3|W05_C8|20260903|0,networks/S3/KDE/f3_W05_C8_s20260903_d00.csv
S3,3,W05_C8,KDE,20260903,1,2459308067,KDE|S3|main|3|W05_C8|20260903|1,networks/S3/KDE/f3_W05_C8_s20260903_d01.csv
S3,3,W05_C8,KDE,20260903,2,194986393,KDE|S3|main|3|W05_C8|20260903|2,networks/S3/KDE/f3_W05_C8_s20260903_d02.csv
S3,3,W05_C8,KDE,20260903,3,2090365199,KDE|S3|main|3|W05_C8|20260903|3,networks/S3/KDE/f3_W05_C8_s20260903_d03.csv
S3,3,W05_C8,KDE,20260903,4,3808224428,KDE|S3|main|3|W05_C8|20260903|4,networks/S3/KDE/f3_W05_C8_s20260903_d04.csv
S3,3,W05_C8,KDE,20260903,5,2516309050,KDE|S3|main|3|W05_C8|20260903|5,networks/S3/KDE/f3_W05_C8_s20260903_d05.csv
S3,3,W05_C8,KDE,20260903,6,217220480,KDE|S3|main|3|W05_C8|20260903|6,networks/S3/KDE/f3_W05_C8_s20260903_d06.csv
S3,3,W05_C8,KDE,20260903,7,2079700246,KDE|S3|main|3|W05_C8|20260903|7,networks/S3/KDE/f3_W05_C8_s20260903_d07.csv
S3,3,W05_C8,KDE,7,0,1341958005,KDE|S3|main|3|W05_C8|7|0,networks/S3/KDE/f3_W05_C8_s7_d00.csv
S3,3,W05_C8,KDE,7,1,956012515,KDE|S3|main|3|W05_C8|7|1,networks/S3/KDE/f3_W05_C8_s7_d01.csv
S3,3,W05_C8,KDE,7,2,2717042265,KDE|S3|main|3|W05_C8|7|2,networks/S3/KDE/f3_W05_C8_s7_d02.csv
S3,3,W05_C8,KDE,7,3,3606443727,KDE|S3|main|3|W05_C8|7|3,networks/S3/KDE/f3_W05_C8_s7_d03.csv
S3,3,W05_C8,KDE,7,4,1217487724,KDE|S3|main|3|W05_C8|7|4,networks/S3/KDE/f3_W05_C8_s7_d04.csv
S3,3,W05_C8,KDE,7,5,1066816506,KDE|S3|main|3|W05_C8|7|5,networks/S3/KDE/f3_W05_C8_s7_d05.csv
S3,3,W05_C8,KDE,7,6,2795438656,KDE|S3|main|3|W05_C8|7|6,networks/S3/KDE/f3_W05_C8_s7_d06.csv
S3,3,W05_C8,KDE,7,7,3516412630,KDE|S3|main|3|W05_C8|7|7,networks/S3/KDE/f3_W05_C8_s7_d07.csv
S3,3,W06_C7,EVAE,1337,0,393164533,EVAE|S3|geobg|3|W06_C7|1337|0,networks/S3/EVAE/f3_W06_C7_s1337_d00.csv
S3,3,W06_C7,EVAE,1337,1,1617430115,EVAE|S3|geobg|3|W06_C7|1337|1,networks/S3/EVAE/f3_W06_C7_s1337_d01.csv
S3,3,W06_C7,EVAE,1337,2,4183906265,EVAE|S3|geobg|3|W06_C7|1337|2,networks/S3/EVAE/f3_W06_C7_s1337_d02.csv
S3,3,W06_C7,EVAE,1337,3,2389075791,EVAE|S3|geobg|3|W06_C7|1337|3,networks/S3/EVAE/f3_W06_C7_s1337_d03.csv
S3,3,W06_C7,EVAE,1337,4,268628716,EVAE|S3|geobg|3|W06_C7|1337|4,networks/S3/EVAE/f3_W06_C7_s1337_d04.csv
S3,3,W06_C7,EVAE,1337,5,1728430714,EVAE|S3|geobg|3|W06_C7|1337|5,networks/S3/EVAE/f3_W06_C7_s1337_d05.csv
S3,3,W06_C7,EVAE,1337,6,4262237120,EVAE|S3|geobg|3|W06_C7|1337|6,networks/S3/EVAE/f3_W06_C7_s1337_d06.csv
S3,3,W06_C7,EVAE,1337,7,2299241302,EVAE|S3|geobg|3|W06_C7|1337|7,networks/S3/EVAE/f3_W06_C7_s1337_d07.csv
S3,3,W06_C7,EVAE,20260903,0,1863635888,EVAE|S3|geobg|3|W06_C7|20260903|0,networks/S3/EVAE/f3_W06_C7_s20260903_d00.csv
S3,3,W06_C7,EVAE,20260903,1,403956518,EVAE|S3|geobg|3|W06_C7|20260903|1,networks/S3/EVAE/f3_W06_C7_s20260903_d01.csv
S3,3,W06_C7,EVAE,20260903,2,2166010524,EVAE|S3|geobg|3|W06_C7|20260903|2,networks/S3/EVAE/f3_W06_C7_s20260903_d02.csv
S3,3,W06_C7,EVAE,20260903,3,4129128970,EVAE|S3|geobg|3|W06_C7|20260903|3,networks/S3/EVAE/f3_W06_C7_s20260903_d03.csv
S3,3,W06_C7,EVAE,20260903,4,1752766377,EVAE|S3|geobg|3|W06_C7|20260903|4,networks/S3/EVAE/f3_W06_C7_s20260903_d04.csv
S3,3,W06_C7,EVAE,20260903,5,528361279,EVAE|S3|geobg|3|W06_C7|20260903|5,networks/S3/EVAE/f3_W06_C7_s20260903_d05.csv
S3,3,W06_C7,EVAE,20260903,6,2255976069,EVAE|S3|geobg|3|W06_C7|20260903|6,networks/S3/EVAE/f3_W06_C7_s20260903_d06.csv
S3,3,W06_C7,EVAE,20260903,7,4050667027,EVAE|S3|geobg|3|W06_C7|20260903|7,networks/S3/EVAE/f3_W06_C7_s20260903_d07.csv
S3,3,W06_C7,EVAE,7,0,1324395481,EVAE|S3|geobg|3|W06_C7|7|0,networks/S3/EVAE/f3_W06_C7_s7_d00.csv
S3,3,W06_C7,EVAE,7,1,972528463,EVAE|S3|geobg|3|W06_C7|7|1,networks/S3/EVAE/f3_W06_C7_s7_d01.csv
S3,3,W06_C7,EVAE,7,2,2701052661,EVAE|S3|geobg|3|W06_C7|7|2,networks/S3/EVAE/f3_W06_C7_s7_d02.csv
S3,3,W06_C7,EVAE,7,3,3623484003,EVAE|S3|geobg|3|W06_C7|7|3,networks/S3/EVAE/f3_W06_C7_s7_d03.csv
S3,3,W06_C7,EVAE,7,4,1235054528,EVAE|S3|geobg|3|W06_C7|7|4,networks/S3/EVAE/f3_W06_C7_s7_d04.csv
S3,3,W06_C7,EVAE,7,5,1050304342,EVAE|S3|geobg|3|W06_C7|7|5,networks/S3/EVAE/f3_W06_C7_s7_d05.csv
S3,3,W06_C7,EVAE,7,6,2811432684,EVAE|S3|geobg|3|W06_C7|7|6,networks/S3/EVAE/f3_W06_C7_s7_d06.csv
S3,3,W06_C7,EVAE,7,7,3499376250,EVAE|S3|geobg|3|W06_C7|7|7,networks/S3/EVAE/f3_W06_C7_s7_d07.csv
S3,3,W06_C7,ADFNE,1337,0,3234915957,ADFNE|S3|main|3|W06_C7|1337|0,networks/S3/ADFNE/f3_W06_C7_s1337_d00.csv
S3,3,W06_C7,ADFNE,1337,1,3084375779,ADFNE|S3|main|3|W06_C7|1337|1,networks/S3/ADFNE/f3_W06_C7_s1337_d01.csv
S3,3,W06_C7,ADFNE,1337,2,786335577,ADFNE|S3|main|3|W06_C7|1337|2,networks/S3/ADFNE/f3_W06_C7_s1337_d02.csv
S3,3,W06_C7,ADFNE,1337,3,1507440591,ADFNE|S3|main|3|W06_C7|1337|3,networks/S3/ADFNE/f3_W06_C7_s1337_d03.csv
S3,3,W06_C7,ADFNE,1337,4,3351061100,ADFNE|S3|main|3|W06_C7|1337|4,networks/S3/ADFNE/f3_W06_C7_s1337_d04.csv
S3,3,W06_C7,ADFNE,1337,5,2964984570,ADFNE|S3|main|3|W06_C7|1337|5,networks/S3/ADFNE/f3_W06_C7_s1337_d05.csv
S3,3,W06_C7,ADFNE,1337,6,699614016,ADFNE|S3|main|3|W06_C7|1337|6,networks/S3/ADFNE/f3_W06_C7_s1337_d06.csv
S3,3,W06_C7,ADFNE,1337,7,1588884438,ADFNE|S3|main|3|W06_C7|1337|7,networks/S3/ADFNE/f3_W06_C7_s1337_d07.csv
S3,3,W06_C7,ADFNE,20260903,0,1949214139,ADFNE|S3|main|3|W06_C7|20260903|0,networks/S3/ADFNE/f3_W06_C7_s20260903_d00.csv
S3,3,W06_C7,ADFNE,20260903,1,53056813,ADFNE|S3|main|3|W06_C7|20260903|1,networks/S3/ADFNE/f3_W06_C7_s20260903_d01.csv
S3,3,W06_C7,ADFNE,20260903,2,2585838743,ADFNE|S3|main|3|W06_C7|20260903|2,networks/S3/ADFNE/f3_W06_C7_s20260903_d02.csv
S3,3,W06_C7,ADFNE,20260903,3,3978818561,ADFNE|S3|main|3|W06_C7|20260903|3,networks/S3/ADFNE/f3_W06_C7_s20260903_d03.csv
S3,3,W06_C7,ADFNE,20260903,4,1933795746,ADFNE|S3|main|3|W06_C7|20260903|4,networks/S3/ADFNE/f3_W06_C7_s20260903_d04.csv
S3,3,W06_C7,ADFNE,20260903,5,71586100,ADFNE|S3|main|3|W06_C7|20260903|5,networks/S3/ADFNE/f3_W06_C7_s20260903_d05.csv
S3,3,W06_C7,ADFNE,20260903,6,2639069326,ADFNE|S3|main|3|W06_C7|20260903|6,networks/S3/ADFNE/f3_W06_C7_s20260903_d06.csv
S3,3,W06_C7,ADFNE,20260903,7,3930730520,ADFNE|S3|main|3|W06_C7|20260903|7,networks/S3/ADFNE/f3_W06_C7_s20260903_d07.csv
S3,3,W06_C7,ADFNE,7,0,4216849642,ADFNE|S3|main|3|W06_C7|7|0,networks/S3/ADFNE/f3_W06_C7_s7_d00.csv
S3,3,W06_C7,ADFNE,7,1,2355049596,ADFNE|S3|main|3|W06_C7|7|1,networks/S3/ADFNE/f3_W06_C7_s7_d01.csv
S3,3,W06_C7,ADFNE,7,2,357983686,ADFNE|S3|main|3|W06_C7|7|2,networks/S3/ADFNE/f3_W06_C7_s7_d02.csv
S3,3,W06_C7,ADFNE,7,3,1649497424,ADFNE|S3|main|3|W06_C7|7|3,networks/S3/ADFNE/f3_W06_C7_s7_d03.csv
S3,3,W06_C7,ADFNE,7,4,4231381235,ADFNE|S3|main|3|W06_C7|7|4,networks/S3/ADFNE/f3_W06_C7_s7_d04.csv
S3,3,W06_C7,ADFNE,7,5,2335371365,ADFNE|S3|main|3|W06_C7|7|5,networks/S3/ADFNE/f3_W06_C7_s7_d05.csv
S3,3,W06_C7,ADFNE,7,6,305897951,ADFNE|S3|main|3|W06_C7|7|6,networks/S3/ADFNE/f3_W06_C7_s7_d06.csv
S3,3,W06_C7,ADFNE,7,7,1698468169,ADFNE|S3|main|3|W06_C7|7|7,networks/S3/ADFNE/f3_W06_C7_s7_d07.csv
S3,3,W06_C7,KDE,1337,0,583853434,KDE|S3|main|3|W06_C7|1337|0,networks/S3/KDE/f3_W06_C7_s1337_d00.csv
S3,3,W06_C7,KDE,1337,1,1439421932,KDE|S3|main|3|W06_C7|1337|1,networks/S3/KDE/f3_W06_C7_s1337_d01.csv
S3,3,W06_C7,KDE,1337,2,3435299926,KDE|S3|main|3|W06_C7|1337|2,networks/S3/KDE/f3_W06_C7_s1337_d02.csv
S3,3,W06_C7,KDE,1337,3,3150296256,KDE|S3|main|3|W06_C7|1337|3,networks/S3/KDE/f3_W06_C7_s1337_d03.csv
S3,3,W06_C7,KDE,1337,4,631316835,KDE|S3|main|3|W06_C7|1337|4,networks/S3/KDE/f3_W06_C7_s1337_d04.csv
S3,3,W06_C7,KDE,1337,5,1386615285,KDE|S3|main|3|W06_C7|1337|5,networks/S3/KDE/f3_W06_C7_s1337_d05.csv
S3,3,W06_C7,KDE,1337,6,3417260111,KDE|S3|main|3|W06_C7|1337|6,networks/S3/KDE/f3_W06_C7_s1337_d06.csv
S3,3,W06_C7,KDE,1337,7,3165155545,KDE|S3|main|3|W06_C7|1337|7,networks/S3/KDE/f3_W06_C7_s1337_d07.csv
S3,3,W06_C7,KDE,20260903,0,2256065981,KDE|S3|main|3|W06_C7|20260903|0,networks/S3/KDE/f3_W06_C7_s20260903_d00.csv
S3,3,W06_C7,KDE,20260903,1,4051690795,KDE|S3|main|3|W06_C7|20260903|1,networks/S3/KDE/f3_W06_C7_s20260903_d01.csv
S3,3,W06_C7,KDE,20260903,2,1752609937,KDE|S3|main|3|W06_C7|20260903|2,networks/S3/KDE/f3_W06_C7_s20260903_d02.csv
S3,3,W06_C7,KDE,20260903,3,527533063,KDE|S3|main|3|W06_C7|20260903|3,networks/S3/KDE/f3_W06_C7_s20260903_d03.csv
S3,3,W06_C7,KDE,20260903,4,2165641636,KDE|S3|main|3|W06_C7|20260903|4,networks/S3/KDE/f3_W06_C7_s20260903_d04.csv
S3,3,W06_C7,KDE,20260903,5,4128383282,KDE|S3|main|3|W06_C7|20260903|5,networks/S3/KDE/f3_W06_C7_s20260903_d05.csv
S3,3,W06_C7,KDE,20260903,6,1864069256,KDE|S3|main|3|W06_C7|20260903|6,networks/S3/KDE/f3_W06_C7_s20260903_d06.csv
S3,3,W06_C7,KDE,20260903,7,404504606,KDE|S3|main|3|W06_C7|20260903|7,networks/S3/KDE/f3_W06_C7_s20260903_d07.csv
S3,3,W06_C7,KDE,7,0,1126381383,KDE|S3|main|3|W06_C7|7|0,networks/S3/KDE/f3_W06_C7_s7_d00.csv
S3,3,W06_C7,KDE,7,1,874776529,KDE|S3|main|3|W06_C7|7|1,networks/S3/KDE/f3_W06_C7_s7_d01.csv
S3,3,W06_C7,KDE,7,2,2905429611,KDE|S3|main|3|W06_C7|7|2,networks/S3/KDE/f3_W06_C7_s7_d02.csv
S3,3,W06_C7,KDE,7,3,3660211965,KDE|S3|main|3|W06_C7|7|3,networks/S3/KDE/f3_W06_C7_s7_d03.csv
S3,3,W06_C7,KDE,7,4,1146024798,KDE|S3|main|3|W06_C7|7|4,networks/S3/KDE/f3_W06_C7_s7_d04.csv
S3,3,W06_C7,KDE,7,5,860472264,KDE|S3|main|3|W06_C7|7|5,networks/S3/KDE/f3_W06_C7_s7_d05.csv
S3,3,W06_C7,KDE,7,6,2856358514,KDE|S3|main|3|W06_C7|7|6,networks/S3/KDE/f3_W06_C7_s7_d06.csv
S3,3,W06_C7,KDE,7,7,3712459492,KDE|S3|main|3|W06_C7|7|7,networks/S3/KDE/f3_W06_C7_s7_d07.csv
S3,3,W06_C8,EVAE,1337,0,3461293145,EVAE|S3|geobg|3|W06_C8|1337|0,networks/S3/EVAE/f3_W06_C8_s1337_d00.csv
S3,3,W06_C8,EVAE,1337,1,3108508879,EVAE|S3|geobg|3|W06_C8|1337|1,networks/S3/EVAE/f3_W06_C8_s1337_d01.csv
S3,3,W06_C8,EVAE,1337,2,541148533,EVAE|S3|geobg|3|W06_C8|1337|2,networks/S3/EVAE/f3_W06_C8_s1337_d02.csv
S3,3,W06_C8,EVAE,1337,3,1464235491,EVAE|S3|geobg|3|W06_C8|1337|3,networks/S3/EVAE/f3_W06_C8_s1337_d03.csv
S3,3,W06_C8,EVAE,1337,4,3374506048,EVAE|S3|geobg|3|W06_C8|1337|4,networks/S3/EVAE/f3_W06_C8_s1337_d04.csv
S3,3,W06_C8,EVAE,1337,5,3190149334,EVAE|S3|geobg|3|W06_C8|1337|5,networks/S3/EVAE/f3_W06_C8_s1337_d05.csv
S3,3,W06_C8,EVAE,1337,6,657228140,EVAE|S3|geobg|3|W06_C8|1337|6,networks/S3/EVAE/f3_W06_C8_s1337_d06.csv
S3,3,W06_C8,EVAE,1337,7,1345040890,EVAE|S3|geobg|3|W06_C8|1337|7,networks/S3/EVAE/f3_W06_C8_s1337_d07.csv
S3,3,W06_C8,EVAE,20260903,0,494947521,EVAE|S3|geobg|3|W06_C8|20260903|0,networks/S3/EVAE/f3_W06_C8_s20260903_d00.csv
S3,3,W06_C8,EVAE,20260903,1,1787264087,EVAE|S3|geobg|3|W06_C8|20260903|1,networks/S3/EVAE/f3_W06_C8_s20260903_d01.csv
S3,3,W06_C8,EVAE,20260903,2,4086181357,EVAE|S3|geobg|3|W06_C8|20260903|2,networks/S3/EVAE/f3_W06_C8_s20260903_d02.csv
S3,3,W06_C8,EVAE,20260903,3,2223578491,EVAE|S3|geobg|3|W06_C8|20260903|3,networks/S3/EVAE/f3_W06_C8_s20260903_d03.csv
S3,3,W06_C8,EVAE,20260903,4,451774680,EVAE|S3|geobg|3|W06_C8|20260903|4,networks/S3/EVAE/f3_W06_C8_s20260903_d04.csv
S3,3,W06_C8,EVAE,20260903,5,1844099150,EVAE|S3|geobg|3|W06_C8|20260903|5,networks/S3/EVAE/f3_W06_C8_s20260903_d05.csv
S3,3,W06_C8,EVAE,20260903,6,4108577268,EVAE|S3|geobg|3|W06_C8|20260903|6,networks/S3/EVAE/f3_W06_C8_s20260903_d06.csv
S3,3,W06_C8,EVAE,20260903,7,2212813154,EVAE|S3|geobg|3|W06_C8|20260903|7,networks/S3/EVAE/f3_W06_C8_s20260903_d07.csv
S3,3,W06_C8,EVAE,7,0,3433053192,EVAE|S3|geobg|3|W06_C8|7|0,networks/S3/EVAE/f3_W06_C8_s7_d00.csv
S3,3,W06_C8,EVAE,7,1,3148287134,EVAE|S3|geobg|3|W06_C8|7|1,networks/S3/EVAE/f3_W06_C8_s7_d01.csv
S3,3,W06_C8,EVAE,7,2,581852452,EVAE|S3|geobg|3|W06_C8|7|2,networks/S3/EVAE/f3_W06_C8_s7_d02.csv
S3,3,W06_C8,EVAE,7,3,1437167026,EVAE|S3|geobg|3|W06_C8|7|3,networks/S3/EVAE/f3_W06_C8_s7_d03.csv
S3,3,W06_C8,EVAE,7,4,3419273233,EVAE|S3|geobg|3|W06_C8|7|4,networks/S3/EVAE/f3_W06_C8_s7_d04.csv
S3,3,W06_C8,EVAE,7,5,3167406215,EVAE|S3|geobg|3|W06_C8|7|5,networks/S3/EVAE/f3_W06_C8_s7_d05.csv
S3,3,W06_C8,EVAE,7,6,633575741,EVAE|S3|geobg|3|W06_C8|7|6,networks/S3/EVAE/f3_W06_C8_s7_d06.csv
S3,3,W06_C8,EVAE,7,7,1388620203,EVAE|S3|geobg|3|W06_C8|7|7,networks/S3/EVAE/f3_W06_C8_s7_d07.csv
S3,3,W06_C8,ADFNE,1337,0,435221721,ADFNE|S3|main|3|W06_C8|1337|0,networks/S3/ADFNE/f3_W06_C8_s1337_d00.csv
S3,3,W06_C8,ADFNE,1337,1,1861731407,ADFNE|S3|main|3|W06_C8|1337|1,networks/S3/ADFNE/f3_W06_C8_s1337_d01.csv
S3,3,W06_C8,ADFNE,1337,2,4160656885,ADFNE|S3|main|3|W06_C8|1337|2,networks/S3/ADFNE/f3_W06_C8_s1337_d02.csv
S3,3,W06_C8,ADFNE,1337,3,2163844451,ADFNE|S3|main|3|W06_C8|1337|3,networks/S3/ADFNE/f3_W06_C8_s1337_d03.csv
S3,3,W06_C8,ADFNE,1337,4,513618112,ADFNE|S3|main|3|W06_C8|1337|4,networks/S3/ADFNE/f3_W06_C8_s1337_d04.csv
S3,3,W06_C8,ADFNE,1337,5,1771700310,ADFNE|S3|main|3|W06_C8|1337|5,networks/S3/ADFNE/f3_W06_C8_s1337_d05.csv
S3,3,W06_C8,ADFNE,1337,6,4036186604,ADFNE|S3|main|3|W06_C8|1337|6,networks/S3/ADFNE/f3_W06_C8_s1337_d06.csv
S3,3,W06_C8,ADFNE,1337,7,2274648442,ADFNE|S3|main|3|W06_C8|1337|7,networks/S3/ADFNE/f3_W06_C8_s1337_d07.csv
S3,3,W06_C8,ADFNE,20260903,0,112868042,ADFNE|S3|main|3|W06_C8|20260903|0,networks/S3/ADFNE/f3_W06_C8_s20260903_d00.csv
S3,3,W06_C8,ADFNE,20260903,1,1908214364,ADFNE|S3|main|3|W06_C8|20260903|1,networks/S3/ADFNE/f3_W06_C8_s20260903_d01.csv
S3,3,W06_C8,ADFNE,20260903,2,3904134118,ADFNE|S3|main|3|W06_C8|20260903|2,networks/S3/ADFNE/f3_W06_C8_s20260903_d02.csv
S3,3,W06_C8,ADFNE,20260903,3,2679335792,ADFNE|S3|main|3|W06_C8|20260903|3,networks/S3/ADFNE/f3_W06_C8_s20260903_d03.csv
S3,3,W06_C8,ADFNE,20260903,4,30932691,ADFNE|S3|main|3|W06_C8|20260903|4,networks/S3/ADFNE/f3_W06_C8_s20260903_d04.csv
S3,3,W06_C8,ADFNE,20260903,5,1993395781,ADFNE|S3|main|3|W06_C8|20260903|5,networks/S3/ADFNE/f3_W06_C8_s20260903_d05.csv
S3,3,W06_C8,ADFNE,20260903,6,4024016895,ADFNE|S3|main|3|W06_C8|20260903|6,networks/S3/ADFNE/f3_W06_C8_s20260903_d06.csv
S3,3,W06_C8,ADFNE,20260903,7,2564730729,ADFNE|S3|main|3|W06_C8|20260903|7,networks/S3/ADFNE/f3_W06_C8_s20260903_d07.csv
S3,3,W06_C8,ADFNE,7,0,2030605115,ADFNE|S3|main|3|W06_C8|7|0,networks/S3/ADFNE/f3_W06_C8_s7_d00.csv
S3,3,W06_C8,ADFNE,7,1,235905965,ADFNE|S3|main|3|W06_C8|7|1,networks/S3/ADFNE/f3_W06_C8_s7_d01.csv
S3,3,W06_C8,ADFNE,7,2,2533814807,ADFNE|S3|main|3|W06_C8|7|2,networks/S3/ADFNE/f3_W06_C8_s7_d02.csv
S3,3,W06_C8,ADFNE,7,3,3758211713,ADFNE|S3|main|3|W06_C8|7|3,networks/S3/ADFNE/f3_W06_C8_s7_d03.csv
S3,3,W06_C8,ADFNE,7,4,2120570658,ADFNE|S3|main|3|W06_C8|7|4,networks/S3/ADFNE/f3_W06_C8_s7_d04.csv
S3,3,W06_C8,ADFNE,7,5,157444020,ADFNE|S3|main|3|W06_C8|7|5,networks/S3/ADFNE/f3_W06_C8_s7_d05.csv
S3,3,W06_C8,ADFNE,7,6,2422945294,ADFNE|S3|main|3|W06_C8|7|6,networks/S3/ADFNE/f3_W06_C8_s7_d06.csv
S3,3,W06_C8,ADFNE,7,7,3882616472,ADFNE|S3|main|3|W06_C8|7|7,networks/S3/ADFNE/f3_W06_C8_s7_d07.csv
S3,3,W06_C8,KDE,1337,0,4226611158,KDE|S3|main|3|W06_C8|1337|0,networks/S3/KDE/f3_W06_C8_s1337_d00.csv
S3,3,W06_C8,KDE,1337,1,2364262208,KDE|S3|main|3|W06_C8|1337|1,networks/S3/KDE/f3_W06_C8_s1337_d01.csv
S3,3,W06_C8,KDE,1337,2,367171322,KDE|S3|main|3|W06_C8|1337|2,networks/S3/KDE/f3_W06_C8_s1337_d02.csv
S3,3,W06_C8,KDE,1337,3,1659217516,KDE|S3|main|3|W06_C8|1337|3,networks/S3/KDE/f3_W06_C8_s1337_d03.csv
S3,3,W06_C8,KDE,1337,4,4236325839,KDE|S3|main|3|W06_C8|1337|4,networks/S3/KDE/f3_W06_C8_s1337_d04.csv
S3,3,W06_C8,KDE,1337,5,2340815705,KDE|S3|main|3|W06_C8|1337|5,networks/S3/KDE/f3_W06_C8_s1337_d05.csv
S3,3,W06_C8,KDE,1337,6,311382755,KDE|S3|main|3|W06_C8|1337|6,networks/S3/KDE/f3_W06_C8_s1337_d06.csv
S3,3,W06_C8,KDE,1337,7,1703436917,KDE|S3|main|3|W06_C8|1337|7,networks/S3/KDE/f3_W06_C8_s1337_d07.csv
S3,3,W06_C8,KDE,20260903,0,4109126348,KDE|S3|main|3|W06_C8|20260903|0,networks/S3/KDE/f3_W06_C8_s20260903_d00.csv
S3,3,W06_C8,KDE,20260903,1,2213247578,KDE|S3|main|3|W06_C8|20260903|1,networks/S3/KDE/f3_W06_C8_s20260903_d01.csv
S3,3,W06_C8,KDE,20260903,2,451029984,KDE|S3|main|3|W06_C8|20260903|2,networks/S3/KDE/f3_W06_C8_s20260903_d02.csv
S3,3,W06_C8,KDE,20260903,3,1843731318,KDE|S3|main|3|W06_C8|20260903|3,networks/S3/KDE/f3_W06_C8_s20260903_d03.csv
S3,3,W06_C8,KDE,20260903,4,4085354197,KDE|S3|main|3|W06_C8|20260903|4,networks/S3/KDE/f3_W06_C8_s20260903_d04.csv
S3,3,W06_C8,KDE,20260903,5,2223423043,KDE|S3|main|3|W06_C8|20260903|5,networks/S3/KDE/f3_W06_C8_s20260903_d05.csv
S3,3,W06_C8,KDE,20260903,6,495972345,KDE|S3|main|3|W06_C8|20260903|6,networks/S3/KDE/f3_W06_C8_s20260903_d06.csv
S3,3,W06_C8,KDE,20260903,7,1787354991,KDE|S3|main|3|W06_C8|20260903|7,networks/S3/KDE/f3_W06_C8_s20260903_d07.csv
S3,3,W06_C8,KDE,7,0,3245580438,KDE|S3|main|3|W06_C8|7|0,networks/S3/KDE/f3_W06_C8_s7_d00.csv
S3,3,W06_C8,KDE,7,1,3061092352,KDE|S3|main|3|W06_C8|7|1,networks/S3/KDE/f3_W06_C8_s7_d01.csv
S3,3,W06_C8,KDE,7,2,796770746,KDE|S3|main|3|W06_C8|7|2,networks/S3/KDE/f3_W06_C8_s7_d02.csv
S3,3,W06_C8,KDE,7,3,1484452140,KDE|S3|main|3|W06_C8|7|3,networks/S3/KDE/f3_W06_C8_s7_d03.csv
S3,3,W06_C8,KDE,7,4,3323880591,KDE|S3|main|3|W06_C8|7|4,networks/S3/KDE/f3_W06_C8_s7_d04.csv
S3,3,W06_C8,KDE,7,5,2971227161,KDE|S3|main|3|W06_C8|7|5,networks/S3/KDE/f3_W06_C8_s7_d05.csv
S3,3,W06_C8,KDE,7,6,672138659,KDE|S3|main|3|W06_C8|7|6,networks/S3/KDE/f3_W06_C8_s7_d06.csv
S3,3,W06_C8,KDE,7,7,1595356469,KDE|S3|main|3|W06_C8|7|7,networks/S3/KDE/f3_W06_C8_s7_d07.csv
