scheme,fold,box,method,n,P20,P21,P22,len_med,len_p90,nn_med,CL,pI,pY,pX,unclustered,OC1,OC2,OC3,OC4
S1,0,W02_C2,Held-out,10.0,2.5,0.25083376894444753,1.25,10.218133675874576,15.896584126163255,2.8544575686984337,2.2222222222222223,0.6428571428571429,0.0,0.35714285714285715,0.0,0.3,0.5,0.2,0.0
S1,0,W02_C2,EVAE,14.0,3.5000000000000004,0.216648039344169,0.75,5.124653358683828,11.374494791030886,4.014519418779307,0.8558352402745995,0.8038461538461539,0.09523809523809523,0.13664596273291924,0.0625,0.2426470588235294,0.3333333333333333,0.2222222222222222,0.16517857142857142
S1,0,W02_C2,ADFNE,16.0,4.0,0.219199627137267,1.125,4.452721288614732,10.327344823945294,2.5503822249593497,1.2077922077922079,0.7491582491582491,0.0967741935483871,0.14472309299895508,0.03125,0.3125,0.3125,0.1875,0.09375
S1,0,W02_C2,KDE,16.0,4.0,0.22680401491893942,1.5,5.437959719453341,9.242321448109879,2.441278927606035,1.6159420289855073,0.6885775862068966,0.12512218963831867,0.19399641577060933,0.0,0.375,0.25,0.21875,0.125
S1,0,W04_C2,Held-out,14.0,3.5000000000000004,0.2999431661813938,1.5,7.123017996811564,15.3534709254793,3.005756522092957,2.5714285714285716,0.55,0.15,0.3,0.0,0.5,0.2857142857142857,0.14285714285714285,0.07142857142857142
S1,0,W04_C2,EVAE,14.0,3.5000000000000004,0.21671037756907302,0.75,5.450874366106982,10.987306578049967,3.9991517092554307,0.873015873015873,0.8100961538461539,0.07275132275132275,0.125,0.07142857142857142,0.39230769230769236,0.23076923076923078,0.15476190476190477,0.14285714285714285
S1,0,W04_C2,ADFNE,16.0,4.0,0.2087051846842606,1.375,4.446597051608998,10.036568338327235,2.284976542008825,1.3076923076923077,0.721505376344086,0.0967741935483871,0.17995689655172414,0.0625,0.3125,0.3125,0.15625,0.125
S1,0,W04_C2,KDE,16.0,4.0,0.2399991418327394,2.0,5.414898733674248,9.715739086602074,2.313527541204958,1.7442528735632183,0.6761904761904762,0.09526209677419355,0.22857142857142856,0.0625,0.3125,0.25,0.21875,0.09375
S1,0,W04_C4,Held-out,10.0,2.5,0.1926161199469933,0.25,6.412115888143562,14.350791079576279,5.037168803767143,0.3076923076923077,0.9285714285714286,0.0,0.07142857142857142,0.0,0.6,0.3,0.1,0.0
S1,0,W04_C4,EVAE,14.0,3.5000000000000004,0.21459663572392246,0.75,5.452926803720253,11.080048501491547,4.052921267668478,0.9109730848861284,0.8038461538461539,0.08,0.1201923076923077,0.0,0.358974358974359,0.23214285714285715,0.14835164835164835,0.15384615384615385
S1,0,W04_C4,ADFNE,16.0,4.0,0.22133893890930256,1.5,4.992436581982201,10.070404412027798,2.577748651492308,1.6521739130434783,0.6726190476190477,0.12701612903225806,0.1875,0.0625,0.3125,0.3125,0.125,0.125
S1,0,W04_C4,KDE,16.0,4.0,0.22387802610042104,1.5,5.170638706291442,9.260418432911962,2.21945894448678,1.4099378881987579,0.7071428571428571,0.10714285714285715,0.2,0.0,0.375,0.3125,0.1875,0.125
S1,0,W04_C6,Held-out,14.0,3.5000000000000004,0.25905405553288136,0.5,6.511450941302661,9.91213555696402,3.840765471182853,1.0,0.7777777777777778,0.1111111111111111,0.1111111111111111,0.07142857142857142,0.2857142857142857,0.2857142857142857,0.2857142857142857,0.07142857142857142
S1,0,W04_C6,EVAE,13.0,3.25,0.20907850084053375,0.75,5.2846736237306535,11.44216363322729,4.175256676184327,0.7947454844006567,0.8162692847124824,0.07275132275132275,0.1225,0.07142857142857142,0.27884615384615385,0.2111111111111111,0.22252747252747251,0.21825396825396826
S1,0,W04_C6,ADFNE,16.0,4.0,0.21049959446790964,1.0,4.138800251215789,9.90700926226161,2.5862332987959356,1.0185185185185186,0.7845643939393939,0.07142857142857142,0.12903225806451613,0.03125,0.375,0.3125,0.15625,0.125
S1,0,W04_C6,KDE,16.0,4.0,0.21850408016617498,1.5,4.831782683036222,8.733185375530137,2.46551612288439,1.3333333333333333,0.7272727272727273,0.1043557168784029,0.16904761904761906,0.0625,0.375,0.3125,0.1875,0.125
S1,1,W02_C3,Held-out,12.0,3.0,0.224737114365288,0.0,5.580588881548088,10.82567974622304,3.392926882061195,0.2222222222222222,0.9444444444444444,0.05555555555555555,0.0,0.25,0.0,0.25,0.25,0.25
S1,1,W02_C3,EVAE,14.0,3.5000000000000004,0.21362597670096975,0.5,5.445855572993197,10.067195521019512,4.247163408030659,0.849624060150376,0.8129370629370629,0.07019704433497537,0.10555555555555556,0.08012820512820512,0.25,0.34523809523809523,0.20714285714285713,0.07142857142857142
S1,1,W02_C3,ADFNE,15.0,3.75,0.21806657369109786,1.0,4.485727574144608,10.724882977824802,2.5223938001508284,1.1920289855072466,0.75,0.09584178498985801,0.1455026455026455,0.06666666666666667,0.4,0.3333333333333333,0.13333333333333333,0.0
S1,1,W02_C3,KDE,15.0,3.75,0.21453821068716328,1.5,5.162665800262258,9.888681422288673,2.4622415172689474,1.358974358974359,0.732051282051282,0.07870370370370369,0.1875,0.06666666666666667,0.3333333333333333,0.3333333333333333,0.13333333333333333,0.06666666666666667
S1,1,W04_C3,Held-out,19.0,4.75,0.29837538580445433,0.25,6.12990940943003,12.955449571648423,3.4265272100814856,0.7272727272727273,0.8260869565217391,0.13043478260869565,0.043478260869565216,0.05263157894736842,0.47368421052631576,0.15789473684210525,0.15789473684210525,0.15789473684210525
S1,1,W04_C3,EVAE,15.0,3.75,0.2185448577763806,0.5,5.507002621889114,10.212908893823624,4.173538523528544,0.6729411764705883,0.8469785575048733,0.05012531328320802,0.09545454545454546,0.06666666666666667,0.42708333333333337,0.3333333333333333,0.125,0.06666666666666667
S1,1,W04_C3,ADFNE,15.0,3.75,0.21215469772802598,1.25,4.7584463894356475,10.772830253024324,2.794591377932394,1.0217391304347827,0.7774725274725275,0.07142857142857142,0.1639784946236559,0.06666666666666667,0.4,0.3,0.2,0.06666666666666667
S1,1,W04_C3,KDE,15.0,3.75,0.21073055915556976,1.25,4.980267282139988,8.9174110317981,2.4528435880105635,1.3066666666666666,0.7207792207792207,0.10714285714285714,0.1639784946236559,0.06666666666666667,0.3333333333333333,0.3333333333333333,0.2,0.06666666666666667
S1,1,W04_C5,Held-out,14.0,3.5000000000000004,0.26377909598044225,0.25,5.541826478197017,15.328597830538586,3.247552348017957,0.5,0.8823529411764706,0.058823529411764705,0.058823529411764705,0.07142857142857142,0.35714285714285715,0.07142857142857142,0.42857142857142855,0.07142857142857142
S1,1,W04_C5,EVAE,14.0,3.5000000000000004,0.21331664372813064,0.25,5.286464765667915,10.016847908496857,4.280819623026823,0.6636363636363636,0.8452380952380952,0.07275132275132275,0.06666666666666667,0.08333333333333333,0.32291666666666663,0.34523809523809523,0.14285714285714285,0.0625
S1,1,W04_C5,ADFNE,15.0,3.75,0.21681991363887004,1.25,4.61406976566221,10.95397811437611,2.5997228001800923,1.3323076923076922,0.7139208173690932,0.1165158371040724,0.17323775388291518,0.06666666666666667,0.4,0.3333333333333333,0.2,0.03333333333333333
S1,1,W04_C5,KDE,15.0,3.75,0.21440496585414415,1.5,5.025297962862591,9.687603667555198,2.492171929758271,1.6,0.6774193548387096,0.10011123470522804,0.1905241935483871,0.06666666666666667,0.3333333333333333,0.3333333333333333,0.2,0.06666666666666667
S1,1,W04_C7,Held-out,7.0,1.7500000000000002,0.1334614129017256,0.0,5.018504269683641,15.556154386073118,4.9601997831235165,0.0,1.0,0.0,0.0,0.0,0.2857142857142857,0.2857142857142857,0.42857142857142855,0.0
S1,1,W04_C7,EVAE,14.0,3.5000000000000004,0.20192998300392495,0.25,5.345740402409243,9.95206791475919,4.347921559828437,0.5352941176470588,0.8762626262626263,0.05718954248366013,0.06111111111111111,0.11858974358974358,0.21428571428571427,0.21428571428571427,0.29910714285714285,0.027777777777777776
S1,1,W04_C7,ADFNE,15.0,3.75,0.20676352126970907,1.5,4.15409070907268,10.177809565016558,2.289214370704122,1.5119047619047619,0.6984848484848485,0.11060606060606061,0.1846590909090909,0.06666666666666667,0.3666666666666667,0.3,0.16666666666666669,0.06666666666666667
S1,1,W04_C7,KDE,15.0,3.75,0.2225366314545444,1.7500000000000002,5.182101878636723,9.944359687290113,2.2668501032347583,1.6333333333333333,0.6720430107526881,0.12310606060606061,0.21212121212121213,0.06666666666666667,0.3333333333333333,0.3333333333333333,0.2,0.06666666666666667
S1,2,W01_C2,Held-out,10.0,2.5,0.17345085618346825,0.0,4.716512662884094,15.137111043789545,4.196597783358961,0.3333333333333333,0.9166666666666666,0.08333333333333333,0.0,0.1,0.0,0.4,0.2,0.3
S1,2,W01_C2,EVAE,13.5,3.375,0.2100931359781696,0.75,5.352930141584161,10.637083441019056,3.799175130362948,0.9053708439897699,0.7958333333333334,0.07777777777777778,0.11965811965811965,0.07142857142857142,0.2857142857142857,0.23076923076923078,0.23076923076923078,0.13247863247863248
S1,2,W01_C2,ADFNE,15.0,3.75,0.20161410596430343,1.0,4.750799606163254,9.458879007366317,2.482457521249977,1.101010101010101,0.7655677655677655,0.08193979933110368,0.150997150997151,0.06666666666666667,0.3333333333333333,0.26666666666666666,0.16666666666666669,0.13333333333333333
S1,2,W01_C2,KDE,15.0,3.75,0.23033746270448208,1.5,5.2601462569937425,9.74398877567826,2.4007979051680977,1.3879598662207357,0.7056277056277056,0.09966914805624483,0.20689655172413793,0.06666666666666667,0.3333333333333333,0.3,0.2,0.1
S1,2,W03_C2,Held-out,18.0,4.5,0.2809170931001529,0.5,4.544891010979641,11.50645758163238,3.4432864807751384,0.36363636363636365,0.9166666666666666,0.0,0.08333333333333333,0.0,0.3888888888888889,0.4444444444444444,0.1111111111111111,0.05555555555555555
S1,2,W03_C2,EVAE,14.0,3.5000000000000004,0.21381537519382998,0.5,5.7467014962242065,11.24571067098086,3.845959533444731,0.905982905982906,0.7947368421052632,0.11596638655462185,0.10526315789473684,0.02631578947368421,0.3762626262626263,0.26785714285714285,0.16228070175438597,0.08333333333333333
S1,2,W03_C2,ADFNE,15.0,3.75,0.19021733609235947,1.0,4.315533617827397,9.243346640294082,2.6303278016057874,1.2515527950310559,0.7307692307692307,0.07019704433497537,0.14983164983164982,0.0,0.4,0.26666666666666666,0.16666666666666669,0.13333333333333333
S1,2,W03_C2,KDE,15.0,3.75,0.200009967459979,1.5,4.70058152301445,9.504595909785307,2.445321572277715,1.4423076923076923,0.709375,0.10912698412698413,0.19375,0.0,0.3666666666666667,0.2,0.2,0.13333333333333333
S1,2,W03_C4,Held-out,16.0,4.0,0.2541253793442187,0.0,5.690904031503756,10.599389988721457,2.3086829978365127,0.4,0.9,0.1,0.0,0.0,0.3125,0.4375,0.125,0.125
S1,2,W03_C4,EVAE,13.5,3.375,0.21957333017940298,0.75,5.800929967167431,11.165502847087506,3.9076652041689957,0.9467787114845938,0.8,0.1201923076923077,0.1165158371040724,0.0,0.4166666666666667,0.2403846153846154,0.21825396825396826,0.14285714285714285
S1,2,W03_C4,ADFNE,15.0,3.75,0.20997121988035383,1.125,4.436036607828747,10.97059708611669,2.1201019891345148,1.3333333333333333,0.72,0.07738095238095238,0.16620689655172416,0.0,0.4,0.3,0.13333333333333333,0.13333333333333333
S1,2,W03_C4,KDE,15.0,3.75,0.22054421203235472,1.5,5.4738004154396664,9.33432365377822,2.4539748222294713,1.4606060606060605,0.7142857142857143,0.10357142857142856,0.1967741935483871,0.0,0.3333333333333333,0.26666666666666666,0.2,0.13333333333333333
S1,2,W05_C2,Held-out,20.0,5.0,0.32042237361743786,0.5,5.768780979091961,11.148926287469656,3.030381797191848,0.34782608695652173,0.92,0.0,0.08,0.05,0.6,0.25,0.1,0.0
S1,2,W05_C2,EVAE,14.0,3.5000000000000004,0.2274434986425528,0.875,5.784873666021314,11.39311029938979,3.810594741108445,1.163978494623656,0.7464285714285714,0.09449404761904762,0.14285714285714285,0.054093567251461985,0.452991452991453,0.2222222222222222,0.09429824561403508,0.16228070175438597
S1,2,W05_C2,ADFNE,15.0,3.75,0.2406518380222508,1.375,5.253660736530177,11.675767245454239,2.5434031332660783,1.4956521739130435,0.7056277056277056,0.09526209677419355,0.18990384615384615,0.0,0.4,0.3333333333333333,0.13333333333333333,0.13333333333333333
S1,2,W05_C2,KDE,15.0,3.75,0.20591168593560555,1.25,4.982047618982341,8.900716650976744,2.236221859400299,1.1547619047619047,0.7537878787878788,0.10529556650246305,0.1639784946236559,0.0,0.4,0.26666666666666666,0.2,0.13333333333333333
S1,2,W05_C4,Held-out,17.0,4.25,0.2933439100894184,0.5,5.786156737430273,12.534539731692448,2.6076797690754656,1.0,0.7727272727272727,0.13636363636363635,0.09090909090909091,0.0,0.5882352941176471,0.29411764705882354,0.058823529411764705,0.058823529411764705
S1,2,W05_C4,EVAE,13.5,3.375,0.2197880682575124,0.75,5.662725303373799,11.360681712627416,3.787437456645839,1.0384615384615383,0.7722222222222223,0.10555555555555556,0.12435897435897436,0.02631578947368421,0.3944444444444445,0.24871794871794872,0.16666666666666666,0.1380952380952381
S1,2,W05_C4,ADFNE,15.0,3.75,0.18379222486640337,1.0,4.166873480502042,8.769521019059274,2.4513400589841874,1.0839160839160837,0.7722222222222223,0.11126373626373626,0.13657407407407407,0.0,0.3666666666666667,0.3,0.16666666666666669,0.13333333333333333
S1,2,W05_C4,KDE,15.0,3.75,0.21750765802097238,1.375,5.413131745789389,8.964184655412897,2.240328457245613,1.42,0.7048387096774194,0.10529556650246305,0.1875,0.0,0.3333333333333333,0.26666666666666666,0.13333333333333333,0.16666666666666669
S1,2,W05_C6,Held-out,18.0,4.5,0.28489894154677775,0.5,4.745790391651382,10.681179323613785,2.5911235598160216,0.7272727272727273,0.8333333333333334,0.08333333333333333,0.08333333333333333,0.0,0.16666666666666666,0.5,0.1111111111111111,0.2222222222222222
S1,2,W05_C6,EVAE,14.0,3.5000000000000004,0.2057385898069669,0.625,5.320883334535883,11.427512837411797,3.9240751893944905,0.9251336898395721,0.7905701754385965,0.08893280632411067,0.10263157894736842,0.03571428571428571,0.2857142857142857,0.22478991596638653,0.2857142857142857,0.11309523809523808
S1,2,W05_C6,ADFNE,15.0,3.75,0.20708504408535472,1.0,4.497886251985204,9.987864684582272,2.7803418167583227,1.1314285714285715,0.7593103448275862,0.10172413793103449,0.15692307692307694,0.0,0.3333333333333333,0.26666666666666666,0.16666666666666669,0.13333333333333333
S1,2,W05_C6,KDE,15.0,3.75,0.20288609423783027,1.125,5.260329284376701,9.02872737566949,2.4923468582555586,1.3333333333333333,0.7214439655172413,0.11422413793103448,0.15812500000000002,0.03333333333333333,0.3333333333333333,0.26666666666666666,0.16666666666666669,0.13333333333333333
S1,3,W01_C3,Held-out,8.0,2.0,0.1809921391839573,0.5,6.741764966517544,17.00135489446169,5.5446748020828505,1.0,0.8,0.0,0.2,0.125,0.375,0.25,0.25,0.0
S1,3,W01_C3,EVAE,13.0,3.25,0.2056527127750613,0.75,5.341605841467359,10.204343013575732,4.114532658085309,0.9761904761904762,0.7871376811594203,0.079002079002079,0.11805555555555555,0.0,0.22252747252747251,0.36363636363636365,0.1875,0.14285714285714285
S1,3,W01_C3,ADFNE,15.0,3.75,0.2186714444481259,1.5,4.751596122462143,10.75785884438991,2.781299912987022,1.5192307692307692,0.6830357142857143,0.09005376344086022,0.1830357142857143,0.0,0.3666666666666667,0.3333333333333333,0.13333333333333333,0.13333333333333333
S1,3,W01_C3,KDE,15.0,3.75,0.20868257338704765,1.5,5.549061736470076,9.724793291742849,2.3185360547540554,1.5384615384615385,0.7003367003367004,0.09090909090909091,0.20344827586206898,0.03333333333333333,0.3333333333333333,0.3333333333333333,0.2,0.1
S1,3,W03_C3,Held-out,18.0,4.5,0.30318719790480647,0.5,5.751437543683102,12.05918099767147,2.692156347230536,0.7272727272727273,0.8333333333333334,0.08333333333333333,0.08333333333333333,0.0,0.3333333333333333,0.4444444444444444,0.1111111111111111,0.1111111111111111
S1,3,W03_C3,EVAE,14.0,3.5000000000000004,0.21699360075946553,0.75,5.857009986840538,10.567237943410873,4.071007701053836,0.9053708439897699,0.7947368421052632,0.08957219251336898,0.11324786324786325,0.0,0.35714285714285715,0.2967032967032967,0.16233766233766234,0.125
S1,3,W03_C3,ADFNE,15.0,3.75,0.1936692264181623,1.125,4.543301781823925,9.94616855573744,2.388144636508544,1.4156521739130434,0.7037037037037037,0.08712121212121213,0.16620689655172416,0.03333333333333333,0.3666666666666667,0.3333333333333333,0.13333333333333333,0.06666666666666667
S1,3,W03_C3,KDE,15.0,3.75,0.21579362263660723,1.5,5.1448377618180166,9.762105333083301,2.5626600363837015,1.660968660968661,0.6742424242424242,0.10357142857142856,0.20606060606060606,0.0,0.4,0.3,0.2,0.13333333333333333
S1,3,W03_C5,Held-out,14.0,3.5000000000000004,0.22262041442399294,0.0,6.140070352978477,9.774596018078753,3.321486568574051,0.0,1.0,0.0,0.0,0.0,0.42857142857142855,0.21428571428571427,0.21428571428571427,0.14285714285714285
S1,3,W03_C5,EVAE,13.5,3.375,0.20429753953401417,0.5,5.5397377761321875,10.425823122262956,4.094347791519247,0.6357894736842105,0.8571428571428571,0.046536796536796536,0.09523809523809523,0.0,0.26136363636363635,0.2403846153846154,0.2727272727272727,0.14285714285714285
S1,3,W03_C5,ADFNE,15.0,3.75,0.2012836500727384,1.0,4.337447474024865,10.869681759893325,2.584260899560853,1.2727272727272727,0.7370370370370369,0.10357142857142856,0.13333333333333333,0.0,0.4,0.3,0.13333333333333333,0.13333333333333333
S1,3,W03_C5,KDE,15.0,3.75,0.21625960995114435,1.5,5.094441940003246,9.541277123693654,2.538609736526138,1.4423076923076923,0.7165775401069518,0.10912698412698413,0.17914438502673796,0.0,0.3333333333333333,0.26666666666666666,0.2,0.13333333333333333
S1,3,W05_C3,Held-out,17.0,4.25,0.30086403323803823,0.75,6.082605938997569,12.062526197998293,2.7202085973008123,1.3333333333333333,0.7142857142857143,0.14285714285714285,0.14285714285714285,0.11764705882352941,0.4117647058823529,0.35294117647058826,0.11764705882352941,0.0
S1,3,W05_C3,EVAE,15.0,3.75,0.25550104315257033,0.75,5.999364829379278,10.557872347987077,4.003880518815059,1.1231527093596059,0.7596153846153846,0.10960960960960961,0.12007168458781362,0.0,0.4676113360323887,0.2649122807017544,0.07692307692307693,0.15384615384615385
S1,3,W05_C3,ADFNE,15.0,3.75,0.22126080847621055,1.5,4.799715948701855,10.79861848109071,2.4429222098619467,1.3333333333333335,0.7252090800477897,0.08411764705882353,0.19375,0.0,0.3333333333333333,0.3333333333333333,0.13333333333333333,0.13333333333333333
S1,3,W05_C3,KDE,15.0,3.75,0.21200028013761038,1.25,4.880620559416306,9.358504680646833,2.472397613891622,1.2173913043478262,0.7403846153846154,0.093841642228739,0.15877016129032256,0.0,0.3333333333333333,0.26666666666666666,0.26666666666666666,0.1
S1,3,W05_C5,Held-out,17.0,4.25,0.28297986919895785,0.25,5.679717868908276,11.659610412940157,2.297728684987967,1.5238095238095237,0.6363636363636364,0.3181818181818182,0.045454545454545456,0.0,0.35294117647058826,0.23529411764705882,0.23529411764705882,0.17647058823529413
S1,3,W05_C5,EVAE,14.0,3.5000000000000004,0.21464551131393522,0.5,5.818958996234805,10.62135499715805,4.0936826851891315,0.8972431077694235,0.7960662525879918,0.07738095238095238,0.10025062656641603,0.06349206349206349,0.3333333333333333,0.2403846153846154,0.22252747252747251,0.15384615384615385
S1,3,W05_C5,ADFNE,15.0,3.75,0.19853324304772427,1.25,4.417152121579701,10.088619894721699,2.502643619231823,1.5119047619047619,0.6909814323607427,0.11324786324786325,0.17879948914431673,0.0,0.3333333333333333,0.3333333333333333,0.2,0.1
S1,3,W05_C5,KDE,15.0,3.75,0.21148684464104964,1.25,5.0164322342853715,9.218346946555553,1.9955708514294663,1.3066666666666666,0.7241379310344828,0.1213235294117647,0.15877016129032256,0.0,0.3333333333333333,0.3,0.2,0.13333333333333333
S1,3,W05_C7,Held-out,18.0,4.5,0.27488932910946245,0.5,5.4134371305921425,10.67165083615251,3.0089793752468768,0.9523809523809523,0.782608695652174,0.13043478260869565,0.08695652173913043,0.0,0.2222222222222222,0.3888888888888889,0.3333333333333333,0.05555555555555555
S1,3,W05_C7,EVAE,12.5,3.125,0.20062134525416989,0.5,5.617489591240881,10.254752139277869,4.254072687920577,0.631578947368421,0.8571428571428571,0.051587301587301584,0.09838709677419355,0.0,0.25,0.34523809523809523,0.225,0.1380952380952381
S1,3,W05_C7,ADFNE,15.0,3.75,0.2224144951500321,1.25,4.91297586096473,10.94424811693187,2.4585268537157927,1.44,0.7,0.10485347985347984,0.17028985507246375,0.03333333333333333,0.3666666666666667,0.3333333333333333,0.2,0.06666666666666667
S1,3,W05_C7,KDE,15.0,3.75,0.2111299692521118,1.375,4.9526521430253965,9.929056926233862,2.331144135707979,1.5586206896551724,0.676944971537002,0.10529556650246305,0.1748991935483871,0.0,0.3333333333333333,0.3333333333333333,0.2,0.06666666666666667
S2,0,W00_C1,Held-out,26.0,8.419689119170984,0.36886493083918165,0.6476683937823834,3.9767038372290573,8.80727841104836,2.280035603598655,0.43478260869565216,0.8958333333333334,0.0625,0.041666666666666664,0.038461538461538464,0.34615384615384615,0.46153846153846156,0.07692307692307693,0.07692307692307693
S2,0,W00_C1,EVAE,10.5,3.4002590673575126,0.2030654627149456,0.6476683937823834,5.683214068412781,10.221875338712845,4.1095873780625505,1.0,0.8,0.04772727272727273,0.15384615384615385,0.0,0.31666666666666665,0.2727272727272727,0.26136363636363635,0.09090909090909091
S2,0,W00_C1,ADFNE,11.0,3.562176165803109,0.19419005560772862,0.9715025906735751,4.825178893080193,9.90861588473938,2.4240062012791666,1.1111111111111112,0.7633053221288515,0.054093567251461985,0.16228070175438597,0.0,0.36363636363636365,0.36363636363636365,0.18181818181818182,0.045454545454545456
S2,0,W00_C1,KDE,11.0,3.562176165803109,0.21285961128563088,1.2953367875647668,5.413437130592142,9.228702545622536,2.4954466924060803,1.3333333333333333,0.7272727272727273,0.10531135531135531,0.20050125313283207,0.0,0.36363636363636365,0.36363636363636365,0.18181818181818182,0.09090909090909091
S2,0,W00_C2,Held-out,20.0,6.476683937823833,0.3247269720332753,0.9715025906735751,4.726287068764206,7.382177955887855,2.397915277801721,0.8235294117647058,0.8108108108108109,0.10810810810810811,0.08108108108108109,0.05,0.25,0.55,0.05,0.1
S2,0,W00_C2,EVAE,11.0,3.562176165803109,0.21923376367787945,0.6476683937823834,5.757510960102081,10.320392624116547,4.214518658260337,1.0,0.7928571428571429,0.06696428571428571,0.1380952380952381,0.0,0.3484848484848485,0.20714285714285713,0.303030303030303,0.09090909090909091
S2,0,W00_C2,ADFNE,11.0,3.562176165803109,0.19532642387714305,0.9715025906735751,4.114859448381913,10.054852316218518,2.0810044689299385,1.2132352941176472,0.7445652173913043,0.09808612440191387,0.14285714285714285,0.0,0.36363636363636365,0.36363636363636365,0.09090909090909091,0.09090909090909091
S2,0,W00_C2,KDE,11.0,3.562176165803109,0.20387648681213416,1.2953367875647668,5.907945357943624,9.223309870211802,2.455309530567906,1.3333333333333333,0.7391304347826086,0.09347826086956522,0.18181818181818182,0.0,0.36363636363636365,0.2727272727272727,0.22727272727272727,0.09090909090909091
S2,0,W00_C3,Held-out,11.0,3.562176165803109,0.22579231915365777,0.3238341968911917,5.466307606949449,12.379438734455537,2.5365401269167984,0.26666666666666666,0.9375,0.0,0.0625,0.18181818181818182,0.18181818181818182,0.2727272727272727,0.36363636363636365,0.0
S2,0,W00_C3,EVAE,10.5,3.4002590673575126,0.20775846427825734,0.8095854922279793,6.0447399201893734,10.423884821450017,4.238783245539738,1.1587301587301586,0.757703081232493,0.06787330316742082,0.14835164835164835,0.0,0.31666666666666665,0.2727272727272727,0.25,0.1
S2,0,W00_C3,ADFNE,11.0,3.562176165803109,0.19657479694571103,0.9715025906735751,4.4867365961725145,10.014967787981426,2.260817086042289,1.3333333333333333,0.72953216374269,0.06066176470588235,0.16666666666666666,0.0,0.36363636363636365,0.36363636363636365,0.2727272727272727,0.0
S2,0,W00_C3,KDE,11.0,3.562176165803109,0.2125094867421991,1.2953367875647668,5.787128492186419,9.009143249725003,2.5808402493324127,1.5555555555555554,0.6871980676328502,0.1043557168784029,0.19090909090909092,0.0,0.36363636363636365,0.2727272727272727,0.2727272727272727,0.09090909090909091
S2,0,W00_C4,Held-out,15.0,4.857512953367875,0.2889509576183651,0.6476683937823834,4.254291070880981,10.915492373965861,2.89665820756569,0.7692307692307693,0.8214285714285714,0.10714285714285714,0.07142857142857142,0.13333333333333333,0.26666666666666666,0.13333333333333333,0.4666666666666667,0.0
S2,0,W00_C4,EVAE,10.0,3.2383419689119166,0.21020452124910444,0.9715025906735751,6.219178454372038,10.792306702202895,4.328860195500141,1.1047619047619048,0.7712418300653594,0.05555555555555555,0.1715686274509804,0.0,0.2792207792207792,0.2727272727272727,0.2792207792207792,0.09090909090909091
S2,0,W00_C4,ADFNE,11.0,3.562176165803109,0.19678610909656272,0.8095854922279793,4.494414382082668,9.571584992849854,2.517311259819749,1.2132352941176472,0.743421052631579,0.06111111111111111,0.1456140350877193,0.0,0.36363636363636365,0.36363636363636365,0.22727272727272727,0.0
S2,0,W00_C4,KDE,11.0,3.562176165803109,0.18966356594110229,1.133419689119171,4.544057722864183,8.557489434335903,2.655961023667545,1.1437908496732025,0.7698412698412698,0.0625,0.1659090909090909,0.0,0.36363636363636365,0.2727272727272727,0.22727272727272727,0.09090909090909091
S2,0,W00_C5,Held-out,11.0,3.562176165803109,0.1688053163638422,0.3238341968911917,4.596015285522628,6.6291025674812145,3.0286439180264937,0.42105263157894735,0.9,0.05,0.05,0.0,0.45454545454545453,0.18181818181818182,0.18181818181818182,0.18181818181818182
S2,0,W00_C5,EVAE,10.0,3.2383419689119166,0.20662243466636365,0.6476683937823834,5.738128274679184,10.317327332261142,4.297224838667141,0.849624060150376,0.8235294117647058,0.02631578947368421,0.15384615384615385,0.0,0.3205128205128205,0.23076923076923078,0.3,0.1
S2,0,W00_C5,ADFNE,11.0,3.562176165803109,0.19019770875596084,0.9715025906735751,4.003164188710453,10.037018710877916,2.8227972282730738,1.0,0.7875939849624061,0.08333333333333333,0.14285714285714285,0.0,0.36363636363636365,0.36363636363636365,0.18181818181818182,0.09090909090909091
S2,0,W00_C5,KDE,11.0,3.562176165803109,0.21678919933296759,0.9715025906735751,4.81092081656662,9.573414689929233,2.654104129553415,1.3333333333333333,0.7213622291021672,0.09545454545454546,0.15,0.0,0.36363636363636365,0.2727272727272727,0.18181818181818182,0.09090909090909091
S2,0,W00_C6,Held-out,12.0,3.8860103626943006,0.16016346768782325,0.3238341968911917,2.8643062854823107,8.281917450959535,3.9391169646124147,1.1764705882352942,0.7222222222222222,0.2222222222222222,0.05555555555555555,0.16666666666666666,0.25,0.25,0.25,0.08333333333333333
S2,0,W00_C6,EVAE,11.0,3.562176165803109,0.2026554061821304,0.6476683937823834,5.891039811207778,10.534248254681211,4.314180906368517,1.0,0.7863636363636364,0.06274509803921569,0.16666666666666666,0.0,0.2727272727272727,0.2361111111111111,0.2727272727272727,0.09545454545454546
S2,0,W00_C6,ADFNE,11.0,3.562176165803109,0.18804060772200382,0.9715025906735751,4.826280536156254,9.910793614561019,2.4486196961868076,1.2222222222222223,0.7505175983436853,0.08166666666666667,0.15789473684210525,0.0,0.36363636363636365,0.2727272727272727,0.18181818181818182,0.09090909090909091
S2,0,W00_C6,KDE,11.0,3.562176165803109,0.19865049423771625,0.9715025906735751,4.84057467881056,9.32356836563623,2.602564472496929,1.3725490196078431,0.7071428571428571,0.09545454545454546,0.16228070175438597,0.045454545454545456,0.36363636363636365,0.2727272727272727,0.2727272727272727,0.045454545454545456
S2,0,W00_C7,Held-out,18.0,5.829015544041451,0.27291646407861625,0.9715025906735751,5.013901115133765,6.793731981062305,2.061731937428732,0.8275862068965517,0.8125,0.09375,0.09375,0.1111111111111111,0.16666666666666666,0.3333333333333333,0.16666666666666666,0.2222222222222222
S2,0,W00_C7,EVAE,10.0,3.2383419689119166,0.2023507354943378,0.6476683937823834,5.930303584971172,10.450943833529657,4.2716509569290615,1.0333333333333332,0.7712418300653594,0.0625,0.1396103896103896,0.0,0.4,0.2,0.3,0.1
S2,0,W00_C7,ADFNE,11.0,3.562176165803109,0.1872570483459597,0.9715025906735751,4.80949910354431,9.212445783193264,2.4156750736528556,1.3333333333333333,0.72953216374269,0.06111111111111111,0.16228070175438597,0.0,0.36363636363636365,0.3181818181818182,0.18181818181818182,0.09090909090909091
S2,0,W00_C7,KDE,11.0,3.562176165803109,0.19005408847221086,1.2953367875647668,4.969468357122054,8.544934878159644,2.6345183782321357,1.4368421052631577,0.7041666666666666,0.10818713450292397,0.17028985507246375,0.0,0.36363636363636365,0.2727272727272727,0.18181818181818182,0.09090909090909091
S2,0,W00_C8,Held-out,13.0,4.209844559585492,0.29040126264924404,0.0,5.762615257775518,10.943242937797166,3.0128814520410634,0.2,0.95,0.05,0.0,0.07692307692307693,0.0,0.46153846153846156,0.23076923076923078,0.23076923076923078
S2,0,W00_C8,EVAE,10.0,3.2383419689119166,0.20469197092381647,0.8095854922279793,6.061109128798656,11.049655388483966,4.3022250085500024,1.0882352941176472,0.7638888888888888,0.07417582417582418,0.16025641025641024,0.0,0.3333333333333333,0.2361111111111111,0.31666666666666665,0.07738095238095238
S2,0,W00_C8,ADFNE,11.0,3.562176165803109,0.20576355682740377,0.9715025906735751,5.034691242942234,10.569881682256936,2.5047952733747554,1.25,0.733201581027668,0.10555555555555556,0.17708333333333331,0.0,0.36363636363636365,0.2727272727272727,0.13636363636363635,0.09090909090909091
S2,0,W00_C8,KDE,11.0,3.562176165803109,0.2127688905241334,1.2953367875647668,4.759286154459624,9.34485210912079,2.20657120162273,1.411764705882353,0.7247474747474747,0.08608058608058608,0.19112318840579712,0.0,0.36363636363636365,0.2727272727272727,0.22727272727272727,0.09090909090909091
S2,1,W01_C1,Held-out,11.0,2.75,0.24174297797332564,0.0,7.961050791263737,13.013510234084533,3.9891290048993024,0.0,1.0,0.0,0.0,0.09090909090909091,0.09090909090909091,0.36363636363636365,0.45454545454545453,0.0
S2,1,W01_C1,EVAE,15.0,3.75,0.23800655657821645,1.25,5.258155310185295,11.61223578453064,4.11145651318091,1.4772727272727273,0.6984848484848485,0.10721062618595825,0.17857142857142858,0.06666666666666667,0.3333333333333333,0.26666666666666666,0.21428571428571427,0.06666666666666667
S2,1,W01_C1,ADFNE,16.0,4.0,0.21114629979572025,1.5,3.7927987283586813,10.050163438041917,2.396873739150494,1.3866666666666667,0.7148387096774194,0.11437908496732026,0.1905241935483871,0.0625,0.375,0.375,0.1875,0.0625
S2,1,W01_C1,KDE,16.0,4.0,0.21985622310596575,1.5,4.863244359554532,9.764330990301264,2.3515256128144753,1.4363929146537842,0.7165775401069518,0.08957219251336898,0.18500948766603414,0.0625,0.3125,0.375,0.125,0.0625
S2,1,W01_C2,Held-out,10.0,2.5,0.17345085618346825,0.0,4.716512662884094,15.137111043789545,4.196597783358961,0.3333333333333333,0.9166666666666666,0.08333333333333333,0.0,0.3,0.0,0.4,0.2,0.1
S2,1,W01_C2,EVAE,15.0,3.75,0.233756936379044,1.125,5.151822664902346,11.455129981040955,4.200492013938945,1.3043478260869565,0.7370689655172413,0.0757142857142857,0.16,0.12916666666666665,0.32291666666666663,0.25,0.26666666666666666,0.0625
S2,1,W01_C2,ADFNE,16.0,4.0,0.20871769756879505,1.375,4.186375977579089,10.369786050436975,2.2603175633479706,1.36231884057971,0.7165178571428572,0.09090909090909091,0.17444219066937122,0.0625,0.34375,0.375,0.1875,0.0
S2,1,W01_C2,KDE,16.0,4.0,0.216484150918138,1.5,4.954048285989745,9.102391139756822,2.1869528472994375,1.4476190476190476,0.7084942084942085,0.10886699507389162,0.16904761904761906,0.03125,0.34375,0.3125,0.1875,0.125
S2,1,W01_C3,Held-out,8.0,2.0,0.1809921391839573,0.5,6.741764966517544,17.00135489446169,5.5446748020828505,1.0,0.8,0.0,0.2,0.125,0.375,0.25,0.25,0.0
S2,1,W01_C3,EVAE,15.0,3.75,0.23149705633142964,0.875,5.006864834064791,10.38933364442161,4.202131867107525,1.1541501976284585,0.75,0.08514492753623187,0.14039408866995073,0.06666666666666667,0.32291666666666663,0.2967032967032967,0.21428571428571427,0.06904761904761905
S2,1,W01_C3,ADFNE,16.0,4.0,0.2094735396922024,1.5,4.450706859495737,9.99566168288467,2.30707371443112,1.4156521739130434,0.71875,0.10762548262548263,0.18981481481481483,0.0625,0.375,0.375,0.1875,0.0625
S2,1,W01_C3,KDE,16.0,4.0,0.2343310726303709,1.7500000000000002,5.300944035805015,9.491365750587772,2.4351610019335004,1.55,0.6781609195402298,0.1266025641025641,0.20016339869281047,0.0625,0.375,0.3125,0.1875,0.09375
S2,1,W01_C4,Held-out,8.0,2.0,0.14716949047798555,0.0,7.216071693278381,11.296019675373284,5.886024398374073,0.0,1.0,0.0,0.0,0.0,0.125,0.625,0.125,0.125
S2,1,W01_C4,EVAE,15.0,3.75,0.22234277235042993,0.75,4.958208060427746,10.626212416387894,4.26375746014534,0.9808612440191387,0.7871376811594203,0.08012820512820512,0.125,0.07142857142857142,0.34523809523809523,0.2,0.26666666666666666,0.06666666666666667
S2,1,W01_C4,ADFNE,16.0,4.0,0.2149444105577235,1.25,4.6357718519438045,9.576739996290897,2.28664144702747,1.2606896551724138,0.7207792207792207,0.1111111111111111,0.16954022988505746,0.0625,0.375,0.3125,0.1875,0.0625
S2,1,W01_C4,KDE,16.0,4.0,0.23620396558557888,2.0,5.138735643982422,10.30089083800177,2.0590876590256206,1.8516483516483517,0.6368663594470045,0.12903225806451613,0.230550284629981,0.0625,0.375,0.25,0.25,0.0625
S2,2,W02_C1,Held-out,14.0,3.5000000000000004,0.32891885949031185,1.25,10.186813123587797,14.385309729745117,2.4259103578359693,2.1333333333333333,0.6,0.15,0.25,0.14285714285714285,0.5,0.21428571428571427,0.07142857142857142,0.07142857142857142
S2,2,W02_C1,EVAE,14.0,3.5000000000000004,0.22490800254879428,1.0,5.141841211805414,11.933316746731853,4.107847278473288,0.9090909090909091,0.8112535612535612,0.05606758832565284,0.150997150997151,0.07417582417582418,0.32291666666666663,0.2857142857142857,0.21428571428571427,0.029411764705882353
S2,2,W02_C1,ADFNE,16.0,4.0,0.2074535222722831,1.25,4.314278397929668,9.864867006676441,2.2624419628663754,1.2240802675585285,0.7416666666666667,0.10714285714285714,0.17261904761904762,0.0625,0.375,0.34375,0.125,0.0625
S2,2,W02_C1,KDE,16.0,4.0,0.23605089517073768,1.5,4.821714746696048,9.536068703561547,2.5534851924054704,1.5264550264550265,0.6882352941176471,0.10172413793103449,0.18500948766603414,0.0625,0.34375,0.375,0.1875,0.0625
S2,2,W02_C2,Held-out,10.0,2.5,0.25083376894444753,1.25,10.218133675874576,15.896584126163255,2.8544575686984337,2.2222222222222223,0.6428571428571429,0.0,0.35714285714285715,0.0,0.3,0.5,0.2,0.0
S2,2,W02_C2,EVAE,14.5,3.625,0.2220113428616845,0.75,5.133065707885091,11.476546923558029,4.280181006947986,0.98,0.7776679841897234,0.07142857142857142,0.11607142857142858,0.06458333333333333,0.2895833333333333,0.3333333333333333,0.25,0.07692307692307693
S2,2,W02_C2,ADFNE,16.0,4.0,0.21580800078102222,1.375,4.55443128099475,10.184307323042574,2.4132569829799086,1.4965034965034967,0.696969696969697,0.10243055555555555,0.18981481481481483,0.0625,0.375,0.3125,0.1875,0.0625
S2,2,W02_C2,KDE,16.0,4.0,0.22854667815146862,1.375,4.79714708598461,9.857707647165974,2.017812590530207,1.5919540229885056,0.6885775862068966,0.11681818181818182,0.17752100840336135,0.0,0.375,0.3125,0.1875,0.0625
S2,2,W02_C3,Held-out,12.0,3.0,0.224737114365288,0.0,5.580588881548088,10.82567974622304,3.392926882061195,0.2222222222222222,0.9444444444444444,0.05555555555555555,0.0,0.16666666666666666,0.08333333333333333,0.25,0.25,0.25
S2,2,W02_C3,EVAE,14.0,3.5000000000000004,0.22614807979589718,0.75,5.082000098664187,11.95907431840897,4.14654779778801,0.898989898989899,0.7958333333333334,0.09090909090909091,0.11555555555555555,0.07417582417582418,0.3125,0.31009615384615385,0.1875,0.0625
S2,2,W02_C3,ADFNE,16.0,4.0,0.2264424599249513,1.5,4.662970507138129,10.28211035397972,2.314990711418428,1.3879598662207357,0.7056277056277056,0.10912698412698413,0.1967741935483871,0.0625,0.375,0.375,0.15625,0.03125
S2,2,W02_C3,KDE,16.0,4.0,0.2261416338775292,1.5,4.913087583564132,9.522990479770266,2.4911988288548814,1.5086206896551724,0.6877705627705628,0.12639553429027112,0.1830357142857143,0.0625,0.3125,0.3125,0.1875,0.09375
S2,2,W02_C4,Held-out,11.0,2.75,0.2186032687161348,0.25,6.4848893915995856,11.528705458710874,4.620794910225665,0.3076923076923077,0.9285714285714286,0.0,0.07142857142857142,0.09090909090909091,0.18181818181818182,0.09090909090909091,0.45454545454545453,0.18181818181818182
S2,2,W02_C4,EVAE,14.0,3.5000000000000004,0.22162302102155398,0.75,5.155172467986122,12.209307283163076,4.139430848819394,0.9705882352941176,0.7965517241379311,0.04772727272727273,0.1225,0.07417582417582418,0.3125,0.3125,0.2153846153846154,0.07142857142857142
S2,2,W02_C4,ADFNE,16.0,4.0,0.2291666716618783,1.7500000000000002,4.366420179686125,10.025284290091903,2.362925257139755,1.6515151515151516,0.6824596774193548,0.12007168458781362,0.21875,0.0625,0.3125,0.375,0.15625,0.0
S2,2,W02_C4,KDE,16.0,4.0,0.22483067284134556,1.5,5.1933965808665405,8.966796868942856,2.2365828383577835,1.5025641025641026,0.6909722222222222,0.10818713450292397,0.1905241935483871,0.0625,0.3125,0.3125,0.1875,0.0625
S2,2,W02_C5,Held-out,16.0,4.0,0.20286183933538418,0.5,4.8782180355684535,8.024067855953751,2.164831346613983,0.631578947368421,0.8571428571428571,0.047619047619047616,0.09523809523809523,0.1875,0.3125,0.1875,0.3125,0.0
S2,2,W02_C5,EVAE,14.0,3.5000000000000004,0.21306702856911403,0.625,4.847754257408141,11.957760303246884,4.1007457771225395,0.9467787114845938,0.7905701754385965,0.08514492753623187,0.11555555555555555,0.125,0.3076923076923077,0.23076923076923078,0.2403846153846154,0.06666666666666667
S2,2,W02_C5,ADFNE,16.0,4.0,0.2241952847906124,1.25,4.682755213877121,10.283083714016712,2.64278082498654,1.3866666666666667,0.7071428571428571,0.10912698412698413,0.16333333333333333,0.0625,0.375,0.34375,0.21875,0.03125
S2,2,W02_C5,KDE,16.0,4.0,0.22802154889836496,1.7500000000000002,5.215386127043622,9.943752228132855,2.3267963002204834,1.6005291005291005,0.6913419913419914,0.1059233449477352,0.20588235294117646,0.0625,0.375,0.34375,0.125,0.0625
S2,2,W02_C6,Held-out,14.0,3.5000000000000004,0.20915535618167652,0.0,6.0730229864729255,8.458250020244746,3.9128420704277205,0.0,1.0,0.0,0.0,0.0,0.42857142857142855,0.07142857142857142,0.42857142857142855,0.07142857142857142
S2,2,W02_C6,EVAE,13.5,3.375,0.2120662650109864,0.75,5.206395834684372,12.04179834350326,4.289285444436869,0.8695652173913043,0.8112535612535612,0.07692307692307693,0.1111111111111111,0.07142857142857142,0.3076923076923077,0.25,0.22252747252747251,0.07142857142857142
S2,2,W02_C6,ADFNE,16.0,4.0,0.19047176818662487,1.0,3.6845694888415554,9.377707141453259,2.5105284433151134,1.105072463768116,0.7722222222222223,0.06559139784946236,0.13793103448275862,0.0625,0.375,0.3125,0.1875,0.0625
S2,2,W02_C6,KDE,16.0,4.0,0.22393644637869198,1.7500000000000002,5.371621311418618,9.388159655693114,2.4697107649008654,1.5348148148148146,0.7003042596348885,0.09878048780487805,0.20016339869281047,0.0,0.375,0.3125,0.1875,0.0625
S2,3,W03_C1,Held-out,16.0,4.0,0.2509362444756549,0.25,7.704398122767024,10.070671318371105,2.1498836208574135,0.9411764705882353,0.7777777777777778,0.16666666666666666,0.05555555555555555,0.0625,0.25,0.5625,0.125,0.0
S2,3,W03_C1,EVAE,16.5,4.125,0.2512686027108208,0.75,5.6910423178691065,11.146361768245697,3.9467315118879127,0.9090909090909091,0.7886904761904762,0.09090909090909091,0.10960960960960961,0.027777777777777776,0.47058823529411764,0.26969696969696966,0.11764705882352941,0.07738095238095238
S2,3,W03_C1,ADFNE,15.0,3.75,0.20306823158095366,1.25,4.546780601495032,9.675606663890264,2.6972948562105854,1.2763636363636364,0.734375,0.10243055555555555,0.17261904761904762,0.0,0.4,0.3666666666666667,0.13333333333333333,0.06666666666666667
S2,3,W03_C1,KDE,15.0,3.75,0.2139188433249748,1.375,5.403490034698951,8.900801025781753,2.3533117433799378,1.6481481481481481,0.6764705882352942,0.10243055555555555,0.19553376906318082,0.03333333333333333,0.3666666666666667,0.3333333333333333,0.16666666666666669,0.13333333333333333
S2,3,W03_C2,Held-out,18.0,4.5,0.2809170931001529,0.5,4.544891010979641,11.50645758163238,3.4432864807751384,0.36363636363636365,0.9166666666666666,0.0,0.08333333333333333,0.0,0.3888888888888889,0.5,0.1111111111111111,0.0
S2,3,W03_C2,EVAE,13.0,3.25,0.22238931565414438,0.75,5.695091582816437,11.153964339920591,4.092280379210642,1.026315789473684,0.7735042735042735,0.10526315789473684,0.11437908496732026,0.058823529411764705,0.452991452991453,0.26136363636363635,0.14835164835164835,0.09090909090909091
S2,3,W03_C2,ADFNE,15.0,3.75,0.19728264948173257,1.125,4.153238282170156,9.128896618092984,2.512558662149309,1.0785185185185187,0.7656739811912225,0.07142857142857142,0.14472309299895508,0.06666666666666667,0.4,0.3333333333333333,0.13333333333333333,0.06666666666666667
S2,3,W03_C2,KDE,15.0,3.75,0.2221577109232603,1.7500000000000002,5.236402692255465,9.878742577440153,2.3208698213834635,1.8454106280193237,0.6619047619047619,0.1182983682983683,0.21212121212121213,0.0,0.4,0.3333333333333333,0.16666666666666669,0.1
S2,3,W03_C3,Held-out,18.0,4.5,0.30318719790480647,0.5,5.751437543683102,12.05918099767147,2.692156347230536,0.7272727272727273,0.8333333333333334,0.08333333333333333,0.08333333333333333,0.0,0.3333333333333333,0.4444444444444444,0.1111111111111111,0.1111111111111111
S2,3,W03_C3,EVAE,13.0,3.25,0.2188166746581527,0.5,5.5730430396881045,11.134479183712156,4.1303733684018455,0.8210526315789474,0.8181818181818182,0.07703703703703704,0.10172413793103449,0.05718954248366013,0.34523809523809523,0.2727272727272727,0.16025641025641024,0.08012820512820512
S2,3,W03_C3,ADFNE,15.0,3.75,0.20851529507051703,1.375,5.127771487425491,10.0361152468614,2.4058279771459103,1.3066666666666666,0.7370370370370369,0.07846153846153847,0.19399641577060933,0.0,0.4,0.3333333333333333,0.13333333333333333,0.06666666666666667
S2,3,W03_C3,KDE,15.0,3.75,0.21396182642350617,1.5,5.141044761864325,9.445647724674902,2.4251267838268555,1.5857142857142859,0.6815668202764977,0.11964285714285713,0.1967741935483871,0.06666666666666667,0.3333333333333333,0.26666666666666666,0.2,0.13333333333333333
S2,3,W03_C4,Held-out,16.0,4.0,0.2541253793442187,0.0,5.690904031503756,10.599389988721457,2.3086829978365127,0.4,0.9,0.1,0.0,0.0,0.3125,0.4375,0.125,0.125
S2,3,W03_C4,EVAE,13.0,3.25,0.22028188654114908,0.625,5.517604740365535,10.75318106570709,4.040535029794775,0.9307359307359306,0.7965517241379311,0.09166666666666667,0.11764705882352941,0.054093567251461985,0.38461538461538464,0.2727272727272727,0.15384615384615385,0.13025210084033612
S2,3,W03_C4,ADFNE,15.0,3.75,0.19603602995477548,1.0,4.621844731593885,9.633285366279786,2.504879311770585,1.3066666666666666,0.7241379310344828,0.1176923076923077,0.16,0.0,0.4,0.3333333333333333,0.16666666666666669,0.06666666666666667
S2,3,W03_C4,KDE,15.0,3.75,0.22171509657048183,1.5,5.395692803050613,9.760634513779316,2.0875373890970446,1.4123076923076923,0.7247596153846154,0.1,0.1935483870967742,0.0,0.4,0.3,0.16666666666666669,0.06666666666666667
S2,3,W03_C5,Held-out,14.0,3.5000000000000004,0.22262041442399294,0.0,6.140070352978477,9.774596018078753,3.321486568574051,0.0,1.0,0.0,0.0,0.0,0.42857142857142855,0.21428571428571427,0.21428571428571427,0.14285714285714285
S2,3,W03_C5,EVAE,13.0,3.25,0.20868611265114761,0.5,5.359057207157146,10.876491071418867,4.133689909315892,0.734006734006734,0.8333333333333334,0.06821705426356589,0.09761904761904762,0.07692307692307693,0.3333333333333333,0.2403846153846154,0.16666666666666666,0.08012820512820512
S2,3,W03_C5,ADFNE,15.0,3.75,0.2100579634760632,1.25,4.6194336850258,10.138262965465199,2.8431446438873786,1.2727272727272727,0.7407407407407407,0.096875,0.1724137931034483,0.03333333333333333,0.4,0.3333333333333333,0.13333333333333333,0.06666666666666667
S2,3,W03_C5,KDE,15.0,3.75,0.2275130404701725,1.25,5.197485827145984,9.804587260168645,2.188368588139692,1.358974358974359,0.721505376344086,0.10727969348659003,0.18518518518518517,0.0,0.4,0.3333333333333333,0.13333333333333333,0.1
S2,3,W03_C6,Held-out,13.0,3.25,0.1757439536663208,0.0,6.153276836186588,8.712969103249733,3.9943541625426295,0.5333333333333333,0.8666666666666667,0.13333333333333333,0.0,0.23076923076923078,0.38461538461538464,0.15384615384615385,0.15384615384615385,0.07692307692307693
S2,3,W03_C6,EVAE,12.0,3.0,0.20951095175679874,0.5,5.447201440915407,11.06200311437112,4.081500359520357,0.775,0.8268365817091454,0.05555555555555555,0.10818713450292397,0.07692307692307693,0.3431372549019608,0.2727272727272727,0.17424242424242425,0.12237762237762238
S2,3,W03_C6,ADFNE,15.0,3.75,0.20566131265624082,1.25,4.2876656792072225,10.413319996538563,2.607693873757551,1.1686956521739131,0.7453703703703703,0.07142857142857142,0.1639784946236559,0.06666666666666667,0.3666666666666667,0.3333333333333333,0.13333333333333333,0.06666666666666667
S2,3,W03_C6,KDE,15.0,3.75,0.22277134541376142,1.5,5.26215018311575,10.030059314227445,2.4012322897894984,1.3333333333333333,0.7343137254901961,0.07692307692307693,0.1935483870967742,0.0,0.4,0.3333333333333333,0.13333333333333333,0.1
S2,3,W03_C7,Held-out,14.0,3.5000000000000004,0.20381995324335483,0.25,4.946744500711896,8.999704174670253,3.9112646398646933,0.5714285714285714,0.8636363636363636,0.09090909090909091,0.045454545454545456,0.14285714285714285,0.21428571428571427,0.21428571428571427,0.2857142857142857,0.14285714285714285
S2,3,W03_C7,EVAE,13.0,3.25,0.2142023396118154,0.5,5.284947282993846,10.950043666082724,3.9787890125028027,0.8421052631578947,0.8079877112135176,0.09307359307359307,0.09523809523809523,0.08712121212121213,0.27525252525252525,0.3076923076923077,0.2403846153846154,0.1111111111111111
S2,3,W03_C7,ADFNE,15.0,3.75,0.19828525401318037,0.875,4.418754356168126,9.288931262925466,2.530355915070353,1.0,0.7752525252525253,0.08411764705882353,0.13664596273291924,0.0,0.4,0.3,0.2,0.06666666666666667
S2,3,W03_C7,KDE,15.0,3.75,0.23083360802480254,1.5,5.55230376796553,10.770827234418448,2.3119055657090692,1.5586206896551724,0.6821428571428572,0.10357142857142856,0.2,0.06666666666666667,0.3333333333333333,0.26666666666666666,0.2,0.13333333333333333
S2,3,W03_C8,Held-out,13.0,3.25,0.19188666073619476,0.25,4.395094039171529,8.34346290945091,2.4521037147229072,0.2222222222222222,0.9473684210526315,0.0,0.05263157894736842,0.07692307692307693,0.38461538461538464,0.15384615384615385,0.3076923076923077,0.07692307692307693
S2,3,W03_C8,EVAE,13.0,3.25,0.21609751922165832,0.5,5.62825933098793,10.629575341939923,4.044668669582961,1.0217391304347827,0.7735042735042735,0.08166666666666667,0.10818713450292397,0.05718954248366013,0.32291666666666663,0.2967032967032967,0.17424242424242425,0.14358974358974358
S2,3,W03_C8,ADFNE,15.0,3.75,0.20023230107797238,1.125,4.740596767895619,9.678223600382857,2.725997968490822,1.4907407407407407,0.7047930283224402,0.12007168458781362,0.1602809706257982,0.0,0.4,0.4,0.13333333333333333,0.06666666666666667
S2,3,W03_C8,KDE,15.0,3.75,0.2154965757379133,1.7500000000000002,5.6203448607684905,9.480724551743343,2.4274341200908536,1.5692307692307694,0.6818181818181819,0.10912698412698413,0.21543560606060608,0.0,0.4,0.3333333333333333,0.2,0.13333333333333333
S2,4,W04_C1,Held-out,14.0,3.5000000000000004,0.2657556868500553,0.0,6.726269852724834,11.002722080517916,3.0645079351397713,0.21052631578947367,0.9473684210526315,0.05263157894736842,0.0,0.0,0.42857142857142855,0.5,0.0,0.07142857142857142
S2,4,W04_C1,EVAE,17.5,4.375,0.26243524741360713,1.0,5.561013725116961,10.80504925646768,3.7583207556174396,1.1054545454545455,0.7649122807017544,0.1,0.135632183908046,0.1111111111111111,0.4375,0.3333333333333333,0.1111111111111111,0.05555555555555555
S2,4,W04_C1,ADFNE,16.0,4.0,0.23150197674785253,1.7500000000000002,4.6629249838723865,11.10623220065904,2.2929098347249735,1.6207407407407408,0.6728091728091729,0.12903225806451613,0.2063894523326572,0.125,0.3125,0.3125,0.21875,0.0625
S2,4,W04_C1,KDE,16.0,4.0,0.24045902646433737,1.7500000000000002,5.3169638694808405,10.513227941742723,2.011227349946008,1.6923076923076923,0.6666666666666666,0.10344827586206896,0.21212121212121213,0.0625,0.375,0.375,0.1875,0.0625
S2,4,W04_C2,Held-out,14.0,3.5000000000000004,0.2999431661813938,1.5,7.123017996811564,15.3534709254793,3.005756522092957,2.5714285714285716,0.55,0.15,0.3,0.0,0.5,0.2857142857142857,0.14285714285714285,0.07142857142857142
S2,4,W04_C2,EVAE,17.0,4.25,0.25195258272966725,0.875,5.43601178074667,10.670297792358735,3.832616714273354,1.0,0.7759856630824373,0.10357142857142856,0.11805555555555555,0.11764705882352941,0.32291666666666663,0.2777777777777778,0.14583333333333331,0.027777777777777776
S2,4,W04_C2,ADFNE,16.0,4.0,0.20126809252828187,1.25,4.059072364775241,9.813218008305123,2.2814413851722017,1.25,0.7352352352352352,0.096875,0.16271409749670618,0.09375,0.375,0.3125,0.15625,0.0625
S2,4,W04_C2,KDE,16.0,4.0,0.21861502468668975,1.25,5.316628096560919,9.307225764820803,2.362885032143799,1.2582417582417582,0.7386148007590133,0.09526209677419355,0.16954022988505746,0.09375,0.3125,0.34375,0.1875,0.0625
S2,4,W04_C3,Held-out,19.0,4.75,0.29837538580445433,0.25,6.12990940943003,12.955449571648423,3.4265272100814856,0.7272727272727273,0.8260869565217391,0.13043478260869565,0.043478260869565216,0.0,0.47368421052631576,0.15789473684210525,0.15789473684210525,0.21052631578947367
S2,4,W04_C3,EVAE,17.0,4.25,0.2543795703802051,1.0,5.364436497299417,10.52559062466083,3.7901155540407494,1.3095238095238095,0.7376344086021505,0.11071428571428571,0.13793103448275862,0.125,0.3819444444444444,0.2951388888888889,0.125,0.05555555555555555
S2,4,W04_C3,ADFNE,16.0,4.0,0.20912562555664752,1.25,4.1609689450644165,10.042470070072312,2.0908228784268266,1.25,0.7324393358876118,0.096875,0.1724137931034483,0.125,0.3125,0.375,0.125,0.0625
S2,4,W04_C3,KDE,16.0,4.0,0.2258532551747679,1.5,4.904911578714626,10.1119393445263,2.2805645838449458,1.455026455026455,0.6990950226244343,0.09375,0.19375,0.0625,0.3125,0.3125,0.21875,0.0625
S2,4,W04_C4,Held-out,10.0,2.5,0.1926161199469933,0.25,6.412115888143562,14.350791079576279,5.037168803767143,0.3076923076923077,0.9285714285714286,0.0,0.07142857142857142,0.0,0.6,0.3,0.1,0.0
S2,4,W04_C4,EVAE,17.0,4.25,0.25622159974432746,1.0,5.540094822645187,10.386248686879926,3.8097622410144583,1.1471571906354514,0.7543103448275862,0.10818713450292397,0.13793103448275862,0.11764705882352941,0.3550420168067227,0.3333333333333333,0.1213235294117647,0.05718954248366013
S2,4,W04_C4,ADFNE,16.0,4.0,0.22046376028651943,1.25,4.475597521501101,10.047508981412058,2.409158115562233,1.1753846153846155,0.7464285714285714,0.10101867572156197,0.16129032258064516,0.0625,0.3125,0.3125,0.125,0.0625
S2,4,W04_C4,KDE,16.0,4.0,0.2284214708826362,1.875,4.956436725857445,10.57568901106057,2.1453545327669348,1.5714285714285714,0.6957070707070707,0.09838709677419355,0.20526315789473684,0.0625,0.375,0.34375,0.1875,0.0
S2,4,W04_C5,Held-out,14.0,3.5000000000000004,0.26377909598044225,0.25,5.541826478197017,15.328597830538586,3.247552348017957,0.5,0.8823529411764706,0.058823529411764705,0.058823529411764705,0.14285714285714285,0.2857142857142857,0.14285714285714285,0.35714285714285715,0.07142857142857142
S2,4,W04_C5,EVAE,16.5,4.125,0.25107075309944216,1.0,5.436984292317737,10.768420116106682,3.853323890798005,1.063973063973064,0.7666666666666667,0.08854166666666666,0.14285714285714285,0.06458333333333333,0.4017857142857143,0.3125,0.16025641025641024,0.06066176470588235
S2,4,W04_C5,ADFNE,16.0,4.0,0.2117369723282453,1.25,4.206440302815333,10.031408443304583,2.4492921662652103,1.2553846153846155,0.7376344086021505,0.093841642228739,0.1639784946236559,0.0625,0.3125,0.3125,0.1875,0.0625
S2,4,W04_C5,KDE,16.0,4.0,0.22434423892119099,1.5,5.0611544509994,10.020988796065613,2.2979149249586763,1.4342857142857142,0.7119815668202765,0.09250474383301707,0.1905241935483871,0.0625,0.3125,0.375,0.1875,0.0625
S2,4,W04_C6,Held-out,14.0,3.5000000000000004,0.25905405553288136,0.5,6.511450941302661,9.91213555696402,3.840765471182853,1.0,0.7777777777777778,0.1111111111111111,0.1111111111111111,0.07142857142857142,0.2857142857142857,0.2857142857142857,0.2857142857142857,0.07142857142857142
S2,4,W04_C6,EVAE,17.0,4.25,0.24577251824779883,1.0,5.278263092041016,10.834536735913147,3.8737567623143163,1.0,0.7828282828282829,0.08759590792838876,0.13348164627363737,0.14583333333333331,0.3333333333333333,0.26666666666666666,0.15490196078431373,0.06666666666666667
S2,4,W04_C6,ADFNE,16.0,4.0,0.23591538371940646,1.5,4.764529790478291,10.906911211021871,2.5486890991034583,1.4907407407407407,0.7077798861480076,0.08823529411764706,0.2,0.0625,0.3125,0.375,0.1875,0.0625
S2,4,W04_C6,KDE,16.0,4.0,0.22003174317175783,1.7500000000000002,5.12310832847623,9.834476067711094,2.4043307827127594,1.5192307692307692,0.7003367003367004,0.0942350332594235,0.20950888192267503,0.0625,0.3125,0.375,0.1875,0.0625
S2,4,W04_C7,Held-out,7.0,1.7500000000000002,0.1334614129017256,0.0,5.018504269683641,15.556154386073118,4.9601997831235165,0.0,1.0,0.0,0.0,0.0,0.2857142857142857,0.2857142857142857,0.42857142857142855,0.0
S2,4,W04_C7,EVAE,15.5,3.875,0.2364724020838418,0.75,5.246865987438126,11.02757114171982,4.021329786739107,1.0,0.782608695652174,0.08893280632411067,0.1188235294117647,0.12916666666666665,0.3333333333333333,0.27222222222222225,0.1875,0.09401709401709402
S2,4,W04_C7,ADFNE,16.0,4.0,0.21761737798609382,1.25,4.389760823774674,10.85808521681944,2.3431654885531747,1.4423076923076923,0.699666295884316,0.125,0.16904761904761906,0.0625,0.3125,0.3125,0.1875,0.0625
S2,4,W04_C7,KDE,16.0,4.0,0.23112274501775948,1.5,5.236255666587214,9.933513134517332,2.200880767076577,1.6904761904761905,0.6561576354679803,0.1117109634551495,0.19669117647058823,0.0625,0.34375,0.3125,0.21875,0.0625
S2,4,W04_C8,Held-out,8.0,2.0,0.13891592750526677,0.25,5.972609851824975,10.815706270223318,4.308812436409861,1.0,0.7777777777777778,0.1111111111111111,0.1111111111111111,0.125,0.375,0.25,0.25,0.0
S2,4,W04_C8,EVAE,16.0,4.0,0.23944603454880864,0.75,5.3146883845329285,10.576250715577345,3.852865079407053,0.8792270531400965,0.8074074074074074,0.08114035087719298,0.125,0.125,0.23529411764705882,0.3333333333333333,0.2222222222222222,0.06666666666666667
S2,4,W04_C8,ADFNE,16.0,4.0,0.22167803955166993,1.7500000000000002,4.868533394634058,10.909650482235062,2.426984654718752,1.6794871794871795,0.6666666666666666,0.11417748917748918,0.21651785714285715,0.0625,0.375,0.375,0.125,0.0625
S2,4,W04_C8,KDE,16.0,4.0,0.22964120444117064,1.7500000000000002,5.072863359855582,9.355546201896388,2.275480249545734,1.554945054945055,0.6854575163398693,0.10977443609022555,0.21717171717171718,0.0625,0.375,0.375,0.1875,0.0625
S2,5,W05_C1,Held-out,18.0,4.5,0.3467098852637425,0.75,6.655195859095015,11.39567748827664,3.226338082839304,1.0,0.7777777777777778,0.1111111111111111,0.1111111111111111,0.05555555555555555,0.5,0.1111111111111111,0.1111111111111111,0.2222222222222222
S2,5,W05_C1,EVAE,16.0,4.0,0.2548923809846796,1.25,5.641538715222838,11.475937843322756,3.8540811810758315,1.2264957264957266,0.75,0.09449404761904762,0.18019480519480519,0.05718954248366013,0.4226190476190476,0.25,0.1213235294117647,0.125
S2,5,W05_C1,ADFNE,15.0,3.75,0.21687981242075316,1.25,4.52981673130158,11.077643009393622,2.475544986230303,1.4285714285714284,0.7142857142857143,0.09375,0.17424242424242425,0.03333333333333333,0.4,0.26666666666666666,0.13333333333333333,0.06666666666666667
S2,5,W05_C1,KDE,15.0,3.75,0.21638635701134856,1.25,5.2797319985575415,10.175834953055148,2.501033903518789,1.3333333333333333,0.7214439655172413,0.11088709677419355,0.15625,0.06666666666666667,0.3333333333333333,0.26666666666666666,0.2,0.13333333333333333
S2,5,W05_C2,Held-out,20.0,5.0,0.32042237361743786,0.5,5.768780979091961,11.148926287469656,3.030381797191848,0.34782608695652173,0.92,0.0,0.08,0.05,0.6,0.25,0.1,0.0
S2,5,W05_C2,EVAE,14.0,3.5000000000000004,0.2311902972307566,1.125,5.814471719797673,11.457509994506838,4.034097605630433,1.2635467980295567,0.7428571428571429,0.09545454545454546,0.17316341829085458,0.05131578947368421,0.46153846153846156,0.2264957264957265,0.15384615384615385,0.15192307692307694
S2,5,W05_C2,ADFNE,15.0,3.75,0.2212994558982703,1.375,5.210459157082042,10.886219513062894,2.4391580071375696,1.4324942791762014,0.7165178571428572,0.09375,0.18990384615384615,0.06666666666666667,0.3666666666666667,0.3,0.2,0.13333333333333333
S2,5,W05_C2,KDE,15.0,3.75,0.22527140026492892,1.5,5.410922937992177,10.45281936775805,2.4141989047053145,1.603896103896104,0.68125,0.0953996983408748,0.20022246941045607,0.06666666666666667,0.4,0.26666666666666666,0.2,0.13333333333333333
S2,5,W05_C3,Held-out,17.0,4.25,0.30086403323803823,0.75,6.082605938997569,12.062526197998293,2.7202085973008123,1.3333333333333333,0.7142857142857143,0.14285714285714285,0.14285714285714285,0.11764705882352941,0.4117647058823529,0.35294117647058826,0.11764705882352941,0.0
S2,5,W05_C3,EVAE,13.5,3.375,0.21865590235211543,0.75,5.4944809667364884,11.550438642501831,4.161330868554968,1.0,0.7801932367149759,0.09035326086956522,0.13418290854572712,0.059027777777777776,0.46153846153846156,0.2638888888888889,0.14285714285714285,0.125
S2,5,W05_C3,ADFNE,15.0,3.75,0.20153732273756264,1.25,4.464270101281167,10.11158039761024,2.560400284489992,1.2173913043478262,0.75,0.07275132275132275,0.17857142857142858,0.06666666666666667,0.4,0.3333333333333333,0.13333333333333333,0.13333333333333333
S2,5,W05_C3,KDE,15.0,3.75,0.1929916089793059,1.25,4.448857717947593,9.107520897023399,2.4476447582923457,1.4156521739130434,0.6896551724137931,0.1111111111111111,0.17261904761904762,0.0,0.4,0.26666666666666666,0.2,0.13333333333333333
S2,5,W05_C4,Held-out,17.0,4.25,0.2933439100894184,0.5,5.786156737430273,12.534539731692448,2.6076797690754656,1.0,0.7727272727272727,0.13636363636363635,0.09090909090909091,0.0,0.5882352941176471,0.29411764705882354,0.058823529411764705,0.058823529411764705
S2,5,W05_C4,EVAE,13.0,3.25,0.22407923485724746,0.875,5.9314751625061035,11.645367294549946,3.969890578592401,1.101010101010101,0.7609523809523809,0.08035714285714285,0.14039408866995073,0.058823529411764705,0.36877828054298645,0.25,0.16666666666666666,0.09429824561403508
S2,5,W05_C4,ADFNE,15.0,3.75,0.20597611980575076,1.125,4.477465487523858,10.399392988228652,2.5854713422538946,1.207977207977208,0.7459677419354839,0.09526209677419355,0.15504807692307693,0.06666666666666667,0.4,0.3,0.16666666666666669,0.06666666666666667
S2,5,W05_C4,KDE,15.0,3.75,0.20087165723379252,1.25,5.121641731162854,9.493175708139415,2.382970237494032,1.3066666666666666,0.7333333333333333,0.0761904761904762,0.16666666666666666,0.06666666666666667,0.3333333333333333,0.3,0.2,0.06666666666666667
S2,5,W05_C5,Held-out,17.0,4.25,0.28297986919895785,0.25,5.679717868908276,11.659610412940157,2.297728684987967,1.5238095238095237,0.6363636363636364,0.3181818181818182,0.045454545454545456,0.0,0.35294117647058826,0.23529411764705882,0.23529411764705882,0.17647058823529413
S2,5,W05_C5,EVAE,13.0,3.25,0.21860456220335142,0.75,5.81407720189132,11.540509308394022,4.050762513476657,0.8888888888888888,0.8138528138528138,0.06226053639846743,0.13664596273291924,0.06971153846153846,0.3431372549019608,0.23076923076923078,0.1715686274509804,0.15384615384615385
S2,5,W05_C5,ADFNE,15.0,3.75,0.20269075286470575,1.0,4.3114382082303315,9.41003644328465,2.6107494510464164,1.0839160839160837,0.7583333333333333,0.10555555555555556,0.14814814814814814,0.03333333333333333,0.4,0.26666666666666666,0.2,0.13333333333333333
S2,5,W05_C5,KDE,15.0,3.75,0.21764697682687792,1.25,5.447044007887218,9.989910727667166,2.6287258473936452,1.5348148148148146,0.6833333333333333,0.11555555555555555,0.16666666666666666,0.06666666666666667,0.3333333333333333,0.26666666666666666,0.2,0.06666666666666667
S2,5,W05_C6,Held-out,18.0,4.5,0.28489894154677775,0.5,4.745790391651382,10.681179323613785,2.5911235598160216,0.7272727272727273,0.8333333333333334,0.08333333333333333,0.08333333333333333,0.0,0.16666666666666666,0.5,0.1111111111111111,0.2222222222222222
S2,5,W05_C6,EVAE,13.0,3.25,0.2164841365913351,0.75,5.6924376387116755,11.423124683230359,4.02136065326426,1.0955882352941178,0.775,0.05263157894736842,0.1539473684210526,0.08333333333333333,0.3076923076923077,0.23076923076923078,0.25,0.15384615384615385
S2,5,W05_C6,ADFNE,15.0,3.75,0.20702904588312068,1.25,5.075228170562516,9.942832264374568,2.1960961492858937,1.3599999999999999,0.7142857142857143,0.09005376344086022,0.1875,0.06666666666666667,0.4,0.26666666666666666,0.13333333333333333,0.13333333333333333
S2,5,W05_C6,KDE,15.0,3.75,0.21520911387937963,1.7500000000000002,5.255265123692141,9.714106790208648,2.210820714317503,1.7261538461538461,0.6715686274509804,0.11805555555555555,0.22580645161290322,0.06666666666666667,0.4,0.26666666666666666,0.2,0.1
S2,5,W05_C7,Held-out,18.0,4.5,0.27488932910946245,0.5,5.4134371305921425,10.67165083615251,3.0089793752468768,0.9523809523809523,0.782608695652174,0.13043478260869565,0.08695652173913043,0.0,0.2222222222222222,0.3333333333333333,0.3333333333333333,0.1111111111111111
S2,5,W05_C7,EVAE,13.0,3.25,0.21743962294897506,0.875,5.443075281423843,11.379897838020856,4.165936782991366,0.9561904761904761,0.8,0.054093567251461985,0.14835164835164835,0.07142857142857142,0.3076923076923077,0.2403846153846154,0.2857142857142857,0.14835164835164835
S2,5,W05_C7,ADFNE,15.0,3.75,0.20736472058217675,1.625,4.722603221007507,11.400723116957241,2.7399833161349223,1.6153846153846154,0.6911764705882353,0.08957219251336898,0.22227822580645162,0.06666666666666667,0.3666666666666667,0.26666666666666666,0.13333333333333333,0.13333333333333333
S2,5,W05_C7,KDE,15.0,3.75,0.22412113178175674,1.5,5.677588493386129,9.788734994761846,2.4734155467022876,1.468013468013468,0.7047930283224402,0.10044642857142858,0.18936678614097968,0.03333333333333333,0.3666666666666667,0.3333333333333333,0.16666666666666669,0.13333333333333333
S2,5,W05_C8,Held-out,19.0,4.75,0.3000288728304241,0.75,6.357388180674631,10.083856629222733,3.427027980087037,1.44,0.6785714285714286,0.21428571428571427,0.10714285714285714,0.10526315789473684,0.21052631578947367,0.21052631578947367,0.3157894736842105,0.15789473684210525
S2,5,W05_C8,EVAE,13.0,3.25,0.2098186537529608,0.75,5.73158311533874,11.30537992137362,4.0338660912844215,0.898989898989899,0.8086080586080586,0.07289002557544758,0.12771739130434784,0.08333333333333333,0.25,0.21428571428571427,0.3333333333333333,0.14285714285714285
S2,5,W05_C8,ADFNE,15.0,3.75,0.2094434062102604,1.125,4.370411891061028,10.410923414615667,2.7399553208612035,1.0769230769230769,0.7769886363636364,0.07019704433497537,0.15504807692307693,0.06666666666666667,0.4,0.26666666666666666,0.2,0.06666666666666667
S2,5,W05_C8,KDE,15.0,3.75,0.21699602240082547,1.5,4.99375325436009,9.411284162271814,2.4498855759790423,1.308695652173913,0.7357549857549857,0.08391608391608392,0.18181818181818182,0.06666666666666667,0.3666666666666667,0.26666666666666666,0.2,0.13333333333333333
S2,6,W06_C1,Held-out,24.0,6.825938566552901,0.38839692265529957,1.137656427758817,5.378163305792594,8.309629908384643,1.8604537527422829,0.8372093023255814,0.8085106382978723,0.10638297872340426,0.0851063829787234,0.0,0.4583333333333333,0.3333333333333333,0.041666666666666664,0.16666666666666666
S2,6,W06_C1,EVAE,13.0,3.6973833902161553,0.23659784251390886,0.8532423208191127,5.835883060672462,11.465733783252771,3.9083461554622003,1.0596491228070175,0.7619047619047619,0.09761904761904762,0.12333965844402277,0.0,0.4226190476190476,0.23076923076923078,0.15476190476190477,0.16666666666666666
S2,6,W06_C1,ADFNE,13.0,3.6973833902161553,0.21426441245327588,1.137656427758817,4.698791825959353,10.73226942038854,2.6879653007182185,1.126984126984127,0.7735042735042735,0.07417582417582418,0.16025641025641024,0.07692307692307693,0.38461538461538464,0.2692307692307693,0.15384615384615385,0.07692307692307693
S2,6,W06_C1,KDE,13.0,3.6973833902161553,0.201351499960427,1.5642775881683733,5.265202554213946,9.225021313464913,2.5562024182721066,1.393939393939394,0.728735632183908,0.06559139784946236,0.19523809523809524,0.0,0.38461538461538464,0.2692307692307693,0.23076923076923078,0.15384615384615385
S2,6,W06_C2,Held-out,21.0,5.972696245733789,0.301552835209183,0.8532423208191127,4.586136073607414,7.229137004989051,2.9627885251934067,0.9142857142857143,0.7894736842105263,0.13157894736842105,0.07894736842105263,0.0,0.5714285714285714,0.3333333333333333,0.09523809523809523,0.0
S2,6,W06_C2,EVAE,12.0,3.4129692832764507,0.2245220195017625,0.5688282138794085,5.7724286575094705,11.776889371022026,4.062286766798447,0.8654970760233918,0.8138528138528138,0.05555555555555555,0.11324786324786325,0.03333333333333333,0.4166666666666667,0.25,0.16666666666666666,0.16666666666666666
S2,6,W06_C2,ADFNE,13.0,3.6973833902161553,0.1833291323797223,1.137656427758817,4.1821071618364725,9.440391734083267,2.456232210921703,1.1168831168831168,0.755,0.08893280632411067,0.15192307692307694,0.0,0.34615384615384615,0.34615384615384615,0.23076923076923078,0.11538461538461539
S2,6,W06_C2,KDE,13.0,3.6973833902161553,0.19125562687590575,1.137656427758817,4.6823571320236255,9.170045689361071,2.296326988506083,1.25,0.7429467084639498,0.08333333333333333,0.17316341829085458,0.0,0.38461538461538464,0.23076923076923078,0.23076923076923078,0.07692307692307693
S2,6,W06_C3,Held-out,19.0,5.403868031854381,0.43186370800513113,1.99089874857793,6.781479266351946,15.014232883096385,2.777843718511253,1.935483870967742,0.6052631578947368,0.21052631578947367,0.18421052631578946,0.05263157894736842,0.5789473684210527,0.3684210526315789,0.0,0.0
S2,6,W06_C3,EVAE,13.0,3.6973833902161553,0.2265746319578205,0.8532423208191127,5.68903454195539,11.293512417934611,3.975779834061877,1.0526315789473684,0.770979020979021,0.07692307692307693,0.13339920948616601,0.0,0.4166666666666667,0.26136363636363635,0.15384615384615385,0.14835164835164835
S2,6,W06_C3,ADFNE,13.0,3.6973833902161553,0.18582792198798634,1.137656427758817,4.187272543467481,9.534307670986212,2.553003132767691,1.2315789473684209,0.7453703703703703,0.08514492753623187,0.17786561264822134,0.0,0.3076923076923077,0.3076923076923077,0.19230769230769232,0.07692307692307693
S2,6,W06_C3,KDE,13.0,3.6973833902161553,0.21549888715944637,1.137656427758817,5.246860374477604,9.839032086309674,2.174090859307279,1.3333333333333333,0.7154882154882155,0.09717868338557994,0.18019480519480519,0.0,0.38461538461538464,0.2692307692307693,0.23076923076923078,0.15384615384615385
S2,6,W06_C4,Held-out,19.0,5.403868031854381,0.3529510820943094,1.99089874857793,6.284149963863907,9.759081441029629,2.2883759944811217,1.5757575757575757,0.675,0.15,0.175,0.05263157894736842,0.47368421052631576,0.2631578947368421,0.10526315789473684,0.10526315789473684
S2,6,W06_C4,EVAE,13.0,3.6973833902161553,0.24008022280293065,0.8532423208191127,5.646147623675318,11.339237540960317,4.099962206502195,0.9761904761904762,0.7735042735042735,0.06066176470588235,0.13664596273291924,0.0,0.4391025641025641,0.25,0.10882352941176471,0.14285714285714285
S2,6,W06_C4,ADFNE,13.0,3.6973833902161553,0.21732231881164799,1.137656427758817,4.813767441029148,10.361324911248158,2.7426714784404727,1.6181818181818182,0.6809090909090909,0.11538461538461539,0.19047619047619047,0.0,0.38461538461538464,0.3076923076923077,0.23076923076923078,0.07692307692307693
S2,6,W06_C4,KDE,13.0,3.6973833902161553,0.20505786487042138,1.4220705346985212,5.371270056747157,9.47023145198542,2.326351861503457,1.3272311212814645,0.7371428571428571,0.041666666666666664,0.17857142857142858,0.0,0.38461538461538464,0.23076923076923078,0.23076923076923078,0.15384615384615385
S2,6,W06_C5,Held-out,14.0,3.98179749715586,0.21285221664708218,0.0,4.4494208343738295,9.151328533785524,2.5886175912546543,0.3076923076923077,0.9230769230769231,0.07692307692307693,0.0,0.07142857142857142,0.2857142857142857,0.14285714285714285,0.35714285714285715,0.14285714285714285
S2,6,W06_C5,EVAE,13.0,3.6973833902161553,0.23621881227108793,0.8532423208191127,5.860718037511406,11.439282615197978,3.9967253964552523,1.1437908496732025,0.7613636363636364,0.0757142857142857,0.15192307692307694,0.06203007518796992,0.26794258373205737,0.3038461538461539,0.20714285714285713,0.16228070175438597
S2,6,W06_C5,ADFNE,13.0,3.6973833902161553,0.19843942131123127,1.137656427758817,4.609768971775179,10.148926174792145,2.4855515922974223,1.36231884057971,0.7171428571428571,0.10195852534562211,0.17261904761904762,0.0,0.38461538461538464,0.3076923076923077,0.15384615384615385,0.07692307692307693
S2,6,W06_C5,KDE,13.0,3.6973833902161553,0.2159726770483727,1.4220705346985212,5.014458807103743,9.72249542442042,2.4656680421108756,1.555023923444976,0.6926536731634183,0.10727969348659003,0.22653958944281524,0.0,0.34615384615384615,0.3076923076923077,0.19230769230769232,0.15384615384615385
S2,6,W06_C6,Held-out,11.0,3.128555176336747,0.2942541379513464,1.7064846416382253,8.361312726714532,16.05152969724085,2.3498449404995476,1.8,0.6538461538461539,0.11538461538461539,0.23076923076923078,0.0,0.36363636363636365,0.36363636363636365,0.2727272727272727,0.0
S2,6,W06_C6,EVAE,12.5,3.555176336746303,0.22807961046686703,0.8532423208191127,5.764658823609353,11.408408761024477,4.098046219311453,1.0,0.7841614906832298,0.08695652173913043,0.13339920948616601,0.027777777777777776,0.27525252525252525,0.3205128205128205,0.16025641025641024,0.15384615384615385
S2,6,W06_C6,ADFNE,13.0,3.6973833902161553,0.2004496458833587,1.137656427758817,4.998889653958763,10.33798024981118,2.682230501686842,1.303030303030303,0.7275132275132274,0.08893280632411067,0.18019480519480519,0.0,0.38461538461538464,0.3076923076923077,0.15384615384615385,0.07692307692307693
S2,6,W06_C6,KDE,13.0,3.6973833902161553,0.20370900051478322,1.137656427758817,4.820317221836714,8.3588360576259,2.489874664840136,1.303030303030303,0.723731884057971,0.09902597402597402,0.16695652173913045,0.0,0.38461538461538464,0.3076923076923077,0.15384615384615385,0.07692307692307693
S2,6,W06_C7,Held-out,15.0,4.266211604095563,0.28435600879738815,0.5688282138794085,6.025184619368284,10.979254673655118,2.34834907385374,0.4444444444444444,0.896551724137931,0.034482758620689655,0.06896551724137931,0.0,0.26666666666666666,0.4,0.2,0.13333333333333333
S2,6,W06_C7,EVAE,12.5,3.555176336746303,0.23201425799621178,0.8532423208191127,5.743336561421951,10.964243538686928,4.045108161536337,1.0787878787878786,0.7623529411764706,0.09600614439324116,0.13636363636363635,0.059027777777777776,0.25,0.3333333333333333,0.17424242424242425,0.16666666666666666
S2,6,W06_C7,ADFNE,13.0,3.6973833902161553,0.22995482675219026,1.137656427758817,5.237900455934897,11.122819083422119,2.625136074434121,1.6198830409356724,0.6870629370629371,0.11555555555555555,0.17786561264822134,0.0,0.38461538461538464,0.34615384615384615,0.15384615384615385,0.07692307692307693
S2,6,W06_C7,KDE,13.0,3.6973833902161553,0.20649864688767555,1.137656427758817,5.2900250088402325,9.661574345818558,2.4948396444116043,1.126984126984127,0.75,0.0754985754985755,0.16954022988505746,0.0,0.38461538461538464,0.3076923076923077,0.23076923076923078,0.07692307692307693
S2,6,W06_C8,Held-out,6.0,1.7064846416382253,0.15047378648833223,0.28441410693970426,7.596961118502397,13.88250691574953,6.539325736221294,0.4444444444444444,0.9,0.0,0.1,0.0,0.0,0.3333333333333333,0.3333333333333333,0.3333333333333333
S2,6,W06_C8,EVAE,12.5,3.555176336746303,0.22489800213813832,0.8532423208191127,5.802417573204277,11.198869098262588,4.0126446458949925,1.1596638655462184,0.7573529411764706,0.09166666666666667,0.14852941176470588,0.0,0.25,0.275,0.25,0.16228070175438597
S2,6,W06_C8,ADFNE,13.0,3.6973833902161553,0.20810084643608376,1.137656427758817,4.520741463963577,10.444658160224598,2.6704288360277815,1.3333333333333333,0.729020979020979,0.08514492753623187,0.1709090909090909,0.0,0.38461538461538464,0.38461538461538464,0.15384615384615385,0.07692307692307693
S2,6,W06_C8,KDE,13.0,3.6973833902161553,0.19886115183773453,1.4220705346985212,5.313329448970696,9.193562310268637,2.5939577841800316,1.4619047619047618,0.7115384615384615,0.07870370370370369,0.19139194139194138,0.0,0.3076923076923077,0.23076923076923078,0.23076923076923078,0.07692307692307693
S3,0,W00_C1,Held-out,26.0,8.419689119170984,0.36886493083918165,0.6476683937823834,3.9767038372290573,8.80727841104836,2.280035603598655,0.43478260869565216,0.8958333333333334,0.0625,0.041666666666666664,0.07692307692307693,0.3076923076923077,0.46153846153846156,0.07692307692307693,0.07692307692307693
S3,0,W00_C1,EVAE,11.0,3.562176165803109,0.20218985795967812,0.6476683937823834,4.601413298556322,10.007056820749405,4.084710026093115,0.9230769230769231,0.8110119047619048,0.06666666666666667,0.12916666666666665,0.09090909090909091,0.2727272727272727,0.25,0.17424242424242425,0.16666666666666666
S3,0,W00_C1,ADFNE,11.0,3.562176165803109,0.2033554855780701,0.9715025906735751,4.918561132955528,10.920738797420958,2.696893611844713,0.9411764705882353,0.7947368421052632,0.05131578947368421,0.15476190476190477,0.09090909090909091,0.36363636363636365,0.3181818181818182,0.18181818181818182,0.09090909090909091
S3,0,W00_C1,KDE,11.0,3.562176165803109,0.19055901470915781,0.9715025906735751,4.988327715689589,8.58158769657365,2.2873459810069283,1.225,0.7445652173913043,0.067816091954023,0.16228070175438597,0.0,0.36363636363636365,0.2727272727272727,0.18181818181818182,0.09090909090909091
S3,0,W00_C2,Held-out,20.0,6.476683937823833,0.3247269720332753,0.9715025906735751,4.726287068764206,7.382177955887855,2.397915277801721,0.8235294117647058,0.8108108108108109,0.10810810810810811,0.08108108108108109,0.1,0.2,0.5,0.05,0.15
S3,0,W00_C2,EVAE,10.0,3.2383419689119166,0.19840514420885408,0.3238341968911917,4.5733283403798435,10.24895679068294,4.232407220745367,0.7165775401069518,0.8441295546558705,0.07142857142857142,0.08012820512820512,0.08712121212121213,0.3,0.2727272727272727,0.18181818181818182,0.18181818181818182
S3,0,W00_C2,ADFNE,11.0,3.562176165803109,0.19622248316803212,1.2953367875647668,4.955823293895174,9.919925407460187,2.6451571825424534,1.261437908496732,0.7559288537549407,0.054093567251461985,0.17786561264822134,0.0,0.36363636363636365,0.3181818181818182,0.18181818181818182,0.09090909090909091
S3,0,W00_C2,KDE,11.0,3.562176165803109,0.21650463453857652,1.6191709844559583,5.424636180913906,9.435421040361506,2.678797038888893,1.55,0.7142857142857143,0.10555555555555556,0.2128623188405797,0.045454545454545456,0.36363636363636365,0.2727272727272727,0.2727272727272727,0.09090909090909091
S3,0,W01_C1,Held-out,11.0,2.75,0.24174297797332564,0.0,7.961050791263737,13.013510234084533,3.9891290048993024,0.0,1.0,0.0,0.0,0.09090909090909091,0.09090909090909091,0.2727272727272727,0.5454545454545454,0.0
S3,0,W01_C1,EVAE,13.5,3.375,0.1967932528794178,0.5,5.017064944192548,9.953716635704042,4.196070963896781,0.8,0.820855614973262,0.05555555555555555,0.10317460317460317,0.07142857142857142,0.14835164835164835,0.25,0.3333333333333333,0.17424242424242425
S3,0,W01_C1,ADFNE,14.0,3.5000000000000004,0.2102407345907855,1.25,5.492150793836566,11.070567167272117,2.663789407621514,1.3956521739130434,0.7225274725274725,0.09375,0.1835016835016835,0.0,0.35714285714285715,0.35714285714285715,0.21428571428571427,0.07142857142857142
S3,0,W01_C1,KDE,14.0,3.5000000000000004,0.20126388077981489,1.0,5.38488643435774,9.377231525491679,2.5052783965596293,1.1314285714285715,0.75,0.11324786324786325,0.150997150997151,0.0,0.2857142857142857,0.2857142857142857,0.2857142857142857,0.14285714285714285
S3,0,W01_C2,Held-out,10.0,2.5,0.17345085618346825,0.0,4.716512662884094,15.137111043789545,4.196597783358961,0.3333333333333333,0.9166666666666666,0.08333333333333333,0.0,0.1,0.0,0.4,0.2,0.3
S3,0,W01_C2,EVAE,13.0,3.25,0.2001675286402927,0.25,4.925556757105895,9.873983766594367,4.255326267959612,0.7165775401069518,0.8333333333333334,0.09808612440191387,0.054093567251461985,0.07142857142857142,0.2582417582417582,0.25,0.2792207792207792,0.16025641025641024
S3,0,W01_C2,ADFNE,14.0,3.5000000000000004,0.2020809675240533,1.0,4.912261017715377,9.892764090903682,2.521958186164193,1.2173913043478262,0.7446949602122015,0.07179487179487179,0.16666666666666666,0.07142857142857142,0.35714285714285715,0.2857142857142857,0.21428571428571427,0.07142857142857142
S3,0,W01_C2,KDE,14.0,3.5000000000000004,0.19729853313491796,1.25,5.202907669275804,9.268129103941543,2.7782388081662903,1.3333333333333333,0.7297453703703703,0.10243055555555555,0.18010752688172044,0.07142857142857142,0.2857142857142857,0.2857142857142857,0.21428571428571427,0.14285714285714285
S3,0,W02_C1,Held-out,14.0,3.5000000000000004,0.32891885949031185,1.25,10.186813123587797,14.385309729745117,2.4259103578359693,2.1333333333333333,0.6,0.15,0.25,0.07142857142857142,0.5,0.14285714285714285,0.07142857142857142,0.21428571428571427
S3,0,W02_C1,EVAE,14.0,3.5000000000000004,0.20341807034296283,0.5,5.048089667607991,9.863811552524568,4.153016680087342,0.6967418546365914,0.8416149068322981,0.06349206349206349,0.08695652173913043,0.07142857142857142,0.2761904761904762,0.2792207792207792,0.25,0.15476190476190477
S3,0,W02_C1,ADFNE,14.0,3.5000000000000004,0.20331568714766857,1.0,4.832738099249397,10.560179062125435,2.73687070463307,1.3879598662207357,0.7169076751946608,0.0754985754985755,0.150997150997151,0.0,0.35714285714285715,0.3214285714285714,0.17857142857142855,0.07142857142857142
S3,0,W02_C1,KDE,14.0,3.5000000000000004,0.19485719082168157,1.125,4.996384210495787,10.018013495928411,2.5480860052862524,1.3333333333333333,0.7089947089947091,0.0754985754985755,0.16312997347480107,0.07142857142857142,0.2857142857142857,0.2857142857142857,0.2857142857142857,0.07142857142857142
S3,0,W02_C2,Held-out,10.0,2.5,0.25083376894444753,1.25,10.218133675874576,15.896584126163255,2.8544575686984337,2.2222222222222223,0.6428571428571429,0.0,0.35714285714285715,0.0,0.3,0.5,0.2,0.0
S3,0,W02_C2,EVAE,14.0,3.5000000000000004,0.2011356960919672,0.5,4.974614735835701,10.034575134515762,4.207321232203062,0.5857142857142856,0.866600790513834,0.04880952380952381,0.09307359307359307,0.07142857142857142,0.2857142857142857,0.24871794871794872,0.26136363636363635,0.1380952380952381
S3,0,W02_C2,ADFNE,14.0,3.5000000000000004,0.19406932887266226,1.0,4.784810137118984,10.122715142376729,2.7173614604435503,1.2030075187969924,0.76,0.09166666666666667,0.17028985507246375,0.07142857142857142,0.35714285714285715,0.25,0.25,0.07142857142857142
S3,0,W02_C2,KDE,14.0,3.5000000000000004,0.19988533698608585,1.25,4.958575852174977,9.257387892851947,2.181124264657176,1.4195804195804196,0.7112268518518519,0.10529556650246305,0.17549261083743845,0.03571428571428571,0.2857142857142857,0.2857142857142857,0.21428571428571427,0.14285714285714285
S3,0,W03_C1,Held-out,16.0,4.0,0.2509362444756549,0.25,7.704398122767024,10.070671318371105,2.1498836208574135,0.9411764705882353,0.7777777777777778,0.16666666666666666,0.05555555555555555,0.0625,0.25,0.5625,0.125,0.0
S3,0,W03_C1,EVAE,14.0,3.5000000000000004,0.19485686261878882,0.5,4.77358052149671,9.818937480449677,4.282456884349751,0.6967418546365914,0.8452380952380952,0.06066176470588235,0.09090909090909091,0.03333333333333333,0.34523809523809523,0.26136363636363635,0.2403846153846154,0.13333333333333333
S3,0,W03_C1,ADFNE,14.0,3.5000000000000004,0.1797981600152675,0.75,4.132697003612772,10.530870143689022,2.788464313756559,1.2450592885375493,0.732051282051282,0.0754985754985755,0.12,0.07142857142857142,0.35714285714285715,0.2857142857142857,0.21428571428571427,0.07142857142857142
S3,0,W03_C1,KDE,14.0,3.5000000000000004,0.1996867917025342,1.0,4.892767585868516,9.587217023509691,2.4053443333675224,1.0217391304347827,0.7857142857142857,0.0754985754985755,0.14814814814814814,0.07142857142857142,0.3214285714285714,0.2857142857142857,0.25,0.14285714285714285
S3,0,W03_C2,Held-out,18.0,4.5,0.2809170931001529,0.5,4.544891010979641,11.50645758163238,3.4432864807751384,0.36363636363636365,0.9166666666666666,0.0,0.08333333333333333,0.05555555555555555,0.3888888888888889,0.3333333333333333,0.2222222222222222,0.0
S3,0,W03_C2,EVAE,14.0,3.5000000000000004,0.1980781736348742,0.5,4.943151295871394,9.810509771108627,4.290220891367715,0.6157894736842104,0.8603896103896104,0.04880952380952381,0.08893280632411067,0.03333333333333333,0.35714285714285715,0.2857142857142857,0.21428571428571427,0.14285714285714285
S3,0,W03_C2,ADFNE,14.0,3.5000000000000004,0.2020341920804512,1.0,4.3741909888049175,10.770875959336323,2.6559964543144146,1.1054545454545455,0.7639257294429709,0.08514492753623187,0.15384615384615385,0.0,0.35714285714285715,0.2857142857142857,0.21428571428571427,0.10714285714285714
S3,0,W03_C2,KDE,14.0,3.5000000000000004,0.21084554588861937,1.625,5.587436690735501,9.651292140805383,2.465574884599528,1.6247139588100685,0.6861538461538461,0.10344827586206896,0.20283479960899314,0.03571428571428571,0.2857142857142857,0.2857142857142857,0.21428571428571427,0.14285714285714285
S3,0,W04_C1,Held-out,14.0,3.5000000000000004,0.2657556868500553,0.0,6.726269852724834,11.002722080517916,3.0645079351397713,0.21052631578947367,0.9473684210526315,0.05263157894736842,0.0,0.0,0.42857142857142855,0.42857142857142855,0.0,0.14285714285714285
S3,0,W04_C1,EVAE,14.0,3.5000000000000004,0.20211005602134707,0.5,4.864198727132196,9.786282232673111,4.173282097679952,0.7375565610859729,0.8377192982456141,0.054093567251461985,0.09090909090909091,0.03333333333333333,0.38461538461538464,0.23076923076923078,0.21428571428571427,0.13333333333333333
S3,0,W04_C1,ADFNE,14.0,3.5000000000000004,0.1906460521741447,0.875,4.666428615465136,9.813068395737613,2.535936846673642,0.9561904761904761,0.7965517241379311,0.08,0.1371473354231975,0.07142857142857142,0.35714285714285715,0.2857142857142857,0.21428571428571427,0.07142857142857142
S3,0,W04_C1,KDE,14.0,3.5000000000000004,0.20061544963244726,1.0,5.430384513334106,8.929203780811795,2.435226088244682,1.5098814229249014,0.6911375661375662,0.11269841269841269,0.150997150997151,0.07142857142857142,0.35714285714285715,0.21428571428571427,0.21428571428571427,0.07142857142857142
S3,0,W04_C2,Held-out,14.0,3.5000000000000004,0.2999431661813938,1.5,7.123017996811564,15.3534709254793,3.005756522092957,2.5714285714285716,0.55,0.15,0.3,0.0,0.5,0.2857142857142857,0.14285714285714285,0.07142857142857142
S3,0,W04_C2,EVAE,14.0,3.5000000000000004,0.20313631014597486,0.5,4.862860740745905,9.944302499294283,4.33637876570412,0.7114624505928854,0.84,0.05012531328320802,0.08514492753623187,0.03333333333333333,0.35714285714285715,0.2857142857142857,0.21428571428571427,0.11212121212121212
S3,0,W04_C2,ADFNE,14.0,3.5000000000000004,0.17990451817450898,1.125,4.217998424975551,9.503429490886056,2.713028404334599,1.3066666666666666,0.7220689655172414,0.09347826086956522,0.17259259259259258,0.0,0.35714285714285715,0.2857142857142857,0.21428571428571427,0.14285714285714285
S3,0,W04_C2,KDE,14.0,3.5000000000000004,0.20641171193588456,1.125,5.329067059533641,9.099066750198755,2.489547560222701,1.1433333333333335,0.7666666666666667,0.07275132275132275,0.16025641025641024,0.0,0.2857142857142857,0.2857142857142857,0.2857142857142857,0.14285714285714285
S3,0,W05_C1,Held-out,18.0,4.5,0.3467098852637425,0.75,6.655195859095015,11.39567748827664,3.226338082839304,1.0,0.7777777777777778,0.1111111111111111,0.1111111111111111,0.05555555555555555,0.5,0.1111111111111111,0.1111111111111111,0.2222222222222222
S3,0,W05_C1,EVAE,14.0,3.5000000000000004,0.20336346460365123,0.5,4.830499107054857,9.699828095414418,4.244633116013579,0.681159420289855,0.8421052631578947,0.08545454545454545,0.09005376344086022,0.0,0.35714285714285715,0.26136363636363635,0.1846590909090909,0.14835164835164835
S3,0,W05_C1,ADFNE,14.0,3.5000000000000004,0.19531538270013593,1.0,4.777955172378906,11.089497977311044,2.5404249543890645,1.1314285714285715,0.75,0.09761904761904762,0.150997150997151,0.07142857142857142,0.3214285714285714,0.2857142857142857,0.21428571428571427,0.14285714285714285
S3,0,W05_C1,KDE,14.0,3.5000000000000004,0.1993994631496409,1.0,5.314202569394595,9.379421123759418,2.4853168624665085,1.1428571428571428,0.75,0.11422413793103448,0.14039408866995073,0.0,0.35714285714285715,0.2857142857142857,0.2857142857142857,0.07142857142857142
S3,0,W05_C2,Held-out,20.0,5.0,0.32042237361743786,0.5,5.768780979091961,11.148926287469656,3.030381797191848,0.34782608695652173,0.92,0.0,0.08,0.05,0.6,0.25,0.1,0.0
S3,0,W05_C2,EVAE,14.0,3.5000000000000004,0.2072971267436172,0.625,4.876540758954182,10.299769072882839,4.203236960944405,0.7513227513227513,0.8260869565217391,0.07703703703703704,0.09520239880059969,0.0,0.39230769230769236,0.2857142857142857,0.19375,0.125
S3,0,W05_C2,ADFNE,14.0,3.5000000000000004,0.20217209787820714,1.25,4.5745955486879994,10.308982792356684,2.6825057571738444,1.2114285714285713,0.7555831265508686,0.07019704433497537,0.18019480519480519,0.0,0.35714285714285715,0.21428571428571427,0.2857142857142857,0.07142857142857142
S3,0,W05_C2,KDE,14.0,3.5000000000000004,0.20753275898415213,1.25,5.035243769407201,9.892085297109503,2.3706801656616068,1.2149122807017543,0.7488755622188905,0.07846153846153847,0.17316341829085458,0.0,0.2857142857142857,0.2857142857142857,0.21428571428571427,0.14285714285714285
S3,0,W06_C1,Held-out,24.0,6.825938566552901,0.38839692265529957,1.137656427758817,5.378163305792594,8.309629908384643,1.8604537527422829,0.8372093023255814,0.8085106382978723,0.10638297872340426,0.0851063829787234,0.041666666666666664,0.4583333333333333,0.3333333333333333,0.041666666666666664,0.125
S3,0,W06_C1,EVAE,13.5,3.8395904436860073,0.19592362393475976,0.5688282138794085,4.3489027596724235,9.823738008737564,4.150055228062387,0.7338935574229692,0.834096109839817,0.0754985754985755,0.10526315789473684,0.06904761904761905,0.38181818181818183,0.2792207792207792,0.19805194805194803,0.09090909090909091
S3,0,W06_C1,ADFNE,12.0,3.4129692832764507,0.1726722928257328,0.8532423208191127,4.110335079817906,9.742775379083916,2.5551856614146433,0.9444444444444444,0.8,0.054093567251461985,0.13636363636363635,0.08333333333333333,0.3333333333333333,0.3333333333333333,0.16666666666666666,0.08333333333333333
S3,0,W06_C1,KDE,12.0,3.4129692832764507,0.20195067502195213,0.8532423208191127,5.057959239788341,9.764986306431052,2.402478469222758,1.1437908496732025,0.7495652173913043,0.10941644562334218,0.13339920948616601,0.0,0.3333333333333333,0.25,0.25,0.16666666666666666
S3,0,W06_C2,Held-out,21.0,5.972696245733789,0.301552835209183,0.8532423208191127,4.586136073607414,7.229137004989051,2.9627885251934067,0.9142857142857143,0.7894736842105263,0.13157894736842105,0.07894736842105263,0.047619047619047616,0.5238095238095238,0.3333333333333333,0.09523809523809523,0.0
S3,0,W06_C2,EVAE,14.0,3.98179749715586,0.21341324054514454,0.5688282138794085,4.570965152998491,9.963512808084488,4.095294511816545,0.7619047619047619,0.8221343873517787,0.08193979933110368,0.08514492753623187,0.06904761904761905,0.3708791208791209,0.2857142857142857,0.16233766233766234,0.14285714285714285
S3,0,W06_C2,ADFNE,12.0,3.4129692832764507,0.19166511977307155,1.137656427758817,4.466452855199032,10.343193055057679,2.458782568728135,1.219814241486068,0.7445652173913043,0.0757142857142857,0.18614718614718614,0.0,0.3333333333333333,0.25,0.25,0.08333333333333333
S3,0,W06_C2,KDE,12.0,3.4129692832764507,0.193628361234267,1.137656427758817,5.057673340225874,9.001416495191993,2.4317647809424257,1.131578947368421,0.7608695652173914,0.09307359307359307,0.16333333333333333,0.0,0.3333333333333333,0.3333333333333333,0.25,0.08333333333333333
S3,1,W00_C3,Held-out,11.0,3.562176165803109,0.22579231915365777,0.3238341968911917,5.466307606949449,12.379438734455537,2.5365401269167984,0.26666666666666666,0.9375,0.0,0.0625,0.18181818181818182,0.18181818181818182,0.2727272727272727,0.36363636363636365,0.0
S3,1,W00_C3,EVAE,10.0,3.2383419689119166,0.19141466079568448,0.6476683937823834,5.864021157108024,9.91614558432373,3.8930681470600863,1.0,0.7905701754385965,0.08012820512820512,0.11805555555555555,0.0,0.4,0.3,0.1111111111111111,0.1111111111111111
S3,1,W00_C3,ADFNE,11.0,3.562176165803109,0.178023050466726,0.9715025906735751,4.041026769217305,9.321226784211508,2.582300619387679,1.2222222222222223,0.7476190476190476,0.09761904761904762,0.17028985507246375,0.0,0.36363636363636365,0.2727272727272727,0.18181818181818182,0.09090909090909091
S3,1,W00_C3,KDE,11.0,3.562176165803109,0.17938225756724713,0.6476683937823834,4.787430603754595,8.431921140204912,2.4173620308419506,0.6491228070175439,0.8535714285714285,0.05277777777777778,0.09761904761904762,0.0,0.36363636363636365,0.2727272727272727,0.22727272727272727,0.09090909090909091
S3,1,W00_C4,Held-out,15.0,4.857512953367875,0.2889509576183651,0.6476683937823834,4.254291070880981,10.915492373965861,2.89665820756569,0.7692307692307693,0.8214285714285714,0.10714285714285714,0.07142857142857142,0.13333333333333333,0.26666666666666666,0.13333333333333333,0.4666666666666667,0.0
S3,1,W00_C4,EVAE,11.0,3.562176165803109,0.20790588301676954,0.6476683937823834,5.140504837036133,9.95000540661848,3.883800512285883,0.7165775401069518,0.8397435897435898,0.06274509803921569,0.09307359307359307,0.02631578947368421,0.3693181818181818,0.2583333333333333,0.2,0.1111111111111111
S3,1,W00_C4,ADFNE,11.0,3.562176165803109,0.20769465937272075,1.2953367875647668,5.337747988555535,9.41565373106547,2.238998477603105,1.4558823529411766,0.7071428571428571,0.10526315789473684,0.19523809523809524,0.0,0.36363636363636365,0.36363636363636365,0.18181818181818182,0.09090909090909091
S3,1,W00_C4,KDE,11.0,3.562176165803109,0.1968404079220093,0.9715025906735751,4.594178268040153,8.72930238238467,2.6214158482430108,1.0714285714285714,0.7823529411764706,0.05,0.16228070175438597,0.0,0.2727272727272727,0.2727272727272727,0.2727272727272727,0.09090909090909091
S3,1,W01_C3,Held-out,8.0,2.0,0.1809921391839573,0.5,6.741764966517544,17.00135489446169,5.5446748020828505,1.0,0.8,0.0,0.2,0.125,0.375,0.25,0.25,0.0
S3,1,W01_C3,EVAE,13.0,3.25,0.1907892514285298,0.5,5.405613040533124,9.817607194185257,4.099989697620867,0.6862745098039216,0.8416666666666667,0.054093567251461985,0.09090909090909091,0.0,0.3333333333333333,0.26136363636363635,0.22252747252747251,0.09090909090909091
S3,1,W01_C3,ADFNE,14.0,3.5000000000000004,0.18591503542341964,1.125,5.157566823505333,9.763821970270296,2.8559403312222758,1.2315789473684209,0.7453703703703703,0.08545454545454545,0.17692307692307693,0.0,0.35714285714285715,0.2857142857142857,0.21428571428571427,0.07142857142857142
S3,1,W01_C3,KDE,14.0,3.5000000000000004,0.19310397191023393,1.25,5.443733860608379,9.260020482341384,2.478261068978057,1.42,0.7118518518518518,0.09902597402597402,0.16666666666666666,0.03571428571428571,0.2857142857142857,0.2857142857142857,0.21428571428571427,0.10714285714285714
S3,1,W01_C4,Held-out,8.0,2.0,0.14716949047798555,0.0,7.216071693278381,11.296019675373284,5.886024398374073,0.0,1.0,0.0,0.0,0.0,0.125,0.625,0.125,0.125
S3,1,W01_C4,EVAE,13.0,3.25,0.19039325783887778,0.5,4.801700043702541,9.452713248161647,4.063778863341547,0.9251336898395721,0.7947368421052632,0.1,0.11555555555555555,0.0,0.3798076923076923,0.23076923076923078,0.25,0.07692307692307693
S3,1,W01_C4,ADFNE,14.0,3.5000000000000004,0.18485989427224492,1.25,4.4795616857094345,10.219274843565138,2.7184218761498746,1.6,0.6946386946386947,0.09018567639257294,0.18187830687830686,0.07142857142857142,0.35714285714285715,0.3214285714285714,0.21428571428571427,0.07142857142857142
S3,1,W01_C4,KDE,14.0,3.5000000000000004,0.18937703203777073,1.25,5.286909102694922,8.955053189967206,2.388227537498948,1.36231884057971,0.7100840336134454,0.093841642228739,0.16993087557603687,0.0,0.35714285714285715,0.35714285714285715,0.21428571428571427,0.07142857142857142
S3,1,W02_C3,Held-out,12.0,3.0,0.224737114365288,0.0,5.580588881548088,10.82567974622304,3.392926882061195,0.2222222222222222,0.9444444444444444,0.05555555555555555,0.0,0.08333333333333333,0.16666666666666666,0.25,0.25,0.25
S3,1,W02_C3,EVAE,13.0,3.25,0.20372107715433652,0.75,5.136291752961473,9.56764329484823,3.986687571126148,0.8705882352941177,0.8074074074074074,0.05808080808080808,0.1111111111111111,0.058823529411764705,0.31009615384615385,0.25,0.30090497737556565,0.08333333333333333
S3,1,W02_C3,ADFNE,14.0,3.5000000000000004,0.18929558992274298,0.875,4.838460991110463,10.028933704442677,2.564997389067825,1.126984126984127,0.767948717948718,0.08,0.14214046822742477,0.07142857142857142,0.35714285714285715,0.39285714285714285,0.17857142857142855,0.07142857142857142
S3,1,W02_C3,KDE,14.0,3.5000000000000004,0.20715016841499717,1.0,5.642264073295671,9.422998274161767,2.462223642972875,1.2240802675585285,0.7370370370370369,0.09722222222222221,0.150997150997151,0.07142857142857142,0.35714285714285715,0.35714285714285715,0.21428571428571427,0.07142857142857142
S3,1,W02_C4,Held-out,11.0,2.75,0.2186032687161348,0.25,6.4848893915995856,11.528705458710874,4.620794910225665,0.3076923076923077,0.9285714285714286,0.0,0.07142857142857142,0.0,0.2727272727272727,0.09090909090909091,0.45454545454545453,0.18181818181818182
S3,1,W02_C4,EVAE,13.0,3.25,0.19339884146015496,0.5,4.9605791139805255,9.419745884431869,4.161704557382255,0.8421052631578947,0.8138528138528138,0.09761904761904762,0.10263157894736842,0.0,0.3484848484848485,0.2062937062937063,0.25,0.07179487179487179
S3,1,W02_C4,ADFNE,14.0,3.5000000000000004,0.18516768480301332,0.75,4.5334604031131525,9.822627502450384,2.5822794541047767,1.0,0.7801932367149759,0.07846153846153847,0.11555555555555555,0.0,0.35714285714285715,0.2857142857142857,0.2857142857142857,0.07142857142857142
S3,1,W02_C4,KDE,14.0,3.5000000000000004,0.19142649421065505,1.25,4.772944688337754,9.042629111260673,2.588640559244837,1.0925925925925926,0.7638888888888888,0.09375,0.15877016129032256,0.0,0.2857142857142857,0.2857142857142857,0.25,0.07142857142857142
S3,1,W03_C3,Held-out,18.0,4.5,0.30318719790480647,0.5,5.751437543683102,12.05918099767147,2.692156347230536,0.7272727272727273,0.8333333333333334,0.08333333333333333,0.08333333333333333,0.0,0.3333333333333333,0.4444444444444444,0.1111111111111111,0.1111111111111111
S3,1,W03_C3,EVAE,13.0,3.25,0.2000963530004596,0.5,5.14996882934241,9.268161624670029,4.115792600728947,0.7083333333333333,0.8377192982456141,0.049516908212560384,0.1111111111111111,0.0,0.40588235294117647,0.3076923076923077,0.23529411764705882,0.07692307692307693
S3,1,W03_C3,ADFNE,14.0,3.5000000000000004,0.20292667544153262,1.125,4.629704376494471,11.383951937146177,2.756189713886803,1.303030303030303,0.7413381123058542,0.05204216073781291,0.18311036789297658,0.07142857142857142,0.2857142857142857,0.3214285714285714,0.2857142857142857,0.03571428571428571
S3,1,W03_C3,KDE,14.0,3.5000000000000004,0.1987453757696904,1.0,5.135698593732651,9.573111440058002,2.504446674738401,1.3333333333333333,0.7303703703703703,0.07387387387387387,0.16064516129032258,0.0,0.35714285714285715,0.25,0.2857142857142857,0.07142857142857142
S3,1,W03_C4,Held-out,16.0,4.0,0.2541253793442187,0.0,5.690904031503756,10.599389988721457,2.3086829978365127,0.4,0.9,0.1,0.0,0.0,0.3125,0.5,0.125,0.0625
S3,1,W03_C4,EVAE,13.0,3.25,0.18931126399545364,0.5,4.927050605215026,9.160785129051272,4.065077745887341,0.7058823529411765,0.8421052631578947,0.05572755417956656,0.1,0.0,0.40064102564102566,0.23076923076923078,0.25,0.08012820512820512
S3,1,W03_C4,ADFNE,14.0,3.5000000000000004,0.20225419927553628,1.125,4.6168610669006505,9.844955301393497,2.517826904236368,1.4035087719298245,0.7171428571428571,0.08893280632411067,0.1692857142857143,0.07142857142857142,0.2857142857142857,0.35714285714285715,0.21428571428571427,0.07142857142857142
S3,1,W03_C4,KDE,14.0,3.5000000000000004,0.20373557167589665,1.25,5.267180389107758,9.466924746407415,2.5359554267953994,1.6025641025641026,0.6946386946386947,0.09545454545454546,0.19615384615384618,0.0,0.35714285714285715,0.2857142857142857,0.21428571428571427,0.07142857142857142
S3,1,W04_C3,Held-out,19.0,4.75,0.29837538580445433,0.25,6.12990940943003,12.955449571648423,3.4265272100814856,0.7272727272727273,0.8260869565217391,0.13043478260869565,0.043478260869565216,0.0,0.47368421052631576,0.15789473684210525,0.15789473684210525,0.21052631578947367
S3,1,W04_C3,EVAE,13.0,3.25,0.20449811105332527,0.5,5.405325457643064,9.496124010684863,4.015920443608057,0.6,0.8603896103896104,0.054093567251461985,0.08893280632411067,0.0,0.46153846153846156,0.2403846153846154,0.14835164835164835,0.07692307692307693
S3,1,W04_C3,ADFNE,14.0,3.5000000000000004,0.18089557612046778,1.0,4.456741781593656,9.335358270187797,2.6388248184661354,1.2173913043478262,0.7357549857549857,0.0754985754985755,0.15192307692307694,0.0,0.2857142857142857,0.35714285714285715,0.21428571428571427,0.07142857142857142
S3,1,W04_C3,KDE,14.0,3.5000000000000004,0.20041018001261468,1.0,4.828308153031021,9.363796292190688,2.2537926615722075,1.2727272727272727,0.7370370370370369,0.07275132275132275,0.16333333333333333,0.0,0.2857142857142857,0.2857142857142857,0.25,0.07142857142857142
S3,1,W04_C4,Held-out,10.0,2.5,0.1926161199469933,0.25,6.412115888143562,14.350791079576279,5.037168803767143,0.3076923076923077,0.9285714285714286,0.0,0.07142857142857142,0.0,0.6,0.3,0.1,0.0
S3,1,W04_C4,EVAE,13.0,3.25,0.20514422486479172,0.625,5.614930225795601,9.676056801942778,4.0261511835112795,0.8809523809523809,0.8106060606060606,0.09545454545454546,0.125,0.0,0.3798076923076923,0.27884615384615385,0.1875,0.08012820512820512
S3,1,W04_C4,ADFNE,14.0,3.5000000000000004,0.18107732914703742,0.75,4.681983971176326,9.37334838756235,2.6273089033308015,1.0909090909090908,0.767948717948718,0.07417582417582418,0.1176923076923077,0.0,0.35714285714285715,0.42857142857142855,0.14285714285714285,0.07142857142857142
S3,1,W04_C4,KDE,14.0,3.5000000000000004,0.19471636678565557,1.0,4.859575885724276,9.177834146686058,2.520469484596624,1.2196969696969697,0.7370689655172413,0.10529556650246305,0.14835164835164835,0.0,0.3214285714285714,0.35714285714285715,0.25,0.14285714285714285
S3,1,W05_C3,Held-out,17.0,4.25,0.30086403323803823,0.75,6.082605938997569,12.062526197998293,2.7202085973008123,1.3333333333333333,0.7142857142857143,0.14285714285714285,0.14285714285714285,0.11764705882352941,0.4117647058823529,0.29411764705882354,0.17647058823529413,0.0
S3,1,W05_C3,EVAE,13.0,3.25,0.20193236603144915,0.25,5.189385556664735,9.289358000685205,3.957330824623668,0.5714285714285714,0.866600790513834,0.05718954248366013,0.06066176470588235,0.058823529411764705,0.4481605351170569,0.1875,0.15384615384615385,0.12040133779264214
S3,1,W05_C3,ADFNE,14.0,3.5000000000000004,0.18225722420551033,1.25,4.545529146739377,9.748227947666937,2.3947499243223884,1.577777777777778,0.6923076923076923,0.08166666666666667,0.20869565217391306,0.03571428571428571,0.35714285714285715,0.35714285714285715,0.21428571428571427,0.07142857142857142
S3,1,W05_C3,KDE,14.0,3.5000000000000004,0.1963240049831731,1.0,5.182385341246926,9.17901375111748,2.7156638023683284,1.282051282051282,0.7266666666666666,0.10357142857142856,0.1514285714285714,0.03571428571428571,0.2857142857142857,0.2857142857142857,0.2857142857142857,0.14285714285714285
S3,1,W05_C4,Held-out,17.0,4.25,0.2933439100894184,0.5,5.786156737430273,12.534539731692448,2.6076797690754656,1.0,0.7727272727272727,0.13636363636363635,0.09090909090909091,0.0,0.5882352941176471,0.29411764705882354,0.058823529411764705,0.058823529411764705
S3,1,W05_C4,EVAE,13.0,3.25,0.20266777515137557,0.5,5.492278268718509,9.324135499704411,4.0564285815159975,0.6836363636363636,0.8425925925925926,0.07151979565772669,0.1,0.0,0.4142156862745098,0.2426470588235294,0.19375,0.08012820512820512
S3,1,W05_C4,ADFNE,14.0,3.5000000000000004,0.19641070710314368,1.125,4.637775977814719,10.574794387248446,2.437404771789975,1.2363636363636363,0.7407407407407407,0.11126373626373626,0.16666666666666666,0.0,0.2857142857142857,0.35714285714285715,0.14285714285714285,0.14285714285714285
S3,1,W05_C4,KDE,14.0,3.5000000000000004,0.21968890382383807,1.5,5.62407492400512,10.421625917146395,2.2223912425927583,1.6195652173913042,0.6885775862068966,0.10172413793103449,0.2105911330049261,0.07142857142857142,0.2857142857142857,0.2857142857142857,0.25,0.07142857142857142
S3,1,W06_C3,Held-out,19.0,5.403868031854381,0.43186370800513113,1.99089874857793,6.781479266351946,15.014232883096385,2.777843718511253,1.935483870967742,0.6052631578947368,0.21052631578947367,0.18421052631578946,0.05263157894736842,0.5789473684210527,0.3157894736842105,0.05263157894736842,0.0
S3,1,W06_C3,EVAE,13.0,3.6973833902161553,0.21385689600944735,0.5688282138794085,5.0449568756415815,9.324814242839157,3.8132601590746757,0.8792270531400965,0.8,0.08928571428571427,0.10555555555555556,0.0,0.5,0.25,0.12916666666666665,0.08712121212121213
S3,1,W06_C3,ADFNE,13.0,3.6973833902161553,0.19938263962991581,1.137656427758817,4.5733667134147025,10.224054401965283,2.409287765660344,1.2982456140350878,0.734006734006734,0.08333333333333333,0.16333333333333333,0.0,0.38461538461538464,0.3076923076923077,0.15384615384615385,0.07692307692307693
S3,1,W06_C3,KDE,13.0,3.6973833902161553,0.20013540575696692,1.137656427758817,4.773003050963645,8.982691016122267,2.5252758503304698,1.3363636363636364,0.7171428571428571,0.11324786324786325,0.16666666666666666,0.0,0.3076923076923077,0.3076923076923077,0.23076923076923078,0.07692307692307693
S3,1,W06_C4,Held-out,19.0,5.403868031854381,0.3529510820943094,1.99089874857793,6.284149963863907,9.759081441029629,2.2883759944811217,1.5757575757575757,0.675,0.15,0.175,0.10526315789473684,0.42105263157894735,0.3157894736842105,0.10526315789473684,0.05263157894736842
S3,1,W06_C4,EVAE,12.5,3.555176336746303,0.20474812037140075,0.5688282138794085,5.155774535852198,9.546034932136536,3.8627876366653497,0.8633540372670807,0.8074074074074074,0.07037037037037036,0.10526315789473684,0.027777777777777776,0.42708333333333337,0.1875,0.12916666666666665,0.09090909090909091
S3,1,W06_C4,ADFNE,13.0,3.6973833902161553,0.21874515729079125,1.137656427758817,5.412817270366077,11.196674037036352,2.2616748503123016,1.3374613003095974,0.7391304347826086,0.08695652173913043,0.17391304347826086,0.0,0.38461538461538464,0.3076923076923077,0.23076923076923078,0.07692307692307693
S3,1,W06_C4,KDE,13.0,3.6973833902161553,0.19429191168699006,0.8532423208191127,4.6448844961519535,8.911917770026124,2.5156094756674303,0.9761904761904762,0.7871376811594203,0.08893280632411067,0.12521739130434784,0.038461538461538464,0.3076923076923077,0.3076923076923077,0.23076923076923078,0.07692307692307693
S3,2,W00_C5,Held-out,11.0,3.562176165803109,0.1688053163638422,0.3238341968911917,4.596015285522628,6.6291025674812145,3.0286439180264937,0.42105263157894735,0.9,0.05,0.05,0.0,0.45454545454545453,0.09090909090909091,0.18181818181818182,0.2727272727272727
S3,2,W00_C5,EVAE,11.0,3.562176165803109,0.20695574149064913,0.8095854922279793,4.825418587397202,10.941782086269992,3.850593728180476,0.775,0.8333333333333334,0.058823529411764705,0.1380952380952381,0.0,0.25,0.36038961038961037,0.18181818181818182,0.16666666666666666
S3,2,W00_C5,ADFNE,11.0,3.562176165803109,0.17922389415982504,0.9715025906735751,4.196861012955245,9.125697824772267,2.571703292059827,1.2549019607843137,0.7379862700228832,0.09347826086956522,0.15,0.0,0.36363636363636365,0.36363636363636365,0.09090909090909091,0.13636363636363635
S3,2,W00_C5,KDE,11.0,3.562176165803109,0.20446770554789861,1.2953367875647668,5.235798646684557,9.694465683133583,2.5341957833701425,1.4201680672268908,0.711111111111111,0.06971153846153846,0.17914438502673796,0.0,0.36363636363636365,0.3181818181818182,0.18181818181818182,0.09090909090909091
S3,2,W00_C6,Held-out,12.0,3.8860103626943006,0.16016346768782325,0.3238341968911917,2.8643062854823107,8.281917450959535,3.9391169646124147,1.1764705882352942,0.7222222222222222,0.2222222222222222,0.05555555555555555,0.25,0.16666666666666666,0.25,0.25,0.08333333333333333
S3,2,W00_C6,EVAE,11.0,3.562176165803109,0.2107899813956423,0.9715025906735751,5.045679904349045,11.075586031073595,3.8986123886135386,1.1,0.7774725274725275,0.06904761904761905,0.14285714285714285,0.0,0.24285714285714285,0.37412587412587417,0.20202020202020202,0.10795454545454546
S3,2,W00_C6,ADFNE,11.0,3.562176165803109,0.19301322968537998,0.9715025906735751,4.892104356239913,9.324733875524416,2.2882411946936254,1.3333333333333333,0.7320574162679425,0.07142857142857142,0.15789473684210525,0.0,0.36363636363636365,0.3181818181818182,0.13636363636363635,0.13636363636363635
S3,2,W00_C6,KDE,11.0,3.562176165803109,0.20419742556369014,0.9715025906735751,5.229302938473487,8.194204806950165,2.8844581153573383,1.3374613003095974,0.7182539682539683,0.09307359307359307,0.16228070175438597,0.0,0.36363636363636365,0.36363636363636365,0.18181818181818182,0.09090909090909091
S3,2,W02_C5,Held-out,16.0,4.0,0.20286183933538418,0.5,4.8782180355684535,8.024067855953751,2.164831346613983,0.631578947368421,0.8571428571428571,0.047619047619047616,0.09523809523809523,0.125,0.3125,0.3125,0.1875,0.0625
S3,2,W02_C5,EVAE,13.5,3.375,0.20738344742942977,0.75,5.367463444935873,10.558199883060716,4.15962250882737,0.775,0.8257575757575758,0.05131578947368421,0.12310606060606061,0.07417582417582418,0.2928571428571428,0.33241758241758246,0.12916666666666665,0.09545454545454546
S3,2,W02_C5,ADFNE,14.0,3.5000000000000004,0.19224918114769343,1.125,4.619047811728734,10.483039709425364,2.604165727873304,1.2753623188405796,0.7496807151979565,0.09250474383301707,0.2,0.03571428571428571,0.35714285714285715,0.35714285714285715,0.14285714285714285,0.07142857142857142
S3,2,W02_C5,KDE,14.0,3.5000000000000004,0.20887755433430177,1.25,5.573744967094356,9.543747843920663,2.4988675584619933,1.391304347826087,0.7214439655172413,0.07692307692307693,0.19375,0.0,0.35714285714285715,0.35714285714285715,0.14285714285714285,0.07142857142857142
S3,2,W02_C6,Held-out,14.0,3.5000000000000004,0.20915535618167652,0.0,6.0730229864729255,8.458250020244746,3.9128420704277205,0.0,1.0,0.0,0.0,0.0,0.42857142857142855,0.21428571428571427,0.2857142857142857,0.07142857142857142
S3,2,W02_C6,EVAE,14.0,3.5000000000000004,0.21041235395149036,0.75,5.091608075665075,10.801928102970123,4.060787038677834,0.8633540372670807,0.8191721132897603,0.017241379310344827,0.150997150997151,0.06066176470588235,0.20089285714285715,0.37412587412587417,0.18181818181818182,0.14285714285714285
S3,2,W02_C6,ADFNE,14.0,3.5000000000000004,0.20990728109434756,1.25,5.169492534570169,10.959178380787751,2.563083724969678,1.5445134575569357,0.6837500000000001,0.12701612903225806,0.19230769230769232,0.0,0.35714285714285715,0.35714285714285715,0.14285714285714285,0.07142857142857142
S3,2,W02_C6,KDE,14.0,3.5000000000000004,0.19824608835446425,1.5,5.301360788465117,9.534378616647292,2.421844694742451,1.55,0.6835372636262513,0.11324786324786325,0.20344827586206898,0.07142857142857142,0.35714285714285715,0.35714285714285715,0.14285714285714285,0.07142857142857142
S3,2,W03_C5,Held-out,14.0,3.5000000000000004,0.22262041442399294,0.0,6.140070352978477,9.774596018078753,3.321486568574051,0.0,1.0,0.0,0.0,0.0,0.42857142857142855,0.2857142857142857,0.14285714285714285,0.14285714285714285
S3,2,W03_C5,EVAE,14.0,3.5000000000000004,0.21648636014367553,0.75,5.605502713374962,10.769585281610489,4.001184523616333,0.9561904761904761,0.7965517241379311,0.067816091954023,0.1439655172413793,0.0,0.2899159663865546,0.33241758241758246,0.14835164835164835,0.17914438502673796
S3,2,W03_C5,ADFNE,14.0,3.5000000000000004,0.20721514414987668,1.375,5.282663642605277,11.098065569578669,2.7263851672242345,1.6473429951690821,0.6794871794871795,0.11483516483516484,0.212143928035982,0.03571428571428571,0.35714285714285715,0.2857142857142857,0.14285714285714285,0.10714285714285714
S3,2,W03_C5,KDE,14.0,3.5000000000000004,0.20726871488041157,1.375,5.635064258379232,9.515725063917532,2.3226539904132535,1.3636363636363638,0.7171428571428571,0.093841642228739,0.18605990783410137,0.0,0.35714285714285715,0.2857142857142857,0.14285714285714285,0.14285714285714285
S3,2,W03_C6,Held-out,13.0,3.25,0.1757439536663208,0.0,6.153276836186588,8.712969103249733,3.9943541625426295,0.5333333333333333,0.8666666666666667,0.13333333333333333,0.0,0.07692307692307693,0.46153846153846156,0.3076923076923077,0.07692307692307693,0.07692307692307693
S3,2,W03_C6,EVAE,12.5,3.125,0.20435822369427653,0.75,5.433613888357438,10.905316516710915,4.096165524562192,1.0,0.7846153846153847,0.07275132275132275,0.14285714285714285,0.03333333333333333,0.2403846153846154,0.3708791208791209,0.12222222222222222,0.14285714285714285
S3,2,W03_C6,ADFNE,14.0,3.5000000000000004,0.20582011703362388,1.25,4.875993535533981,10.772609173949363,2.517992103887051,1.4648829431438126,0.7008928571428572,0.10714285714285714,0.18019480519480519,0.0,0.35714285714285715,0.35714285714285715,0.07142857142857142,0.07142857142857142
S3,2,W03_C6,KDE,14.0,3.5000000000000004,0.2231545555726351,1.125,5.40125460204994,10.982638148590421,2.6588038752625462,1.278985507246377,0.7252090800477897,0.08054054054054055,0.16120689655172415,0.0,0.35714285714285715,0.2857142857142857,0.21428571428571427,0.07142857142857142
S3,2,W04_C5,Held-out,14.0,3.5000000000000004,0.26377909598044225,0.25,5.541826478197017,15.328597830538586,3.247552348017957,0.5,0.8823529411764706,0.058823529411764705,0.058823529411764705,0.0,0.35714285714285715,0.21428571428571427,0.2857142857142857,0.14285714285714285
S3,2,W04_C5,EVAE,15.5,3.875,0.24159613803950156,1.125,5.477880572481192,10.720942056356346,3.960217243061558,1.128787878787879,0.7656862745098039,0.08193979933110368,0.15384615384615385,0.05718954248366013,0.36038961038961037,0.35714285714285715,0.08846153846153847,0.06904761904761905
S3,2,W04_C5,ADFNE,14.0,3.5000000000000004,0.20907471037998765,1.0,4.984257906996673,10.89074200048497,2.725962131714571,1.1596638655462184,0.7583333333333333,0.0754985754985755,0.16666666666666666,0.03571428571428571,0.35714285714285715,0.35714285714285715,0.14285714285714285,0.07142857142857142
S3,2,W04_C5,KDE,14.0,3.5000000000000004,0.21134190633121053,1.0,5.704383711011203,10.177800472752292,2.2824811731380277,1.25,0.7403846153846154,0.11483516483516484,0.16954022988505746,0.0,0.35714285714285715,0.35714285714285715,0.14285714285714285,0.10714285714285714
S3,2,W04_C6,Held-out,14.0,3.5000000000000004,0.25905405553288136,0.5,6.511450941302661,9.91213555696402,3.840765471182853,1.0,0.7777777777777778,0.1111111111111111,0.1111111111111111,0.07142857142857142,0.2857142857142857,0.2857142857142857,0.2857142857142857,0.07142857142857142
S3,2,W04_C6,EVAE,14.0,3.5000000000000004,0.21795304182996122,0.75,5.422594987169841,10.609481265641868,4.055177704337522,1.0714285714285714,0.7836257309941521,0.08514492753623187,0.15789473684210525,0.05718954248366013,0.2792207792207792,0.3333333333333333,0.14285714285714285,0.13392857142857142
S3,2,W04_C6,ADFNE,14.0,3.5000000000000004,0.19407278149733237,1.0,4.458615182730668,9.706513816971967,2.5217402808700067,1.2380952380952381,0.7503703703703704,0.08893280632411067,0.16333333333333333,0.07142857142857142,0.35714285714285715,0.35714285714285715,0.14285714285714285,0.14285714285714285
S3,2,W04_C6,KDE,14.0,3.5000000000000004,0.20380774101821242,1.5,5.141990422003125,9.911818127591022,2.5271503824582773,1.6040100250626566,0.68,0.11607142857142858,0.20344827586206898,0.0,0.35714285714285715,0.3214285714285714,0.14285714285714285,0.14285714285714285
S3,2,W05_C5,Held-out,17.0,4.25,0.28297986919895785,0.25,5.679717868908276,11.659610412940157,2.297728684987967,1.5238095238095237,0.6363636363636364,0.3181818181818182,0.045454545454545456,0.0,0.35294117647058826,0.29411764705882354,0.17647058823529413,0.17647058823529413
S3,2,W05_C5,EVAE,16.0,4.0,0.2537193934070997,1.0,5.550449992848289,10.645746431918319,3.887705608982376,1.1314285714285715,0.7621212121212122,0.09545454545454546,0.14351851851851852,0.05555555555555555,0.4444444444444444,0.29411764705882354,0.06458333333333333,0.12549019607843137
S3,2,W05_C5,ADFNE,14.0,3.5000000000000004,0.1820070592754225,0.75,4.274467555407874,10.044410988852214,2.442244558646566,1.3066666666666666,0.7225274725274725,0.10101010101010101,0.1225,0.0,0.35714285714285715,0.3214285714285714,0.14285714285714285,0.07142857142857142
S3,2,W05_C5,KDE,14.0,3.5000000000000004,0.21859664013189736,1.7500000000000002,5.9990596044094415,10.255424332716277,2.5118882201916204,1.6643356643356644,0.6781609195402298,0.10577819198508853,0.21896383186705767,0.03571428571428571,0.35714285714285715,0.2857142857142857,0.14285714285714285,0.14285714285714285
S3,2,W05_C6,Held-out,18.0,4.5,0.28489894154677775,0.5,4.745790391651382,10.681179323613785,2.5911235598160216,0.7272727272727273,0.8333333333333334,0.08333333333333333,0.08333333333333333,0.0,0.16666666666666666,0.5555555555555556,0.05555555555555555,0.2222222222222222
S3,2,W05_C6,EVAE,14.0,3.5000000000000004,0.2243937167906929,1.0,5.549476666638204,10.689936131163755,4.035172879566078,1.0517241379310345,0.7752100840336134,0.06696428571428571,0.1516544117647059,0.0,0.28174603174603174,0.36363636363636365,0.11764705882352941,0.1111111111111111
S3,2,W05_C6,ADFNE,14.0,3.5000000000000004,0.17723164124422097,0.75,4.028235542205348,9.023661736091006,2.6436995819423554,0.9307359307359306,0.7923850574712643,0.08712121212121213,0.1176923076923077,0.07142857142857142,0.35714285714285715,0.35714285714285715,0.07142857142857142,0.14285714285714285
S3,2,W05_C6,KDE,14.0,3.5000000000000004,0.2079775451880736,1.25,5.318761089697523,9.319930417798137,2.4981034640822846,1.5098814229249014,0.7066905615292712,0.067816091954023,0.18187830687830686,0.0,0.35714285714285715,0.35714285714285715,0.14285714285714285,0.14285714285714285
S3,2,W06_C5,Held-out,14.0,3.98179749715586,0.21285221664708218,0.0,4.4494208343738295,9.151328533785524,2.5886175912546543,0.3076923076923077,0.9230769230769231,0.07692307692307693,0.0,0.14285714285714285,0.2857142857142857,0.14285714285714285,0.35714285714285715,0.07142857142857142
S3,2,W06_C5,EVAE,16.0,4.550625711035268,0.28508169273011186,1.137656427758817,5.3502942807760885,10.52080492438708,3.725655291063437,1.3333333333333333,0.7225274725274725,0.11596638655462185,0.17857142857142855,0.0,0.5294117647058824,0.29411764705882354,0.11764705882352941,0.0625
S3,2,W06_C5,ADFNE,13.0,3.6973833902161553,0.20216074739718332,0.8532423208191127,4.290196810087069,11.050005603666584,2.653122201411739,1.0476190476190474,0.780448717948718,0.06904761904761905,0.12771739130434784,0.0,0.38461538461538464,0.3076923076923077,0.15384615384615385,0.15384615384615385
S3,2,W06_C5,KDE,13.0,3.6973833902161553,0.227821106902111,1.4220705346985212,5.765117651074148,9.757134532099194,2.280909969251998,1.660287081339713,0.6666666666666666,0.1176923076923077,0.2113095238095238,0.0,0.38461538461538464,0.3076923076923077,0.11538461538461539,0.15384615384615385
S3,2,W06_C6,Held-out,11.0,3.128555176336747,0.2942541379513464,1.7064846416382253,8.361312726714532,16.05152969724085,2.3498449404995476,1.8,0.6538461538461539,0.11538461538461539,0.23076923076923078,0.0,0.36363636363636365,0.36363636363636365,0.2727272727272727,0.0
S3,2,W06_C6,EVAE,15.5,4.408418657565416,0.26042866447639434,1.137656427758817,5.136933475732802,10.327414990114637,3.829009967439534,1.2086956521739132,0.7403846153846154,0.09761904761904762,0.16666666666666666,0.058823529411764705,0.35416666666666663,0.2967032967032967,0.10427807486631016,0.12916666666666665
S3,2,W06_C6,ADFNE,13.0,3.6973833902161553,0.21767367957533748,1.137656427758817,4.43118642248143,10.441570339327129,2.5723722336233332,1.5119047619047619,0.6830143540669856,0.11357142857142857,0.18783068783068782,0.038461538461538464,0.38461538461538464,0.38461538461538464,0.07692307692307693,0.07692307692307693
S3,2,W06_C6,KDE,13.0,3.6973833902161553,0.22026977965778985,1.279863481228669,5.373650859122284,9.437685160699306,2.6890872911129424,1.561904761904762,0.6918518518518519,0.1125,0.17711598746081506,0.038461538461538464,0.38461538461538464,0.3076923076923077,0.15384615384615385,0.15384615384615385
S3,3,W00_C7,Held-out,18.0,5.829015544041451,0.27291646407861625,0.9715025906735751,5.013901115133765,6.793731981062305,2.061731937428732,0.8275862068965517,0.8125,0.09375,0.09375,0.1111111111111111,0.16666666666666666,0.4444444444444444,0.05555555555555555,0.2222222222222222
S3,3,W00_C7,EVAE,14.0,4.533678756476684,0.25306314426630655,0.6476683937823834,4.347269002849298,10.701830714941025,3.722306380081199,1.0329670329670328,0.7728571428571429,0.07846153846153847,0.1380952380952381,0.0,0.4,0.26666666666666666,0.16041666666666665,0.14358974358974358
S3,3,W00_C7,ADFNE,12.0,3.8860103626943006,0.20519469904761364,1.2953367875647668,4.452346160363799,10.01091271253949,2.498809797554617,1.3333333333333333,0.7182539682539683,0.10314685314685315,0.18181818181818182,0.08333333333333333,0.4166666666666667,0.3333333333333333,0.08333333333333333,0.08333333333333333
S3,3,W00_C7,KDE,12.0,3.8860103626943006,0.21750325453141184,1.4572538860103625,4.908507356862852,9.431095651014969,2.2983673511733906,1.4427244582043344,0.7049689440993789,0.10314685314685315,0.21395881006864986,0.0,0.3333333333333333,0.3333333333333333,0.16666666666666666,0.125
S3,3,W00_C8,Held-out,13.0,4.209844559585492,0.29040126264924404,0.0,5.762615257775518,10.943242937797166,3.0128814520410634,0.2,0.95,0.05,0.0,0.07692307692307693,0.0,0.46153846153846156,0.23076923076923078,0.23076923076923078
S3,3,W00_C8,EVAE,14.5,4.69559585492228,0.2499593422682913,0.9715025906735751,4.193648690203023,10.769101409529679,3.7338668711855867,1.0909090909090908,0.76,0.11324786324786325,0.11324786324786325,0.0625,0.3693181818181818,0.26666666666666666,0.1846590909090909,0.12916666666666665
S3,3,W00_C8,ADFNE,12.0,3.8860103626943006,0.21529477017221701,0.9715025906735751,4.500870835350382,10.236267109345658,2.359037902871588,1.1596638655462184,0.7613636363636364,0.11538461538461539,0.13392857142857142,0.08333333333333333,0.4166666666666667,0.3333333333333333,0.08333333333333333,0.08333333333333333
S3,3,W00_C8,KDE,12.0,3.8860103626943006,0.19915154468961926,1.6191709844559583,4.6264390251532035,8.406174493004468,2.167616695291045,1.6235294117647059,0.68,0.11324786324786325,0.19615384615384618,0.0,0.4166666666666667,0.3333333333333333,0.16666666666666666,0.125
S3,3,W03_C7,Held-out,14.0,3.5000000000000004,0.20381995324335483,0.25,4.946744500711896,8.999704174670253,3.9112646398646933,0.5714285714285714,0.8636363636363636,0.09090909090909091,0.045454545454545456,0.21428571428571427,0.21428571428571427,0.21428571428571427,0.21428571428571427,0.14285714285714285
S3,3,W03_C7,EVAE,16.0,4.0,0.24620051704900886,0.875,5.7696713617056385,11.114356666803362,3.9391232915665717,1.0424448217317486,0.7727272727272727,0.08712121212121213,0.13793103448275862,0.06066176470588235,0.3582887700534759,0.27525252525252525,0.17424242424242425,0.1213235294117647
S3,3,W03_C7,ADFNE,16.0,4.0,0.22919042477990934,1.5,4.372862408439163,10.58147342689131,2.418127313831163,1.6388888888888888,0.6628151260504203,0.11233019853709508,0.1905241935483871,0.0625,0.375,0.3125,0.125,0.125
S3,3,W03_C7,KDE,16.0,4.0,0.23719754283452169,1.5,5.456451373838592,9.375609614543846,2.398236007387241,1.6005291005291005,0.6715686274509804,0.10882352941176471,0.20294117647058824,0.0625,0.375,0.3125,0.125,0.125
S3,3,W03_C8,Held-out,13.0,3.25,0.19188666073619476,0.25,4.395094039171529,8.34346290945091,2.4521037147229072,0.2222222222222222,0.9473684210526315,0.0,0.05263157894736842,0.15384615384615385,0.38461538461538464,0.15384615384615385,0.23076923076923078,0.07692307692307693
S3,3,W03_C8,EVAE,16.0,4.0,0.2555500861455999,0.75,5.756527810558931,11.069995760917664,3.9381341383351836,0.9321266968325792,0.7905701754385965,0.0912442396313364,0.10912698412698413,0.0,0.375,0.3033088235294118,0.125,0.12916666666666665
S3,3,W03_C8,ADFNE,16.0,4.0,0.22265535485561316,1.25,4.524767015668198,10.089755986286093,2.4859616490066845,1.1350574712643677,0.7453703703703703,0.10101010101010101,0.16129032258064516,0.03125,0.4375,0.375,0.0625,0.125
S3,3,W03_C8,KDE,16.0,4.0,0.22925938125022827,1.625,5.111651939093436,9.811587502529719,2.2210222937209094,1.499361430395913,0.7013513513513514,0.08108108108108109,0.20185810810810811,0.0625,0.375,0.3125,0.1875,0.125
S3,3,W04_C7,Held-out,7.0,1.7500000000000002,0.1334614129017256,0.0,5.018504269683641,15.556154386073118,4.9601997831235165,0.0,1.0,0.0,0.0,0.0,0.2857142857142857,0.2857142857142857,0.42857142857142855,0.0
S3,3,W04_C7,EVAE,16.0,4.0,0.2649008694807721,1.25,5.974659927149492,11.045712113380432,3.9194252351517553,1.0161290322580645,0.7759856630824373,0.08333333333333333,0.14087301587301587,0.058823529411764705,0.40588235294117647,0.25,0.16718266253869968,0.16718266253869968
S3,3,W04_C7,ADFNE,16.0,4.0,0.20362916569884937,1.125,4.111363302104405,10.801150256222375,2.4794851803238864,1.3351648351648353,0.7220689655172414,0.09526209677419355,0.14955357142857142,0.0,0.4375,0.3125,0.125,0.0625
S3,3,W04_C7,KDE,16.0,4.0,0.2303027388960126,1.625,5.123063744908028,9.560214175274732,2.432292320327133,1.4588859416445623,0.7056277056277056,0.1024411508282476,0.1854575163398693,0.0625,0.375,0.3125,0.125,0.0625
S3,3,W04_C8,Held-out,8.0,2.0,0.13891592750526677,0.25,5.972609851824975,10.815706270223318,4.308812436409861,1.0,0.7777777777777778,0.1111111111111111,0.1111111111111111,0.125,0.375,0.25,0.25,0.0
S3,3,W04_C8,EVAE,16.0,4.0,0.2590592726135802,1.0,5.8857262134552,11.16097092628479,3.9463324110502764,1.1314285714285715,0.7543103448275862,0.10668563300142248,0.14249492900608518,0.0625,0.36397058823529416,0.25,0.1715686274509804,0.13942307692307693
S3,3,W04_C8,ADFNE,16.0,4.0,0.22082079968215862,1.25,4.991744698585216,9.656934430974946,2.38212633440249,1.4492753623188406,0.709375,0.10529556650246305,0.18187830687830686,0.0,0.4375,0.375,0.125,0.0625
S3,3,W04_C8,KDE,16.0,4.0,0.24247855110319572,1.7500000000000002,5.488148135130595,9.83220621102071,2.099812607494937,1.5683229813664596,0.6828571428571428,0.09232954545454546,0.2,0.0,0.375,0.375,0.125,0.0625
S3,3,W05_C7,Held-out,18.0,4.5,0.27488932910946245,0.5,5.4134371305921425,10.67165083615251,3.0089793752468768,0.9523809523809523,0.782608695652174,0.13043478260869565,0.08695652173913043,0.05555555555555555,0.2222222222222222,0.4444444444444444,0.2222222222222222,0.05555555555555555
S3,3,W05_C7,EVAE,16.0,4.0,0.2507049367522646,0.75,5.617087353121189,11.211883127689362,3.9733055018809624,1.0161290322580645,0.7795138888888888,0.07362240289069558,0.12701612903225806,0.029411764705882353,0.375,0.25,0.125,0.16025641025641024
S3,3,W05_C7,ADFNE,16.0,4.0,0.23209727405846325,1.25,5.032239433017205,10.11936209868545,2.383249107327461,1.639751552795031,0.6726190476190477,0.12007168458781362,0.18187830687830686,0.03125,0.4375,0.34375,0.125,0.125
S3,3,W05_C7,KDE,16.0,4.0,0.23067115676079142,1.5,5.107858238451761,9.531595233026497,2.0779795951502025,1.554945054945055,0.6866071428571429,0.12701612903225806,0.1875,0.0,0.4375,0.375,0.0625,0.0625
S3,3,W05_C8,Held-out,19.0,4.75,0.3000288728304241,0.75,6.357388180674631,10.083856629222733,3.427027980087037,1.44,0.6785714285714286,0.21428571428571427,0.10714285714285714,0.10526315789473684,0.2631578947368421,0.2631578947368421,0.2631578947368421,0.10526315789473684
S3,3,W05_C8,EVAE,16.0,4.0,0.2512953456539163,1.0,5.978443233050392,11.065512068604658,3.972947447201567,1.0671936758893281,0.7633333333333334,0.08684863523573201,0.12701612903225806,0.058823529411764705,0.375,0.3125,0.125,0.11764705882352941
S3,3,W05_C8,ADFNE,16.0,4.0,0.22954030219233607,1.5,4.531675136569584,10.445771342317125,2.2376355514150483,1.4907407407407407,0.6977687626774849,0.1165158371040724,0.18198529411764708,0.0,0.4375,0.34375,0.09375,0.09375
S3,3,W05_C8,KDE,16.0,4.0,0.23156422880305588,1.5,5.270788047199803,9.702319746219718,2.312327916134775,1.4753694581280787,0.7037480063795853,0.09232954545454546,0.187683284457478,0.0,0.4375,0.3125,0.125,0.0625
S3,3,W06_C7,Held-out,15.0,4.266211604095563,0.28435600879738815,0.5688282138794085,6.025184619368284,10.979254673655118,2.34834907385374,0.4444444444444444,0.896551724137931,0.034482758620689655,0.06896551724137931,0.0,0.26666666666666666,0.4,0.2,0.13333333333333333
S3,3,W06_C7,EVAE,16.0,4.550625711035268,0.27867510974941323,0.9954493742889648,5.126505792140962,10.63287370411278,3.8384921730147714,1.1388888888888888,0.7559523809523809,0.09523809523809523,0.14285714285714285,0.05263157894736842,0.4142156862745098,0.2649122807017544,0.1213235294117647,0.11764705882352941
S3,3,W06_C7,ADFNE,14.0,3.98179749715586,0.21505810706962186,1.4220705346985212,4.300506363205697,10.418531988698124,2.472568241323585,1.4987468671679198,0.6846590909090908,0.11422413793103448,0.1830357142857143,0.0,0.35714285714285715,0.35714285714285715,0.14285714285714285,0.07142857142857142
S3,3,W06_C7,KDE,14.0,3.98179749715586,0.20325090721865227,0.9954493742889648,4.90127522861979,9.050445668785336,2.101671448506101,1.128787878787879,0.7453703703703703,0.1,0.13942307692307693,0.07142857142857142,0.35714285714285715,0.2857142857142857,0.14285714285714285,0.07142857142857142
S3,3,W06_C8,Held-out,6.0,1.7064846416382253,0.15047378648833223,0.28441410693970426,7.596961118502397,13.88250691574953,6.539325736221294,0.4444444444444444,0.9,0.0,0.1,0.0,0.0,0.3333333333333333,0.3333333333333333,0.3333333333333333
S3,3,W06_C8,EVAE,16.0,4.550625711035268,0.26261937368306737,1.137656427758817,4.985210970044137,10.776428556549853,3.8549821031779676,1.263157894736842,0.7362318840579709,0.09347826086956522,0.15959252971137522,0.0625,0.375,0.25,0.14583333333333331,0.125
S3,3,W06_C8,ADFNE,14.0,3.98179749715586,0.22245505669970478,1.7064846416382253,4.993053412269993,10.172876089154979,2.1390997764576274,1.5518394648829432,0.6926536731634183,0.1225,0.20689655172413793,0.0,0.42857142857142855,0.35714285714285715,0.14285714285714285,0.14285714285714285
S3,3,W06_C8,KDE,14.0,3.98179749715586,0.23002849451317192,1.279863481228669,5.4220506962286725,9.745769424959084,2.31020004827973,1.5445134575569357,0.7,0.09,0.1692857142857143,0.0,0.35714285714285715,0.35714285714285715,0.14285714285714285,0.07142857142857142
