scheme,fold,box,method,orient_w1_deg,oc1_w1_deg,oc2_w1_deg,oc3_w1_deg,oc4_w1_deg,oc1_centre_err_deg,oc1_spread_err_deg,oc1_share_err,oc2_centre_err_deg,oc2_spread_err_deg,oc2_share_err,oc3_centre_err_deg,oc3_spread_err_deg,oc3_share_err,oc4_centre_err_deg,oc4_spread_err_deg,oc4_share_err,unclustered_share_err,cluster_share_tv,len_w1_m,len_med_err_m,len_p90_err_m,oc1_len_w1_m,oc2_len_w1_m,oc3_len_w1_m,oc4_len_w1_m,P20_relerr,P21_relerr,P22_relerr,nn_w1_m,cluster_vmr_err,oc1_count_relerr,oc2_count_relerr,oc3_count_relerr,oc4_count_relerr,term_share_err,CL_err,node_tv,n
S1,0,W02_C2,ADFNE,9.284902102027463,5.154623430688565,5.547817356625952,5.6279568469096635,n.d.,2.6937290910284135,1.9532482494222432,0.04999999999999999,3.7155506210100286,4.18056934784456,0.1875,3.4090681298672942,3.400560858222944,0.07500000000000001,n.d.,n.d.,0.09375,0.03125,0.2,4.553360079346227,5.765412387259845,5.569239302217962,4.128842300023505,5.726475773349149,5.069172527467398,n.d.,0.6,0.17018680357718524,0.4,0.8437846912635685,0.1875,0.6666666666666666,0.2,0.5,n.d.,0.10912698412698413,1.0144300144300145,0.21254708780063747,16.0
S1,0,W02_C2,EVAE,11.239197752126103,7.286252251096999,6.9505499377582485,6.9577586269528,n.d.,6.37617412890312,4.168491839075855,0.14523809523809522,3.65453597901475,5.665746979304329,0.16666666666666669,5.385922864687204,2.7503036049899814,0.1085972850678733,n.d.,n.d.,0.16517857142857142,0.0625,0.30625,4.148216812281673,5.093480317190748,4.522089335132371,4.528935887091045,6.1961418384829585,4.79251304482778,n.d.,0.4,0.1362883863051536,0.4,1.2530849477509338,0.20654761904761904,0.5,0.30000000000000004,0.75,n.d.,0.10818713450292397,1.3663869819476229,0.22049689440993786,14.0
S1,0,W02_C2,KDE,10.961244934317735,5.382944966582787,6.554168419327217,5.401437192254243,n.d.,4.1712809024311515,1.7247885643374614,0.07500000000000001,2.9931200195517356,5.735670531720589,0.25,3.535409842933436,3.3089785676773746,0.0625,n.d.,n.d.,0.125,0.0,0.2625,4.363250384804415,4.780173956421237,6.654262678053377,4.307398336121032,5.798796616337855,4.256691508504755,n.d.,0.6,0.12426047547217817,0.4,0.8226715865762737,0.22499999999999998,1.0,0.2,1.0,n.d.,0.150997150997151,0.7891737891737891,0.2050420168067227,16.0
S1,0,W04_C2,ADFNE,11.703029725017927,5.375344933034191,4.6013698210436065,10.87811901267639,n.d.,3.338307283489321,3.49793263014547,0.1875,2.2460158361097324,1.4837926143971263,0.0625,9.662433702577735,7.864640192134642,0.08035714285714285,n.d.,n.d.,0.053571428571428575,0.0625,0.20535714285714285,3.3581527651446805,2.6764209452025662,5.316902587152064,5.1115950956042004,1.6624770431025429,7.622498440999097,n.d.,0.14285714285714285,0.3041842314952296,0.16666666666666666,0.7607642568036996,0.1875,0.2857142857142857,0.25,0.5,1.0,0.09659340659340658,1.263736263736264,0.171505376344086,16.0
S1,0,W04_C2,EVAE,10.29850198657213,5.657008253756982,6.861354030115443,5.939491762726831,n.d.,3.6325349135275005,2.6712033688924732,0.11538461538461536,6.805177956011168,3.7835408491326668,0.09230769230769231,4.73924266794117,5.521305406557175,0.06868131868131867,n.d.,n.d.,0.07142857142857142,0.07142857142857142,0.19780219780219777,2.7030360237068987,1.6721436307045816,4.366164347429334,4.376039285344451,1.9834328774835606,8.602939059788733,n.d.,0.07142857142857142,0.27749519908043146,0.5,1.254762244119704,0.5416666666666666,0.21428571428571427,0.25,0.5,1.0,0.1326190476190476,1.6984126984126986,0.2600961538461538,14.0
S1,0,W04_C2,KDE,11.849640893853818,5.213267105892948,6.844286429742591,8.466084772545868,n.d.,3.154218416797678,1.435325951164752,0.1875,4.126985615136342,3.0156689352171195,0.0892857142857143,6.631653920356349,5.421140473326604,0.09375,n.d.,n.d.,0.053571428571428575,0.0625,0.23214285714285715,2.8075068122288065,1.7081192631373165,5.637731838877226,4.588366479736667,1.5886690487130044,6.4478418095619086,n.d.,0.14285714285714285,0.1998512755326542,0.3333333333333333,0.6739350556986725,0.25,0.2857142857142857,0.375,0.75,1.0,0.09659340659340658,0.8271756978653533,0.12962184873949578,16.0
S1,0,W04_C4,ADFNE,17.231910927307048,6.685168454231882,7.0837229968587305,n.d.,n.d.,5.75004451589707,3.490196052310912,0.2875,3.480950978755559,5.489258558292361,0.07500000000000001,n.d.,n.d.,0.037500000000000006,n.d.,n.d.,0.125,0.0625,0.2875,2.2444513012179987,1.4196793061613622,4.280386667548481,3.95134418319501,2.7070201916619854,n.d.,n.d.,0.6,0.16169513941323926,5.0,2.574122541335971,0.625,0.16666666666666666,0.6666666666666666,1.0,n.d.,0.15192307692307694,1.3444816053511706,0.255952380952381,16.0
S1,0,W04_C4,EVAE,14.263619883662557,7.96799998722657,5.823825446666395,n.d.,n.d.,3.935627726860299,4.489427163464509,0.241025641025641,2.0534183287390726,5.134014523068051,0.10833333333333336,n.d.,n.d.,0.05384615384615385,n.d.,n.d.,0.15384615384615385,0.0,0.3191919191919192,1.5958576384054997,0.9591890844233103,3.2707425780847323,2.607616290216287,2.8857358495349064,n.d.,n.d.,0.4,0.11411566063618175,2.0,1.1325739085160365,0.1785714285714286,0.3333333333333333,0.3333333333333333,1.0,n.d.,0.09523809523809523,0.6032807771938207,0.12472527472527473,14.0
S1,0,W04_C4,KDE,17.191999499440556,6.016022384624634,6.521544829073275,n.d.,n.d.,3.140188041687811,4.993671911225482,0.22499999999999998,4.654833520042233,4.186982518417065,0.07500000000000001,n.d.,n.d.,0.0875,n.d.,n.d.,0.125,0.0,0.2875,2.2000916686948937,1.2414771818521215,5.090372646664317,3.3534020746135162,3.077839817193233,n.d.,n.d.,0.6,0.16230160882708475,5.0,2.631156322225091,0.625,0.0,0.6666666666666666,2.0,n.d.,0.14835164835164835,1.10224558050645,0.22142857142857145,16.0
S1,0,W04_C6,ADFNE,11.559162134762456,4.550572682300086,5.297022115512497,6.43207209343651,n.d.,1.7545134052578306,1.6085599012168572,0.0892857142857143,2.9565831423224056,3.0391715286254657,0.0357142857142857,5.213572613096893,3.016554142524118,0.1294642857142857,n.d.,n.d.,0.07142857142857142,0.0625,0.20982142857142855,2.391149143519676,2.3726506900868722,1.0243911840792985,7.628798102416862,2.1837794659228607,1.729864625355566,n.d.,0.14285714285714285,0.20494786232490522,1.0,1.4284318327420529,0.1785714285714286,0.5,0.25,0.5,1.0,0.05480295566502463,0.4415584415584416,0.10714285714285714,16.0
S1,0,W04_C6,EVAE,12.626174932623073,5.826048058170745,6.418187587374883,5.74597292517205,n.d.,3.908587925914615,3.2442524947776934,0.10897435897435899,3.9324904645274366,4.106847009891709,0.11904761904761904,4.41677724176564,2.8682100465971185,0.11904761904761904,n.d.,n.d.,0.1468253968253968,0.04662698412698413,0.27976190476190477,1.9130329097266348,1.2267773175720076,1.530028076263269,6.369493977031313,2.562513608625723,2.8879502517654596,n.d.,0.10714285714285714,0.19291554648525577,0.5,0.7213272714962111,0.1428571428571428,0.25,0.5,0.25,2.0,0.06743421052631579,0.33333333333333326,0.07523809523809522,13.0
S1,0,W04_C6,KDE,9.530149211256713,4.587316127353626,5.293310538999339,6.008390302973115,n.d.,1.6969422884651049,2.285735662398568,0.0892857142857143,1.6481046210573795,3.7368886248941973,0.0625,3.6514084155526083,2.037102148133809,0.0982142857142857,n.d.,n.d.,0.053571428571428575,0.0625,0.17410714285714285,2.4372057066842716,1.6796682582664388,1.5689155927657938,7.134595378112334,1.9832356715907657,1.6211781127697737,n.d.,0.14285714285714285,0.16694596051558164,2.0,1.4356008340752884,0.1964285714285714,0.5,0.25,0.25,1.0,0.053571428571428575,0.45622119815668205,0.09760032264569468,16.0
S1,1,W02_C3,ADFNE,14.532422739657083,n.d.,5.7807886087455325,6.970530291630225,inf,n.d.,n.d.,0.4,3.0739142230587237,1.6227418371165605,0.08333333333333331,6.938431724576995,4.5594407515057505,0.11666666666666667,inf,inf,0.25,0.18333333333333335,0.48333333333333334,2.2904629441568902,1.2019675389674769,1.780247149369321,n.d.,5.4570922752847615,6.58991973521494,inf,0.25,0.13961913260317116,n.d.,1.0266357500648957,0.5791666666666666,n.d.,0.6666666666666666,0.3333333333333333,1.0,0.06444444444444444,0.9698067632850242,0.19444444444444442,15.0
S1,1,W02_C3,EVAE,13.860464533138398,n.d.,5.84361445193658,6.890487608972686,inf,n.d.,n.d.,0.25,2.550538218981683,1.6664339776847101,0.1103896103896104,5.742180832427027,2.6837523608011384,0.10714285714285715,inf,inf,0.17857142857142858,0.16987179487179488,0.4083333333333333,1.5506459100890662,0.26056975126266535,0.916631167990839,n.d.,5.510260875338703,6.690613881165552,inf,0.16666666666666666,0.07760618538534063,n.d.,0.6105169683473926,0.13690476190476192,n.d.,0.6666666666666666,0.3333333333333333,0.6666666666666666,0.04444444444444445,0.6274018379281536,0.14040404040404036,14.0
S1,1,W02_C3,KDE,14.110678396810279,n.d.,6.471065319531792,6.2196200552497665,inf,n.d.,n.d.,0.3333333333333333,2.89314858211028,2.2199543170400946,0.08333333333333331,4.592399909596667,3.210206583347203,0.11666666666666667,inf,inf,0.18333333333333335,0.18333333333333335,0.45833333333333337,1.961076978461017,0.9505224040410757,1.7674987289400856,n.d.,5.637762554119524,6.45872372858997,inf,0.25,0.14092968745221132,n.d.,1.268151252086691,0.5791666666666666,n.d.,0.6666666666666666,0.5,0.6666666666666666,0.05555555555555555,1.1367521367521367,0.22300047892720304,15.0
S1,1,W04_C3,ADFNE,13.717369835796465,6.712061216760684,7.149770993794467,7.470559900723625,inf,4.507985761434176,2.15330208027569,0.07368421052631574,5.488974172032507,5.2800328634083975,0.14210526315789473,7.100628456454817,3.5786354399091262,0.06666666666666668,inf,inf,0.09122807017543859,0.05263157894736842,0.23157894736842105,1.5079877779427862,1.3714630199943827,2.1826193186240994,2.4070067975291063,2.553413912451272,2.2196762432471226,inf,0.21052631578947367,0.28896716075948237,4.0,0.7490231709363845,0.20789473684210535,0.3333333333333333,0.5,0.3333333333333333,0.6666666666666666,0.06153846153846154,0.2944664031620553,0.1296851574212894,15.0
S1,1,W04_C3,EVAE,11.563073010667871,7.052607431163461,7.759128843355007,8.054859506661021,inf,3.2196526204117326,3.1273141657738703,0.07177033492822965,5.448544781876169,7.552926939171283,0.17543859649122806,7.796497733790645,6.187205856335596,0.06168831168831168,inf,inf,0.09122807017543859,0.05263157894736842,0.2450657894736842,1.0395830493441163,0.6229067875409156,2.7425406778247985,2.373040604770179,2.7299172438018298,3.771940386297554,inf,0.21052631578947367,0.26755064869993017,1.0,1.0079858161506172,0.19210526315789467,0.3333333333333333,0.6666666666666666,0.3333333333333333,0.6666666666666666,0.081951871657754,0.2647058823529412,0.09159420289855072,15.0
S1,1,W04_C3,KDE,12.682497308620135,6.201014151333549,7.479831740698829,8.40450594511892,inf,4.423405390158232,2.041329452088149,0.14035087719298245,4.339306245189725,6.379144939588847,0.17543859649122806,8.331671179531659,3.317061985101989,0.04210526315789476,inf,inf,0.09122807017543859,0.05263157894736842,0.2912280701754386,1.5814509999343347,1.261007171050185,4.038038539850325,2.863102446395508,2.960743933089966,2.043290938736617,inf,0.21052631578947367,0.29374013681652744,4.0,0.9561259524049766,0.20789473684210535,0.4444444444444444,0.6666666666666666,0.3333333333333333,0.6666666666666666,0.03392621870882741,0.5793939393939394,0.13592800374006545,15.0
S1,1,W04_C5,ADFNE,12.064529485980223,6.612297038798268,n.d.,6.612526588997777,n.d.,3.4126892155481126,3.2760086052706523,0.04285714285714287,n.d.,n.d.,0.26190476190476186,4.598615390237111,4.78685997970168,0.22857142857142854,n.d.,n.d.,0.07142857142857142,0.004761904761904759,0.3142857142857143,2.0667502354670892,1.2127362736746399,4.374619716162477,4.292332066690597,n.d.,2.5636352930091997,n.d.,0.07142857142857142,0.17802465417901794,4.0,1.0656365689137277,0.45178571428571435,0.2,4.0,0.5,1.0,0.08035714285714285,0.8323076923076923,0.16843212380737732,15.0
S1,1,W04_C5,EVAE,11.95063786365353,6.639782461311057,n.d.,6.313045808946398,n.d.,4.5164923863071005,2.9047037233275512,0.10833333333333334,n.d.,n.d.,0.2738095238095238,4.694790939744456,4.587414347910119,0.2857142857142857,n.d.,n.d.,0.07142857142857142,0.07142857142857142,0.39578754578754577,1.672398704421954,0.46257346029464186,5.311749922041729,3.323712558439852,n.d.,3.1569283988662598,n.d.,0.07142857142857142,0.19130572900307885,1.0,0.9258314569062076,0.08688186813186816,0.30000000000000004,3.5,0.6666666666666666,1.0,0.03511904761904762,0.30000000000000004,0.07499999999999998,14.0
S1,1,W04_C5,KDE,11.382908203102243,6.87467214919003,n.d.,5.897838806288738,n.d.,4.760738618110715,3.829394115663112,0.04285714285714287,n.d.,n.d.,0.26190476190476186,4.45070674035183,2.3635112387895747,0.22857142857142854,n.d.,n.d.,0.06190476190476191,0.07142857142857142,0.32380952380952377,1.8764278985690748,0.645553480113425,5.6409941629833895,3.4561088012656747,n.d.,1.7551915356365564,n.d.,0.07142857142857142,0.18717984434202062,5.0,1.3318289880318257,0.5851190476190476,0.2,4.0,0.5,1.0,0.06,1.1,0.20540796963946867,15.0
S1,1,W04_C7,ADFNE,17.07460312454028,9.510653989710802,5.70205429764771,10.021445235377342,n.d.,8.363441032338692,4.9686130596751426,0.08095238095238097,3.2637423137424966,2.654090625789305,0.047619047619047616,9.446657716563237,4.975232234390106,0.26190476190476186,n.d.,n.d.,0.06666666666666667,0.06666666666666667,0.29523809523809524,2.403797188605516,1.0293028306521212,5.37834482105656,2.8335618113743997,11.183046203487418,3.0398749173208164,n.d.,1.1428571428571428,0.5492382163072071,n.d.,2.616428522725496,0.3666666666666667,1.75,1.25,0.3333333333333333,n.d.,0.1392914653784219,1.5119047619047619,0.3015151515151515,15.0
S1,1,W04_C7,EVAE,15.876134539844792,9.788582435160965,5.811978983061836,11.69842709101453,n.d.,8.55329061318407,5.779655871747727,0.07142857142857142,3.810077265759469,2.621762926061999,0.11147186147186146,11.720761395736886,3.7832014143798487,0.1294642857142857,n.d.,n.d.,0.027777777777777776,0.11858974358974358,0.2738095238095238,2.0167106516953375,0.3668028039094984,5.604086471313928,1.6793959121013458,11.482912620629289,2.798509795020868,n.d.,1.0,0.5130214690040499,n.d.,1.107623933767107,0.09326923076923077,0.5,0.5,0.3333333333333333,n.d.,0.06066176470588235,0.5352941176470588,0.12373737373737374,14.0
S1,1,W04_C7,KDE,15.786735955457745,8.736452892222474,5.670953388803381,10.195555896523944,n.d.,7.643270662126588,5.735351297159809,0.047619047619047616,2.9015455770272416,2.225044114449818,0.06666666666666665,9.920890265551298,3.4834246114012912,0.22857142857142854,n.d.,n.d.,0.06666666666666667,0.06666666666666667,0.24761904761904757,2.5997304032122424,0.8493737191989534,5.611794698783005,2.0434404479661517,10.568478423789411,3.446693190125,n.d.,1.1428571428571428,0.6674230147586505,n.d.,2.7173142618603863,0.5666666666666667,1.5,1.5,0.3333333333333333,n.d.,0.150997150997151,1.6333333333333333,0.32795698924731187,15.0
S1,2,W01_C2,ADFNE,16.465609016453882,n.d.,5.384783055915726,6.852336042959417,10.65345113293059,n.d.,n.d.,0.3333333333333333,4.353690135982873,1.8969552035545183,0.13333333333333336,4.5153855535727665,3.724692225420594,0.06666666666666668,10.045067971033506,4.586516827061853,0.16666666666666666,0.03333333333333334,0.3833333333333333,1.9548480001275952,0.5425259627424248,5.67823203642323,n.d.,1.6599832265195147,3.678164550180952,8.62208978654132,0.5,0.2122645068328571,n.d.,1.7429260748974986,0.15416666666666667,n.d.,0.25,0.5,0.3333333333333333,0.04166666666666667,0.7676767676767677,0.16235632183908044,15.0
S1,2,W01_C2,EVAE,15.6213082164294,n.d.,6.562947477530837,5.159567939906291,16.22010131768899,n.d.,n.d.,0.2857142857142857,6.414771401123332,3.1569643662815365,0.16923076923076924,4.4146633633046655,2.859454563860402,0.09022556390977443,16.33641975275993,5.444027148259867,0.1675213675213675,0.047511312217194575,0.3699248120300752,1.5372492086508815,0.6890496832170747,4.500027602770489,n.d.,1.8890938113562337,3.00900939518389,10.110773913523776,0.35,0.23546811892970138,n.d.,0.8272293956829901,0.08226495726495725,n.d.,0.5,0.5,0.6666666666666666,0.06934731934731936,0.5720375106564365,0.1481481481481481,13.5
S1,2,W01_C2,KDE,15.779644095091475,n.d.,4.865017377198107,5.783497943681372,inf,n.d.,n.d.,0.3333333333333333,3.7653586576686577,1.9823280420874134,0.13333333333333333,5.6027303528220935,1.9027849191760793,0.06666666666666668,inf,inf,0.2,0.03333333333333334,0.4,2.0631949143135193,0.7076850750157813,5.393122268111287,n.d.,1.8671203777602865,2.610529544725331,inf,0.5,0.32796959192200137,n.d.,1.7381259127389659,0.2875000000000001,n.d.,0.25,0.5,0.5,0.042499999999999996,1.0546265328874025,0.2192234848484848,15.0
S1,2,W03_C2,ADFNE,8.670743456463754,5.76675076173408,5.690806740351608,4.460650480866944,n.d.,2.7453462787649965,3.1880986657916006,0.011111111111111127,4.435024143721197,2.7581275558888194,0.17777777777777776,3.331454692575967,3.0240597698178315,0.06666666666666668,n.d.,n.d.,0.07777777777777778,0.0,0.2277777777777778,1.4252039330667836,0.5555288021003615,2.263110941338299,1.8489973159393012,3.2173535466608483,2.302971853562497,n.d.,0.16666666666666666,0.3228701963516939,1.0,0.9608686185220928,0.2319444444444445,0.14285714285714285,0.5,0.5,1.0,0.08333333333333333,0.8879164313946923,0.1858974358974359,15.0
S1,2,W03_C2,EVAE,11.930339616834361,6.234656097201111,5.8408848926345485,5.520949519329369,n.d.,4.003106194880355,3.8737373389585645,0.09218559218559219,3.200103774917036,3.6117994065182977,0.17658730158730157,3.2676193247766543,4.029979890463373,0.1111111111111111,n.d.,n.d.,0.041666666666666664,0.02631578947368421,0.25417710944026733,1.1118802191089885,1.2018104852445655,0.8229023064305829,2.992792289180822,3.221445097180225,2.556393564658335,n.d.,0.2222222222222222,0.23886662490274213,0.75,0.8847457037989501,0.14770299145299137,0.2857142857142857,0.5,0.5,0.5,0.13333333333333333,0.5423465423465423,0.14416221033868093,14.0
S1,2,W03_C2,KDE,9.582441185917304,6.3410706343100784,5.726275379528198,5.550333372015162,n.d.,4.424165553364249,3.3081661480504367,0.033333333333333354,2.973335713401977,3.6633140500925863,0.2444444444444444,4.4069738122191735,3.3071457530750408,0.0888888888888889,n.d.,n.d.,0.07777777777777778,0.0,0.24444444444444446,1.4961144547586314,0.5978078833199707,2.4745855041698066,1.4936301654405915,3.630709741875317,2.1019662494031195,n.d.,0.16666666666666666,0.2880106893720732,2.0,0.9584003957382206,0.16527777777777786,0.21428571428571427,0.625,0.5,1.0,0.13657407407407407,1.0786713286713285,0.20729166666666665,15.0
S1,2,W03_C4,ADFNE,11.663400587295136,10.571649271238432,5.379337872501786,9.447481250812345,9.938117114603203,10.189438057172207,6.041419982094593,0.08750000000000002,3.983677801399393,1.4145600023101288,0.1375,8.726886737582793,5.347751968139364,0.07500000000000001,9.938569658655817,9.036852140063921,0.058333333333333334,0.0,0.18333333333333335,1.6550949909002264,1.4367520739143838,1.1167322485512114,3.5231597126132432,1.7171728915009048,3.2995712958207433,5.103114133354241,0.0625,0.18709306850019886,n.d.,0.6352678665631051,0.2875,0.2,0.3571428571428571,0.5,0.5,0.05833333333333334,0.9333333333333332,0.18375000000000002,15.0
S1,2,W03_C4,EVAE,15.24844906203383,10.850985667150422,7.641339972578894,7.273845268290431,6.924778982912425,10.81427827950914,5.1072667140271975,0.11607142857142855,7.617193809554743,1.640978523773188,0.1971153846153846,6.319115586721132,2.6790785064146974,0.125,5.687063391189509,5.945742738723541,0.053571428571428575,0.0,0.2767857142857143,1.1886559576195115,0.33015682632266063,0.6665868025967747,2.986539161546666,1.5124767346575272,2.6467954411568173,2.887341288006218,0.1875,0.13596457486449698,n.d.,1.2894321595482996,0.10096153846153844,0.2,0.5714285714285714,0.75,0.5,0.04722222222222223,0.5467787114845938,0.13961038961038963,13.5
S1,2,W03_C4,KDE,11.20654211389778,9.2286963986316,5.393564484593755,5.691942559052308,6.863853173422145,8.301423684678358,5.7280909941472355,0.033333333333333326,4.731796850451431,1.5969636084818104,0.17083333333333334,4.239794628656529,2.389535375269719,0.07500000000000001,3.7958378615789643,5.517094935943902,0.06666666666666668,0.0,0.17083333333333334,1.3159383183129778,0.7449504894066985,1.5779725192695482,2.766152356443786,1.6800097016415876,2.599772128138487,3.0482500511545823,0.0625,0.137581965158448,n.d.,0.6005775378665186,0.24583333333333335,0.1,0.42857142857142855,0.5,0.5,0.0641025641025641,1.0606060606060606,0.21651785714285715,15.0
S1,2,W05_C2,ADFNE,17.416991522333568,7.266395203119979,8.062976405103068,8.26233767312663,n.d.,6.4496776472806,1.9116130523793866,0.19999999999999996,6.884957896649533,4.106290083526266,0.09999999999999999,8.088788809414384,3.7763842351840973,0.03333333333333334,n.d.,n.d.,0.13333333333333333,0.05,0.2833333333333333,1.3202084759862973,0.8020052475410006,1.5273697348878317,1.9542214420598083,5.102836520402434,6.869056033553573,n.d.,0.25,0.2489543245517168,1.75,0.7175605035529324,0.25416666666666665,0.5,0.2,0.5,n.d.,0.1225,1.1478260869565218,0.21437229437229438,15.0
S1,2,W05_C2,EVAE,11.474367678625136,4.7299680343793185,7.997342783271101,inf,n.d.,2.5299751482530946,2.229307648009408,0.14700854700854699,7.1396660724268575,4.904091695398577,0.04999999999999999,inf,inf,0.04201680672268907,n.d.,n.d.,0.16228070175438597,0.041666666666666664,0.269047619047619,1.1149960552536697,0.3319668684639626,0.5745568910085408,2.1011515405941457,6.696785310530901,inf,n.d.,0.3,0.2901759759319909,0.75,1.0451169580657016,0.2666666666666666,0.4166666666666667,0.4,0.5,n.d.,0.1225,0.8161524076671343,0.17680672268907566,14.0
S1,2,W05_C2,KDE,15.726528900703993,4.678198459595952,6.25434482915333,5.2548177797604945,n.d.,3.6236141746865016,1.9905338290897627,0.19999999999999996,3.622185190364294,3.186816035927877,0.08333333333333331,3.869976852997115,2.9928169569312937,0.1,n.d.,n.d.,0.13333333333333333,0.05,0.30833333333333335,1.6216478843104138,0.9875759589446981,2.3453437162674677,1.632665926460807,6.125747365986764,4.437936139981571,n.d.,0.25,0.3573741945328392,1.5,0.8166593064081848,0.14583333333333337,0.5,0.2,0.5,n.d.,0.1225,0.806935817805383,0.16621212121212126,15.0
S1,2,W05_C4,ADFNE,13.758178631095465,5.509324592350453,5.773431325607607,n.d.,n.d.,3.580042254884074,1.9128611627733552,0.2215686274509804,3.740546929015375,3.1714329633395213,0.039215686274509776,n.d.,n.d.,0.10784313725490197,n.d.,n.d.,0.07450980392156863,0.0,0.25490196078431376,2.4904180330676144,1.6776683101565983,3.7650187126331724,3.643088362044836,2.286343162397941,n.d.,n.d.,0.11764705882352941,0.37345818834153066,1.0,0.7968574388195813,0.14950980392156865,0.45,0.2,1.5,1.0,0.06869565217391305,0.37565217391304345,0.09090909090909094,15.0
S1,2,W05_C4,EVAE,11.466138753202555,5.878419388821811,4.915641714879746,n.d.,n.d.,3.1710995069415,2.0353886227513485,0.19379084967320262,3.3964626594307763,2.635934867044053,0.06334841628959276,n.d.,n.d.,0.10784313725490195,n.d.,n.d.,0.07927170868347339,0.02631578947368421,0.21568627450980393,1.523294145440434,0.39185077300318116,1.1738580190650305,2.5373108257823453,1.9662853888220941,n.d.,n.d.,0.20588235294117646,0.2507495103937368,0.5,1.2730114521472249,0.28909313725490193,0.4,0.4,2.0,1.0,0.06980676328502415,0.4928571428571429,0.10703185703185703,13.5
S1,2,W05_C4,KDE,13.62086997903063,4.818620060464529,4.1646466829526965,n.d.,n.d.,2.8735891850921687,1.5122535904913024,0.25490196078431376,2.437463058521759,1.9748472236161732,0.039215686274509776,n.d.,n.d.,0.07450980392156863,n.d.,n.d.,0.10784313725490197,0.0,0.2823529411764706,2.1150162695090375,0.8360535859363569,3.5703550762795486,3.3784633615187003,1.7360291793108957,n.d.,n.d.,0.11764705882352941,0.2585233558976197,1.75,0.7258373664380662,0.25049019607843137,0.5,0.2,1.0,1.5,0.05,0.5057142857142857,0.10710227272727274,15.0
S1,2,W05_C6,ADFNE,14.8854986261077,6.691667703202031,4.112584449291081,8.937124887206274,11.939564565664739,4.232952411903279,1.7023243254200464,0.16666666666666666,3.029468667204037,1.9103341595741061,0.23333333333333334,4.978893951369607,7.788249529792546,0.0888888888888889,11.667555987999645,7.338367369428172,0.08888888888888888,0.0,0.3222222222222222,1.5602442129517928,0.969978085126193,1.372281643763698,2.8255928608112586,3.796290867086136,3.3712924721874433,4.206420456201387,0.16666666666666666,0.27312806793508837,1.0,0.6169981801378703,0.3208333333333334,0.6666666666666666,0.5555555555555556,0.5,0.5,0.031590909090909086,0.40415584415584416,0.09528985507246379,15.0
S1,2,W05_C6,EVAE,17.00479303145056,7.71322513770562,6.779509336076411,8.839800801899116,inf,6.3799586608584855,2.7640391880047175,0.11904761904761904,4.086515126443576,3.597746573668309,0.27521008403361347,4.956449520461701,7.594670529513767,0.1746031746031746,inf,inf,0.1388888888888889,0.03571428571428571,0.376984126984127,1.0815762838531007,0.5750929428845009,1.224957282944787,4.162994713238357,4.269185568311229,2.4836541276845177,inf,0.2222222222222222,0.2778541447364889,1.0,1.239637585254509,0.15476190476190477,0.3333333333333333,0.6666666666666666,1.0,0.625,0.0491699604743083,0.42828282828282827,0.08333333333333334,14.0
S1,2,W05_C6,KDE,14.709241751191596,6.949770300028696,4.644853588381164,8.570949579312883,7.968635504995461,3.261388670614884,2.5848967570597248,0.16666666666666666,3.1163926330196015,2.3756272278172883,0.23333333333333334,2.9018182736998623,7.506374122385311,0.06666666666666668,7.335722950485415,4.51019727868688,0.08888888888888888,0.03333333333333333,0.32222222222222224,1.414308658206981,0.7428632207165847,1.750969618908313,2.348445698879736,3.601264935740664,1.7810349005217596,2.086759979233755,0.16666666666666666,0.28786645139389455,1.25,0.5758658039913516,0.3208333333333334,0.6666666666666666,0.5555555555555556,0.5,0.5,0.05484330484330484,0.606060606060606,0.119119623655914,15.0
S1,3,W01_C3,ADFNE,11.509893379113638,11.983823849351326,7.465148932110861,5.713046428609303,n.d.,11.742257114578338,5.70895884036432,0.033333333333333354,6.955243789331849,2.6432925106213863,0.08333333333333331,3.5676917184617394,4.406095842703222,0.11666666666666667,n.d.,n.d.,0.13333333333333333,0.125,0.21666666666666667,3.218368440581175,1.9901688440554015,6.2434960500717835,2.9711661999504324,11.84034050630368,2.726917968586786,n.d.,0.875,0.2681058618002832,2.0,3.004547322183551,0.36250000000000004,0.8333333333333333,1.5,0.5,n.d.,0.125,0.5192307692307693,0.125462962962963,15.0
S1,3,W01_C3,EVAE,14.839897876021649,10.521778710182101,8.842889371838366,5.285629131054582,n.d.,10.474847935081552,6.181677544273666,0.15247252747252749,8.355226704873923,1.81811570090463,0.12171052631578946,3.8375673240621753,4.033029870661615,0.1103896103896104,n.d.,n.d.,0.14285714285714285,0.125,0.3004807692307692,2.8856579568020035,1.4001591250501848,6.797011880885961,3.692910370677586,12.376459704089529,2.206430607312838,n.d.,0.625,0.13625218035596257,1.0,1.360718656433675,0.11916208791208793,0.3333333333333333,1.25,0.5,n.d.,0.08893280632411067,0.2121212121212121,0.11388888888888889,13.0
S1,3,W01_C3,KDE,11.62516090616209,14.049370652650635,7.819521953523598,6.596635410632267,n.d.,14.046200220269114,5.37708242153199,0.041666666666666685,7.246003774502854,1.8612169670137662,0.08333333333333331,4.658329452365049,4.8048310836361265,0.08333333333333331,n.d.,n.d.,0.1,0.09166666666666667,0.22499999999999998,3.6352711444350714,1.29431091977884,7.276561602718845,3.0087762661839927,11.797646117222103,1.9959357027338136,n.d.,0.875,0.15299246877758754,2.0,3.214459915880107,0.5625,0.6666666666666666,1.5,0.5,n.d.,0.1176923076923077,0.584045584045584,0.13537675606641125,15.0
S1,3,W03_C3,ADFNE,9.389762382184987,6.4512588227487555,4.14429960182081,7.3171715648364835,inf,5.345086976865039,3.161952477930952,0.06666666666666671,2.871900659993225,2.5457055317845496,0.13333333333333333,6.694681646142592,3.533836569460865,0.06666666666666668,inf,inf,0.04444444444444444,0.03333333333333333,0.17777777777777778,1.7202525863140241,1.2903967696643013,2.11301244193403,2.4302232554316694,2.3034083643911245,3.5880690038236844,inf,0.16666666666666666,0.36122228195476186,1.25,0.7288534495262842,0.34305555555555556,0.16666666666666666,0.375,0.5,0.5,0.04924242424242425,0.6883794466403161,0.13521080368906457,15.0
S1,3,W03_C3,EVAE,13.49068004420507,9.569939945751774,6.362466804991219,7.158080895425302,13.058176104825984,8.181986222523568,3.2645638074711796,0.0892857142857143,4.430519671804872,2.084224251778106,0.14774114774114772,6.672025092369637,3.089240356903595,0.07979797979797981,13.054988109493369,7.8059869566832925,0.041208791208791215,0.0,0.2373015873015873,1.0077249684793772,0.38327217216009846,1.491943054260596,2.262929399249117,2.4858537494110307,3.3033819328342267,4.9411907340549925,0.2222222222222222,0.2842916776862183,0.5,1.4140251312366967,0.20625,0.3333333333333333,0.5,0.5,0.5,0.041666666666666664,0.3781818181818182,0.08333333333333333,14.0
S1,3,W03_C3,KDE,9.935085771485362,5.8711013778325984,6.212336118780872,5.274425778850206,14.71080407828143,4.515788337748939,2.577420899342311,0.06666666666666671,5.033869824671054,2.328060359300138,0.14444444444444443,4.197385460593935,2.388681849652384,0.0888888888888889,14.710804078281434,9.777913582640497,0.04444444444444444,0.0,0.1777777777777778,1.2014792533875576,1.128236653720308,2.4989414027614822,2.327726608428297,2.089292095101654,2.943293198221763,5.505971678337188,0.16666666666666666,0.28824955628779136,2.0,0.6016943051775718,0.2763888888888889,0.0,0.4375,0.5,0.5,0.05291005291005291,0.9336959336959336,0.1666666666666667,15.0
S1,3,W03_C5,ADFNE,10.424897222293028,10.25182789087468,7.800102137905746,7.528350491988862,9.296479521193351,10.233409959925199,1.830426017647805,0.028571428571428525,3.1805347273270996,8.2718329838981,0.09999999999999999,5.372597378998358,4.800728245085166,0.08095238095238094,9.237274001023707,6.173723774541433,0.06666666666666668,0.0,0.17619047619047618,1.6994023428302483,1.802622878953613,1.9427871635722882,2.8385623945329024,2.824899930704577,2.3805232471936746,4.357273182176859,0.07142857142857142,0.1093245096225221,n.d.,0.8828307706072663,0.26666666666666666,0.0,0.5,0.3333333333333333,0.5,0.12,1.2727272727272727,0.26296296296296295,15.0
S1,3,W03_C5,EVAE,11.925430348571588,12.470879331580253,10.639853930041564,7.173026138303646,10.648758968947998,12.54831139738832,3.4566663046708497,0.1672077922077922,6.191239204110174,9.339566702532249,0.08241758241758243,5.676849701491136,4.674838652580926,0.11904761904761904,8.60866915758358,8.496686211359435,0.06547619047619047,0.0,0.2261904761904762,0.9900388158046654,0.6368842124100726,0.6994010366231329,3.0795987803004943,2.1341984275169477,1.8065474080076103,3.3212218393179453,0.07142857142857142,0.08230545674522838,n.d.,1.0970672170537914,0.2797619047619047,0.5,0.3333333333333333,0.3333333333333333,0.5,0.05263157894736842,0.6357894736842105,0.14285714285714288,13.5
S1,3,W03_C5,KDE,9.740180176705165,9.095864488322409,7.947939153946219,5.609019108627711,10.578594747261839,9.252556367267925,2.513431179554689,0.09523809523809523,3.7674096866857383,6.884886505551443,0.06666666666666667,3.665685114409615,2.2557965580565837,0.05238095238095239,10.157979843800721,8.951892887498653,0.05714285714285716,0.0,0.11904761904761903,1.118994798083215,1.410946529226104,0.7403034407739539,2.9183321653478007,1.9372100098289051,1.7036787561281237,3.4549965882040246,0.07142857142857142,0.11307191056449142,n.d.,0.9481997948270842,0.29940476190476195,0.16666666666666666,0.3333333333333333,0.3333333333333333,0.5,0.13068181818181818,1.4423076923076923,0.2834224598930481,15.0
S1,3,W05_C3,ADFNE,13.318362505806096,9.011041898812955,5.104505737107788,8.654074742025273,n.d.,8.92803536572082,2.6080101901905763,0.0784313725490196,2.867527730348871,3.1844832172185846,0.047058823529411764,8.654074742025275,2.8430185271746415,0.01568627450980392,n.d.,n.d.,0.13333333333333333,0.11764705882352941,0.196078431372549,1.887516656781287,1.2828899902957134,1.6342084042920924,3.352974901514603,2.914270314731245,3.26904048910494,n.d.,0.11764705882352941,0.26458205690158726,1.0,0.6745924457373236,0.35245098039215683,0.2857142857142857,0.16666666666666666,0.0,n.d.,0.08333333333333333,0.5599999999999999,0.11379310344827587,15.0
S1,3,W05_C3,EVAE,13.905838630075994,6.455061653129493,5.8277582529704395,inf,n.d.,5.648326532417718,4.418780707124202,0.08333333333333334,3.578035446450298,2.403639139223733,0.10597761371755182,inf,inf,0.05306372549019608,n.d.,n.d.,0.15384615384615385,0.11764705882352941,0.2542016806722689,1.1797946081618689,0.3843728068605884,1.504653850011216,2.2536905038577713,2.6780451904017855,inf,n.d.,0.11764705882352941,0.1507757161839863,0.3333333333333333,1.1418445084830253,0.21977124183006538,0.21428571428571427,0.3333333333333333,0.5,n.d.,0.05555555555555555,0.31481481481481477,0.08504398826979472,15.0
S1,3,W05_C3,KDE,13.225335451904469,8.424790877895518,5.2689061671690505,6.952818418182326,n.d.,7.9263021557633895,4.149671047800958,0.0784313725490196,3.3433519825107085,3.339450385298452,0.0862745098039216,4.020421502614096,4.639155481132918,0.14901960784313725,n.d.,n.d.,0.1,0.11764705882352941,0.23137254901960785,1.6859138736496213,1.201985379581263,2.7040215173514603,2.9000250182047607,2.3550732621859787,2.084668856849169,n.d.,0.11764705882352941,0.2953618355242895,0.6666666666666666,0.8419652040409482,0.35245098039215683,0.2857142857142857,0.3333333333333333,1.0,n.d.,0.07652173913043478,0.5201465201465201,0.0959051724137931,15.0
S1,3,W05_C5,ADFNE,8.37838615769368,5.229985669852312,5.454703405427895,6.354154877412772,inf,3.9245429223593113,1.7149722544677841,0.047058823529411764,3.5958886785570816,2.7349580074160427,0.0980392156862745,4.209388214701161,5.364382349822652,0.06666666666666665,inf,inf,0.07647058823529412,0.0,0.1647058823529412,1.8419780060574173,1.3252682999130425,2.2838733112384513,4.307201282017138,2.7039984463700524,2.501450191290366,inf,0.11764705882352941,0.2984191998896597,4.0,0.7324992762132513,0.3333333333333333,0.16666666666666666,0.25,0.25,0.5,0.1937229437229437,0.4782608695652174,0.21683501683501682,15.0
S1,3,W05_C5,EVAE,11.142412475235098,6.235724051553812,5.467563746380246,6.428819759623526,8.140341700589179,3.50905337362264,4.000305758184954,0.0915775401069519,3.896915679571465,3.3980500959954396,0.06561085972850679,4.2640186724085805,6.531471533300853,0.11974789915966387,3.305664319611112,7.5346250435205375,0.04047619047619047,0.06349206349206349,0.2089169000933707,1.332113507427668,0.47252803099608276,1.0382554157821067,3.429915379036025,2.9425044229222053,2.6710108127094268,3.118657772544778,0.17647058823529413,0.24148133956828577,1.0,1.261595032445965,0.589588720103426,0.3333333333333333,0.25,0.25,0.3333333333333333,0.24440052700922266,0.6265664160401002,0.2408008658008658,14.0
S1,3,W05_C5,KDE,8.08931963226522,5.099356516440612,5.672892420841223,6.118871437156604,9.342830695592415,4.03118862580386,1.4454054478808471,0.047058823529411764,5.046287441757164,1.6807360892105438,0.0980392156862745,4.21000152509677,3.3517610247637597,0.0980392156862745,4.3306938309700005,10.246015367054609,0.0431372549019608,0.0,0.14509803921568626,1.729791412671456,0.7583048370234116,2.441263466384606,3.5386526289339866,2.9224438004587245,2.1214359483460274,4.866422319524306,0.11764705882352941,0.25264349990791324,4.0,0.8147567301702012,0.3333333333333333,0.16666666666666666,0.25,0.25,0.3333333333333333,0.19047619047619047,0.34824434824434825,0.2016659810777458,15.0
S1,3,W05_C7,ADFNE,17.184561532725752,10.202420205232425,5.4267346961675464,7.739317097379784,n.d.,9.534959587016576,3.0689705332583763,0.14444444444444446,3.5881608287265276,2.5895092279857996,0.07777777777777778,6.751104743578191,4.739891168598713,0.1333333333333333,n.d.,n.d.,0.05555555555555555,0.03333333333333333,0.2555555555555556,1.3976895428474845,1.0743601599291155,1.1272917157564795,4.260878880700925,1.99853541465827,2.632568977397758,n.d.,0.16666666666666666,0.1908944015012478,1.5,0.6669482971814191,0.4541666666666667,0.5,0.2857142857142857,0.5,1.0,0.05652173913043479,0.5176190476190476,0.1098176718092567,15.0
S1,3,W05_C7,EVAE,13.090051043465806,11.647918996415289,5.289279329126506,5.704207270258257,n.d.,11.648665427338972,4.133463746783525,0.06593406593406592,3.2670517047555085,2.771071343545983,0.09603174603174605,3.7343920870047955,3.2884043914938363,0.12727272727272726,n.d.,n.d.,0.08253968253968254,0.0,0.2222222222222222,1.1651082833193587,0.5123794379700994,0.7372602926120392,3.9787947515264213,1.8457324381120306,1.7612839933729,n.d.,0.3055555555555556,0.2701741246045919,0.5,1.5746212656824488,0.12797619047619044,0.25,0.3571428571428571,0.5,1.0,0.09022556390977443,0.38095238095238093,0.09925558312655088,12.5
S1,3,W05_C7,KDE,16.12412242276107,8.909811954164413,6.8581878052059455,7.058043930978068,n.d.,8.767339986487228,2.58238050718421,0.1111111111111111,4.170806963698522,2.264752029505215,0.07777777777777778,6.386089274728505,3.2750319531097785,0.1333333333333333,n.d.,n.d.,0.05555555555555555,0.0,0.25,1.5803146447186571,0.8435205339475191,1.7987698239024774,4.70413383809088,2.1056505662918363,1.9182591190609894,n.d.,0.16666666666666666,0.23194556174263625,1.75,0.6335603289783225,0.3208333333333334,0.25,0.2857142857142857,0.5,1.0,0.046153846153846156,0.6062397372742201,0.10842015628130638,15.0
S2,0,W00_C1,ADFNE,9.991910738366354,9.956956791229976,4.865706421023047,8.343190536085196,inf,9.91610508114184,2.484864074062568,0.0174825174825175,3.207589443174526,2.18165133034336,0.09790209790209792,4.997412964541599,6.73439232290557,0.1048951048951049,inf,inf,0.07692307692307693,0.038461538461538464,0.21328671328671328,1.5130230537606602,1.1563809260711266,1.739594432107473,2.1923058342396846,1.7177295710403895,2.3809338758794327,inf,0.5769230769230769,0.4735469832658287,0.5,0.8089192782447846,0.5157342657342658,0.5555555555555556,0.6666666666666666,0.5,0.75,0.06521739130434782,0.676328502415459,0.16392543859649125,11.0
S2,0,W00_C1,EVAE,14.148852520600713,13.598042850982873,5.531816533176901,5.483290751344773,inf,11.681946739761532,5.570766524191516,0.10576923076923078,4.106916874013709,3.6070363215997654,0.2075277663512958,4.469925496999277,2.5214686421665924,0.18444055944055943,inf,inf,0.07692307692307693,0.038461538461538464,0.30594405594405594,1.8733550360490112,1.7065102311837232,1.4145969276644854,4.192996825021444,2.2614174577525397,1.5906691287508519,inf,0.5961538461538461,0.44948558201788386,0.5,2.0786868186202043,0.20512820512820512,0.6666666666666666,0.7916666666666667,0.5,0.5,0.06521739130434782,0.5652173913043479,0.12141531713900136,10.5
S2,0,W00_C1,KDE,9.295191502706167,9.618786085495977,5.269822439009736,9.63596309666016,inf,9.218736510865273,3.6639728085708034,0.0174825174825175,3.907098344168591,3.046917935717862,0.09790209790209792,6.056635627390218,8.365108575875311,0.1048951048951049,inf,inf,0.07692307692307693,0.038461538461538464,0.13636363636363638,1.6668389934667116,1.4367332933630843,1.1885300816671935,2.639494354165301,1.6198352754062593,1.9053560481990424,inf,0.5769230769230769,0.42293345479775696,1.0,0.7196624598138337,0.6975524475524475,0.5555555555555556,0.6666666666666666,0.5,0.5,0.06666666666666667,0.8985507246376812,0.17863612836438927,11.0
S2,0,W00_C2,ADFNE,13.688629909349654,13.716870028767207,7.848606028200587,n.d.,inf,11.324420564509124,6.811507112987382,0.11363636363636365,7.886742697927241,2.6158372899831916,0.1863636363636364,n.d.,n.d.,0.05,inf,inf,0.08181818181818182,0.05,0.2454545454545455,1.3394439699324996,0.6973376398830422,2.6726743603306646,1.9039783993685933,1.7295052001490014,n.d.,inf,0.45,0.39849029892987253,0.3333333333333333,0.605263374368886,0.5590909090909092,0.2,0.6363636363636364,1.0,0.5,0.06045751633986929,0.4747162022703818,0.10945945945945945,11.0
S2,0,W00_C2,EVAE,17.824015031277597,12.240977889774825,11.564080211979874,n.d.,inf,11.417155702159441,4.996526296311561,0.13194444444444445,10.039637988152375,3.798038045284638,0.34285714285714286,n.d.,n.d.,0.25303030303030305,inf,inf,0.08181818181818182,0.05,0.40992063492063496,1.4263889494158473,1.1960463887212645,2.9382146682286923,3.319693873020876,2.604138201158815,n.d.,inf,0.45,0.3248674038218968,0.3333333333333333,1.5003893513083852,0.09999999999999998,0.4,0.8181818181818182,1.5,0.5,0.06323529411764706,0.3025210084033614,0.10810810810810809,11.0
S2,0,W00_C2,KDE,14.044826399508542,13.471947413087012,7.609028132801105,n.d.,inf,13.369405974130972,6.965462106580939,0.11363636363636365,5.355820809746712,2.7748246894045683,0.27727272727272734,n.d.,n.d.,0.17727272727272728,inf,inf,0.08181818181818182,0.05,0.2863636363636364,1.371260893681793,1.2468842094461974,1.8411319143239475,1.652080486440385,1.8090876609308053,n.d.,inf,0.45,0.3721602935057621,0.6666666666666666,0.59173851125195,0.37727272727272754,0.2,0.7272727272727273,1.5,0.5,0.06045751633986928,0.5098039215686274,0.13287772898756883,11.0
S2,0,W00_C3,ADFNE,16.077662767372438,10.599795147026402,7.32422842273096,11.233909164197634,n.d.,10.22996061594886,5.307614689241231,0.18181818181818182,3.509936199841037,4.659743374584105,0.09090909090909094,10.182600279566909,3.2155582862718237,0.09090909090909094,n.d.,n.d.,0.0,0.18181818181818182,0.27272727272727276,1.6938919507462966,1.0567483525901653,2.364470946474111,3.789642169721734,2.1301966831860217,2.424499978071455,n.d.,0.0,0.15008277343667764,2.0,1.045185352060454,0.36363636363636365,1.0,0.3333333333333333,0.25,n.d.,0.07179487179487179,1.0666666666666667,0.20796783625730997,11.0
S2,0,W00_C3,EVAE,19.38704642982374,15.787306103997594,8.000911000689257,8.874251447162028,n.d.,15.815893078897886,9.715899134351954,0.13484848484848483,4.792841436366664,6.234468304363372,0.12307692307692308,8.91623631648531,2.956508882801775,0.11363636363636365,n.d.,n.d.,0.1,0.18181818181818182,0.32211538461538464,1.8956394222988653,1.1253150592723764,1.95555391300552,3.2112445718036065,3.5328271616803466,2.4134600412187894,n.d.,0.09090909090909091,0.15590170907900286,1.5,1.3317382504586568,0.14722222222222217,0.5,0.3333333333333333,0.25,n.d.,0.07692307692307693,0.8920634920634921,0.17979691876750697,10.5
S2,0,W00_C3,KDE,15.672601688158462,13.330044521388352,9.162162480435793,7.677033079432807,n.d.,12.578222081897463,5.718784524139162,0.18181818181818182,6.910904648896819,6.009024425766902,0.09090909090909094,7.161958381013281,2.446927769522036,0.09090909090909094,n.d.,n.d.,0.09090909090909091,0.18181818181818182,0.27272727272727276,2.0916440163555032,0.8834395685849472,3.370295484730534,4.337436296085566,2.3221864870933713,2.418565147482469,n.d.,0.0,0.10532388684065494,3.0,1.1355346208638113,0.18181818181818188,1.0,0.3333333333333333,0.25,n.d.,0.1380952380952381,1.2888888888888888,0.25030193236714976,11.0
S2,0,W00_C4,ADFNE,21.014265529807552,12.553656459390176,6.698596698994393,11.396818756167951,n.d.,12.45116147380536,2.801533338184604,0.09696969696969698,4.440711411125539,2.3730326108264688,0.23030303030303031,11.423826194860395,3.6711631227825574,0.2393939393939394,n.d.,n.d.,0.0,0.13333333333333333,0.32727272727272727,1.5983116983248502,1.0940556266155665,2.4838543419079704,3.9921737516946774,2.928864075700769,2.6314818649291807,n.d.,0.26666666666666666,0.3189636375717779,0.5,0.7763585494740837,0.3515151515151516,0.0,1.0,0.6428571428571428,n.d.,0.07836538461538461,0.5666666666666667,0.12717391304347825,11.0
S2,0,W00_C4,EVAE,22.52330388323382,17.098850776796066,6.334754857318254,9.608807792789156,n.d.,17.35010642622713,6.521072744585509,0.09696969696969698,4.290603593923095,2.722070869783071,0.13939393939393938,9.596731311375258,2.2146712975120573,0.18744588744588747,n.d.,n.d.,0.09090909090909091,0.13333333333333333,0.3126984126984127,1.3984105318435098,1.9648873834910563,0.8660896601902257,3.575553527695998,3.422542013398587,1.8384819778839154,n.d.,0.3333333333333333,0.2725252652502568,0.5,1.7963060396791866,0.1181818181818182,0.5,0.5,0.6428571428571428,n.d.,0.06643356643356643,0.49743589743589733,0.125,10.0
S2,0,W00_C4,KDE,23.15944470254755,13.556704554025348,8.30984814335379,8.748580815148944,n.d.,13.424166006278696,4.4465756044266636,0.09696969696969698,6.70958118253423,3.113964494638596,0.13939393939393938,7.9649426148488836,2.8748867082903615,0.2393939393939394,n.d.,n.d.,0.09090909090909091,0.13333333333333333,0.32727272727272727,1.524188104091185,0.3592333490014474,2.8647738203425837,4.107568644120981,2.2494725908910933,1.853073646751885,n.d.,0.26666666666666666,0.3436132985874982,1.0,0.6817362675745862,0.26060606060606073,0.0,0.5,0.6428571428571428,n.d.,0.05472285067873304,0.4549019607843137,0.11547619047619048,11.0
S2,0,W00_C5,ADFNE,16.567446618551664,11.802329568485723,8.79876444598752,7.399135887310777,inf,10.114639244066064,3.688199112845307,0.09090909090909088,8.929827134520282,1.6321501820553954,0.18181818181818182,6.062350904807099,4.54959413277639,0.0909090909090909,inf,inf,0.13636363636363635,0.0,0.2727272727272727,1.797452304184567,1.064712723089019,3.4079161433967022,2.389539614447088,2.5106178237836962,5.552813054544971,inf,0.0,0.126728191107498,2.0,0.7893664620974358,0.36363636363636376,0.2,1.0,0.5,0.75,0.058823529411764705,0.5789473684210527,0.11240601503759398,11.0
S2,0,W00_C5,EVAE,18.573431559500477,11.3228645788723,9.50020642184955,5.260923301208468,inf,11.04353243509372,3.698044305924693,0.14615384615384613,9.500206421849544,2.9681861312032236,0.08181818181818182,3.472558909614852,2.5123683432345154,0.11818181818181817,inf,inf,0.08181818181818182,0.0,0.23636363636363633,1.9393839979072944,1.3605946670633984,3.6882247647799273,4.507927975776546,1.7229432560798306,1.8486712071057005,inf,0.09090909090909091,0.23370328318640926,1.0,1.2010959466138518,0.1363636363636363,0.4,0.5,0.5,0.5,0.05263157894736842,0.42857142857142855,0.11228070175438598,10.0
S2,0,W00_C5,KDE,14.190253405891337,9.608581062283402,8.125891966269103,9.964571823509454,inf,9.162157827593198,2.297995947345562,0.09090909090909088,7.595596104321935,3.5610955071232473,0.09090909090909091,4.9724144591453445,8.372030664868099,0.09090909090909091,inf,inf,0.09090909090909091,0.0,0.22727272727272727,1.6683515669174869,0.7677627835925638,2.944312122448019,2.98130507665262,1.9202114554911778,2.595651153543783,inf,0.0,0.2842557568844642,2.0,0.8444076297724386,0.3636363636363638,0.2,0.5,0.5,0.5,0.06501547987616099,0.9122807017543859,0.17863777089783284,11.0
S2,0,W00_C6,ADFNE,12.255024821159545,9.597845819025142,8.767870383040034,6.228860884223598,n.d.,2.171453858816937,7.967035147473189,0.11363636363636365,5.5934171270545106,5.439636062143916,0.09090909090909091,6.226110858225562,2.9212124406616735,0.06818181818181818,n.d.,n.d.,0.08333333333333333,0.16666666666666666,0.23484848484848486,1.6376621953095323,1.9619742506739435,2.14211960547076,2.6497055757019625,1.747530336734056,3.545816392340139,n.d.,0.08333333333333333,0.22163419676943108,2.0,0.7703880315268371,0.3257575757575759,0.3333333333333333,0.3333333333333333,0.3333333333333333,1.0,0.12710698314413485,0.35130718954248363,0.1720969089390142,11.0
S2,0,W00_C6,EVAE,13.736851212281003,9.376728033324802,6.333013985643662,5.288315429143568,n.d.,7.550738804482942,4.923434324238831,0.08333333333333331,2.4844352295675804,5.281365977865318,0.06818181818181818,4.181317609817352,2.285417832465361,0.11363636363636365,n.d.,n.d.,0.027777777777777776,0.16666666666666666,0.23106060606060602,2.378283067220921,3.0267335257254677,2.3417785845122996,2.7479863907520623,2.581015958336543,3.4399053653023532,n.d.,0.08333333333333333,0.2963931065664953,1.0,1.0957437187644627,0.18055555555555566,0.3333333333333333,0.3333333333333333,0.3333333333333333,0.0,0.16111829347123463,0.3735294117647059,0.18849206349206346,11.0
S2,0,W00_C6,KDE,12.453468694033628,9.597034056731466,6.213237679116903,6.928309801549432,n.d.,4.545125165205002,8.273802286880997,0.11363636363636365,2.633199527372999,4.336601821293229,0.06818181818181818,5.8836708890600065,2.1276480789791528,0.06818181818181818,n.d.,n.d.,0.08333333333333333,0.1212121212121212,0.23484848484848486,1.6651951419339932,1.9762683933282486,1.4361635756478202,2.6744395013168836,2.836985889102172,3.1704191248667284,n.d.,0.08333333333333333,0.24029840952812392,2.0,0.8035158065032678,0.2727272727272727,0.3333333333333333,0.3333333333333333,0.3333333333333333,1.0,0.12091503267973856,0.5413533834586466,0.1734126984126984,11.0
S2,0,W00_C7,ADFNE,11.10989956675921,9.3645848847761,5.542978480459455,9.532830979314827,inf,6.917889150507143,5.020124318540444,0.196969696969697,5.186020196793909,2.609799654431684,0.06060606060606061,9.514309893573998,8.087178614180466,0.10606060606060605,inf,inf,0.1313131313131313,0.1111111111111111,0.30303030303030304,1.4462342440879636,1.2262092252375403,2.614204127830603,2.3477401009022603,1.821954620163911,5.686539286785321,inf,0.3888888888888889,0.31386679444880083,0.3333333333333333,0.8729705723450994,0.24494949494949475,0.3333333333333333,0.41666666666666663,0.3333333333333333,0.75,0.0477207216825024,0.5809523809523809,0.12291666666666667,11.0
S2,0,W00_C7,EVAE,12.693818063316659,12.157938393543546,6.389775616380938,6.019680842232782,inf,4.477123477409119,10.71286219456999,0.23333333333333336,5.417233851536665,3.4620942898813922,0.1333333333333333,4.2911332802924775,4.672366840824937,0.13333333333333333,inf,inf,0.1222222222222222,0.1111111111111111,0.33333333333333337,1.773944958835687,1.0591759078955616,3.6572118524673503,4.429364051686764,2.1515616160478848,2.067429817714464,inf,0.4444444444444444,0.25856164017994643,0.3333333333333333,2.407901551754817,0.5534188034188033,0.3333333333333333,0.6666666666666666,0.3333333333333333,0.75,0.08553981937602627,0.4649122807017544,0.10625000000000002,10.0
S2,0,W00_C7,KDE,11.599352930437785,9.041958636358288,5.6213852639555215,6.373660595605106,inf,6.963983201777441,7.621954950043389,0.196969696969697,5.003545331874683,2.8389772236347843,0.13636363636363635,4.907971848266072,3.695744190595442,0.045454545454545456,inf,inf,0.1313131313131313,0.1111111111111111,0.30303030303030304,1.121149302445707,0.7671179140363554,1.8499236263228136,2.2836641678577356,1.949867248711854,1.7354332291972123,inf,0.3888888888888889,0.3036180901953063,0.3333333333333333,0.9735007409829421,0.2727272727272727,0.3333333333333333,0.5,0.3333333333333333,0.75,0.04298029556650246,0.6092558983666061,0.11463815789473686,11.0
S2,0,W00_C8,ADFNE,22.6604559843201,n.d.,8.330234673669894,inf,inf,n.d.,n.d.,0.36363636363636365,8.026738998958727,2.0446697549361583,0.18881118881118886,inf,inf,0.13636363636363635,inf,inf,0.13986013986013987,0.07692307692307693,0.4195804195804196,1.5233966966779793,1.0453803990880506,1.5175696552120672,n.d.,3.369133353771767,inf,inf,0.15384615384615385,0.29145088781541706,n.d.,0.809466566738271,0.4324009324009325,n.d.,0.5,0.5,0.6666666666666666,0.06805555555555555,1.05,0.22727272727272724,11.0
S2,0,W00_C8,EVAE,18.678363850828383,n.d.,10.746509396847205,6.732169404330681,inf,n.d.,n.d.,0.3333333333333333,10.218314664475594,2.6460108780172713,0.23888888888888887,6.214609504272119,1.518511863903631,0.10256410256410253,inf,inf,0.1533882783882784,0.07692307692307693,0.4423076923076923,1.331968623934619,0.6993968245628157,1.1674919744311685,n.d.,2.792239227691454,3.8031209378866744,inf,0.23076923076923078,0.29514090587460706,n.d.,0.9818088383616939,0.1051587301587302,n.d.,0.6666666666666666,0.3333333333333333,0.6666666666666666,0.05,0.8882352941176471,0.18611111111111106,10.0
S2,0,W00_C8,KDE,21.898213724575353,n.d.,8.374658562951085,8.38547196282324,inf,n.d.,n.d.,0.36363636363636365,8.408777925408991,2.2139565142882898,0.18881118881118886,5.4714811803107155,5.146253526220198,0.13286713286713286,inf,inf,0.13986013986013987,0.07692307692307693,0.40559440559440557,1.442913796577356,1.1560639838530673,2.3140424395373005,n.d.,3.434012772151262,3.5509843902930793,inf,0.15384615384615385,0.26732794278128713,n.d.,0.9455174741825656,0.6142191142191142,n.d.,0.5,0.3333333333333333,0.6666666666666666,0.05818713450292397,1.211764705882353,0.2275252525252525,11.0
S2,1,W01_C1,ADFNE,23.22101628959245,n.d.,5.972361097745106,6.264537266895305,n.d.,n.d.,n.d.,0.28409090909090906,3.8805780364945486,2.4132354379823733,0.051136363636363646,4.1892375970160565,3.991146232159495,0.26704545454545453,n.d.,n.d.,0.0625,0.09090909090909091,0.35795454545454547,3.5119962495915624,4.168252062905056,2.9633467960426163,n.d.,2.0255179318492718,8.27262918673501,n.d.,0.45454545454545453,0.140987512232962,n.d.,1.695452468453095,0.5056818181818181,5.0,0.5,0.4,n.d.,0.1225,1.3866666666666667,0.28516129032258064,16.0
S2,1,W01_C1,EVAE,21.645441674172208,n.d.,7.818547483767449,5.567368767459801,n.d.,n.d.,n.d.,0.2424242424242424,5.310610906834734,3.90010811730812,0.09696969696969698,4.22924364145131,3.8484471472272137,0.24025974025974026,n.d.,n.d.,0.06666666666666667,0.02632575757575758,0.3500631313131313,2.5461866247595877,2.7028954810784427,1.4012744495538942,n.d.,2.9180842503063413,7.258988699543836,n.d.,0.36363636363636365,0.0727729880318356,n.d.,0.7119531021455585,0.1388888888888889,4.0,0.25,0.4,n.d.,0.13176638176638178,1.4772727272727273,0.3015151515151515,15.0
S2,1,W01_C1,KDE,23.03559325796624,n.d.,5.594255415877878,6.78462248784524,n.d.,n.d.,n.d.,0.2215909090909091,2.995275011752602,2.9036268807688224,0.07386363636363635,4.829441124104578,2.629567594250494,0.32954545454545453,n.d.,n.d.,0.0625,0.03409090909090909,0.3522727272727273,3.2955500865196123,3.0978064317092064,3.249179243783268,n.d.,1.3547832323399,7.729085153545455,n.d.,0.45454545454545453,0.1421912561590621,n.d.,1.6518836220890374,0.5056818181818181,4.0,0.5,0.6,n.d.,0.1111111111111111,1.4363929146537842,0.2834224598930481,16.0
S2,1,W01_C2,ADFNE,13.72317605655286,n.d.,6.521869843143133,6.63141561353155,n.d.,n.d.,n.d.,0.34375,4.133679957247246,3.21985213233844,0.0625,5.244368583153117,3.0631829087733884,0.04999999999999999,n.d.,n.d.,0.1,0.2375,0.375,2.0346290799662534,1.0640796432680166,4.767324993352572,n.d.,1.6491760715028914,3.5075719780921264,n.d.,0.6,0.20988235540554012,n.d.,1.8388567909349103,0.36250000000000004,n.d.,0.5,0.75,1.0,0.04558404558404558,1.028985507246377,0.2064358001265022,16.0
S2,1,W01_C2,EVAE,17.279145586853094,n.d.,6.157134973603608,5.4896152101297915,n.d.,n.d.,n.d.,0.32291666666666663,5.369158258762074,2.4182103775564148,0.15000000000000002,3.780027259373158,2.1225376550522386,0.09910714285714284,n.d.,n.d.,0.037500000000000006,0.17083333333333334,0.4142857142857143,1.2952098368327882,0.5777640109087232,3.6819810627485925,n.d.,3.371841780900866,3.6389563204906503,n.d.,0.5,0.3476839579954958,n.d.,0.760824557516814,0.16428571428571426,n.d.,0.25,1.0,0.0,0.03886693017127799,0.9710144927536233,0.19273399014778322,15.0
S2,1,W01_C2,KDE,14.83529099351794,n.d.,5.147877165617798,4.4101345680843105,n.d.,n.d.,n.d.,0.34375,3.6974484793546116,2.4538121364047294,0.08750000000000002,2.6251895292583862,3.119142885755805,0.04999999999999999,n.d.,n.d.,0.037500000000000006,0.26875,0.4,2.0837869258747412,0.49068985117981356,6.034719904032725,n.d.,2.2228206338368315,2.066394813915358,n.d.,0.6,0.24810079166833923,n.d.,2.0658155157995353,0.55,n.d.,0.25,0.5,1.0,0.08333333333333333,1.1142857142857143,0.2307347670250896,16.0
S2,1,W01_C3,ADFNE,11.753616714051674,10.036148953714335,7.324537115652744,5.221038444379187,n.d.,9.820379015204118,4.068257830324201,0.03125,6.563868994689866,1.2920479229208652,0.125,3.4654480170959365,4.222209504801133,0.0625,n.d.,n.d.,0.0625,0.0625,0.1875,3.8127684668928055,2.2910581070218066,7.005693211577023,2.6237594825549593,12.480546397255397,2.1668228935554144,n.d.,1.0,0.15736263816019708,2.0,3.139575054162866,0.5,1.0,2.0,0.5,n.d.,0.1318840579710145,0.43999999999999995,0.12310606060606062,16.0
S2,1,W01_C3,EVAE,12.390459600711013,12.402684412191448,9.013827759905155,5.287989131727023,n.d.,11.966998829035221,4.056475688261878,0.07589285714285715,8.271872792854921,3.371823000184873,0.07291666666666666,2.721689041276073,3.478152812055918,0.04999999999999999,n.d.,n.d.,0.06904761904761905,0.058333333333333334,0.18571428571428572,2.8246355468214484,1.7349001324527538,6.612021250040083,3.3385610732451667,10.751769343816933,1.8303491990112764,n.d.,0.875,0.27904481031709344,1.0,1.4233741839709433,0.0892857142857143,0.6666666666666666,1.0,0.5,n.d.,0.10317460317460317,0.36231884057971014,0.11485507246376811,15.0
S2,1,W01_C3,KDE,11.145182528958227,10.09642570786357,7.609640930643371,6.630956275817788,n.d.,9.785607022542854,3.652777841841031,0.0,7.215420641109729,1.8310566113383615,0.0625,5.2795277038451385,4.665848652025375,0.0625,n.d.,n.d.,0.09375,0.0625,0.125,3.380331660080313,1.440820930712528,7.509989143873921,2.9657961635938763,11.986060907928627,2.2690108844368013,n.d.,1.0,0.2947030389656914,2.5,3.2072646166571905,0.25,1.0,1.5,0.5,n.d.,0.16,0.5692307692307692,0.14260670731707317,16.0
S2,1,W01_C4,ADFNE,21.926098461128547,n.d.,7.497193423516496,n.d.,n.d.,n.d.,n.d.,0.25,6.834371973091355,1.9199069098848351,0.3125,n.d.,n.d.,0.0625,n.d.,n.d.,0.0625,0.0625,0.34375,2.3006310986469773,2.580299841334576,2.010091600513239,n.d.,1.949747816804707,n.d.,n.d.,1.0,0.46052289682878356,n.d.,3.147775932428676,0.3125,5.0,0.2,2.0,1.0,0.12771739130434784,1.2606896551724138,0.2792207792207792,16.0
S2,1,W01_C4,EVAE,26.441542980743176,n.d.,12.779982871598978,n.d.,n.d.,n.d.,n.d.,0.22023809523809523,12.711197649455436,5.643202576475447,0.425,n.d.,n.d.,0.14166666666666666,n.d.,n.d.,0.058333333333333334,0.07142857142857142,0.4833333333333333,1.7992945281365103,2.2578636328506345,0.8285330513723221,n.d.,3.4944650995393336,n.d.,n.d.,0.875,0.5107939262974434,n.d.,1.316130224633146,0.3392857142857143,4.0,0.5,3.0,1.0,0.08514492753623187,0.9808612440191387,0.2128623188405797,15.0
S2,1,W01_C4,KDE,22.029577039977,n.d.,8.227291259496742,n.d.,n.d.,n.d.,n.d.,0.25,8.013543938895683,2.908252025565817,0.375,n.d.,n.d.,0.125,n.d.,n.d.,0.0625,0.0625,0.375,2.025083358798714,2.077336049295959,1.4753976322009754,n.d.,1.9316614211046748,n.d.,n.d.,1.0,0.6049791625860905,n.d.,3.428995640664114,0.3125,5.0,0.2,3.0,1.0,0.16333333333333333,1.8516483516483517,0.3631336405529954,16.0
S2,2,W02_C1,ADFNE,17.295602608352567,8.74745855083108,8.157692618378908,n.d.,n.d.,5.042146537122155,6.457078127721828,0.125,5.057973183696247,2.3681771524740896,0.12946428571428573,n.d.,n.d.,0.0625,n.d.,n.d.,0.053571428571428575,0.08035714285714285,0.2767857142857143,4.388162300944124,5.87253472565813,4.520442723068678,5.048849969538975,4.353985098056074,n.d.,n.d.,0.14285714285714285,0.36928663016237434,0.4,0.6220470353874459,0.3035714285714286,0.14285714285714285,0.8333333333333333,1.0,1.0,0.08675213675213676,0.9092530657748048,0.1543103448275862,16.0
S2,2,W02_C1,EVAE,15.754407452306872,8.884261456161724,8.640085244399202,n.d.,n.d.,6.40787525725773,7.323736660022216,0.17708333333333334,6.143651466863719,3.0157816467018277,0.07142857142857142,n.d.,n.d.,0.14285714285714285,n.d.,n.d.,0.07142857142857142,0.07142857142857142,0.2681197478991596,3.3262065517608796,5.044971911782382,2.4519929830132634,3.6402891071070442,4.228932591857793,n.d.,n.d.,0.07142857142857142,0.31622041102383536,0.30000000000000004,1.4360385145038892,0.2012362637362637,0.2857142857142857,0.3333333333333333,2.0,1.0,0.13522267206477734,1.2242424242424241,0.21125356125356126,14.0
S2,2,W02_C1,KDE,17.711963011304135,9.589130233218128,8.66631308037693,n.d.,n.d.,7.909121276463255,5.677156463059955,0.15625,5.637502876519841,2.6088414838531744,0.16071428571428573,n.d.,n.d.,0.11607142857142858,n.d.,n.d.,0.053571428571428575,0.08035714285714285,0.2767857142857143,4.0708564455073155,5.365098376891749,4.84924102618357,4.693929537019169,4.724335538351253,n.d.,n.d.,0.14285714285714285,0.28234308140153797,0.4,0.7663684718665961,0.1875,0.21428571428571427,1.0,2.0,1.0,0.07750000000000001,0.6068783068783069,0.10714285714285715,16.0
S2,2,W02_C2,ADFNE,10.334479628409728,7.169064629464373,7.307194423375117,5.6373019288498005,n.d.,5.735607844261111,1.9731095013259834,0.07500000000000001,4.01730555717017,5.0849031004615215,0.1875,5.069614668589297,2.7049262389394535,0.0625,n.d.,n.d.,0.0625,0.0625,0.2,4.638150738252345,5.663702394879826,5.712276803120682,4.616654095763224,5.6043495946793005,4.921027104931763,n.d.,0.6,0.13963737143854227,0.4,0.8842364070898422,0.22499999999999998,1.0,0.2,0.5,n.d.,0.13043478260869565,0.7257187257187258,0.1834733893557423,16.0
S2,2,W02_C2,EVAE,10.55253759505361,7.766047485061509,5.655777865976604,5.409768088339193,n.d.,6.613194273439516,4.645740395689132,0.07980769230769233,2.8099508538634552,3.8657296902233096,0.16666666666666669,4.364391460080226,2.2380184071078317,0.0786764705882353,n.d.,n.d.,0.07692307692307693,0.06458333333333333,0.21764705882352942,3.8100231660223143,5.085067967989485,4.420037202605226,3.520125936537191,5.55139663590423,5.555036388773665,n.d.,0.45,0.14517398674946763,0.4,1.3641171900646407,0.21071428571428574,0.6666666666666666,0.4,0.5,n.d.,0.08545454545454545,1.2422222222222223,0.24107142857142855,14.5
S2,2,W02_C2,KDE,11.240882653062805,5.757162864498083,6.88312230098032,7.030038848623757,n.d.,3.92275559391934,1.799853510599862,0.07500000000000001,2.904788722595541,5.02283003248154,0.1875,5.370669320123066,3.1463069105120445,0.07500000000000001,n.d.,n.d.,0.0625,0.0,0.2,4.417380373200943,5.420986589889965,6.038876478997283,4.133501682986208,5.224251692996871,5.246181064429742,n.d.,0.6,0.12299283833043823,0.4,0.9597637190850563,0.25,1.0,0.30000000000000004,0.5,n.d.,0.150997150997151,0.71360153256705,0.18760262725779964,16.0
S2,2,W02_C3,ADFNE,13.522929064820898,n.d.,5.486081804607732,5.801708601584419,inf,n.d.,n.d.,0.2916666666666667,2.3560692917207393,1.952892790518526,0.125,4.965613971803734,2.5553463123347786,0.09375,inf,inf,0.21875,0.10416666666666666,0.4166666666666667,2.0726284335172114,1.0072577855669467,1.1074067953301114,n.d.,5.576089745266881,6.2782474398292685,inf,0.3333333333333333,0.0957265586320513,n.d.,1.3200041858146923,0.4583333333333333,5.0,1.0,0.3333333333333333,0.8333333333333333,0.06896057347670251,1.1657376439985134,0.24247400109469072,16.0
S2,2,W02_C3,EVAE,13.026281541222378,n.d.,6.249702435045148,4.779015268845177,inf,n.d.,n.d.,0.22916666666666669,2.2658449935884413,2.4156200937249217,0.07575757575757575,3.7478016791113706,2.472038591821295,0.10714285714285715,inf,inf,0.1875,0.09249084249084248,0.3333333333333333,1.5467589874946266,0.4985887828839014,1.3192575241045819,n.d.,5.17247177768448,7.36281556740673,inf,0.16666666666666666,0.11506551092416825,n.d.,0.6636172946457126,0.08333333333333331,4.0,0.3333333333333333,0.3333333333333333,0.6666666666666666,0.05555555555555555,0.6767676767676767,0.1486111111111111,14.0
S2,2,W02_C3,KDE,12.653993333096512,n.d.,5.820208139601961,6.9074939459993505,inf,n.d.,n.d.,0.22916666666666669,3.186468494004881,2.2307883722351356,0.0625,6.693405473086791,3.338069524117821,0.0625,inf,inf,0.15625,0.10416666666666666,0.3541666666666667,1.9067146246373436,0.834368186883232,1.4530725231083796,n.d.,4.7552317279299015,6.296065913885926,inf,0.3333333333333333,0.06374554738528412,n.d.,1.2109471642961647,0.4583333333333333,4.0,0.6666666666666666,0.3333333333333333,0.5,0.10842293906810035,1.28639846743295,0.2566738816738816,16.0
S2,2,W02_C4,ADFNE,15.756328022943638,12.767001985690325,n.d.,10.261529991090695,inf,12.58943277923419,7.463474630919477,0.13068181818181818,n.d.,n.d.,0.28409090909090906,10.332911130569848,2.4302117440990316,0.29829545454545453,inf,inf,0.18181818181818182,0.03409090909090909,0.4630681818181818,2.691247885313251,2.1184692119134603,1.6970753004375232,3.1980313993715495,n.d.,5.121822234424147,inf,0.45454545454545453,0.11517136180122087,6.0,1.8519661638764457,0.5056818181818181,1.5,5.0,0.5,1.0,0.13392857142857142,1.343822843822844,0.2461117511520738,16.0
S2,2,W02_C4,EVAE,16.54359595485619,17.656613262181672,n.d.,11.89052440335259,inf,17.6236747909641,8.293010598830753,0.1509024064171123,n.d.,n.d.,0.2215909090909091,11.47401743432308,2.543976464248508,0.23916083916083913,inf,inf,0.1103896103896104,0.06934731934731934,0.37803030303030305,2.494650426041586,1.3297169236134632,1.5693134556975408,4.445390882829439,n.d.,5.188116917748871,inf,0.2727272727272727,0.07202090585056414,2.0,1.02623779888789,0.06845238095238096,1.5,4.0,0.4,0.5,0.054411764705882354,0.6628959276018099,0.1329513814521311,14.0
S2,2,W02_C4,KDE,15.003733721254516,13.324358391917695,n.d.,8.047065205363873,inf,13.263555574650432,5.888767592807343,0.13068181818181818,n.d.,n.d.,0.2215909090909091,7.615989352838431,2.7217751952281324,0.26704545454545453,inf,inf,0.11931818181818182,0.0625,0.41477272727272735,2.428605007274178,1.2914928107330448,2.5619085897680187,2.1796358368822677,n.d.,3.790644123558461,inf,0.45454545454545453,0.05914991432214238,5.0,1.9732181641782849,0.5056818181818181,1.5,4.0,0.4,0.5,0.14303959131545338,1.1948717948717948,0.2375992063492064,16.0
S2,2,W02_C5,ADFNE,11.224013546883162,8.33016535844323,6.995094861675116,5.5896414937359715,n.d.,7.36520241962653,4.267664918796146,0.0625,3.7403552129663673,2.900465876324179,0.15625,4.44630417461029,3.8063619390421257,0.09375,n.d.,n.d.,0.03125,0.125,0.25,1.2732343398415376,0.6796064816086145,2.2590158580629605,2.3744225251411955,1.7984823695635872,2.2814721419853425,n.d.,0.0,0.14406452862617897,1.5,0.5783992363759873,0.1875,0.2,0.8333333333333333,0.30000000000000004,n.d.,0.0750858123569794,0.7550877192982456,0.14999999999999997,16.0
S2,2,W02_C5,EVAE,14.21071899113992,14.683555326480676,7.2152415671240036,4.845670167369992,n.d.,14.709671360627407,3.671504466544993,0.05416666666666667,2.764183310272111,5.01524423655286,0.07074175824175824,2.989865380002485,4.61655716670443,0.08173076923076922,n.d.,n.d.,0.06666666666666667,0.08333333333333334,0.1943681318681319,1.568585807718668,0.3568696846701683,3.933692447293132,5.438370870245951,2.350743585256802,1.7425921141150238,n.d.,0.125,0.05944200076924784,0.5,1.5703867775054818,0.1298076923076923,0.2,0.3333333333333333,0.4,n.d.,0.04736842105263159,0.3151997641161728,0.0760423786739576,14.0
S2,2,W02_C5,KDE,13.271625038844041,11.582916104761328,6.81557353955325,6.071572482996055,n.d.,10.975965055276987,3.8344517203967516,0.0625,3.7697510525227123,3.346524724830756,0.15625,4.656040161189156,3.982661107125656,0.1875,n.d.,n.d.,0.0625,0.125,0.3125,1.0801322127913653,0.6356598049752338,1.9196843721791024,2.332562621693587,1.917280994231518,1.8901980201841315,n.d.,0.0,0.12402386592475458,2.5,0.6077777404023865,0.4375,0.2,0.8333333333333333,0.6,n.d.,0.09095816464237517,0.9689501531606795,0.16967418546365914,16.0
S2,2,W02_C6,ADFNE,11.549756424151788,5.580998876362267,n.d.,6.22134318840782,n.d.,4.087751852131577,2.846237221622628,0.05357142857142855,n.d.,n.d.,0.24107142857142858,4.355603879116969,3.3668263626860746,0.24107142857142855,n.d.,n.d.,0.008928571428571425,0.0625,0.3303571428571428,2.0037338328415757,2.38845349763137,1.8205935569853153,2.1316360589449665,n.d.,2.801848224452026,n.d.,0.14285714285714285,0.16327169292534494,n.d.,1.4686453581190482,0.6071428571428572,0.0,4.0,0.5,0.0,0.07692307692307693,1.105072463768116,0.22777777777777775,16.0
S2,2,W02_C6,EVAE,11.467670255372205,6.71402194654036,n.d.,5.347533071054045,n.d.,3.6698778683686495,3.92016287839047,0.12087912087912084,n.d.,n.d.,0.17857142857142858,3.1628477008321596,4.725043119354108,0.20604395604395603,n.d.,n.d.,0.07142857142857142,0.07142857142857142,0.3184981684981685,1.7977946830455638,0.8666271517885532,3.5835483232585132,3.923219239180911,n.d.,2.642637676983907,n.d.,0.07142857142857142,0.0465467180353077,n.d.,0.8636046957674269,0.22733516483516486,0.3333333333333333,2.0,0.5,1.0,0.08893280632411067,0.8695652173913043,0.18874643874643876,13.5
S2,2,W02_C6,KDE,12.243001628827805,6.38586175958552,n.d.,5.471121061503545,n.d.,4.862781037441485,1.5783808320261103,0.05357142857142855,n.d.,n.d.,0.24107142857142858,3.8122979477122865,3.6485373034441864,0.24107142857142855,n.d.,n.d.,0.053571428571428575,0.0,0.30357142857142855,1.3929048298347333,0.8138482138934228,1.144411277828166,2.282290659739854,n.d.,2.0873704717704626,n.d.,0.14285714285714285,0.17477274128354092,n.d.,1.450125978822577,0.7321428571428572,0.0,4.0,0.5,1.0,0.1225,1.5348148148148146,0.29969574036511154,16.0
S2,3,W03_C1,ADFNE,13.80902414234119,6.016420875615107,4.441960634610139,10.600881321709734,n.d.,2.7247864162333792,3.3804744796937674,0.15000000000000002,2.849639055150842,1.967913385020248,0.19583333333333333,10.578710125339418,3.2116692980830486,0.058333333333333334,n.d.,n.d.,0.06666666666666667,0.0625,0.2833333333333333,1.7634806219198538,3.1576175212719924,1.741487227770091,2.6283394109634926,2.745310629043808,6.208957503432028,n.d.,0.0625,0.21170841999725923,4.0,0.8819036282954466,0.19999999999999996,0.5,0.38888888888888884,0.5,n.d.,0.07091503267973857,0.3351871657754011,0.13078703703703703,15.0
S2,3,W03_C1,EVAE,17.91431168760039,5.452372953888416,4.698115642600286,7.875801964578546,n.d.,2.6736436055303,2.064995042415142,0.22058823529411764,2.492990582293637,2.3412310173828503,0.29280303030303034,7.8326042727775125,3.2546594470216377,0.041666666666666664,n.d.,n.d.,0.07738095238095238,0.05555555555555555,0.35625000000000007,1.3734260519580932,2.013355804897918,1.0756904498745934,2.2193034824305204,2.108925443230822,6.061474486299211,n.d.,0.125,0.11229482823114523,2.0,1.4037578969223299,0.5052447552447552,1.0,0.5555555555555556,0.25,n.d.,0.07838446383338026,0.3086956521739131,0.1125408496732026,16.5
S2,3,W03_C1,KDE,12.931484424524978,5.987137372992956,5.367050883943302,8.395035050787824,n.d.,3.554111251361289,2.8765912492174652,0.11666666666666667,3.4479186224145906,2.817510288580464,0.22916666666666669,8.381318842946003,4.9095219642364505,0.07500000000000001,n.d.,n.d.,0.13333333333333333,0.0625,0.29375,1.5981295321083477,2.3009080880680735,1.3049226600255208,2.504212015280559,2.0925285835587952,4.096545032036459,n.d.,0.0625,0.15830720990377192,4.5,0.917933813984223,0.26249999999999996,0.375,0.4444444444444444,0.5,n.d.,0.06091503267973858,0.7069716775599129,0.15155228758169934,15.0
S2,3,W03_C2,ADFNE,9.964878599815343,5.944715283165911,5.610361087011398,5.205531798386761,n.d.,2.991006657364841,3.056401319336877,0.011111111111111127,3.1702238473679305,1.9153366641890903,0.16666666666666669,4.997219202364283,2.377297646957402,0.04444444444444444,n.d.,n.d.,0.06666666666666667,0.06666666666666667,0.2277777777777778,1.4950844089213988,0.6601573900608779,2.5306268787973725,1.8335078263040847,3.221856059309985,2.4756561061623943,n.d.,0.16666666666666666,0.297719311756522,1.25,0.8987130713010084,0.2319444444444445,0.14285714285714285,0.4444444444444444,0.5,n.d.,0.08347826086956522,0.7148821548821549,0.1509926854754441,15.0
S2,3,W03_C2,EVAE,12.839348790028527,5.632707919643708,5.265214202736246,4.488915898052025,n.d.,4.451096974830962,2.5148336738437678,0.1111111111111111,2.1608173285049945,2.120894785313869,0.23863636363636365,3.7661368720553368,2.6756779184634922,0.1111111111111111,n.d.,n.d.,0.09090909090909091,0.058823529411764705,0.27350427350427353,1.046770056685899,1.1502005718367954,0.48569216600573895,1.9909220086030681,2.710062190315055,3.380758963603377,n.d.,0.2777777777777778,0.2083453762108457,0.5,1.0270559024046613,0.26869658119658113,0.14285714285714285,0.5555555555555556,0.5,n.d.,0.1213235294117647,0.6626794258373205,0.1487179487179487,13.0
S2,3,W03_C2,KDE,8.270619935108389,6.664754392077351,5.197323892345558,4.995256905207231,n.d.,4.124317482033666,4.688784493626518,0.011111111111111127,2.303893652567281,3.482371938213153,0.16666666666666669,4.540524811844056,3.6645580690239754,0.06666666666666668,n.d.,n.d.,0.1,0.0,0.22222222222222224,1.3882008422665182,0.6915116812758249,1.9230683628041008,1.8616151964472625,3.156523631906606,2.940021976002405,n.d.,0.16666666666666666,0.2091698355854182,2.5,1.1043330029607832,0.2319444444444445,0.14285714285714285,0.4444444444444444,0.5,n.d.,0.15384615384615385,1.48177426438296,0.25476190476190474,15.0
S2,3,W03_C3,ADFNE,9.232107960096585,5.953418411317651,4.146394947405836,6.927275707631278,inf,4.8047533558975015,2.435703892688008,0.06666666666666671,3.199710310396428,1.8269796170524195,0.1111111111111111,6.5541346969289,4.036822369906812,0.0888888888888889,inf,inf,0.04444444444444444,0.0,0.15555555555555559,1.5375680742993687,0.8169918926133912,2.202097297382746,2.2460372814072462,1.9966200295701253,3.0572534609558453,inf,0.16666666666666666,0.3122556080485106,1.75,0.532841591635627,0.2763888888888889,0.0,0.375,0.5,0.5,0.05007575757575758,0.606060606060606,0.13277777777777777,15.0
S2,3,W03_C3,EVAE,14.275663737310857,7.445634336490198,6.397508523252137,6.497724632829254,inf,5.532709686739667,3.5183789139897943,0.12820512820512825,5.063142261319033,3.1315307491886397,0.1717171717171717,5.561768817871718,1.9601603697311898,0.05555555555555555,inf,inf,0.041208791208791215,0.05718954248366013,0.2588522588522588,0.9849181099748212,0.3139633540758785,0.9247018139593155,2.4490866782885687,2.2433447205665757,3.003578679162922,inf,0.2777777777777778,0.27827864708569944,0.5,1.3048033312631966,0.15758547008547008,0.3333333333333333,0.5625,0.5,0.5,0.038277511961722493,0.18787878787878792,0.06818181818181815,13.0
S2,3,W03_C3,KDE,10.634148922352345,5.7188998874797115,4.675811435252147,4.594978641455793,11.794261912069532,4.497711094486807,2.3547096557633944,0.06666666666666665,3.7630315763261786,1.2980621409574313,0.17777777777777776,2.1432705872799973,2.3663184328300626,0.0888888888888889,11.79434169519969,5.937353615706171,0.0888888888888889,0.06666666666666667,0.17777777777777778,1.484222595925715,0.8198506641527028,2.613533272996568,2.512925079244009,2.1102047421910823,2.7601235396422403,6.596116669294897,0.16666666666666666,0.2942913556307708,2.0,0.48202078548444915,0.20972222222222225,0.16666666666666666,0.5,0.5,0.5,0.05744255744255744,0.8584415584415584,0.1612903225806452,15.0
S2,3,W03_C4,ADFNE,11.515251282713287,10.412282841878408,5.344785273292018,10.352501591739173,inf,9.330305438440064,7.437392825528684,0.08750000000000002,4.126271938394967,2.513158495388601,0.10416666666666669,10.390719842677573,3.4802197524788347,0.07500000000000001,inf,inf,0.058333333333333334,0.0,0.17083333333333334,1.4826304026833432,1.2819986683460245,1.5215677202667321,3.287450026341242,1.5812720898406785,3.351415981161848,inf,0.0625,0.2285853917438125,n.d.,0.712201150359508,0.24583333333333335,0.2,0.2857142857142857,0.5,0.5,0.05192307692307692,0.9066666666666666,0.18583333333333335,15.0
S2,3,W03_C4,EVAE,16.36786167100663,12.612137193560418,7.679304609626609,7.654808320866973,10.58276905591537,9.301177868441071,8.12322608549365,0.10416666666666669,5.291238089069937,3.290780655290102,0.1695574162679426,7.662056091869858,4.193681135805454,0.08082706766917293,10.582769055915364,7.602192570431452,0.0465686274509804,0.054093567251461985,0.25,1.0967410033084093,0.5395694817435415,0.5812684250131928,3.7002661992137273,2.124462947133028,2.2803820633913947,3.739028242752853,0.1875,0.1331763592066411,n.d.,1.4613138035047917,0.2556818181818182,0.4,0.5,0.5,0.5,0.03933823529411765,0.5307359307359307,0.13014705882352945,13.0
S2,3,W03_C4,KDE,12.43979615171878,10.332971659153895,5.7770585879087,5.057922375894682,inf,9.994108707329127,5.738659896423322,0.08750000000000002,3.1730389617601533,1.828545333035012,0.1375,4.566697508262594,2.60394761780292,0.07500000000000001,inf,inf,0.058333333333333334,0.0,0.17083333333333334,1.5602045709960763,0.5106752433031853,1.596762882359808,3.6910037757065495,1.6817042684557362,1.6117619803925771,inf,0.0625,0.1400231764402457,n.d.,0.6662411701527676,0.3125,0.2,0.3571428571428571,0.5,0.5,0.05692307692307692,1.0123076923076924,0.2206653225806452,15.0
S2,3,W03_C5,ADFNE,10.245347003905177,7.879641220017453,9.045355789180167,8.637996895601773,inf,7.759030043831423,0.8941369829751462,0.028571428571428525,4.91277652534373,7.763840883705328,0.11904761904761904,7.779947885294047,6.095222796294958,0.08095238095238094,inf,inf,0.07619047619047618,0.03333333333333333,0.18571428571428567,1.428159799241559,1.5819336921647142,1.3741518774876926,2.322407114738226,2.5648367780110677,2.2183286598809966,inf,0.07142857142857142,0.11918529851194405,n.d.,0.706095057697224,0.16607142857142865,0.0,0.6666666666666666,0.3333333333333333,0.5,0.11805555555555555,1.2727272727272727,0.2592592592592593,15.0
S2,3,W03_C5,EVAE,12.617070869763564,9.565743148838084,10.635026047710163,8.472784105352536,inf,9.219584900285794,2.9482234309339654,0.13562753036437247,7.818216040754143,7.681011622376563,0.06593406593406592,6.788799380984269,6.378368300437211,0.10121457489878544,inf,inf,0.06593406593406592,0.07692307692307693,0.2321428571428571,1.0604217366540944,0.7810131458213315,1.1018950533401128,2.828674901233825,2.1186146478173313,1.938758431108526,inf,0.07142857142857142,0.07363244203434681,n.d.,0.9895396647626699,0.20167332667332663,0.5,0.3333333333333333,0.3333333333333333,0.5,0.07989417989417989,0.734006734006734,0.16666666666666663,13.0
S2,3,W03_C5,KDE,10.995567770688965,10.89358336775469,8.584402936498758,8.83221677916772,inf,11.088942364625977,2.4669604869245236,0.028571428571428525,6.7797933482312995,7.829623359203097,0.11904761904761904,7.261441343728805,6.772436523301345,0.08095238095238094,inf,inf,0.07619047619047618,0.0,0.1857142857142857,1.2493039803115775,0.9502728585388631,1.3993133069687569,2.943578890385589,1.6729651193412378,2.9433065824518434,inf,0.07142857142857142,0.08736328689399044,n.d.,0.8605831007122426,0.26666666666666666,0.0,0.6666666666666666,0.3333333333333333,0.5,0.1225,1.358974358974359,0.278494623655914,15.0
S2,3,W03_C6,ADFNE,11.426530575398779,5.734057195456286,10.112848614838622,14.576612390685217,n.d.,3.4752327080402,2.2703885936625863,0.033333333333333354,2.420317791660609,9.536391248481749,0.17948717948717946,14.575715437105615,6.728711196004861,0.046153846153846156,n.d.,n.d.,0.056410256410256404,0.16410256410256413,0.2512820512820513,1.3980103967310695,1.8656111569793654,1.927093112334174,3.606896530622312,2.5020429769649226,5.7142451487378665,n.d.,0.15384615384615385,0.24593098753360487,n.d.,1.706854530154077,0.2070512820512821,0.2,1.5,0.5,1.0,0.0582010582010582,0.6353623188405798,0.16397849462365593,15.0
S2,3,W03_C6,EVAE,11.557444722095546,5.963429095959237,10.05276509230103,9.894591267287405,n.d.,4.5268527271069425,3.507458356488205,0.07692307692307693,4.500550089865554,9.0331744300675,0.13636363636363635,9.707505930636014,5.010932834933108,0.07918552036199095,n.d.,n.d.,0.07692307692307693,0.15384615384615385,0.2722473604826546,1.5220806204841582,0.7060753952711818,2.349034011121387,3.4987607529123483,3.9021777554677506,5.100949643496498,n.d.,0.07692307692307693,0.19213746695712894,n.d.,1.0454529654477889,0.2636217948717949,0.2,1.0,0.5,1.0,0.07267156862745097,0.3333333333333333,0.1318840579710145,12.0
S2,3,W03_C6,KDE,9.854603671866952,5.110273680308546,7.475630726361267,10.478868070960932,n.d.,3.548474763432285,2.3631403568727807,0.015384615384615385,3.1967095841944118,7.983932714857486,0.17948717948717946,10.324187912370085,6.285413753970866,0.046153846153846156,n.d.,n.d.,0.056410256410256404,0.23076923076923078,0.2512820512820513,1.3238446168053315,0.8911266530708378,1.8569407089800931,2.800793554622517,3.1306718764357626,4.5312872911320685,n.d.,0.15384615384615385,0.26759038229406135,n.d.,1.7355635153142466,0.2070512820512821,0.2,1.5,0.5,1.0,0.05,0.7999999999999999,0.1935483870967742,15.0
S2,3,W03_C7,ADFNE,14.338226587638324,12.950195513447195,8.843582265905418,6.31490538550207,inf,12.730680521236884,6.898506692027982,0.18571428571428575,5.471143184596869,5.420302364840019,0.11904761904761904,5.387694614427879,5.371444700460526,0.08571428571428569,inf,inf,0.07619047619047618,0.14285714285714285,0.2928571428571428,1.3489234789065976,0.7161426313442559,1.4152776751840324,2.3014041711452187,1.933533414698474,2.9375939490747713,inf,0.07142857142857142,0.08495420643423998,2.5,1.0638208626429075,0.2,1.0,0.6666666666666666,0.25,0.5,0.05416666666666667,0.4285714285714286,0.12272727272727273,15.0
S2,3,W03_C7,EVAE,13.500441891496866,10.952167219702071,7.450022743111004,5.44007271384158,10.167832290779362,10.672327723727815,7.320732672087203,0.09340659340659344,4.878323112740167,5.170127669531375,0.09340659340659344,3.389750233878965,3.790978082717403,0.054945054945054916,10.166776742537593,4.834107456841149,0.05194805194805194,0.05573593073593073,0.2058531746031746,0.9682018175639437,0.5025463846102616,1.9503394914124716,2.7932662584569434,3.3847789596423823,2.3569263145711683,2.4113196874212566,0.14285714285714285,0.12017248588426474,1.0,0.7407401395535974,0.24093614718614714,0.3333333333333333,0.3333333333333333,0.25,0.5,0.03125,0.3194444444444444,0.07435406698564594,13.0
S2,3,W03_C7,KDE,14.196921591144033,14.200864339135546,6.113051036589324,6.254614879959227,5.727998957508236,13.774097933935863,6.420910686225873,0.11904761904761904,5.811898809501871,3.822134617040475,0.05238095238095239,3.4353827839707813,4.716539485563651,0.08571428571428569,5.036903640522599,4.516927908497383,0.05714285714285716,0.07619047619047618,0.23809523809523808,1.1409873328453755,0.6494908954553438,1.7711230597481964,2.216302378929908,2.177094039685668,2.2718745124195854,2.525011546099244,0.07142857142857142,0.13253685103731822,5.0,1.2645921265002817,0.29940476190476195,0.6666666666666666,0.3333333333333333,0.25,0.5,0.0680952380952381,0.987192118226601,0.18822624743677374,15.0
S2,3,W03_C8,ADFNE,11.877649892430846,5.713329823413984,14.291434188369067,6.757604947957898,n.d.,5.089434261987279,2.841450777958949,0.015384615384615385,13.906900867280857,4.887646992107108,0.24615384615384617,6.249062948128874,4.461408950191132,0.17435897435897438,n.d.,n.d.,0.056410256410256404,0.07692307692307693,0.26153846153846155,1.4097822257440924,1.050601280350143,1.334760690931946,2.1320044928186688,2.740963797075504,5.466165963070911,n.d.,0.15384615384615385,0.1007636190450999,3.5,0.7746213312011903,0.4019230769230768,0.2,2.0,0.5,1.0,0.14521739130434783,1.2685185185185184,0.24257539273019146,15.0
S2,3,W03_C8,EVAE,11.723682676091592,6.552055645535217,14.064893714911735,6.403549897511866,n.d.,5.364261948646705,2.1058295423161195,0.06169871794871798,13.923242380318218,6.5193573135029945,0.14285714285714285,5.374307335920069,4.785716201544674,0.13344988344988346,n.d.,n.d.,0.07692307692307693,0.05263157894736842,0.2692307692307693,1.0212854393896722,1.2331652918164004,2.2861124324890136,3.1827765273109443,3.297228814897454,4.134461144014369,n.d.,0.07692307692307693,0.126172702117885,1.0,1.5215607618202411,0.8520456259426847,0.2,1.25,0.375,1.0,0.09761904761904762,0.7995169082125604,0.17386414754835805,13.0
S2,3,W03_C8,KDE,11.53912799197294,7.0590140935736105,13.122296249151837,5.2187872040751575,n.d.,6.587549341824669,1.8305713109077901,0.015384615384615385,13.114231692686298,3.8725304410999986,0.17948717948717946,3.968519189320422,3.2045238367257727,0.1076923076923077,n.d.,n.d.,0.06666666666666667,0.07692307692307693,0.24871794871794872,1.3675309753554021,1.2252508215969615,1.3657039748237454,1.5040127001241186,2.5908148191791787,4.471633423102681,n.d.,0.15384615384615385,0.12692455701555286,6.0,0.7198496428341323,0.33333333333333337,0.2,1.5,0.25,1.0,0.13664596273291924,1.347008547008547,0.26555023923444976,15.0
S2,4,W04_C1,ADFNE,16.09584848243303,5.3637103731304965,8.419083236456906,n.d.,n.d.,2.0309969982414326,3.8200382050714667,0.11607142857142855,8.301589004849191,2.366277248173928,0.1875,n.d.,n.d.,0.21875,n.d.,n.d.,0.008928571428571425,0.125,0.3125,2.360125596220973,2.0633448688524476,1.0035561443099394,3.7634995711350703,2.8212358212477833,n.d.,n.d.,0.14285714285714285,0.16272829586909615,n.d.,1.0409010242355512,0.4285714285714286,0.16666666666666666,0.2857142857142857,n.d.,0.0,0.09551656920077972,1.410214424951267,0.27455924824345873,16.0
S2,4,W04_C1,EVAE,15.443255320589186,7.6270273648076605,9.533868567958873,n.d.,n.d.,4.7584940251278915,4.842933669282776,0.08333333333333334,9.523792603229293,2.3218646434494534,0.16666666666666669,n.d.,n.d.,0.1111111111111111,n.d.,n.d.,0.03968253968253968,0.1111111111111111,0.2633053221288515,1.6267432597622984,1.165256127607874,0.34538101205716654,3.526673896110702,2.1426127367290784,n.d.,n.d.,0.25,0.033916657932264845,n.d.,0.8606420909120565,0.376984126984127,0.3333333333333333,0.21428571428571427,n.d.,1.0,0.06061628430049483,0.8949282296650718,0.1857894736842105,17.5
S2,4,W04_C1,KDE,15.490303876575886,5.662951984244543,9.51130791681194,n.d.,n.d.,3.265981034432061,4.355899043235546,0.05357142857142855,9.508273142590689,1.6656757013888077,0.125,n.d.,n.d.,0.1875,n.d.,n.d.,0.008928571428571425,0.0625,0.25,1.8878359178091069,1.409305983243994,1.5625821390928656,3.371954051493944,2.333563116410593,n.d.,n.d.,0.14285714285714285,0.10997532657902633,n.d.,1.166138617659072,0.25,0.0,0.14285714285714285,n.d.,0.0,0.06986842105263158,1.4817813765182186,0.2807017543859649,16.0
S2,4,W04_C2,ADFNE,12.015012208258646,5.291112142747819,4.8258944208846435,5.082694651800572,n.d.,3.3696851687304057,2.0305896194786213,0.125,3.305276140469787,2.1580081338340724,0.0625,3.6662990919790754,4.026142138143793,0.04464285714285715,n.d.,n.d.,0.008928571428571425,0.09375,0.2142857142857143,3.5381024348327754,3.063945632036323,5.540252917174177,5.780722965811671,1.6743389470033172,7.730013820510051,n.d.,0.14285714285714285,0.3289792359977862,0.3333333333333333,0.6888554585649223,0.25,0.14285714285714285,0.375,0.5,0.0,0.10899014778325122,1.3214285714285716,0.1852352352352352,16.0
S2,4,W04_C2,EVAE,10.275934326672663,5.083523537650294,6.899109791218329,5.827867244548999,n.d.,3.784388048063312,1.8372003003512156,0.17708333333333334,6.717403052800102,3.106942773506052,0.08035714285714286,3.376464336543034,6.021128201089047,0.06868131868131867,n.d.,n.d.,0.07142857142857142,0.11764705882352941,0.24107142857142858,2.700864094246027,1.6870062160648935,4.683173133120565,4.6817648376713175,2.4401404295516356,7.219455205748973,n.d.,0.21428571428571427,0.159998922671583,0.41666666666666663,1.2936287960327961,0.75,0.2857142857142857,0.5,0.5,1.0,0.09409340659340658,1.5714285714285716,0.23055555555555554,17.0
S2,4,W04_C2,KDE,11.975018937319344,5.526327683925332,6.994858353167166,6.997541363711311,n.d.,3.537975156474758,1.841708581995996,0.1875,6.206064210903584,2.7406150656111574,0.0892857142857143,6.434640162868899,5.605563591299333,0.04464285714285715,n.d.,n.d.,0.053571428571428575,0.09375,0.2142857142857143,3.1807673108000487,1.8063899002506445,6.046245160658498,4.882950080345982,1.5060261823727528,7.425303676351334,n.d.,0.14285714285714285,0.27114517236748786,0.25,0.7215058575946265,0.375,0.2857142857142857,0.375,0.5,1.0,0.09890109890109888,1.3131868131868134,0.1904121863799283,16.0
S2,4,W04_C3,ADFNE,13.14570428533698,6.735818566909205,7.323888051388174,7.732912108397693,inf,2.6979487972893748,2.6603259775535317,0.16118421052631576,2.969487266265953,7.914036937954877,0.21710526315789475,7.686039210568449,5.4569244529634675,0.032894736842105254,inf,inf,0.14802631578947367,0.125,0.3421052631578947,1.5576609217849957,1.9689404643656137,2.9129795015761117,2.7168439413197047,2.9229320932520517,3.1874318873775245,inf,0.15789473684210525,0.299119044311176,4.0,0.9893411211556538,0.3453947368421053,0.4444444444444444,1.0,0.3333333333333333,0.75,0.06363636363636366,0.5227272727272727,0.12968515742128936,16.0
S2,4,W04_C3,EVAE,12.370617575696338,6.311638447903944,7.337869788095024,6.671867212759786,inf,3.012895477992803,2.9138245294926346,0.09868421052631576,3.0497083903845335,7.445053254179808,0.13724415204678364,6.091039537283611,3.988788078683619,0.04678362573099415,inf,inf,0.15497076023391812,0.125,0.3047823886639676,1.0105617321123472,0.7654729121306131,2.4298589469875918,2.4074826275167696,2.342114287727677,2.4141468354470064,inf,0.10526315789473684,0.14745122257867022,3.0,0.5763966517611472,0.2796052631578947,0.2777777777777778,0.6666666666666666,0.3333333333333333,0.75,0.05636363636363635,0.5822510822510822,0.1255693581780538,17.0
S2,4,W04_C3,KDE,14.519890105711024,7.001304049649114,6.5375177078644855,7.354624577693129,inf,3.307400679411679,2.323382295701699,0.16118421052631576,3.6698791516379154,5.487020643298297,0.15460526315789475,6.998809416636259,2.062633921592198,0.09210526315789475,inf,inf,0.14802631578947367,0.0625,0.3092105263157895,1.3198217015330282,1.2678082986628398,2.843510227122122,2.5755118123357486,2.8147456448209773,1.6804372568600119,inf,0.15789473684210525,0.24305667987377186,5.0,0.8475152822614067,0.3453947368421053,0.4444444444444444,0.6666666666666666,0.3333333333333333,0.75,0.04882154882154882,0.7277537277537277,0.16053511705685622,16.0
S2,4,W04_C4,ADFNE,17.44298445689617,5.337659375432077,7.671960946031177,n.d.,n.d.,3.4456350647904497,4.156464859346164,0.2875,3.9093564358342894,4.887699697414647,0.09375,n.d.,n.d.,0.0625,n.d.,n.d.,0.0625,0.0625,0.2875,2.281950186629637,1.9365183666424624,4.303282098164221,3.517802479730578,3.328487951888163,n.d.,n.d.,0.6,0.1630946140979697,4.0,2.580153696886529,0.3125,0.16666666666666666,0.6666666666666666,1.0,n.d.,0.11324786324786325,0.8676923076923078,0.18214285714285716,16.0
S2,4,W04_C4,EVAE,15.44653450955267,7.883895929613255,6.368048652967525,n.d.,n.d.,4.998162729166172,3.386497920317976,0.24495798319327727,3.1618133232602013,5.704818648161816,0.0763888888888889,n.d.,n.d.,0.0411764705882353,n.d.,n.d.,0.05718954248366013,0.11764705882352941,0.28194444444444444,1.816110343481826,0.8720210654983751,3.9645423926963543,2.5842756474986586,2.3566683285240275,n.d.,n.d.,0.7,0.33021888206884237,3.0,1.3871811295833005,0.03440126050420167,0.3333333333333333,1.0,1.0,n.d.,0.12404092071611253,0.8394648829431438,0.17549261083743845,17.0
S2,4,W04_C4,KDE,17.562991741763998,7.118081878331209,6.11499047722471,n.d.,n.d.,4.250108343743088,4.548651331551466,0.22499999999999998,3.206760079712392,4.715180754752383,0.07500000000000001,n.d.,n.d.,0.0875,n.d.,n.d.,0.0,0.0625,0.26875,2.1320871927449,1.455679162286117,3.77510206851571,2.934275376915692,2.7969977588367723,n.d.,n.d.,0.6,0.18588969056949284,6.5,2.835880749358738,0.625,0.0,0.8333333333333333,2.0,n.d.,0.12,1.2637362637362637,0.23286435786435786,16.0
S2,4,W04_C5,ADFNE,10.280040669767933,5.718132527093227,8.514153701699417,5.760063928096919,n.d.,3.3369643238002635,3.461138529629305,0.03125,8.386577402867257,2.3899270289715204,0.16964285714285715,4.826749125844351,3.227191178012201,0.16964285714285715,n.d.,n.d.,0.053571428571428575,0.08035714285714285,0.3035714285714286,2.4515679087295723,1.3353861753816831,5.297189387234003,6.486266569272383,2.185807324370285,3.5387789677159547,n.d.,0.14285714285714285,0.19729434380977473,4.0,1.1531564519660127,0.5267857142857143,0.25,1.5,0.4,1.0,0.05074786324786325,0.7553846153846154,0.14471853257432005,16.0
S2,4,W04_C5,EVAE,13.21799111171505,5.697608972966759,9.882556931926297,5.3956784531466315,n.d.,3.5111492556975508,3.8277844477157963,0.12605042016806722,9.583416237386212,2.36670550240504,0.16964285714285715,3.6926015164344506,3.0129738668186796,0.1968864468864469,n.d.,n.d.,0.03968253968253968,0.08219537815126049,0.307843137254902,1.6757410936529757,0.4497343962926048,4.5601777144319025,4.978656925813552,1.8827047941496189,2.4063856282658387,n.d.,0.17857142857142855,0.04817797571776637,3.0,0.7585206023683599,0.08541666666666667,0.5,1.5,0.5,1.0,0.0625,0.5639730639730639,0.11568627450980389,16.5
S2,4,W04_C5,KDE,10.302474486819706,5.2895600953018675,8.403445860187553,5.706535226343307,n.d.,4.005312314091599,2.514436728682599,0.0357142857142857,7.77804656811086,1.7828125333090226,0.23214285714285715,4.233281423553466,2.1032836581155148,0.16964285714285715,n.d.,n.d.,0.03125,0.08035714285714285,0.2589285714285714,1.9873856584154923,0.8812188583553213,5.307609034472973,5.069759952590411,1.8123042035430244,1.8832229090036012,n.d.,0.14285714285714285,0.14949955345276922,5.0,1.3245402252170222,0.5892857142857143,0.25,2.0,0.4,0.5,0.0625,0.9342857142857143,0.17854761782655518,16.0
S2,4,W04_C6,ADFNE,8.99022116992278,5.5839942276178895,6.049244141418912,5.386705747792601,n.d.,3.4312662469309974,1.6082274482647732,0.0357142857142857,3.501413555159548,3.915330831307692,0.0892857142857143,3.8870720897474746,2.514177290497865,0.0982142857142857,n.d.,n.d.,0.0625,0.053571428571428575,0.17857142857142855,2.305975311480079,1.7469211508243698,1.4011630234100725,6.391887081174677,2.2863854735876115,2.328267017969763,n.d.,0.14285714285714285,0.09824939089004436,2.0,1.490866452260657,0.3035714285714286,0.25,0.5,0.25,1.0,0.05247376311844078,0.6007905138339922,0.11111111111111113,16.0
S2,4,W04_C6,EVAE,10.692481208265736,6.4373392914228855,5.606849020041537,6.866286261759258,n.d.,4.322052237467523,2.139420618773751,0.09375,3.906268698590783,4.14384538141327,0.06932773109243699,6.168275788467555,3.781435996664796,0.13081232492997197,n.d.,n.d.,0.04295051353874883,0.08333333333333333,0.19047619047619047,1.9469210134594177,1.233187849261645,0.9224011789491271,7.059745003826425,1.82491523317373,3.107099182768848,n.d.,0.21428571428571427,0.05126936637900547,1.0,0.7357014108395812,0.3443452380952381,0.375,0.25,0.375,1.0,0.03804347826086957,0.22774327122153215,0.05842911877394638,17.0
S2,4,W04_C6,KDE,9.451234291684887,6.026331523664346,5.26429688440493,5.7028907782772915,n.d.,4.810692203885992,1.125066850013953,0.0357142857142857,3.3714522140519794,3.2849218953717365,0.0892857142857143,4.003282075007449,2.343397416064442,0.0982142857142857,n.d.,n.d.,0.053571428571428575,0.008928571428571425,0.17857142857142855,2.2888799412589513,1.3883426128264302,1.5053894027720087,7.0002455133916595,2.0161588916135473,3.280250423642785,n.d.,0.14285714285714285,0.1506338601063532,2.5,1.599299816914257,0.1785714285714286,0.25,0.5,0.25,1.0,0.05124223602484472,0.5603864734299517,0.11673464343097267,16.0
S2,4,W04_C7,ADFNE,17.22207064275024,10.456686998971389,5.383511616740927,12.119213998317058,n.d.,10.444713637826727,4.927840421039729,0.0267857142857143,3.683329200172581,1.7233676199774024,0.09375,12.116717338837347,3.125921458013296,0.24107142857142855,n.d.,n.d.,0.0625,0.0625,0.2767857142857143,2.3687930963672006,0.7368157020569377,4.698069169253678,2.7452145577972895,10.445472107703873,3.3958073622312224,n.d.,1.2857142857142858,0.6305640203759608,n.d.,2.689330612222551,0.3125,1.5,1.5,0.3333333333333333,n.d.,0.16,1.4423076923076923,0.30033370411568405,16.0
S2,4,W04_C7,EVAE,17.346139633147995,9.92220065724884,5.953011452698009,10.116592688083184,n.d.,8.888709700601165,5.438804290879807,0.0875,3.359797492250224,2.395994335367085,0.06349206349206349,9.76272810788512,1.9100078427713965,0.24107142857142855,n.d.,n.d.,0.09401709401709402,0.12916666666666665,0.28174603174603174,1.8183517104791893,0.5528133083019199,4.528583244353298,2.723704260757418,10.263170220345865,2.8255906264455914,n.d.,1.2142857142857144,0.7718409909084986,n.d.,1.3351588693129557,0.1875,1.75,1.0,0.3333333333333333,n.d.,0.10357142857142856,1.0,0.21739130434782605,15.5
S2,4,W04_C7,KDE,16.107797268243843,9.036901866960132,6.1856425853324595,9.919916526131889,n.d.,8.976373494088431,4.150943618849918,0.0580357142857143,3.0438028216165436,2.033419174008131,0.09375,8.964939877858766,5.25044985034855,0.20982142857142855,n.d.,n.d.,0.0625,0.0625,0.2767857142857143,2.4448686405096103,0.7510107598317752,5.622641251555786,2.1266991741098593,10.116867241594463,3.3922382094652717,n.d.,1.2857142857142858,0.7317570674000495,n.d.,2.7736883791647355,0.3125,1.75,1.5,0.3333333333333333,n.d.,0.16666666666666666,1.6904761904761905,0.3438423645320197,16.0
S2,4,W04_C8,ADFNE,15.201589593220834,6.6633361121204775,6.0631812327677554,13.817782786868747,n.d.,3.3313890913993,2.8923192413704313,0.0,2.9052913787032293,5.661442520348281,0.125,13.817782786868749,5.420953199557694,0.125,n.d.,n.d.,0.0625,0.0625,0.21875,1.6952618203551135,1.331481964620406,1.5780173206747032,4.689433584360371,2.283497360192503,2.8657942944328196,n.d.,1.0,0.5957712231613282,6.0,1.9515914708416366,0.25,1.0,2.0,0.5,n.d.,0.043333333333333335,0.6794871794871795,0.11290322580645162,16.0
S2,4,W04_C8,EVAE,14.68176474919056,6.309678616800251,8.149486740614375,11.227554376455657,n.d.,4.84629027238109,2.868523440265183,0.13970588235294118,2.8154694924429657,6.514027559378721,0.1050420168067227,11.231919094446313,2.3598180207375803,0.047058823529411764,n.d.,n.d.,0.06666666666666667,0.035256410256410256,0.22083333333333333,1.4091084028948435,0.6579214672920458,0.33060676470885175,4.842316423638211,2.20282237239139,2.084359857510521,n.d.,1.0,0.7236758869117471,2.0,1.1021672778588734,0.3584558823529412,0.3333333333333333,1.75,1.0,n.d.,0.061147186147186144,0.30952380952380953,0.07523148148148147,16.0
S2,4,W04_C8,KDE,13.79438413325467,6.886259973402138,7.450190631972439,10.138529859858991,n.d.,4.8850443575363265,3.1947455051394007,0.0,3.1834595102200973,7.414717814263025,0.125,9.960852964139075,2.936014825118644,0.0625,n.d.,n.d.,0.0625,0.0625,0.1875,1.6451045228734276,1.252067847728445,1.6110738110460932,4.673973286757265,1.7070236827643792,2.11619030326786,n.d.,1.0,0.653094850714395,6.0,2.153868175580521,0.25,1.0,2.0,0.5,n.d.,0.046538461538461535,0.554945054945055,0.11111111111111113,16.0
S2,5,W05_C1,ADFNE,17.664279114623668,5.025846598961934,5.685133426661982,8.031994107794768,inf,2.9903086682639284,1.3578581522027773,0.09999999999999998,3.187294173969298,2.1309195251527226,0.15555555555555556,7.99017542802656,1.816939881741138,0.04444444444444444,inf,inf,0.15555555555555556,0.05555555555555555,0.25555555555555554,2.0820026817754247,2.1648027279583397,1.641263726900174,4.155713233362091,1.7724536217443863,3.181567382515137,inf,0.16666666666666666,0.37446314155198523,0.8333333333333333,0.629497940613361,0.3013888888888888,0.3333333333333333,1.0,0.5,0.75,0.03985507246376811,0.5445134575569358,0.1166666666666667,15.0
S2,5,W05_C1,EVAE,14.042491652090767,5.628617640333772,6.358849178607102,5.720432008760189,11.426380975725955,3.9342652015177735,2.5452255099274756,0.10180995475113125,4.908240249240027,2.808934878473086,0.1388888888888889,5.690264556127991,2.5142199390201494,0.038461538461538464,11.407986033525772,5.341682255858796,0.1008986928104575,0.05555555555555555,0.2222222222222222,1.5348849437412841,1.0136571438721764,0.4173179779884928,3.175862953709464,1.9973325471634715,4.667017028426133,1.9318947984715613,0.1111111111111111,0.26482516992331284,0.6666666666666666,0.9240011179683743,0.37234477124183,0.3333333333333333,1.0,0.25,0.5,0.06433823529411764,0.380952380952381,0.10416666666666666,16.0
S2,5,W05_C1,KDE,18.03202614800891,5.458884099934252,5.571953473170952,10.231599764639984,10.385388565981522,4.761931037152592,1.4381648270087855,0.16666666666666669,3.566066678467883,2.1412866389219833,0.15555555555555556,10.23164743672597,2.9105279352139277,0.0888888888888889,10.364976638396481,5.199154268022188,0.08888888888888888,0.05555555555555555,0.3222222222222222,2.0917768449302665,1.3754638605374732,1.2198425352214903,3.664827890561812,1.932743967576771,3.5997522775168345,2.1780496677158654,0.16666666666666666,0.3758863931821751,0.6666666666666666,0.6628099232828781,0.2319444444444445,0.4444444444444444,1.0,0.5,0.5,0.05092592592592593,0.33333333333333326,0.09477124183006533,15.0
S2,5,W05_C2,ADFNE,15.825799923484048,5.181036764550177,5.3547090514803255,6.373289653275352,n.d.,4.124862390338013,1.585787079968389,0.2333333333333333,3.565212775603913,2.8228865664454945,0.08333333333333331,6.328511827240153,2.7405857203737156,0.1,n.d.,n.d.,0.13333333333333333,0.05,0.30833333333333335,1.304053125251255,1.0814033986804141,1.3809050476091433,1.791084959079018,5.989643711643552,5.15445262490163,n.d.,0.25,0.309350800320559,1.75,0.7466439360562236,0.14583333333333337,0.5416666666666667,0.30000000000000004,0.5,n.d.,0.12290969899665552,1.0846681922196795,0.20702380952380955,15.0
S2,5,W05_C2,EVAE,12.079478314973313,5.39086592700998,6.8118556623777105,6.073126050225762,n.d.,4.1296467825069545,1.7444422154549901,0.1384615384615384,3.816670749096075,3.2340762235514253,0.06561085972850679,5.655106211561851,2.6823504449677773,0.05384615384615385,n.d.,n.d.,0.15192307692307694,0.05,0.22608359133126935,1.0997417266517178,0.4338187251736342,0.47069055989459874,1.9872600923690862,4.830893261373074,5.180325591344169,n.d.,0.3,0.2784826645508163,1.25,1.11194012158705,0.4405987394957983,0.45833333333333337,0.4,0.25,n.d.,0.1111111111111111,0.915720711073035,0.17714285714285716,14.0
S2,5,W05_C2,KDE,16.192296848331893,7.8050182230949705,6.592981979146508,4.7675192127002015,n.d.,7.620372603808718,1.6680462711118564,0.19999999999999996,5.5430302294117375,3.0372016398991595,0.04999999999999999,2.833382810654043,1.8732296228283558,0.1,n.d.,n.d.,0.13333333333333333,0.05,0.29999999999999993,1.3535851698404258,0.9951040595524074,0.8320390831003377,1.810521984370912,4.9129599721693715,4.901707100595406,n.d.,0.25,0.2969548358258921,2.0,0.7137771051317873,0.14583333333333337,0.5,0.2,0.5,n.d.,0.1176923076923077,1.2560700169395822,0.23875000000000002,15.0
S2,5,W05_C3,ADFNE,13.363193897918016,11.609788809425993,4.546856887144941,7.648486534693921,n.d.,11.617648730167598,3.17162608192635,0.05490196078431375,3.5436170660566013,2.6060080786690776,0.0862745098039216,4.429759780535839,7.725213593292284,0.0823529411764706,n.d.,n.d.,0.13333333333333333,0.050980392156862744,0.203921568627451,2.1320729766863744,1.7873818183335581,2.394944312765477,2.7650023133240262,2.9268339155485963,4.413601042973532,n.d.,0.11764705882352941,0.3301382004072586,0.6666666666666666,0.7367492623575823,0.2857843137254902,0.14285714285714285,0.16666666666666666,0.5,n.d.,0.07971014492753623,0.43478260869565216,0.10648148148148147,15.0
S2,5,W05_C3,EVAE,12.676085854618025,7.397287855538888,4.933362249085581,7.749415436386528,n.d.,6.834269064854174,3.9797337304625264,0.08333333333333334,2.826571740424411,2.9129132995058526,0.08905228758169936,7.501479220857329,4.3589471408667535,0.04901960784313725,n.d.,n.d.,0.125,0.08760683760683761,0.2144607843137255,1.2491391396122495,0.5881249722610798,0.5309483875785947,2.0644785458991226,2.602981506896575,4.123500047984193,n.d.,0.23529411764705882,0.2732401410735632,0.5,1.2186954269113333,0.1481900452488688,0.14285714285714285,0.3333333333333333,0.5,n.d.,0.07121212121212121,0.5032258064516129,0.11666666666666667,13.5
S2,5,W05_C3,KDE,13.74081039162509,10.215843973106107,5.39916047927535,5.921298851024945,n.d.,10.290152575506472,3.3995144389779135,0.0117647058823529,3.203123222509827,3.5242692753266724,0.0862745098039216,4.408863176457858,2.9453702180785593,0.1,n.d.,n.d.,0.13333333333333333,0.11764705882352941,0.21568627450980393,2.0074656653529264,1.6337482210499752,2.955005300974894,2.6685508233358917,2.842019106556239,2.1314020663402258,n.d.,0.11764705882352941,0.35854210653815705,0.6666666666666666,0.7829814536962512,0.35245098039215683,0.14285714285714285,0.3333333333333333,0.75,n.d.,0.06191222570532915,0.5885057471264367,0.10095579450418159,15.0
S2,5,W05_C4,ADFNE,14.811221197070582,5.476851739809858,4.963816457775163,n.d.,n.d.,4.2359299693387955,2.2872722223431223,0.18823529411764706,3.48852775773366,1.8394759332073045,0.09411764705882353,n.d.,n.d.,0.10784313725490197,n.d.,n.d.,0.058823529411764705,0.06666666666666667,0.2686274509803922,2.2673858707212453,1.4284519241321583,2.722763725494555,3.3822071638417532,2.5887363178771965,n.d.,n.d.,0.11764705882352941,0.2978340005662155,1.25,0.5917789529183792,0.25049019607843137,0.4,0.2,1.5,1.0,0.06485507246376812,0.5961538461538461,0.12339273629596209,15.0
S2,5,W05_C4,EVAE,12.635207704192878,5.066317449265107,5.872107948753927,n.d.,n.d.,2.8759419074577375,1.578686885003079,0.21945701357466063,4.793648615506551,1.5587866308280085,0.05147058823529413,n.d.,n.d.,0.10784313725490195,n.d.,n.d.,0.058823529411764705,0.058823529411764705,0.2556561085972851,1.7535555053307745,0.3563509050772806,0.8891724371425025,2.522149410970868,1.927152798923062,n.d.,n.d.,0.23529411764705882,0.23612106080899187,0.75,1.4202444215395942,0.47058823529411764,0.4,0.4,1.0,1.0,0.07589285714285714,0.4907407407407407,0.1212696222183888,13.0
S2,5,W05_C4,KDE,15.327212835197448,5.737549137557084,5.055614002602244,n.d.,n.d.,3.6390895881424097,2.9818649680464233,0.25490196078431376,3.402780517782129,1.2778147021221185,0.039215686274509776,n.d.,n.d.,0.1411764705882353,n.d.,n.d.,0.00784313725490196,0.06666666666666667,0.2823529411764706,1.9496201270496625,0.9301395042497901,3.041364023553033,3.212160266948147,1.872307764336398,n.d.,n.d.,0.11764705882352941,0.3152349500878955,1.5,0.6518551470385552,0.25049019607843137,0.5,0.2,2.0,0.0,0.06666666666666667,0.4772727272727273,0.12199413489736069,15.0
S2,5,W05_C5,ADFNE,8.384960143747039,5.065889929699894,4.524905057190896,5.293124380422288,13.878432738757915,2.586672321399211,2.533822245713627,0.047058823529411764,2.6547950410978496,1.6139679480596567,0.03137254901960784,2.905144799117017,4.258993586309497,0.03529411764705881,13.877689066158462,5.172993773031288,0.0431372549019608,0.03333333333333333,0.1450980392156863,1.787321778914359,1.3682796606779442,2.3522726071871576,3.5213468654336593,2.9817613888545424,2.890799387742093,3.3461933400641817,0.11764705882352941,0.28372730739302976,3.0,0.8055444549857721,0.2666666666666666,0.16666666666666666,0.0,0.25,0.3333333333333333,0.21083333333333332,0.48033126293995854,0.22272727272727272,15.0
S2,5,W05_C5,EVAE,9.100161425664115,5.935962201313963,4.607212783195582,7.005976780238374,11.943535495084022,5.422351435698246,2.2218451047658063,0.06490384615384615,2.9478908898379976,3.2920287765488196,0.07239819004524889,3.7866206214257585,7.620189465757472,0.07692307692307693,11.943532279697106,6.671700727675269,0.05429864253393665,0.06971153846153846,0.17873303167420812,1.333706187293379,0.5219894043934159,0.45529258713350007,3.0014657288367603,3.219277279475623,3.1567330848733683,3.1286813184405355,0.23529411764705882,0.22749076525420742,2.0,1.1089893918454972,0.6187782805429864,0.3333333333333333,0.25,0.375,0.3333333333333333,0.2583333333333333,0.6464646464646464,0.25723450723450725,13.0
S2,5,W05_C5,KDE,8.97390776480188,5.632119383902037,5.087635148358499,6.176357715353273,inf,4.30724438822772,2.2645944417500043,0.019607843137254943,3.97381633457403,2.665594379424728,0.0980392156862745,4.293689434667065,4.642692152798272,0.06666666666666665,inf,inf,0.10980392156862746,0.06666666666666667,0.17254901960784313,1.7627290574089653,0.7146046342118695,1.873348935464108,3.3654284524420826,3.330122536682028,2.1128521907134457,inf,0.11764705882352941,0.23087469987536668,4.0,0.8274881357303813,0.2666666666666666,0.16666666666666666,0.25,0.25,0.6666666666666666,0.19696969696969696,0.4327122153209111,0.21103896103896103,15.0
S2,5,W05_C6,ADFNE,13.412862795546426,7.05306331069036,5.6105835476213475,9.358491425939626,16.867683604154927,5.292501763878429,2.7273345011417454,0.23333333333333336,4.267645240832264,2.604347004990401,0.23333333333333334,6.292702920238082,8.516825106720868,0.04444444444444444,16.860669134701816,6.832066956138662,0.08888888888888888,0.06666666666666667,0.32222222222222224,1.5418398666695128,0.774490173084304,1.720666414167269,2.6836379808772564,3.9383719967011945,3.424810464577819,3.814761217633105,0.16666666666666666,0.27332462255171835,1.5,0.7008351767462089,0.3208333333333334,1.0,0.5555555555555556,0.5,0.5,0.04818181818181819,0.6327272727272727,0.12797619047619047,15.0
S2,5,W05_C6,EVAE,15.320046451519762,8.707740563383073,7.009149938812133,8.310569019577091,7.041576382335845,7.011831010031289,2.7239667540187344,0.14102564102564105,6.553358684358827,3.039802017951884,0.2692307692307692,4.290750994478696,7.449586522961964,0.1388888888888889,6.358248863937407,3.0822125448603765,0.06837606837606836,0.08333333333333333,0.41452991452991456,1.2810916818963978,1.0354469893423912,0.7419453596165748,3.545249820049833,3.5080480395035223,3.7473394989148128,4.282376713338127,0.2777777777777778,0.24013709768103716,0.5,1.3282359965039159,0.07692307692307693,0.3333333333333333,0.6666666666666666,1.0,0.5,0.03535353535353536,0.4027777777777778,0.1,13.0
S2,5,W05_C6,KDE,12.327997102312821,6.87084468919464,4.895331717613001,9.634099310730148,inf,5.050133408142283,1.5088423360135934,0.23333333333333336,2.3669435474952576,2.1341025792238146,0.23333333333333334,5.177304070464003,9.497075904970194,0.0888888888888889,inf,inf,0.12222222222222222,0.06666666666666667,0.32222222222222224,1.4257425336372982,0.9000531691702198,1.522016259722589,2.2468075884867322,3.1936586865061685,1.8999660754791392,inf,0.16666666666666666,0.24461244850204444,2.5,0.7816410814504283,0.5875,1.0,0.5555555555555556,0.5,0.625,0.054308300395256914,0.9988811188811189,0.1740196078431373,15.0
S2,5,W05_C7,ADFNE,18.054147500670574,14.622724709756593,6.497096433403557,5.489308651705642,7.456579020793081,14.626457670415233,2.944812611178752,0.14444444444444446,6.068917104375585,1.6876336997119044,0.06666666666666665,3.1039598181437533,3.6543467329477934,0.19999999999999998,6.6184945897867244,7.02807278129559,0.04444444444444444,0.06666666666666667,0.26666666666666666,1.4114014501425451,1.2250380323440944,1.764903576699135,3.8300804317449044,2.5568186985463104,2.585046376399782,4.96482643757097,0.16666666666666666,0.24564288743415372,2.25,0.6307049944568326,0.3208333333333334,0.375,0.3333333333333333,0.6666666666666666,0.5,0.047619047619047616,0.698005698005698,0.14484702093397744,15.0
S2,5,W05_C7,EVAE,13.035822165481871,13.8819052930642,7.019341988507739,5.145197197386089,8.009415345078734,13.91951890199793,3.7936517785472823,0.0854700854700855,6.53201983245625,1.5456497103439535,0.09890109890109888,1.9771099733545454,3.4872262467101383,0.05897435897435899,6.946026683356237,6.608163812563351,0.05555555555555555,0.07142857142857142,0.21001221001221002,1.2544958549098764,0.5388995260000229,0.708247001868344,4.730876669809971,2.351611223690252,2.079746821445273,3.171800420631867,0.2777777777777778,0.2089921291110235,1.0,1.3765486069714339,0.12797619047619044,0.125,0.5,0.3333333333333333,0.5,0.08566760037348273,0.3157894736842105,0.09218227424749163,13.0
S2,5,W05_C7,KDE,17.30270433817941,12.121002246131578,6.845348345698272,7.236984169502145,8.230564329035637,12.132190418178507,2.360125164609942,0.14444444444444446,6.653360361410897,2.9248202546866953,0.06666666666666665,4.6130613275299694,4.403638226709566,0.16666666666666663,8.104637417521662,5.031325186098735,0.04444444444444444,0.03333333333333333,0.2,1.5224213098757844,0.7383684276679098,1.3428243740520862,4.533048949708574,2.121490316878383,2.045884453027314,3.1085706224062366,0.16666666666666666,0.18468595158704593,2.0,0.6423378942858471,0.3208333333333334,0.375,0.16666666666666666,0.5833333333333333,0.5,0.04978354978354978,0.5883597883597884,0.11943293059352678,15.0
S2,5,W05_C8,ADFNE,12.565747550302337,5.845995880982201,5.30410831024283,6.3042666110931425,inf,2.603561749668914,2.0843552120588775,0.18947368421052635,4.872588282653904,1.7788347906837494,0.05614035087719299,5.499951798469543,4.0746028268753065,0.1157894736842105,inf,inf,0.09122807017543859,0.03859649122807017,0.26666666666666666,1.4070323965461968,2.147025677343571,1.3071218344423097,2.5667663629683863,2.3416030337171985,3.3300388982688007,inf,0.21052631578947367,0.3019224975436364,0.6666666666666666,0.6594851061921222,0.19210526315789467,0.5,0.25,0.5,0.6666666666666666,0.15106719367588933,0.4955555555555555,0.15089285714285716,15.0
S2,5,W05_C8,EVAE,11.666210041676795,8.344225844112154,6.733515185238757,4.935628101547773,10.650391514297546,5.508483579032887,3.451940856261537,0.07142857142857142,5.412795266845144,2.2678756879269657,0.05668016194331982,3.7966610442106443,3.2301815902754565,0.06730769230769232,9.762536389755748,5.721213193676649,0.07456140350877193,0.05555555555555555,0.19028340080971662,0.9621542200653757,0.6805615385355313,1.2215232921508856,2.9952992136984826,1.566100962407556,2.9383047952884205,7.4400375674925145,0.3157894736842105,0.300671792772591,0.3333333333333333,1.43928688422357,0.15941295546558698,0.25,0.5,0.3333333333333333,0.3333333333333333,0.16113095238095237,0.5410101010101009,0.15914786967418543,13.0
S2,5,W05_C8,KDE,10.43750980676231,5.208479138611094,6.888899046772451,5.492817506535683,10.134895031788387,2.2573302032536158,2.3697574494989615,0.156140350877193,6.280013461629782,2.8276631550446525,0.08947368421052632,3.5387900133732195,3.7325399477923034,0.1157894736842105,9.350573337332783,5.6994650522229655,0.04210526315789476,0.03859649122807017,0.24035087719298245,1.1954057344925437,1.4910061266568797,1.348445536110754,2.3770463614559043,1.5337030541217564,2.8171381500913646,8.029288905300847,0.21052631578947367,0.27674953295754534,1.0,0.675273583573764,0.20789473684210535,0.375,0.25,0.5,0.3333333333333333,0.1364285714285714,0.46464646464646464,0.1502100840336134,15.0
S2,6,W06_C1,ADFNE,14.551750468912205,6.8851015024559885,7.386858934149897,n.d.,inf,4.446471439311946,3.8894954419618886,0.07371794871794868,6.358875167647829,3.2526783495392126,0.10256410256410253,n.d.,n.d.,0.1121794871794872,inf,inf,0.08974358974358973,0.07692307692307693,0.2467948717948718,1.5607383203239005,1.134503808894825,2.422639512003898,2.596568560250007,1.8946539293593512,n.d.,inf,0.4583333333333333,0.4483364827186478,0.375,0.8621176906297437,0.1842948717948718,0.5454545454545454,0.5625,1.0,0.75,0.06364749082007344,0.4008859357696566,0.11694688290432971,13.0
S2,6,W06_C1,EVAE,12.260096013715614,7.023266140053757,9.376728759831433,n.d.,5.9579004502220645,4.16304307631702,3.6148325600883755,0.08012820512820512,8.93336976364205,4.028872841960915,0.10256410256410253,n.d.,n.d.,0.1130952380952381,4.142771802288735,3.9909058828227337,0.06410256410256412,0.0,0.2083333333333333,1.2198646994344458,0.5094845011046767,3.156103874868127,1.966313518405633,2.025831905087051,n.d.,2.110349520816114,0.4583333333333333,0.390834919863955,0.375,1.7353874746619367,0.2213141025641026,0.5,0.625,1.0,0.5,0.03409687008218219,0.34334625322997414,0.09150010745755423,13.0
S2,6,W06_C1,KDE,14.024764667559108,6.601632227938104,7.588591035388139,n.d.,6.957052056923939,3.3309930489163753,3.875012977570944,0.07371794871794868,6.066271875872921,2.7249338537626633,0.10256410256410253,n.d.,n.d.,0.18910256410256412,5.3642144560278275,5.877955137600894,0.06410256410256412,0.0,0.2532051282051282,1.2284682262162663,0.699742620713234,1.380168488282036,2.573335803473478,1.628455710028704,n.d.,3.159594891745947,0.4583333333333333,0.4815831737700828,0.625,0.8147011795257868,0.27724358974358976,0.5454545454545454,0.5625,2.0,0.5,0.0708245243128964,0.6272727272727272,0.14127202013269272,13.0
S2,6,W06_C2,ADFNE,12.745752149387126,6.629882949715647,6.467426073968394,9.442858982441738,n.d.,3.328360610133311,4.464069733461748,0.22527472527472522,5.327509530803429,2.301040402298313,0.05128205128205132,7.913596203176356,6.858281005630248,0.13553113553113555,n.d.,n.d.,0.11538461538461539,0.0,0.2728937728937729,1.2741164350968184,1.004214426096285,2.2112547290942164,1.7823021645940214,1.7560134645858518,3.121809895763123,n.d.,0.38095238095238093,0.39204971409885964,0.3333333333333333,0.5751259087292439,0.31684981684981695,0.625,0.3571428571428571,0.5,n.d.,0.04740259740259739,0.3488721804511278,0.125,13.0
S2,6,W06_C2,EVAE,10.988919387094995,5.65286461764658,6.761932745916438,11.681331695514997,n.d.,2.294125953077355,2.7600307051174857,0.1547619047619047,4.365928395949416,4.32109513003115,0.08333333333333331,11.717138428214085,5.3997129002945465,0.07142857142857142,n.d.,n.d.,0.16666666666666666,0.03333333333333333,0.25595238095238093,1.6732151132072448,1.1862925839020566,4.5477523660329755,2.5312042392206577,2.161228243492924,2.730319115305181,n.d.,0.42857142857142855,0.25544716120472,0.3333333333333333,1.2884342285728745,0.11011904761904767,0.5833333333333334,0.5714285714285714,0.5,n.d.,0.08035714285714285,0.25490196078431376,0.08779904306220099,12.0
S2,6,W06_C2,KDE,14.023393438085545,6.566901957391932,6.141894654319813,8.117431444601216,n.d.,4.724686316715772,3.237082326694015,0.18681318681318676,4.670036834867785,4.339070268998556,0.11538461538461539,6.56303818591579,4.582445568170438,0.13553113553113555,n.d.,n.d.,0.07692307692307693,0.0,0.315018315018315,1.1672080172826775,0.8922206799165672,2.075467361348584,1.870184862992162,1.7972454749297981,2.491446102328777,n.d.,0.38095238095238093,0.3657641230823302,0.8333333333333333,0.7655380188050045,0.4706959706959708,0.5833333333333334,0.5714285714285714,0.5,n.d.,0.05454545454545455,0.6019047619047619,0.13345864661654133,13.0
S2,6,W06_C3,ADFNE,14.590248806960112,6.0131751581837944,6.096273131997296,n.d.,n.d.,5.133892713712317,3.0215202791056015,0.27125506072874495,3.412209296089716,2.9811012974917634,0.09311740890688264,n.d.,n.d.,0.19230769230769232,n.d.,n.d.,0.07692307692307693,0.05263157894736842,0.3319838056680162,3.012659237007018,2.594206722884465,5.479925212110173,3.474780118342293,3.2722990138331474,n.d.,n.d.,0.3157894736842105,0.5697070197299875,0.42857142857142855,0.8349009671941217,0.2160931174089069,0.6363636363636364,0.42857142857142855,n.d.,n.d.,0.16044546850998465,0.735483870967742,0.16816188197767146,13.0
S2,6,W06_C3,EVAE,10.166902123473529,5.673804496004054,5.171424531493461,n.d.,n.d.,3.3345365171573578,2.511395005008553,0.16228070175438597,2.862379128255373,2.0562898842197948,0.11842105263157893,n.d.,n.d.,0.15384615384615385,n.d.,n.d.,0.14835164835164835,0.05263157894736842,0.31983805668016196,2.0174462820648964,1.092444724396557,3.720720465161774,2.1099778266506384,3.1151934500622245,n.d.,n.d.,0.3157894736842105,0.47535616501693057,0.5714285714285714,1.4674023007301922,0.2160931174089069,0.5454545454545454,0.5714285714285714,n.d.,n.d.,0.17094330400782015,0.8828522920203736,0.16571586308428413,13.0
S2,6,W06_C3,KDE,13.991434386109319,6.403619113540544,5.460713749039268,n.d.,n.d.,4.709477039991295,2.8535848970866162,0.19433198380566802,3.1393673367322057,1.8302696658152073,0.13765182186234814,n.d.,n.d.,0.23076923076923078,n.d.,n.d.,0.15384615384615385,0.05263157894736842,0.3663967611336032,2.2496351552427303,1.6958484862619967,5.1752007967867115,3.296606444127276,3.0666021864696447,n.d.,n.d.,0.3157894736842105,0.5010025543593815,0.5,0.625846266507996,0.24544534412955465,0.5454545454545454,0.5,n.d.,n.d.,0.14987738162610828,0.663904923599321,0.14732854864433811,13.0
S2,6,W06_C4,ADFNE,11.263303154900143,7.799529591284616,6.013662137513107,8.298746857649267,inf,4.24090647670058,4.734345321566797,0.08906882591093113,3.509633096560327,2.170273492901651,0.10931174089068824,6.523050683869217,7.287898023248744,0.12550607287449395,inf,inf,0.04858299595141702,0.05263157894736842,0.19838056680161942,1.6344892494927676,1.4703825228347598,1.6174858512092878,2.248281205772823,2.140018555869156,2.7862134871044164,inf,0.3157894736842105,0.3842707110511736,0.42857142857142855,0.9254846855652928,0.2727732793522266,0.4444444444444444,0.2,0.5,0.5,0.05487649605296663,0.30959752321981426,0.07499999999999998,13.0
S2,6,W06_C4,EVAE,10.199052870694938,6.7634085986996215,6.969143995491706,inf,8.698378717646552,4.280206570789889,3.603204261848745,0.11309523809523811,3.072807917169965,3.4870109921840977,0.07017543859649122,inf,inf,0.03383458646616541,8.698378717646547,4.945889075688031,0.03759398496240601,0.05263157894736842,0.17199248120300753,1.0119615171021668,0.6380023401885904,1.5801560999306885,1.3906046502492448,2.035770472810503,inf,4.850788774354399,0.3157894736842105,0.3197917927369305,0.5714285714285714,1.698199414671977,0.40292437825332555,0.3333333333333333,0.4,0.5,0.5,0.11875,0.5995670995670995,0.13804347826086955,13.0
S2,6,W06_C4,KDE,11.28223189799213,7.642212807238795,7.305343619495364,8.108570871753962,15.077599175914916,4.98104377568777,4.317287658271109,0.08906882591093113,4.251582009481588,4.510332343665151,0.10931174089068824,6.323707462457577,5.099463971494002,0.12550607287449395,15.103081483214282,5.397303459822926,0.10526315789473684,0.05263157894736842,0.25101214574898784,1.3350426370196162,1.0724263443685433,1.463960671212342,2.319342079740985,2.3745712344942937,2.000188541092705,5.2324120854354925,0.3157894736842105,0.4190190219741856,0.42857142857142855,0.707920368366568,0.23076923076923073,0.4444444444444444,0.4,0.5,0.5,0.12740641711229947,0.6909090909090908,0.15,13.0
S2,6,W06_C5,ADFNE,12.324400225970443,5.496758326566213,7.138168438160964,7.719204410225414,inf,2.924486810365728,2.04892492802988,0.09890109890109894,6.910724632501802,1.37277996636075,0.16483516483516486,6.296913461100505,3.942209759594575,0.2032967032967033,inf,inf,0.06593406593406592,0.07142857142857142,0.27472527472527475,1.0993729267097656,0.5687633172235842,1.5426367533967307,2.0125465580334017,1.7918027243745813,2.825980586226849,inf,0.07142857142857142,0.10553746574661044,n.d.,0.7989447716047839,0.46909340659340665,0.25,1.0,0.6,0.5,0.05972288580984232,1.0546265328874025,0.2130912565695175,13.0
S2,6,W06_C5,EVAE,12.702392024302458,7.599040992087318,7.120833420405547,6.120720442322577,10.34875005545458,4.895872138706243,4.333920802161423,0.08181818181818182,4.8328886810220855,2.4490039937459804,0.160989010989011,4.364159458195383,4.868617053467068,0.15000000000000002,8.939137001612973,5.8124331710303325,0.06272893772893773,0.07142857142857142,0.27472527472527475,1.512535325332403,1.411297203137576,2.287954081412454,2.832967083180148,2.872987639427229,3.425718479511049,2.330804947209748,0.14285714285714285,0.10977849322917108,n.d.,1.2021093562545153,0.2518731268731269,0.25,1.0,0.5,0.5,0.07142857142857142,0.836098541980895,0.18019480519480524,13.0
S2,6,W06_C5,KDE,10.981076052453005,6.194657853302885,7.741914554971494,5.020565999180784,12.278736401182613,4.198534023811067,3.2318940772627434,0.07692307692307693,7.0789238953546425,1.8517344509791593,0.16483516483516486,3.981615200632331,2.4987225680221843,0.16483516483516483,11.613262024128517,8.131340041207578,0.06593406593406592,0.07142857142857142,0.22802197802197804,1.3706705484902435,0.6317998754765695,2.086130587344277,2.143545129764094,1.6481254914301209,1.889219355246212,4.088289753124151,0.07142857142857142,0.1492240558407497,n.d.,0.8609750360154378,0.5460164835164836,0.25,1.0,0.5,0.5,0.059440559440559426,1.2473316157526684,0.24222811671087535,13.0
S2,6,W06_C6,ADFNE,11.86896682968921,8.037642021162597,7.272023233331921,7.889705344838113,n.d.,7.695064992496125,4.257422877775428,0.038461538461538464,4.070461610488205,4.547753406378957,0.05594405594405594,7.059494311297746,4.111590191071221,0.11888111888111885,n.d.,n.d.,0.07692307692307693,0.0,0.17482517482517482,3.984040303003751,3.3624230727557687,5.713549447429667,4.283111418865254,4.737474451658764,2.8659796479132287,n.d.,0.18181818181818182,0.318787333700972,0.3333333333333333,0.5246189280668927,0.23076923076923073,0.25,0.25,0.3333333333333333,n.d.,0.05909090909090908,0.6888888888888889,0.11203379953379952,13.0
S2,6,W06_C6,EVAE,14.254541832128764,11.787172548014015,9.17611624480373,12.830191068600756,n.d.,11.801673287302714,4.011576186449025,0.11363636363636365,3.8863850676679923,7.227018866111416,0.10047846889952153,12.798167375346388,5.589991973437636,0.12437562437562436,n.d.,n.d.,0.15384615384615385,0.027777777777777776,0.275974025974026,3.2173341481907025,2.596653903105178,4.64312093621637,3.0565365223543575,4.313529670295955,2.8867694541677866,n.d.,0.13636363636363635,0.22488902941246336,0.5,1.4362483672151636,0.39073426573426573,0.25,0.25,0.6666666666666666,n.d.,0.06240601503759398,0.8,0.13557933294775398,12.5
S2,6,W06_C6,KDE,11.12788348332915,9.580085461199307,7.0917674202987335,10.772372924877402,n.d.,7.106222520192301,4.399338432174391,0.02097902097902099,3.7946002969064443,6.162848104524331,0.05594405594405594,10.44741861418664,4.631395969212797,0.11888111888111885,n.d.,n.d.,0.07692307692307693,0.0,0.16433566433566432,3.9573642094052186,3.540995504877817,7.692693639614947,4.653263643451346,4.809073082952638,3.108345456414108,n.d.,0.18181818181818182,0.30771066829155147,0.5,0.547466724488167,0.23688811188811187,0.25,0.25,0.3333333333333333,n.d.,0.06178489702517162,0.7012531328320801,0.09913793103448276,13.0
S2,6,W06_C7,ADFNE,14.461431085303573,10.594061872175864,6.295391519609632,7.629514886655446,inf,10.619423193338562,1.6843311109711276,0.11794871794871797,4.658936195347252,2.7044280239513045,0.07692307692307693,6.298308300988857,2.9701994660763162,0.046153846153846156,inf,inf,0.056410256410256404,0.0,0.19487179487179487,1.3745498000543597,1.2268730279773918,1.6031616537341424,2.097932339578729,2.8945683108637796,3.093792456149856,inf,0.13333333333333333,0.19131363629442522,1.0,0.6459163198190925,0.439102564102564,0.25,0.25,0.3333333333333333,0.5,0.10614478114478114,1.1754385964912282,0.209488787074994,13.0
S2,6,W06_C7,EVAE,12.362461595786979,10.68092073327086,5.417086247176336,5.234528913325617,7.530255627328568,10.582691857888516,3.635195459047247,0.09242424242424242,4.2827881740793945,2.6484678682769554,0.11363636363636365,5.042863070037127,2.4187631672653223,0.053571428571428575,7.083977715816081,3.159946343874901,0.0642857142857143,0.059027777777777776,0.2318181818181818,1.2468381320664026,0.2925668568566353,0.3590743833420096,2.6173536480933914,2.9261468241625233,2.5484388051717812,2.540047225816987,0.2,0.1840711966050675,0.5,1.0937332832368192,0.8422619047619047,0.375,0.3333333333333333,0.3333333333333333,0.5,0.07115009746588694,0.6343434343434343,0.14155172413793105,12.5
S2,6,W06_C7,KDE,13.13758251189267,8.200296205746056,5.489360104813943,11.984681158634128,inf,8.073774956500646,2.6229324139401315,0.11794871794871797,4.133479160130175,3.0614301127995107,0.09230769230769231,11.893520839497306,3.3309382110140717,0.046153846153846156,inf,inf,0.056410256410256404,0.0,0.16923076923076924,1.280030993696753,0.8328779719247759,1.70768802194672,1.4859357823058414,2.76319417515497,2.580263872860542,inf,0.13333333333333333,0.2738024149339788,1.0,0.6123224333500059,0.439102564102564,0.25,0.3333333333333333,0.3333333333333333,0.5,0.05189576928707364,0.6825396825396826,0.14655172413793105,13.0
S2,6,W06_C8,ADFNE,21.507676418536747,n.d.,5.980686482839383,10.77945533426966,inf,n.d.,n.d.,0.38461538461538464,3.6695326464273306,3.076636394726945,0.05128205128205132,9.817963432719576,9.497888073412145,0.17948717948717946,inf,inf,0.2564102564102564,0.0,0.4358974358974359,3.257173621893299,3.076219654538819,3.437848755524934,n.d.,2.8957098666536085,10.484575968048569,inf,1.1666666666666667,0.3829707571838099,3.0,3.002589324282872,0.15544871794871795,n.d.,1.5,0.5,0.5,0.10263157894736842,0.8888888888888888,0.170979020979021,13.0
S2,6,W06_C8,EVAE,17.870167685790076,n.d.,6.247287884236908,6.858185551866251,7.9887100108245725,n.d.,n.d.,0.25,5.209437629896387,3.1361067569369174,0.10336538461538461,3.288964730150192,6.144510029709915,0.08333333333333331,5.0791743528794555,4.215296519012265,0.17105263157894735,0.0,0.3565705128205128,2.455590936679242,1.7945435452981195,2.683637817486942,n.d.,2.5576083652386563,9.039806919515005,2.3461386915178153,1.0833333333333335,0.49459920818551995,2.0,3.0747659221550445,0.3541666666666667,n.d.,0.5,0.5,0.0,0.10882352941176471,0.715219421101774,0.14264705882352943,12.5
S2,6,W06_C8,KDE,21.77383177439384,n.d.,6.4027118865070465,7.970320316254696,inf,n.d.,n.d.,0.3076923076923077,3.8043770680928137,2.5422424578170957,0.10256410256410253,4.217785210148815,6.955962585520393,0.10256410256410253,inf,inf,0.2564102564102564,0.0,0.3846153846153846,3.439334581589541,2.283631669531701,4.688944605480893,n.d.,2.832119112862439,7.739227074697979,inf,1.1666666666666667,0.3215667424781277,4.0,3.1477956902046538,0.15544871794871795,n.d.,0.5,0.5,0.5,0.1,1.0174603174603174,0.1884615384615385,13.0
S3,0,W00_C1,ADFNE,10.160154414341134,9.745803440928203,5.157283526599155,9.372080640716188,inf,6.061080451538324,4.66128008731505,0.05594405594405594,3.763545150382686,2.4570684915108103,0.1433566433566434,5.723406848395151,8.132325110515547,0.1048951048951049,inf,inf,0.07692307692307693,0.07692307692307693,0.2377622377622378,1.3676630659473776,0.9470725814422507,2.233349698411904,2.551564228920962,2.1141283622055527,3.9511671926257153,inf,0.5769230769230769,0.44869932439652455,0.75,0.9554367494098912,0.5157342657342658,0.5,0.7083333333333333,0.5,0.5,0.029239766081871343,0.5063938618925832,0.125,11.0
S3,0,W00_C1,EVAE,13.517772397127592,15.270008178703197,5.376390238008325,8.037955939994148,7.965557565536465,14.842126896412253,3.211735275030562,0.09230769230769231,3.3135676483311673,1.9644138498566996,0.21153846153846156,6.851951367892179,5.938180968190937,0.09731934731934731,6.939938473019596,5.913622881140455,0.08974358974358973,0.07692307692307693,0.3154623154623155,1.522030761805989,0.6247094613272641,1.1997784097010467,2.9845941307553545,1.6853344732937068,2.8327550266939303,5.731857166656994,0.5769230769230769,0.45185936353535006,0.5,2.1379915903420055,0.1647241647241648,0.625,0.75,0.5,0.5,0.06521739130434782,0.48829431438127097,0.11948529411764708,11.0
S3,0,W00_C1,KDE,11.308617978021243,10.006587788261118,5.078715114762279,7.799860154687101,inf,9.888113783264835,4.046059680326023,0.13636363636363635,4.156288415080686,3.2964062625926887,0.18881118881118886,7.269691153634527,5.209427529340347,0.1048951048951049,inf,inf,0.07692307692307693,0.07692307692307693,0.26573426573426573,1.279432662016414,1.0388022013484541,1.4975718595916299,1.815041598578779,1.8154634823697866,2.080623661697854,inf,0.5769230769230769,0.4833908057466215,0.5,0.9009899714793321,0.515734265734266,0.5,0.75,0.5,0.5,0.06521739130434782,0.7902173913043479,0.15784706331045006,11.0
S3,0,W00_C2,ADFNE,14.5292794020932,11.590691570106664,8.083549394504434,n.d.,inf,12.276237882428326,5.497294700852179,0.16363636363636364,7.583499405694589,2.466559289483098,0.18181818181818182,n.d.,n.d.,0.13181818181818183,inf,inf,0.05909090909090908,0.1,0.2954545454545454,1.2389478727583703,0.7994125837503135,2.537747451572333,2.1348098622921476,2.014239266880831,n.d.,inf,0.45,0.3957308752661146,0.6666666666666666,0.6447503816567471,0.3772727272727275,0.25,0.6499999999999999,1.0,0.6666666666666666,0.06045751633986929,0.6191950464396285,0.13153153153153155,11.0
S3,0,W00_C2,EVAE,14.821904701133652,15.484265661295218,8.36801168106534,n.d.,7.801788610383518,13.806567886779096,7.95322714853443,0.09999999999999998,7.547519090732841,3.5746745879535538,0.2272727272727273,n.d.,n.d.,0.13181818181818183,6.161979189409098,7.23818359653434,0.05000000000000002,0.09090909090909091,0.30000000000000004,1.3924938892021053,0.30617492707588456,2.8667788347950838,2.735955176375281,1.3674899938327818,n.d.,4.856234451612234,0.5,0.3890093484796108,0.6666666666666666,1.833628990217378,0.13333333333333325,0.25,0.7,1.0,0.3333333333333333,0.05514705882352941,0.3653846153846154,0.08468468468468474,10.0
S3,0,W00_C2,KDE,15.355646051684396,13.671848385472252,8.25102689583181,n.d.,inf,10.197010137909574,6.635626753385255,0.16363636363636364,6.517655613229788,5.7899451056289015,0.2272727272727273,n.d.,n.d.,0.22272727272727272,inf,inf,0.05909090909090908,0.1,0.38636363636363635,1.3184887918216648,0.994235931387494,2.0532430844736522,1.9177207625069461,1.6044145954733444,n.d.,inf,0.45,0.33327178465362917,0.6666666666666666,0.603807194300275,0.5590909090909093,0.25,0.7,2.0,0.6666666666666666,0.061919504643962855,0.7264705882352942,0.16296653796653798,11.0
S3,0,W01_C1,ADFNE,23.061655016415127,n.d.,7.359277933726407,4.963671960323118,n.d.,n.d.,n.d.,0.26623376623376627,5.854641468147686,1.5092000589938115,0.08441558441558444,3.1607181377550067,2.140287590761635,0.3311688311688311,n.d.,n.d.,0.07142857142857142,0.09090909090909091,0.42207792207792205,2.9644000380696,2.4688999974271715,1.9978362713680509,n.d.,2.769034554796701,6.106835493011081,n.d.,0.2727272727272727,0.13031296150416483,n.d.,1.5135431647488737,0.48782467532467527,4.0,0.6666666666666666,0.5,n.d.,0.1225,1.3956521739130434,0.2774725274725275,14.0
S3,0,W01_C1,EVAE,19.403700391658298,n.d.,7.6362787624713775,4.480005235502121,n.d.,n.d.,n.d.,0.06934731934731934,5.274997984013153,2.854350429647983,0.06060606060606061,1.9765827073836224,2.8345058209929848,0.2121212121212121,n.d.,n.d.,0.17424242424242425,0.05194805194805194,0.3538961038961039,2.432795369623549,2.9439858470711897,3.0597935983804914,n.d.,2.2433544479349523,5.637069839442608,n.d.,0.22727272727272727,0.18594014796519834,n.d.,0.6820089528213561,0.08062770562770563,1.0,0.3333333333333333,0.3333333333333333,n.d.,0.06066176470588235,0.8,0.17914438502673796,13.5
S3,0,W01_C1,KDE,20.395740430546915,n.d.,6.38598309040436,5.717423375260776,n.d.,n.d.,n.d.,0.1948051948051948,5.306297639666684,3.6203807596506055,0.05844155844155843,4.912192122656352,1.9635849716369123,0.2597402597402597,n.d.,n.d.,0.14285714285714285,0.09090909090909091,0.35064935064935066,3.040257150775571,2.5761643569059975,3.6362787085928536,n.d.,2.1322622036182572,6.086408065862674,n.d.,0.2727272727272727,0.16744683768219865,n.d.,1.49791708028748,0.4163961038961039,3.0,0.3333333333333333,0.3333333333333333,n.d.,0.12771739130434784,1.1314285714285715,0.25,14.0
S3,0,W01_C2,ADFNE,14.766942675904975,n.d.,5.693962747374481,6.730162733722809,inf,n.d.,n.d.,0.35714285714285715,3.3106211790008393,3.6061304233872074,0.11428571428571432,3.9928538947698247,2.958808112384846,0.07142857142857142,inf,inf,0.22857142857142856,0.1,0.41428571428571426,1.91851444625881,0.637270912105618,5.244346952885865,n.d.,2.1999290652249015,3.1500622607838173,inf,0.4,0.21232330186412196,n.d.,1.583879192829716,0.26428571428571435,n.d.,0.25,0.5,0.6666666666666666,0.03886693017127799,0.8840579710144929,0.1891025641025641,14.0
S3,0,W01_C2,EVAE,12.42527493628411,n.d.,5.173873478372485,5.579012699026016,9.30726525897531,n.d.,n.d.,0.2582417582417582,3.5537112163705014,3.264887249525732,0.15000000000000002,3.071857996892146,2.611151629203558,0.07922077922077919,9.007968936482705,3.091835498671319,0.13974358974358975,0.1,0.3384615384615385,1.5720708356280424,0.35620641883641835,5.263127277195179,n.d.,2.1729380845888535,2.381716276880007,7.194300769374631,0.3,0.15403021377170245,n.d.,0.6692319501423288,0.12973484848484848,n.d.,0.25,0.75,0.3333333333333333,0.04076086956521739,0.3832442067736186,0.08712121212121211,13.0
S3,0,W01_C2,KDE,14.465662705931834,n.d.,4.285509388362829,5.7603878839008775,8.698891413894085,n.d.,n.d.,0.2857142857142857,2.6689909333110755,1.7618238060042288,0.11428571428571432,4.699035701210276,3.0982113602853345,0.08571428571428569,8.205634062087798,4.1374282694981135,0.15714285714285714,0.1,0.37142857142857144,2.1092178214865194,0.7297344156536234,5.868981939848002,n.d.,2.1351537780482457,2.806144157325536,9.170614212721517,0.4,0.16648330950881596,n.d.,1.5172467022088707,0.14285714285714285,n.d.,0.25,0.5,0.3333333333333333,0.07166666666666667,1.0,0.2165178571428571,14.0
S3,0,W02_C1,ADFNE,16.845837718942484,9.14173678698671,7.584285075935416,n.d.,inf,3.443601235006648,7.0954556674203015,0.14285714285714285,2.922498391543944,7.520423006091131,0.17857142857142858,n.d.,n.d.,0.10714285714285714,inf,inf,0.14285714285714285,0.07142857142857142,0.3571428571428571,3.9482742544976546,5.3540750243384,3.825130667619683,5.253770860218295,3.4299262528510557,n.d.,inf,0.0,0.38186673922339465,0.4,0.6599228119233055,0.1428571428571429,0.2857142857142857,1.25,1.5,0.6666666666666666,0.1090909090909091,0.7453734671125976,0.13767806267806268,14.0
S3,0,W02_C1,EVAE,20.454739863628703,9.92333057894535,8.13305972995345,n.d.,8.497472133661471,7.982945508139503,7.3775764406104285,0.22380952380952382,3.67208495354161,6.209970375546275,0.13636363636363635,n.d.,n.d.,0.17857142857142858,8.496541592786716,3.799863424508607,0.07142857142857142,0.06666666666666667,0.33484848484848484,3.731178214331209,5.138723455979806,4.521498177220549,3.715334086266223,4.152150916948743,n.d.,4.4845798279580436,0.0,0.3815554673326526,0.6,1.5201060460146354,0.18138111888111885,0.42857142857142855,1.0,2.0,0.3333333333333333,0.1321266968325792,1.4365914786967418,0.24161490683229814,14.0
S3,0,W02_C1,KDE,18.70839096459366,7.3668674978819535,6.537353889123236,n.d.,inf,3.731195631853359,5.167785116851234,0.2142857142857143,3.301753521757613,5.942609018392733,0.14285714285714285,n.d.,n.d.,0.21428571428571427,inf,inf,0.14285714285714285,0.07142857142857142,0.3571428571428571,4.244923822079539,5.19042891309201,4.367296233816706,5.179340034027681,3.304242246134848,n.d.,inf,0.0,0.40758279679179965,0.4,0.6050866725933375,0.2857142857142857,0.42857142857142855,1.0,3.0,0.6666666666666666,0.10692640692640694,0.8,0.13443738656987292,14.0
S3,0,W02_C2,ADFNE,10.278000881504232,6.615474679003884,7.76349811325934,7.333231385359201,n.d.,4.570759160559343,3.1475203777786565,0.05714285714285716,3.9772984907957407,6.33650913006683,0.25,4.814410166057639,3.3449310603939204,0.08571428571428569,n.d.,n.d.,0.07142857142857142,0.07142857142857142,0.2785714285714286,4.488512789987551,5.433323538755593,5.773868983786527,4.019379932789125,5.725060014031453,4.611288454636414,n.d.,0.4,0.22630302255816664,0.4,0.7410730691666841,0.22142857142857142,0.6666666666666666,0.30000000000000004,0.75,n.d.,0.11784897025171624,1.01921470342523,0.19047619047619047,14.0
S3,0,W02_C2,EVAE,11.669815841917297,7.075028676793656,8.294383305406376,5.669501338335012,n.d.,2.2564919140044637,4.352892658444532,0.053571428571428575,4.058310861206168,7.679069163638731,0.2512820512820513,3.2041699866882576,3.4983924747418973,0.08571428571428569,n.d.,n.d.,0.1380952380952381,0.07142857142857142,0.31666666666666665,3.9140134355773992,5.243518940038875,5.862008991647494,3.565448283498422,6.236652349564815,4.106083790772797,n.d.,0.4,0.19813150781738265,0.6,1.512501651356104,0.3354166666666667,0.3333333333333333,0.30000000000000004,0.5,n.d.,0.05131578947368421,1.6365079365079365,0.26406926406926406,14.0
S3,0,W02_C2,KDE,10.598974485157314,6.437586233543579,8.472697705651523,6.540609314718674,n.d.,4.768422416746225,1.9291263418670672,0.05714285714285716,3.1072942400736077,7.939765397837293,0.2142857142857143,3.638657792431361,3.4520874255931515,0.05714285714285716,n.d.,n.d.,0.14285714285714285,0.03571428571428571,0.2785714285714286,4.326140360454863,5.2595578236996,6.63919623331131,4.538393703048424,5.320394526667083,4.192640811064596,n.d.,0.4,0.20311631951615453,0.5,0.9747395817636003,0.22142857142857142,0.3333333333333333,0.2,0.5,n.d.,0.12771739130434784,0.8026418026418027,0.1981792717086835,14.0
S3,0,W03_C1,ADFNE,11.308739576836864,7.269464511173448,5.826077151298813,5.816828488098965,n.d.,6.256461804047665,2.8269684708787257,0.10714285714285715,3.2556558904962944,4.846926318604984,0.2767857142857143,4.916456001584813,5.3479844958092615,0.08928571428571427,n.d.,n.d.,0.07142857142857142,0.0625,0.2767857142857143,1.8860006436087255,3.5717011191542527,1.8075745195507054,2.6806848247637127,3.03067376811474,4.118711701126613,n.d.,0.125,0.2834906715410296,2.0,0.7752542909453239,0.2678571428571428,0.25,0.5555555555555556,0.5,n.d.,0.0931372549019608,0.45565217391304347,0.1313888888888889,14.0
S3,0,W03_C1,EVAE,12.973461945823601,6.888870450132729,7.341467462905947,6.586562225293974,n.d.,5.543818361113061,2.8230045634959007,0.1103896103896104,6.136760040423387,5.093479479749234,0.30113636363636365,5.183633258075281,2.7407042591342994,0.125,n.d.,n.d.,0.13333333333333333,0.0625,0.3482142857142857,1.57540619981977,2.930817601270315,0.9444152201912648,1.9437249288951364,3.402713720812733,3.1825828196152495,n.d.,0.125,0.22348059752805746,1.0,1.4797435191559214,0.4464285714285714,0.25,0.6666666666666666,0.5,n.d.,0.11397058823529413,0.36666666666666664,0.12012987012987011,14.0
S3,0,W03_C1,KDE,12.606518334815645,6.485963351427088,6.4088545688781355,6.890672291613739,n.d.,4.12577085532908,2.104780166428567,0.10714285714285715,4.314817178434754,3.8475405548492434,0.2767857142857143,6.661886397623501,4.369227092984178,0.14285714285714285,n.d.,n.d.,0.14285714285714285,0.0625,0.3392857142857143,1.6493402177832506,2.8116305368985084,1.1243095288841793,2.546030146660164,3.019315906456929,3.14164677918616,n.d.,0.125,0.2042329631584678,3.0,0.8620363507033983,0.2678571428571428,0.25,0.5555555555555556,1.0,n.d.,0.08753778191118346,0.25085251491901117,0.1282051282051282,14.0
S3,0,W03_C2,ADFNE,9.986421800147129,6.5104399382994345,4.758332997938874,7.781306239826809,n.d.,5.642458972937203,2.3798443659237023,0.03968253968253965,3.1815935066857195,1.9565305291156943,0.10714285714285714,7.779348943818906,2.2987578700770803,0.06349206349206349,n.d.,n.d.,0.10714285714285714,0.05555555555555555,0.20634920634920634,1.3177495915009372,0.888898944941427,1.2321036601959323,2.4247740056711837,4.287187627570841,2.2445884989904723,n.d.,0.2222222222222222,0.28080491702788013,1.0,0.8317694423171015,0.21825396825396826,0.2857142857142857,0.3333333333333333,0.25,n.d.,0.09761904761904762,0.7418181818181818,0.15274093722369583,14.0
S3,0,W03_C2,EVAE,10.153336373475046,6.700584206982216,5.635550641269117,10.301856866061316,n.d.,6.112301057154864,3.1271052746186685,0.03968253968253965,3.545361158814673,2.6820757245815123,0.08333333333333334,10.34240219690842,2.367204502034282,0.07387057387057386,n.d.,n.d.,0.14285714285714285,0.05555555555555555,0.2261904761904762,1.017521754493967,0.48161999829631763,1.6959478105237529,2.5252209464238065,3.9079130851060624,1.7463439802558525,n.d.,0.2222222222222222,0.2948874294229753,0.0,1.1518920948916938,0.21031746031746024,0.3571428571428571,0.3333333333333333,0.25,n.d.,0.054093567251461985,0.25215311004784685,0.07333333333333333,14.0
S3,0,W03_C2,KDE,9.875094785449654,7.903880419438517,6.274758450186185,11.352839124681168,n.d.,5.445754958412568,4.143267264184531,0.1031746031746032,4.686545713881023,2.3850363063354583,0.047619047619047616,11.383608057574932,2.2549649495725905,0.06349206349206349,n.d.,n.d.,0.14285714285714285,0.05555555555555555,0.2222222222222222,1.5062320786883514,1.04254567975586,2.112414042703874,2.1589472921075057,3.939945736737995,1.8012184950818477,n.d.,0.2222222222222222,0.2494385316259539,2.25,1.0549022368004235,0.14285714285714285,0.42857142857142855,0.3333333333333333,0.25,n.d.,0.13068181818181818,1.261077595173705,0.23051282051282052,14.0
S3,0,W04_C1,ADFNE,15.95813642579411,7.011609541543619,9.141461658855325,n.d.,inf,3.528240568432966,4.6270905893276995,0.0714285714285714,8.92666649548223,2.406628007946806,0.14285714285714285,n.d.,n.d.,0.21428571428571427,inf,inf,0.07142857142857142,0.07142857142857142,0.2857142857142857,2.2426269883201497,2.0598412372596977,1.7183253214161442,4.228923236377693,2.774836678412604,n.d.,inf,0.0,0.2826266318744438,n.d.,0.8792780873582134,0.2857142857142857,0.16666666666666666,0.3333333333333333,n.d.,0.5,0.040442014126224654,0.7456641604010025,0.15713248638838473,14.0
S3,0,W04_C1,EVAE,14.517104511136147,6.2804796197127075,7.151812524288273,n.d.,13.585986937830995,3.7839668792903476,2.6580355787234033,0.06818181818181815,7.146898743920989,2.537218752813887,0.19780219780219777,n.d.,n.d.,0.21428571428571427,13.585986937830988,3.7339123372539955,0.06593406593406592,0.03333333333333333,0.2857142857142857,1.7490330895866895,1.8620711255926374,1.2164398478448062,2.503504419154229,3.2084042258471035,n.d.,4.675453495362678,0.0,0.2394892526405969,n.d.,1.1149219430433026,0.18138111888111885,0.16666666666666666,0.5,n.d.,0.5,0.05,0.5270302452964992,0.12228560912771436,14.0
S3,0,W04_C1,KDE,17.322717448443164,6.8143120700390725,7.51156000928578,n.d.,inf,4.006845269991713,5.393241473450059,0.0714285714285714,7.506150645052795,2.002093194334171,0.21428571428571427,n.d.,n.d.,0.21428571428571427,inf,inf,0.07142857142857142,0.07142857142857142,0.2857142857142857,2.0250289443974725,1.2958853393907277,2.073518299706122,4.002787998855038,2.929952898260108,n.d.,inf,0.0,0.24511323911710486,n.d.,0.8146534029678603,0.2857142857142857,0.16666666666666666,0.5,n.d.,0.5,0.09247331615752669,1.2993551071354275,0.2562308549150654,14.0
S3,0,W04_C2,ADFNE,12.271776216886561,7.079671670409352,6.104542368002887,7.826664241874214,n.d.,6.61182829606263,2.4023096761862854,0.14285714285714285,2.867092911733838,2.9303420765470465,0.07142857142857145,4.771299955891759,6.2822729177126915,0.07142857142857142,n.d.,n.d.,0.07142857142857142,0.0,0.2857142857142857,3.4296756573395664,2.905019571836013,5.850041434593242,6.066647870337828,2.3868812722184325,7.819426143933908,n.d.,0.0,0.40020464388340227,0.5,0.7253650913441307,0.28571428571428575,0.2857142857142857,0.25,0.5,1.0,0.09906832298136645,1.3929670329670332,0.18194444444444446,14.0
S3,0,W04_C2,EVAE,11.30675481798078,5.667024681435864,6.25863881924889,7.161967744608648,n.d.,3.4863974819362724,2.7683284266952946,0.14285714285714285,4.798782335768989,2.865144903780684,0.06318681318681317,3.7343142717259408,6.370186764757384,0.07142857142857142,n.d.,n.d.,0.07142857142857142,0.03333333333333333,0.21428571428571425,2.5305488548685613,2.260157256065659,5.409168426185017,3.9047846171204745,2.156189068785877,6.682623968185468,n.d.,0.0,0.3227506639603651,0.6666666666666666,1.544512749297522,0.6625,0.2857142857142857,0.25,0.5,1.0,0.1615079365079365,1.8599661208356864,0.2899999999999999,14.0
S3,0,W04_C2,KDE,12.830506910651586,6.465604320823649,7.091813482203187,7.79364163528497,n.d.,4.1749213891726455,1.887609328490309,0.2142857142857143,4.84088515472415,5.309657109027371,0.07142857142857142,6.362559935606102,7.147717781058543,0.14285714285714285,n.d.,n.d.,0.07142857142857142,0.0,0.25,2.8944929610572867,1.793950937277922,6.254404175280547,5.522159030801903,1.57477049996864,6.670782941681828,n.d.,0.0,0.31183058922884455,0.3333333333333333,0.6236571573928656,0.28571428571428575,0.42857142857142855,0.25,1.0,1.0,0.12337662337662336,1.428095238095238,0.21666666666666667,14.0
S3,0,W05_C1,ADFNE,20.520919712137157,6.67418176348353,6.139886785314843,8.080231263328,9.248577991055537,4.70405016278562,2.9822272604608986,0.17857142857142858,3.913620157951332,2.0799328899834864,0.1746031746031746,8.005357910814272,3.3551404864021985,0.10317460317460317,9.247539185979766,4.0867636126454725,0.07936507936507936,0.05555555555555555,0.3333333333333333,2.349343160655091,1.8772406867161084,1.915743627528486,4.442388378228854,2.12511800922418,4.214856499988938,4.117913740311419,0.2222222222222222,0.43666047320352763,0.6666666666666666,0.6900556048541706,0.21428571428571425,0.5,1.0,0.5,0.5,0.035,0.4142857142857143,0.10515873015873015,14.0
S3,0,W05_C1,EVAE,17.137730699393355,5.194043795056138,5.7404871381332185,8.788215417387129,8.741939201382863,2.3285097208579253,1.966500870134361,0.14285714285714285,3.4976703170535712,1.4862373193500913,0.15025252525252525,8.746048693892583,2.833458191693592,0.0735479797979798,8.736500410296408,5.78914295062586,0.07936507936507936,0.05555555555555555,0.26686507936507936,2.00238159470709,1.8246967520401574,1.695849392862221,3.1396701072164497,1.6342159088382537,3.585513841307828,2.5074975450829244,0.2222222222222222,0.41344774623615804,0.5,1.3471160891261522,0.3243055555555555,0.4444444444444444,0.5,0.5,0.5,0.05754475703324808,0.40153452685422,0.07977207977207978,14.0
S3,0,W05_C1,KDE,21.325645072316,6.003837402433046,6.432729898258089,10.06194307045822,inf,4.3318550279579835,3.0887285834555245,0.14285714285714285,4.245403949614226,2.805170134650357,0.1746031746031746,10.031677978814878,4.458344302549568,0.1746031746031746,inf,inf,0.15079365079365079,0.05555555555555555,0.3492063492063492,2.2073481503441688,1.3409932897004195,2.2141019367195085,4.252342525375937,1.750455634578198,3.6097861246761154,inf,0.2222222222222222,0.42488094044980124,0.3333333333333333,0.7747676128663866,0.14285714285714285,0.4444444444444444,1.0,1.0,0.75,0.052865612648221344,0.466403162055336,0.09253246753246752,14.0
S3,0,W05_C2,ADFNE,18.93602479638964,6.55415891150497,7.312130170463243,5.36914425725496,n.d.,6.119824555585111,2.163384538277099,0.24285714285714283,5.810720575133143,3.19227707138807,0.035714285714285726,3.73067218570161,2.516905752614398,0.1857142857142857,n.d.,n.d.,0.07142857142857142,0.05,0.3285714285714286,1.5055378860097415,1.4011989662153472,1.4451864309946556,2.0041435893247637,6.360334034774416,3.8779509056724253,n.d.,0.3,0.3690450027076242,1.5,0.6097429878745195,0.15357142857142858,0.5833333333333334,0.4,1.0,n.d.,0.08347826086956522,0.8636024844720497,0.16441687344913153,14.0
S3,0,W05_C2,EVAE,15.263819327431715,6.7677740305268905,6.228135923385629,5.076319628538544,n.d.,5.999193030418022,2.4437255556040087,0.20769230769230765,4.823618513070471,2.1769686458774196,0.035714285714285726,2.8929381604769793,3.573432138239025,0.1,n.d.,n.d.,0.125,0.05,0.26428571428571423,1.1903346740892475,0.8922402201377797,0.9620596170425411,2.410607616349807,6.155039174052369,4.68885500348569,n.d.,0.3,0.3530503990613476,0.5,1.3831377941003362,0.38749999999999996,0.5,0.2,0.5,n.d.,0.08893280632411067,0.40349666436622955,0.10646464646464646,14.0
S3,0,W05_C2,KDE,19.053204925080095,6.122616051177046,8.32923230468161,5.43673300341389,n.d.,5.117188939437561,2.345768329457452,0.3142857142857143,5.4098339878643005,4.978497359905274,0.10714285714285715,3.7316211755790967,2.0199632320729846,0.11428571428571427,n.d.,n.d.,0.14285714285714285,0.05,0.3392857142857143,1.5932609156145943,1.1241840239114036,1.7575347751247068,1.7451283899204688,5.430488164517959,4.088056496262521,n.d.,0.3,0.3523150189507932,1.5,0.7227935682930815,0.15357142857142858,0.6666666666666666,0.2,0.5,n.d.,0.09307359307359307,0.8670861937452327,0.17112443778110947,14.0
S3,0,W06_C1,ADFNE,15.70220908857103,6.869893265961304,8.919264440939841,n.d.,inf,5.495213843174248,3.3628033766573826,0.125,8.068105378104182,5.008666347222487,0.08333333333333331,n.d.,n.d.,0.125,inf,inf,0.04166666666666667,0.041666666666666664,0.20833333333333337,1.6626961018713091,1.5730889975428202,2.032378950504147,2.9851611039622954,1.6566595136025852,n.d.,inf,0.5,0.5554231180688869,0.625,0.8872631159496889,0.41666666666666663,0.6363636363636364,0.5,1.0,0.6666666666666666,0.062185502515979874,0.39138886888904895,0.1074468085106383,12.0
S3,0,W06_C1,EVAE,12.162024407214856,6.284754210434209,5.6194159268131765,n.d.,inf,5.361382503037054,1.2063099242246471,0.09469696969696967,4.285023202738952,3.991914065108319,0.07196969696969696,n.d.,n.d.,0.1563852813852814,inf,inf,0.04807692307692307,0.041666666666666664,0.20238095238095238,1.1534802932023347,1.0292605461201705,1.5141081003529218,2.7664794396476817,1.627317553373943,n.d.,inf,0.4375,0.49555824851722363,0.5,1.9469229209256338,0.2541666666666667,0.5454545454545454,0.625,1.5,0.6666666666666666,0.04961240310077519,0.3038759689922481,0.07711027673480741,13.5
S3,0,W06_C1,KDE,17.062494962291588,6.234096436787089,10.432789935581656,n.d.,7.99975926843882,3.3354966487812465,3.1898913074611794,0.125,7.76884176491747,5.450868790659486,0.08333333333333331,n.d.,n.d.,0.20833333333333334,7.973404500465572,4.758011501319094,0.08333333333333334,0.041666666666666664,0.27083333333333326,1.1965374679064125,0.5309420485619099,1.4553563980464084,2.6827102913187737,1.7733338976351867,n.d.,5.161522998351501,0.5,0.480040486311519,0.25,0.9139084051259923,0.2499999999999999,0.6363636363636364,0.625,2.0,0.3333333333333333,0.043233082706766915,0.3065815473476212,0.07645322202992974,12.0
S3,0,W06_C2,ADFNE,14.818434882884354,6.300395944672379,5.596651607273934,11.305505235749719,n.d.,4.9580571564935685,1.9288274029417174,0.19047619047619052,4.451052696440533,2.2503540294517625,0.08333333333333331,10.889890809794373,5.385414107467602,0.15476190476190477,n.d.,n.d.,0.08333333333333333,0.047619047619047616,0.2976190476190476,1.3110533580566162,0.5830795505720221,3.114056050068629,2.169883489447037,2.1285802288292093,3.006785532813336,n.d.,0.42857142857142855,0.3644061756537089,0.3333333333333333,0.6185416784232902,0.44345238095238093,0.6363636363636364,0.5714285714285714,0.5,n.d.,0.07827380952380952,0.47619047619047616,0.13157894736842107,12.0
S3,0,W06_C2,EVAE,11.088758468096763,5.554559772781586,6.238344064318358,8.379002899858566,n.d.,3.859333729791628,3.2790803723160313,0.15293040293040294,5.210128521347641,2.1259661858044048,0.047619047619047616,7.820034788241974,4.013291107483037,0.0670995670995671,n.d.,n.d.,0.14285714285714285,0.047619047619047616,0.24761904761904763,1.2672989364446527,0.7235871242541891,2.734375803095437,2.1185834240321095,1.4646870433622468,2.656502312968354,n.d.,0.3333333333333333,0.2922857435676147,0.6666666666666666,1.2766628612400588,0.0982142857142857,0.5454545454545454,0.42857142857142855,0.5,n.d.,0.05833333333333334,0.41428571428571426,0.0961472308221534,14.0
S3,0,W06_C2,KDE,14.226969705433895,6.696377638251949,5.801661536187405,9.332238981769521,n.d.,4.597203575996522,2.577340221907715,0.19047619047619052,4.217858913810663,2.8746121615222116,0.08333333333333337,6.6623866495686865,5.935900916557336,0.15476190476190477,n.d.,n.d.,0.08333333333333333,0.047619047619047616,0.3214285714285714,1.0600354077669618,0.520788475354596,1.7722794902029433,1.8671442736068642,1.858988923025393,3.501753336268282,n.d.,0.42857142857142855,0.35789573624817794,0.3333333333333333,0.7311464416419533,0.2767857142857143,0.6363636363636364,0.42857142857142855,0.5,n.d.,0.042857142857142844,0.3157894736842105,0.09327231121281467,12.0
S3,1,W00_C3,ADFNE,18.277949360846634,11.495322307971058,7.643621235425137,9.110832180229895,n.d.,9.552699409806229,9.027675436440521,0.18181818181818182,5.0393074359362195,4.04554238164198,0.09090909090909091,9.141238891006434,3.3665714784671246,0.18181818181818182,n.d.,n.d.,0.09090909090909091,0.18181818181818182,0.36363636363636365,1.8395619607343474,1.4903786358394657,3.18239539052787,4.359849231210291,1.956686231590488,2.6660762320956364,n.d.,0.0,0.21156285947186476,2.0,1.0403055972926192,0.18181818181818188,1.0,0.3333333333333333,0.5,n.d.,0.1111111111111111,0.9555555555555556,0.1898809523809524,11.0
S3,1,W00_C3,EVAE,24.42247904926124,14.188656245959809,7.387378710446798,inf,n.d.,12.955815992389965,8.984975010580985,0.2181818181818182,4.46366386040936,4.568648898570181,0.06060606060606061,inf,inf,0.25252525252525254,n.d.,n.d.,0.1111111111111111,0.18181818181818182,0.4151515151515151,1.7568052273883206,0.6508756969753743,2.4632931501318067,3.9636256317852747,1.6532717093191975,inf,n.d.,0.18181818181818182,0.1993991134555226,1.0,1.1226606700081745,0.25635198135198145,1.5,0.3333333333333333,0.75,n.d.,0.09545454545454546,0.7333333333333334,0.14692982456140352,10.0
S3,1,W00_C3,KDE,16.27696721112403,13.860947558153356,4.9956978594526955,9.594703015099427,n.d.,12.531900711379123,8.379961984921044,0.18181818181818182,2.2329949098808966,3.6531036917454633,0.09090909090909088,9.612984723942262,3.024648182722549,0.13636363636363638,n.d.,n.d.,0.09090909090909091,0.18181818181818182,0.27272727272727276,2.2619539517414697,0.8371711909809467,3.947517594250625,4.764730912337148,2.0321076816080614,2.36392224976757,n.d.,0.0,0.20554313698699073,1.0,1.1108324236340863,0.18181818181818188,1.0,0.3333333333333333,0.375,n.d.,0.058823529411764705,0.38245614035087716,0.10263157894736843,11.0
S3,1,W00_C4,ADFNE,24.28433368862739,10.0372973339896,6.920761987532046,14.871089811902944,n.d.,9.986109907933669,3.6729270574032555,0.09696969696969698,5.800137018905576,1.4888368135424197,0.23030303030303031,14.883874657633768,4.497536141766636,0.28484848484848485,n.d.,n.d.,0.09090909090909091,0.13333333333333333,0.41515151515151516,1.3179974524189222,1.2797610676263937,1.7894300651612678,4.198400039879924,2.9757110852181223,2.906676064964308,n.d.,0.26666666666666666,0.2812113824276175,1.0,0.8448669584323276,0.44242424242424244,0.0,1.0,0.7142857142857143,n.d.,0.05882352941176471,0.6866515837104072,0.13289473684210523,11.0
S3,1,W00_C4,EVAE,27.62235434689112,12.951547252078345,10.71474054856671,15.944243187962073,n.d.,12.595872636257845,4.993783681124461,0.13333333333333336,10.747689146153672,4.503386199219512,0.13333333333333333,15.955166384044329,4.834154799624542,0.26666666666666666,n.d.,n.d.,0.1111111111111111,0.13333333333333333,0.4,1.185874176968416,0.8862137661551522,0.9654869673473793,4.301223126417083,2.9234253450096856,2.7568328204877375,n.d.,0.26666666666666666,0.28048038071788184,0.5,1.6098637334010522,0.1717948717948718,0.375,0.5,0.7142857142857143,n.d.,0.05208333333333333,0.2833333333333333,0.10064935064935063,11.0
S3,1,W00_C4,KDE,23.13148312175356,12.875556132601012,6.3934994351946495,11.289401478919888,n.d.,12.836133672688453,3.224578956725458,0.04545454545454544,4.71768592696908,2.8855156027533138,0.13939393939393938,11.351043595250976,3.2533605945673107,0.19393939393939397,n.d.,n.d.,0.09090909090909091,0.13333333333333333,0.32727272727272727,1.4769454738150234,1.257557443507966,2.267663368470217,3.9898690382081945,2.4494282323742773,1.7124863985501708,n.d.,0.26666666666666666,0.31877572047368585,0.5,0.7325935004759583,0.18181818181818188,0.25,0.5,0.5714285714285714,n.d.,0.05982905982905984,0.48734817813765174,0.1257936507936508,11.0
S3,1,W01_C3,ADFNE,12.171375752175868,9.696938973603121,6.915011443418345,7.098357468325501,n.d.,8.531434115494172,5.991226956150378,0.01785714285714285,6.407481487141042,1.9225138455029493,0.07142857142857144,3.1142593259742792,5.960848197411337,0.10714285714285715,n.d.,n.d.,0.07142857142857142,0.125,0.1785714285714286,3.745052356212434,1.7016783679006386,7.237532924191397,3.128533239219035,11.91932407712356,2.1862976976870843,n.d.,0.75,0.12344831464441797,1.25,2.7925560605430575,0.3392857142857143,0.6666666666666666,1.0,0.5,n.d.,0.09761904761904762,0.41428571428571426,0.12258064516129036,14.0
S3,1,W01_C3,EVAE,14.176468223987172,12.693493468227976,5.336408014334438,5.811471129943378,n.d.,11.723444910255196,5.127871315612505,0.08653846153846156,4.451095836116117,2.0524655784850205,0.08333333333333333,2.061886174684413,4.987680476610665,0.09615384615384615,n.d.,n.d.,0.09090909090909091,0.125,0.27884615384615385,2.9946913725699154,1.3361519259844201,7.183747700276436,2.8167832084412288,12.095683302959465,1.7319606554015738,n.d.,0.625,0.11807476936871208,0.5,1.536857056617891,0.15196488294314384,0.6666666666666666,0.75,0.5,n.d.,0.05718954248366013,0.48470588235294115,0.13541666666666669,13.0
S3,1,W01_C3,KDE,11.612410366791822,10.981027970353884,5.68349481034455,6.211473104650967,n.d.,10.507065882310162,3.2897602078443726,0.0892857142857143,5.432805673097864,1.8405409794518093,0.07142857142857144,3.8811192270055903,4.934378419710091,0.10714285714285715,n.d.,n.d.,0.10714285714285714,0.08928571428571429,0.19642857142857145,3.7225644809885683,1.2980311059091654,7.74133441212031,3.2361216393558294,11.021932633018565,2.4976807873191174,n.d.,0.75,0.13449233863008553,1.5,2.945762897750911,0.3392857142857143,0.3333333333333333,1.0,0.5,n.d.,0.13339920948616601,0.51,0.12962962962962962,14.0
S3,1,W01_C4,ADFNE,20.316809373983027,n.d.,7.604050040725577,n.d.,n.d.,n.d.,n.d.,0.23214285714285715,7.287574598115844,2.912783282974502,0.3035714285714286,n.d.,n.d.,0.08928571428571427,n.d.,n.d.,0.053571428571428575,0.07142857142857142,0.3303571428571429,2.2750997633323964,2.7365100075689464,1.5614679105849643,n.d.,2.0220576370776753,n.d.,n.d.,0.75,0.256102020003238,n.d.,3.119241291144587,0.21428571428571425,4.0,0.2,2.0,0.5,0.11521739130434783,1.6,0.30536130536130535,14.0
S3,1,W01_C4,EVAE,22.746118475145835,n.d.,8.168396356982718,n.d.,n.d.,n.d.,n.d.,0.2548076923076923,8.103050541153687,3.756791365623724,0.3942307692307692,n.d.,n.d.,0.125,n.d.,n.d.,0.050824175824175824,0.0,0.4423076923076924,2.263034356853138,2.4143716495758394,1.843306427211635,n.d.,2.0411798375579777,n.d.,n.d.,0.625,0.2937005980010369,n.d.,1.6017835775458082,0.35714285714285715,4.0,0.4,2.0,1.0,0.10818713450292397,0.9251336898395721,0.20526315789473681,13.0
S3,1,W01_C4,KDE,19.801075230178082,n.d.,6.738128053508229,n.d.,n.d.,n.d.,n.d.,0.23214285714285715,6.634552528090767,2.3960356488605226,0.26785714285714285,n.d.,n.d.,0.08928571428571427,n.d.,n.d.,0.053571428571428575,0.0,0.3214285714285714,2.0283348133205017,1.9291625905834586,2.3409664854060774,n.d.,1.7458445093202088,n.d.,n.d.,0.75,0.2867954589140801,n.d.,3.1299733357486925,0.2321428571428571,4.0,0.2,2.0,1.0,0.1201923076923077,1.36231884057971,0.2899159663865546,14.0
S3,1,W02_C3,ADFNE,13.89026817830892,22.531567901250728,5.356058740297555,8.372881753555646,inf,22.57988593344121,8.010357951551326,0.1904761904761905,2.8521733946486947,1.7362030129598498,0.17857142857142855,7.107981078427498,2.278645964237799,0.10714285714285715,inf,inf,0.17857142857142858,0.05952380952380952,0.35714285714285715,2.2199323933562054,0.7755429674604009,1.4926323853504053,2.370994540391713,5.205549560479598,6.319869629715313,inf,0.16666666666666666,0.17664020486845572,n.d.,1.2643174866378981,0.4226190476190476,1.5,0.8333333333333333,0.3333333333333333,0.6666666666666666,0.05555555555555555,0.9047619047619048,0.18313131313131312,14.0
S3,1,W02_C3,EVAE,14.255354572941718,22.727712463752365,6.5067748139269685,6.533335874412935,inf,22.577603676089318,10.355717831801943,0.15625,3.0134943962977583,2.164735391723804,0.06534090909090909,5.149752173129697,1.9975868344654226,0.08333333333333333,inf,inf,0.16666666666666669,0.07692307692307693,0.27083333333333337,1.5606118527620765,0.5835248529911043,1.2580364513748106,4.38835839561606,6.02549713489786,5.775284094237694,inf,0.08333333333333333,0.1494653248029949,n.d.,0.5462485026984857,0.08541666666666667,1.0,0.3333333333333333,0.3333333333333333,0.6666666666666666,0.05555555555555555,0.6483660130718955,0.1402173913043478,13.0
S3,1,W02_C3,KDE,13.133383497779114,21.355222082609707,6.415024747656941,6.919641448229611,inf,21.35174982692103,9.71964555820248,0.1904761904761905,3.9000063577882145,1.9699881182843746,0.10714285714285715,5.118829435617933,3.5797631507501944,0.035714285714285726,inf,inf,0.17857142857142858,0.03571428571428571,0.29761904761904756,1.8520648939562179,0.7692489933906482,1.5058955109609706,2.479190060940943,4.755511812709349,6.866416120253524,inf,0.16666666666666666,0.08357101304720531,n.d.,1.310415079088223,0.4226190476190476,1.5,0.6666666666666666,0.3333333333333333,0.6666666666666666,0.06521739130434782,1.0018580453363062,0.20740740740740743,14.0
S3,1,W02_C4,ADFNE,16.877786769244324,11.638978328958377,n.d.,13.32604300379181,inf,5.418731066194571,8.144814928416318,0.08441558441558444,n.d.,n.d.,0.1948051948051948,13.365397194306107,3.956434013808349,0.16883116883116883,inf,inf,0.1103896103896104,0.0,0.34415584415584416,2.8192790325124477,1.9514289884864329,2.0302722365269155,2.513000117485441,n.d.,4.086164354584977,inf,0.2727272727272727,0.1585110471873062,2.0,1.690355036799471,0.48782467532467527,0.6666666666666666,3.0,0.2,0.5,0.10263157894736842,0.6923076923076923,0.14837819185645273,14.0
S3,1,W02_C4,EVAE,16.45818926019713,11.01082286158222,n.d.,12.137852439801797,inf,5.541070490184689,8.292247510815315,0.08806818181818182,n.d.,n.d.,0.11538461538461539,11.84296946111237,2.751140905877451,0.20454545454545453,inf,inf,0.11002331002331003,0.0,0.31888111888111886,2.7475041318388023,1.5243102776190596,2.108959574279006,3.424824950137106,n.d.,3.524960242974016,inf,0.18181818181818182,0.12937774033689445,1.0,0.9061903103385652,0.10416666666666669,0.5,1.5,0.4,0.5,0.11239495798319327,0.534412955465587,0.13773069036226931,13.0
S3,1,W02_C4,KDE,15.774680523950806,11.511265926736115,n.d.,10.527182871000456,inf,4.9655156509152825,8.937689588191187,0.05844155844155843,n.d.,n.d.,0.1948051948051948,9.877710039352884,4.090136180856044,0.20454545454545453,inf,inf,0.1103896103896104,0.0,0.31493506493506496,2.650254016260498,1.711944703261832,2.486076347450202,2.058435887740611,n.d.,4.428700480152399,inf,0.2727272727272727,0.138416234920681,4.0,1.7526860057312166,0.48782467532467527,0.3333333333333333,3.0,0.30000000000000004,0.5,0.1201923076923077,0.7849002849002849,0.1646825396825397,14.0
S3,1,W03_C3,ADFNE,10.27084717338003,6.349626981134701,5.0887334024671524,7.116520935812694,inf,5.205520836765086,3.3759373608394245,0.047619047619047616,3.383111243037606,2.3343405758041333,0.123015873015873,4.295742069484632,3.71018894957649,0.1746031746031746,inf,inf,0.10714285714285714,0.07142857142857142,0.23809523809523808,1.5518295402531843,1.1217331671886313,1.1301250040950872,2.502295431579523,2.1629201366581645,3.0902568485079627,inf,0.2222222222222222,0.3306885091327414,1.25,0.6189643528560589,0.1865079365079365,0.3333333333333333,0.4375,1.0,0.75,0.05244755244755245,0.606060606060606,0.13492063492063494,14.0
S3,1,W03_C3,EVAE,11.571006499555143,6.407442775296571,6.313756605187093,9.113884254315082,inf,5.146254492347099,3.462664368609763,0.10030165912518851,4.798605421312894,3.280136618341659,0.1367521367521367,9.137060021297653,3.479277453176223,0.12418300653594772,inf,inf,0.03418803418803418,0.0,0.2136752136752137,1.2905523489085695,0.6014687143406922,2.7910193730014417,2.5029258498085496,2.8102920609416504,2.676035178391179,inf,0.2777777777777778,0.34002373984377443,0.5,1.3045140321126512,0.15758547008547008,0.16666666666666666,0.5,0.5,0.5,0.0691699604743083,0.2727272727272727,0.08333333333333331,13.0
S3,1,W03_C3,KDE,10.738467049567884,6.327694537441671,5.9856121036707925,7.3284799086515555,inf,5.9513875144149875,2.253346875697149,0.023809523809523836,4.461092664534537,3.7433893433611227,0.19444444444444442,4.067790584875457,4.347292027454682,0.1746031746031746,inf,inf,0.03968253968253968,0.0,0.23015873015873015,1.4791264653966012,0.8597009994273173,2.5354177697893983,2.7677698732526252,2.4506760025148564,2.375570981274427,inf,0.2222222222222222,0.34447965764012334,1.0,0.6098178157166837,0.3293650793650793,0.16666666666666666,0.5625,1.0,0.5,0.05090909090909091,0.606060606060606,0.11333333333333337,14.0
S3,1,W03_C4,ADFNE,9.961599130341806,9.054997858943665,4.5869505984537335,9.936229957515195,n.d.,6.599533624409682,5.923188436423281,0.04464285714285715,2.7299021070643557,1.780441625641413,0.14285714285714285,9.8548831734233,3.5401342505866182,0.08928571428571427,n.d.,n.d.,0.0625,0.07142857142857142,0.1875,1.537452444000636,1.2308111456109656,1.7207880398630804,3.6979289462237324,1.7414325453788952,2.8188483137735894,n.d.,0.125,0.20411648849295638,n.d.,0.6310673200286032,0.2321428571428571,0.2,0.375,0.5,1.0,0.051190476190476196,1.0035087719298244,0.20128824476650567,14.0
S3,1,W03_C4,EVAE,15.211431725711911,11.671466222545547,7.6579448514611705,9.601651664768223,n.d.,9.550488893225056,4.240354416460537,0.10416666666666669,7.491792820812175,4.451767469282563,0.2692307692307692,8.960594689742235,2.6586780999975397,0.125,n.d.,n.d.,0.0625,0.0,0.3221153846153847,1.54688139634001,0.76385342628873,1.4386048596701855,3.5931612156100834,2.4775220402205895,1.8812337767839238,n.d.,0.1875,0.2550477859237067,n.d.,1.4214378503989753,0.2548076923076923,0.2,0.625,0.75,1.0,0.08198529411764706,0.3058823529411765,0.10526315789473686,13.0
S3,1,W03_C4,KDE,10.163301016383292,11.254214983801987,5.8559011189352805,8.666474002182559,n.d.,10.576024715430924,6.124855899262483,0.04464285714285715,3.7514857109576596,2.9436136423303294,0.2142857142857143,8.191276675032968,3.2391235173694013,0.08928571428571427,n.d.,n.d.,0.008928571428571425,0.0,0.21428571428571427,1.5593015037279025,0.6620340785297357,1.8157180280723462,2.9456962034867944,1.8555967900956039,1.3481474266160225,n.d.,0.125,0.19828719114302978,n.d.,0.6980216088700893,0.375,0.0,0.5,0.5,0.0,0.05894736842105262,1.2025641025641025,0.22380952380952385,14.0
S3,1,W04_C3,ADFNE,16.908096624678628,7.069906728823841,7.650864638722417,7.767958571976672,inf,5.20952275711379,2.735523157670905,0.18796992481203006,5.657847455279777,5.364882011801597,0.1992481203007519,6.9885032220141365,4.934425333598997,0.08646616541353383,inf,inf,0.13909774436090225,0.0,0.3270676691729323,1.5211116711696484,1.7650923353775627,3.620091301460625,3.0556873524081807,2.9254213342073756,2.4065584437531484,inf,0.2631578947368421,0.3937315719500369,3.0,0.9844174938607075,0.2142857142857143,0.5555555555555556,0.6666666666666666,0.3333333333333333,0.75,0.05523809523809523,0.49011857707509887,0.1360708534621578,14.0
S3,1,W04_C3,EVAE,10.661633607414613,6.768472327830184,8.696456186182008,8.929685718272438,inf,4.727007262917648,3.64485579480282,0.08906882591093113,5.536542998194809,7.531198753268043,0.09375,8.385819296593066,6.601172911868778,0.08097165991902833,inf,inf,0.13360323886639675,0.0,0.22191295546558704,1.232466123908139,0.7729546574844998,3.4593255609635607,2.1781404301297593,3.216728982043944,2.4855700768730995,inf,0.3157894736842105,0.31462807998731235,1.0,0.8676783118723082,0.31325910931174084,0.3333333333333333,0.3333333333333333,0.3333333333333333,0.75,0.07754010695187165,0.3333333333333333,0.08810068649885583,13.0
S3,1,W04_C3,KDE,15.009939601494953,6.439296235698793,6.2671471232952065,7.118879802994979,inf,3.684100436609909,2.5452437171942357,0.18796992481203006,1.5219836350210827,5.1445927264422995,0.12781954887218044,4.966788417794628,4.784329649068385,0.10714285714285714,inf,inf,0.13909774436090225,0.0,0.2631578947368421,1.5343296151108476,1.3455595557084603,3.591653279457735,2.7364270854530064,2.7472399360493176,1.7979119738982547,inf,0.2631578947368421,0.32832871092135885,3.0,0.9799305280014783,0.3275375939849624,0.5555555555555556,0.3333333333333333,0.3333333333333333,0.75,0.05932659932659932,0.5490909090909091,0.12582345191040845,14.0
S3,1,W04_C4,ADFNE,17.19252249207094,6.010704245844655,6.579727846394277,n.d.,n.d.,3.5372628896423866,2.9872055128611334,0.24285714285714283,3.512220636228843,4.882086686915309,0.12857142857142856,n.d.,n.d.,0.042857142857142844,n.d.,n.d.,0.07142857142857142,0.0,0.2714285714285714,2.5729237206758517,1.7301319169672364,4.977442692013929,3.6639005743259165,2.519464117515012,n.d.,n.d.,0.4,0.11480116085538915,2.0,2.3270887166399943,0.4642857142857143,0.16666666666666666,1.0,1.0,n.d.,0.08893280632411067,0.7832167832167831,0.1606227106227106,14.0
S3,1,W04_C4,EVAE,14.756409000830851,7.546873967904103,7.3812356480235675,n.d.,n.d.,3.7909635174437133,5.730801134630727,0.22019230769230766,4.5753400179716195,5.855053854894441,0.07692307692307693,n.d.,n.d.,0.09375,n.d.,n.d.,0.08012820512820512,0.0,0.2846153846153846,1.6716903786185555,0.7971856623479612,4.674734277633503,2.3004419310712856,3.3988624014163267,n.d.,n.d.,0.3,0.0881771068993539,1.5,1.2053441673857743,0.12019230769230771,0.16666666666666666,0.3333333333333333,2.0,n.d.,0.1111111111111111,0.5732600732600732,0.13701298701298703,13.0
S3,1,W04_C4,KDE,18.401125030307483,5.466213012753487,7.236773402133524,n.d.,n.d.,3.290570553450217,3.8000255929988205,0.2785714285714286,4.920427370463314,5.490655820337285,0.05714285714285716,n.d.,n.d.,0.14999999999999997,n.d.,n.d.,0.14285714285714285,0.0,0.3285714285714285,2.26311605978069,1.552540002419287,5.172956932890222,3.0799698906398465,3.210056777619714,n.d.,n.d.,0.4,0.07508072566350193,3.0,2.4280719218132507,0.5357142857142857,0.25,0.6666666666666666,2.5,n.d.,0.125,0.912004662004662,0.19150246305418722,14.0
S3,1,W05_C3,ADFNE,13.426748734544544,8.721712911477137,4.578750975906185,5.592290943898778,n.d.,8.330380038733283,4.5155313845446665,0.05462184873949577,2.464309750778834,2.118088619207362,0.07142857142857144,3.2987893812171367,2.1799714223495728,0.07142857142857142,n.d.,n.d.,0.07142857142857142,0.11764705882352941,0.180672268907563,1.99513643611543,1.5370767922581914,2.3142982503313556,2.846875071448462,2.8323236109845054,2.4609580309175247,n.d.,0.17647058823529413,0.3942206310140378,0.8333333333333333,0.8384310228551036,0.3387605042016806,0.2857142857142857,0.2,0.3333333333333333,n.d.,0.07142857142857142,0.4886128364389234,0.11474654377880186,14.0
S3,1,W05_C3,EVAE,14.770856124606404,8.076830989075571,6.322100480250711,7.039746916568177,n.d.,6.946512621590966,4.204744104248279,0.06900452488687786,5.457396686706685,2.902509193774269,0.10661764705882354,5.973806660627373,5.476820278253843,0.07918552036199096,n.d.,n.d.,0.12040133779264214,0.058823529411764705,0.24509803921568626,1.2334999995879958,0.9360145001601705,2.7731681973130895,1.9064939635745297,2.5880117773809923,1.8177930201321637,n.d.,0.23529411764705882,0.32882517109752396,0.6666666666666666,1.0630505629618052,0.25052521008403367,0.2857142857142857,0.5,0.3333333333333333,n.d.,0.1111111111111111,0.7809523809523808,0.15231507622811968,13.0
S3,1,W05_C3,KDE,13.832544802948242,9.571166852728101,5.218809801990952,5.430862612344407,n.d.,8.26045900912551,3.8793786502801044,0.12605042016806722,4.237666318372116,2.852466579115276,0.07983193277310927,3.1947184240487054,2.1285128787074417,0.10924369747899157,n.d.,n.d.,0.14285714285714285,0.0819327731092437,0.22899159663865548,1.6377695891735615,0.9002205977506422,2.8835124468808138,2.951619278669284,2.306062735985557,1.9895627755301213,n.d.,0.17647058823529413,0.3474660202143701,0.3333333333333333,0.6556914357799632,0.19590336134453779,0.42857142857142855,0.2,0.3333333333333333,n.d.,0.06363636363636363,0.3771428571428571,0.07836990595611287,14.0
S3,1,W05_C4,ADFNE,18.022651837287135,6.322272378863014,7.299095530501519,n.d.,n.d.,3.9814370580683685,2.6151740143352544,0.3025210084033614,7.248202213306898,2.1083084666267147,0.07983193277310927,n.d.,n.d.,0.08403361344537814,n.d.,n.d.,0.08403361344537814,0.0,0.3067226890756303,2.228283899499232,1.2178209566651934,2.0044819678541845,3.498750859029356,2.615780745889596,n.d.,n.d.,0.17647058823529413,0.33044218629501165,1.25,0.7650886574277619,0.18224789915966388,0.6,0.2,1.0,1.0,0.06324110671936758,0.3333333333333333,0.09927572427572427,14.0
S3,1,W05_C4,EVAE,13.776812976843072,6.020384128275738,8.806654598310962,n.d.,n.d.,4.234561795294363,1.8124272033053348,0.17401960784313728,8.337923266379612,2.871899664047509,0.10652337858220212,n.d.,n.d.,0.1349264705882353,n.d.,n.d.,0.058823529411764705,0.0,0.251131221719457,1.4399331424733983,0.5396981411099322,3.210404231988035,3.081471810762601,2.158305286957166,n.d.,n.d.,0.23529411764705882,0.3091120415978725,0.5,1.3223395342160993,0.4828431372549019,0.5,0.4,2.0,1.0,0.08333333333333333,0.5233265720081135,0.09387351778656128,13.0
S3,1,W05_C4,KDE,18.439837600879404,7.066321799626018,7.055831559958832,n.d.,n.d.,4.3579969847995965,1.8652780014597,0.3025210084033614,7.112332929609952,1.8768045731352734,0.06302521008403361,n.d.,n.d.,0.19117647058823528,n.d.,n.d.,0.058823529411764705,0.07142857142857142,0.3697478991596639,1.8631457521628063,0.6124018775398216,2.372682812108693,3.4012239479863804,2.2409305861582434,n.d.,n.d.,0.17647058823529413,0.2510875587740291,2.0,0.8116771817826212,0.2142857142857143,0.6,0.2,2.5,1.0,0.04090909090909092,0.6195652173913043,0.13636363636363635,14.0
S3,1,W06_C3,ADFNE,14.4195188969986,5.789918671564187,5.6812722416179575,n.d.,n.d.,3.0206167750551556,2.6898717470650038,0.19433198380566802,3.144352640945484,3.2042330757184745,0.08502024291497973,n.d.,n.d.,0.10121457489878544,n.d.,n.d.,0.07692307692307693,0.05263157894736842,0.3238866396761134,2.6413614064472735,2.208112552937244,4.790178481131104,3.4365821281589266,3.170647899932667,n.d.,n.d.,0.3157894736842105,0.5383204563520608,0.5714285714285714,0.6914814755298722,0.2160931174089069,0.5454545454545454,0.3333333333333333,1.0,n.d.,0.143685431161712,0.9253828608667318,0.19949874686716793,13.0
S3,1,W06_C3,EVAE,10.040347490284933,5.688067371332062,6.8112624969764965,n.d.,n.d.,3.9084898227507736,1.5740331872075988,0.07894736842105265,5.2647517852320105,3.839786613350043,0.08676849466323149,n.d.,n.d.,0.07653508771929825,n.d.,n.d.,0.08712121212121213,0.05263157894736842,0.21750398724082937,2.586119095163375,1.7365223907103648,5.689418640257229,2.6567242580194197,4.345574486064134,n.d.,n.d.,0.3157894736842105,0.5048046593280617,0.7142857142857143,1.2342292906941292,0.4484649122807018,0.36363636363636365,0.41666666666666663,1.0,n.d.,0.16044546850998465,1.0562568178276455,0.19473684210526318,13.0
S3,1,W06_C3,KDE,15.831188046353397,6.358898277962706,5.931211152740277,n.d.,n.d.,4.615704178407849,3.3640466493662036,0.27125506072874495,4.1296509120580165,2.6264106363682505,0.08502024291497973,n.d.,n.d.,0.17813765182186236,n.d.,n.d.,0.07692307692307693,0.05263157894736842,0.3319838056680162,2.6410894863460292,2.0084762153883013,6.031541866974119,2.801024228002552,3.396562838967643,n.d.,n.d.,0.3157894736842105,0.5365773922485075,0.42857142857142855,0.6512761344851874,0.2160931174089069,0.6363636363636364,0.3333333333333333,2.0,n.d.,0.12466530664286625,0.6577540106951872,0.12793842313293113,13.0
S3,1,W06_C4,ADFNE,10.914663149323083,5.895486325775604,7.700894423301104,7.278067180317864,n.d.,3.646193183898857,1.5691729301688362,0.038461538461538464,2.9677479650529373,5.010824101229396,0.06882591093117413,4.664115280294526,4.250491530756804,0.12550607287449395,n.d.,n.d.,0.05263157894736842,0.10526315789473684,0.22672064777327933,1.4503299314293407,1.1255294384930452,1.7728692945391966,1.8850955666461515,2.393437605045116,2.1226168726208847,n.d.,0.3157894736842105,0.3802394485014158,0.42857142857142855,0.8216788218247426,0.2727732793522266,0.375,0.3333333333333333,0.5,1.0,0.08658008658008659,0.5995670995670995,0.11666666666666665,13.0
S3,1,W06_C4,EVAE,10.344644358445791,5.94917583990329,8.809805451637075,8.453014297553494,n.d.,4.201583217422572,2.1700900610897103,0.07894736842105265,4.708612839636114,7.22625490452211,0.1313131313131313,5.757181759723954,8.427305078626748,0.04567307692307693,n.d.,n.d.,0.05263157894736842,0.10526315789473684,0.18070175438596492,1.2019318822615883,1.1283754280117093,0.6763479736875366,1.956273848895437,2.699576477810155,2.399066386035471,n.d.,0.3421052631578947,0.41989660675784085,0.7142857142857143,1.5516089507976765,0.6589912280701753,0.3125,0.5833333333333333,0.5,1.0,0.10555555555555557,0.712403538490495,0.13240740740740736,12.5
S3,1,W06_C4,KDE,11.231396017346713,6.233527518942555,7.448874489674886,8.040301627635024,n.d.,4.234186887696175,1.8477648890412794,0.11336032388663964,2.9915475703622643,5.159865400913615,0.07692307692307693,5.760258031410547,7.333545497816134,0.12550607287449395,n.d.,n.d.,0.05263157894736842,0.07692307692307693,0.22672064777327933,1.4666388550284668,1.6392654677119542,1.1456107041383063,2.5265069767465107,1.9802455805345716,1.8138175037073596,n.d.,0.3157894736842105,0.4495216999077657,0.5714285714285714,0.6150505681927271,0.2727732793522266,0.5,0.3333333333333333,0.5,1.0,0.08636363636363636,0.5995670995670995,0.11333333333333331,13.0
S3,2,W00_C5,ADFNE,15.323954063933126,14.796609264926179,n.d.,inf,inf,15.089222050225278,2.2304861269848213,0.09090909090909088,n.d.,n.d.,0.2727272727272727,inf,inf,0.09090909090909091,inf,inf,0.13636363636363635,0.0,0.2727272727272727,1.385972583862278,0.8799914806607265,2.4965952572910535,1.6235273681865467,n.d.,inf,inf,0.0,0.19764565272571488,2.0,0.9990564589595043,0.36363636363636376,0.2,3.0,0.5,0.5,0.058823529411764705,0.8338493292053664,0.17233201581027668,11.0
S3,2,W00_C5,EVAE,17.34028219748479,13.726614823490236,n.d.,6.2777645540612514,8.288355393020503,14.01720819701653,6.031313193680255,0.20454545454545453,n.d.,n.d.,0.2694805194805195,4.836650686137935,3.7337074706887,0.09090909090909088,6.216307262804715,7.691312858243731,0.11247086247086245,0.0,0.36363636363636365,1.589592826821627,0.4337923849612907,4.3126795187887765,4.172921047775561,n.d.,3.5056220039198767,4.1976703024622,0.13636363636363635,0.25828770234743337,1.5,0.8457957844604789,0.08508158508158503,0.4,3.0,0.5,0.3333333333333333,0.05263157894736842,0.42105263157894735,0.11228070175438598,11.0
S3,2,W00_C5,KDE,17.246086865913355,12.907644329864436,n.d.,9.636771852278148,inf,12.863490543163294,3.194305632094426,0.09090909090909088,n.d.,n.d.,0.22727272727272724,9.152008005725333,5.66780203446974,0.09090909090909091,inf,inf,0.1818181818181818,0.0,0.2727272727272727,1.478654556396561,0.7475876623657196,3.065363115652368,2.4667937234068686,n.d.,4.281332105829877,inf,0.0,0.21126342435323475,3.0,0.8750055797848525,0.45454545454545464,0.2,2.5,0.5,0.6666666666666666,0.05263157894736842,0.9991154356479435,0.2,11.0
S3,2,W00_C6,ADFNE,12.846916414333357,8.142839835723013,6.4880082121149965,inf,n.d.,7.990585195250674,4.244145811350801,0.196969696969697,4.840412421588959,4.033393227669664,0.11363636363636365,inf,inf,0.13636363636363635,n.d.,n.d.,0.09090909090909091,0.25,0.4015151515151515,1.4071028349939194,2.0277980707576013,1.693562412269927,3.2336628891642714,1.8348698435142272,inf,n.d.,0.08333333333333333,0.22673805404543176,2.0,0.8866948480136093,0.14393939393939414,1.0,0.3333333333333333,0.5,1.0,0.1551659125188537,0.5610859728506787,0.17355889724310777,11.0
S3,2,W00_C6,EVAE,15.949395781330267,18.732144105689628,8.70286128032432,5.638010069274072,n.d.,17.686632447098532,9.576997545297612,0.16666666666666666,4.62205397498454,6.138904109366131,0.14685314685314688,5.645778961856873,3.952456458701114,0.11607142857142858,n.d.,n.d.,0.08333333333333333,0.25,0.3680555555555555,1.8995101276912618,2.1813736188667336,2.7936685801140615,7.382075736200404,1.825306377618976,6.1325295052529025,n.d.,0.16666666666666666,0.32976371688454964,2.0,0.7924882206236497,0.16666666666666669,1.0,0.3333333333333333,0.3333333333333333,1.0,0.1519607843137255,0.5140056022408963,0.162617220801364,11.0
S3,2,W00_C6,KDE,12.112726752382564,9.390012279840516,7.951958538510734,6.94215059834692,n.d.,7.815571652154802,5.43881477374222,0.196969696969697,4.49784269246112,5.322002086496199,0.11363636363636365,6.144261893676406,4.855332365169729,0.13636363636363635,n.d.,n.d.,0.08333333333333333,0.25,0.4015151515151515,1.9019488620605878,2.364996652991176,1.6584338671314391,4.0602064590704074,1.8398135528933517,4.341772610001656,n.d.,0.08333333333333333,0.2749313467768697,2.0,0.7297922414740768,0.14393939393939414,1.0,0.3333333333333333,0.5,1.0,0.11397058823529412,0.5892857142857143,0.1825396825396825,11.0
S3,2,W02_C5,ADFNE,13.871070954370357,10.815772361011351,8.344605370996492,8.689932844810667,n.d.,9.90944481772932,4.93083901838308,0.04464285714285715,6.478525525819597,2.2473681088030633,0.10714285714285714,8.680511576196814,5.346502966101124,0.0982142857142857,n.d.,n.d.,0.0625,0.08928571428571429,0.22767857142857145,1.2353340161745008,0.8025391408788818,2.4589718534716134,1.7756339643906847,2.3096919600547903,4.180024473527496,n.d.,0.125,0.1337464764392946,1.25,0.6194970817739687,0.2857142857142857,0.0,0.2,0.3333333333333333,1.0,0.06814136791253496,0.6437833714721587,0.11809523809523809,14.0
S3,2,W02_C5,EVAE,17.841968679444317,15.998319442417511,6.925035325545869,inf,n.d.,15.224243885508054,5.547407764689694,0.09821428571428573,4.7418657968486695,2.738073161141525,0.07070707070707072,inf,inf,0.11607142857142858,n.d.,n.d.,0.0625,0.053571428571428575,0.24759615384615385,1.4312165604173335,0.756495794942772,2.5341320271069643,4.778117253112091,2.196300009283749,inf,n.d.,0.15625,0.09930870100746389,0.5,1.5782526807060209,0.175,0.4,0.30000000000000004,0.6666666666666666,1.0,0.05263157894736842,0.3333333333333333,0.06954887218045111,13.5
S3,2,W02_C5,KDE,12.99916744832227,10.321681819288647,10.359142796138489,4.112319485243642,n.d.,9.82519703591064,2.8764570506752607,0.04464285714285715,8.479218236224908,3.5356121455122276,0.09821428571428573,3.460520988576798,3.057024415393342,0.11607142857142858,n.d.,n.d.,0.0625,0.125,0.20982142857142858,1.158345725895473,0.6955269315259027,1.5196799879669127,2.122872275012608,2.2427704971962132,3.7094946239048308,n.d.,0.125,0.07322699766597761,1.5,0.6230741154971842,0.2857142857142857,0.0,0.2,0.6666666666666666,1.0,0.045454545454545456,0.7597254004576659,0.13839285714285712,14.0
S3,2,W02_C6,ADFNE,11.26830875393651,6.837517171611709,12.402179734929952,7.426656081653103,n.d.,5.464134731615235,1.1609401091753626,0.0714285714285714,12.330854563973853,4.780108284273559,0.14285714285714288,7.441916537807254,4.166859374181067,0.14285714285714285,n.d.,n.d.,0.07142857142857142,0.0,0.21428571428571427,1.6030805786764082,1.439142014530486,2.5009283605430066,2.322952940389295,2.056216341689788,3.3506157662115514,n.d.,0.0,0.08317549225951547,n.d.,1.40052260729941,0.5714285714285714,0.16666666666666666,0.6666666666666666,0.5,1.0,0.16228070175438597,1.5445134575569357,0.31625000000000003,14.0
S3,2,W02_C6,EVAE,17.14977122961878,9.867517209933986,11.179317432458967,6.140640647692579,n.d.,5.261260180728479,6.141301017225616,0.2276785714285714,11.079297789621531,3.555220411328117,0.15984015984015987,5.37622069308102,3.355012409010606,0.11428571428571432,n.d.,n.d.,0.07142857142857142,0.06066176470588235,0.3571428571428571,1.5542911453332573,0.982382268572512,2.343678082725378,4.512192946545389,1.4596127068543465,3.6715021655712783,n.d.,0.07142857142857142,0.11919435478618173,n.d.,0.8599029611606808,0.14154411764705882,0.5,0.6666666666666666,0.5,1.0,0.020833333333333332,0.8633540372670807,0.1808278867102397,14.0
S3,2,W02_C6,KDE,11.718302771960841,7.287022632169441,13.016659367130053,6.954176699344589,n.d.,6.130641551456724,2.757284875463512,0.0714285714285714,12.971014776672112,4.2368063642722245,0.14285714285714288,6.96095082237521,3.3678046882537713,0.14285714285714285,n.d.,n.d.,0.07142857142857142,0.07142857142857142,0.25,1.072736395615327,0.8895139850089201,1.2452329530993111,1.9311426134637135,1.6484450811732092,2.642667686357224,n.d.,0.0,0.10723733186939999,n.d.,1.3361285027945775,0.5714285714285714,0.16666666666666666,0.6666666666666666,0.5,1.0,0.1396103896103896,1.55,0.3164627363737486,14.0
S3,2,W03_C5,ADFNE,11.71823713609483,12.44250208553332,8.049331252203531,10.432536062426145,inf,12.246424071478497,2.148946756650962,0.0714285714285714,4.903292497351865,1.9591309581842289,0.07142857142857144,10.46763340710486,3.3022846501392524,0.07142857142857142,inf,inf,0.07142857142857142,0.03571428571428571,0.14285714285714285,1.4770431540715827,1.6084180792361524,1.4710845432198705,2.67971000002945,2.4159958360644618,3.998828371052527,inf,0.0,0.17440209517590277,n.d.,0.6867662044176803,0.1428571428571429,0.16666666666666666,0.25,0.5,0.5,0.16195652173913044,1.6473429951690821,0.32051282051282054,14.0
S3,2,W03_C5,EVAE,11.29805415349011,10.670854042734412,7.0744113625505864,10.97093511090656,6.464886421986597,10.780830734239384,4.767362353050915,0.14935064935064934,5.798839774502631,2.0469301198457286,0.07142857142857145,10.986183920403699,2.517795972143915,0.04805194805194807,3.6463767793820603,5.610754990742489,0.05714285714285716,0.0,0.21363930187459598,0.9991486237696056,0.819366746913347,0.9949892635317348,3.3552928236745325,1.6442775383683328,2.588303677301015,2.509455148239697,0.21428571428571427,0.15652600347088938,n.d.,0.7845364078623429,0.24642857142857139,0.3333333333333333,0.25,0.5,0.5,0.07692307692307693,0.9561904761904761,0.20344827586206896,14.0
S3,2,W03_C5,KDE,10.64363037972776,9.46354749265986,7.305302711519411,9.175678657948332,10.172999388496894,9.59230956808159,1.6210942919238223,0.0714285714285714,5.677711677779486,1.913782449030828,0.07142857142857145,9.18036560117244,2.2124754316750677,0.07142857142857142,9.481527188751063,6.339657573081704,0.07142857142857142,0.0,0.14285714285714285,1.1774935959812223,0.8543272420150932,1.5778567584130072,2.60237171980642,1.9219210592246174,1.8444438974026807,3.1533557332334947,0.0,0.1487457011497874,n.d.,0.9132634707346152,0.2857142857142857,0.16666666666666666,0.25,0.5,0.5,0.12521739130434784,1.3636363636363638,0.28285714285714286,14.0
S3,2,W03_C6,ADFNE,12.844739358359588,7.916739310382296,7.8984321214310365,n.d.,n.d.,5.9541450606938024,6.664342350779501,0.10439560439560441,6.76921404085539,1.9304106894468314,0.10714285714285714,n.d.,n.d.,0.06593406593406592,n.d.,n.d.,0.06593406593406592,0.07692307692307693,0.18681318681318682,1.338632769335054,1.2772833006526074,2.152999795511491,3.4068131700772724,3.878876005785922,n.d.,n.d.,0.07692307692307693,0.18023314827483777,n.d.,1.6051186953092422,0.17925824175824168,0.16666666666666666,0.375,1.0,1.0,0.06282051282051283,0.9315496098104794,0.19077750206782465,14.0
S3,2,W03_C6,EVAE,15.805562144532114,7.9113929700683885,7.339583784245058,n.d.,n.d.,4.407732243025007,5.893624959161965,0.23901098901098905,3.9097182182024914,3.0000488722922882,0.11428571428571427,n.d.,n.d.,0.07142857142857142,n.d.,n.d.,0.07692307692307693,0.07692307692307693,0.3006993006993007,1.4923074520191704,0.8049035651916914,2.192347413461182,4.224523981465692,4.388054549884011,n.d.,n.d.,0.07692307692307693,0.18948695301517998,n.d.,1.0256000565701755,0.32403846153846155,0.5,0.5,1.0,1.0,0.056410256410256404,0.5,0.14761904761904762,12.5
S3,2,W03_C6,KDE,10.831196055690441,7.685320237240015,8.383699922265206,n.d.,n.d.,5.288466391763327,3.4697944634926916,0.10439560439560441,8.158995898771714,2.8490420593486885,0.04945054945054944,n.d.,n.d.,0.13736263736263735,n.d.,n.d.,0.06593406593406592,0.07692307692307693,0.18681318681318682,1.253267396790775,0.9182781137253054,2.440655339992946,2.497764960619013,4.046696689537431,n.d.,n.d.,0.07692307692307693,0.26977088495648166,n.d.,1.7136889221073663,0.25068681318681313,0.16666666666666666,0.25,2.0,1.0,0.06190476190476191,0.7456521739130435,0.17879948914431673,14.0
S3,2,W04_C5,ADFNE,10.674476792605557,6.006005854440314,9.22468225882212,5.416516807808181,inf,4.020276275982177,2.289591113438867,0.0714285714285714,9.066331182810854,2.397418418719119,0.14285714285714288,5.0704339397547855,4.057360901902452,0.14285714285714285,inf,inf,0.07142857142857142,0.03571428571428571,0.21428571428571427,1.9181616417254186,0.8209981079788489,4.437855830053616,3.0813895600158334,2.025950500483779,2.7226674657194487,inf,0.0,0.20738711457450226,3.0,1.0890986222608068,0.4285714285714286,0.2,0.6666666666666666,0.5,0.5,0.04632352941176471,0.6596638655462185,0.13235294117647056,14.0
S3,2,W04_C5,EVAE,15.990255427470213,7.357487979731067,8.422094754875824,inf,inf,6.177614053341582,1.9654803392943192,0.14285714285714285,8.524506470234689,2.189999593256698,0.14285714285714288,inf,inf,0.19725274725274722,inf,inf,0.08219537815126049,0.05718954248366013,0.3072478991596639,1.4555165139612596,0.5673007309783556,4.6076557741822395,3.9669864980971425,1.7570484608767802,inf,inf,0.17857142857142855,0.11135595896864277,3.5,0.7710219669804943,0.11764705882352941,0.5,0.6666666666666666,0.75,0.5,0.0625,0.6287878787878788,0.1363851992409867,15.5
S3,2,W04_C5,KDE,11.660116849967995,7.189934131050091,10.947850497278143,6.4123420261658906,inf,5.9514060571797565,2.0394260086179434,0.0,10.849437959434642,2.1451064070273347,0.14285714285714288,5.711505374494566,5.8838359086934515,0.14285714285714285,inf,inf,0.07142857142857142,0.0,0.21428571428571427,1.6618710535181256,0.4647449094776346,5.150797357786294,3.7347488277792564,1.8238023870241529,5.7988813289072745,inf,0.0,0.1987920591445185,3.0,1.2867518284747008,0.4285714285714286,0.0,0.6666666666666666,0.5,0.5,0.07692307692307693,0.75,0.1419683257918552,14.0
S3,2,W04_C6,ADFNE,10.765772642943102,5.082149837865369,5.636415026982538,8.489224886352579,n.d.,4.167430075033609,1.6068490691916204,0.07142857142857145,4.208011465057299,2.768568897691188,0.07142857142857145,7.382797003697258,4.92242953908494,0.14285714285714285,n.d.,n.d.,0.07142857142857142,0.07142857142857142,0.25,2.2493918466287983,2.0528357585719927,1.4345499016540786,7.213264699636563,2.0682911979012286,6.823895187712385,n.d.,0.0,0.25084059734899994,1.0,1.2663819821767917,0.1428571428571429,0.25,0.25,0.5,1.0,0.06590909090909092,0.5652173913043479,0.11111111111111113,14.0
S3,2,W04_C6,EVAE,14.61951162016544,7.408588328667136,5.984945334291908,6.962710964156628,n.d.,4.573744294109991,2.8143274473898368,0.12337662337662336,4.26722600844366,4.099015529338929,0.09375,4.843469306848597,4.077085487396137,0.14285714285714285,n.d.,n.d.,0.07142857142857142,0.07142857142857142,0.27083333333333326,1.6982723373620796,1.0888559541328195,0.6973457086778467,6.7393186161460195,2.0407577764514704,3.4684666710911127,n.d.,0.14285714285714285,0.1599073887135733,0.5,0.7643044414391962,0.27281746031746024,0.5,0.25,0.5,1.0,0.06398809523809523,0.2727272727272727,0.07007575757575757,14.0
S3,2,W04_C6,KDE,10.286681283233548,5.372281760929848,5.3639267425172115,10.903955158603047,n.d.,4.21564973211121,2.42412408131349,0.07142857142857145,3.8488364803508457,3.5734622329996615,0.07142857142857145,10.866650781827662,3.7276833722858616,0.14285714285714285,n.d.,n.d.,0.07142857142857142,0.07142857142857142,0.25,2.006653188160279,1.4599301170873202,0.7216830927184115,6.967069488844389,1.8474497922580322,4.882106275808504,n.d.,0.0,0.21326172408698923,2.0,1.5777128413686934,0.2142857142857143,0.25,0.25,0.5,1.0,0.052865612648221344,0.6040100250626566,0.12206657088122608,14.0
S3,2,W05_C5,ADFNE,8.957218793388618,5.503559518212399,5.389744762670478,7.517220361297359,inf,2.976584792777118,3.0194232811505564,0.004201680672268893,3.8299415135454016,1.1646120990751445,0.07142857142857144,6.496877073417276,7.560638704907923,0.1050420168067227,inf,inf,0.1050420168067227,0.0,0.15966386554621848,2.101998795562083,1.6478370151639221,3.0489582574753067,4.508370488417219,2.528989810991573,3.668303484360968,inf,0.17647058823529413,0.35681976321977604,2.0,0.7219866271646255,0.27468487394957986,0.16666666666666666,0.2,0.3333333333333333,0.6666666666666666,0.2232142857142857,0.7738095238095237,0.23994755244755245,14.0
S3,2,W05_C5,EVAE,12.747858835082601,5.745679256776031,4.594305292575681,inf,10.660582857845082,4.755166954811196,1.673129293704454,0.14705882352941174,2.9752914754436697,1.1125746220611692,0.06302521008403361,inf,inf,0.1118872549019608,9.227210897520798,7.1025158820991265,0.06209150326797387,0.05555555555555555,0.226890756302521,1.221160247984745,0.33450394868850597,1.0855716171397711,2.988125454077988,2.7247558142784505,inf,3.6105916580581408,0.08823529411764705,0.12764484412774751,3.0,1.0762059153471235,0.6834150326797386,0.5,0.2,0.6666666666666666,0.3333333333333333,0.22713032581453632,0.5020703933747411,0.23106060606060608,16.0
S3,2,W05_C5,KDE,10.07093403389039,6.368447977588163,6.067744745260531,7.745455786332791,13.56179883674766,4.974032803367603,1.540677972101106,0.004201680672268893,5.366170755614782,2.681858808764307,0.07142857142857144,6.524899204242424,6.2449791361007065,0.1050420168067227,13.306639064939159,10.93340803775883,0.1050420168067227,0.03571428571428571,0.13865546218487396,1.8532002169365578,0.9564161262767013,2.020963950403506,4.058334859063307,2.9315557530936744,2.5878823852699995,3.9818960999718835,0.17647058823529413,0.22751876043095426,6.0,0.9145542356996784,0.21428571428571425,0.16666666666666666,0.2,0.3333333333333333,0.3333333333333333,0.19668737060041408,0.6723602484472049,0.23947811447811446,14.0
S3,2,W05_C6,ADFNE,13.464999309840675,6.543926606393862,4.7414743803669435,n.d.,13.677135796479984,2.707119688509727,2.278036272294001,0.1904761904761905,3.148036294837886,2.362221025463217,0.19841269841269843,n.d.,n.d.,0.05555555555555555,13.668824942998416,3.710673370813042,0.07936507936507936,0.07142857142857142,0.3373015873015873,1.6433470550035256,1.028404354498948,1.7477877616994475,2.4390003777505074,3.561067277775767,n.d.,3.4230286776259575,0.2222222222222222,0.3779140059910642,0.5,0.5878473432224345,0.29761904761904767,0.6666666666666666,0.5,1.0,0.5,0.06,0.5406698564593301,0.10794871794871799,14.0
S3,2,W05_C6,EVAE,14.677164308713309,7.269432470493278,4.410543248754256,n.d.,14.473179661712713,4.416149644619944,2.6069220234958994,0.11507936507936509,2.8469906057499283,1.3074883991718451,0.19191919191919193,n.d.,n.d.,0.06209150326797386,14.466165192259586,5.0081042658283135,0.1111111111111111,0.0,0.3282828282828283,0.9507229101741625,0.8036862749868212,0.35805908907568185,3.1927203101678643,2.625989806979636,n.d.,7.22458953687414,0.2222222222222222,0.21237434027514807,1.0,1.1857889893069684,0.13095238095238093,0.6666666666666666,0.5,1.0,0.5,0.07575757575757575,0.445141065830721,0.09913793103448278,14.0
S3,2,W05_C6,KDE,12.654477158918413,6.82961952398046,4.666535968150651,n.d.,17.17940871919314,3.293491830648252,2.29313468511882,0.1904761904761905,3.1356704518428886,2.0760989327326795,0.19841269841269843,n.d.,n.d.,0.0873015873015873,17.172394249740016,8.515466785367035,0.07936507936507936,0.0,0.2777777777777778,1.361800310245688,0.9232215179578979,1.6102426431874883,2.323389563018096,2.7469305896327914,n.d.,3.736456446138866,0.2222222222222222,0.26999537429335946,1.5,0.6726775004752285,0.29761904761904767,0.6666666666666666,0.5,1.0,0.5,0.047430830039525695,0.782608695652174,0.13981481481481484,14.0
S3,2,W06_C5,ADFNE,14.079185208253916,6.1369826426789285,7.567323217549596,8.231751569371466,n.d.,2.972432372438123,3.3647561810650277,0.09890109890109894,6.408694450832463,2.3321309207401026,0.16483516483516486,6.707996470586465,6.527086575310628,0.2032967032967033,n.d.,n.d.,0.08241758241758243,0.14285714285714285,0.3489010989010989,1.327890720176133,0.8089641740675624,2.105676104839902,2.2210184337382177,1.930106865678233,3.930788236260471,n.d.,0.07142857142857142,0.1523774171651412,n.d.,0.6899401936247537,0.6998626373626374,0.25,1.0,0.6,1.0,0.02882205513784461,0.7399267399267399,0.173494983277592,13.0
S3,2,W06_C5,EVAE,15.767543852527526,6.377422614963956,6.885281040621097,6.893655673397788,n.d.,5.770136368825671,1.6682634116853716,0.24369747899159666,5.009369000467247,2.6301874778492556,0.1512605042016807,5.674753317846324,5.100398413388424,0.23949579831932774,n.d.,n.d.,0.07142857142857142,0.14285714285714285,0.39985994397759106,1.1998862761491198,0.9768309234950012,1.3694763906015561,2.264755799295779,1.9888532275463817,3.5367878274922124,n.d.,0.21428571428571427,0.33934096257399643,n.d.,1.0111171554119762,0.1407424812030075,1.0,1.0,0.6,1.0,0.07692307692307693,1.0256410256410255,0.21729883020205604,16.0
S3,2,W06_C5,KDE,14.19841695126436,5.961358340715739,7.35685665515687,inf,n.d.,3.5060566351992755,3.5613232156895815,0.09890109890109894,6.289212648741648,2.1181151388162993,0.16483516483516486,inf,inf,0.24175824175824176,n.d.,n.d.,0.08241758241758243,0.14285714285714285,0.34615384615384615,1.1481285251912339,1.3156968167003191,1.0732970763083316,2.2271840787957897,1.9664347100696808,inf,n.d.,0.07142857142857142,0.08967720972295408,n.d.,0.9582187739251822,0.6229395604395604,0.25,1.0,0.7,1.0,0.075,1.352594773647405,0.2564102564102565,13.0
S3,2,W06_C6,ADFNE,12.978265703011918,8.97284238676,8.308664032139955,inf,n.d.,7.329323640685143,5.530539298487295,0.02097902097902099,3.386422231113252,6.583530812628575,0.05594405594405594,inf,inf,0.19580419580419578,n.d.,n.d.,0.07692307692307693,0.038461538461538464,0.1958041958041958,3.5181964379191544,3.9301263042331014,5.609959357913717,5.387149628022299,4.808656799037356,inf,n.d.,0.18181818181818182,0.260252783220575,0.41666666666666663,0.7430505807151903,0.23688811188811187,0.25,0.25,0.6666666666666666,n.d.,0.061004784688995214,0.536842105263158,0.1069139194139194,13.0
S3,2,W06_C6,EVAE,15.425145493264392,9.546942233586446,8.079757231611612,inf,n.d.,6.364841847902959,6.716841416307685,0.14285714285714285,3.620213880729426,6.873202120378268,0.11363636363636365,inf,inf,0.19155844155844154,n.d.,n.d.,0.12916666666666665,0.058823529411764705,0.32386363636363635,3.492984692242495,3.2243792509817295,5.724114707126211,4.723335236515185,4.259715159330094,inf,n.d.,0.40909090909090906,0.1149532635647931,0.5,1.1450224032036767,0.6482286096256684,0.75,0.25,0.6666666666666666,n.d.,0.05,0.591304347826087,0.09615384615384616,15.5
S3,2,W06_C6,KDE,14.922535130908994,10.24682917837869,6.878035338242864,16.45983272005246,n.d.,8.392717939347861,4.134485595551624,0.02097902097902099,2.707606170207765,6.693830685640012,0.05594405594405594,16.45847863337101,6.632514999014625,0.11888111888111885,n.d.,n.d.,0.15384615384615385,0.038461538461538464,0.21328671328671328,3.457032505770426,2.9876618675922466,6.61384453654154,4.706161853678038,4.7952951948917635,5.696507683724627,n.d.,0.18181818181818182,0.2514301372570317,0.41666666666666663,0.6249386174894123,0.23688811188811187,0.25,0.25,0.3333333333333333,n.d.,0.05238095238095239,0.5017543859649124,0.08841158841158842,13.0
S3,3,W00_C7,ADFNE,10.481677912019979,9.6672143910314,6.689087289828063,n.d.,inf,5.45921532697465,8.243410384689467,0.25,6.436705439288925,3.0590200953407165,0.1111111111111111,n.d.,n.d.,0.05555555555555555,inf,inf,0.1388888888888889,0.05555555555555555,0.3055555555555556,1.3052648413901915,0.9681744739316378,3.2171807314771845,2.625758124388704,1.9409482904386397,n.d.,inf,0.3333333333333333,0.24814100263110062,0.5,0.9638984355582545,0.2777777777777777,0.6666666666666666,0.5,1.0,0.75,0.07363505747126436,0.592292089249493,0.12432065217391305,12.0
S3,3,W00_C7,EVAE,12.528095292052484,7.497366903339728,5.5938149797260985,n.d.,11.093463415676602,3.190897178878367,6.961992129884326,0.23333333333333336,4.372219554799004,2.576831875589118,0.17777777777777776,n.d.,n.d.,0.10486111111111111,11.163279665774215,5.328753876530758,0.07863247863247862,0.1111111111111111,0.3729166666666667,1.7210206236905132,0.7159451564523134,3.90809873387872,4.383287728236299,2.001532322412421,n.d.,2.9526985919593884,0.2222222222222222,0.13818186187158804,0.3333333333333333,1.6963623593369865,0.5055555555555555,0.6666666666666666,0.625,1.0,0.5,0.07569610916466901,0.37777777777777777,0.09828629032258064,14.0
S3,3,W00_C7,KDE,12.089480883906315,9.180523589327269,6.668789156817056,n.d.,inf,4.265663228975512,8.652226083894103,0.16666666666666666,6.1087675914265755,1.7275855132699118,0.1111111111111111,n.d.,n.d.,0.1111111111111111,inf,inf,0.125,0.1111111111111111,0.3611111111111111,1.3218768805869794,0.4721302871885147,2.6373636699526637,1.9977328868275788,1.6389448802687714,n.d.,inf,0.3333333333333333,0.20304091852531883,0.5,0.9831612137112842,0.38888888888888895,0.3333333333333333,0.5,1.0,0.625,0.05513784461152882,0.6151382513077827,0.13352272727272727,12.0
S3,3,W00_C8,ADFNE,23.100452469109904,n.d.,7.225888956247485,inf,inf,n.d.,n.d.,0.4166666666666667,4.932375470299929,3.318667846254371,0.12820512820512825,inf,inf,0.14743589743589747,inf,inf,0.14743589743589747,0.006410256410256401,0.41666666666666674,1.6546137105208598,1.2617444224251355,1.1619333102300844,n.d.,3.9777978059496544,inf,inf,0.07692307692307693,0.2586300479269714,n.d.,0.8913840671057005,0.4551282051282051,n.d.,0.3333333333333333,0.6666666666666666,0.6666666666666666,0.09285714285714285,0.9596638655462185,0.21363636363636362,12.0
S3,3,W00_C8,EVAE,24.47248936482174,n.d.,5.67105731914202,6.776261803882125,9.175669779637014,n.d.,n.d.,0.3693181818181818,5.522683803580561,3.0004094131954524,0.1948717948717949,6.772312774407147,1.1684862737767192,0.08482142857142858,8.991830966632605,3.705264727168312,0.10160256410256412,0.07142857142857142,0.42307692307692313,1.6446866472734922,1.5689665675724942,0.6949691625310006,n.d.,4.311137404372872,5.943662247978089,3.8668045194771086,0.15384615384615385,0.13926220572187997,n.d.,0.5263640707738906,0.16941391941391942,n.d.,0.3333333333333333,0.3333333333333333,0.3333333333333333,0.07771739130434782,0.8909090909090909,0.19499999999999995,14.5
S3,3,W00_C8,KDE,24.030591541375664,n.d.,7.138064887139106,5.673511847791367,inf,n.d.,n.d.,0.4166666666666667,7.115511313955228,3.0817276248863266,0.12820512820512825,5.39409673514843,2.9748372984608356,0.10256410256410253,inf,inf,0.125,0.07692307692307693,0.4166666666666667,1.8513241549781179,1.2902382178632987,2.5370684447926983,n.d.,3.947610657997945,4.482759048855762,inf,0.07692307692307693,0.31421942565669597,n.d.,1.0298088575988786,0.4551282051282051,n.d.,0.3333333333333333,0.3333333333333333,0.5,0.10394736842105262,1.423529411764706,0.26999999999999996,12.0
S3,3,W03_C7,ADFNE,14.877774994814214,11.520888144831527,8.542752472482071,6.612304648029905,10.668799778159432,11.276990098178397,7.189297245007506,0.16071428571428573,7.283772935236592,4.592041034699748,0.09821428571428573,6.01226197381294,2.8728693094332396,0.08928571428571427,10.675772857334604,4.477229322767609,0.01785714285714285,0.15178571428571427,0.3125,1.3776921315880304,0.7913990473109667,1.7443796571360166,2.409475597045904,2.162427950698623,3.5433003068319455,3.361682008565607,0.14285714285714285,0.13846887996331259,5.0,1.2743356252829452,0.25,1.0,0.6666666666666666,0.3333333333333333,0.0,0.07567099567099568,1.0674603174603174,0.20082123758594345,16.0
S3,3,W03_C7,EVAE,15.331533436421473,16.345011417193028,10.42188682839248,3.9731818852560448,12.33298951041644,16.030096364826612,6.5936483371943275,0.14400305576776168,8.642538534163938,4.727129996912966,0.09134615384615385,3.262252612602903,1.9818464229175927,0.053030303030303025,12.332989510416416,5.18933536558506,0.05194805194805194,0.15362394957983194,0.26282051282051283,0.9819343059132468,0.8229268609937423,2.11465249213311,3.3005146175558604,1.9159379841891084,2.2535736250119704,5.5642190943718095,0.14285714285714285,0.20793137831335345,2.5,0.8287999510503354,0.3048844537815126,0.6666666666666666,0.3333333333333333,0.3333333333333333,0.5,0.03888888888888889,0.4710162503031773,0.09295541623127831,16.0
S3,3,W03_C7,KDE,16.269537443050044,14.520914092060066,7.779858821748404,7.650489823817925,7.831015858742003,14.024103984314571,4.013696300730931,0.16071428571428573,6.01884857773868,4.38991736958246,0.09821428571428573,7.672150540739227,2.8766012924222712,0.08928571428571427,7.832554261105976,4.082264342894139,0.08035714285714285,0.15178571428571427,0.29910714285714285,1.1405629038888208,0.8146211521737643,0.9635397432321879,2.060946714091854,2.105627539816993,3.3669552109734084,4.49904149940245,0.14285714285714285,0.17027028977606046,5.0,1.3216435645278248,0.1964285714285714,1.0,0.6666666666666666,0.3333333333333333,0.5,0.07142857142857142,1.029100529100529,0.19206773618538325,16.0
S3,3,W03_C8,ADFNE,11.793006150421313,5.083755166137456,13.99847116565832,inf,n.d.,4.3033997350054545,2.0439522283276688,0.05288461538461536,13.897986547394595,5.533987646468585,0.22115384615384615,inf,inf,0.16826923076923078,n.d.,n.d.,0.04807692307692307,0.12259615384615385,0.27884615384615385,1.6012672073290166,0.7493322422005679,1.9593341880587922,2.361996807073781,2.544818762433395,inf,n.d.,0.23076923076923078,0.18526142150586333,4.0,0.8244383426425838,0.38942307692307687,0.4,2.0,0.6666666666666666,1.0,0.14521739130434783,0.9128352490421456,0.20199805068226118,16.0
S3,3,W03_C8,EVAE,12.05312213724026,7.346296868076513,15.418674052778151,4.758973037503784,n.d.,6.833256879109481,2.3499229108800637,0.07451923076923078,15.530726163509335,6.077494692894328,0.14946266968325791,4.357709352351086,3.172961983500608,0.10576923076923078,n.d.,n.d.,0.06666666666666667,0.15384615384615385,0.25240384615384615,0.9882239905760553,1.3614337713874018,2.726532851466753,3.1304084584320004,2.125692585831037,2.718091437141604,n.d.,0.23076923076923078,0.33177619103460987,2.0,1.390762274806626,0.8894230769230769,0.2,1.5,0.3333333333333333,1.0,0.11126373626373626,0.709904474610357,0.15679824561403505,16.0
S3,3,W03_C8,KDE,10.903607693967231,5.219277977168907,12.352343454934836,4.154357122416656,n.d.,4.168640722099687,2.0321320453402674,0.05288461538461536,12.372309611194295,4.485843118574772,0.15865384615384615,3.3028030854115444,1.8772552126326572,0.04326923076923078,n.d.,n.d.,0.04807692307692307,0.09134615384615385,0.21153846153846154,1.2140903755967618,0.902072186248575,1.4716732576399,1.7671512629847772,2.1409501805564957,2.1269181790142344,n.d.,0.23076923076923078,0.21595355726678173,5.5,0.8239875855377765,0.38942307692307687,0.2,1.5,0.3333333333333333,1.0,0.10727969348659003,1.2771392081736908,0.2460170697012802,16.0
S3,3,W04_C7,ADFNE,19.246410048598047,9.476824080671115,6.091317317934555,10.966878524400158,n.d.,8.089508095946005,6.967448183145021,0.1517857142857143,2.8841555737732003,2.5527127581248834,0.0892857142857143,10.965291133233983,3.4399751773382725,0.30357142857142855,n.d.,n.d.,0.0625,0.0,0.3035714285714286,2.558031337216719,1.3368393000797791,4.755004129850744,2.8535220250466944,11.321036316659113,5.361295407163199,n.d.,1.2857142857142858,0.525753109243582,n.d.,2.6954735381671755,0.5,2.5,1.5,0.3333333333333333,n.d.,0.1225,1.3351648351648353,0.27793103448275863,16.0
S3,3,W04_C7,EVAE,19.213088826868926,11.599935779024081,7.2622440871950396,10.902375556766797,n.d.,9.478284954022204,8.424709347676188,0.12016806722689077,4.544693594638041,3.9214700445818744,0.05882352941176472,10.898826945517875,2.0031090685187922,0.26138876603272887,n.d.,n.d.,0.16718266253869968,0.058823529411764705,0.3455513784461153,1.8075102702322114,0.981320135032851,4.5104422726926865,3.621546883350811,10.786855014353629,2.825804463293489,n.d.,1.2857142857142858,0.9848498807354303,n.d.,1.4775214717190852,0.1875,2.0,1.0,0.3333333333333333,n.d.,0.09526209677419355,1.0161290322580645,0.22401433691756273,16.0
S3,3,W04_C7,KDE,17.541686370295473,11.308614068790078,5.918764896800786,13.10055968229522,n.d.,10.814639930587095,5.314508677260227,0.0892857142857143,3.540079385216573,1.6196938906501783,0.0892857142857143,13.09883165363248,2.9160275150251307,0.30357142857142855,n.d.,n.d.,0.0625,0.0625,0.3035714285714286,2.511378416899464,0.6030208116383915,5.995940210798386,2.079750122509263,10.73012022318547,4.038165631939905,n.d.,1.2857142857142858,0.7256129235316587,n.d.,2.668143168244111,0.3125,2.0,1.5,0.3333333333333333,n.d.,0.13142857142857142,1.4588859416445623,0.2943722943722944,16.0
S3,3,W04_C8,ADFNE,17.15165215545388,6.580471039829829,8.026808451961701,15.250343628063757,n.d.,3.651669063994336,3.4630522296763937,0.0625,3.167577490849119,6.833355605202676,0.125,15.250343628063753,7.239498365749004,0.125,n.d.,n.d.,0.0625,0.125,0.25,1.7384530349433285,0.9808651532397583,1.574379241579758,4.650919465803148,2.2711569532120706,3.521441190388142,n.d.,1.0,0.5896002974445577,4.0,2.1028108325341472,0.125,1.3333333333333333,2.0,0.5,n.d.,0.06296296296296297,0.5652173913043479,0.11111111111111113,16.0
S3,3,W04_C8,EVAE,16.70504759046996,7.161743229140042,9.102606710364014,11.639572671460371,n.d.,2.918803449990432,4.172318194543144,0.0625,3.616801338281583,7.0239065762012824,0.0625,11.639066202436272,1.7196637702951247,0.0784313725490196,n.d.,n.d.,0.13942307692307693,0.0625,0.22474747474747475,1.1229996725814841,0.4030025005340576,0.4135361313819885,3.4875684335414814,1.6738509614229977,1.98521776965051,n.d.,1.0,0.8648637148087888,3.0,1.1685261312292643,0.375,1.0,1.0,0.25,n.d.,0.05123152709359606,0.2206896551724138,0.07947900053163211,16.0
S3,3,W04_C8,KDE,15.059547680939922,6.510536350348145,6.663044639806181,9.60725218414125,n.d.,4.163058165821221,3.096599922595084,0.03125,2.848933244341908,6.79893118784824,0.125,9.590640225936115,3.507650010344659,0.125,n.d.,n.d.,0.0625,0.125,0.1875,1.5671644602739465,0.5214157877658254,1.846947039653684,4.389411408127236,1.623449488254397,2.8763733427588765,n.d.,1.0,0.7455057563071923,6.0,2.1846101882405446,0.3125,1.0,2.0,0.5,n.d.,0.041666666666666664,0.5683229813664596,0.09849206349206349,16.0
S3,3,W05_C7,ADFNE,18.69831210657764,9.759327027346535,5.629904632379712,6.970890841462653,n.d.,9.152185781606,1.8147147260685692,0.2152777777777778,3.7417071736589156,2.894756314738598,0.10069444444444442,6.964161798474897,2.728144528809882,0.09722222222222221,n.d.,n.d.,0.06944444444444445,0.05555555555555555,0.23958333333333331,1.4622816436861115,0.8675185817660245,1.9035688448936117,4.417962346647777,1.9142862646795538,3.919743323105926,n.d.,0.1111111111111111,0.19553069746966686,1.5,0.659221879585668,0.33333333333333337,0.75,0.3125,0.5,1.0,0.05454545454545455,0.708994708994709,0.1458715086900994,16.0
S3,3,W05_C7,EVAE,18.78504743938212,8.68678224998264,4.980326527753501,5.303462687418602,n.d.,7.854032712046383,4.256005685764877,0.1527777777777778,2.412691412787953,2.5867923000689315,0.19444444444444442,5.304831736325399,3.1839852516051725,0.09722222222222221,n.d.,n.d.,0.1047008547008547,0.05555555555555555,0.28338675213675213,0.8315502330407472,0.3416081597988663,0.5697532800012062,3.042307346089547,1.5897781865756047,2.581084259082931,n.d.,0.1111111111111111,0.08797865102856542,0.5,1.4109867097466875,0.16666666666666663,0.5,0.5,0.5,1.0,0.06439560439560438,0.25823451910408435,0.09268549485940787,16.0
S3,3,W05_C7,KDE,19.81966302481824,10.794608916566649,6.367150758942296,inf,n.d.,10.317240285848964,3.866170186471786,0.2152777777777778,6.1776043649323995,2.854495340206808,0.06944444444444442,inf,inf,0.1597222222222222,n.d.,n.d.,0.05555555555555555,0.05555555555555555,0.22916666666666663,1.660378650421186,0.721839097759796,1.590062171992328,4.823173795064895,1.6464039293954127,inf,n.d.,0.1111111111111111,0.16085808966074178,2.0,0.6972771897946275,0.45833333333333337,0.75,0.25,0.75,1.0,0.046428571428571444,0.6461538461538462,0.11126694717157554,16.0
S3,3,W05_C8,ADFNE,14.871853099589378,6.209737471273778,7.546658874415706,inf,inf,3.359073958608513,3.7045890390397584,0.1743421052631579,7.015287432185193,1.821427808005987,0.09375,inf,inf,0.1694078947368421,inf,inf,0.042763157894736836,0.10526315789473684,0.25,1.3321404351484947,1.825713044105048,1.3893827362646598,1.8896107123488726,1.471878607600348,inf,inf,0.15789473684210525,0.23493929091927115,1.0,0.7566218654650729,0.2203947368421053,0.4,0.2,0.7,0.5,0.10335403726708074,0.52,0.14408866995073893,16.0
S3,3,W05_C8,EVAE,12.947640137290932,4.759146509210129,8.396234648723532,6.222025877856365,11.496151048875225,1.5556643205530785,2.8597247744556977,0.11184210526315791,7.300642217677339,2.1069652340673417,0.07291666666666666,4.733729226456732,5.304537507795475,0.1381578947368421,11.507582159040396,7.4344875733672175,0.040178571428571425,0.06313131313131314,0.22462406015037595,0.8806703887866637,0.4343613230228749,0.9816554393819232,3.643664340356718,1.3537605314295216,3.4448099779692,10.635920972516779,0.15789473684210525,0.16242945792771046,0.3333333333333333,1.195141130424167,0.31452429149797567,0.2,0.2,0.6,0.5,0.1388294314381271,0.37280632411067194,0.12743707904998225,16.0
S3,3,W05_C8,KDE,12.75932799305209,5.637280396942198,5.259943604887358,6.055534346599071,inf,3.5864329411536042,3.1063652404275732,0.1743421052631579,4.096437759047862,2.0140562321546938,0.07565789473684209,5.952896987387845,4.925235141508859,0.1381578947368421,inf,inf,0.042763157894736836,0.10526315789473684,0.24342105263157895,1.259642232107975,1.0866001334748288,1.488429548741761,1.6643206407640747,1.3737029220586037,3.370535663468413,inf,0.15789473684210525,0.22819351811538607,1.0,0.6118585937780912,0.3453947368421053,0.4,0.2,0.6,0.5,0.11333333333333333,0.42307692307692313,0.13906926406926406,16.0
S3,3,W06_C7,ADFNE,12.406202419366544,7.251161509591814,5.469334828095565,8.004921017229048,inf,6.139163483180756,2.1670935106555675,0.09047619047619049,3.977826278234642,2.0283279858613996,0.04285714285714287,8.006072096789813,2.7367804645522797,0.08571428571428569,inf,inf,0.06190476190476191,0.0,0.17619047619047618,1.8162442633571612,1.770979268833826,1.6247975672019543,1.4886730459115585,3.400453910571705,3.4891993319560455,inf,0.06666666666666667,0.24785448497311685,1.5,0.632260531277192,0.35714285714285715,0.25,0.16666666666666666,0.3333333333333333,0.5,0.10614478114478114,1.0543024227234752,0.21189263322884014,14.0
S3,3,W06_C7,EVAE,17.519166612116283,10.771940712723215,6.818489721590353,6.696967555310484,7.056820626843725,10.69819078167827,2.381677903072193,0.14754901960784314,3.6341236664612158,3.2474691017418724,0.14114832535885166,6.7022592882701755,2.396195887235322,0.0786764705882353,6.021204613209235,6.05644694989825,0.04278074866310161,0.05263157894736842,0.2324561403508772,1.4138360589912287,0.8986788272273227,0.6553785982629234,2.68811498124553,3.8166310791944653,2.870659830032032,2.1310543077503454,0.13333333333333333,0.08029169904507505,1.0,1.0062384977558045,0.9834558823529411,0.625,0.3333333333333333,0.3333333333333333,0.5,0.08101851851851852,0.6944444444444445,0.1405993431855501,16.0
S3,3,W06_C7,KDE,14.347381434296263,6.947091683624105,5.220159689341314,8.255287984880448,inf,6.546125948486527,1.6464760146578148,0.09047619047619049,4.191638301215004,2.4000593616695474,0.11428571428571432,8.069969741655747,2.235397117964332,0.05714285714285716,inf,inf,0.06190476190476191,0.07142857142857142,0.17619047619047618,1.6663090089579695,1.1474122820825667,2.2091321741698176,1.7364563225501928,3.1070036456979313,2.8132860408263705,inf,0.06666666666666667,0.28522380069177855,0.75,0.653423328026328,0.41369047619047616,0.25,0.3333333333333333,0.3333333333333333,0.5,0.09339774557165861,0.6843434343434344,0.15118135376756067,14.0
S3,3,W06_C8,ADFNE,23.34350098986239,n.d.,6.094368467435993,10.118124214819982,8.098612277760306,n.d.,n.d.,0.42857142857142855,3.874092418805973,3.181945138337893,0.047619047619047616,9.998866272282156,7.110149855013878,0.19047619047619047,6.513112787853398,7.963927285724402,0.19047619047619047,0.0,0.45238095238095233,3.230964035672255,2.6039077062324036,3.7096308265945503,n.d.,2.9848771135969865,11.846896190175844,3.9023511724607625,1.3333333333333333,0.4783641848273286,5.0,3.1346513631603843,0.16666666666666663,n.d.,1.5,0.5,0.5,0.15,1.1073950204384988,0.20734632683658172,14.0
S3,3,W06_C8,EVAE,25.08936887558013,n.d.,5.313308841292976,5.72564525272529,7.232317731844933,n.d.,n.d.,0.375,3.079522462761306,2.8115818068962737,0.08333333333333331,3.292724148358796,5.860468490591625,0.1875,5.317425298486631,3.676868671951712,0.20833333333333331,0.0625,0.47291666666666665,2.6722869533222964,2.6117501484582597,3.106078359199679,n.d.,3.0661098407624596,10.84101500567819,2.2838373726041143,1.6666666666666667,0.7452832138535368,3.0,3.191227174105091,0.5833333333333334,n.d.,1.0,0.5,0.5,0.11145510835913312,0.8187134502923976,0.163768115942029,16.0
S3,3,W06_C8,KDE,22.94838082459849,n.d.,6.481607373652523,6.6833050403636225,inf,n.d.,n.d.,0.35714285714285715,4.9989548807778466,3.2075301337022504,0.035714285714285726,6.672676885533026,5.313439102004708,0.19047619047619047,inf,inf,0.26190476190476186,0.0,0.45238095238095233,3.1019506948376105,2.174910422273724,4.136737490790447,n.d.,2.5161635148673795,9.614402923658458,inf,1.3333333333333333,0.5286947971566354,3.5,3.258871932526783,0.16666666666666663,n.d.,1.5,0.5,0.5,0.10531135531135531,1.1000690131124915,0.2,14.0
