scheme,fold,box,method,orient_w1_deg,oc1_w1_deg,oc2_w1_deg,oc3_w1_deg,oc4_w1_deg,oc1_centre_err_deg,oc1_spread_err_deg,oc1_share_err,oc2_centre_err_deg,oc2_spread_err_deg,oc2_share_err,oc3_centre_err_deg,oc3_spread_err_deg,oc3_share_err,oc4_centre_err_deg,oc4_spread_err_deg,oc4_share_err,unclustered_share_err,cluster_share_tv,len_w1_m,len_med_err_m,len_p90_err_m,oc1_len_w1_m,oc2_len_w1_m,oc3_len_w1_m,oc4_len_w1_m,P20_relerr,P21_relerr,P22_relerr,nn_w1_m,cluster_vmr_err,oc1_count_relerr,oc2_count_relerr,oc3_count_relerr,oc4_count_relerr,term_share_err,CL_err,node_tv,n
S1,0,W02_C2,ADFNE,9.284902102027463,5.154623430688565,5.547817356625952,4.954570036178131,n.d.,2.6937290910284135,1.9532482494222432,0.04999999999999999,3.7155506210100286,4.18056934784456,0.1875,2.9657736429101575,2.295597800461158,0.07500000000000001,n.d.,n.d.,0.09375,0.03125,0.2,4.553360079346227,5.765412387259845,5.569239302217962,4.128842300023505,5.726475773349149,4.410500343476494,n.d.,0.6,0.17018680357718524,0.4,0.8437846912635685,0.1875,0.6666666666666666,0.2,0.5,n.d.,0.10912698412698413,1.0144300144300145,0.21254708780063747,16.0
S1,0,W02_C2,EVAE,11.239197752126103,6.87318045538232,6.751176736684226,6.848903592177894,n.d.,5.034354519013556,2.8945040374130055,0.14523809523809522,2.9053886718304023,4.959552081625738,0.16666666666666669,4.782081738594304,2.5566573039153773,0.1085972850678733,n.d.,n.d.,0.16517857142857142,0.0625,0.30625,4.148216812281673,5.093480317190748,4.522089335132371,4.351824625225106,5.430077219630455,4.746002369353223,n.d.,0.4,0.1362883863051536,0.4,1.2530849477509338,0.20654761904761904,0.5,0.30000000000000004,0.75,n.d.,0.10818713450292397,1.3663869819476229,0.22049689440993786,14.0
S1,0,W02_C2,KDE,10.961244934317735,5.382944966582787,6.554168419327217,5.365296171880194,n.d.,4.1712809024311515,1.7247885643374614,0.07500000000000001,2.9931200195517356,5.735670531720589,0.25,3.454207537516618,3.2947597918984495,0.0625,n.d.,n.d.,0.125,0.0,0.2625,4.363250384804415,4.780173956421237,6.654262678053377,4.307398336121032,5.798796616337855,4.180987167721825,n.d.,0.6,0.12426047547217817,0.4,0.8226715865762737,0.22499999999999998,1.0,0.2,1.0,n.d.,0.150997150997151,0.7891737891737891,0.2050420168067227,16.0
S1,0,W04_C2,ADFNE,11.703029725017927,5.375344933034191,4.6013698210436065,8.061932355757305,n.d.,3.338307283489321,3.49793263014547,0.1875,2.2460158361097324,1.4837926143971263,0.0625,8.061468151120428,5.879168212942794,0.08035714285714285,n.d.,n.d.,0.053571428571428575,0.0625,0.20535714285714285,3.3581527651446805,2.6764209452025662,5.316902587152064,5.1115950956042004,1.6624770431025429,6.522763696945956,n.d.,0.14285714285714285,0.3041842314952296,0.16666666666666666,0.7607642568036996,0.1875,0.2857142857142857,0.25,0.5,1.0,0.09659340659340658,1.263736263736264,0.171505376344086,16.0
S1,0,W04_C2,EVAE,10.29850198657213,5.657008253756982,6.697160836817037,3.964937844689838,n.d.,3.6325349135275005,2.6712033688924732,0.11538461538461536,6.46117536885153,3.1952922849695797,0.09230769230769231,3.251188195991394,2.9996335246705197,0.06868131868131867,n.d.,n.d.,0.07142857142857142,0.07142857142857142,0.19780219780219777,2.7030360237068987,1.6721436307045816,4.366164347429334,4.376039285344451,1.7030395434285919,6.783073839127395,n.d.,0.07142857142857142,0.27749519908043146,0.5,1.254762244119704,0.5416666666666666,0.21428571428571427,0.25,0.5,1.0,0.1326190476190476,1.6984126984126986,0.2600961538461538,14.0
S1,0,W04_C2,KDE,11.849640893853818,5.213267105892948,6.570517449925562,7.107212226782983,n.d.,3.154218416797678,1.435325951164752,0.1875,3.4940014497638776,2.8900095765961895,0.0892857142857143,4.257898075789347,5.2749640544634975,0.09375,n.d.,n.d.,0.053571428571428575,0.0625,0.23214285714285715,2.8075068122288065,1.7081192631373165,5.637731838877226,4.588366479736667,1.5037434089317063,6.326782311147287,n.d.,0.14285714285714285,0.1998512755326542,0.3333333333333333,0.6739350556986725,0.25,0.2857142857142857,0.375,0.75,1.0,0.09659340659340658,0.8271756978653533,0.12962184873949578,16.0
S1,0,W04_C4,ADFNE,17.231910927307048,6.685168454231882,7.0837229968587305,n.d.,n.d.,5.75004451589707,3.490196052310912,0.2875,3.480950978755559,5.489258558292361,0.07500000000000001,n.d.,n.d.,0.037500000000000006,n.d.,n.d.,0.125,0.0625,0.2875,2.2444513012179987,1.4196793061613622,4.280386667548481,3.95134418319501,2.7070201916619854,n.d.,n.d.,0.6,0.16169513941323926,5.0,2.574122541335971,0.625,0.16666666666666666,0.6666666666666666,1.0,n.d.,0.15192307692307694,1.3444816053511706,0.255952380952381,16.0
S1,0,W04_C4,EVAE,14.263619883662557,7.96799998722657,5.7533505320294775,n.d.,n.d.,3.935627726860299,4.489427163464509,0.241025641025641,1.9646852663459433,4.864137434676604,0.10833333333333336,n.d.,n.d.,0.05384615384615385,n.d.,n.d.,0.15384615384615385,0.0,0.3191919191919192,1.5958576384054997,0.9591890844233103,3.2707425780847323,2.607616290216287,2.608118091491345,n.d.,n.d.,0.4,0.11411566063618175,2.0,1.1325739085160365,0.1785714285714286,0.3333333333333333,0.3333333333333333,1.0,n.d.,0.09523809523809523,0.6032807771938207,0.12472527472527473,14.0
S1,0,W04_C4,KDE,17.191999499440556,6.016022384624634,6.408991652020948,n.d.,n.d.,3.140188041687811,4.993671911225482,0.22499999999999998,3.829129791938823,4.027544184689235,0.07500000000000001,n.d.,n.d.,0.0875,n.d.,n.d.,0.125,0.0,0.2875,2.2000916686948937,1.2414771818521215,5.090372646664317,3.3534020746135162,3.027140356365445,n.d.,n.d.,0.6,0.16230160882708475,5.0,2.631156322225091,0.625,0.0,0.6666666666666666,2.0,n.d.,0.14835164835164835,1.10224558050645,0.22142857142857145,16.0
S1,0,W04_C6,ADFNE,11.559162134762456,4.550572682300086,5.297022115512497,5.90724614189876,n.d.,1.7545134052578306,1.6085599012168572,0.0892857142857143,2.9565831423224056,3.0391715286254657,0.0357142857142857,4.603097718080011,2.228271235177785,0.1294642857142857,n.d.,n.d.,0.07142857142857142,0.0625,0.20982142857142855,2.391149143519676,2.3726506900868722,1.0243911840792985,7.628798102416862,2.1837794659228607,1.4014942760718305,n.d.,0.14285714285714285,0.20494786232490522,1.0,1.4284318327420529,0.1785714285714286,0.5,0.25,0.5,1.0,0.05480295566502463,0.4415584415584416,0.10714285714285714,16.0
S1,0,W04_C6,EVAE,12.626174932623073,5.241791590718201,6.286105735128058,5.222083792135043,n.d.,3.595520424616187,2.5487905892722695,0.10897435897435899,3.6706541014576466,3.884329493173822,0.11904761904761904,3.7007327968717916,2.1319192203376294,0.11904761904761904,n.d.,n.d.,0.1468253968253968,0.04662698412698413,0.27976190476190477,1.9130329097266348,1.2267773175720076,1.530028076263269,5.9716235531768564,2.46384816581915,2.0357410738194925,n.d.,0.10714285714285714,0.19291554648525577,0.5,0.7213272714962111,0.1428571428571428,0.25,0.5,0.25,2.0,0.06743421052631579,0.33333333333333326,0.07523809523809522,13.0
S1,0,W04_C6,KDE,9.530149211256713,4.587316127353626,5.293310538999339,5.915317183547082,n.d.,1.6969422884651049,2.285735662398568,0.0892857142857143,1.6481046210573795,3.7368886248941973,0.0625,3.6069670914142984,1.9621234510106624,0.0982142857142857,n.d.,n.d.,0.053571428571428575,0.0625,0.17410714285714285,2.4372057066842716,1.6796682582664388,1.5689155927657938,7.134595378112334,1.9832356715907657,1.4285014881976095,n.d.,0.14285714285714285,0.16694596051558164,2.0,1.4356008340752884,0.1964285714285714,0.5,0.25,0.25,1.0,0.053571428571428575,0.45622119815668205,0.09760032264569468,16.0
S1,1,W02_C3,ADFNE,14.532422739657083,n.d.,5.7807886087455325,6.019882861687944,2.694560218528144,n.d.,n.d.,0.4,3.0739142230587237,1.6227418371165605,0.08333333333333331,3.986304612063959,3.4472577883193614,0.11666666666666667,2.062595562782236,0.7147213231071494,0.25,0.18333333333333335,0.48333333333333334,2.2904629441568902,1.2019675389674769,1.780247149369321,n.d.,5.4570922752847615,5.723127831016415,3.0009041867101267,0.25,0.13961913260317116,n.d.,1.0266357500648957,0.5791666666666666,n.d.,0.6666666666666666,0.3333333333333333,1.0,0.06444444444444444,0.9698067632850242,0.19444444444444442,15.0
S1,1,W02_C3,EVAE,13.860464533138398,n.d.,5.687320614915434,6.022580728936218,3.876204850255207,n.d.,n.d.,0.25,2.2650336711369876,1.1628101071293253,0.1103896103896104,4.142178682368255,1.777071396637373,0.10714285714285715,3.7783379712568816,1.7883712881794673,0.17857142857142858,0.16987179487179488,0.4083333333333333,1.5506459100890662,0.26056975126266535,0.916631167990839,n.d.,5.38042466731598,6.153084083332788,4.973169163108525,0.16666666666666666,0.07760618538534063,n.d.,0.6105169683473926,0.13690476190476192,n.d.,0.6666666666666666,0.3333333333333333,0.6666666666666666,0.04444444444444445,0.6274018379281536,0.14040404040404036,14.0
S1,1,W02_C3,KDE,14.110678396810279,n.d.,6.395476814755389,4.840270737004132,2.8739830349365496,n.d.,n.d.,0.3333333333333333,2.8254267994556446,2.1446814165074795,0.08333333333333331,3.7467554309005227,2.3793686405522045,0.11666666666666667,1.7490203134529683,2.139803143346262,0.18333333333333335,0.18333333333333335,0.45833333333333337,1.961076978461017,0.9505224040410757,1.7674987289400856,n.d.,5.59546669604136,6.1452710574589435,2.1297555409479276,0.25,0.14092968745221132,n.d.,1.268151252086691,0.5791666666666666,n.d.,0.6666666666666666,0.5,0.6666666666666666,0.05555555555555555,1.1367521367521367,0.22300047892720304,15.0
S1,1,W04_C3,ADFNE,13.717369835796465,6.712061216760684,7.149770993794467,6.887578382655334,2.1633539597768925,4.507985761434176,2.15330208027569,0.07368421052631574,5.488974172032507,5.2800328634083975,0.14210526315789473,6.702110286312146,3.2846801118583877,0.06666666666666668,1.260946385072565,1.3698583407781606,0.09122807017543859,0.05263157894736842,0.23157894736842105,1.5079877779427862,1.3714630199943827,2.1826193186240994,2.4070067975291063,2.553413912451272,2.1817663922927863,1.3449277558597552,0.21052631578947367,0.28896716075948237,4.0,0.7490231709363845,0.20789473684210535,0.3333333333333333,0.5,0.3333333333333333,0.6666666666666666,0.06153846153846154,0.2944664031620553,0.1296851574212894,15.0
S1,1,W04_C3,EVAE,11.563073010667871,7.052607431163461,7.499067878852495,2.8336574828043872,3.4550272936957036,3.2196526204117326,3.1273141657738703,0.07177033492822965,4.868689797833052,7.39216713398862,0.17543859649122806,2.6461752171371264,1.575379755321682,0.06168831168831168,1.255777956362162,1.2859237863273827,0.09122807017543859,0.05263157894736842,0.2450657894736842,1.0395830493441163,0.6229067875409156,2.7425406778247985,2.373040604770179,2.707523954780583,1.510418161420337,1.8531327511233253,0.21052631578947367,0.26755064869993017,1.0,1.0079858161506172,0.19210526315789467,0.3333333333333333,0.6666666666666666,0.3333333333333333,0.6666666666666666,0.081951871657754,0.2647058823529412,0.09159420289855072,15.0
S1,1,W04_C3,KDE,12.682497308620135,6.201014151333549,7.272060223786957,7.758677146390226,1.8153375993280805,4.423405390158232,2.041329452088149,0.14035087719298245,3.9127263828816305,6.362343856039471,0.17543859649122806,7.44604229512571,2.780345506136028,0.04210526315789476,1.5892203254770227,1.2883534536004095,0.09122807017543859,0.05263157894736842,0.2912280701754386,1.5814509999343347,1.261007171050185,4.038038539850325,2.863102446395508,2.930249514226106,1.9961698769476903,3.7954717018606963,0.21052631578947367,0.29374013681652744,4.0,0.9561259524049766,0.20789473684210535,0.4444444444444444,0.6666666666666666,0.3333333333333333,0.6666666666666666,0.03392621870882741,0.5793939393939394,0.13592800374006545,15.0
S1,1,W04_C5,ADFNE,12.064529485980223,6.612297038798268,n.d.,5.422217029557796,n.d.,3.4126892155481126,3.2760086052706523,0.04285714285714287,n.d.,n.d.,0.26190476190476186,3.706785002479492,4.1024937617810515,0.22857142857142854,n.d.,n.d.,0.07142857142857142,0.004761904761904759,0.3142857142857143,2.0667502354670892,1.2127362736746399,4.374619716162477,4.292332066690597,n.d.,2.376993678271022,n.d.,0.07142857142857142,0.17802465417901794,4.0,1.0656365689137277,0.45178571428571435,0.2,4.0,0.5,1.0,0.08035714285714285,0.8323076923076923,0.16843212380737732,15.0
S1,1,W04_C5,EVAE,11.95063786365353,6.639782461311057,n.d.,4.6022389330359355,n.d.,4.5164923863071005,2.9047037233275512,0.10833333333333334,n.d.,n.d.,0.2738095238095238,2.945308278865352,3.389842009912377,0.2857142857142857,n.d.,n.d.,0.07142857142857142,0.07142857142857142,0.39578754578754577,1.672398704421954,0.46257346029464186,5.311749922041729,3.323712558439852,n.d.,1.8526284077734565,n.d.,0.07142857142857142,0.19130572900307885,1.0,0.9258314569062076,0.08688186813186816,0.30000000000000004,3.5,0.6666666666666666,1.0,0.03511904761904762,0.30000000000000004,0.07499999999999998,14.0
S1,1,W04_C5,KDE,11.382908203102243,6.87467214919003,n.d.,5.483177362958819,n.d.,4.760738618110715,3.829394115663112,0.04285714285714287,n.d.,n.d.,0.26190476190476186,4.13191284306895,1.944122936677683,0.22857142857142854,n.d.,n.d.,0.06190476190476191,0.07142857142857142,0.32380952380952377,1.8764278985690748,0.645553480113425,5.6409941629833895,3.4561088012656747,n.d.,1.6819184678686194,n.d.,0.07142857142857142,0.18717984434202062,5.0,1.3318289880318257,0.5851190476190476,0.2,4.0,0.5,1.0,0.06,1.1,0.20540796963946867,15.0
S1,1,W04_C7,ADFNE,17.07460312454028,9.510653989710802,5.6999584013977085,8.469575045697555,n.d.,8.363441032338692,4.9686130596751426,0.08095238095238097,2.840382979362642,2.625931651861584,0.047619047619047616,8.195047288559564,3.585950452581966,0.26190476190476186,n.d.,n.d.,0.06666666666666667,0.06666666666666667,0.29523809523809524,2.403797188605516,1.0293028306521212,5.37834482105656,2.8335618113743997,11.155372577470093,1.7192079918660927,n.d.,1.1428571428571428,0.5492382163072071,n.d.,2.616428522725496,0.3666666666666667,1.75,1.25,0.3333333333333333,n.d.,0.1392914653784219,1.5119047619047619,0.3015151515151515,15.0
S1,1,W04_C7,EVAE,15.876134539844792,9.788582435160965,5.751724285094123,11.6619511151257,n.d.,8.55329061318407,5.779655871747727,0.07142857142857142,3.452819813023149,2.5851549486509926,0.11147186147186146,11.683196313423153,3.4810886652260122,0.1294642857142857,n.d.,n.d.,0.027777777777777776,0.11858974358974358,0.2738095238095238,2.0167106516953375,0.3668028039094984,5.604086471313928,1.6793959121013458,11.411381417302627,2.720580705047435,n.d.,1.0,0.5130214690040499,n.d.,1.107623933767107,0.09326923076923077,0.5,0.5,0.3333333333333333,n.d.,0.06066176470588235,0.5352941176470588,0.12373737373737374,14.0
S1,1,W04_C7,KDE,15.786735955457745,8.736452892222474,5.670953388803381,8.014954353638917,n.d.,7.643270662126588,5.735351297159809,0.047619047619047616,2.9015455770272416,2.225044114449818,0.06666666666666665,8.013275033806487,2.209285220694485,0.22857142857142854,n.d.,n.d.,0.06666666666666667,0.06666666666666667,0.24761904761904757,2.5997304032122424,0.8493737191989534,5.611794698783005,2.0434404479661517,10.568478423789411,2.5548686987531983,n.d.,1.1428571428571428,0.6674230147586505,n.d.,2.7173142618603863,0.5666666666666667,1.5,1.5,0.3333333333333333,n.d.,0.150997150997151,1.6333333333333333,0.32795698924731187,15.0
S1,2,W01_C2,ADFNE,16.465609016453882,n.d.,4.9278111640604365,5.601928689328686,8.733094445766303,n.d.,n.d.,0.3333333333333333,3.6492024033303454,1.713174775923643,0.13333333333333336,3.425112143055743,2.5355009565914517,0.06666666666666668,8.529383577410881,2.8891025037602764,0.16666666666666666,0.03333333333333334,0.3833333333333333,1.9548480001275952,0.5425259627424248,5.67823203642323,n.d.,1.498239754361768,2.0992570910796227,7.266324809945742,0.5,0.2122645068328571,n.d.,1.7429260748974986,0.15416666666666667,n.d.,0.25,0.5,0.3333333333333333,0.04166666666666667,0.7676767676767677,0.16235632183908044,15.0
S1,2,W01_C2,EVAE,15.6213082164294,n.d.,6.162128586456191,4.8311863332844025,6.276656227793404,n.d.,n.d.,0.2857142857142857,4.46704218830101,3.0365814390700185,0.16923076923076924,4.160799783040171,1.9416784969642826,0.09022556390977443,6.169010635065605,2.415063162107164,0.1675213675213675,0.047511312217194575,0.3699248120300752,1.5372492086508815,0.6890496832170747,4.500027602770489,n.d.,1.7861340622221022,2.6026428626459652,7.779545558440269,0.35,0.23546811892970138,n.d.,0.8272293956829901,0.08226495726495725,n.d.,0.5,0.5,0.6666666666666666,0.06934731934731936,0.5720375106564365,0.1481481481481481,13.5
S1,2,W01_C2,KDE,15.779644095091475,n.d.,4.827825079821338,5.5099933932556695,9.694550607249877,n.d.,n.d.,0.3333333333333333,3.609520844271843,1.8016862834458172,0.13333333333333333,4.660820256997839,1.6892279257918614,0.06666666666666668,9.100363402738683,3.191863594111866,0.2,0.03333333333333334,0.4,2.0631949143135193,0.7076850750157813,5.393122268111287,n.d.,1.8403311082497462,2.3717612971423123,7.421756917645628,0.5,0.32796959192200137,n.d.,1.7381259127389659,0.2875000000000001,n.d.,0.25,0.5,0.5,0.042499999999999996,1.0546265328874025,0.2192234848484848,15.0
S1,2,W03_C2,ADFNE,8.670743456463754,5.76675076173408,5.461991873933628,4.0669578117297345,n.d.,2.7453462787649965,3.1880986657916006,0.011111111111111127,4.3463591268965125,2.4897398217042674,0.17777777777777776,2.65645836516694,1.810310848746628,0.06666666666666668,n.d.,n.d.,0.07777777777777778,0.0,0.2277777777777778,1.4252039330667836,0.5555288021003615,2.263110941338299,1.8489973159393012,3.1181938791522166,2.1261093884226865,n.d.,0.16666666666666666,0.3228701963516939,1.0,0.9608686185220928,0.2319444444444445,0.14285714285714285,0.5,0.5,1.0,0.08333333333333333,0.8879164313946923,0.1858974358974359,15.0
S1,2,W03_C2,EVAE,11.930339616834361,6.234656097201111,5.7494825035934465,4.027737466138861,n.d.,4.003106194880355,3.8737373389585645,0.09218559218559219,3.175483275086462,3.53105813279047,0.17658730158730157,2.063268358861789,3.048501291993558,0.1111111111111111,n.d.,n.d.,0.041666666666666664,0.02631578947368421,0.25417710944026733,1.1118802191089885,1.2018104852445655,0.8229023064305829,2.992792289180822,3.104516512146836,1.5174860463849136,n.d.,0.2222222222222222,0.23886662490274213,0.75,0.8847457037989501,0.14770299145299137,0.2857142857142857,0.5,0.5,0.5,0.13333333333333333,0.5423465423465423,0.14416221033868093,14.0
S1,2,W03_C2,KDE,9.582441185917304,6.3410706343100784,5.726275379528198,5.4775690863695194,n.d.,4.424165553364249,3.3081661480504367,0.033333333333333354,2.973335713401977,3.6633140500925863,0.2444444444444444,4.001247369125736,3.148429716575067,0.0888888888888889,n.d.,n.d.,0.07777777777777778,0.0,0.24444444444444446,1.4961144547586314,0.5978078833199707,2.4745855041698066,1.4936301654405915,3.630709741875317,2.081428483918984,n.d.,0.16666666666666666,0.2880106893720732,2.0,0.9584003957382206,0.16527777777777786,0.21428571428571427,0.625,0.5,1.0,0.13657407407407407,1.0786713286713285,0.20729166666666665,15.0
S1,2,W03_C4,ADFNE,11.663400587295136,10.571649271238432,5.379337872501786,6.642862404560718,7.420474820017408,10.189438057172207,6.041419982094593,0.08750000000000002,3.983677801399393,1.4145600023101288,0.1375,5.708935568361158,3.566628483382836,0.07500000000000001,4.724517722110575,3.5034492008921205,0.058333333333333334,0.0,0.18333333333333335,1.6550949909002264,1.4367520739143838,1.1167322485512114,3.5231597126132432,1.7171728915009048,1.58034958031224,3.3747870783129867,0.0625,0.18709306850019886,n.d.,0.6352678665631051,0.2875,0.2,0.3571428571428571,0.5,0.5,0.05833333333333334,0.9333333333333332,0.18375000000000002,15.0
S1,2,W03_C4,EVAE,15.24844906203383,10.850985667150422,7.60331635081865,6.417959580134193,5.907699804230552,10.81427827950914,5.1072667140271975,0.11607142857142855,7.335417578230995,1.6046597150839275,0.1971153846153846,5.983587796928566,2.562296352303056,0.125,2.429593400017715,3.9180446910685087,0.053571428571428575,0.0,0.2767857142857143,1.1886559576195115,0.33015682632266063,0.6665868025967747,2.986539161546666,1.4028420537571935,2.4542414806553436,2.5545165679359956,0.1875,0.13596457486449698,n.d.,1.2894321595482996,0.10096153846153844,0.2,0.5714285714285714,0.75,0.5,0.04722222222222223,0.5467787114845938,0.13961038961038963,13.5
S1,2,W03_C4,KDE,11.20654211389778,9.2286963986316,5.393564484593755,5.022253819309739,6.220902131351356,8.301423684678358,5.7280909941472355,0.033333333333333326,4.731796850451431,1.5969636084818104,0.17083333333333334,3.315258648217913,1.6944188512380713,0.07500000000000001,2.700474442026685,2.4042922540823315,0.06666666666666668,0.0,0.17083333333333334,1.3159383183129778,0.7449504894066985,1.5779725192695482,2.766152356443786,1.6800097016415876,1.812329563338427,2.860180710940443,0.0625,0.137581965158448,n.d.,0.6005775378665186,0.24583333333333335,0.1,0.42857142857142855,0.5,0.5,0.0641025641025641,1.0606060606060606,0.21651785714285715,15.0
S1,2,W05_C2,ADFNE,17.416991522333568,7.266395203119979,8.062976405103068,6.067475827923421,n.d.,6.4496776472806,1.9116130523793866,0.19999999999999996,6.884957896649533,4.106290083526266,0.09999999999999999,5.317580837553255,3.3743472238076033,0.03333333333333334,n.d.,n.d.,0.13333333333333333,0.05,0.2833333333333333,1.3202084759862973,0.8020052475410006,1.5273697348878317,1.9542214420598083,5.102836520402434,4.605540931919822,n.d.,0.25,0.2489543245517168,1.75,0.7175605035529324,0.25416666666666665,0.5,0.2,0.5,n.d.,0.1225,1.1478260869565218,0.21437229437229438,15.0
S1,2,W05_C2,EVAE,11.474367678625136,4.7299680343793185,6.72653904473315,5.061032216455258,n.d.,2.5299751482530946,2.229307648009408,0.14700854700854699,5.663330354089439,3.920195336137936,0.04999999999999999,3.253313866517802,1.9088540218187378,0.04201680672268907,n.d.,n.d.,0.16228070175438597,0.041666666666666664,0.269047619047619,1.1149960552536697,0.3319668684639626,0.5745568910085408,2.1011515405941457,5.869180207063284,5.15779720809318,n.d.,0.3,0.2901759759319909,0.75,1.0451169580657016,0.2666666666666666,0.4166666666666667,0.4,0.5,n.d.,0.1225,0.8161524076671343,0.17680672268907566,14.0
S1,2,W05_C2,KDE,15.726528900703993,4.678198459595952,6.070640443556396,5.238464615360352,n.d.,3.6236141746865016,1.9905338290897627,0.19999999999999996,3.479881285933367,3.1587950613468383,0.08333333333333331,3.082387280391226,2.840341130772856,0.1,n.d.,n.d.,0.13333333333333333,0.05,0.30833333333333335,1.6216478843104138,0.9875759589446981,2.3453437162674677,1.632665926460807,6.111262048381065,4.380976387204771,n.d.,0.25,0.3573741945328392,1.5,0.8166593064081848,0.14583333333333337,0.5,0.2,0.5,n.d.,0.1225,0.806935817805383,0.16621212121212126,15.0
S1,2,W05_C4,ADFNE,13.758178631095465,5.509324592350453,5.773431325607607,n.d.,n.d.,3.580042254884074,1.9128611627733552,0.2215686274509804,3.740546929015375,3.1714329633395213,0.039215686274509776,n.d.,n.d.,0.10784313725490197,n.d.,n.d.,0.07450980392156863,0.0,0.25490196078431376,2.4904180330676144,1.6776683101565983,3.7650187126331724,3.643088362044836,2.286343162397941,n.d.,n.d.,0.11764705882352941,0.37345818834153066,1.0,0.7968574388195813,0.14950980392156865,0.45,0.2,1.5,1.0,0.06869565217391305,0.37565217391304345,0.09090909090909094,15.0
S1,2,W05_C4,EVAE,11.466138753202555,5.746236143704995,4.915641714879746,n.d.,n.d.,2.9960388411929997,1.9589601912247883,0.19379084967320262,3.3964626594307763,2.635934867044053,0.06334841628959276,n.d.,n.d.,0.10784313725490195,n.d.,n.d.,0.07927170868347339,0.02631578947368421,0.21568627450980393,1.523294145440434,0.39185077300318116,1.1738580190650305,2.4986627110129422,1.9662853888220941,n.d.,n.d.,0.20588235294117646,0.2507495103937368,0.5,1.2730114521472249,0.28909313725490193,0.4,0.4,2.0,1.0,0.06980676328502415,0.4928571428571429,0.10703185703185703,13.5
S1,2,W05_C4,KDE,13.62086997903063,4.818620060464529,4.1646466829526965,n.d.,n.d.,2.8735891850921687,1.5122535904913024,0.25490196078431376,2.437463058521759,1.9748472236161732,0.039215686274509776,n.d.,n.d.,0.07450980392156863,n.d.,n.d.,0.10784313725490197,0.0,0.2823529411764706,2.1150162695090375,0.8360535859363569,3.5703550762795486,3.3784633615187003,1.7360291793108957,n.d.,n.d.,0.11764705882352941,0.2585233558976197,1.75,0.7258373664380662,0.25049019607843137,0.5,0.2,1.0,1.5,0.05,0.5057142857142857,0.10710227272727274,15.0
S1,2,W05_C6,ADFNE,14.8854986261077,6.691667703202031,4.07093347551179,7.810076555573598,8.66266350317931,4.232952411903279,1.7023243254200464,0.16666666666666666,2.989550469599758,1.7686585443258158,0.23333333333333334,3.8706887410615938,6.797491535730602,0.0888888888888889,6.6141716152648815,2.688508741503945,0.08888888888888888,0.0,0.3222222222222222,1.5602442129517928,0.969978085126193,1.372281643763698,2.8255928608112586,3.7357968787162616,2.6114312921472598,2.8482054796483784,0.16666666666666666,0.27312806793508837,1.0,0.6169981801378703,0.3208333333333334,0.6666666666666666,0.5555555555555556,0.5,0.5,0.031590909090909086,0.40415584415584416,0.09528985507246379,15.0
S1,2,W05_C6,EVAE,17.00479303145056,7.71322513770562,5.9894361561496865,8.820203317304268,6.777420312833898,6.3799586608584855,2.7640391880047175,0.11904761904761904,3.6775201433870794,3.5127043225676573,0.27521008403361347,4.609183610303795,7.5685991736603535,0.1746031746031746,3.9964199751423344,5.175201376613074,0.1388888888888889,0.03571428571428571,0.376984126984127,1.0815762838531007,0.5750929428845009,1.224957282944787,4.162994713238357,3.642320507868097,2.4834251193653016,2.019199510678062,0.2222222222222222,0.2778541447364889,1.0,1.239637585254509,0.15476190476190477,0.3333333333333333,0.6666666666666666,1.0,0.625,0.0491699604743083,0.42828282828282827,0.08333333333333334,14.0
S1,2,W05_C6,KDE,14.709241751191596,6.949770300028696,4.46464767401852,8.053334808145573,6.887168610290335,3.261388670614884,2.5848967570597248,0.16666666666666666,3.04161945148906,2.2810041612338683,0.23333333333333334,2.254667072097793,7.023963564071336,0.06666666666666668,5.648515902936877,3.233784734794898,0.08888888888888888,0.03333333333333333,0.32222222222222224,1.414308658206981,0.7428632207165847,1.750969618908313,2.348445698879736,3.4914226909815516,1.6674550110070385,1.5731488561942641,0.16666666666666666,0.28786645139389455,1.25,0.5758658039913516,0.3208333333333334,0.6666666666666666,0.5555555555555556,0.5,0.5,0.05484330484330484,0.606060606060606,0.119119623655914,15.0
S1,3,W01_C3,ADFNE,11.509893379113638,11.983823849351326,7.465148932110861,5.650705184450927,n.d.,11.742257114578338,5.70895884036432,0.033333333333333354,6.955243789331849,2.6432925106213863,0.08333333333333331,3.3007675919989614,3.988272163363611,0.11666666666666667,n.d.,n.d.,0.13333333333333333,0.125,0.21666666666666667,3.218368440581175,1.9901688440554015,6.2434960500717835,2.9711661999504324,11.84034050630368,2.5948708698135006,n.d.,0.875,0.2681058618002832,2.0,3.004547322183551,0.36250000000000004,0.8333333333333333,1.5,0.5,n.d.,0.125,0.5192307692307693,0.125462962962963,15.0
S1,3,W01_C3,EVAE,14.839897876021649,10.464365478372512,8.213672976919142,4.295247976417523,n.d.,10.456860205025169,6.111626435787305,0.15247252747252749,6.988319540586034,1.6639684876475278,0.12171052631578946,2.3856055173538127,2.6254495779075118,0.1103896103896104,n.d.,n.d.,0.14285714285714285,0.125,0.3004807692307692,2.8856579568020035,1.4001591250501848,6.797011880885961,3.661355892377869,12.236307785818397,1.4986431336079096,n.d.,0.625,0.13625218035596257,1.0,1.360718656433675,0.11916208791208793,0.3333333333333333,1.25,0.5,n.d.,0.08893280632411067,0.2121212121212121,0.11388888888888889,13.0
S1,3,W01_C3,KDE,11.62516090616209,14.049370652650635,7.819521953523598,4.990385280196458,n.d.,14.046200220269114,5.37708242153199,0.041666666666666685,7.246003774502854,1.8612169670137662,0.08333333333333331,3.242958185597585,2.6784367330486867,0.08333333333333331,n.d.,n.d.,0.1,0.09166666666666667,0.22499999999999998,3.6352711444350714,1.29431091977884,7.276561602718845,3.0087762661839927,11.797646117222103,1.7009153932139145,n.d.,0.875,0.15299246877758754,2.0,3.214459915880107,0.5625,0.6666666666666666,1.5,0.5,n.d.,0.1176923076923077,0.584045584045584,0.13537675606641125,15.0
S1,3,W03_C3,ADFNE,9.389762382184987,6.4512588227487555,4.001893444824234,5.669162682992306,8.265492523892519,5.345086976865039,3.161952477930952,0.06666666666666671,2.775323376220992,2.4954947797779496,0.13333333333333333,4.081628190952555,2.7485923020874714,0.06666666666666668,5.714584385603487,5.923129400927522,0.04444444444444444,0.03333333333333333,0.17777777777777778,1.7202525863140241,1.2903967696643013,2.11301244193403,2.4302232554316694,2.288319741761516,3.045244682516623,2.648094580737974,0.16666666666666666,0.36122228195476186,1.25,0.7288534495262842,0.34305555555555556,0.16666666666666666,0.375,0.5,0.5,0.04924242424242425,0.6883794466403161,0.13521080368906457,15.0
S1,3,W03_C3,EVAE,13.49068004420507,9.284571258470839,6.362466804991219,5.470390412810091,7.201564066451725,7.987788375773445,2.9945415433393903,0.0892857142857143,4.430519671804872,2.084224251778106,0.14774114774114772,4.449842147952466,1.3951264494132516,0.07979797979797981,4.446194216853733,3.8258138763616154,0.041208791208791215,0.0,0.2373015873015873,1.0077249684793772,0.38327217216009846,1.491943054260596,2.205960564118013,2.4858537494110307,2.3044752433835587,2.8838779356036834,0.2222222222222222,0.2842916776862183,0.5,1.4140251312366967,0.20625,0.3333333333333333,0.5,0.5,0.5,0.041666666666666664,0.3781818181818182,0.08333333333333333,14.0
S1,3,W03_C3,KDE,9.935085771485362,5.8711013778325984,5.9774896038761645,5.180493501239562,7.248037877220507,4.515788337748939,2.577420899342311,0.06666666666666671,5.026929247583357,2.152076884235389,0.14444444444444443,3.7222450096918474,1.906992692986498,0.0888888888888889,5.655071232928869,1.7537770270299573,0.04444444444444444,0.0,0.1777777777777778,1.2014792533875576,1.128236653720308,2.4989414027614822,2.327726608428297,2.0872956766760584,2.727853025391964,3.449013315029311,0.16666666666666666,0.28824955628779136,2.0,0.6016943051775718,0.2763888888888889,0.0,0.4375,0.5,0.5,0.05291005291005291,0.9336959336959336,0.1666666666666667,15.0
S1,3,W03_C5,ADFNE,10.424897222293028,10.25182789087468,7.800102137905746,5.800236986310118,7.606768824326302,10.233409959925199,1.830426017647805,0.028571428571428525,3.1805347273270996,8.2718329838981,0.09999999999999999,4.401415872345732,4.18489946206298,0.08095238095238094,4.990234314337493,4.967872994985677,0.06666666666666668,0.0,0.17619047619047618,1.6994023428302483,1.802622878953613,1.9427871635722882,2.8385623945329024,2.824899930704577,2.2192099627285646,2.7900680985099298,0.07142857142857142,0.1093245096225221,n.d.,0.8828307706072663,0.26666666666666666,0.0,0.5,0.3333333333333333,0.5,0.12,1.2727272727272727,0.26296296296296295,15.0
S1,3,W03_C5,EVAE,11.925430348571588,12.458607709989453,8.809078072909713,5.801894358607313,8.60666384088054,12.531987804790614,3.121466784197226,0.1672077922077922,4.8728832391025385,8.721427892843096,0.08241758241758243,4.544306629844857,3.8223957010100156,0.11904761904761904,6.268728897026772,7.246000355557593,0.06547619047619047,0.0,0.2261904761904762,0.9900388158046654,0.6368842124100726,0.6994010366231329,3.0637966926921045,1.8888185972960325,1.5363988220460567,2.616742033014007,0.07142857142857142,0.08230545674522838,n.d.,1.0970672170537914,0.2797619047619047,0.5,0.3333333333333333,0.3333333333333333,0.5,0.05263157894736842,0.6357894736842105,0.14285714285714288,13.5
S1,3,W03_C5,KDE,9.740180176705165,9.095864488322409,7.947939153946219,5.609019108627711,6.416439935374267,9.252556367267925,2.513431179554689,0.09523809523809523,3.7674096866857383,6.884886505551443,0.06666666666666667,3.665685114409615,2.2557965580565837,0.05238095238095239,4.128834036924922,1.9131849020707603,0.05714285714285716,0.0,0.11904761904761903,1.118994798083215,1.410946529226104,0.7403034407739539,2.9183321653478007,1.9372100098289051,1.7036787561281237,1.825571191845083,0.07142857142857142,0.11307191056449142,n.d.,0.9481997948270842,0.29940476190476195,0.16666666666666666,0.3333333333333333,0.3333333333333333,0.5,0.13068181818181818,1.4423076923076923,0.2834224598930481,15.0
S1,3,W05_C3,ADFNE,13.318362505806096,9.011041898812955,5.104505737107788,6.72289985609319,n.d.,8.92803536572082,2.6080101901905763,0.0784313725490196,2.867527730348871,3.1844832172185846,0.047058823529411764,6.588435207646426,1.6057199568997667,0.01568627450980392,n.d.,n.d.,0.13333333333333333,0.11764705882352941,0.196078431372549,1.887516656781287,1.2828899902957134,1.6342084042920924,3.352974901514603,2.914270314731245,2.7899825743206277,n.d.,0.11764705882352941,0.26458205690158726,1.0,0.6745924457373236,0.35245098039215683,0.2857142857142857,0.16666666666666666,0.0,n.d.,0.08333333333333333,0.5599999999999999,0.11379310344827587,15.0
S1,3,W05_C3,EVAE,13.905838630075994,6.455061653129493,5.823665086781994,7.32866206999706,n.d.,5.648326532417718,4.418780707124202,0.08333333333333334,3.3415476117157064,2.3988504354148663,0.10597761371755182,6.068999353939612,1.5348914038442287,0.05306372549019608,n.d.,n.d.,0.15384615384615385,0.11764705882352941,0.2542016806722689,1.1797946081618689,0.3843728068605884,1.504653850011216,2.2536905038577713,2.4679436005922843,1.9374144831384634,n.d.,0.11764705882352941,0.1507757161839863,0.3333333333333333,1.1418445084830253,0.21977124183006538,0.21428571428571427,0.3333333333333333,0.5,n.d.,0.05555555555555555,0.31481481481481477,0.08504398826979472,15.0
S1,3,W05_C3,KDE,13.225335451904469,8.424790877895518,5.2689061671690505,5.952154855772567,n.d.,7.9263021557633895,4.149671047800958,0.0784313725490196,3.3433519825107085,3.339450385298452,0.0862745098039216,3.6006579057046246,3.7901990795329152,0.14901960784313725,n.d.,n.d.,0.1,0.11764705882352941,0.23137254901960785,1.6859138736496213,1.201985379581263,2.7040215173514603,2.9000250182047607,2.3550732621859787,1.7230895426765207,n.d.,0.11764705882352941,0.2953618355242895,0.6666666666666666,0.8419652040409482,0.35245098039215683,0.2857142857142857,0.3333333333333333,1.0,n.d.,0.07652173913043478,0.5201465201465201,0.0959051724137931,15.0
S1,3,W05_C5,ADFNE,8.37838615769368,5.229985669852312,5.454703405427895,6.25413697889915,7.754098869900384,3.9245429223593113,1.7149722544677841,0.047058823529411764,3.5958886785570816,2.7349580074160427,0.0980392156862745,3.48208920086226,4.892162127113761,0.06666666666666665,5.850625817070715,2.525543861916545,0.07647058823529412,0.0,0.1647058823529412,1.8419780060574173,1.3252682999130425,2.2838733112384513,4.307201282017138,2.7039984463700524,2.3934681664061035,3.0451963934636836,0.11764705882352941,0.2984191998896597,4.0,0.7324992762132513,0.3333333333333333,0.16666666666666666,0.25,0.25,0.5,0.1937229437229437,0.4782608695652174,0.21683501683501682,15.0
S1,3,W05_C5,EVAE,11.142412475235098,6.235724051553812,5.424621397746489,5.31963505254576,6.984037119904325,3.50905337362264,4.000305758184954,0.0915775401069519,3.728898731249975,3.1927064168675545,0.06561085972850679,2.574680932235185,4.008911757242939,0.11974789915966387,2.5924414154828934,6.185383155474554,0.04047619047619047,0.06349206349206349,0.2089169000933707,1.332113507427668,0.47252803099608276,1.0382554157821067,3.429915379036025,2.923254485847786,2.215167811996513,2.7130595342346386,0.17647058823529413,0.24148133956828577,1.0,1.261595032445965,0.589588720103426,0.3333333333333333,0.25,0.25,0.3333333333333333,0.24440052700922266,0.6265664160401002,0.2408008658008658,14.0
S1,3,W05_C5,KDE,8.08931963226522,5.099356516440612,5.57072022824479,5.858384214676823,6.026418407974079,4.03118862580386,1.4454054478808471,0.047058823529411764,4.744557599585607,1.636659185224313,0.0980392156862745,4.13087592151426,2.88145771971978,0.0980392156862745,2.697055806799163,5.80476481772671,0.0431372549019608,0.0,0.14509803921568626,1.729791412671456,0.7583048370234116,2.441263466384606,3.5386526289339866,2.9101665742805647,2.071539864443725,3.1986835935383295,0.11764705882352941,0.25264349990791324,4.0,0.8147567301702012,0.3333333333333333,0.16666666666666666,0.25,0.25,0.3333333333333333,0.19047619047619047,0.34824434824434825,0.2016659810777458,15.0
S1,3,W05_C7,ADFNE,17.184561532725752,10.202420205232425,5.4267346961675464,6.404727171832748,n.d.,9.534959587016576,3.0689705332583763,0.14444444444444446,3.5881608287265276,2.5895092279857996,0.07777777777777778,4.963239504777035,2.1511076124926705,0.1333333333333333,n.d.,n.d.,0.05555555555555555,0.03333333333333333,0.2555555555555556,1.3976895428474845,1.0743601599291155,1.1272917157564795,4.260878880700925,1.99853541465827,2.2970473843014734,n.d.,0.16666666666666666,0.1908944015012478,1.5,0.6669482971814191,0.4541666666666667,0.5,0.2857142857142857,0.5,1.0,0.05652173913043479,0.5176190476190476,0.1098176718092567,15.0
S1,3,W05_C7,EVAE,13.090051043465806,11.20292801931628,5.289279329126506,5.020626950848027,n.d.,10.377664311697504,4.105673861838945,0.06593406593406592,3.2670517047555085,2.771071343545983,0.09603174603174605,2.133514253530534,2.548175829090619,0.12727272727272726,n.d.,n.d.,0.08253968253968254,0.0,0.2222222222222222,1.1651082833193587,0.5123794379700994,0.7372602926120392,3.883904388149644,1.8457324381120306,1.5488430270880862,n.d.,0.3055555555555556,0.2701741246045919,0.5,1.5746212656824488,0.12797619047619044,0.25,0.3571428571428571,0.5,1.0,0.09022556390977443,0.38095238095238093,0.09925558312655088,12.5
S1,3,W05_C7,KDE,16.12412242276107,8.909811954164413,6.540890442677196,6.224785602383793,n.d.,8.767339986487228,2.58238050718421,0.1111111111111111,3.9392976020671853,2.1728135016367283,0.07777777777777778,5.920133138726462,2.2603040548705495,0.1333333333333333,n.d.,n.d.,0.05555555555555555,0.0,0.25,1.5803146447186571,0.8435205339475191,1.7987698239024774,4.70413383809088,2.047369754852095,1.6889002062480785,n.d.,0.16666666666666666,0.23194556174263625,1.75,0.6335603289783225,0.3208333333333334,0.25,0.2857142857142857,0.5,1.0,0.046153846153846156,0.6062397372742201,0.10842015628130638,15.0
S2,0,W00_C1,ADFNE,9.991910738366354,9.956956791229976,4.326594507951395,6.936095555664913,4.800713496915378,9.91610508114184,2.484864074062568,0.0174825174825175,2.9804209839254163,1.9170610715328986,0.09790209790209792,2.2331989319788805,5.458864010142845,0.1048951048951049,4.800713496915375,2.771747853139809,0.07692307692307693,0.038461538461538464,0.21328671328671328,1.5130230537606602,1.1563809260711266,1.739594432107473,2.1923058342396846,1.698072004021351,2.1930790198013006,3.175363418197933,0.5769230769230769,0.4735469832658287,0.5,0.8089192782447846,0.5157342657342658,0.5555555555555556,0.6666666666666666,0.5,0.75,0.06521739130434782,0.676328502415459,0.16392543859649125,11.0
S2,0,W00_C1,EVAE,14.148852520600713,11.231759476694913,5.482978940864088,5.1018351514575935,5.015263948696419,9.34954927007693,5.13718909346083,0.10576923076923078,3.7689311822357685,3.1968473825130377,0.2075277663512958,3.880606711348546,2.2011250034171774,0.18444055944055943,3.197120776716914,1.6786942967168024,0.07692307692307693,0.038461538461538464,0.30594405594405594,1.8733550360490112,1.7065102311837232,1.4145969276644854,3.2933147738217787,2.230431209716801,1.5359387246644884,3.2573468947483066,0.5961538461538461,0.44948558201788386,0.5,2.0786868186202043,0.20512820512820512,0.6666666666666666,0.7916666666666667,0.5,0.5,0.06521739130434782,0.5652173913043479,0.12141531713900136,10.5
S2,0,W00_C1,KDE,9.295191502706167,9.618786085495977,5.192700327655335,6.622155897605048,3.777078393694712,9.218736510865273,3.6639728085708034,0.0174825174825175,3.660084553788884,2.884202807645437,0.09790209790209792,2.885141422378835,2.742144908633073,0.1048951048951049,3.777078393694712,1.2906856518476988,0.07692307692307693,0.038461538461538464,0.13636363636363638,1.6668389934667116,1.4367332933630843,1.1885300816671935,2.639494354165301,1.5783460854884492,1.252549811573433,3.395878056141186,0.5769230769230769,0.42293345479775696,1.0,0.7196624598138337,0.6975524475524475,0.5555555555555556,0.6666666666666666,0.5,0.5,0.06666666666666667,0.8985507246376812,0.17863612836438927,11.0
S2,0,W00_C2,ADFNE,13.688629909349654,13.716870028767207,7.616544479566724,n.d.,9.330121276714834,11.324420564509124,6.811507112987382,0.11363636363636365,7.746565676655076,2.5097992557048814,0.1863636363636364,n.d.,n.d.,0.05,9.330121276714847,0.3099920439319884,0.08181818181818182,0.05,0.2454545454545455,1.3394439699324996,0.6973376398830422,2.6726743603306646,1.9039783993685933,1.6579049408598023,n.d.,2.103424257232005,0.45,0.39849029892987253,0.3333333333333333,0.605263374368886,0.5590909090909092,0.2,0.6363636363636364,1.0,0.5,0.06045751633986929,0.4747162022703818,0.10945945945945945,11.0
S2,0,W00_C2,EVAE,17.824015031277597,11.333768629528953,9.915067871118692,n.d.,5.185562816224794,11.302324680907942,4.406587175689005,0.13194444444444445,9.487481893500082,3.7411902789245897,0.34285714285714286,n.d.,n.d.,0.25303030303030305,2.5585352333918907,5.206079327140749,0.08181818181818182,0.05,0.40992063492063496,1.4263889494158473,1.1960463887212645,2.9382146682286923,3.0406125912578297,2.5062224589797144,n.d.,2.5240460257201756,0.45,0.3248674038218968,0.3333333333333333,1.5003893513083852,0.09999999999999998,0.4,0.8181818181818182,1.5,0.5,0.06323529411764706,0.3025210084033614,0.10810810810810809,11.0
S2,0,W00_C2,KDE,14.044826399508542,13.471947413087012,7.235440785371161,n.d.,6.278018683081111,13.369405974130972,6.965462106580939,0.11363636363636365,4.587588803065884,2.431776314724836,0.27727272727272734,n.d.,n.d.,0.17727272727272728,4.073878232858005,5.508725321261122,0.08181818181818182,0.05,0.2863636363636364,1.371260893681793,1.2468842094461974,1.8411319143239475,1.652080486440385,1.747717920806051,n.d.,1.3570468674765297,0.45,0.3721602935057621,0.6666666666666666,0.59173851125195,0.37727272727272754,0.2,0.7272727272727273,1.5,0.5,0.06045751633986928,0.5098039215686274,0.13287772898756883,11.0
S2,0,W00_C3,ADFNE,16.077662767372438,10.599795147026402,7.303509719752088,9.867691736332006,n.d.,10.22996061594886,5.307614689241231,0.18181818181818182,3.428408435172288,4.148978900690921,0.09090909090909094,9.07547473293435,2.2408014729192822,0.09090909090909094,n.d.,n.d.,0.0,0.18181818181818182,0.27272727272727276,1.6938919507462966,1.0567483525901653,2.364470946474111,3.789642169721734,2.0821658860860746,2.247749167365476,n.d.,0.0,0.15008277343667764,2.0,1.045185352060454,0.36363636363636365,1.0,0.3333333333333333,0.25,n.d.,0.07179487179487179,1.0666666666666667,0.20796783625730997,11.0
S2,0,W00_C3,EVAE,19.38704642982374,15.293866253721898,7.18855929761918,8.605254101474612,n.d.,15.220445115690794,9.245216529815202,0.13484848484848483,3.544715552538072,5.274622812399314,0.12307692307692308,8.282424858659756,2.6068082151292615,0.11363636363636365,n.d.,n.d.,0.1,0.18181818181818182,0.32211538461538464,1.8956394222988653,1.1253150592723764,1.95555391300552,3.189839075080929,3.1281807230638368,2.363816360888425,n.d.,0.09090909090909091,0.15590170907900286,1.5,1.3317382504586568,0.14722222222222217,0.5,0.3333333333333333,0.25,n.d.,0.07692307692307693,0.8920634920634921,0.17979691876750697,10.5
S2,0,W00_C3,KDE,15.672601688158462,13.330044521388352,7.899425846790836,6.795771008892702,n.d.,12.578222081897463,5.718784524139162,0.18181818181818182,5.453231785097271,5.606511191230257,0.09090909090909094,6.158444601123829,1.5111186292931755,0.09090909090909094,n.d.,n.d.,0.09090909090909091,0.18181818181818182,0.27272727272727276,2.0916440163555032,0.8834395685849472,3.370295484730534,4.337436296085566,1.8851463730665399,2.23485236319434,n.d.,0.0,0.10532388684065494,3.0,1.1355346208638113,0.18181818181818188,1.0,0.3333333333333333,0.25,n.d.,0.1380952380952381,1.2888888888888888,0.25030193236714976,11.0
S2,0,W00_C4,ADFNE,21.014265529807552,12.553656459390176,6.376325904992518,9.112023888513495,n.d.,12.45116147380536,2.801533338184604,0.09696969696969698,4.409772559552238,1.9964908947799405,0.23030303030303031,9.12231710612945,2.8736655432249414,0.2393939393939394,n.d.,n.d.,0.0,0.13333333333333333,0.32727272727272727,1.5983116983248502,1.0940556266155665,2.4838543419079704,3.9921737516946774,2.7451195368772936,2.1967675515993,n.d.,0.26666666666666666,0.3189636375717779,0.5,0.7763585494740837,0.3515151515151516,0.0,1.0,0.6428571428571428,n.d.,0.07836538461538461,0.5666666666666667,0.12717391304347825,11.0
S2,0,W00_C4,EVAE,22.52330388323382,15.859902236397843,6.034441361550185,8.909660670609028,n.d.,15.683107680020617,3.8771830743611537,0.09696969696969698,3.7292126150369227,2.2265955250284186,0.13939393939393938,8.909865307888598,1.8580861042683776,0.18744588744588747,n.d.,n.d.,0.09090909090909091,0.13333333333333333,0.3126984126984127,1.3984105318435098,1.9648873834910563,0.8660896601902257,2.7904258300815865,3.1618965428851595,1.822968040346781,n.d.,0.3333333333333333,0.2725252652502568,0.5,1.7963060396791866,0.1181818181818182,0.5,0.5,0.6428571428571428,n.d.,0.06643356643356643,0.49743589743589733,0.125,10.0
S2,0,W00_C4,KDE,23.15944470254755,13.556704554025348,8.166223721855983,7.9441838991715965,n.d.,13.424166006278696,4.4465756044266636,0.09696969696969698,6.311037708225045,3.0034040158032376,0.13939393939393938,7.544190994963818,2.8245194823140363,0.2393939393939394,n.d.,n.d.,0.09090909090909091,0.13333333333333333,0.32727272727272727,1.524188104091185,0.3592333490014474,2.8647738203425837,4.107568644120981,2.18062545587185,1.719731830823251,n.d.,0.26666666666666666,0.3436132985874982,1.0,0.6817362675745862,0.26060606060606073,0.0,0.5,0.6428571428571428,n.d.,0.05472285067873304,0.4549019607843137,0.11547619047619048,11.0
S2,0,W00_C5,ADFNE,16.567446618551664,11.802329568485723,8.571080879192596,5.1410754363532805,6.2168677917467345,10.114639244066064,3.688199112845307,0.09090909090909088,8.702767887455229,1.500892013590244,0.18181818181818182,3.8029963254909,1.6040473585667452,0.0909090909090909,6.216867791746722,4.300601821550478,0.13636363636363635,0.0,0.2727272727272727,1.797452304184567,1.064712723089019,3.4079161433967022,2.389539614447088,2.4810825831123258,2.0608915593828154,2.7884004590762967,0.0,0.126728191107498,2.0,0.7893664620974358,0.36363636363636376,0.2,1.0,0.5,0.75,0.058823529411764705,0.5789473684210527,0.11240601503759398,11.0
S2,0,W00_C5,EVAE,18.573431559500477,10.584089798473777,9.337635322186054,4.103120528752218,5.7987790034942766,10.130700026610224,3.362355692152006,0.14615384615384613,9.355893454891682,2.549702499930091,0.08181818181818182,3.1072883290558257,2.1444675112283886,0.11818181818181817,4.206639383939779,3.6739858639363594,0.08181818181818182,0.0,0.23636363636363633,1.9393839979072944,1.3605946670633984,3.6882247647799273,4.405038463947179,1.5121231557295423,1.6888122667737941,3.3878441625820486,0.09090909090909091,0.23370328318640926,1.0,1.2010959466138518,0.1363636363636363,0.4,0.5,0.5,0.5,0.05263157894736842,0.42857142857142855,0.11228070175438598,10.0
S2,0,W00_C5,KDE,14.190253405891337,9.608581062283402,7.1298685067600545,7.00726981015334,5.766874017477118,9.162157827593198,2.297995947345562,0.09090909090909088,6.514588969948948,3.157922053795291,0.09090909090909091,3.228178086121297,6.885702653788926,0.09090909090909091,4.364965043270833,4.627998190491125,0.09090909090909091,0.0,0.22727272727272727,1.6683515669174869,0.7677627835925638,2.944312122448019,2.98130507665262,1.914463258484136,1.6587694893175098,2.396518360815367,0.0,0.2842557568844642,2.0,0.8444076297724386,0.3636363636363638,0.2,0.5,0.5,0.5,0.06501547987616099,0.9122807017543859,0.17863777089783284,11.0
S2,0,W00_C6,ADFNE,12.255024821159545,9.597845819025142,8.032835071703353,5.774185974367067,n.d.,2.171453858816937,7.967035147473189,0.11363636363636365,5.275255862204196,5.100460996218147,0.09090909090909091,5.496247513040553,1.9333960595330018,0.06818181818181818,n.d.,n.d.,0.08333333333333333,0.16666666666666666,0.23484848484848486,1.6376621953095323,1.9619742506739435,2.14211960547076,2.6497055757019625,1.6535136108605057,2.502830825818447,n.d.,0.08333333333333333,0.22163419676943108,2.0,0.7703880315268371,0.3257575757575759,0.3333333333333333,0.3333333333333333,0.3333333333333333,1.0,0.12710698314413485,0.35130718954248363,0.1720969089390142,11.0
S2,0,W00_C6,EVAE,13.736851212281003,8.045235156255266,5.992568511720697,4.22081809796862,n.d.,7.186881131667374,4.012502059910517,0.08333333333333331,1.83566287244425,4.181353368983945,0.06818181818181818,2.7875524329288788,1.4382850226108017,0.11363636363636365,n.d.,n.d.,0.027777777777777776,0.16666666666666666,0.23106060606060602,2.378283067220921,3.0267335257254677,2.3417785845122996,2.635737066868323,2.341040092327504,2.9155115921227948,n.d.,0.08333333333333333,0.2963931065664953,1.0,1.0957437187644627,0.18055555555555566,0.3333333333333333,0.3333333333333333,0.3333333333333333,0.0,0.16111829347123463,0.3735294117647059,0.18849206349206346,11.0
S2,0,W00_C6,KDE,12.453468694033628,9.597034056731466,5.814269687818001,6.1928240235654135,n.d.,4.545125165205002,8.273802286880997,0.11363636363636365,2.243296691147756,3.773578631952581,0.06818181818181818,5.359074284092977,1.762954545322469,0.06818181818181818,n.d.,n.d.,0.08333333333333333,0.1212121212121212,0.23484848484848486,1.6651951419339932,1.9762683933282486,1.4361635756478202,2.6744395013168836,2.6680831975183623,3.0553624005895363,n.d.,0.08333333333333333,0.24029840952812392,2.0,0.8035158065032678,0.2727272727272727,0.3333333333333333,0.3333333333333333,0.3333333333333333,1.0,0.12091503267973856,0.5413533834586466,0.1734126984126984,11.0
S2,0,W00_C7,ADFNE,11.10989956675921,9.3645848847761,5.542978480459455,6.671798333650549,3.978956182696219,6.917889150507143,5.020124318540444,0.196969696969697,5.186020196793909,2.609799654431684,0.06060606060606061,6.4388744716258355,3.3861014563729803,0.10606060606060605,3.3548325694296963,2.428880861048092,0.1313131313131313,0.1111111111111111,0.30303030303030304,1.4462342440879636,1.2262092252375403,2.614204127830603,2.3477401009022603,1.821954620163911,2.1124092327201542,2.0337773417620193,0.3888888888888889,0.31386679444880083,0.3333333333333333,0.8729705723450994,0.24494949494949475,0.3333333333333333,0.41666666666666663,0.3333333333333333,0.75,0.0477207216825024,0.5809523809523809,0.12291666666666667,11.0
S2,0,W00_C7,EVAE,12.693818063316659,11.705398099243917,5.752138296436506,5.895924171095474,6.331825199681581,4.154601438229339,10.40849960742274,0.23333333333333336,3.91948188623454,2.7682690218155273,0.1333333333333333,3.430060896807796,4.286409424632246,0.13333333333333333,4.403272242490717,3.7553689700988464,0.1222222222222222,0.1111111111111111,0.33333333333333337,1.773944958835687,1.0591759078955616,3.6572118524673503,4.424014954139615,1.9613071849309471,1.8829324428107364,2.3812472353162204,0.4444444444444444,0.25856164017994643,0.3333333333333333,2.407901551754817,0.5534188034188033,0.3333333333333333,0.6666666666666666,0.3333333333333333,0.75,0.08553981937602627,0.4649122807017544,0.10625000000000002,10.0
S2,0,W00_C7,KDE,11.599352930437785,9.041958636358288,5.5106133534968,6.127507108019348,3.8213697631445687,6.963983201777441,7.621954950043389,0.196969696969697,4.757995830360795,2.471405586748066,0.13636363636363635,4.854905168481418,3.506134106036282,0.045454545454545456,3.040253021889293,3.250679110191009,0.1313131313131313,0.1111111111111111,0.30303030303030304,1.121149302445707,0.7671179140363554,1.8499236263228136,2.2836641678577356,1.9449199563151076,1.6204625007665674,2.3335272724880394,0.3888888888888889,0.3036180901953063,0.3333333333333333,0.9735007409829421,0.2727272727272727,0.3333333333333333,0.5,0.3333333333333333,0.75,0.04298029556650246,0.6092558983666061,0.11463815789473686,11.0
S2,0,W00_C8,ADFNE,22.6604559843201,n.d.,7.793551926656951,7.2748896842483255,4.482423763862102,n.d.,n.d.,0.36363636363636365,6.885622330918755,1.8602509351589385,0.18881118881118886,6.9932643548924425,2.426709621668885,0.13636363636363635,4.474129391197137,2.372312631335966,0.13986013986013987,0.07692307692307693,0.4195804195804196,1.5233966966779793,1.0453803990880506,1.5175696552120672,n.d.,3.2808771615029535,3.0939425282945883,1.5377434972039632,0.15384615384615385,0.29145088781541706,n.d.,0.809466566738271,0.4324009324009325,n.d.,0.5,0.5,0.6666666666666666,0.06805555555555555,1.05,0.22727272727272724,11.0
S2,0,W00_C8,EVAE,18.678363850828383,n.d.,8.89341247650055,6.724648099439592,5.903024249683101,n.d.,n.d.,0.3333333333333333,8.236046523482814,2.5201714549217935,0.23888888888888887,5.843441172417544,1.5103977360109742,0.10256410256410253,5.102894539812684,0.7297403653697432,0.1533882783882784,0.07692307692307693,0.4423076923076923,1.331968623934619,0.6993968245628157,1.1674919744311685,n.d.,2.7682014287805816,3.7841188659833245,4.070239425344309,0.23076923076923078,0.29514090587460706,n.d.,0.9818088383616939,0.1051587301587302,n.d.,0.6666666666666666,0.3333333333333333,0.6666666666666666,0.05,0.8882352941176471,0.18611111111111106,10.0
S2,0,W00_C8,KDE,21.898213724575353,n.d.,6.937877777868539,7.29012476989757,6.091996789721251,n.d.,n.d.,0.36363636363636365,6.811852455158746,2.1285221524673297,0.18881118881118886,4.669246388321339,3.8642265944704013,0.13286713286713286,6.050329976123194,1.163601832560349,0.13986013986013987,0.07692307692307693,0.40559440559440557,1.442913796577356,1.1560639838530673,2.3140424395373005,n.d.,3.3841968251546803,2.831740626624846,1.967278977994797,0.15384615384615385,0.26732794278128713,n.d.,0.9455174741825656,0.6142191142191142,n.d.,0.5,0.3333333333333333,0.6666666666666666,0.05818713450292397,1.211764705882353,0.2275252525252525,11.0
S2,1,W01_C1,ADFNE,23.22101628959245,n.d.,5.972361097745106,5.975407301977006,n.d.,n.d.,n.d.,0.28409090909090906,3.8805780364945486,2.4132354379823733,0.051136363636363646,3.4891073135123305,3.1266971962038284,0.26704545454545453,n.d.,n.d.,0.0625,0.09090909090909091,0.35795454545454547,3.5119962495915624,4.168252062905056,2.9633467960426163,n.d.,2.0255179318492718,7.765066185307638,n.d.,0.45454545454545453,0.140987512232962,n.d.,1.695452468453095,0.5056818181818181,5.0,0.5,0.4,n.d.,0.1225,1.3866666666666667,0.28516129032258064,16.0
S2,1,W01_C1,EVAE,21.645441674172208,n.d.,7.7908606679176895,5.275491240271737,n.d.,n.d.,n.d.,0.2424242424242424,5.204203585127343,3.751545489994262,0.09696969696969698,3.6194800089506076,3.655289500308931,0.24025974025974026,n.d.,n.d.,0.06666666666666667,0.02632575757575758,0.3500631313131313,2.5461866247595877,2.7028954810784427,1.4012744495538942,n.d.,2.9002100103512998,7.102126837856514,n.d.,0.36363636363636365,0.0727729880318356,n.d.,0.7119531021455585,0.1388888888888889,4.0,0.25,0.4,n.d.,0.13176638176638178,1.4772727272727273,0.3015151515151515,15.0
S2,1,W01_C1,KDE,23.03559325796624,n.d.,5.506953099989004,6.534936850698367,n.d.,n.d.,n.d.,0.2215909090909091,2.8411858849031297,2.7374049977163537,0.07386363636363635,4.283466155769877,2.492577366364518,0.32954545454545453,n.d.,n.d.,0.0625,0.03409090909090909,0.3522727272727273,3.2955500865196123,3.0978064317092064,3.249179243783268,n.d.,1.273325516796572,7.672010222440949,n.d.,0.45454545454545453,0.1421912561590621,n.d.,1.6518836220890374,0.5056818181818181,4.0,0.5,0.6,n.d.,0.1111111111111111,1.4363929146537842,0.2834224598930481,16.0
S2,1,W01_C2,ADFNE,13.72317605655286,n.d.,6.521869843143133,6.374691758658686,n.d.,n.d.,n.d.,0.34375,4.133679957247246,3.21985213233844,0.0625,4.098812277333309,2.1045761709439703,0.04999999999999999,n.d.,n.d.,0.1,0.2375,0.375,2.0346290799662534,1.0640796432680166,4.767324993352572,n.d.,1.6491760715028914,3.0125697701562077,n.d.,0.6,0.20988235540554012,n.d.,1.8388567909349103,0.36250000000000004,n.d.,0.5,0.75,1.0,0.04558404558404558,1.028985507246377,0.2064358001265022,16.0
S2,1,W01_C2,EVAE,17.279145586853094,n.d.,6.03106461540201,5.138846614834737,n.d.,n.d.,n.d.,0.32291666666666663,4.745879833674258,2.3922829803137757,0.15000000000000002,3.472488635214841,2.0664612567745904,0.09910714285714284,n.d.,n.d.,0.037500000000000006,0.17083333333333334,0.4142857142857143,1.2952098368327882,0.5777640109087232,3.6819810627485925,n.d.,3.2988243156545103,3.535646215117744,n.d.,0.5,0.3476839579954958,n.d.,0.760824557516814,0.16428571428571426,n.d.,0.25,1.0,0.0,0.03886693017127799,0.9710144927536233,0.19273399014778322,15.0
S2,1,W01_C2,KDE,14.83529099351794,n.d.,5.147877165617798,4.34816824515019,n.d.,n.d.,n.d.,0.34375,3.6974484793546116,2.4538121364047294,0.08750000000000002,2.570121788958443,3.048880717500479,0.04999999999999999,n.d.,n.d.,0.037500000000000006,0.26875,0.4,2.0837869258747412,0.49068985117981356,6.034719904032725,n.d.,2.2228206338368315,1.7110958565682641,n.d.,0.6,0.24810079166833923,n.d.,2.0658155157995353,0.55,n.d.,0.25,0.5,1.0,0.08333333333333333,1.1142857142857143,0.2307347670250896,16.0
S2,1,W01_C3,ADFNE,11.753616714051674,10.036148953714335,7.324537115652744,4.788848067301795,n.d.,9.820379015204118,4.068257830324201,0.03125,6.563868994689866,1.2920479229208652,0.125,1.9127538534787487,2.6178081854523008,0.0625,n.d.,n.d.,0.0625,0.0625,0.1875,3.8127684668928055,2.2910581070218066,7.005693211577023,2.6237594825549593,12.480546397255397,1.8923293523523186,n.d.,1.0,0.15736263816019708,2.0,3.139575054162866,0.5,1.0,2.0,0.5,n.d.,0.1318840579710145,0.43999999999999995,0.12310606060606062,16.0
S2,1,W01_C3,EVAE,12.390459600711013,11.940215678184824,8.917921313138018,4.757916774683142,n.d.,11.095316165935605,3.9899131717032548,0.07589285714285715,7.0151713054585745,2.978144902115382,0.07291666666666666,2.4511772964877907,3.0724137504137508,0.04999999999999999,n.d.,n.d.,0.06904761904761905,0.058333333333333334,0.18571428571428572,2.8246355468214484,1.7349001324527538,6.612021250040083,3.3174403925708544,9.868156885676422,1.7955683756289178,n.d.,0.875,0.27904481031709344,1.0,1.4233741839709433,0.0892857142857143,0.6666666666666666,1.0,0.5,n.d.,0.10317460317460317,0.36231884057971014,0.11485507246376811,15.0
S2,1,W01_C3,KDE,11.145182528958227,10.09642570786357,7.609640930643371,5.822002430724767,n.d.,9.785607022542854,3.652777841841031,0.0,7.215420641109729,1.8310566113383615,0.0625,4.5424437569214025,3.6965441490568685,0.0625,n.d.,n.d.,0.09375,0.0625,0.125,3.380331660080313,1.440820930712528,7.509989143873921,2.9657961635938763,11.986060907928627,2.0080724002464967,n.d.,1.0,0.2947030389656914,2.5,3.2072646166571905,0.25,1.0,1.5,0.5,n.d.,0.16,0.5692307692307692,0.14260670731707317,16.0
S2,1,W01_C4,ADFNE,21.926098461128547,n.d.,7.041854305475083,n.d.,n.d.,n.d.,n.d.,0.25,6.7468626852195115,1.8450926615346734,0.3125,n.d.,n.d.,0.0625,n.d.,n.d.,0.0625,0.0625,0.34375,2.3006310986469773,2.580299841334576,2.010091600513239,n.d.,1.9248758909534018,n.d.,n.d.,1.0,0.46052289682878356,n.d.,3.147775932428676,0.3125,5.0,0.2,2.0,1.0,0.12771739130434784,1.2606896551724138,0.2792207792207792,16.0
S2,1,W01_C4,EVAE,26.441542980743176,n.d.,9.712617270743657,n.d.,n.d.,n.d.,n.d.,0.22023809523809523,9.321325346644104,5.357941474200183,0.425,n.d.,n.d.,0.14166666666666666,n.d.,n.d.,0.058333333333333334,0.07142857142857142,0.4833333333333333,1.7992945281365103,2.2578636328506345,0.8285330513723221,n.d.,3.38675054014315,n.d.,n.d.,0.875,0.5107939262974434,n.d.,1.316130224633146,0.3392857142857143,4.0,0.5,3.0,1.0,0.08514492753623187,0.9808612440191387,0.2128623188405797,15.0
S2,1,W01_C4,KDE,22.029577039977,n.d.,8.227291259496742,n.d.,n.d.,n.d.,n.d.,0.25,8.013543938895683,2.908252025565817,0.375,n.d.,n.d.,0.125,n.d.,n.d.,0.0625,0.0625,0.375,2.025083358798714,2.077336049295959,1.4753976322009754,n.d.,1.9316614211046748,n.d.,n.d.,1.0,0.6049791625860905,n.d.,3.428995640664114,0.3125,5.0,0.2,3.0,1.0,0.16333333333333333,1.8516483516483517,0.3631336405529954,16.0
S2,2,W02_C1,ADFNE,17.295602608352567,8.74745855083108,8.157692618378908,n.d.,n.d.,5.042146537122155,6.457078127721828,0.125,5.057973183696247,2.3681771524740896,0.12946428571428573,n.d.,n.d.,0.0625,n.d.,n.d.,0.053571428571428575,0.08035714285714285,0.2767857142857143,4.388162300944124,5.87253472565813,4.520442723068678,5.048849969538975,4.353985098056074,n.d.,n.d.,0.14285714285714285,0.36928663016237434,0.4,0.6220470353874459,0.3035714285714286,0.14285714285714285,0.8333333333333333,1.0,1.0,0.08675213675213676,0.9092530657748048,0.1543103448275862,16.0
S2,2,W02_C1,EVAE,15.754407452306872,8.813671218797563,8.640085244399202,n.d.,n.d.,5.893956145344284,6.971019530813245,0.17708333333333334,6.143651466863719,3.0157816467018277,0.07142857142857142,n.d.,n.d.,0.14285714285714285,n.d.,n.d.,0.07142857142857142,0.07142857142857142,0.2681197478991596,3.3262065517608796,5.044971911782382,2.4519929830132634,3.398851196733554,4.228932591857793,n.d.,n.d.,0.07142857142857142,0.31622041102383536,0.30000000000000004,1.4360385145038892,0.2012362637362637,0.2857142857142857,0.3333333333333333,2.0,1.0,0.13522267206477734,1.2242424242424241,0.21125356125356126,14.0
S2,2,W02_C1,KDE,17.711963011304135,9.589130233218128,8.623078078397672,n.d.,n.d.,7.909121276463255,5.677156463059955,0.15625,4.9433282328779,2.4398879040536716,0.16071428571428573,n.d.,n.d.,0.11607142857142858,n.d.,n.d.,0.053571428571428575,0.08035714285714285,0.2767857142857143,4.0708564455073155,5.365098376891749,4.84924102618357,4.693929537019169,4.722800075400368,n.d.,n.d.,0.14285714285714285,0.28234308140153797,0.4,0.7663684718665961,0.1875,0.21428571428571427,1.0,2.0,1.0,0.07750000000000001,0.6068783068783069,0.10714285714285715,16.0
S2,2,W02_C2,ADFNE,10.334479628409728,7.169064629464373,7.307194423375117,5.238475649991951,n.d.,5.735607844261111,1.9731095013259834,0.07500000000000001,4.01730555717017,5.0849031004615215,0.1875,4.0734705304906065,2.289547435059544,0.0625,n.d.,n.d.,0.0625,0.0625,0.2,4.638150738252345,5.663702394879826,5.712276803120682,4.616654095763224,5.6043495946793005,4.835709160700511,n.d.,0.6,0.13963737143854227,0.4,0.8842364070898422,0.22499999999999998,1.0,0.2,0.5,n.d.,0.13043478260869565,0.7257187257187258,0.1834733893557423,16.0
S2,2,W02_C2,EVAE,10.55253759505361,7.4309632705920645,5.531438630553116,5.217133363920803,n.d.,6.024902042624981,3.6625528706045696,0.07980769230769233,2.786252915522137,3.773992822827571,0.16666666666666669,3.8537019181866077,1.9260837060858416,0.0786764705882353,n.d.,n.d.,0.07692307692307693,0.06458333333333333,0.21764705882352942,3.8100231660223143,5.085067967989485,4.420037202605226,3.3708328253675033,5.540817522416147,5.414612993585349,n.d.,0.45,0.14517398674946763,0.4,1.3641171900646407,0.21071428571428574,0.6666666666666666,0.4,0.5,n.d.,0.08545454545454545,1.2422222222222223,0.24107142857142855,14.5
S2,2,W02_C2,KDE,11.240882653062805,5.757162864498083,6.88312230098032,5.2505002551058695,n.d.,3.92275559391934,1.799853510599862,0.07500000000000001,2.904788722595541,5.02283003248154,0.1875,3.3052892914134997,2.7417590553865323,0.07500000000000001,n.d.,n.d.,0.0625,0.0,0.2,4.417380373200943,5.420986589889965,6.038876478997283,4.133501682986208,5.224251692996871,4.69658284799794,n.d.,0.6,0.12299283833043823,0.4,0.9597637190850563,0.25,1.0,0.30000000000000004,0.5,n.d.,0.150997150997151,0.71360153256705,0.18760262725779964,16.0
S2,2,W02_C3,ADFNE,13.522929064820898,n.d.,5.486081804607732,5.136415757156757,2.836399251993875,n.d.,n.d.,0.2916666666666667,2.3560692917207393,1.952892790518526,0.125,3.7419684091870566,2.1164172303529405,0.09375,2.008924470861716,1.594954267114899,0.21875,0.10416666666666666,0.4166666666666667,2.0726284335172114,1.0072577855669467,1.1074067953301114,n.d.,5.576089745266881,5.603012619603193,1.430193865762559,0.3333333333333333,0.0957265586320513,n.d.,1.3200041858146923,0.4583333333333333,5.0,1.0,0.3333333333333333,0.8333333333333333,0.06896057347670251,1.1657376439985134,0.24247400109469072,16.0
S2,2,W02_C3,EVAE,13.026281541222378,n.d.,6.249702435045148,4.549534625500836,3.577912807204042,n.d.,n.d.,0.22916666666666669,2.2658449935884413,2.4156200937249217,0.07575757575757575,3.077888722761185,2.2671142263699284,0.10714285714285715,3.3574938431641925,0.7051368900733375,0.1875,0.09249084249084248,0.3333333333333333,1.5467589874946266,0.4985887828839014,1.3192575241045819,n.d.,5.17247177768448,7.2979701039818385,1.7059719804897289,0.16666666666666666,0.11506551092416825,n.d.,0.6636172946457126,0.08333333333333331,4.0,0.3333333333333333,0.3333333333333333,0.6666666666666666,0.05555555555555555,0.6767676767676767,0.1486111111111111,14.0
S2,2,W02_C3,KDE,12.653993333096512,n.d.,5.820208139601961,6.16988071054606,3.0652617006575342,n.d.,n.d.,0.22916666666666669,3.186468494004881,2.2307883722351356,0.0625,5.6205516978184304,2.754409612825148,0.0625,1.932734269131779,1.788553697182581,0.15625,0.10416666666666666,0.3541666666666667,1.9067146246373436,0.834368186883232,1.4530725231083796,n.d.,4.7552317279299015,5.386558444625065,1.0374108314518224,0.3333333333333333,0.06374554738528412,n.d.,1.2109471642961647,0.4583333333333333,4.0,0.6666666666666666,0.3333333333333333,0.5,0.10842293906810035,1.28639846743295,0.2566738816738816,16.0
S2,2,W02_C4,ADFNE,15.756328022943638,12.767001985690325,n.d.,9.947786575493158,2.9622212040327076,12.58943277923419,7.463474630919477,0.13068181818181818,n.d.,n.d.,0.28409090909090906,9.98900548573193,2.3123122321762573,0.29829545454545453,2.3933900868117632,1.2991095869416736,0.18181818181818182,0.03409090909090909,0.4630681818181818,2.691247885313251,2.1184692119134603,1.6970753004375232,3.1980313993715495,n.d.,5.016287427996088,4.918586402455745,0.45454545454545453,0.11517136180122087,6.0,1.8519661638764457,0.5056818181818181,1.5,5.0,0.5,1.0,0.13392857142857142,1.343822843822844,0.2461117511520738,16.0
S2,2,W02_C4,EVAE,16.54359595485619,17.280852398764463,n.d.,11.598271785163778,2.5936080492858222,17.273656767622036,7.74845906275644,0.1509024064171123,n.d.,n.d.,0.2215909090909091,10.951562992001126,2.2556502361535227,0.23916083916083913,1.353567455707521,2.1259206154645938,0.1103896103896104,0.06934731934731934,0.37803030303030305,2.494650426041586,1.3297169236134632,1.5693134556975408,4.415231218797008,n.d.,5.133330633945008,7.293008389223501,0.2727272727272727,0.07202090585056414,2.0,1.02623779888789,0.06845238095238096,1.5,4.0,0.4,0.5,0.054411764705882354,0.6628959276018099,0.1329513814521311,14.0
S2,2,W02_C4,KDE,15.003733721254516,13.324358391917695,n.d.,7.74348809805949,2.886934749374852,13.263555574650432,5.888767592807343,0.13068181818181818,n.d.,n.d.,0.2215909090909091,7.15251809124361,2.1543699588516025,0.26704545454545453,2.8765264060418523,0.8320898157922088,0.11931818181818182,0.0625,0.41477272727272735,2.428605007274178,1.2914928107330448,2.5619085897680187,2.1796358368822677,n.d.,3.677958453480743,6.557934356682961,0.45454545454545453,0.05914991432214238,5.0,1.9732181641782849,0.5056818181818181,1.5,4.0,0.4,0.5,0.14303959131545338,1.1948717948717948,0.2375992063492064,16.0
S2,2,W02_C5,ADFNE,11.224013546883162,8.33016535844323,6.995094861675116,4.590502188535044,n.d.,7.36520241962653,4.267664918796146,0.0625,3.7403552129663673,2.900465876324179,0.15625,3.776316206432716,1.7947837570819947,0.09375,n.d.,n.d.,0.03125,0.125,0.25,1.2732343398415376,0.6796064816086145,2.2590158580629605,2.3744225251411955,1.7984823695635872,2.0665363053158883,n.d.,0.0,0.14406452862617897,1.5,0.5783992363759873,0.1875,0.2,0.8333333333333333,0.30000000000000004,n.d.,0.0750858123569794,0.7550877192982456,0.14999999999999997,16.0
S2,2,W02_C5,EVAE,14.21071899113992,14.683555326480676,7.200658340313108,4.845670167369992,n.d.,14.709671360627407,3.671504466544993,0.05416666666666667,2.3476848659416434,4.962660753954385,0.07074175824175824,2.989865380002485,4.61655716670443,0.08173076923076922,n.d.,n.d.,0.06666666666666667,0.08333333333333334,0.1943681318681319,1.568585807718668,0.3568696846701683,3.933692447293132,5.438370870245951,2.0642528834013154,1.7425921141150238,n.d.,0.125,0.05944200076924784,0.5,1.5703867775054818,0.1298076923076923,0.2,0.3333333333333333,0.4,n.d.,0.04736842105263159,0.3151997641161728,0.0760423786739576,14.0
S2,2,W02_C5,KDE,13.271625038844041,11.582916104761328,6.81557353955325,5.542482090633744,n.d.,10.975965055276987,3.8344517203967516,0.0625,3.7697510525227123,3.346524724830756,0.15625,3.0754856619410917,3.483742860528974,0.1875,n.d.,n.d.,0.0625,0.125,0.3125,1.0801322127913653,0.6356598049752338,1.9196843721791024,2.332562621693587,1.917280994231518,1.4712017768106018,n.d.,0.0,0.12402386592475458,2.5,0.6077777404023865,0.4375,0.2,0.8333333333333333,0.6,n.d.,0.09095816464237517,0.9689501531606795,0.16967418546365914,16.0
S2,2,W02_C6,ADFNE,11.549756424151788,5.580998876362267,n.d.,5.077303690680905,n.d.,4.087751852131577,2.846237221622628,0.05357142857142855,n.d.,n.d.,0.24107142857142858,3.886659758145885,2.4427462989806963,0.24107142857142855,n.d.,n.d.,0.008928571428571425,0.0625,0.3303571428571428,2.0037338328415757,2.38845349763137,1.8205935569853153,2.1316360589449665,n.d.,2.554596792221526,n.d.,0.14285714285714285,0.16327169292534494,n.d.,1.4686453581190482,0.6071428571428572,0.0,4.0,0.5,0.0,0.07692307692307693,1.105072463768116,0.22777777777777775,16.0
S2,2,W02_C6,EVAE,11.467670255372205,6.433570959230358,n.d.,5.243114300056099,n.d.,3.1720349785039916,3.8159860962188485,0.12087912087912084,n.d.,n.d.,0.17857142857142858,3.118025916377915,4.615451445086881,0.20604395604395603,n.d.,n.d.,0.07142857142857142,0.07142857142857142,0.3184981684981685,1.7977946830455638,0.8666271517885532,3.5835483232585132,3.8478591726515305,n.d.,2.601302774734704,n.d.,0.07142857142857142,0.0465467180353077,n.d.,0.8636046957674269,0.22733516483516486,0.3333333333333333,2.0,0.5,1.0,0.08893280632411067,0.8695652173913043,0.18874643874643876,13.5
S2,2,W02_C6,KDE,12.243001628827805,6.38586175958552,n.d.,5.131440954134687,n.d.,4.862781037441485,1.5783808320261103,0.05357142857142855,n.d.,n.d.,0.24107142857142858,3.672618943623702,3.4972058690770735,0.24107142857142855,n.d.,n.d.,0.053571428571428575,0.0,0.30357142857142855,1.3929048298347333,0.8138482138934228,1.144411277828166,2.282290659739854,n.d.,2.0695795642179586,n.d.,0.14285714285714285,0.17477274128354092,n.d.,1.450125978822577,0.7321428571428572,0.0,4.0,0.5,1.0,0.1225,1.5348148148148146,0.29969574036511154,16.0
S2,3,W03_C1,ADFNE,13.80902414234119,6.016420875615107,4.441960634610139,5.453677601342378,n.d.,2.7247864162333792,3.3804744796937674,0.15000000000000002,2.849639055150842,1.967913385020248,0.19583333333333333,5.253751741473173,2.3615358726664457,0.058333333333333334,n.d.,n.d.,0.06666666666666667,0.0625,0.2833333333333333,1.7634806219198538,3.1576175212719924,1.741487227770091,2.6283394109634926,2.745310629043808,3.2578553544055295,n.d.,0.0625,0.21170841999725923,4.0,0.8819036282954466,0.19999999999999996,0.5,0.38888888888888884,0.5,n.d.,0.07091503267973857,0.3351871657754011,0.13078703703703703,15.0
S2,3,W03_C1,EVAE,17.91431168760039,5.452372953888416,4.63082455954502,5.056501295272988,n.d.,2.6736436055303,2.064995042415142,0.22058823529411764,2.3823292337983024,2.3307976575580778,0.29280303030303034,5.056501295273,2.8833073068452957,0.041666666666666664,n.d.,n.d.,0.07738095238095238,0.05555555555555555,0.35625000000000007,1.3734260519580932,2.013355804897918,1.0756904498745934,2.2193034824305204,2.0948662216050797,5.175863851573501,n.d.,0.125,0.11229482823114523,2.0,1.4037578969223299,0.5052447552447552,1.0,0.5555555555555556,0.25,n.d.,0.07838446383338026,0.3086956521739131,0.1125408496732026,16.5
S2,3,W03_C1,KDE,12.931484424524978,5.987137372992956,5.367050883943302,5.6622090145692825,n.d.,3.554111251361289,2.8765912492174652,0.11666666666666667,3.4479186224145906,2.817510288580464,0.22916666666666669,5.53081958219119,3.78785901903378,0.07500000000000001,n.d.,n.d.,0.13333333333333333,0.0625,0.29375,1.5981295321083477,2.3009080880680735,1.3049226600255208,2.504212015280559,2.0925285835587952,2.7651765916659428,n.d.,0.0625,0.15830720990377192,4.5,0.917933813984223,0.26249999999999996,0.375,0.4444444444444444,0.5,n.d.,0.06091503267973858,0.7069716775599129,0.15155228758169934,15.0
S2,3,W03_C2,ADFNE,9.964878599815343,5.944715283165911,5.610361087011398,4.4061309484894275,n.d.,2.991006657364841,3.056401319336877,0.011111111111111127,3.1702238473679305,1.9153366641890903,0.16666666666666669,2.6167110057093628,1.6513368269325372,0.04444444444444444,n.d.,n.d.,0.06666666666666667,0.06666666666666667,0.2277777777777778,1.4950844089213988,0.6601573900608779,2.5306268787973725,1.8335078263040847,3.221856059309985,1.8942538868874377,n.d.,0.16666666666666666,0.297719311756522,1.25,0.8987130713010084,0.2319444444444445,0.14285714285714285,0.4444444444444444,0.5,n.d.,0.08347826086956522,0.7148821548821549,0.1509926854754441,15.0
S2,3,W03_C2,EVAE,12.839348790028527,5.632707919643708,5.265214202736246,3.4280977741606375,n.d.,4.451096974830962,2.5148336738437678,0.1111111111111111,2.1608173285049945,2.120894785313869,0.23863636363636365,2.209365114020482,2.0866111092166273,0.1111111111111111,n.d.,n.d.,0.09090909090909091,0.058823529411764705,0.27350427350427353,1.046770056685899,1.1502005718367954,0.48569216600573895,1.9909220086030681,2.710062190315055,2.6472341844875644,n.d.,0.2777777777777778,0.2083453762108457,0.5,1.0270559024046613,0.26869658119658113,0.14285714285714285,0.5555555555555556,0.5,n.d.,0.1213235294117647,0.6626794258373205,0.1487179487179487,13.0
S2,3,W03_C2,KDE,8.270619935108389,6.664754392077351,5.155832986529863,4.693589159216877,n.d.,4.124317482033666,4.688784493626518,0.011111111111111127,2.279588133446123,3.471123293528745,0.16666666666666669,3.811096896699863,3.0009406162018686,0.06666666666666668,n.d.,n.d.,0.1,0.0,0.22222222222222224,1.3882008422665182,0.6915116812758249,1.9230683628041008,1.8616151964472625,3.1371838851418445,2.02290486215378,n.d.,0.16666666666666666,0.2091698355854182,2.5,1.1043330029607832,0.2319444444444445,0.14285714285714285,0.4444444444444444,0.5,n.d.,0.15384615384615385,1.48177426438296,0.25476190476190474,15.0
S2,3,W03_C3,ADFNE,9.232107960096585,5.953418411317651,4.146394947405836,6.2385269202413545,7.757673809836346,4.8047533558975015,2.435703892688008,0.06666666666666671,3.199710310396428,1.8269796170524195,0.1111111111111111,2.835245373935782,2.8947396511209087,0.0888888888888889,6.226178483905196,3.653935999976637,0.04444444444444444,0.0,0.15555555555555559,1.5375680742993687,0.8169918926133912,2.202097297382746,2.2460372814072462,1.9966200295701253,1.819275363846657,3.259130418703179,0.16666666666666666,0.3122556080485106,1.75,0.532841591635627,0.2763888888888889,0.0,0.375,0.5,0.5,0.05007575757575758,0.606060606060606,0.13277777777777777,15.0
S2,3,W03_C3,EVAE,14.275663737310857,7.401974429721683,5.885342190058179,4.977608621923313,8.654495644287076,5.465745512912161,3.320367068822894,0.12820512820512825,4.753234206374462,3.0814335270524253,0.1717171717171717,4.10038493954655,1.1835015639388065,0.05555555555555555,8.115439217675238,5.963960457746936,0.041208791208791215,0.05718954248366013,0.2588522588522588,0.9849181099748212,0.3139633540758785,0.9247018139593155,2.4435682260426246,2.2214572345401455,2.7828753372192785,3.8437547159100593,0.2777777777777778,0.27827864708569944,0.5,1.3048033312631966,0.15758547008547008,0.3333333333333333,0.5625,0.5,0.5,0.038277511961722493,0.18787878787878792,0.06818181818181815,13.0
S2,3,W03_C3,KDE,10.634148922352345,5.7188998874797115,4.675811435252147,3.6870314775851427,8.88833507023463,4.497711094486807,2.3547096557633944,0.06666666666666665,3.7630315763261786,1.2980621409574313,0.17777777777777776,2.027019174737048,1.9521120423891567,0.0888888888888889,8.889200295459343,2.3426435974687316,0.0888888888888889,0.06666666666666667,0.17777777777777778,1.484222595925715,0.8198506641527028,2.613533272996568,2.512925079244009,2.1102047421910823,2.5983298758507534,3.4549547042162065,0.16666666666666666,0.2942913556307708,2.0,0.48202078548444915,0.20972222222222225,0.16666666666666666,0.5,0.5,0.5,0.05744255744255744,0.8584415584415584,0.1612903225806452,15.0
S2,3,W03_C4,ADFNE,11.515251282713287,10.412282841878408,5.344785273292018,7.301189507664443,6.113924651354491,9.330305438440064,7.437392825528684,0.08750000000000002,4.126271938394967,2.513158495388601,0.10416666666666669,7.343947145749937,2.346020507578057,0.07500000000000001,3.750506486131536,4.432105078903826,0.058333333333333334,0.0,0.17083333333333334,1.4826304026833432,1.2819986683460245,1.5215677202667321,3.287450026341242,1.5812720898406785,2.618165927194983,2.397482383937999,0.0625,0.2285853917438125,n.d.,0.712201150359508,0.24583333333333335,0.2,0.2857142857142857,0.5,0.5,0.05192307692307692,0.9066666666666666,0.18583333333333335,15.0
S2,3,W03_C4,EVAE,16.36786167100663,12.274169151351547,7.679304609626609,6.93503738988653,6.9695768492105765,9.129822171289383,7.92868907828212,0.10416666666666669,5.291238089069937,3.290780655290102,0.1695574162679426,6.704479484185547,3.163463560698978,0.08082706766917293,5.789413893301608,5.325117957409326,0.0465686274509804,0.054093567251461985,0.25,1.0967410033084093,0.5395694817435415,0.5812684250131928,3.6071342256404333,2.124462947133028,1.5629051120556747,2.5176863132306835,0.1875,0.1331763592066411,n.d.,1.4613138035047917,0.2556818181818182,0.4,0.5,0.5,0.5,0.03933823529411765,0.5307359307359307,0.13014705882352945,13.0
S2,3,W03_C4,KDE,12.43979615171878,10.332971659153895,5.7770585879087,4.796773667463864,5.849413265928797,9.994108707329127,5.738659896423322,0.08750000000000002,3.1730389617601533,1.828545333035012,0.1375,3.9165556566974056,2.04381848741245,0.07500000000000001,2.3790065747475015,4.3477653239728795,0.058333333333333334,0.0,0.17083333333333334,1.5602045709960763,0.5106752433031853,1.596762882359808,3.6910037757065495,1.6817042684557362,1.518222071840282,2.4380831009739437,0.0625,0.1400231764402457,n.d.,0.6662411701527676,0.3125,0.2,0.3571428571428571,0.5,0.5,0.05692307692307692,1.0123076923076924,0.2206653225806452,15.0
S2,3,W03_C5,ADFNE,10.245347003905177,7.879641220017453,9.045355789180167,7.720537880430586,6.915603407918827,7.759030043831423,0.8941369829751462,0.028571428571428525,4.91277652534373,7.763840883705328,0.11904761904761904,5.560103154256181,5.640134781551646,0.08095238095238094,6.690051460843075,5.567673591574492,0.07619047619047618,0.03333333333333333,0.18571428571428567,1.428159799241559,1.5819336921647142,1.3741518774876926,2.322407114738226,2.5648367780110677,1.586019195307791,2.68997511529646,0.07142857142857142,0.11918529851194405,n.d.,0.706095057697224,0.16607142857142865,0.0,0.6666666666666666,0.3333333333333333,0.5,0.11805555555555555,1.2727272727272727,0.2592592592592593,15.0
S2,3,W03_C5,EVAE,12.617070869763564,9.374988391164065,10.415231018084155,5.8749996042749935,8.535089278422268,9.215211091212616,2.652154112643556,0.13562753036437247,7.715651774816816,7.422401363504212,0.06593406593406592,4.1030079187187445,3.879605097521617,0.10121457489878544,8.526679028557567,1.6506698072780281,0.06593406593406592,0.07692307692307693,0.2321428571428571,1.0604217366540944,0.7810131458213315,1.1018950533401128,2.819584715293944,2.0623132752269764,1.484308654143024,1.67732376497307,0.07142857142857142,0.07363244203434681,n.d.,0.9895396647626699,0.20167332667332663,0.5,0.3333333333333333,0.3333333333333333,0.5,0.07989417989417989,0.734006734006734,0.16666666666666663,13.0
S2,3,W03_C5,KDE,10.995567770688965,10.89358336775469,8.584402936498758,7.506276968553319,5.92670610270339,11.088942364625977,2.4669604869245236,0.028571428571428525,6.7797933482312995,7.829623359203097,0.11904761904761904,5.612347160755682,6.105419642215226,0.08095238095238094,5.917554392271146,1.8656192611605174,0.07619047619047618,0.0,0.1857142857142857,1.2493039803115775,0.9502728585388631,1.3993133069687569,2.943578890385589,1.6729651193412378,2.432549792795926,2.2806615731162383,0.07142857142857142,0.08736328689399044,n.d.,0.8605831007122426,0.26666666666666666,0.0,0.6666666666666666,0.3333333333333333,0.5,0.1225,1.358974358974359,0.278494623655914,15.0
S2,3,W03_C6,ADFNE,11.426530575398779,5.734057195456286,10.112848614838622,10.621151645773997,n.d.,3.4752327080402,2.2703885936625863,0.033333333333333354,2.420317791660609,9.536391248481749,0.17948717948717946,10.155828468969514,4.165005807797203,0.046153846153846156,n.d.,n.d.,0.056410256410256404,0.16410256410256413,0.2512820512820513,1.3980103967310695,1.8656111569793654,1.927093112334174,3.606896530622312,2.5020429769649226,3.340424637826687,n.d.,0.15384615384615385,0.24593098753360487,n.d.,1.706854530154077,0.2070512820512821,0.2,1.5,0.5,1.0,0.0582010582010582,0.6353623188405798,0.16397849462365593,15.0
S2,3,W03_C6,EVAE,11.557444722095546,5.730037567295076,9.596047090810572,8.202801760318936,n.d.,4.0298859496869435,3.3788418087833083,0.07692307692307693,4.102262452197995,8.67450681865661,0.13636363636363635,8.20280176031893,4.160231188285251,0.07918552036199095,n.d.,n.d.,0.07692307692307693,0.15384615384615385,0.2722473604826546,1.5220806204841582,0.7060753952711818,2.349034011121387,3.4930647733215014,3.748088576104408,4.781021778430606,n.d.,0.07692307692307693,0.19213746695712894,n.d.,1.0454529654477889,0.2636217948717949,0.2,1.0,0.5,1.0,0.07267156862745097,0.3333333333333333,0.1318840579710145,12.0
S2,3,W03_C6,KDE,9.854603671866952,5.110273680308546,7.475630726361267,8.968400719764478,n.d.,3.548474763432285,2.3631403568727807,0.015384615384615385,3.1967095841944118,7.983932714857486,0.17948717948717946,8.721631169542983,3.7507845069220136,0.046153846153846156,n.d.,n.d.,0.056410256410256404,0.23076923076923078,0.2512820512820513,1.3238446168053315,0.8911266530708378,1.8569407089800931,2.800793554622517,3.1306718764357626,4.016560987398728,n.d.,0.15384615384615385,0.26759038229406135,n.d.,1.7355635153142466,0.2070512820512821,0.2,1.5,0.5,1.0,0.05,0.7999999999999999,0.1935483870967742,15.0
S2,3,W03_C7,ADFNE,14.338226587638324,12.950195513447195,8.795403299385697,5.192977158215797,4.407556488011917,12.730680521236884,6.898506692027982,0.18571428571428575,5.357261239796884,5.336882574066472,0.11904761904761904,3.913059908530392,4.067738607674023,0.08571428571428569,4.045627261778035,2.4375808348402215,0.07619047619047618,0.14285714285714285,0.2928571428571428,1.3489234789065976,0.7161426313442559,1.4152776751840324,2.3014041711452187,1.9162043277451113,2.516062738898074,2.8036856734885567,0.07142857142857142,0.08495420643423998,2.5,1.0638208626429075,0.2,1.0,0.6666666666666666,0.25,0.5,0.05416666666666667,0.4285714285714286,0.12272727272727273,15.0
S2,3,W03_C7,EVAE,13.500441891496866,10.598256458070342,7.450022743111004,4.684061106885146,5.588672083145463,10.30323796738766,7.202181841870387,0.09340659340659344,4.878323112740167,5.170127669531375,0.09340659340659344,2.7907299615817442,2.8413511493219197,0.054945054945054916,5.592866497296892,2.6829205895041954,0.05194805194805194,0.05573593073593073,0.2058531746031746,0.9682018175639437,0.5025463846102616,1.9503394914124716,2.4491099285634546,3.3847789596423823,2.2536860479517076,0.843957034105759,0.14285714285714285,0.12017248588426474,1.0,0.7407401395535974,0.24093614718614714,0.3333333333333333,0.3333333333333333,0.25,0.5,0.03125,0.3194444444444444,0.07435406698564594,13.0
S2,3,W03_C7,KDE,14.196921591144033,14.200864339135546,6.113051036589324,4.475039441802895,4.891820278811923,13.774097933935863,6.420910686225873,0.11904761904761904,5.811898809501871,3.822134617040475,0.05238095238095239,2.434708977364594,2.74422496398419,0.08571428571428569,3.2581140477046295,3.262545011279311,0.05714285714285716,0.07619047619047618,0.23809523809523808,1.1409873328453755,0.6494908954553438,1.7711230597481964,2.216302378929908,2.177094039685668,2.1063918510615096,1.6114085138522323,0.07142857142857142,0.13253685103731822,5.0,1.2645921265002817,0.29940476190476195,0.6666666666666666,0.3333333333333333,0.25,0.5,0.0680952380952381,0.987192118226601,0.18822624743677374,15.0
S2,3,W03_C8,ADFNE,11.877649892430846,5.713329823413984,14.291434188369067,5.060828805504762,n.d.,5.089434261987279,2.841450777958949,0.015384615384615385,13.906900867280857,4.887646992107108,0.24615384615384617,3.761006340276264,3.0484925951704445,0.17435897435897438,n.d.,n.d.,0.056410256410256404,0.07692307692307693,0.26153846153846155,1.4097822257440924,1.050601280350143,1.334760690931946,2.1320044928186688,2.740963797075504,4.563714947025861,n.d.,0.15384615384615385,0.1007636190450999,3.5,0.7746213312011903,0.4019230769230768,0.2,2.0,0.5,1.0,0.14521739130434783,1.2685185185185184,0.24257539273019146,15.0
S2,3,W03_C8,EVAE,11.723682676091592,6.292035347831478,14.037451350800044,5.468452785775685,n.d.,4.653774204231841,1.8604848295643626,0.06169871794871798,13.809033409836402,6.508421188259044,0.14285714285714285,3.351523864200601,3.2817192775669364,0.13344988344988346,n.d.,n.d.,0.07692307692307693,0.05263157894736842,0.2692307692307693,1.0212854393896722,1.2331652918164004,2.2861124324890136,3.1614103419064223,3.222251164660755,3.610541867807661,n.d.,0.07692307692307693,0.126172702117885,1.0,1.5215607618202411,0.8520456259426847,0.2,1.25,0.375,1.0,0.09761904761904762,0.7995169082125604,0.17386414754835805,13.0
S2,3,W03_C8,KDE,11.53912799197294,7.0590140935736105,13.122296249151837,5.013850516631323,n.d.,6.587549341824669,1.8305713109077901,0.015384615384615385,13.114231692686298,3.8725304410999986,0.17948717948717946,3.5905937462544895,2.2784786519823452,0.1076923076923077,n.d.,n.d.,0.06666666666666667,0.07692307692307693,0.24871794871794872,1.3675309753554021,1.2252508215969615,1.3657039748237454,1.5040127001241186,2.5908148191791787,4.138794777611718,n.d.,0.15384615384615385,0.12692455701555286,6.0,0.7198496428341323,0.33333333333333337,0.2,1.5,0.25,1.0,0.13664596273291924,1.347008547008547,0.26555023923444976,15.0
S2,4,W04_C1,ADFNE,16.09584848243303,5.3637103731304965,8.419083236456906,n.d.,n.d.,2.0309969982414326,3.8200382050714667,0.11607142857142855,8.301589004849191,2.366277248173928,0.1875,n.d.,n.d.,0.21875,n.d.,n.d.,0.008928571428571425,0.125,0.3125,2.360125596220973,2.0633448688524476,1.0035561443099394,3.7634995711350703,2.8212358212477833,n.d.,n.d.,0.14285714285714285,0.16272829586909615,n.d.,1.0409010242355512,0.4285714285714286,0.16666666666666666,0.2857142857142857,n.d.,0.0,0.09551656920077972,1.410214424951267,0.27455924824345873,16.0
S2,4,W04_C1,EVAE,15.443255320589186,7.26400603028031,9.533868567958873,n.d.,n.d.,4.282008743569667,4.739075322945471,0.08333333333333334,9.523792603229293,2.3218646434494534,0.16666666666666669,n.d.,n.d.,0.1111111111111111,n.d.,n.d.,0.03968253968253968,0.1111111111111111,0.2633053221288515,1.6267432597622984,1.165256127607874,0.34538101205716654,3.2950214129033997,2.1426127367290784,n.d.,n.d.,0.25,0.033916657932264845,n.d.,0.8606420909120565,0.376984126984127,0.3333333333333333,0.21428571428571427,n.d.,1.0,0.06061628430049483,0.8949282296650718,0.1857894736842105,17.5
S2,4,W04_C1,KDE,15.490303876575886,5.662951984244543,9.51130791681194,n.d.,n.d.,3.265981034432061,4.355899043235546,0.05357142857142855,9.508273142590689,1.6656757013888077,0.125,n.d.,n.d.,0.1875,n.d.,n.d.,0.008928571428571425,0.0625,0.25,1.8878359178091069,1.409305983243994,1.5625821390928656,3.371954051493944,2.333563116410593,n.d.,n.d.,0.14285714285714285,0.10997532657902633,n.d.,1.166138617659072,0.25,0.0,0.14285714285714285,n.d.,0.0,0.06986842105263158,1.4817813765182186,0.2807017543859649,16.0
S2,4,W04_C2,ADFNE,12.015012208258646,5.291112142747819,4.698487018706929,4.431204593763636,n.d.,3.3696851687304057,2.0305896194786213,0.125,3.261012324495698,2.1210513504441177,0.0625,2.7960504248112015,2.9967620735531386,0.04464285714285715,n.d.,n.d.,0.008928571428571425,0.09375,0.2142857142857143,3.5381024348327754,3.063945632036323,5.540252917174177,5.780722965811671,1.664528414659523,6.856651291856784,n.d.,0.14285714285714285,0.3289792359977862,0.3333333333333333,0.6888554585649223,0.25,0.14285714285714285,0.375,0.5,0.0,0.10899014778325122,1.3214285714285716,0.1852352352352352,16.0
S2,4,W04_C2,EVAE,10.275934326672663,5.083523537650294,6.899109791218329,4.994966559293676,n.d.,3.784388048063312,1.8372003003512156,0.17708333333333334,6.717403052800102,3.106942773506052,0.08035714285714286,2.3327727279431443,5.3810711056366785,0.06868131868131867,n.d.,n.d.,0.07142857142857142,0.11764705882352941,0.24107142857142858,2.700864094246027,1.6870062160648935,4.683173133120565,4.6817648376713175,2.4401404295516356,6.440941967451739,n.d.,0.21428571428571427,0.159998922671583,0.41666666666666663,1.2936287960327961,0.75,0.2857142857142857,0.5,0.5,1.0,0.09409340659340658,1.5714285714285716,0.23055555555555554,17.0
S2,4,W04_C2,KDE,11.975018937319344,5.526327683925332,6.994858353167166,6.129182658697028,n.d.,3.537975156474758,1.841708581995996,0.1875,6.206064210903584,2.7406150656111574,0.0892857142857143,5.667679094758366,4.722137592872651,0.04464285714285715,n.d.,n.d.,0.053571428571428575,0.09375,0.2142857142857143,3.1807673108000487,1.8063899002506445,6.046245160658498,4.882950080345982,1.5060261823727528,7.1227784572202895,n.d.,0.14285714285714285,0.27114517236748786,0.25,0.7215058575946265,0.375,0.2857142857142857,0.375,0.5,1.0,0.09890109890109888,1.3131868131868134,0.1904121863799283,16.0
S2,4,W04_C3,ADFNE,13.14570428533698,6.735818566909205,7.323888051388174,6.091433053314392,3.0629905239661284,2.6979487972893748,2.6603259775535317,0.16118421052631576,2.969487266265953,7.914036937954877,0.21710526315789475,3.643987703400091,3.4973740769159662,0.032894736842105254,1.8673340092162332,0.6767225342144119,0.14802631578947367,0.125,0.3421052631578947,1.5576609217849957,1.9689404643656137,2.9129795015761117,2.7168439413197047,2.9229320932520517,2.447020562822442,2.22504831860482,0.15789473684210525,0.299119044311176,4.0,0.9893411211556538,0.3453947368421053,0.4444444444444444,1.0,0.3333333333333333,0.75,0.06363636363636366,0.5227272727272727,0.12968515742128936,16.0
S2,4,W04_C3,EVAE,12.370617575696338,6.311638447903944,7.337869788095024,5.093456278730548,3.088835187874507,3.012895477992803,2.9138245294926346,0.09868421052631576,3.0497083903845335,7.445053254179808,0.13724415204678364,5.027198044875229,3.165377108565985,0.04678362573099415,2.667045508244236,1.0539562896604466,0.15497076023391812,0.125,0.3047823886639676,1.0105617321123472,0.7654729121306131,2.4298589469875918,2.4074826275167696,2.342114287727677,2.02977510167581,2.4538913440841936,0.10526315789473684,0.14745122257867022,3.0,0.5763966517611472,0.2796052631578947,0.2777777777777778,0.6666666666666666,0.3333333333333333,0.75,0.05636363636363635,0.5822510822510822,0.1255693581780538,17.0
S2,4,W04_C3,KDE,14.519890105711024,7.001304049649114,6.5375177078644855,6.999787241273671,3.6554100003837156,3.307400679411679,2.323382295701699,0.16118421052631576,3.6698791516379154,5.487020643298297,0.15460526315789475,6.479236055111823,1.9455052320262376,0.09210526315789475,2.8562230573008875,2.206899701698431,0.14802631578947367,0.0625,0.3092105263157895,1.3198217015330282,1.2678082986628398,2.843510227122122,2.5755118123357486,2.8147456448209773,1.603911814811093,1.9561776717648378,0.15789473684210525,0.24305667987377186,5.0,0.8475152822614067,0.3453947368421053,0.4444444444444444,0.6666666666666666,0.3333333333333333,0.75,0.04882154882154882,0.7277537277537277,0.16053511705685622,16.0
S2,4,W04_C4,ADFNE,17.44298445689617,5.337659375432077,7.671960946031177,n.d.,n.d.,3.4456350647904497,4.156464859346164,0.2875,3.9093564358342894,4.887699697414647,0.09375,n.d.,n.d.,0.0625,n.d.,n.d.,0.0625,0.0625,0.2875,2.281950186629637,1.9365183666424624,4.303282098164221,3.517802479730578,3.328487951888163,n.d.,n.d.,0.6,0.1630946140979697,4.0,2.580153696886529,0.3125,0.16666666666666666,0.6666666666666666,1.0,n.d.,0.11324786324786325,0.8676923076923078,0.18214285714285716,16.0
S2,4,W04_C4,EVAE,15.44653450955267,7.883895929613255,6.368048652967525,n.d.,n.d.,4.998162729166172,3.386497920317976,0.24495798319327727,3.1618133232602013,5.704818648161816,0.0763888888888889,n.d.,n.d.,0.0411764705882353,n.d.,n.d.,0.05718954248366013,0.11764705882352941,0.28194444444444444,1.816110343481826,0.8720210654983751,3.9645423926963543,2.5842756474986586,2.3566683285240275,n.d.,n.d.,0.7,0.33021888206884237,3.0,1.3871811295833005,0.03440126050420167,0.3333333333333333,1.0,1.0,n.d.,0.12404092071611253,0.8394648829431438,0.17549261083743845,17.0
S2,4,W04_C4,KDE,17.562991741763998,7.118081878331209,6.11499047722471,n.d.,n.d.,4.250108343743088,4.548651331551466,0.22499999999999998,3.206760079712392,4.715180754752383,0.07500000000000001,n.d.,n.d.,0.0875,n.d.,n.d.,0.0,0.0625,0.26875,2.1320871927449,1.455679162286117,3.77510206851571,2.934275376915692,2.7969977588367723,n.d.,n.d.,0.6,0.18588969056949284,6.5,2.835880749358738,0.625,0.0,0.8333333333333333,2.0,n.d.,0.12,1.2637362637362637,0.23286435786435786,16.0
S2,4,W04_C5,ADFNE,10.280040669767933,5.718132527093227,8.514153701699417,5.122597561781398,n.d.,3.3369643238002635,3.461138529629305,0.03125,8.386577402867257,2.3899270289715204,0.16964285714285715,3.558963573290176,2.825435141247179,0.16964285714285715,n.d.,n.d.,0.053571428571428575,0.08035714285714285,0.3035714285714286,2.4515679087295723,1.3353861753816831,5.297189387234003,6.486266569272383,2.185807324370285,2.237225367386611,n.d.,0.14285714285714285,0.19729434380977473,4.0,1.1531564519660127,0.5267857142857143,0.25,1.5,0.4,1.0,0.05074786324786325,0.7553846153846154,0.14471853257432005,16.0
S2,4,W04_C5,EVAE,13.21799111171505,5.697608972966759,9.882556931926297,4.850710111548414,n.d.,3.5111492556975508,3.8277844477157963,0.12605042016806722,9.583416237386212,2.36670550240504,0.16964285714285715,3.4776756025475972,2.558550754262517,0.1968864468864469,n.d.,n.d.,0.03968253968253968,0.08219537815126049,0.307843137254902,1.6757410936529757,0.4497343962926048,4.5601777144319025,4.978656925813552,1.8827047941496189,2.2791572693551116,n.d.,0.17857142857142855,0.04817797571776637,3.0,0.7585206023683599,0.08541666666666667,0.5,1.5,0.5,1.0,0.0625,0.5639730639730639,0.11568627450980389,16.5
S2,4,W04_C5,KDE,10.302474486819706,5.2895600953018675,8.403445860187553,4.902718848433842,n.d.,4.005312314091599,2.514436728682599,0.0357142857142857,7.77804656811086,1.7828125333090226,0.23214285714285715,3.3000892383982157,1.845562105031545,0.16964285714285715,n.d.,n.d.,0.03125,0.08035714285714285,0.2589285714285714,1.9873856584154923,0.8812188583553213,5.307609034472973,5.069759952590411,1.8123042035430244,1.589434364018183,n.d.,0.14285714285714285,0.14949955345276922,5.0,1.3245402252170222,0.5892857142857143,0.25,2.0,0.4,0.5,0.0625,0.9342857142857143,0.17854761782655518,16.0
S2,4,W04_C6,ADFNE,8.99022116992278,5.5839942276178895,6.049244141418912,4.862530004670948,n.d.,3.4312662469309974,1.6082274482647732,0.0357142857142857,3.501413555159548,3.915330831307692,0.0892857142857143,2.014797450953407,2.1964114235265475,0.0982142857142857,n.d.,n.d.,0.0625,0.053571428571428575,0.17857142857142855,2.305975311480079,1.7469211508243698,1.4011630234100725,6.391887081174677,2.2863854735876115,2.063229714496601,n.d.,0.14285714285714285,0.09824939089004436,2.0,1.490866452260657,0.3035714285714286,0.25,0.5,0.25,1.0,0.05247376311844078,0.6007905138339922,0.11111111111111113,16.0
S2,4,W04_C6,EVAE,10.692481208265736,6.4373392914228855,5.606849020041537,6.424374146914721,n.d.,4.322052237467523,2.139420618773751,0.09375,3.906268698590783,4.14384538141327,0.06932773109243699,5.210949551868613,3.098170328225492,0.13081232492997197,n.d.,n.d.,0.04295051353874883,0.08333333333333333,0.19047619047619047,1.9469210134594177,1.233187849261645,0.9224011789491271,7.059745003826425,1.82491523317373,2.814504070565839,n.d.,0.21428571428571427,0.05126936637900547,1.0,0.7357014108395812,0.3443452380952381,0.375,0.25,0.375,1.0,0.03804347826086957,0.22774327122153215,0.05842911877394638,17.0
S2,4,W04_C6,KDE,9.451234291684887,6.026331523664346,5.26429688440493,5.281305710818607,n.d.,4.810692203885992,1.125066850013953,0.0357142857142857,3.3714522140519794,3.2849218953717365,0.0892857142857143,3.014800002530417,1.8157057567185613,0.0982142857142857,n.d.,n.d.,0.053571428571428575,0.008928571428571425,0.17857142857142855,2.2888799412589513,1.3883426128264302,1.5053894027720087,7.0002455133916595,2.0161588916135473,2.302320583280352,n.d.,0.14285714285714285,0.1506338601063532,2.5,1.599299816914257,0.1785714285714286,0.25,0.5,0.25,1.0,0.05124223602484472,0.5603864734299517,0.11673464343097267,16.0
S2,4,W04_C7,ADFNE,17.22207064275024,10.456686998971389,5.383511616740927,10.878552376735023,n.d.,10.444713637826727,4.927840421039729,0.0267857142857143,3.683329200172581,1.7233676199774024,0.09375,10.876751371494716,1.3666314347073891,0.24107142857142855,n.d.,n.d.,0.0625,0.0625,0.2767857142857143,2.3687930963672006,0.7368157020569377,4.698069169253678,2.7452145577972895,10.445472107703873,2.4525234712268187,n.d.,1.2857142857142858,0.6305640203759608,n.d.,2.689330612222551,0.3125,1.5,1.5,0.3333333333333333,n.d.,0.16,1.4423076923076923,0.30033370411568405,16.0
S2,4,W04_C7,EVAE,17.346139633147995,9.839760598502764,5.945361814889774,8.360611708302635,n.d.,8.60810520831016,5.375966507593023,0.0875,3.2915801160657807,2.3547942584588712,0.06349206349206349,8.358883679639893,1.752643231738186,0.24107142857142855,n.d.,n.d.,0.09401709401709402,0.12916666666666665,0.28174603174603174,1.8183517104791893,0.5528133083019199,4.528583244353298,2.6584263206138194,10.253034346356976,2.7541711956397426,n.d.,1.2142857142857144,0.7718409909084986,n.d.,1.3351588693129557,0.1875,1.75,1.0,0.3333333333333333,n.d.,0.10357142857142856,1.0,0.21739130434782605,15.5
S2,4,W04_C7,KDE,16.107797268243843,9.036901866960132,6.1856425853324595,8.838993336734179,n.d.,8.976373494088431,4.150943618849918,0.0580357142857143,3.0438028216165436,2.033419174008131,0.09375,6.928468701319985,2.8055422808414345,0.20982142857142855,n.d.,n.d.,0.0625,0.0625,0.2767857142857143,2.4448686405096103,0.7510107598317752,5.622641251555786,2.1266991741098593,10.116867241594463,2.936318880400578,n.d.,1.2857142857142858,0.7317570674000495,n.d.,2.7736883791647355,0.3125,1.75,1.5,0.3333333333333333,n.d.,0.16666666666666666,1.6904761904761905,0.3438423645320197,16.0
S2,4,W04_C8,ADFNE,15.201589593220834,6.6633361121204775,6.0631812327677554,11.093636773907106,n.d.,3.3313890913993,2.8923192413704313,0.0,2.9052913787032293,5.661442520348281,0.125,10.829799783406605,4.200938839429381,0.125,n.d.,n.d.,0.0625,0.0625,0.21875,1.6952618203551135,1.331481964620406,1.5780173206747032,4.689433584360371,2.283497360192503,2.346511304593262,n.d.,1.0,0.5957712231613282,6.0,1.9515914708416366,0.25,1.0,2.0,0.5,n.d.,0.043333333333333335,0.6794871794871795,0.11290322580645162,16.0
S2,4,W04_C8,EVAE,14.68176474919056,6.0120259764434305,8.149486740614375,11.227554376455657,n.d.,4.77982928106561,2.6909485815439416,0.13970588235294118,2.8154694924429657,6.514027559378721,0.1050420168067227,11.231919094446313,2.3598180207375803,0.047058823529411764,n.d.,n.d.,0.06666666666666667,0.035256410256410256,0.22083333333333333,1.4091084028948435,0.6579214672920458,0.33060676470885175,4.78066087244596,2.20282237239139,2.084359857510521,n.d.,1.0,0.7236758869117471,2.0,1.1021672778588734,0.3584558823529412,0.3333333333333333,1.75,1.0,n.d.,0.061147186147186144,0.30952380952380953,0.07523148148148147,16.0
S2,4,W04_C8,KDE,13.79438413325467,6.886259973402138,7.450190631972439,9.366970630213046,n.d.,4.8850443575363265,3.1947455051394007,0.0,3.1834595102200973,7.414717814263025,0.125,9.373575585835649,2.451319043836491,0.0625,n.d.,n.d.,0.0625,0.0625,0.1875,1.6451045228734276,1.252067847728445,1.6110738110460932,4.673973286757265,1.7070236827643792,1.9548223844132842,n.d.,1.0,0.653094850714395,6.0,2.153868175580521,0.25,1.0,2.0,0.5,n.d.,0.046538461538461535,0.554945054945055,0.11111111111111113,16.0
S2,5,W05_C1,ADFNE,17.664279114623668,5.025846598961934,5.685133426661982,7.462251448966997,13.52993709707218,2.9903086682639284,1.3578581522027773,0.09999999999999998,3.187294173969298,2.1309195251527226,0.15555555555555556,7.462251448966986,1.4383353775755958,0.04444444444444444,13.5289080213606,2.260302894526723,0.15555555555555556,0.05555555555555555,0.25555555555555554,2.0820026817754247,2.1648027279583397,1.641263726900174,4.155713233362091,1.7724536217443863,2.888913131276283,1.8266451934363488,0.16666666666666666,0.37446314155198523,0.8333333333333333,0.629497940613361,0.3013888888888888,0.3333333333333333,1.0,0.5,0.75,0.03985507246376811,0.5445134575569358,0.1166666666666667,15.0
S2,5,W05_C1,EVAE,14.042491652090767,5.628617640333772,6.358849178607102,4.2863847017194505,9.13138517553234,3.9342652015177735,2.5452255099274756,0.10180995475113125,4.908240249240027,2.808934878473086,0.1388888888888889,3.6438761561450423,2.205649256938571,0.038461538461538464,8.782914668837785,4.338551609041682,0.1008986928104575,0.05555555555555555,0.2222222222222222,1.5348849437412841,1.0136571438721764,0.4173179779884928,3.175862953709464,1.9973325471634715,4.318238045052031,1.2519274466878945,0.1111111111111111,0.26482516992331284,0.6666666666666666,0.9240011179683743,0.37234477124183,0.3333333333333333,1.0,0.25,0.5,0.06433823529411764,0.380952380952381,0.10416666666666666,16.0
S2,5,W05_C1,KDE,18.03202614800891,5.458884099934252,5.571953473170952,6.485177777350615,8.112795468132404,4.761931037152592,1.4381648270087855,0.16666666666666669,3.566066678467883,2.1412866389219833,0.15555555555555556,6.4753555730011065,1.6328792901050544,0.0888888888888889,7.6572663055764325,2.8233166863521157,0.08888888888888888,0.05555555555555555,0.3222222222222222,2.0917768449302665,1.3754638605374732,1.2198425352214903,3.664827890561812,1.932743967576771,3.3400835510811375,1.6661543856181327,0.16666666666666666,0.3758863931821751,0.6666666666666666,0.6628099232828781,0.2319444444444445,0.4444444444444444,1.0,0.5,0.5,0.05092592592592593,0.33333333333333326,0.09477124183006533,15.0
S2,5,W05_C2,ADFNE,15.825799923484048,5.181036764550177,5.200411425601626,5.5930948856186475,n.d.,4.124862390338013,1.585787079968389,0.2333333333333333,3.0337136122553536,2.6022427345398893,0.08333333333333331,4.216692510144387,2.0492356070893116,0.1,n.d.,n.d.,0.13333333333333333,0.05,0.30833333333333335,1.304053125251255,1.0814033986804141,1.3809050476091433,1.791084959079018,5.839257688661824,4.199819289736352,n.d.,0.25,0.309350800320559,1.75,0.7466439360562236,0.14583333333333337,0.5416666666666667,0.30000000000000004,0.5,n.d.,0.12290969899665552,1.0846681922196795,0.20702380952380955,15.0
S2,5,W05_C2,EVAE,12.079478314973313,5.39086592700998,6.698771907717,5.558311818280292,n.d.,4.1296467825069545,1.7444422154549901,0.1384615384615384,3.2016683649137248,3.182450667554096,0.06561085972850679,4.221489959109529,2.2758176363789566,0.05384615384615385,n.d.,n.d.,0.15192307692307694,0.05,0.22608359133126935,1.0997417266517178,0.4338187251736342,0.47069055989459874,1.9872600923690862,4.82755404533327,3.8239145350394734,n.d.,0.3,0.2784826645508163,1.25,1.11194012158705,0.4405987394957983,0.45833333333333337,0.4,0.25,n.d.,0.1111111111111111,0.915720711073035,0.17714285714285716,14.0
S2,5,W05_C2,KDE,16.192296848331893,7.8050182230949705,6.592981979146508,4.258686824807678,n.d.,7.620372603808718,1.6680462711118564,0.19999999999999996,5.5430302294117375,3.0372016398991595,0.04999999999999999,2.306853363516569,1.698948456494482,0.1,n.d.,n.d.,0.13333333333333333,0.05,0.29999999999999993,1.3535851698404258,0.9951040595524074,0.8320390831003377,1.810521984370912,4.9129599721693715,4.533212645807238,n.d.,0.25,0.2969548358258921,2.0,0.7137771051317873,0.14583333333333337,0.5,0.2,0.5,n.d.,0.1176923076923077,1.2560700169395822,0.23875000000000002,15.0
S2,5,W05_C3,ADFNE,13.363193897918016,11.609788809425993,4.546856887144941,6.59887806357877,n.d.,11.617648730167598,3.17162608192635,0.05490196078431375,3.5436170660566013,2.6060080786690776,0.0862745098039216,3.222515584453524,5.4558513476924055,0.0823529411764706,n.d.,n.d.,0.13333333333333333,0.050980392156862744,0.203921568627451,2.1320729766863744,1.7873818183335581,2.394944312765477,2.7650023133240262,2.9268339155485963,2.738633340825314,n.d.,0.11764705882352941,0.3301382004072586,0.6666666666666666,0.7367492623575823,0.2857843137254902,0.14285714285714285,0.16666666666666666,0.5,n.d.,0.07971014492753623,0.43478260869565216,0.10648148148148147,15.0
S2,5,W05_C3,EVAE,12.676085854618025,7.397287855538888,4.384438278326181,6.271783206593645,n.d.,6.834269064854174,3.9797337304625264,0.08333333333333334,2.555872750252412,2.6512452686261216,0.08905228758169936,4.2915698243929885,2.2372828725570617,0.04901960784313725,n.d.,n.d.,0.125,0.08760683760683761,0.2144607843137255,1.2491391396122495,0.5881249722610798,0.5309483875785947,2.0644785458991226,2.505946684988896,2.3521330041245756,n.d.,0.23529411764705882,0.2732401410735632,0.5,1.2186954269113333,0.1481900452488688,0.14285714285714285,0.3333333333333333,0.5,n.d.,0.07121212121212121,0.5032258064516129,0.11666666666666667,13.5
S2,5,W05_C3,KDE,13.74081039162509,10.215843973106107,4.506519723210135,5.056954638213346,n.d.,10.290152575506472,3.3995144389779135,0.0117647058823529,2.90095773356643,3.2768554704006903,0.0862745098039216,3.7317067082492748,2.46139213454993,0.1,n.d.,n.d.,0.13333333333333333,0.11764705882352941,0.21568627450980393,2.0074656653529264,1.6337482210499752,2.955005300974894,2.6685508233358917,2.5508996030194253,1.9643999973908315,n.d.,0.11764705882352941,0.35854210653815705,0.6666666666666666,0.7829814536962512,0.35245098039215683,0.14285714285714285,0.3333333333333333,0.75,n.d.,0.06191222570532915,0.5885057471264367,0.10095579450418159,15.0
S2,5,W05_C4,ADFNE,14.811221197070582,5.476851739809858,4.963816457775163,n.d.,n.d.,4.2359299693387955,2.2872722223431223,0.18823529411764706,3.48852775773366,1.8394759332073045,0.09411764705882353,n.d.,n.d.,0.10784313725490197,n.d.,n.d.,0.058823529411764705,0.06666666666666667,0.2686274509803922,2.2673858707212453,1.4284519241321583,2.722763725494555,3.3822071638417532,2.5887363178771965,n.d.,n.d.,0.11764705882352941,0.2978340005662155,1.25,0.5917789529183792,0.25049019607843137,0.4,0.2,1.5,1.0,0.06485507246376812,0.5961538461538461,0.12339273629596209,15.0
S2,5,W05_C4,EVAE,12.635207704192878,5.066317449265107,5.802764562551989,n.d.,n.d.,2.8759419074577375,1.578686885003079,0.21945701357466063,4.348698947493742,1.4845454735639434,0.05147058823529413,n.d.,n.d.,0.10784313725490195,n.d.,n.d.,0.058823529411764705,0.058823529411764705,0.2556561085972851,1.7535555053307745,0.3563509050772806,0.8891724371425025,2.522149410970868,1.8676214964168623,n.d.,n.d.,0.23529411764705882,0.23612106080899187,0.75,1.4202444215395942,0.47058823529411764,0.4,0.4,1.0,1.0,0.07589285714285714,0.4907407407407407,0.1212696222183888,13.0
S2,5,W05_C4,KDE,15.327212835197448,5.737549137557084,4.991981244907758,n.d.,n.d.,3.6390895881424097,2.9818649680464233,0.25490196078431376,3.3293718309951528,1.1222471842406927,0.039215686274509776,n.d.,n.d.,0.1411764705882353,n.d.,n.d.,0.00784313725490196,0.06666666666666667,0.2823529411764706,1.9496201270496625,0.9301395042497901,3.041364023553033,3.212160266948147,1.8121696372918943,n.d.,n.d.,0.11764705882352941,0.3152349500878955,1.5,0.6518551470385552,0.25049019607843137,0.5,0.2,2.0,0.0,0.06666666666666667,0.4772727272727273,0.12199413489736069,15.0
S2,5,W05_C5,ADFNE,8.384960143747039,5.065889929699894,4.464836025002716,5.1430700771307905,11.017698607535351,2.586672321399211,2.533822245713627,0.047058823529411764,2.5941716521165583,1.5560754377203008,0.03137254901960784,2.448713914518742,3.660999142873583,0.03529411764705881,9.322417123049497,2.2318769717804243,0.0431372549019608,0.03333333333333333,0.1450980392156863,1.787321778914359,1.3682796606779442,2.3522726071871576,3.5213468654336593,2.8630799914611513,2.636186686047566,2.609769474366464,0.11764705882352941,0.28372730739302976,3.0,0.8055444549857721,0.2666666666666666,0.16666666666666666,0.0,0.25,0.3333333333333333,0.21083333333333332,0.48033126293995854,0.22272727272727272,15.0
S2,5,W05_C5,EVAE,9.100161425664115,5.898561968047354,4.607212783195582,6.801692938957118,9.34855789177616,5.266692654797282,1.8974162179691767,0.06490384615384615,2.9478908898379976,3.2920287765488196,0.07239819004524889,3.5522401603031724,6.537557003387683,0.07692307692307693,7.734482592920012,3.227089883575341,0.05429864253393665,0.06971153846153846,0.17873303167420812,1.333706187293379,0.5219894043934159,0.45529258713350007,2.969812477296267,3.219277279475623,2.921228299199675,2.730714707897583,0.23529411764705882,0.22749076525420742,2.0,1.1089893918454972,0.6187782805429864,0.3333333333333333,0.25,0.375,0.3333333333333333,0.2583333333333333,0.6464646464646464,0.25723450723450725,13.0
S2,5,W05_C5,KDE,8.97390776480188,5.632119383902037,4.660023484638878,5.9386140604964694,9.949548766690553,4.30724438822772,2.2645944417500043,0.019607843137254943,3.6805930104120965,2.3354835548639086,0.0980392156862745,3.5201436406306983,4.164949160340919,0.06666666666666665,9.460532113975903,5.115929877107935,0.10980392156862746,0.06666666666666667,0.17254901960784313,1.7627290574089653,0.7146046342118695,1.873348935464108,3.3654284524420826,3.3152546048795584,1.8596757370227732,2.387490585644204,0.11764705882352941,0.23087469987536668,4.0,0.8274881357303813,0.2666666666666666,0.16666666666666666,0.25,0.25,0.6666666666666666,0.19696969696969696,0.4327122153209111,0.21103896103896103,15.0
S2,5,W05_C6,ADFNE,13.412862795546426,7.05306331069036,4.890398485630339,7.475936449353551,7.123653932953278,5.292501763878429,2.7273345011417454,0.23333333333333336,4.002771584485428,2.3261573698391853,0.23333333333333334,1.9800127166858879,6.746762766800818,0.04444444444444444,5.130045347302715,1.9926880641801694,0.08888888888888888,0.06666666666666667,0.32222222222222224,1.5418398666695128,0.774490173084304,1.720666414167269,2.6836379808772564,3.7008358048394205,1.3082736128305354,2.220207550808981,0.16666666666666666,0.27332462255171835,1.5,0.7008351767462089,0.3208333333333334,1.0,0.5555555555555556,0.5,0.5,0.04818181818181819,0.6327272727272727,0.12797619047619047,15.0
S2,5,W05_C6,EVAE,15.320046451519762,8.418274908850082,5.843705924163939,7.609728907808865,5.968620019477839,5.892022753298024,2.347141558504495,0.14102564102564105,4.395895869739963,2.895956909482498,0.2692307692307692,3.8744117384608057,6.280062444700086,0.1388888888888889,5.681514793229609,2.5389088260537354,0.06837606837606836,0.08333333333333333,0.41452991452991456,1.2810916818963978,1.0354469893423912,0.7419453596165748,3.363981462102661,3.206574231608724,3.008097969491297,2.2974405682071453,0.2777777777777778,0.24013709768103716,0.5,1.3282359965039159,0.07692307692307693,0.3333333333333333,0.6666666666666666,1.0,0.5,0.03535353535353536,0.4027777777777778,0.1,13.0
S2,5,W05_C6,KDE,12.327997102312821,6.87084468919464,4.895331717613001,9.157946851869186,9.715502821311869,5.050133408142283,1.5088423360135934,0.23333333333333336,2.3669435474952576,2.1341025792238146,0.23333333333333334,3.79782545340478,8.42935831522269,0.0888888888888889,9.562299830632512,1.66765100284311,0.12222222222222222,0.06666666666666667,0.32222222222222224,1.4257425336372982,0.9000531691702198,1.522016259722589,2.2468075884867322,3.1936586865061685,1.6325466290325168,2.2031417510630584,0.16666666666666666,0.24461244850204444,2.5,0.7816410814504283,0.5875,1.0,0.5555555555555556,0.5,0.625,0.054308300395256914,0.9988811188811189,0.1740196078431373,15.0
S2,5,W05_C7,ADFNE,18.054147500670574,14.622724709756593,6.497096433403557,5.392803503219083,4.6074197710616644,14.626457670415233,2.944812611178752,0.14444444444444446,6.068917104375585,1.6876336997119044,0.06666666666666665,2.651170988177484,2.44693648953875,0.19999999999999998,2.2247336985808044,3.0748874644344033,0.04444444444444444,0.06666666666666667,0.26666666666666666,1.4114014501425451,1.2250380323440944,1.764903576699135,3.8300804317449044,2.5568186985463104,2.1508673856482936,2.2101167762663945,0.16666666666666666,0.24564288743415372,2.25,0.6307049944568326,0.3208333333333334,0.375,0.3333333333333333,0.6666666666666666,0.5,0.047619047619047616,0.698005698005698,0.14484702093397744,15.0
S2,5,W05_C7,EVAE,13.035822165481871,13.455761244974463,5.823219224717091,4.90534472109343,5.504076061052419,13.523110882125168,3.6012407439584493,0.0854700854700855,5.3470077459361525,1.4353384720567357,0.09890109890109888,1.9502277236050887,2.952669820510117,0.05897435897435899,2.6033137687157284,2.8247882613237003,0.05555555555555555,0.07142857142857142,0.21001221001221002,1.2544958549098764,0.5388995260000229,0.708247001868344,4.674743788270927,2.3197187449905465,1.7508632834682283,2.2879451534004502,0.2777777777777778,0.2089921291110235,1.0,1.3765486069714339,0.12797619047619044,0.125,0.5,0.3333333333333333,0.5,0.08566760037348273,0.3157894736842105,0.09218227424749163,13.0
S2,5,W05_C7,KDE,17.30270433817941,12.121002246131578,6.495552778485029,6.399932831917158,5.5867736840024484,12.132190418178507,2.360125164609942,0.14444444444444446,6.464843093136066,2.667774541113374,0.06666666666666665,3.8996694213137926,3.5389306320518914,0.16666666666666663,3.3186384206924187,2.9700077563239597,0.04444444444444444,0.03333333333333333,0.2,1.5224213098757844,0.7383684276679098,1.3428243740520862,4.533048949708574,2.0031504285126376,1.9466524399830243,2.610312602923194,0.16666666666666666,0.18468595158704593,2.0,0.6423378942858471,0.3208333333333334,0.375,0.16666666666666666,0.5833333333333333,0.5,0.04978354978354978,0.5883597883597884,0.11943293059352678,15.0
S2,5,W05_C8,ADFNE,12.565747550302337,5.845995880982201,5.100725314881222,5.104212508843528,6.1085974528975555,2.603561749668914,2.0843552120588775,0.18947368421052635,4.852152483060929,1.7190558747081317,0.05614035087719299,4.115022577433191,2.270579676923913,0.1157894736842105,4.540635649820407,5.277140494640446,0.09122807017543859,0.03859649122807017,0.26666666666666666,1.4070323965461968,2.147025677343571,1.3071218344423097,2.5667663629683863,2.1913493636153962,2.9636867709971373,6.688983455510314,0.21052631578947367,0.3019224975436364,0.6666666666666666,0.6594851061921222,0.19210526315789467,0.5,0.25,0.5,0.6666666666666666,0.15106719367588933,0.4955555555555555,0.15089285714285716,15.0
S2,5,W05_C8,EVAE,11.666210041676795,7.7298430675519905,6.187829334115429,4.914961638429387,5.544302599277172,4.737077215581793,3.0527345493898608,0.07142857142857142,4.312900207109607,1.7653176756897562,0.05668016194331982,3.766606134758559,3.0167296555224157,0.06730769230769232,4.206066349399023,3.4285131633712886,0.07456140350877193,0.05555555555555555,0.19028340080971662,0.9621542200653757,0.6805615385355313,1.2215232921508856,2.9511801175581596,1.4634476091445574,2.9139121385845512,5.989423876012756,0.3157894736842105,0.300671792772591,0.3333333333333333,1.43928688422357,0.15941295546558698,0.25,0.5,0.3333333333333333,0.3333333333333333,0.16113095238095237,0.5410101010101009,0.15914786967418543,13.0
S2,5,W05_C8,KDE,10.43750980676231,5.208479138611094,6.596436699211712,5.336999809643566,5.437540973500253,2.2573302032536158,2.3697574494989615,0.156140350877193,5.922253598469521,2.5555044853733957,0.08947368421052632,3.4758423049439076,3.360444481571924,0.1157894736842105,4.596940965536531,3.87269007069468,0.04210526315789476,0.03859649122807017,0.24035087719298245,1.1954057344925437,1.4910061266568797,1.348445536110754,2.3770463614559043,1.4313092654035668,2.7784516905205727,7.677445668176983,0.21052631578947367,0.27674953295754534,1.0,0.675273583573764,0.20789473684210535,0.375,0.25,0.5,0.3333333333333333,0.1364285714285714,0.46464646464646464,0.1502100840336134,15.0
S2,6,W06_C1,ADFNE,14.551750468912205,6.8851015024559885,6.873203779897526,n.d.,5.963186487011598,4.446471439311946,3.8894954419618886,0.07371794871794868,5.489494790233338,3.179745638783003,0.10256410256410253,n.d.,n.d.,0.1121794871794872,3.944231686411901,3.4569038153842344,0.08974358974358973,0.07692307692307693,0.2467948717948718,1.5607383203239005,1.134503808894825,2.422639512003898,2.596568560250007,1.8150759042529474,n.d.,3.0573193802795013,0.4583333333333333,0.4483364827186478,0.375,0.8621176906297437,0.1842948717948718,0.5454545454545454,0.5625,1.0,0.75,0.06364749082007344,0.4008859357696566,0.11694688290432971,13.0
S2,6,W06_C1,EVAE,12.260096013715614,6.867932148207705,9.10653983212719,n.d.,5.73273141673834,3.865433570273768,3.5714253465954906,0.08012820512820512,8.085520832223201,3.449547448904462,0.10256410256410253,n.d.,n.d.,0.1130952380952381,3.473508411728596,2.9023348457475775,0.06410256410256412,0.0,0.2083333333333333,1.2198646994344458,0.5094845011046767,3.156103874868127,1.9125221488369581,1.943415174284541,n.d.,1.90711056848593,0.4583333333333333,0.390834919863955,0.375,1.7353874746619367,0.2213141025641026,0.5,0.625,1.0,0.5,0.03409687008218219,0.34334625322997414,0.09150010745755423,13.0
S2,6,W06_C1,KDE,14.024764667559108,6.601632227938104,7.214560247936295,n.d.,5.465329408966658,3.3309930489163753,3.875012977570944,0.07371794871794868,4.7855861900702745,2.4720576965584957,0.10256410256410253,n.d.,n.d.,0.18910256410256412,2.3226214099790354,3.893370846933166,0.06410256410256412,0.0,0.2532051282051282,1.2284682262162663,0.699742620713234,1.380168488282036,2.573335803473478,1.5780278695245575,n.d.,2.4128190554073843,0.4583333333333333,0.4815831737700828,0.625,0.8147011795257868,0.27724358974358976,0.5454545454545454,0.5625,2.0,0.5,0.0708245243128964,0.6272727272727272,0.14127202013269272,13.0
S2,6,W06_C2,ADFNE,12.745752149387126,6.629882949715647,6.467426073968394,8.232091855837822,n.d.,3.328360610133311,4.464069733461748,0.22527472527472522,5.327509530803429,2.301040402298313,0.05128205128205132,5.140956842552039,5.902213441286413,0.13553113553113555,n.d.,n.d.,0.11538461538461539,0.0,0.2728937728937729,1.2741164350968184,1.004214426096285,2.2112547290942164,1.7823021645940214,1.7560134645858518,2.322237834940097,n.d.,0.38095238095238093,0.39204971409885964,0.3333333333333333,0.5751259087292439,0.31684981684981695,0.625,0.3571428571428571,0.5,n.d.,0.04740259740259739,0.3488721804511278,0.125,13.0
S2,6,W06_C2,EVAE,10.988919387094995,5.5508544556014225,6.706601674016904,9.1130219462686,n.d.,1.9815958204713309,2.539854826928728,0.1547619047619047,4.364775287681588,4.217981515197575,0.08333333333333331,8.289479254347835,2.853179313539123,0.07142857142857142,n.d.,n.d.,0.16666666666666666,0.03333333333333333,0.25595238095238093,1.6732151132072448,1.1862925839020566,4.5477523660329755,2.383020067632648,2.120605615177045,1.8540860213644135,n.d.,0.42857142857142855,0.25544716120472,0.3333333333333333,1.2884342285728745,0.11011904761904767,0.5833333333333334,0.5714285714285714,0.5,n.d.,0.08035714285714285,0.25490196078431376,0.08779904306220099,12.0
S2,6,W06_C2,KDE,14.023393438085545,6.566901957391932,5.759235070747502,7.206738574615254,n.d.,4.724686316715772,3.237082326694015,0.18681318681318676,3.687576824435772,3.8141028641254917,0.11538461538461539,5.312027395599738,4.390548784002391,0.13553113553113555,n.d.,n.d.,0.07692307692307693,0.0,0.315018315018315,1.1672080172826775,0.8922206799165672,2.075467361348584,1.870184862992162,1.621243157043271,2.4298538209691687,n.d.,0.38095238095238093,0.3657641230823302,0.8333333333333333,0.7655380188050045,0.4706959706959708,0.5833333333333334,0.5714285714285714,0.5,n.d.,0.05454545454545455,0.6019047619047619,0.13345864661654133,13.0
S2,6,W06_C3,ADFNE,14.590248806960112,6.0131751581837944,6.096273131997296,n.d.,n.d.,5.133892713712317,3.0215202791056015,0.27125506072874495,3.412209296089716,2.9811012974917634,0.09311740890688264,n.d.,n.d.,0.19230769230769232,n.d.,n.d.,0.07692307692307693,0.05263157894736842,0.3319838056680162,3.012659237007018,2.594206722884465,5.479925212110173,3.474780118342293,3.2722990138331474,n.d.,n.d.,0.3157894736842105,0.5697070197299875,0.42857142857142855,0.8349009671941217,0.2160931174089069,0.6363636363636364,0.42857142857142855,n.d.,n.d.,0.16044546850998465,0.735483870967742,0.16816188197767146,13.0
S2,6,W06_C3,EVAE,10.166902123473529,5.673804496004054,5.171424531493461,n.d.,n.d.,3.3345365171573578,2.511395005008553,0.16228070175438597,2.862379128255373,2.0562898842197948,0.11842105263157893,n.d.,n.d.,0.15384615384615385,n.d.,n.d.,0.14835164835164835,0.05263157894736842,0.31983805668016196,2.0174462820648964,1.092444724396557,3.720720465161774,2.1099778266506384,3.1151934500622245,n.d.,n.d.,0.3157894736842105,0.47535616501693057,0.5714285714285714,1.4674023007301922,0.2160931174089069,0.5454545454545454,0.5714285714285714,n.d.,n.d.,0.17094330400782015,0.8828522920203736,0.16571586308428413,13.0
S2,6,W06_C3,KDE,13.991434386109319,6.403619113540544,5.174809921733419,n.d.,n.d.,4.709477039991295,2.8535848970866162,0.19433198380566802,3.133557461206722,1.7801291083242576,0.13765182186234814,n.d.,n.d.,0.23076923076923078,n.d.,n.d.,0.15384615384615385,0.05263157894736842,0.3663967611336032,2.2496351552427303,1.6958484862619967,5.1752007967867115,3.296606444127276,3.0041732521114586,n.d.,n.d.,0.3157894736842105,0.5010025543593815,0.5,0.625846266507996,0.24544534412955465,0.5454545454545454,0.5,n.d.,n.d.,0.14987738162610828,0.663904923599321,0.14732854864433811,13.0
S2,6,W06_C4,ADFNE,11.263303154900143,7.799529591284616,5.832856412553895,6.4935328585673355,7.650786998133125,4.24090647670058,4.734345321566797,0.08906882591093113,3.445838796403992,1.8080022761092884,0.10931174089068824,3.523985805213323,4.314469855642391,0.12550607287449395,5.921358978459801,3.4995960568065376,0.04858299595141702,0.05263157894736842,0.19838056680161942,1.6344892494927676,1.4703825228347598,1.6174858512092878,2.248281205772823,2.0627250309902276,1.819192590431467,2.7069831088304213,0.3157894736842105,0.3842707110511736,0.42857142857142855,0.9254846855652928,0.2727732793522266,0.4444444444444444,0.2,0.5,0.5,0.05487649605296663,0.30959752321981426,0.07499999999999998,13.0
S2,6,W06_C4,EVAE,10.199052870694938,6.7634085986996215,6.969143995491706,6.034962683730436,5.7708850206609705,4.280206570789889,3.603204261848745,0.11309523809523811,3.072807917169965,3.4870109921840977,0.07017543859649122,4.138715250775267,2.7584062560387226,0.03383458646616541,4.881899675404874,3.6879082374412375,0.03759398496240601,0.05263157894736842,0.17199248120300753,1.0119615171021668,0.6380023401885904,1.5801560999306885,1.3906046502492448,2.035770472810503,1.3951127517444275,2.0634001588433,0.3157894736842105,0.3197917927369305,0.5714285714285714,1.698199414671977,0.40292437825332555,0.3333333333333333,0.4,0.5,0.5,0.11875,0.5995670995670995,0.13804347826086955,13.0
S2,6,W06_C4,KDE,11.28223189799213,7.642212807238795,6.698810145056072,7.2672026911894445,6.75252317241647,4.98104377568777,4.317287658271109,0.08906882591093113,3.3171481555585105,4.1227127455376005,0.10931174089068824,6.1095042502966,3.908998847028114,0.12550607287449395,6.780408956222375,2.035108676548993,0.10526315789473684,0.05263157894736842,0.25101214574898784,1.3350426370196162,1.0724263443685433,1.463960671212342,2.319342079740985,2.326959881776969,1.845394378579552,2.3776437869338283,0.3157894736842105,0.4190190219741856,0.42857142857142855,0.707920368366568,0.23076923076923073,0.4444444444444444,0.4,0.5,0.5,0.12740641711229947,0.6909090909090908,0.15,13.0
S2,6,W06_C5,ADFNE,12.324400225970443,5.496758326566213,7.138168438160964,5.5211602685705525,9.53358391993544,2.924486810365728,2.04892492802988,0.09890109890109894,6.910724632501802,1.37277996636075,0.16483516483516486,2.976385111159577,2.3314052345242606,0.2032967032967033,8.652387487333538,5.909518481320897,0.06593406593406592,0.07142857142857142,0.27472527472527475,1.0993729267097656,0.5687633172235842,1.5426367533967307,2.0125465580334017,1.7918027243745813,2.091553797070249,2.7406471493620357,0.07142857142857142,0.10553746574661044,n.d.,0.7989447716047839,0.46909340659340665,0.25,1.0,0.6,0.5,0.05972288580984232,1.0546265328874025,0.2130912565695175,13.0
S2,6,W06_C5,EVAE,12.702392024302458,7.585817857455144,6.968983861880695,4.534492176116165,8.071786755372043,4.766875789574703,4.132488749584569,0.08181818181818182,4.732981024977492,2.2067003373914096,0.160989010989011,2.602496119901769,2.2002953219254193,0.15000000000000002,6.379375143489231,4.607440533373078,0.06272893772893773,0.07142857142857142,0.27472527472527475,1.512535325332403,1.411297203137576,2.287954081412454,2.8284381296043937,2.848023253145881,2.562711667643497,2.014923321536752,0.14285714285714285,0.10977849322917108,n.d.,1.2021093562545153,0.2518731268731269,0.25,1.0,0.5,0.5,0.07142857142857142,0.836098541980895,0.18019480519480524,13.0
S2,6,W06_C5,KDE,10.981076052453005,6.194657853302885,7.652588915301239,4.675618289154679,7.356258170671261,4.198534023811067,3.2318940772627434,0.07692307692307693,6.76950711952255,1.732457256078387,0.16483516483516486,3.620452646601678,2.2439941143418363,0.16483516483516483,7.154344497712829,3.2821468833928797,0.06593406593406592,0.07142857142857142,0.22802197802197804,1.3706705484902435,0.6317998754765695,2.086130587344277,2.143545129764094,1.6173114484716384,1.7399049673140987,2.191068445579564,0.07142857142857142,0.1492240558407497,n.d.,0.8609750360154378,0.5460164835164836,0.25,1.0,0.5,0.5,0.059440559440559426,1.2473316157526684,0.24222811671087535,13.0
S2,6,W06_C6,ADFNE,11.86896682968921,8.037642021162597,7.272023233331921,6.682800181942165,n.d.,7.695064992496125,4.257422877775428,0.038461538461538464,4.070461610488205,4.547753406378957,0.05594405594405594,6.249526942770707,2.7389703015000624,0.11888111888111885,n.d.,n.d.,0.07692307692307693,0.0,0.17482517482517482,3.984040303003751,3.3624230727557687,5.713549447429667,4.283111418865254,4.737474451658764,2.4417575160746328,n.d.,0.18181818181818182,0.318787333700972,0.3333333333333333,0.5246189280668927,0.23076923076923073,0.25,0.25,0.3333333333333333,n.d.,0.05909090909090908,0.6888888888888889,0.11203379953379952,13.0
S2,6,W06_C6,EVAE,14.254541832128764,11.787172548014015,9.104346094100991,7.4141663441914805,n.d.,11.801673287302714,4.011576186449025,0.11363636363636365,3.8433696643265756,7.189052362663947,0.10047846889952153,6.793696263062133,3.6578247913198854,0.12437562437562436,n.d.,n.d.,0.15384615384615385,0.027777777777777776,0.275974025974026,3.2173341481907025,2.596653903105178,4.64312093621637,3.0565365223543575,4.2983021179218275,2.3363702217156037,n.d.,0.13636363636363635,0.22488902941246336,0.5,1.4362483672151636,0.39073426573426573,0.25,0.25,0.6666666666666666,n.d.,0.06240601503759398,0.8,0.13557933294775398,12.5
S2,6,W06_C6,KDE,11.12788348332915,9.580085461199307,7.0917674202987335,7.345487335942212,n.d.,7.106222520192301,4.399338432174391,0.02097902097902099,3.7946002969064443,6.162848104524331,0.05594405594405594,6.6971843428572555,3.4256124681717806,0.11888111888111885,n.d.,n.d.,0.07692307692307693,0.0,0.16433566433566432,3.9573642094052186,3.540995504877817,7.692693639614947,4.653263643451346,4.809073082952638,2.5203557348638244,n.d.,0.18181818181818182,0.30771066829155147,0.5,0.547466724488167,0.23688811188811187,0.25,0.25,0.3333333333333333,n.d.,0.06178489702517162,0.7012531328320801,0.09913793103448276,13.0
S2,6,W06_C7,ADFNE,14.461431085303573,10.594061872175864,6.295391519609632,3.7406243502834027,7.090446284038774,10.619423193338562,1.6843311109711276,0.11794871794871797,4.658936195347252,2.7044280239513045,0.07692307692307693,2.758617836402019,1.6041422170300026,0.046153846153846156,6.7440307798338734,6.333595402043905,0.056410256410256404,0.0,0.19487179487179487,1.3745498000543597,1.2268730279773918,1.6031616537341424,2.097932339578729,2.8945683108637796,2.8112218632851675,2.3216073776440647,0.13333333333333333,0.19131363629442522,1.0,0.6459163198190925,0.439102564102564,0.25,0.25,0.3333333333333333,0.5,0.10614478114478114,1.1754385964912282,0.209488787074994,13.0
S2,6,W06_C7,EVAE,12.362461595786979,10.202242275361474,5.322233725550422,4.8775077664495186,6.454018590709572,9.738478028662335,2.4912337154684785,0.09242424242424242,3.999272995083861,2.4543989256704144,0.11363636363636365,4.363749465972619,1.6877238139722048,0.053571428571428575,5.398783216960715,2.819429712513153,0.0642857142857143,0.059027777777777776,0.2318181818181818,1.2468381320664026,0.2925668568566353,0.3590743833420096,2.4069776939537872,2.6848527551575896,2.4480036556358415,2.407770157260171,0.2,0.1840711966050675,0.5,1.0937332832368192,0.8422619047619047,0.375,0.3333333333333333,0.3333333333333333,0.5,0.07115009746588694,0.6343434343434343,0.14155172413793105,12.5
S2,6,W06_C7,KDE,13.13758251189267,8.200296205746056,5.455134072634827,9.856999956680827,6.234924397382775,8.073774956500646,2.6229324139401315,0.11794871794871797,4.083970815675708,2.670069112722597,0.09230769230769231,9.710665349418157,2.541419711334306,0.046153846153846156,4.02812573641541,2.596299774363163,0.056410256410256404,0.0,0.16923076923076924,1.280030993696753,0.8328779719247759,1.70768802194672,1.4859357823058414,2.7193086452599893,2.3930452227030257,2.7525205725612336,0.13333333333333333,0.2738024149339788,1.0,0.6123224333500059,0.439102564102564,0.25,0.3333333333333333,0.3333333333333333,0.5,0.05189576928707364,0.6825396825396826,0.14655172413793105,13.0
S2,6,W06_C8,ADFNE,21.507676418536747,n.d.,5.8918064616054835,7.4737539105067885,5.340774179837365,n.d.,n.d.,0.38461538461538464,3.480102846020792,2.687572203000946,0.05128205128205132,4.06637051158526,6.303064323601353,0.17948717948717946,2.5593581063063247,3.6760209698338713,0.2564102564102564,0.0,0.4358974358974359,3.257173621893299,3.076219654538819,3.437848755524934,n.d.,2.876991498230739,9.549442789331199,2.0367209186491344,1.1666666666666667,0.3829707571838099,3.0,3.002589324282872,0.15544871794871795,n.d.,1.5,0.5,0.5,0.10263157894736842,0.8888888888888888,0.170979020979021,13.0
S2,6,W06_C8,EVAE,17.870167685790076,n.d.,6.185549487008071,6.530515947533004,6.663202933879645,n.d.,n.d.,0.25,4.141121407390811,2.7874060154991263,0.10336538461538461,2.7757661922858086,5.668502382560343,0.08333333333333331,3.9438106855365125,2.70365438160088,0.17105263157894735,0.0,0.3565705128205128,2.455590936679242,1.7945435452981195,2.683637817486942,n.d.,2.488027769477745,8.822422912730204,2.0429135693105116,1.0833333333333335,0.49459920818551995,2.0,3.0747659221550445,0.3541666666666667,n.d.,0.5,0.5,0.0,0.10882352941176471,0.715219421101774,0.14264705882352943,12.5
S2,6,W06_C8,KDE,21.77383177439384,n.d.,6.344960505943722,7.858181924185225,4.315240907204738,n.d.,n.d.,0.3076923076923077,3.7987895049623868,2.489991892044939,0.10256410256410253,4.135210469708374,6.748053937231094,0.10256410256410253,1.1282379583171624,3.025740157392957,0.2564102564102564,0.0,0.3846153846153846,3.439334581589541,2.283631669531701,4.688944605480893,n.d.,2.758878384325061,7.597776159376912,2.5287762875694293,1.1666666666666667,0.3215667424781277,4.0,3.1477956902046538,0.15544871794871795,n.d.,0.5,0.5,0.5,0.1,1.0174603174603174,0.1884615384615385,13.0
S3,0,W00_C1,ADFNE,10.160154414341134,9.745803440928203,4.929938853598214,7.407335115241294,3.596518032317358,6.061080451538324,4.66128008731505,0.05594405594405594,3.4900372835182756,2.359727519286044,0.1433566433566434,2.996075531899839,5.4763774677476995,0.1048951048951049,2.844051825957929,2.164453461769536,0.07692307692307693,0.07692307692307693,0.2377622377622378,1.3676630659473776,0.9470725814422507,2.233349698411904,2.551564228920962,2.021843856577105,1.8840762294525815,3.5156665206539244,0.5769230769230769,0.44869932439652455,0.75,0.9554367494098912,0.5157342657342658,0.5,0.7083333333333333,0.5,0.5,0.029239766081871343,0.5063938618925832,0.125,11.0
S3,0,W00_C1,EVAE,13.517772397127592,12.689253973328519,5.311637357209741,5.692735240540646,5.629989061081904,12.66462469949816,2.4438790919061537,0.09230769230769231,3.307336775971323,1.8888039777325911,0.21153846153846156,4.019729656603252,4.1565005057674025,0.09731934731934731,3.9523617025127566,1.8869999078181068,0.08974358974358973,0.07692307692307693,0.3154623154623155,1.522030761805989,0.6247094613272641,1.1997784097010467,2.5644146636596683,1.6300211705946395,1.8451024566299208,2.9366571169948568,0.5769230769230769,0.45185936353535006,0.5,2.1379915903420055,0.1647241647241648,0.625,0.75,0.5,0.5,0.06521739130434782,0.48829431438127097,0.11948529411764708,11.0
S3,0,W00_C1,KDE,11.308617978021243,9.827960892738696,4.988458036248831,6.974587490022176,4.192031991483887,9.549130756702493,3.720051276799837,0.13636363636363635,3.964552559010924,3.0445988930665253,0.18881118881118886,3.21792753083602,4.951212129360103,0.1048951048951049,4.192031991483887,1.3293109170059032,0.07692307692307693,0.07692307692307693,0.26573426573426573,1.279432662016414,1.0388022013484541,1.4975718595916299,1.6723637241975864,1.7382854067533384,1.5417065754051407,2.5019080931041926,0.5769230769230769,0.4833908057466215,0.5,0.9009899714793321,0.515734265734266,0.5,0.75,0.5,0.5,0.06521739130434782,0.7902173913043479,0.15784706331045006,11.0
S3,0,W00_C2,ADFNE,14.5292794020932,11.590691570106664,7.824849173340552,n.d.,7.225047757196769,12.276237882428326,5.497294700852179,0.16363636363636364,7.220293227807888,2.349069879984736,0.18181818181818182,n.d.,n.d.,0.13181818181818183,7.087545300847316,7.6597331172655885,0.05909090909090908,0.1,0.2954545454545454,1.2389478727583703,0.7994125837503135,2.537747451572333,2.1348098622921476,1.85668556591278,n.d.,1.45160182027394,0.45,0.3957308752661146,0.6666666666666666,0.6447503816567471,0.3772727272727275,0.25,0.6499999999999999,1.0,0.6666666666666666,0.06045751633986929,0.6191950464396285,0.13153153153153155,11.0
S3,0,W00_C2,EVAE,14.821904701133652,15.246350070087807,8.036372248375214,n.d.,6.332536652778965,13.3459286684748,7.020430969715633,0.09999999999999998,7.328267614925459,3.276925230371626,0.2272727272727273,n.d.,n.d.,0.13181818181818183,2.5262266487940623,3.8721679450990805,0.05000000000000002,0.09090909090909091,0.30000000000000004,1.3924938892021053,0.30617492707588456,2.8667788347950838,2.60753882222923,1.3484046181985199,n.d.,2.54909647250747,0.5,0.3890093484796108,0.6666666666666666,1.833628990217378,0.13333333333333325,0.25,0.7,1.0,0.3333333333333333,0.05514705882352941,0.3653846153846154,0.08468468468468474,10.0
S3,0,W00_C2,KDE,15.355646051684396,13.467522127935798,7.985517077186497,n.d.,6.662892142462614,9.901332509025481,6.4644776306530165,0.16363636363636364,6.232928521596783,4.984342607368782,0.2272727272727273,n.d.,n.d.,0.22272727272727272,1.214569406792169,7.207792207859429,0.05909090909090908,0.1,0.38636363636363635,1.3184887918216648,0.994235931387494,2.0532430844736522,1.8901999440306945,1.5710941947560957,n.d.,1.397881021282958,0.45,0.33327178465362917,0.6666666666666666,0.603807194300275,0.5590909090909093,0.25,0.7,2.0,0.6666666666666666,0.061919504643962855,0.7264705882352942,0.16296653796653798,11.0
S3,0,W01_C1,ADFNE,23.061655016415127,n.d.,7.358806756383838,4.8122363472248235,n.d.,n.d.,n.d.,0.26623376623376627,5.742375974700016,1.3711856247395922,0.08441558441558444,2.9557495697799894,1.8445537598567512,0.3311688311688311,n.d.,n.d.,0.07142857142857142,0.09090909090909091,0.42207792207792205,2.9644000380696,2.4688999974271715,1.9978362713680509,n.d.,2.7499303421550647,5.60935397135734,n.d.,0.2727272727272727,0.13031296150416483,n.d.,1.5135431647488737,0.48782467532467527,4.0,0.6666666666666666,0.5,n.d.,0.1225,1.3956521739130434,0.2774725274725275,14.0
S3,0,W01_C1,EVAE,19.403700391658298,n.d.,6.408758588912412,4.383037696135803,n.d.,n.d.,n.d.,0.06934731934731934,4.607836461902248,2.561108441751884,0.06060606060606061,1.9541332028102796,2.834121081097498,0.2121212121212121,n.d.,n.d.,0.17424242424242425,0.05194805194805194,0.3538961038961039,2.432795369623549,2.9439858470711897,3.0597935983804914,n.d.,2.147064864933005,5.599669373527734,n.d.,0.22727272727272727,0.18594014796519834,n.d.,0.6820089528213561,0.08062770562770563,1.0,0.3333333333333333,0.3333333333333333,n.d.,0.06066176470588235,0.8,0.17914438502673796,13.5
S3,0,W01_C1,KDE,20.395740430546915,n.d.,6.385938796693169,5.693871568118967,n.d.,n.d.,n.d.,0.1948051948051948,4.6107520152131425,3.6127285156597067,0.05844155844155843,4.864437677745558,1.9380889050475911,0.2597402597402597,n.d.,n.d.,0.14285714285714285,0.09090909090909091,0.35064935064935066,3.040257150775571,2.5761643569059975,3.6362787085928536,n.d.,2.070345598033004,6.069420536000204,n.d.,0.2727272727272727,0.16744683768219865,n.d.,1.49791708028748,0.4163961038961039,3.0,0.3333333333333333,0.3333333333333333,n.d.,0.12771739130434784,1.1314285714285715,0.25,14.0
S3,0,W01_C2,ADFNE,14.766942675904975,n.d.,5.489440045685117,6.280918041025534,4.624888991165158,n.d.,n.d.,0.35714285714285715,3.2377115652087487,3.6029475563671722,0.11428571428571432,3.686329696999297,2.5823597778106464,0.07142857142857142,2.003941827341584,3.623649328077167,0.22857142857142856,0.1,0.41428571428571426,1.91851444625881,0.637270912105618,5.244346952885865,n.d.,2.187037110326456,3.070757206004495,5.729303433508112,0.4,0.21232330186412196,n.d.,1.583879192829716,0.26428571428571435,n.d.,0.25,0.5,0.6666666666666666,0.03886693017127799,0.8840579710144929,0.1891025641025641,14.0
S3,0,W01_C2,EVAE,12.42527493628411,n.d.,4.830876695154046,5.579012699026016,5.985734983007128,n.d.,n.d.,0.2582417582417582,2.805820563015761,3.0026072528263814,0.15000000000000002,3.071857996892146,2.611151629203558,0.07922077922077919,6.036598983416581,2.140922946963543,0.13974358974358975,0.1,0.3384615384615385,1.5720708356280424,0.35620641883641835,5.263127277195179,n.d.,2.0022968541456323,2.381716276880007,6.262509098621216,0.3,0.15403021377170245,n.d.,0.6692319501423288,0.12973484848484848,n.d.,0.25,0.75,0.3333333333333333,0.04076086956521739,0.3832442067736186,0.08712121212121211,13.0
S3,0,W01_C2,KDE,14.465662705931834,n.d.,3.9198741777626775,5.628168177934075,6.177786011128251,n.d.,n.d.,0.2857142857142857,2.4481101021234966,1.6932672581077162,0.11428571428571432,2.851776706020938,2.7264990839617296,0.08571428571428569,6.228650011537703,2.7581278845805404,0.15714285714285714,0.1,0.37142857142857144,2.1092178214865194,0.7297344156536234,5.868981939848002,n.d.,1.9060232421712897,2.555584355399575,7.416159348472156,0.4,0.16648330950881596,n.d.,1.5172467022088707,0.14285714285714285,n.d.,0.25,0.5,0.3333333333333333,0.07166666666666667,1.0,0.2165178571428571,14.0
S3,0,W02_C1,ADFNE,16.845837718942484,9.14173678698671,7.584285075935416,n.d.,4.4065680414672705,3.443601235006648,7.0954556674203015,0.14285714285714285,2.922498391543944,7.520423006091131,0.17857142857142858,n.d.,n.d.,0.10714285714285714,4.159487679564091,2.9336040415453613,0.14285714285714285,0.07142857142857142,0.3571428571428571,3.9482742544976546,5.3540750243384,3.825130667619683,5.253770860218295,3.4299262528510557,n.d.,4.8238408748829364,0.0,0.38186673922339465,0.4,0.6599228119233055,0.1428571428571429,0.2857142857142857,1.25,1.5,0.6666666666666666,0.1090909090909091,0.7453734671125976,0.13767806267806268,14.0
S3,0,W02_C1,EVAE,20.454739863628703,9.734384352778175,7.256260934480632,n.d.,6.290840550102816,7.7329990656966,6.125230485657851,0.22380952380952382,3.1677184504620137,6.14547991191049,0.13636363636363635,n.d.,n.d.,0.17857142857142858,5.375693818847124,2.5206756231743865,0.07142857142857142,0.06666666666666667,0.33484848484848484,3.731178214331209,5.138723455979806,4.521498177220549,3.4505444467643684,4.110762795266142,n.d.,3.798396138539069,0.0,0.3815554673326526,0.6,1.5201060460146354,0.18138111888111885,0.42857142857142855,1.0,2.0,0.3333333333333333,0.1321266968325792,1.4365914786967418,0.24161490683229814,14.0
S3,0,W02_C1,KDE,18.70839096459366,7.3668674978819535,5.972053274461306,n.d.,6.067400494647119,3.731195631853359,5.167785116851234,0.2142857142857143,2.7751296945647796,5.655893411457476,0.14285714285714285,n.d.,n.d.,0.21428571428571427,5.71972037613802,1.6558186166793318,0.14285714285714285,0.07142857142857142,0.3571428571428571,4.244923822079539,5.19042891309201,4.367296233816706,5.179340034027681,3.245375895964414,n.d.,4.533055450382301,0.0,0.40758279679179965,0.4,0.6050866725933375,0.2857142857142857,0.42857142857142855,1.0,3.0,0.6666666666666666,0.10692640692640694,0.8,0.13443738656987292,14.0
S3,0,W02_C2,ADFNE,10.278000881504232,6.615474679003884,7.7463096503908435,6.815466601690083,n.d.,4.570759160559343,3.1475203777786565,0.05714285714285716,3.7140513196830582,5.894895317735647,0.25,4.427168405074689,3.258925591135662,0.08571428571428569,n.d.,n.d.,0.07142857142857142,0.07142857142857142,0.2785714285714286,4.488512789987551,5.433323538755593,5.773868983786527,4.019379932789125,5.70470273961198,4.51582103485366,n.d.,0.4,0.22630302255816664,0.4,0.7410730691666841,0.22142857142857142,0.6666666666666666,0.30000000000000004,0.75,n.d.,0.11784897025171624,1.01921470342523,0.19047619047619047,14.0
S3,0,W02_C2,EVAE,11.669815841917297,6.591288343177259,8.243344502494006,5.311143021628697,n.d.,2.1534867903501533,4.1379791811052415,0.053571428571428575,3.8381253636321615,7.544107778899529,0.2512820512820513,3.1214407257098182,3.2434682737276717,0.08571428571428569,n.d.,n.d.,0.1380952380952381,0.07142857142857142,0.31666666666666665,3.9140134355773992,5.243518940038875,5.862008991647494,3.4428490630687962,6.1152568508342675,4.0199359908552506,n.d.,0.4,0.19813150781738265,0.6,1.512501651356104,0.3354166666666667,0.3333333333333333,0.30000000000000004,0.5,n.d.,0.05131578947368421,1.6365079365079365,0.26406926406926406,14.0
S3,0,W02_C2,KDE,10.598974485157314,6.437586233543579,8.190341705112838,6.460418885111471,n.d.,4.768422416746225,1.9291263418670672,0.05714285714285716,2.880593873659304,7.697093329682845,0.2142857142857143,3.167636281222524,3.15225359611657,0.05714285714285716,n.d.,n.d.,0.14285714285714285,0.03571428571428571,0.2785714285714286,4.326140360454863,5.2595578236996,6.63919623331131,4.538393703048424,5.109751078754843,4.175071415796426,n.d.,0.4,0.20311631951615453,0.5,0.9747395817636003,0.22142857142857142,0.3333333333333333,0.2,0.5,n.d.,0.12771739130434784,0.8026418026418027,0.1981792717086835,14.0
S3,0,W03_C1,ADFNE,11.308739576836864,7.269464511173448,5.820867517731136,5.015266033140127,n.d.,6.256461804047665,2.8269684708787257,0.10714285714285715,3.0789506251390737,4.662499977233832,0.2767857142857143,4.196550787702549,4.8089620606634575,0.08928571428571427,n.d.,n.d.,0.07142857142857142,0.0625,0.2767857142857143,1.8860006436087255,3.5717011191542527,1.8075745195507054,2.6806848247637127,3.011916435688816,3.7042663792894324,n.d.,0.125,0.2834906715410296,2.0,0.7752542909453239,0.2678571428571428,0.25,0.5555555555555556,0.5,n.d.,0.0931372549019608,0.45565217391304347,0.1313888888888889,14.0
S3,0,W03_C1,EVAE,12.973461945823601,6.765720848873919,7.341467462905947,6.559119040430616,n.d.,5.4968148738023235,2.573072478582464,0.1103896103896104,6.136760040423387,5.093479479749234,0.30113636363636365,5.162654959515456,2.648381965291233,0.125,n.d.,n.d.,0.13333333333333333,0.0625,0.3482142857142857,1.57540619981977,2.930817601270315,0.9444152201912648,1.9386762710837844,3.402713720812733,3.096485843883144,n.d.,0.125,0.22348059752805746,1.0,1.4797435191559214,0.4464285714285714,0.25,0.6666666666666666,0.5,n.d.,0.11397058823529413,0.36666666666666664,0.12012987012987011,14.0
S3,0,W03_C1,KDE,12.606518334815645,6.297451230790255,6.344763608666625,6.722374398817552,n.d.,4.017105851034433,1.9852101081027023,0.10714285714285715,3.9246349030732497,3.586048984005318,0.2767857142857143,6.429660172655582,4.075780783161703,0.14285714285714285,n.d.,n.d.,0.14285714285714285,0.0625,0.3392857142857143,1.6493402177832506,2.8116305368985084,1.1243095288841793,2.5341249377497057,2.815361673087003,3.0346502346774336,n.d.,0.125,0.2042329631584678,3.0,0.8620363507033983,0.2678571428571428,0.25,0.5555555555555556,1.0,n.d.,0.08753778191118346,0.25085251491901117,0.1282051282051282,14.0
S3,0,W03_C2,ADFNE,9.986421800147129,6.5104399382994345,4.721057496225481,7.221744901211619,n.d.,5.642458972937203,2.3798443659237023,0.03968253968253965,2.990548875612743,1.8379295070014212,0.10714285714285714,7.290316268010097,1.9838114884898903,0.06349206349206349,n.d.,n.d.,0.10714285714285714,0.05555555555555555,0.20634920634920634,1.3177495915009372,0.888898944941427,1.2321036601959323,2.4247740056711837,4.2793231190867145,2.0543802983864325,n.d.,0.2222222222222222,0.28080491702788013,1.0,0.8317694423171015,0.21825396825396826,0.2857142857142857,0.3333333333333333,0.25,n.d.,0.09761904761904762,0.7418181818181818,0.15274093722369583,14.0
S3,0,W03_C2,EVAE,10.153336373475046,6.700584206982216,5.635550641269117,8.151980900189464,n.d.,6.112301057154864,3.1271052746186685,0.03968253968253965,3.545361158814673,2.6820757245815123,0.08333333333333334,8.10944134297287,2.1118236385475493,0.07387057387057386,n.d.,n.d.,0.14285714285714285,0.05555555555555555,0.2261904761904762,1.017521754493967,0.48161999829631763,1.6959478105237529,2.5252209464238065,3.9079130851060624,1.4494527889545687,n.d.,0.2222222222222222,0.2948874294229753,0.0,1.1518920948916938,0.21031746031746024,0.3571428571428571,0.3333333333333333,0.25,n.d.,0.054093567251461985,0.25215311004784685,0.07333333333333333,14.0
S3,0,W03_C2,KDE,9.875094785449654,7.903880419438517,6.273981951126009,10.611007483499785,n.d.,5.445754958412568,4.143267264184531,0.1031746031746032,4.644549953427283,1.879291831644979,0.047619047619047616,10.667841374442897,2.0826129932022734,0.06349206349206349,n.d.,n.d.,0.14285714285714285,0.05555555555555555,0.2222222222222222,1.5062320786883514,1.04254567975586,2.112414042703874,2.1589472921075057,3.9288936177580505,1.7676057419460256,n.d.,0.2222222222222222,0.2494385316259539,2.25,1.0549022368004235,0.14285714285714285,0.42857142857142855,0.3333333333333333,0.25,n.d.,0.13068181818181818,1.261077595173705,0.23051282051282052,14.0
S3,0,W04_C1,ADFNE,15.95813642579411,7.011609541543619,9.141461658855325,n.d.,8.80359704833286,3.528240568432966,4.6270905893276995,0.0714285714285714,8.92666649548223,2.406628007946806,0.14285714285714285,n.d.,n.d.,0.21428571428571427,8.803597048332852,3.214098531135021,0.07142857142857142,0.07142857142857142,0.2857142857142857,2.2426269883201497,2.0598412372596977,1.7183253214161442,4.228923236377693,2.774836678412604,n.d.,2.4045116467623777,0.0,0.2826266318744438,n.d.,0.8792780873582134,0.2857142857142857,0.16666666666666666,0.3333333333333333,n.d.,0.5,0.040442014126224654,0.7456641604010025,0.15713248638838473,14.0
S3,0,W04_C1,EVAE,14.517104511136147,6.2804796197127075,6.585937164035804,n.d.,5.7342541945517445,3.7839668792903476,2.6580355787234033,0.06818181818181815,6.567540697313883,2.384060658832394,0.19780219780219777,n.d.,n.d.,0.21428571428571427,5.634912582335563,2.1812193900389127,0.06593406593406592,0.03333333333333333,0.2857142857142857,1.7490330895866895,1.8620711255926374,1.2164398478448062,2.503504419154229,3.2016335708445007,n.d.,2.1578308822042813,0.0,0.2394892526405969,n.d.,1.1149219430433026,0.18138111888111885,0.16666666666666666,0.5,n.d.,0.5,0.05,0.5270302452964992,0.12228560912771436,14.0
S3,0,W04_C1,KDE,17.322717448443164,6.8143120700390725,7.314016578280525,n.d.,8.570510272035193,4.006845269991713,5.393241473450059,0.0714285714285714,7.312665416291232,1.9483051542111998,0.21428571428571427,n.d.,n.d.,0.21428571428571427,8.620795841538344,1.5793505913315293,0.07142857142857142,0.07142857142857142,0.2857142857142857,2.0250289443974725,1.2958853393907277,2.073518299706122,4.002787998855038,2.8840780209571415,n.d.,1.9405851823249924,0.0,0.24511323911710486,n.d.,0.8146534029678603,0.2857142857142857,0.16666666666666666,0.5,n.d.,0.5,0.09247331615752669,1.2993551071354275,0.2562308549150654,14.0
S3,0,W04_C2,ADFNE,12.271776216886561,6.831808853229624,5.955065662190398,7.28115674924252,n.d.,6.535409416077659,2.307348043093061,0.14285714285714285,2.522851817151178,2.8068349593064,0.07142857142857145,3.4452159435547,5.418112295463536,0.07142857142857142,n.d.,n.d.,0.07142857142857142,0.0,0.2857142857142857,3.4296756573395664,2.905019571836013,5.850041434593242,6.002797911072701,2.249849639948405,7.511645221307814,n.d.,0.0,0.40020464388340227,0.5,0.7253650913441307,0.28571428571428575,0.2857142857142857,0.25,0.5,1.0,0.09906832298136645,1.3929670329670332,0.18194444444444446,14.0
S3,0,W04_C2,EVAE,11.30675481798078,5.667024681435864,5.8388315015640035,6.861925759999405,n.d.,3.4863974819362724,2.7683284266952946,0.14285714285714285,4.122065895014416,2.7978501335763672,0.06318681318681317,3.549701955570997,5.624498431390776,0.07142857142857142,n.d.,n.d.,0.07142857142857142,0.03333333333333333,0.21428571428571425,2.5305488548685613,2.260157256065659,5.409168426185017,3.9047846171204745,1.7875962046659803,6.5533055186258355,n.d.,0.0,0.3227506639603651,0.6666666666666666,1.544512749297522,0.6625,0.2857142857142857,0.25,0.5,1.0,0.1615079365079365,1.8599661208356864,0.2899999999999999,14.0
S3,0,W04_C2,KDE,12.830506910651586,6.300955021194017,6.97578237569982,6.870152482086808,n.d.,3.8098950685008113,1.691831250026059,0.2142857142857143,4.835482525902492,5.03860980641149,0.07142857142857142,5.106072332640197,7.14461554372053,0.14285714285714285,n.d.,n.d.,0.07142857142857142,0.0,0.25,2.8944929610572867,1.793950937277922,6.254404175280547,5.47294250297972,1.5329895908544207,6.282385149890431,n.d.,0.0,0.31183058922884455,0.3333333333333333,0.6236571573928656,0.28571428571428575,0.42857142857142855,0.25,1.0,1.0,0.12337662337662336,1.428095238095238,0.21666666666666667,14.0
S3,0,W05_C1,ADFNE,20.520919712137157,6.253532006192947,6.139886785314843,7.7936749646736585,5.591603949997519,4.461413737068705,2.906965559746588,0.17857142857142858,3.913620157951332,2.0799328899834864,0.1746031746031746,7.192265925487811,2.5440433640119666,0.10317460317460317,4.171501200345787,2.586934090774885,0.07936507936507936,0.05555555555555555,0.3333333333333333,2.349343160655091,1.8772406867161084,1.915743627528486,4.2530119959904615,2.12511800922418,3.7819969579501174,1.923580570606371,0.2222222222222222,0.43666047320352763,0.6666666666666666,0.6900556048541706,0.21428571428571425,0.5,1.0,0.5,0.5,0.035,0.4142857142857143,0.10515873015873015,14.0
S3,0,W05_C1,EVAE,17.137730699393355,5.194043795056138,5.7404871381332185,8.041343973650253,7.228665358165852,2.3285097208579253,1.966500870134361,0.14285714285714285,3.4976703170535712,1.4862373193500913,0.15025252525252525,8.000559491500907,2.7413755903008603,0.0735479797979798,6.45045800465792,4.680740802710576,0.07936507936507936,0.05555555555555555,0.26686507936507936,2.00238159470709,1.8246967520401574,1.695849392862221,3.1396701072164497,1.6342159088382537,3.4360856708403893,2.0381801922284786,0.2222222222222222,0.41344774623615804,0.5,1.3471160891261522,0.3243055555555555,0.4444444444444444,0.5,0.5,0.5,0.05754475703324808,0.40153452685422,0.07977207977207978,14.0
S3,0,W05_C1,KDE,21.325645072316,6.003837402433046,6.27649131379106,9.171021204744884,3.5050251747460957,4.3318550279579835,3.0887285834555245,0.14285714285714285,3.7850504433581085,2.7472907067748036,0.1746031746031746,9.17074475716013,3.8964204904433526,0.1746031746031746,3.5060501667050357,0.9130082368934973,0.15079365079365079,0.05555555555555555,0.3492063492063492,2.2073481503441688,1.3409932897004195,2.2141019367195085,4.252342525375937,1.6467512309791568,3.5450036933800897,1.7822755657012712,0.2222222222222222,0.42488094044980124,0.3333333333333333,0.7747676128663866,0.14285714285714285,0.4444444444444444,1.0,1.0,0.75,0.052865612648221344,0.466403162055336,0.09253246753246752,14.0
S3,0,W05_C2,ADFNE,18.93602479638964,6.55415891150497,7.312130170463243,5.330779856133634,n.d.,6.119824555585111,2.163384538277099,0.24285714285714283,5.810720575133143,3.19227707138807,0.035714285714285726,3.1708451573586567,2.4380611449033083,0.1857142857142857,n.d.,n.d.,0.07142857142857142,0.05,0.3285714285714286,1.5055378860097415,1.4011989662153472,1.4451864309946556,2.0041435893247637,6.360334034774416,3.7929593937051562,n.d.,0.3,0.3690450027076242,1.5,0.6097429878745195,0.15357142857142858,0.5833333333333334,0.4,1.0,n.d.,0.08347826086956522,0.8636024844720497,0.16441687344913153,14.0
S3,0,W05_C2,EVAE,15.263819327431715,6.7677740305268905,6.228135923385629,4.923657643278869,n.d.,5.999193030418022,2.4437255556040087,0.20769230769230765,4.823618513070471,2.1769686458774196,0.035714285714285726,2.5672326476739737,3.196257359121997,0.1,n.d.,n.d.,0.125,0.05,0.26428571428571423,1.1903346740892475,0.8922402201377797,0.9620596170425411,2.410607616349807,6.155039174052369,4.376425289181436,n.d.,0.3,0.3530503990613476,0.5,1.3831377941003362,0.38749999999999996,0.5,0.2,0.5,n.d.,0.08893280632411067,0.40349666436622955,0.10646464646464646,14.0
S3,0,W05_C2,KDE,19.053204925080095,6.122616051177046,8.309902878269856,5.425319855108433,n.d.,5.117188939437561,2.345768329457452,0.3142857142857143,5.335438876577893,4.8119067073447805,0.10714285714285715,3.662741743428818,1.9947926832075566,0.11428571428571427,n.d.,n.d.,0.14285714285714285,0.05,0.3392857142857143,1.5932609156145943,1.1241840239114036,1.7575347751247068,1.7451283899204688,5.137753294803968,3.9924993778120674,n.d.,0.3,0.3523150189507932,1.5,0.7227935682930815,0.15357142857142858,0.6666666666666666,0.2,0.5,n.d.,0.09307359307359307,0.8670861937452327,0.17112443778110947,14.0
S3,0,W06_C1,ADFNE,15.70220908857103,6.869893265961304,8.919264440939841,n.d.,5.244181075552804,5.495213843174248,3.3628033766573826,0.125,8.068105378104182,5.008666347222487,0.08333333333333331,n.d.,n.d.,0.125,2.590449297590531,3.707124868403798,0.04166666666666667,0.041666666666666664,0.20833333333333337,1.6626961018713091,1.5730889975428202,2.032378950504147,2.9851611039622954,1.6566595136025852,n.d.,3.0856022844510083,0.5,0.5554231180688869,0.625,0.8872631159496889,0.41666666666666663,0.6363636363636364,0.5,1.0,0.6666666666666666,0.062185502515979874,0.39138886888904895,0.1074468085106383,12.0
S3,0,W06_C1,EVAE,12.162024407214856,6.284754210434209,5.395324424012688,n.d.,5.066978363217312,5.361382503037054,1.2063099242246471,0.09469696969696967,4.220743649856636,3.8401075112501237,0.07196969696969696,n.d.,n.d.,0.1563852813852814,2.3681488897747496,3.2195848165814196,0.04807692307692307,0.041666666666666664,0.20238095238095238,1.1534802932023347,1.0292605461201705,1.5141081003529218,2.7664794396476817,1.5886071706313096,n.d.,2.3971115525355886,0.4375,0.49555824851722363,0.5,1.9469229209256338,0.2541666666666667,0.5454545454545454,0.625,1.5,0.6666666666666666,0.04961240310077519,0.3038759689922481,0.07711027673480741,13.5
S3,0,W06_C1,KDE,17.062494962291588,6.084415606990638,10.332078952841478,n.d.,4.688720933412983,3.308047524858172,2.9855531183263526,0.125,7.305815914013856,5.374465052507575,0.08333333333333331,n.d.,n.d.,0.20833333333333334,2.898445156743772,1.7084288455040024,0.08333333333333334,0.041666666666666664,0.27083333333333326,1.1965374679064125,0.5309420485619099,1.4553563980464084,2.65426472804195,1.7715745057788377,n.d.,2.434508218625425,0.5,0.480040486311519,0.25,0.9139084051259923,0.2499999999999999,0.6363636363636364,0.625,2.0,0.3333333333333333,0.043233082706766915,0.3065815473476212,0.07645322202992974,12.0
S3,0,W06_C2,ADFNE,14.818434882884354,6.300395944672379,5.5239711053171385,10.613074312351365,n.d.,4.9580571564935685,1.9288274029417174,0.19047619047619052,4.4484093535382545,1.8725055367548489,0.08333333333333331,9.583122040475411,4.077762044886912,0.15476190476190477,n.d.,n.d.,0.08333333333333333,0.047619047619047616,0.2976190476190476,1.3110533580566162,0.5830795505720221,3.114056050068629,2.169883489447037,2.102894719428071,2.7860229675705845,n.d.,0.42857142857142855,0.3644061756537089,0.3333333333333333,0.6185416784232902,0.44345238095238093,0.6363636363636364,0.5714285714285714,0.5,n.d.,0.07827380952380952,0.47619047619047616,0.13157894736842107,12.0
S3,0,W06_C2,EVAE,11.088758468096763,5.554559772781586,6.238344064318358,6.22225414942635,n.d.,3.859333729791628,3.2790803723160313,0.15293040293040294,5.210128521347641,2.1259661858044048,0.047619047619047616,5.009980638600955,1.5766948938089502,0.0670995670995671,n.d.,n.d.,0.14285714285714285,0.047619047619047616,0.24761904761904763,1.2672989364446527,0.7235871242541891,2.734375803095437,2.1185834240321095,1.4646870433622468,1.858376548931921,n.d.,0.3333333333333333,0.2922857435676147,0.6666666666666666,1.2766628612400588,0.0982142857142857,0.5454545454545454,0.42857142857142855,0.5,n.d.,0.05833333333333334,0.41428571428571426,0.0961472308221534,14.0
S3,0,W06_C2,KDE,14.226969705433895,6.63222588771072,5.777970501473845,7.123379138648334,n.d.,4.514592446300714,2.570473649104615,0.19047619047619052,4.072625627322935,2.842723727948184,0.08333333333333337,5.634123070201513,3.8157247969945147,0.15476190476190477,n.d.,n.d.,0.08333333333333333,0.047619047619047616,0.3214285714285714,1.0600354077669618,0.520788475354596,1.7722794902029433,1.8614814407584255,1.723346948308779,2.8541016332291584,n.d.,0.42857142857142855,0.35789573624817794,0.3333333333333333,0.7311464416419533,0.2767857142857143,0.6363636363636364,0.42857142857142855,0.5,n.d.,0.042857142857142844,0.3157894736842105,0.09327231121281467,12.0
S3,1,W00_C3,ADFNE,18.277949360846634,11.495322307971058,7.533234916003626,7.882736994721869,n.d.,9.552699409806229,9.027675436440521,0.18181818181818182,4.924497147095128,3.995809905145533,0.09090909090909091,7.854242953147275,2.800234351173965,0.18181818181818182,n.d.,n.d.,0.09090909090909091,0.18181818181818182,0.36363636363636365,1.8395619607343474,1.4903786358394657,3.18239539052787,4.359849231210291,1.8952241076281229,2.5476038938931826,n.d.,0.0,0.21156285947186476,2.0,1.0403055972926192,0.18181818181818188,1.0,0.3333333333333333,0.5,n.d.,0.1111111111111111,0.9555555555555556,0.1898809523809524,11.0
S3,1,W00_C3,EVAE,24.42247904926124,13.524156188588108,7.173236572418757,7.064590421215043,n.d.,11.616582260645247,7.359828142057612,0.2181818181818182,4.192634028587642,4.171670138871128,0.06060606060606061,7.110313836708294,3.1350411734740202,0.25252525252525254,n.d.,n.d.,0.1111111111111111,0.18181818181818182,0.4151515151515151,1.7568052273883206,0.6508756969753743,2.4632931501318067,3.89789321494892,1.4754056980965524,2.692723943041578,n.d.,0.18181818181818182,0.1993991134555226,1.0,1.1226606700081745,0.25635198135198145,1.5,0.3333333333333333,0.75,n.d.,0.09545454545454546,0.7333333333333334,0.14692982456140352,10.0
S3,1,W00_C3,KDE,16.27696721112403,13.860947558153356,4.879284043555878,7.152195792951565,n.d.,12.531900711379123,8.379961984921044,0.18181818181818182,2.1111602173884596,3.650719893040833,0.09090909090909088,6.745644148610677,2.428086986216406,0.13636363636363638,n.d.,n.d.,0.09090909090909091,0.18181818181818182,0.27272727272727276,2.2619539517414697,0.8371711909809467,3.947517594250625,4.764730912337148,1.9773008013541884,2.3194128292954903,n.d.,0.0,0.20554313698699073,1.0,1.1108324236340863,0.18181818181818188,1.0,0.3333333333333333,0.375,n.d.,0.058823529411764705,0.38245614035087716,0.10263157894736843,11.0
S3,1,W00_C4,ADFNE,24.28433368862739,10.0372973339896,6.920761987532046,12.45615994554092,n.d.,9.986109907933669,3.6729270574032555,0.09696969696969698,5.800137018905576,1.4888368135424197,0.23030303030303031,12.466453163156874,3.4518337608526575,0.28484848484848485,n.d.,n.d.,0.09090909090909091,0.13333333333333333,0.41515151515151516,1.3179974524189222,1.2797610676263937,1.7894300651612678,4.198400039879924,2.9757110852181223,2.6687198751559187,n.d.,0.26666666666666666,0.2812113824276175,1.0,0.8448669584323276,0.44242424242424244,0.0,1.0,0.7142857142857143,n.d.,0.05882352941176471,0.6866515837104072,0.13289473684210523,11.0
S3,1,W00_C4,EVAE,27.62235434689112,12.836933453302585,8.123697398029599,13.732352544933072,n.d.,12.41462851480188,4.978304691604,0.13333333333333336,8.06526694348431,3.3006965031419586,0.13333333333333333,13.750604212127044,3.2497984568405105,0.26666666666666666,n.d.,n.d.,0.1111111111111111,0.13333333333333333,0.4,1.185874176968416,0.8862137661551522,0.9654869673473793,4.213145101805645,2.3052366715824517,1.7197638349587132,n.d.,0.26666666666666666,0.28048038071788184,0.5,1.6098637334010522,0.1717948717948718,0.375,0.5,0.7142857142857143,n.d.,0.05208333333333333,0.2833333333333333,0.10064935064935063,11.0
S3,1,W00_C4,KDE,23.13148312175356,12.875556132601012,6.348331714917058,10.96251429209302,n.d.,12.836133672688453,3.224578956725458,0.04545454545454544,4.697862593173868,2.791126274810729,0.13939393939393938,10.972807509708977,3.235369979290704,0.19393939393939397,n.d.,n.d.,0.09090909090909091,0.13333333333333333,0.32727272727272727,1.4769454738150234,1.257557443507966,2.267663368470217,3.9898690382081945,2.4322466480960516,1.5059586629483777,n.d.,0.26666666666666666,0.31877572047368585,0.5,0.7325935004759583,0.18181818181818188,0.25,0.5,0.5714285714285714,n.d.,0.05982905982905984,0.48734817813765174,0.1257936507936508,11.0
S3,1,W01_C3,ADFNE,12.171375752175868,9.696938973603121,6.915011443418345,6.6733314544603015,n.d.,8.531434115494172,5.991226956150378,0.01785714285714285,6.407481487141042,1.9225138455029493,0.07142857142857144,2.440772011704009,5.766226773037008,0.10714285714285715,n.d.,n.d.,0.07142857142857142,0.125,0.1785714285714286,3.745052356212434,1.7016783679006386,7.237532924191397,3.128533239219035,11.91932407712356,2.0073366538095563,n.d.,0.75,0.12344831464441797,1.25,2.7925560605430575,0.3392857142857143,0.6666666666666666,1.0,0.5,n.d.,0.09761904761904762,0.41428571428571426,0.12258064516129036,14.0
S3,1,W01_C3,EVAE,14.176468223987172,11.52281409105385,5.155444496704893,5.3167131360847995,n.d.,11.062174151805184,4.882022876786677,0.08653846153846156,4.161336811430144,1.9155551803070239,0.08333333333333333,1.7585368228582525,4.469427749077546,0.09615384615384615,n.d.,n.d.,0.09090909090909091,0.125,0.27884615384615385,2.9946913725699154,1.3361519259844201,7.183747700276436,2.777889055672479,12.043579003057106,1.4155332798298939,n.d.,0.625,0.11807476936871208,0.5,1.536857056617891,0.15196488294314384,0.6666666666666666,0.75,0.5,n.d.,0.05718954248366013,0.48470588235294115,0.13541666666666669,13.0
S3,1,W01_C3,KDE,11.612410366791822,10.981027970353884,5.68349481034455,5.124138595514466,n.d.,10.507065882310162,3.2897602078443726,0.0892857142857143,5.432805673097864,1.8405409794518093,0.07142857142857144,3.5560701348626136,3.9483830049159887,0.10714285714285715,n.d.,n.d.,0.10714285714285714,0.08928571428571429,0.19642857142857145,3.7225644809885683,1.2980311059091654,7.74133441212031,3.2361216393558294,11.021932633018565,2.1786655195118545,n.d.,0.75,0.13449233863008553,1.5,2.945762897750911,0.3392857142857143,0.3333333333333333,1.0,0.5,n.d.,0.13339920948616601,0.51,0.12962962962962962,14.0
S3,1,W01_C4,ADFNE,20.316809373983027,n.d.,7.604050040725577,n.d.,n.d.,n.d.,n.d.,0.23214285714285715,7.287574598115844,2.912783282974502,0.3035714285714286,n.d.,n.d.,0.08928571428571427,n.d.,n.d.,0.053571428571428575,0.07142857142857142,0.3303571428571429,2.2750997633323964,2.7365100075689464,1.5614679105849643,n.d.,2.0220576370776753,n.d.,n.d.,0.75,0.256102020003238,n.d.,3.119241291144587,0.21428571428571425,4.0,0.2,2.0,0.5,0.11521739130434783,1.6,0.30536130536130535,14.0
S3,1,W01_C4,EVAE,22.746118475145835,n.d.,8.117193400473703,n.d.,n.d.,n.d.,n.d.,0.2548076923076923,7.240633686470788,3.5998074900777475,0.3942307692307692,n.d.,n.d.,0.125,n.d.,n.d.,0.050824175824175824,0.0,0.4423076923076924,2.263034356853138,2.4143716495758394,1.843306427211635,n.d.,1.9842526146203543,n.d.,n.d.,0.625,0.2937005980010369,n.d.,1.6017835775458082,0.35714285714285715,4.0,0.4,2.0,1.0,0.10818713450292397,0.9251336898395721,0.20526315789473681,13.0
S3,1,W01_C4,KDE,19.801075230178082,n.d.,6.738128053508229,n.d.,n.d.,n.d.,n.d.,0.23214285714285715,6.634552528090767,2.3960356488605226,0.26785714285714285,n.d.,n.d.,0.08928571428571427,n.d.,n.d.,0.053571428571428575,0.0,0.3214285714285714,2.0283348133205017,1.9291625905834586,2.3409664854060774,n.d.,1.7458445093202088,n.d.,n.d.,0.75,0.2867954589140801,n.d.,3.1299733357486925,0.2321428571428571,4.0,0.2,2.0,1.0,0.1201923076923077,1.36231884057971,0.2899159663865546,14.0
S3,1,W02_C3,ADFNE,13.89026817830892,22.531567901250728,5.286092596990339,6.8775092458537195,5.490427736775002,22.57988593344121,8.010357951551326,0.1904761904761905,2.7128998836727654,1.5479250440094603,0.17857142857142855,5.59560592282156,1.436505062091367,0.10714285714285715,4.843360302470554,1.19278927498228,0.17857142857142858,0.05952380952380952,0.35714285714285715,2.2199323933562054,0.7755429674604009,1.4926323853504053,2.370994540391713,5.16040229092546,5.805577410050042,4.151756687931246,0.16666666666666666,0.17664020486845572,n.d.,1.2643174866378981,0.4226190476190476,1.5,0.8333333333333333,0.3333333333333333,0.6666666666666666,0.05555555555555555,0.9047619047619048,0.18313131313131312,14.0
S3,1,W02_C3,EVAE,14.255354572941718,21.66372550523476,6.462472822243056,6.491374702926259,3.515402240327657,21.51229097687716,10.25146035731476,0.15625,2.970665858973397,2.163979733062657,0.06534090909090909,4.963362386822125,1.9481030982658574,0.08333333333333333,2.571181275475938,1.7476892680887814,0.16666666666666669,0.07692307692307693,0.27083333333333337,1.5606118527620765,0.5835248529911043,1.2580364513748106,4.374388680592356,5.873468399213994,5.773691836526459,2.115093604563941,0.08333333333333333,0.1494653248029949,n.d.,0.5462485026984857,0.08541666666666667,1.0,0.3333333333333333,0.3333333333333333,0.6666666666666666,0.05555555555555555,0.6483660130718955,0.1402173913043478,13.0
S3,1,W02_C3,KDE,13.133383497779114,21.355222082609707,6.16929682171078,6.114687892270423,3.3779320524743692,21.35174982692103,9.71964555820248,0.1904761904761905,3.6475299464016553,1.6796585856795154,0.10714285714285715,4.206498562188188,2.5901010656100976,0.035714285714285726,1.7642466685211198,1.6760009712845374,0.17857142857142858,0.03571428571428571,0.29761904761904756,1.8520648939562179,0.7692489933906482,1.5058955109609706,2.479190060940943,4.731219177059963,6.1450630778815905,2.1823341344263216,0.16666666666666666,0.08357101304720531,n.d.,1.310415079088223,0.4226190476190476,1.5,0.6666666666666666,0.3333333333333333,0.6666666666666666,0.06521739130434782,1.0018580453363062,0.20740740740740743,14.0
S3,1,W02_C4,ADFNE,16.877786769244324,11.638978328958377,n.d.,13.042830624869898,5.083475967043639,5.418731066194571,8.144814928416318,0.08441558441558444,n.d.,n.d.,0.1948051948051948,13.10609006825494,3.7776914242056634,0.16883116883116883,5.083475967043646,2.3954441249918332,0.1103896103896104,0.0,0.34415584415584416,2.8192790325124477,1.9514289884864329,2.0302722365269155,2.513000117485441,n.d.,3.817069130309704,5.700963703444039,0.2727272727272727,0.1585110471873062,2.0,1.690355036799471,0.48782467532467527,0.6666666666666666,3.0,0.2,0.5,0.10263157894736842,0.6923076923076923,0.14837819185645273,14.0
S3,1,W02_C4,EVAE,16.45818926019713,11.01082286158222,n.d.,11.836846521719348,3.675876573090065,5.541070490184689,8.292247510815315,0.08806818181818182,n.d.,n.d.,0.11538461538461539,11.780301207608543,2.661927443166035,0.20454545454545453,2.9400961455884906,2.950287459459034,0.11002331002331003,0.0,0.31888111888111886,2.7475041318388023,1.5243102776190596,2.108959574279006,3.424824950137106,n.d.,3.3981064875036013,7.35011235615368,0.18181818181818182,0.12937774033689445,1.0,0.9061903103385652,0.10416666666666669,0.5,1.5,0.4,0.5,0.11239495798319327,0.534412955465587,0.13773069036226931,13.0
S3,1,W02_C4,KDE,15.774680523950806,11.511265926736115,n.d.,10.33534329215932,5.085032148343489,4.9655156509152825,8.937689588191187,0.05844155844155843,n.d.,n.d.,0.1948051948051948,9.603000238966741,3.814754144726442,0.20454545454545453,4.40160301756251,1.5403289228932704,0.1103896103896104,0.0,0.31493506493506496,2.650254016260498,1.711944703261832,2.486076347450202,2.058435887740611,n.d.,4.252443928789865,6.709136939598394,0.2727272727272727,0.138416234920681,4.0,1.7526860057312166,0.48782467532467527,0.3333333333333333,3.0,0.30000000000000004,0.5,0.1201923076923077,0.7849002849002849,0.1646825396825397,14.0
S3,1,W03_C3,ADFNE,10.27084717338003,6.349626981134701,4.949257207399809,6.600097638830415,8.635157022474711,5.205520836765086,3.3759373608394245,0.047619047619047616,3.270329644845875,2.2410528167622683,0.123015873015873,4.194887865529165,3.5195657608830775,0.1746031746031746,8.087894300639373,4.184110122503064,0.10714285714285714,0.07142857142857142,0.23809523809523808,1.5518295402531843,1.1217331671886313,1.1301250040950872,2.502295431579523,2.118794309567675,3.0179217590475464,1.469343301324887,0.2222222222222222,0.3306885091327414,1.25,0.6189643528560589,0.1865079365079365,0.3333333333333333,0.4375,1.0,0.75,0.05244755244755245,0.606060606060606,0.13492063492063494,14.0
S3,1,W03_C3,EVAE,11.571006499555143,6.407442775296571,6.2629089958566615,7.503466168916157,4.525477747215448,5.146254492347099,3.462664368609763,0.10030165912518851,4.713435766648414,3.0933919703201846,0.1367521367521367,6.597417962876512,2.629812422320348,0.12418300653594772,4.525477747215448,0.7967324055222377,0.03418803418803418,0.0,0.2136752136752137,1.2905523489085695,0.6014687143406922,2.7910193730014417,2.5029258498085496,2.709933206755002,2.3038740814376544,2.5344172495697928,0.2777777777777778,0.34002373984377443,0.5,1.3045140321126512,0.15758547008547008,0.16666666666666666,0.5,0.5,0.5,0.0691699604743083,0.2727272727272727,0.08333333333333331,13.0
S3,1,W03_C3,KDE,10.738467049567884,6.327694537441671,5.899978790395788,7.3031935497911835,7.313870797475196,5.9513875144149875,2.253346875697149,0.023809523809523836,4.360576951415934,3.7349346728449895,0.19444444444444442,4.0595920964199825,4.152880137133151,0.1746031746031746,7.312562931029803,1.1492662625589418,0.03968253968253968,0.0,0.23015873015873015,1.4791264653966012,0.8597009994273173,2.5354177697893983,2.7677698732526252,2.330006596586926,2.2795630790376546,2.7823257196669893,0.2222222222222222,0.34447965764012334,1.0,0.6098178157166837,0.3293650793650793,0.16666666666666666,0.5625,1.0,0.5,0.05090909090909091,0.606060606060606,0.11333333333333337,14.0
S3,1,W03_C4,ADFNE,9.961599130341806,9.054997858943665,4.5869505984537335,8.984416471229666,n.d.,6.599533624409682,5.923188436423281,0.04464285714285715,2.7299021070643557,1.780441625641413,0.14285714285714285,8.026058886771889,2.906990151731626,0.08928571428571427,n.d.,n.d.,0.0625,0.07142857142857142,0.1875,1.537452444000636,1.2308111456109656,1.7207880398630804,3.6979289462237324,1.7414325453788952,2.361426898138791,n.d.,0.125,0.20411648849295638,n.d.,0.6310673200286032,0.2321428571428571,0.2,0.375,0.5,1.0,0.051190476190476196,1.0035087719298244,0.20128824476650567,14.0
S3,1,W03_C4,EVAE,15.211431725711911,11.671466222545547,5.462046447847058,7.811608931455737,n.d.,9.550488893225056,4.240354416460537,0.10416666666666669,2.38207814173043,2.189734534147658,0.2692307692307692,7.8655650684119935,2.3924295011993317,0.125,n.d.,n.d.,0.0625,0.0,0.3221153846153847,1.54688139634001,0.76385342628873,1.4386048596701855,3.5931612156100834,2.1154879696931626,1.7569900986080573,n.d.,0.1875,0.2550477859237067,n.d.,1.4214378503989753,0.2548076923076923,0.2,0.625,0.75,1.0,0.08198529411764706,0.3058823529411765,0.10526315789473686,13.0
S3,1,W03_C4,KDE,10.163301016383292,11.254214983801987,5.4889248441988805,7.494309563687752,n.d.,10.576024715430924,6.124855899262483,0.04464285714285715,3.4418935782492617,2.753901405599139,0.2142857142857143,7.172940470295931,3.118176550400809,0.08928571428571427,n.d.,n.d.,0.008928571428571425,0.0,0.21428571428571427,1.5593015037279025,0.6620340785297357,1.8157180280723462,2.9456962034867944,1.8307868662310314,1.3223280350281978,n.d.,0.125,0.19828719114302978,n.d.,0.6980216088700893,0.375,0.0,0.5,0.5,0.0,0.05894736842105262,1.2025641025641025,0.22380952380952385,14.0
S3,1,W04_C3,ADFNE,16.908096624678628,7.069906728823841,7.650864638722417,7.314990856989998,4.566095559727543,5.20952275711379,2.735523157670905,0.18796992481203006,5.657847455279777,5.364882011801597,0.1992481203007519,6.644508642796699,4.748946367433032,0.08646616541353383,2.4205873010246295,2.070066562815481,0.13909774436090225,0.0,0.3270676691729323,1.5211116711696484,1.7650923353775627,3.620091301460625,3.0556873524081807,2.9254213342073756,2.1419768003809776,2.566964543362408,0.2631578947368421,0.3937315719500369,3.0,0.9844174938607075,0.2142857142857143,0.5555555555555556,0.6666666666666666,0.3333333333333333,0.75,0.05523809523809523,0.49011857707509887,0.1360708534621578,14.0
S3,1,W04_C3,EVAE,10.661633607414613,6.768472327830184,7.480258474533176,7.4929410088026405,3.641832763850073,4.727007262917648,3.64485579480282,0.08906882591093113,4.978074309980594,7.270622770340058,0.09375,4.748618626148651,2.8655793032534653,0.08097165991902833,2.4677656983352354,2.7153611266126756,0.13360323886639675,0.0,0.22191295546558704,1.232466123908139,0.7729546574844998,3.4593255609635607,2.1781404301297593,3.1752413935860857,1.8080035536663692,1.9232571963506544,0.3157894736842105,0.31462807998731235,1.0,0.8676783118723082,0.31325910931174084,0.3333333333333333,0.3333333333333333,0.3333333333333333,0.75,0.07754010695187165,0.3333333333333333,0.08810068649885583,13.0
S3,1,W04_C3,KDE,15.009939601494953,6.439296235698793,6.2671471232952065,6.628294475402303,3.3655111240144975,3.684100436609909,2.5452437171942357,0.18796992481203006,1.5219836350210827,5.1445927264422995,0.12781954887218044,4.038257079009514,4.119698086127148,0.10714285714285714,2.481337011337506,2.029162500392534,0.13909774436090225,0.0,0.2631578947368421,1.5343296151108476,1.3455595557084603,3.591653279457735,2.7364270854530064,2.7472399360493176,1.5816451765832118,2.5070771668519454,0.2631578947368421,0.32832871092135885,3.0,0.9799305280014783,0.3275375939849624,0.5555555555555556,0.3333333333333333,0.3333333333333333,0.75,0.05932659932659932,0.5490909090909091,0.12582345191040845,14.0
S3,1,W04_C4,ADFNE,17.19252249207094,6.010704245844655,6.579727846394277,n.d.,n.d.,3.5372628896423866,2.9872055128611334,0.24285714285714283,3.512220636228843,4.882086686915309,0.12857142857142856,n.d.,n.d.,0.042857142857142844,n.d.,n.d.,0.07142857142857142,0.0,0.2714285714285714,2.5729237206758517,1.7301319169672364,4.977442692013929,3.6639005743259165,2.519464117515012,n.d.,n.d.,0.4,0.11480116085538915,2.0,2.3270887166399943,0.4642857142857143,0.16666666666666666,1.0,1.0,n.d.,0.08893280632411067,0.7832167832167831,0.1606227106227106,14.0
S3,1,W04_C4,EVAE,14.756409000830851,7.520797822237695,6.140260356557591,n.d.,n.d.,3.699159130960058,5.2225935145875235,0.22019230769230766,3.9051508997991227,5.433703724508097,0.07692307692307693,n.d.,n.d.,0.09375,n.d.,n.d.,0.08012820512820512,0.0,0.2846153846153846,1.6716903786185555,0.7971856623479612,4.674734277633503,2.110915598833129,3.0679163441975925,n.d.,n.d.,0.3,0.0881771068993539,1.5,1.2053441673857743,0.12019230769230771,0.16666666666666666,0.3333333333333333,2.0,n.d.,0.1111111111111111,0.5732600732600732,0.13701298701298703,13.0
S3,1,W04_C4,KDE,18.401125030307483,5.466213012753487,6.618928235495881,n.d.,n.d.,3.290570553450217,3.8000255929988205,0.2785714285714286,4.576312438078838,5.409086588589822,0.05714285714285716,n.d.,n.d.,0.14999999999999997,n.d.,n.d.,0.14285714285714285,0.0,0.3285714285714285,2.26311605978069,1.552540002419287,5.172956932890222,3.0799698906398465,3.19038215494422,n.d.,n.d.,0.4,0.07508072566350193,3.0,2.4280719218132507,0.5357142857142857,0.25,0.6666666666666666,2.5,n.d.,0.125,0.912004662004662,0.19150246305418722,14.0
S3,1,W05_C3,ADFNE,13.426748734544544,8.721712911477137,4.573670550399142,5.145659276377,n.d.,8.330380038733283,4.5155313845446665,0.05462184873949577,2.3817297417337695,2.056406012454138,0.07142857142857144,3.215858278420998,1.8516947039206166,0.07142857142857142,n.d.,n.d.,0.07142857142857142,0.11764705882352941,0.180672268907563,1.99513643611543,1.5370767922581914,2.3142982503313556,2.846875071448462,2.781347649313381,2.359791620737834,n.d.,0.17647058823529413,0.3942206310140378,0.8333333333333333,0.8384310228551036,0.3387605042016806,0.2857142857142857,0.2,0.3333333333333333,n.d.,0.07142857142857142,0.4886128364389234,0.11474654377880186,14.0
S3,1,W05_C3,EVAE,14.770856124606404,8.076830989075571,6.181859300352229,5.514481725371572,n.d.,6.946512621590966,4.204744104248279,0.06900452488687786,5.039295913368046,2.7147946008824713,0.10661764705882354,4.438424815540026,4.218172760756089,0.07918552036199096,n.d.,n.d.,0.12040133779264214,0.058823529411764705,0.24509803921568626,1.2334999995879958,0.9360145001601705,2.7731681973130895,1.9064939635745297,2.5731377732419745,1.4411715112064232,n.d.,0.23529411764705882,0.32882517109752396,0.6666666666666666,1.0630505629618052,0.25052521008403367,0.2857142857142857,0.5,0.3333333333333333,n.d.,0.1111111111111111,0.7809523809523808,0.15231507622811968,13.0
S3,1,W05_C3,KDE,13.832544802948242,9.571166852728101,5.218809801990952,5.430862612344407,n.d.,8.26045900912551,3.8793786502801044,0.12605042016806722,4.237666318372116,2.852466579115276,0.07983193277310927,3.1947184240487054,2.1285128787074417,0.10924369747899157,n.d.,n.d.,0.14285714285714285,0.0819327731092437,0.22899159663865548,1.6377695891735615,0.9002205977506422,2.8835124468808138,2.951619278669284,2.306062735985557,1.9895627755301213,n.d.,0.17647058823529413,0.3474660202143701,0.3333333333333333,0.6556914357799632,0.19590336134453779,0.42857142857142855,0.2,0.3333333333333333,n.d.,0.06363636363636363,0.3771428571428571,0.07836990595611287,14.0
S3,1,W05_C4,ADFNE,18.022651837287135,6.322272378863014,7.299095530501519,n.d.,n.d.,3.9814370580683685,2.6151740143352544,0.3025210084033614,7.248202213306898,2.1083084666267147,0.07983193277310927,n.d.,n.d.,0.08403361344537814,n.d.,n.d.,0.08403361344537814,0.0,0.3067226890756303,2.228283899499232,1.2178209566651934,2.0044819678541845,3.498750859029356,2.615780745889596,n.d.,n.d.,0.17647058823529413,0.33044218629501165,1.25,0.7650886574277619,0.18224789915966388,0.6,0.2,1.0,1.0,0.06324110671936758,0.3333333333333333,0.09927572427572427,14.0
S3,1,W05_C4,EVAE,13.776812976843072,6.020384128275738,7.445359026716945,n.d.,n.d.,4.234561795294363,1.8124272033053348,0.17401960784313728,7.215142815100739,2.830400607755837,0.10652337858220212,n.d.,n.d.,0.1349264705882353,n.d.,n.d.,0.058823529411764705,0.0,0.251131221719457,1.4399331424733983,0.5396981411099322,3.210404231988035,3.081471810762601,2.080644529416705,n.d.,n.d.,0.23529411764705882,0.3091120415978725,0.5,1.3223395342160993,0.4828431372549019,0.5,0.4,2.0,1.0,0.08333333333333333,0.5233265720081135,0.09387351778656128,13.0
S3,1,W05_C4,KDE,18.439837600879404,7.059034090176011,7.055831559958832,n.d.,n.d.,4.319314411231289,1.8136855807198344,0.3025210084033614,7.112332929609952,1.8768045731352734,0.06302521008403361,n.d.,n.d.,0.19117647058823528,n.d.,n.d.,0.058823529411764705,0.07142857142857142,0.3697478991596639,1.8631457521628063,0.6124018775398216,2.372682812108693,3.3983381652314133,2.2409305861582434,n.d.,n.d.,0.17647058823529413,0.2510875587740291,2.0,0.8116771817826212,0.2142857142857143,0.6,0.2,2.5,1.0,0.04090909090909092,0.6195652173913043,0.13636363636363635,14.0
S3,1,W06_C3,ADFNE,14.4195188969986,5.789918671564187,5.6812722416179575,n.d.,n.d.,3.0206167750551556,2.6898717470650038,0.19433198380566802,3.144352640945484,3.2042330757184745,0.08502024291497973,n.d.,n.d.,0.10121457489878544,n.d.,n.d.,0.07692307692307693,0.05263157894736842,0.3238866396761134,2.6413614064472735,2.208112552937244,4.790178481131104,3.4365821281589266,3.170647899932667,n.d.,n.d.,0.3157894736842105,0.5383204563520608,0.5714285714285714,0.6914814755298722,0.2160931174089069,0.5454545454545454,0.3333333333333333,1.0,n.d.,0.143685431161712,0.9253828608667318,0.19949874686716793,13.0
S3,1,W06_C3,EVAE,10.040347490284933,5.688067371332062,6.367587475919459,n.d.,n.d.,3.9084898227507736,1.5740331872075988,0.07894736842105265,3.522317266404162,3.23806309447528,0.08676849466323149,n.d.,n.d.,0.07653508771929825,n.d.,n.d.,0.08712121212121213,0.05263157894736842,0.21750398724082937,2.586119095163375,1.7365223907103648,5.689418640257229,2.6567242580194197,3.771529985533151,n.d.,n.d.,0.3157894736842105,0.5048046593280617,0.7142857142857143,1.2342292906941292,0.4484649122807018,0.36363636363636365,0.41666666666666663,1.0,n.d.,0.16044546850998465,1.0562568178276455,0.19473684210526318,13.0
S3,1,W06_C3,KDE,15.831188046353397,6.358898277962706,5.931211152740277,n.d.,n.d.,4.615704178407849,3.3640466493662036,0.27125506072874495,4.1296509120580165,2.6264106363682505,0.08502024291497973,n.d.,n.d.,0.17813765182186236,n.d.,n.d.,0.07692307692307693,0.05263157894736842,0.3319838056680162,2.6410894863460292,2.0084762153883013,6.031541866974119,2.801024228002552,3.396562838967643,n.d.,n.d.,0.3157894736842105,0.5365773922485075,0.42857142857142855,0.6512761344851874,0.2160931174089069,0.6363636363636364,0.3333333333333333,2.0,n.d.,0.12466530664286625,0.6577540106951872,0.12793842313293113,13.0
S3,1,W06_C4,ADFNE,10.914663149323083,5.895486325775604,7.516107991183122,6.8146566939786055,n.d.,3.646193183898857,1.5691729301688362,0.038461538461538464,2.8012046162844335,4.991631947599545,0.06882591093117413,4.231915095706891,4.0105314600062325,0.12550607287449395,n.d.,n.d.,0.05263157894736842,0.10526315789473684,0.22672064777327933,1.4503299314293407,1.1255294384930452,1.7728692945391966,1.8850955666461515,2.357234431472984,1.9834976115185026,n.d.,0.3157894736842105,0.3802394485014158,0.42857142857142855,0.8216788218247426,0.2727732793522266,0.375,0.3333333333333333,0.5,1.0,0.08658008658008659,0.5995670995670995,0.11666666666666665,13.0
S3,1,W06_C4,EVAE,10.344644358445791,5.94917583990329,8.473869079869832,6.730342607768094,n.d.,4.201583217422572,2.1700900610897103,0.07894736842105265,4.685267920750264,6.7685595649185615,0.1313131313131313,2.401455301117494,5.467080611742064,0.04567307692307693,n.d.,n.d.,0.05263157894736842,0.10526315789473684,0.18070175438596492,1.2019318822615883,1.1283754280117093,0.6763479736875366,1.956273848895437,2.607085697529836,1.5728087124776793,n.d.,0.3421052631578947,0.41989660675784085,0.7142857142857143,1.5516089507976765,0.6589912280701753,0.3125,0.5833333333333333,0.5,1.0,0.10555555555555557,0.712403538490495,0.13240740740740736,12.5
S3,1,W06_C4,KDE,11.231396017346713,6.233527518942555,7.448874489674886,6.879497399490877,n.d.,4.234186887696175,1.8477648890412794,0.11336032388663964,2.9915475703622643,5.159865400913615,0.07692307692307693,4.247845120054521,6.488052628277314,0.12550607287449395,n.d.,n.d.,0.05263157894736842,0.07692307692307693,0.22672064777327933,1.4666388550284668,1.6392654677119542,1.1456107041383063,2.5265069767465107,1.9802455805345716,1.4293252995546863,n.d.,0.3157894736842105,0.4495216999077657,0.5714285714285714,0.6150505681927271,0.2727732793522266,0.5,0.3333333333333333,0.5,1.0,0.08636363636363636,0.5995670995670995,0.11333333333333331,13.0
S3,2,W00_C5,ADFNE,15.323954063933126,14.796609264926179,n.d.,4.602696695749593,8.877876137447252,15.089222050225278,2.2304861269848213,0.09090909090909088,n.d.,n.d.,0.2727272727272727,4.230547509724336,1.5526195211298979,0.09090909090909091,6.520960107892601,7.096767332839335,0.13636363636363635,0.0,0.2727272727272727,1.385972583862278,0.8799914806607265,2.4965952572910535,1.6235273681865467,n.d.,1.8353827114441508,2.4852321298268985,0.0,0.19764565272571488,2.0,0.9990564589595043,0.36363636363636376,0.2,3.0,0.5,0.5,0.058823529411764705,0.8338493292053664,0.17233201581027668,11.0
S3,2,W00_C5,EVAE,17.34028219748479,8.628546696079168,n.d.,3.5968882236866593,5.944551339643751,8.641494933492393,2.9651231373961107,0.20454545454545453,n.d.,n.d.,0.2694805194805195,3.0283855718636525,2.0250022928667977,0.09090909090909088,2.634330956043846,2.855260983576146,0.11247086247086245,0.0,0.36363636363636365,1.589592826821627,0.4337923849612907,4.3126795187887765,2.4878306907014918,n.d.,2.248651642175888,2.2224012463310667,0.13636363636363635,0.25828770234743337,1.5,0.8457957844604789,0.08508158508158503,0.4,3.0,0.5,0.3333333333333333,0.05263157894736842,0.42105263157894735,0.11228070175438598,11.0
S3,2,W00_C5,KDE,17.246086865913355,12.907644329864436,n.d.,3.1298971444656827,6.368498715353923,12.863490543163294,3.194305632094426,0.09090909090909088,n.d.,n.d.,0.22727272727272724,2.382123856828571,1.9642602084444651,0.09090909090909091,3.0519155662177417,4.412077479587438,0.1818181818181818,0.0,0.2727272727272727,1.478654556396561,0.7475876623657196,3.065363115652368,2.4667937234068686,n.d.,1.8633106119203418,2.6355456870519505,0.0,0.21126342435323475,3.0,0.8750055797848525,0.45454545454545464,0.2,2.5,0.5,0.6666666666666666,0.05263157894736842,0.9991154356479435,0.2,11.0
S3,2,W00_C6,ADFNE,12.846916414333357,8.142839835723013,6.448515037655128,4.935206125985294,n.d.,7.990585195250674,4.244145811350801,0.196969696969697,4.6123768905526505,3.861645520804947,0.11363636363636365,4.4306791993151124,2.414062055827383,0.13636363636363635,n.d.,n.d.,0.09090909090909091,0.25,0.4015151515151515,1.4071028349939194,2.0277980707576013,1.693562412269927,3.2336628891642714,1.7538511812868425,3.0101640839851167,n.d.,0.08333333333333333,0.22673805404543176,2.0,0.8866948480136093,0.14393939393939414,1.0,0.3333333333333333,0.5,1.0,0.1551659125188537,0.5610859728506787,0.17355889724310777,11.0
S3,2,W00_C6,EVAE,15.949395781330267,10.194402247825835,8.696024642169068,3.896116177140076,n.d.,8.981036015300326,6.447657225380786,0.16666666666666666,4.463732206573135,5.644591809357791,0.14685314685314688,2.3024711165865996,2.2939667267500132,0.11607142857142858,n.d.,n.d.,0.08333333333333333,0.25,0.3680555555555555,1.8995101276912618,2.1813736188667336,2.7936685801140615,3.748671606122821,1.7659951370115134,4.188433537002261,n.d.,0.16666666666666666,0.32976371688454964,2.0,0.7924882206236497,0.16666666666666669,1.0,0.3333333333333333,0.3333333333333333,1.0,0.1519607843137255,0.5140056022408963,0.162617220801364,11.0
S3,2,W00_C6,KDE,12.112726752382564,9.390012279840516,7.893186339496991,3.2085569642047846,n.d.,7.815571652154802,5.43881477374222,0.196969696969697,4.228190665438357,5.286783473795707,0.11363636363636365,2.5289600979542195,1.7446000685183933,0.13636363636363635,n.d.,n.d.,0.08333333333333333,0.25,0.4015151515151515,1.9019488620605878,2.364996652991176,1.6584338671314391,4.0602064590704074,1.6782867324884303,2.7647494509590818,n.d.,0.08333333333333333,0.2749313467768697,2.0,0.7297922414740768,0.14393939393939414,1.0,0.3333333333333333,0.5,1.0,0.11397058823529412,0.5892857142857143,0.1825396825396825,11.0
S3,2,W02_C5,ADFNE,13.871070954370357,10.815772361011351,8.344605370996492,5.216180731449043,n.d.,9.90944481772932,4.93083901838308,0.04464285714285715,6.478525525819597,2.2473681088030633,0.10714285714285714,4.604252031967619,1.741666858730453,0.0982142857142857,n.d.,n.d.,0.0625,0.08928571428571429,0.22767857142857145,1.2353340161745008,0.8025391408788818,2.4589718534716134,1.7756339643906847,2.3096919600547903,1.7249194095015645,n.d.,0.125,0.1337464764392946,1.25,0.6194970817739687,0.2857142857142857,0.0,0.2,0.3333333333333333,1.0,0.06814136791253496,0.6437833714721587,0.11809523809523809,14.0
S3,2,W02_C5,EVAE,17.841968679444317,14.540648636442818,6.925035325545869,3.812326810915309,n.d.,13.856710369082375,4.611238352273797,0.09821428571428573,4.7418657968486695,2.738073161141525,0.07070707070707072,2.526779859063854,1.8976342382278824,0.11607142857142858,n.d.,n.d.,0.0625,0.053571428571428575,0.24759615384615385,1.4312165604173335,0.756495794942772,2.5341320271069643,3.7593967177720304,2.196300009283749,1.9040852950105491,n.d.,0.15625,0.09930870100746389,0.5,1.5782526807060209,0.175,0.4,0.30000000000000004,0.6666666666666666,1.0,0.05263157894736842,0.3333333333333333,0.06954887218045111,13.5
S3,2,W02_C5,KDE,12.99916744832227,10.321681819288647,10.359142796138489,3.181550869957255,n.d.,9.82519703591064,2.8764570506752607,0.04464285714285715,8.479218236224908,3.5356121455122276,0.09821428571428573,2.268775619247841,2.29265102506647,0.11607142857142858,n.d.,n.d.,0.0625,0.125,0.20982142857142858,1.158345725895473,0.6955269315259027,1.5196799879669127,2.122872275012608,2.2427704971962132,2.4264086413518755,n.d.,0.125,0.07322699766597761,1.5,0.6230741154971842,0.2857142857142857,0.0,0.2,0.6666666666666666,1.0,0.045454545454545456,0.7597254004576659,0.13839285714285712,14.0
S3,2,W02_C6,ADFNE,11.26830875393651,6.837517171611709,12.402179734929952,6.247112759721707,n.d.,5.464134731615235,1.1609401091753626,0.0714285714285714,12.330854563973853,4.780108284273559,0.14285714285714288,5.3696317435074965,2.1159401392338633,0.14285714285714285,n.d.,n.d.,0.07142857142857142,0.0,0.21428571428571427,1.6030805786764082,1.439142014530486,2.5009283605430066,2.322952940389295,2.056216341689788,2.5548708718598263,n.d.,0.0,0.08317549225951547,n.d.,1.40052260729941,0.5714285714285714,0.16666666666666666,0.6666666666666666,0.5,1.0,0.16228070175438597,1.5445134575569357,0.31625000000000003,14.0
S3,2,W02_C6,EVAE,17.14977122961878,7.466421955948409,11.179317432458967,5.105045346577101,n.d.,2.983661477644446,4.928913317844646,0.2276785714285714,11.079297789621531,3.555220411328117,0.15984015984015987,5.019423745866168,1.8557409342640123,0.11428571428571432,n.d.,n.d.,0.07142857142857142,0.06066176470588235,0.3571428571428571,1.5542911453332573,0.982382268572512,2.343678082725378,3.23353445940366,1.4596127068543465,3.0559940880384993,n.d.,0.07142857142857142,0.11919435478618173,n.d.,0.8599029611606808,0.14154411764705882,0.5,0.6666666666666666,0.5,1.0,0.020833333333333332,0.8633540372670807,0.1808278867102397,14.0
S3,2,W02_C6,KDE,11.718302771960841,7.287022632169441,13.016659367130053,5.013358959318596,n.d.,6.130641551456724,2.757284875463512,0.0714285714285714,12.971014776672112,4.2368063642722245,0.14285714285714288,4.6632889723403625,2.433091052103351,0.14285714285714285,n.d.,n.d.,0.07142857142857142,0.07142857142857142,0.25,1.072736395615327,0.8895139850089201,1.2452329530993111,1.9311426134637135,1.6484450811732092,1.983686252773869,n.d.,0.0,0.10723733186939999,n.d.,1.3361285027945775,0.5714285714285714,0.16666666666666666,0.6666666666666666,0.5,1.0,0.1396103896103896,1.55,0.3164627363737486,14.0
S3,2,W03_C5,ADFNE,11.71823713609483,12.44250208553332,8.049331252203531,8.586384391929034,6.252757104756077,12.246424071478497,2.148946756650962,0.0714285714285714,4.903292497351865,1.9591309581842289,0.07142857142857144,8.586384391929037,1.8422731801784555,0.07142857142857142,2.156757976527377,5.141238628236886,0.07142857142857142,0.03571428571428571,0.14285714285714285,1.4770431540715827,1.6084180792361524,1.4710845432198705,2.67971000002945,2.4159958360644618,2.801614322553129,2.3499989126760874,0.0,0.17440209517590277,n.d.,0.6867662044176803,0.1428571428571429,0.16666666666666666,0.25,0.5,0.5,0.16195652173913044,1.6473429951690821,0.32051282051282054,14.0
S3,2,W03_C5,EVAE,11.29805415349011,9.367115456453117,6.961725502470688,8.98876566946291,5.580020319290674,8.755107040263335,3.0376982159802313,0.14935064935064934,5.747186370044043,1.9616392998343217,0.07142857142857145,8.984480475930972,2.05141138884838,0.04805194805194807,3.048902954666004,4.780770536908802,0.05714285714285716,0.0,0.21363930187459598,0.9991486237696056,0.819366746913347,0.9949892635317348,2.879690020059063,1.5544355215479164,2.2364304686940075,1.8273663716845499,0.21428571428571427,0.15652600347088938,n.d.,0.7845364078623429,0.24642857142857139,0.3333333333333333,0.25,0.5,0.5,0.07692307692307693,0.9561904761904761,0.20344827586206896,14.0
S3,2,W03_C5,KDE,10.64363037972776,9.46354749265986,7.144100500215324,7.849159393110622,6.296023822467623,9.59230956808159,1.6210942919238223,0.0714285714285714,5.541630484801543,1.8824952014351046,0.07142857142857145,7.849159393110627,1.8270211917948052,0.07142857142857142,4.249067296320629,3.918193617203016,0.07142857142857142,0.0,0.14285714285714285,1.1774935959812223,0.8543272420150932,1.5778567584130072,2.60237171980642,1.7936797226380807,1.4289607580494605,2.1964949051716354,0.0,0.1487457011497874,n.d.,0.9132634707346152,0.2857142857142857,0.16666666666666666,0.25,0.5,0.5,0.12521739130434784,1.3636363636363638,0.28285714285714286,14.0
S3,2,W03_C6,ADFNE,12.844739358359588,7.916739310382296,7.8984321214310365,n.d.,n.d.,5.9541450606938024,6.664342350779501,0.10439560439560441,6.76921404085539,1.9304106894468314,0.10714285714285714,n.d.,n.d.,0.06593406593406592,n.d.,n.d.,0.06593406593406592,0.07692307692307693,0.18681318681318682,1.338632769335054,1.2772833006526074,2.152999795511491,3.4068131700772724,3.878876005785922,n.d.,n.d.,0.07692307692307693,0.18023314827483777,n.d.,1.6051186953092422,0.17925824175824168,0.16666666666666666,0.375,1.0,1.0,0.06282051282051283,0.9315496098104794,0.19077750206782465,14.0
S3,2,W03_C6,EVAE,15.805562144532114,5.998475244255496,7.0865060338778205,n.d.,n.d.,3.6408299579611096,4.263926699802839,0.23901098901098905,3.4439266272138127,2.711606535341615,0.11428571428571427,n.d.,n.d.,0.07142857142857142,n.d.,n.d.,0.07692307692307693,0.07692307692307693,0.3006993006993007,1.4923074520191704,0.8049035651916914,2.192347413461182,3.5974333942877585,4.355811954210571,n.d.,n.d.,0.07692307692307693,0.18948695301517998,n.d.,1.0256000565701755,0.32403846153846155,0.5,0.5,1.0,1.0,0.056410256410256404,0.5,0.14761904761904762,12.5
S3,2,W03_C6,KDE,10.831196055690441,7.685320237240015,8.383699922265206,n.d.,n.d.,5.288466391763327,3.4697944634926916,0.10439560439560441,8.158995898771714,2.8490420593486885,0.04945054945054944,n.d.,n.d.,0.13736263736263735,n.d.,n.d.,0.06593406593406592,0.07692307692307693,0.18681318681318682,1.253267396790775,0.9182781137253054,2.440655339992946,2.497764960619013,4.046696689537431,n.d.,n.d.,0.07692307692307693,0.26977088495648166,n.d.,1.7136889221073663,0.25068681318681313,0.16666666666666666,0.25,2.0,1.0,0.06190476190476191,0.7456521739130435,0.17879948914431673,14.0
S3,2,W04_C5,ADFNE,10.674476792605557,6.006005854440314,9.22468225882212,5.05797980085401,4.723351680604997,4.020276275982177,2.289591113438867,0.0714285714285714,9.066331182810854,2.397418418719119,0.14285714285714288,2.9989368846530446,2.8013275626628653,0.14285714285714285,2.6697633801032845,3.7046434906733285,0.07142857142857142,0.03571428571428571,0.21428571428571427,1.9181616417254186,0.8209981079788489,4.437855830053616,3.0813895600158334,2.025950500483779,2.277793893969501,5.444278648472846,0.0,0.20738711457450226,3.0,1.0890986222608068,0.4285714285714286,0.2,0.6666666666666666,0.5,0.5,0.04632352941176471,0.6596638655462185,0.13235294117647056,14.0
S3,2,W04_C5,EVAE,15.990255427470213,7.013088429402013,8.422094754875824,4.921136649768577,6.564028272145537,5.432726472863811,1.6615107760599042,0.14285714285714285,8.524506470234689,2.189999593256698,0.14285714285714288,4.440714292739763,2.3256342740621125,0.19725274725274722,5.20700396281065,2.63295728509871,0.08219537815126049,0.05718954248366013,0.3072478991596639,1.4555165139612596,0.5673007309783556,4.6076557741822395,3.6780608308598097,1.7570484608767802,2.034289792836219,5.752590587521807,0.17857142857142855,0.11135595896864277,3.5,0.7710219669804943,0.11764705882352941,0.5,0.6666666666666666,0.75,0.5,0.0625,0.6287878787878788,0.1363851992409867,15.5
S3,2,W04_C5,KDE,11.660116849967995,7.189934131050091,10.947850497278143,4.452268080972187,5.892087549690724,5.9514060571797565,2.0394260086179434,0.0,10.849437959434642,2.1451064070273347,0.14285714285714288,2.0630009188763125,2.318536982617984,0.14285714285714285,3.2704549427531253,4.888516485680453,0.07142857142857142,0.0,0.21428571428571427,1.6618710535181256,0.4647449094776346,5.150797357786294,3.7347488277792564,1.8238023870241529,1.470998130251916,4.453039332701395,0.0,0.1987920591445185,3.0,1.2867518284747008,0.4285714285714286,0.0,0.6666666666666666,0.5,0.5,0.07692307692307693,0.75,0.1419683257918552,14.0
S3,2,W04_C6,ADFNE,10.765772642943102,5.082149837865369,5.3681111894781655,5.172760689671794,n.d.,4.167430075033609,1.6068490691916204,0.07142857142857145,3.9743785504488947,2.6584794363542086,0.07142857142857145,3.3062088835731984,2.843849197573462,0.14285714285714285,n.d.,n.d.,0.07142857142857142,0.07142857142857142,0.25,2.2493918466287983,2.0528357585719927,1.4345499016540786,7.213264699636563,1.9841626333802795,2.287454899078047,n.d.,0.0,0.25084059734899994,1.0,1.2663819821767917,0.1428571428571429,0.25,0.25,0.5,1.0,0.06590909090909092,0.5652173913043479,0.11111111111111113,14.0
S3,2,W04_C6,EVAE,14.61951162016544,7.10933739921356,5.934464737897077,4.395522287692308,n.d.,3.9266244509848116,2.713903537147239,0.12337662337662336,4.068268109450518,4.0283063719095695,0.09375,1.8287068091374223,3.088626823142927,0.14285714285714285,n.d.,n.d.,0.07142857142857142,0.07142857142857142,0.27083333333333326,1.6982723373620796,1.0888559541328195,0.6973457086778467,6.462076699545978,1.9810676011457928,2.3777984187386876,n.d.,0.14285714285714285,0.1599073887135733,0.5,0.7643044414391962,0.27281746031746024,0.5,0.25,0.5,1.0,0.06398809523809523,0.2727272727272727,0.07007575757575757,14.0
S3,2,W04_C6,KDE,10.286681283233548,5.372281760929848,5.3639267425172115,4.677548906854663,n.d.,4.21564973211121,2.42412408131349,0.07142857142857145,3.8488364803508457,3.5734622329996615,0.07142857142857145,2.268630926847617,1.1676491218721488,0.14285714285714285,n.d.,n.d.,0.07142857142857142,0.07142857142857142,0.25,2.006653188160279,1.4599301170873202,0.7216830927184115,6.967069488844389,1.8474497922580322,1.8967776957561064,n.d.,0.0,0.21326172408698923,2.0,1.5777128413686934,0.2142857142857143,0.25,0.25,0.5,1.0,0.052865612648221344,0.6040100250626566,0.12206657088122608,14.0
S3,2,W05_C5,ADFNE,8.957218793388618,5.503559518212399,5.389744762670478,6.062048125420567,7.626451336585991,2.976584792777118,3.0194232811505564,0.004201680672268893,3.8299415135454016,1.1646120990751445,0.07142857142857144,4.140872371187086,5.662228896730267,0.1050420168067227,7.2456385482584675,5.4799937313542895,0.1050420168067227,0.0,0.15966386554621848,2.101998795562083,1.6478370151639221,3.0489582574753067,4.508370488417219,2.528989810991573,2.2093726243501504,4.148166006611854,0.17647058823529413,0.35681976321977604,2.0,0.7219866271646255,0.27468487394957986,0.16666666666666666,0.2,0.3333333333333333,0.6666666666666666,0.2232142857142857,0.7738095238095237,0.23994755244755245,14.0
S3,2,W05_C5,EVAE,12.747858835082601,5.734767163689523,4.594305292575681,6.709941240976788,8.202297418402583,4.400412233036475,1.641287874746416,0.14705882352941174,2.9752914754436697,1.1125746220611692,0.06302521008403361,4.499958624304373,5.829162033204856,0.1118872549019608,6.137904936549649,6.294214540396844,0.06209150326797387,0.05555555555555555,0.226890756302521,1.221160247984745,0.33450394868850597,1.0855716171397711,2.7214022343762254,2.7247558142784505,1.449860389031064,3.289236601402912,0.08823529411764705,0.12764484412774751,3.0,1.0762059153471235,0.6834150326797386,0.5,0.2,0.6666666666666666,0.3333333333333333,0.22713032581453632,0.5020703933747411,0.23106060606060608,16.0
S3,2,W05_C5,KDE,10.07093403389039,6.368447977588163,6.013632828655765,6.33055654963701,9.625677084508222,4.974032803367603,1.540677972101106,0.004201680672268893,5.230664850859556,2.6373948382120185,0.07142857142857144,2.9178882507243635,4.137435961061624,0.1050420168067227,5.365292193520322,6.748515769048759,0.1050420168067227,0.03571428571428571,0.13865546218487396,1.8532002169365578,0.9564161262767013,2.020963950403506,4.058334859063307,2.8765304411759836,2.1594094669521806,2.5603302051348105,0.17647058823529413,0.22751876043095426,6.0,0.9145542356996784,0.21428571428571425,0.16666666666666666,0.2,0.3333333333333333,0.3333333333333333,0.19668737060041408,0.6723602484472049,0.23947811447811446,14.0
S3,2,W05_C6,ADFNE,13.464999309840675,6.543926606393862,4.7414743803669435,n.d.,10.169023818039856,2.707119688509727,2.278036272294001,0.1904761904761905,3.148036294837886,2.362221025463217,0.19841269841269843,n.d.,n.d.,0.05555555555555555,9.790119288701227,1.5376971803335238,0.07936507936507936,0.07142857142857142,0.3373015873015873,1.6433470550035256,1.028404354498948,1.7477877616994475,2.4390003777505074,3.561067277775767,n.d.,2.5115515187836635,0.2222222222222222,0.3779140059910642,0.5,0.5878473432224345,0.29761904761904767,0.6666666666666666,0.5,1.0,0.5,0.06,0.5406698564593301,0.10794871794871799,14.0
S3,2,W05_C6,EVAE,14.677164308713309,6.5417783352969945,4.410543248754256,n.d.,7.5430315801934125,4.219588841394893,2.2753337512515373,0.11507936507936509,2.8469906057499283,1.3074883991718451,0.19191919191919193,n.d.,n.d.,0.06209150326797386,5.9710841418974665,1.8501323048182168,0.1111111111111111,0.0,0.3282828282828283,0.9507229101741625,0.8036862749868212,0.35805908907568185,2.9406880495566368,2.625989806979636,n.d.,2.435691040261852,0.2222222222222222,0.21237434027514807,1.0,1.1857889893069684,0.13095238095238093,0.6666666666666666,0.5,1.0,0.5,0.07575757575757575,0.445141065830721,0.09913793103448278,14.0
S3,2,W05_C6,KDE,12.654477158918413,6.82961952398046,4.666535968150651,n.d.,8.393314429611594,3.293491830648252,2.29313468511882,0.1904761904761905,3.1356704518428886,2.0760989327326795,0.19841269841269843,n.d.,n.d.,0.0873015873015873,5.990907440484796,2.460989590402525,0.07936507936507936,0.0,0.2777777777777778,1.361800310245688,0.9232215179578979,1.6102426431874883,2.323389563018096,2.7469305896327914,n.d.,2.4374717505216807,0.2222222222222222,0.26999537429335946,1.5,0.6726775004752285,0.29761904761904767,0.6666666666666666,0.5,1.0,0.5,0.047430830039525695,0.782608695652174,0.13981481481481484,14.0
S3,2,W06_C5,ADFNE,14.079185208253916,6.1369826426789285,7.567323217549596,5.153248406057859,n.d.,2.972432372438123,3.3647561810650277,0.09890109890109894,6.408694450832463,2.3321309207401026,0.16483516483516486,3.011796032803029,4.262510265709871,0.2032967032967033,n.d.,n.d.,0.08241758241758243,0.14285714285714285,0.3489010989010989,1.327890720176133,0.8089641740675624,2.105676104839902,2.2210184337382177,1.930106865678233,2.702309320705445,n.d.,0.07142857142857142,0.1523774171651412,n.d.,0.6899401936247537,0.6998626373626374,0.25,1.0,0.6,1.0,0.02882205513784461,0.7399267399267399,0.173494983277592,13.0
S3,2,W06_C5,EVAE,15.767543852527526,6.377422614963956,6.885281040621097,4.705931582792033,n.d.,5.770136368825671,1.6682634116853716,0.24369747899159666,5.009369000467247,2.6301874778492556,0.1512605042016807,3.44160581643077,3.073290944651815,0.23949579831932774,n.d.,n.d.,0.07142857142857142,0.14285714285714285,0.39985994397759106,1.1998862761491198,0.9768309234950012,1.3694763906015561,2.264755799295779,1.9888532275463817,2.267695930385633,n.d.,0.21428571428571427,0.33934096257399643,n.d.,1.0111171554119762,0.1407424812030075,1.0,1.0,0.6,1.0,0.07692307692307693,1.0256410256410255,0.21729883020205604,16.0
S3,2,W06_C5,KDE,14.19841695126436,5.961358340715739,7.35685665515687,4.068210413968631,n.d.,3.5060566351992755,3.5613232156895815,0.09890109890109894,6.289212648741648,2.1181151388162993,0.16483516483516486,2.263076593449564,2.572149801279509,0.24175824175824176,n.d.,n.d.,0.08241758241758243,0.14285714285714285,0.34615384615384615,1.1481285251912339,1.3156968167003191,1.0732970763083316,2.2271840787957897,1.9664347100696808,1.9527144233379956,n.d.,0.07142857142857142,0.08967720972295408,n.d.,0.9582187739251822,0.6229395604395604,0.25,1.0,0.7,1.0,0.075,1.352594773647405,0.2564102564102565,13.0
S3,2,W06_C6,ADFNE,12.978265703011918,8.97284238676,8.133458421138469,8.978817231193114,n.d.,7.329323640685143,5.530539298487295,0.02097902097902099,3.2225426025463366,6.234313575686672,0.05594405594405594,8.979216185725672,1.5118128267084585,0.19580419580419578,n.d.,n.d.,0.07692307692307693,0.038461538461538464,0.1958041958041958,3.5181964379191544,3.9301263042331014,5.609959357913717,5.387149628022299,4.549216043285561,3.0216846551796817,n.d.,0.18181818181818182,0.260252783220575,0.41666666666666663,0.7430505807151903,0.23688811188811187,0.25,0.25,0.6666666666666666,n.d.,0.061004784688995214,0.536842105263158,0.1069139194139194,13.0
S3,2,W06_C6,EVAE,15.425145493264392,8.83085815343877,7.61939966393904,5.2541026135746485,n.d.,4.6705189281748885,6.268884863757817,0.14285714285714285,3.3724389312368093,6.821966177717782,0.11363636363636365,5.162282698804058,3.0888444303129754,0.19155844155844154,n.d.,n.d.,0.12916666666666665,0.058823529411764705,0.32386363636363635,3.492984692242495,3.2243792509817295,5.724114707126211,3.9183470118616945,4.199648472001081,2.052325234642759,n.d.,0.40909090909090906,0.1149532635647931,0.5,1.1450224032036767,0.6482286096256684,0.75,0.25,0.6666666666666666,n.d.,0.05,0.591304347826087,0.09615384615384616,15.5
S3,2,W06_C6,KDE,14.922535130908994,10.24682917837869,6.878035338242864,9.51079723061906,n.d.,8.392717939347861,4.134485595551624,0.02097902097902099,2.707606170207765,6.693830685640012,0.05594405594405594,9.51119618515163,4.230784736966161,0.11888111888111885,n.d.,n.d.,0.15384615384615385,0.038461538461538464,0.21328671328671328,3.457032505770426,2.9876618675922466,6.61384453654154,4.706161853678038,4.7952951948917635,2.2696668585206607,n.d.,0.18181818181818182,0.2514301372570317,0.41666666666666663,0.6249386174894123,0.23688811188811187,0.25,0.25,0.3333333333333333,n.d.,0.05238095238095239,0.5017543859649124,0.08841158841158842,13.0
S3,3,W00_C7,ADFNE,10.481677912019979,9.6672143910314,6.574260733925268,n.d.,8.229657137587703,5.45921532697465,8.243410384689467,0.25,6.383882952477623,2.870567085258682,0.1111111111111111,n.d.,n.d.,0.05555555555555555,6.393484614781553,2.880815699850209,0.1388888888888889,0.05555555555555555,0.3055555555555556,1.3052648413901915,0.9681744739316378,3.2171807314771845,2.625758124388704,1.8526518949379316,n.d.,1.7695823562736348,0.3333333333333333,0.24814100263110062,0.5,0.9638984355582545,0.2777777777777777,0.6666666666666666,0.5,1.0,0.75,0.07363505747126436,0.592292089249493,0.12432065217391305,12.0
S3,3,W00_C7,EVAE,12.528095292052484,7.497366903339728,5.372720797926932,n.d.,6.983449219232426,3.190897178878367,6.961992129884326,0.23333333333333336,4.3296694348101,2.5325370298854235,0.17777777777777776,n.d.,n.d.,0.10486111111111111,5.487899321971248,2.72499076841247,0.07863247863247862,0.1111111111111111,0.3729166666666667,1.7210206236905132,0.7159451564523134,3.90809873387872,4.383287728236299,1.987149878262935,n.d.,2.0891814491132426,0.2222222222222222,0.13818186187158804,0.3333333333333333,1.6963623593369865,0.5055555555555555,0.6666666666666666,0.625,1.0,0.5,0.07569610916466901,0.37777777777777777,0.09828629032258064,14.0
S3,3,W00_C7,KDE,12.089480883906315,9.180523589327269,6.390060841744918,n.d.,5.500371133517756,4.265663228975512,8.652226083894103,0.16666666666666666,6.024983458712252,1.6200635172678073,0.1111111111111111,n.d.,n.d.,0.1111111111111111,3.9361083349455317,1.9364714496761444,0.125,0.1111111111111111,0.3611111111111111,1.3218768805869794,0.4721302871885147,2.6373636699526637,1.9977328868275788,1.5660613250420132,n.d.,1.7050461111790363,0.3333333333333333,0.20304091852531883,0.5,0.9831612137112842,0.38888888888888895,0.3333333333333333,0.5,1.0,0.625,0.05513784461152882,0.6151382513077827,0.13352272727272727,12.0
S3,3,W00_C8,ADFNE,23.100452469109904,n.d.,7.225888956247485,5.492694652559285,3.514533204703133,n.d.,n.d.,0.4166666666666667,4.932375470299929,3.318667846254371,0.12820512820512825,4.252471965468254,1.8936844651915492,0.14743589743589747,1.9164542049475588,3.2546566861176442,0.14743589743589747,0.006410256410256401,0.41666666666666674,1.6546137105208598,1.2617444224251355,1.1619333102300844,n.d.,3.9777978059496544,3.5757237093424363,3.624830361851129,0.07692307692307693,0.2586300479269714,n.d.,0.8913840671057005,0.4551282051282051,n.d.,0.3333333333333333,0.6666666666666666,0.6666666666666666,0.09285714285714285,0.9596638655462185,0.21363636363636362,12.0
S3,3,W00_C8,EVAE,24.47248936482174,n.d.,5.522575998801733,5.753394823127851,5.412829068495515,n.d.,n.d.,0.3693181818181818,5.508821786781109,2.8353675886487126,0.1948717948717949,5.414872865031674,0.975716451321099,0.08482142857142858,4.984492664749016,2.1094623063421523,0.10160256410256412,0.07142857142857142,0.42307692307692313,1.6446866472734922,1.5689665675724942,0.6949691625310006,n.d.,4.195457720339978,5.278755995301128,2.5755669077194314,0.15384615384615385,0.13926220572187997,n.d.,0.5263640707738906,0.16941391941391942,n.d.,0.3333333333333333,0.3333333333333333,0.3333333333333333,0.07771739130434782,0.8909090909090909,0.19499999999999995,14.5
S3,3,W00_C8,KDE,24.030591541375664,n.d.,7.097454103010198,3.823917108936043,5.630540806095455,n.d.,n.d.,0.4166666666666667,7.092433704868778,2.9141398168224923,0.12820512820512825,2.738917247393075,1.2348733093148354,0.10256410256410253,5.010790534269939,2.9082840989840113,0.125,0.07692307692307693,0.4166666666666667,1.8513241549781179,1.2902382178632987,2.5370684447926983,n.d.,3.861616264956424,3.755851497500128,2.340238787036328,0.07692307692307693,0.31421942565669597,n.d.,1.0298088575988786,0.4551282051282051,n.d.,0.3333333333333333,0.3333333333333333,0.5,0.10394736842105262,1.423529411764706,0.26999999999999996,12.0
S3,3,W03_C7,ADFNE,14.877774994814214,11.520888144831527,8.542752472482071,3.5283922705437196,5.540603336055077,11.276990098178397,7.189297245007506,0.16071428571428573,7.283772935236592,4.592041034699748,0.09821428571428573,3.233394353549454,1.7046370967993925,0.08928571428571427,5.475436044496046,3.672567999429003,0.01785714285714285,0.15178571428571427,0.3125,1.3776921315880304,0.7913990473109667,1.7443796571360166,2.409475597045904,2.162427950698623,2.6601539384360193,2.4867315313522464,0.14285714285714285,0.13846887996331259,5.0,1.2743356252829452,0.25,1.0,0.6666666666666666,0.3333333333333333,0.0,0.07567099567099568,1.0674603174603174,0.20082123758594345,16.0
S3,3,W03_C7,EVAE,15.331533436421473,16.345011417193028,10.42188682839248,3.5394175382268647,5.0674943990354295,16.030096364826612,6.5936483371943275,0.14400305576776168,8.642538534163938,4.727129996912966,0.09134615384615385,2.4882112727726398,1.3984226466453658,0.053030303030303025,3.6003476789377062,2.5464175250239505,0.05194805194805194,0.15362394957983194,0.26282051282051283,0.9819343059132468,0.8229268609937423,2.11465249213311,3.3005146175558604,1.9159379841891084,2.035219185473213,3.0528007585418795,0.14285714285714285,0.20793137831335345,2.5,0.8287999510503354,0.3048844537815126,0.6666666666666666,0.3333333333333333,0.3333333333333333,0.5,0.03888888888888889,0.4710162503031773,0.09295541623127831,16.0
S3,3,W03_C7,KDE,16.269537443050044,14.520914092060066,7.7501034396197905,5.718236659225461,5.037617631537473,14.024103984314571,4.013696300730931,0.16071428571428573,6.0112392085595,3.993168345913095,0.09821428571428573,5.563338024317125,1.9751814573551658,0.08928571428571427,4.298971305148971,1.524340489905339,0.08035714285714285,0.15178571428571427,0.29910714285714285,1.1405629038888208,0.8146211521737643,0.9635397432321879,2.060946714091854,2.0945594547628565,2.32354868026337,2.4786296371815144,0.14285714285714285,0.17027028977606046,5.0,1.3216435645278248,0.1964285714285714,1.0,0.6666666666666666,0.3333333333333333,0.5,0.07142857142857142,1.029100529100529,0.19206773618538325,16.0
S3,3,W03_C8,ADFNE,11.793006150421313,5.083755166137456,13.95199104703303,5.552389160063119,n.d.,4.3033997350054545,2.0439522283276688,0.05288461538461536,13.708439738353402,5.4270072691383735,0.22115384615384615,4.081173940109302,2.8913582070356516,0.16826923076923078,n.d.,n.d.,0.04807692307692307,0.12259615384615385,0.27884615384615385,1.6012672073290166,0.7493322422005679,1.9593341880587922,2.361996807073781,2.4908893517843533,2.313749091923323,n.d.,0.23076923076923078,0.18526142150586333,4.0,0.8244383426425838,0.38942307692307687,0.4,2.0,0.6666666666666666,1.0,0.14521739130434783,0.9128352490421456,0.20199805068226118,16.0
S3,3,W03_C8,EVAE,12.05312213724026,7.346296868076513,15.406488247442194,3.911482267293889,n.d.,6.833256879109481,2.3499229108800637,0.07451923076923078,15.439507593013088,6.0733643701094255,0.14946266968325791,2.972749513760686,2.4231159013455152,0.10576923076923078,n.d.,n.d.,0.06666666666666667,0.15384615384615385,0.25240384615384615,0.9882239905760553,1.3614337713874018,2.726532851466753,3.1304084584320004,2.111941338282546,1.8911324047660643,n.d.,0.23076923076923078,0.33177619103460987,2.0,1.390762274806626,0.8894230769230769,0.2,1.5,0.3333333333333333,1.0,0.11126373626373626,0.709904474610357,0.15679824561403505,16.0
S3,3,W03_C8,KDE,10.903607693967231,5.219277977168907,12.352343454934836,3.518478451416654,n.d.,4.168640722099687,2.0321320453402674,0.05288461538461536,12.372309611194295,4.485843118574772,0.15865384615384615,3.2462010993978474,1.3690572345387682,0.04326923076923078,n.d.,n.d.,0.04807692307692307,0.09134615384615385,0.21153846153846154,1.2140903755967618,0.902072186248575,1.4716732576399,1.7671512629847772,2.1409501805564957,1.9655093465822615,n.d.,0.23076923076923078,0.21595355726678173,5.5,0.8239875855377765,0.38942307692307687,0.2,1.5,0.3333333333333333,1.0,0.10727969348659003,1.2771392081736908,0.2460170697012802,16.0
S3,3,W04_C7,ADFNE,19.246410048598047,9.476824080671115,6.091317317934555,10.017011376961491,n.d.,8.089508095946005,6.967448183145021,0.1517857142857143,2.8841555737732003,2.5527127581248834,0.0892857142857143,10.045103586736355,1.6655729293061752,0.30357142857142855,n.d.,n.d.,0.0625,0.0,0.3035714285714286,2.558031337216719,1.3368393000797791,4.755004129850744,2.8535220250466944,11.321036316659113,1.6021200515015357,n.d.,1.2857142857142858,0.525753109243582,n.d.,2.6954735381671755,0.5,2.5,1.5,0.3333333333333333,n.d.,0.1225,1.3351648351648353,0.27793103448275863,16.0
S3,3,W04_C7,EVAE,19.213088826868926,11.599935779024081,7.042645604540746,10.42940573372118,n.d.,9.478284954022204,8.424709347676188,0.12016806722689077,4.190262216622833,3.8570166196472533,0.05882352941176472,10.44241675183246,1.6606890469356195,0.26138876603272887,n.d.,n.d.,0.16718266253869968,0.058823529411764705,0.3455513784461153,1.8075102702322114,0.981320135032851,4.5104422726926865,3.621546883350811,10.777363047713866,2.2499333134106685,n.d.,1.2857142857142858,0.9848498807354303,n.d.,1.4775214717190852,0.1875,2.0,1.0,0.3333333333333333,n.d.,0.09526209677419355,1.0161290322580645,0.22401433691756273,16.0
S3,3,W04_C7,KDE,17.541686370295473,11.308614068790078,5.918764896800786,8.344200401075925,n.d.,10.814639930587095,5.314508677260227,0.0892857142857143,3.540079385216573,1.6196938906501783,0.0892857142857143,7.929985497889282,2.2152049127390336,0.30357142857142855,n.d.,n.d.,0.0625,0.0625,0.3035714285714286,2.511378416899464,0.6030208116383915,5.995940210798386,2.079750122509263,10.73012022318547,2.2334083772593436,n.d.,1.2857142857142858,0.7256129235316587,n.d.,2.668143168244111,0.3125,2.0,1.5,0.3333333333333333,n.d.,0.13142857142857142,1.4588859416445623,0.2943722943722944,16.0
S3,3,W04_C8,ADFNE,17.15165215545388,6.580471039829829,8.026808451961701,11.450796568835678,n.d.,3.651669063994336,3.4630522296763937,0.0625,3.167577490849119,6.833355605202676,0.125,11.450796568835678,2.513822537220694,0.125,n.d.,n.d.,0.0625,0.125,0.25,1.7384530349433285,0.9808651532397583,1.574379241579758,4.650919465803148,2.2711569532120706,2.522807132925371,n.d.,1.0,0.5896002974445577,4.0,2.1028108325341472,0.125,1.3333333333333333,2.0,0.5,n.d.,0.06296296296296297,0.5652173913043479,0.11111111111111113,16.0
S3,3,W04_C8,EVAE,16.70504759046996,7.161743229140042,9.102606710364014,11.576286302044629,n.d.,2.918803449990432,4.172318194543144,0.0625,3.616801338281583,7.0239065762012824,0.0625,11.5764990479606,1.321334015322488,0.0784313725490196,n.d.,n.d.,0.13942307692307693,0.0625,0.22474747474747475,1.1229996725814841,0.4030025005340576,0.4135361313819885,3.4875684335414814,1.6738509614229977,1.7828567324411722,n.d.,1.0,0.8648637148087888,3.0,1.1685261312292643,0.375,1.0,1.0,0.25,n.d.,0.05123152709359606,0.2206896551724138,0.07947900053163211,16.0
S3,3,W04_C8,KDE,15.059547680939922,6.510536350348145,6.663044639806181,8.287720737450067,n.d.,4.163058165821221,3.096599922595084,0.03125,2.848933244341908,6.79893118784824,0.125,8.315473002624598,2.940033309655163,0.125,n.d.,n.d.,0.0625,0.125,0.1875,1.5671644602739465,0.5214157877658254,1.846947039653684,4.389411408127236,1.623449488254397,1.7979961162906446,n.d.,1.0,0.7455057563071923,6.0,2.1846101882405446,0.3125,1.0,2.0,0.5,n.d.,0.041666666666666664,0.5683229813664596,0.09849206349206349,16.0
S3,3,W05_C7,ADFNE,18.69831210657764,9.759327027346535,5.629904632379712,4.862414485491776,n.d.,9.152185781606,1.8147147260685692,0.2152777777777778,3.7417071736589156,2.894756314738598,0.10069444444444442,3.478393914658668,2.0949429842109053,0.09722222222222221,n.d.,n.d.,0.06944444444444445,0.05555555555555555,0.23958333333333331,1.4622816436861115,0.8675185817660245,1.9035688448936117,4.417962346647777,1.9142862646795538,2.264742570094905,n.d.,0.1111111111111111,0.19553069746966686,1.5,0.659221879585668,0.33333333333333337,0.75,0.3125,0.5,1.0,0.05454545454545455,0.708994708994709,0.1458715086900994,16.0
S3,3,W05_C7,EVAE,18.78504743938212,8.68678224998264,4.980326527753501,4.630548052103254,n.d.,7.854032712046383,4.256005685764877,0.1527777777777778,2.412691412787953,2.5867923000689315,0.19444444444444442,4.138407526444249,2.418325370027552,0.09722222222222221,n.d.,n.d.,0.1047008547008547,0.05555555555555555,0.28338675213675213,0.8315502330407472,0.3416081597988663,0.5697532800012062,3.042307346089547,1.5897781865756047,2.156124442406919,n.d.,0.1111111111111111,0.08797865102856542,0.5,1.4109867097466875,0.16666666666666663,0.5,0.5,0.5,1.0,0.06439560439560438,0.25823451910408435,0.09268549485940787,16.0
S3,3,W05_C7,KDE,19.81966302481824,10.794608916566649,6.367150758942296,5.438825963318701,n.d.,10.317240285848964,3.866170186471786,0.2152777777777778,6.1776043649323995,2.854495340206808,0.06944444444444442,5.444987349231969,1.7404485833277388,0.1597222222222222,n.d.,n.d.,0.05555555555555555,0.05555555555555555,0.22916666666666663,1.660378650421186,0.721839097759796,1.590062171992328,4.823173795064895,1.6464039293954127,2.4523626607148503,n.d.,0.1111111111111111,0.16085808966074178,2.0,0.6972771897946275,0.45833333333333337,0.75,0.25,0.75,1.0,0.046428571428571444,0.6461538461538462,0.11126694717157554,16.0
S3,3,W05_C8,ADFNE,14.871853099589378,6.209737471273778,7.546658874415706,4.235943373287344,5.8708913558591656,3.359073958608513,3.7045890390397584,0.1743421052631579,7.015287432185193,1.821427808005987,0.09375,3.2562797400447567,2.414556523127315,0.1694078947368421,3.539619093756458,3.7065511578172226,0.042763157894736836,0.10526315789473684,0.25,1.3321404351484947,1.825713044105048,1.3893827362646598,1.8896107123488726,1.471878607600348,2.6895916217484475,9.214853012320498,0.15789473684210525,0.23493929091927115,1.0,0.7566218654650729,0.2203947368421053,0.4,0.2,0.7,0.5,0.10335403726708074,0.52,0.14408866995073893,16.0
S3,3,W05_C8,EVAE,12.947640137290932,4.759146509210129,8.396234648723532,4.13344408065689,7.452696026078522,1.5556643205530785,2.8597247744556977,0.11184210526315791,7.300642217677339,2.1069652340673417,0.07291666666666666,1.6696462373518104,2.01787941643987,0.1381578947368421,6.817719079085615,4.58200314063307,0.040178571428571425,0.06313131313131314,0.22462406015037595,0.8806703887866637,0.4343613230228749,0.9816554393819232,3.643664340356718,1.3537605314295216,1.5100124149485823,9.218304391313877,0.15789473684210525,0.16242945792771046,0.3333333333333333,1.195141130424167,0.31452429149797567,0.2,0.2,0.6,0.5,0.1388294314381271,0.37280632411067194,0.12743707904998225,16.0
S3,3,W05_C8,KDE,12.75932799305209,5.637280396942198,5.259943604887358,4.507056700689404,5.42320236759265,3.5864329411536042,3.1063652404275732,0.1743421052631579,4.096437759047862,2.0140562321546938,0.07565789473684209,3.37123501268926,2.2764808723659726,0.1381578947368421,4.426077105380544,4.917642167693942,0.042763157894736836,0.10526315789473684,0.24342105263157895,1.259642232107975,1.0866001334748288,1.488429548741761,1.6643206407640747,1.3737029220586037,2.1498919110172516,8.68502499877009,0.15789473684210525,0.22819351811538607,1.0,0.6118585937780912,0.3453947368421053,0.4,0.2,0.6,0.5,0.11333333333333333,0.42307692307692313,0.13906926406926406,16.0
S3,3,W06_C7,ADFNE,12.406202419366544,7.251161509591814,5.469334828095565,6.239153664358837,6.8478941088743115,6.139163483180756,2.1670935106555675,0.09047619047619049,3.977826278234642,2.0283279858613996,0.04285714285714287,6.246335157508872,1.257501816808133,0.08571428571428569,6.611877382593389,4.64449103403403,0.06190476190476191,0.0,0.17619047619047618,1.8162442633571612,1.770979268833826,1.6247975672019543,1.4886730459115585,3.400453910571705,2.60806265197076,2.970039366204987,0.06666666666666667,0.24785448497311685,1.5,0.632260531277192,0.35714285714285715,0.25,0.16666666666666666,0.3333333333333333,0.5,0.10614478114478114,1.0543024227234752,0.21189263322884014,14.0
S3,3,W06_C7,EVAE,17.519166612116283,10.771940712723215,6.818489721590353,3.897981673901139,5.790807638066884,10.69819078167827,2.381677903072193,0.14754901960784314,3.6341236664612158,3.2474691017418724,0.14114832535885166,3.8963845199453377,1.6171592562686392,0.0786764705882353,3.536422735907215,3.86002719485979,0.04278074866310161,0.05263157894736842,0.2324561403508772,1.4138360589912287,0.8986788272273227,0.6553785982629234,2.68811498124553,3.8166310791944653,2.6928375032969902,1.7899328847932345,0.13333333333333333,0.08029169904507505,1.0,1.0062384977558045,0.9834558823529411,0.625,0.3333333333333333,0.3333333333333333,0.5,0.08101851851851852,0.6944444444444445,0.1405993431855501,16.0
S3,3,W06_C7,KDE,14.347381434296263,6.947091683624105,5.220159689341314,6.692345674415338,5.21222382128805,6.546125948486527,1.6464760146578148,0.09047619047619049,4.191638301215004,2.4000593616695474,0.11428571428571432,6.697638305239806,1.7077177720163796,0.05714285714285716,2.7485114387969416,2.649539305399329,0.06190476190476191,0.07142857142857142,0.17619047619047618,1.6663090089579695,1.1474122820825667,2.2091321741698176,1.7364563225501928,3.1070036456979313,2.6050914179169733,3.500005682795571,0.06666666666666667,0.28522380069177855,0.75,0.653423328026328,0.41369047619047616,0.25,0.3333333333333333,0.3333333333333333,0.5,0.09339774557165861,0.6843434343434344,0.15118135376756067,14.0
S3,3,W06_C8,ADFNE,23.34350098986239,n.d.,6.094368467435993,5.474449796738234,5.7488436384552095,n.d.,n.d.,0.42857142857142855,3.874092418805973,3.181945138337893,0.047619047619047616,2.914706588243644,3.9052411496401715,0.19047619047619047,3.1494933257780207,3.8457285291625283,0.19047619047619047,0.0,0.45238095238095233,3.230964035672255,2.6039077062324036,3.7096308265945503,n.d.,2.9848771135969865,9.232234918664124,2.3378839992098133,1.3333333333333333,0.4783641848273286,5.0,3.1346513631603843,0.16666666666666663,n.d.,1.5,0.5,0.5,0.15,1.1073950204384988,0.20734632683658172,14.0
S3,3,W06_C8,EVAE,25.08936887558013,n.d.,5.313308841292976,4.509057145323699,4.616353599137572,n.d.,n.d.,0.375,3.079522462761306,2.8115818068962737,0.08333333333333331,2.3064388494859234,3.6760903413351107,0.1875,2.9274166442765406,2.607861827929598,0.20833333333333331,0.0625,0.47291666666666665,2.6722869533222964,2.6117501484582597,3.106078359199679,n.d.,3.0661098407624596,10.429373554248613,1.7953863912888282,1.6666666666666667,0.7452832138535368,3.0,3.191227174105091,0.5833333333333334,n.d.,1.0,0.5,0.5,0.11145510835913312,0.8187134502923976,0.163768115942029,16.0
S3,3,W06_C8,KDE,22.94838082459849,n.d.,6.481607373652523,5.4520219327097275,4.994878066851413,n.d.,n.d.,0.35714285714285715,4.9989548807778466,3.2075301337022504,0.035714285714285726,3.1384268715997514,4.400495507522448,0.19047619047619047,3.8519821128709033,1.0999150639695392,0.26190476190476186,0.0,0.45238095238095233,3.1019506948376105,2.174910422273724,4.136737490790447,n.d.,2.5161635148673795,8.234905720223882,2.1765698657022616,1.3333333333333333,0.5286947971566354,3.5,3.258871932526783,0.16666666666666663,n.d.,1.5,0.5,0.5,0.10531135531135531,1.1000690131124915,0.2,14.0
