scheme,fold,box,method,n,p,rho,E_along,E_down,aniso,largest_share,term_share,pX,k_mean_C1,k_mean_C2,k_max_C1,k_max_C2,span,soft_dir_deg,P21,P22
S1,0,W02_C2,ADFNE,16.0,1.8034184569745093,0.45085461424362727,0.37328598774289884,0.4738284953031203,0.3966346875343953,0.3624156648500032,0.1091269841269841,0.14472309299895503,0.032932329732057605,0.0379921331598597,0.3164739957719426,0.30098294945976267,0.08333333333333333,174.05666475509912,0.21919962713726696,1.125
S1,0,W02_C2,EVAE,14.0,1.8614056593538528,0.4653514148384632,0.35406335997783506,0.46751213522450374,0.39838716271454944,0.4018078561079892,0.10818713450292394,0.13664596273291918,0.023796818467260998,0.0212516925581287,0.2426732321954413,0.2395783648460611,0.0,172.46075985535526,0.21664803934416896,0.75
S1,0,W02_C2,Held-out,10.0,3.131244090466122,0.7828110226165305,0.2298232484587326,0.3895026208091232,0.4659447989800932,0.7077053798446176,0.0,0.3571428571428571,0.0272950443898702,0.0630443721750491,0.1701942382809201,0.200831444083624,1.0,160.55473404711566,0.2508337689444475,1.25
S1,0,W02_C2,KDE,16.0,1.6905960102519693,0.4226490025629923,0.39691739197114484,0.46782032822972824,0.33897788567885234,0.42444229907224273,0.15099715099715094,0.19399641577060928,0.035454366686768046,0.032427682915596,0.35090111321075673,0.2880528399133556,0.16666666666666666,166.91446515115243,0.2268040149189394,1.5
S1,0,W02_C2,Reference,13.0,2.561994806150869,0.6404987015377174,0.2749453478061632,0.4068413904878764,0.5565340174209286,0.22594955169903047,0.06944444444444439,0.06944444444444439,0.03061141397626,0.0453751752134221,0.23921057938722984,0.409911949246495,0.25,159.3726609232417,0.24633961122449025,0.375
S1,0,W02_C2,Reference (fracture-removed),12.0,2.561994806150869,0.6404987015377174,0.2749453478061632,0.4445868649392146,0.637828897235148,0.22594955169903047,0.0662393162393162,0.06944444444444439,0.03061141397626,0.0453751752134221,0.23921057938722984,0.3699928810174507,0.25,159.4646351687391,0.24633961122449025,0.375
S1,0,W04_C2,ADFNE,16.0,1.5838945556054824,0.3959736389013705,0.4232113395112576,0.47062117706121953,0.3406130886669393,0.4165185198433317,0.11769230769230765,0.17995689655172414,0.03601195642127835,0.0336456554483646,0.2593830472902786,0.2754827610908721,0.20833333333333334,177.36808662179823,0.2087051846842606,1.375
S1,0,W04_C2,EVAE,14.0,1.8756348412019679,0.46890871030049197,0.3450224243182456,0.4740189994107755,0.4119037594006642,0.42304376936574445,0.08166666666666665,0.125,0.045115827902702105,0.0229237478643924,0.40983291503212765,0.1906336318034796,0.0,3.2398800080247883,0.216710377569073,0.75
S1,0,W04_C2,Held-out,14.0,3.833120630019796,0.958280157504949,0.2157824078954564,0.2952680008257466,0.4832072881477516,0.5670653969131171,0.2142857142857142,0.3,0.0953268166953599,0.0239241665139731,0.5143296637781896,0.3621171227054491,1.0,32.304429955401645,0.2999431661813938,1.5
S1,0,W04_C2,KDE,16.0,1.8612291676587025,0.4653072919146757,0.3920984763042794,0.4472787990404452,0.27807555643886706,0.4703235294893841,0.11769230769230765,0.2285714285714285,0.0384854416270586,0.036308846574543696,0.3378620540930253,0.29720882369437673,0.20833333333333334,176.2254986658086,0.2399991418327394,2.0
S1,0,W04_C2,Reference,18.0,2.814908136053698,0.7037270340134245,0.24671978171248904,0.41824481106028266,0.4830461885119757,0.2096602568432006,0.10795454545454544,0.08166666666666665,0.059092297030871446,0.0636931131743155,0.5389194753183475,0.3426534491300556,0.375,8.626512551061918,0.2996197095212462,0.5
S1,0,W04_C2,Reference (fracture-removed),17.5,2.745921028295707,0.6864802570739268,0.25095680813480425,0.43137432000501363,0.49856374528943553,0.2096602568432006,0.10795454545454544,0.08166666666666665,0.059092297030871446,0.0636931131743155,0.5389194753183475,0.3426534491300556,0.375,8.969914468611801,0.29089056316909556,0.5
S1,0,W04_C4,ADFNE,16.0,1.664712576387592,0.416178144096898,0.3919352250893895,0.48089208680894835,0.3743608686608799,0.4329514538065812,0.15192307692307688,0.1875,0.02884509773913585,0.0360084897121583,0.26219372499488824,0.23693962383973954,0.125,154.17030734040026,0.2213389389093025,1.5
S1,0,W04_C4,EVAE,14.0,1.8915136457535184,0.4728784114383796,0.3402181628424792,0.4942892916314211,0.40722390489033355,0.45630545253775556,0.0952380952380952,0.12019230769230765,0.03864774782545795,0.0209855083218703,0.30541863730419166,0.2747271505613865,0.0,2.8653850948372983,0.21459663572392246,0.75
S1,0,W04_C4,Held-out,10.0,1.9968149675765183,0.4992037418941297,0.3236715556052508,0.488510732835443,0.4777385577214502,0.3150821111738833,0.0,0.0714285714285714,0.0712095054296135,0.0228200038152192,0.7259819181927213,0.2959953625611418,0.0,22.957734203827105,0.1926161199469933,0.25
S1,0,W04_C4,KDE,16.0,1.555288374589939,0.38882209364748477,0.3720027568173112,0.4996569673102595,0.3577535978503634,0.3790227001842891,0.1483516483516483,0.2,0.0415404256044833,0.034161936410277344,0.24958500619083795,0.3270838277020399,0.041666666666666664,164.27514677272373,0.223878026100421,1.5
S1,0,W04_C4,Reference,17.0,2.7680246046410804,0.69200615116027,0.2538189038705706,0.4153887858302311,0.5136396346013757,0.2494847220554749,0.11818181818181815,0.05213903743315505,0.0634399758331292,0.0322907754147211,0.43795654029550857,0.24357232585377353,0.5,18.999283148559375,0.2881618896441881,0.25
S1,0,W04_C4,Reference (fracture-removed),16.5,2.5741664556166697,0.6435416139041676,0.2727349518182287,0.4873673875426161,0.52220188960083,0.2494847220554749,0.125,0.06349206349206345,0.057835797400285396,0.0322907754147211,0.43795654029550857,0.24357232585377353,0.5,17.158080190262677,0.2685526242715882,0.25
S1,0,W04_C6,ADFNE,16.0,1.763593423679747,0.44089835591993676,0.3821449533509125,0.5122033851532941,0.41429599490438007,0.3389219921036317,0.08193979933110365,0.1290322580645161,0.0320751360359914,0.02979358175991945,0.2894281352898168,0.2635832036489848,0.125,170.0111380623402,0.2104995944679096,1.0
S1,0,W04_C6,EVAE,13.0,1.8321888114382685,0.458047202859567,0.3795845855716965,0.4538361978320625,0.39853209564988373,0.4054804704635663,0.0869565217391304,0.1225,0.034224884584401497,0.02088163469687915,0.27099451588523216,0.18740247930131737,0.0,174.4423702497395,0.2090785008405337,0.75
S1,0,W04_C6,Held-out,14.0,3.302780090080105,0.8256950225200264,0.2562366966205007,0.3043812761518299,0.6129999706492799,0.4070691024030284,0.125,0.1111111111111111,0.0706916600880094,0.0285290377807426,0.7688202431824368,0.3236565299915404,1.0,39.4038894353493,0.2590540555328813,0.5
S1,0,W04_C6,KDE,16.0,1.509021669298447,0.37725541732461176,0.4222846265306701,0.5241862608953752,0.3304969875244113,0.42085422864213917,0.1348484848484848,0.169047619047619,0.0347866741401225,0.02859426328488545,0.3142050421576092,0.25165565256790934,0.041666666666666664,172.23699457868474,0.21850408016617495,1.5
S1,0,W04_C6,Reference,14.0,2.1509734861450633,0.5377433715362658,0.3125616894229156,0.4508722243785722,0.52220188960083,0.2425482390943099,0.09307359307359306,0.0454545454545454,0.04598327254308615,0.0214681047892445,0.3505534461552332,0.2128436377772871,0.25,0.1495418011561456,0.24319975520221754,0.25
S1,0,W04_C6,Reference (fracture-removed),14.0,1.8358705206756603,0.45896763016891506,0.3201989253505565,0.5305939144522511,0.52220188960083,0.2425482390943099,0.09307359307359306,0.0454545454545454,0.03934759542480685,0.0214681047892445,0.3505534461552332,0.2128436377772871,0.25,176.892388217167,0.21322018383367386,0.25
S1,1,W02_C3,ADFNE,15.0,1.6502510395454921,0.4125627598863729,0.4074009825181067,0.4675306532450224,0.3680296311565327,0.4367769647156564,0.12,0.14550264550264547,0.0451796826285594,0.03539266741683435,0.2928027660729484,0.34632962797204947,0.125,1.8503199676360365,0.2180665736910978,1.0
S1,1,W02_C3,EVAE,14.0,1.8142066491386863,0.4535516622846715,0.3812993863215019,0.4721999138540024,0.3378552608855716,0.2870552729371344,0.07846153846153844,0.10555555555555556,0.03121938373377205,0.02951731250479505,0.23320725094847855,0.2521571531124439,0.0,3.863097437392152,0.21362597670096975,0.5
S1,1,W02_C3,Held-out,12.0,2.3399872931740684,0.584996823293517,0.3678397006358366,0.3381728186210826,0.705520976138819,0.2303394745785118,0.0555555555555555,0.0,0.0,0.0471823815491699,0.0,0.5527628312201666,0.0,132.36161573881762,0.224737114365288,0.0
S1,1,W02_C3,KDE,15.0,1.6508092525485654,0.4127023131371414,0.41115953836852254,0.47695350219433413,0.37233475586282405,0.34505486451936107,0.08514492753623185,0.1875,0.039904905745275804,0.031266975287878904,0.31533436348068444,0.2856270923342701,0.08333333333333333,3.0374827675227394,0.21453821068716325,1.5
S1,1,W02_C3,Reference,10.5,2.2505614307682706,0.5626403576920675,0.2749453478061632,0.47244103606788124,0.5415253661605639,0.2146161821543699,0.0,0.07738095238095236,0.02456015721534615,0.04781094680264785,0.15506700786550803,0.27926422271289986,0.25,162.2223505808522,0.23471851883029116,0.375
S1,1,W02_C3,Reference (fracture-removed),10.0,2.2505614307682706,0.5626403576920675,0.2749453478061632,0.4980700340240499,0.5415253661605639,0.24034924360459026,0.0,0.0833333333333333,0.02456015721534615,0.04781094680264785,0.15506700786550803,0.27926422271289986,0.25,166.65947823370314,0.21591295406420238,0.375
S1,1,W04_C3,ADFNE,15.0,1.8454670301504152,0.4613667575376039,0.4092812968248342,0.4540257167791818,0.329052271853514,0.42595167260471584,0.0833333333333333,0.16397849462365585,0.04185155892988145,0.029001940512909698,0.36259685780733597,0.2471978422254549,0.08333333333333333,179.4101018486005,0.2121546977280259,1.25
S1,1,W04_C3,EVAE,15.0,1.9320534266524207,0.4830133566631051,0.3401373875710476,0.490400764637077,0.46542543146531523,0.3369693001539392,0.054411764705882354,0.09545454545454546,0.047668087298362055,0.0350045818586526,0.31251439697612504,0.2569749326650743,0.041666666666666664,16.0994467005694,0.2185448577763806,0.5
S1,1,W04_C3,Held-out,19.0,2.7562920008862237,0.6890730002215557,0.2523999696099694,0.422367262787191,0.4818788004347311,0.2966097838285635,0.1363636363636363,0.0434782608695652,0.0853935628887558,0.0208762932743407,0.6953405887348424,0.5298584693678554,0.0,20.082387513524992,0.2983753858044543,0.25
S1,1,W04_C3,KDE,15.0,1.505316479250462,0.3763291198126154,0.44468475987271355,0.5062319028105641,0.3737850712599427,0.43386685128180946,0.13664596273291918,0.16397849462365585,0.0384329507977068,0.03074921114229265,0.2647320583249927,0.29575001824387176,0.125,178.84104187259936,0.2107305591555697,1.25
S1,1,W04_C3,Reference,17.0,2.923280161187697,0.7308200402969243,0.25870410749578365,0.41002624638248375,0.483710432368486,0.2184543890076175,0.09545454545454546,0.0833333333333333,0.06918100990555079,0.046960395036963504,0.5487329083593957,0.3028991502473396,0.5,13.20421424406016,0.2966435381354061,0.5
S1,1,W04_C3,Reference (fracture-removed),17.0,2.71257475253248,0.6781436881331201,0.27015021135768325,0.4362819623043728,0.5496551955399556,0.2184543890076175,0.09545454545454546,0.0833333333333333,0.06284001536778355,0.046960395036963504,0.5487329083593957,0.3028991502473396,0.5,14.190920680039802,0.28713050159478565,0.5
S1,1,W04_C5,ADFNE,15.0,1.9165125255701034,0.47912813139252586,0.34707848986234957,0.47327468146821033,0.39403798057206607,0.47653613545646606,0.1428571428571428,0.1732377538829151,0.0382539436354205,0.032025699291217846,0.31062856529077304,0.24100971989562853,0.25,168.1651484468863,0.21681991363887,1.25
S1,1,W04_C5,EVAE,14.0,1.8201283812186975,0.45503209530467414,0.3875512191985428,0.4754803495468063,0.34638603450860145,0.32835509415500713,0.08249158249158245,0.0666666666666666,0.0329801328837125,0.02607723388337755,0.3076781780834005,0.25311157894882175,0.041666666666666664,4.417612701794242,0.21331664372813058,0.25
S1,1,W04_C5,Held-out,14.0,2.779757208395937,0.6949393020989842,0.2552378381311718,0.4084103088732712,0.4041682403680373,0.2898543550632248,0.0625,0.0588235294117647,0.0687465148341762,0.0,0.3796662575383186,0.0,1.0,16.815270848106508,0.2637790959804422,0.25
S1,1,W04_C5,KDE,15.0,1.6156765612213404,0.40391914030533504,0.41923636188880053,0.5063569302155313,0.3031454721884922,0.4011032102631704,0.1225,0.1905241935483871,0.035147665004466755,0.03770580970603695,0.3020476107104848,0.28596689283865023,0.08333333333333333,171.53678282233014,0.2144049658541441,1.5
S1,1,W04_C5,Reference,15.0,2.292607064171698,0.5731517660429244,0.2704162889011792,0.4909224363596581,0.5996982238697702,0.20854862293058746,0.1125,0.0584415584415584,0.06174491920997815,0.0283849765309097,0.4813652720638121,0.24933400626992255,0.375,18.125064319953566,0.25658971743854997,0.25
S1,1,W04_C5,Reference (fracture-removed),15.0,2.292607064171698,0.5731517660429244,0.27908491782794265,0.5326302772289377,0.6467589539472092,0.20854862293058746,0.1,0.0227272727272727,0.0600252787249904,0.0280115596600931,0.4813652720638121,0.23520158143354564,0.375,19.109237446886656,0.2383728968841058,0.125
S1,1,W04_C7,ADFNE,15.0,1.6108990850725309,0.4027247712681328,0.39041198947955935,0.5049921989990923,0.36386238562408385,0.4876663966361593,0.13929146537842185,0.18465909090909088,0.041847763869247656,0.0309687400580001,0.3068866556849963,0.24999376885353403,0.16666666666666666,15.013188557311619,0.20676352126970898,1.5
S1,1,W04_C7,EVAE,14.0,1.7384167422915113,0.43460418557287783,0.40873905095882496,0.48009923148581146,0.3794153746268558,0.2936563877206858,0.060661764705882346,0.06111111111111105,0.0276818405519112,0.01814186208660265,0.23493043626340426,0.1955000289789802,0.08333333333333333,170.56396237367557,0.2019299830039249,0.25
S1,1,W04_C7,Held-out,7.0,1.5670293658934455,0.3917573414733614,0.3720457006195012,0.5638115949189674,0.7230733905225022,0.3246066158811543,0.0,0.0,0.0173275388492994,0.0368110533421493,0.43180601759111,0.2296191450699056,0.0,150.4534094352378,0.1334614129017256,0.0
S1,1,W04_C7,KDE,15.0,1.6773747477219452,0.4193436869304863,0.4104913669446178,0.4996744354526129,0.3390691302557858,0.4108276784591268,0.15099715099715094,0.2121212121212121,0.040635013266505246,0.03253523697443485,0.3168731726750523,0.25639691203558856,0.041666666666666664,167.52666732838395,0.22253663145454433,1.7500000000000002
S1,1,W04_C7,Reference,14.0,2.1490866866949507,0.5372716716737377,0.3561258676515543,0.40635488078912685,0.4716473486665568,0.28318838361945853,0.125,0.08514492753623185,0.0377326057878181,0.02147396297530925,0.2734450774271613,0.2339365582715049,0.125,178.44584509387875,0.23143700438811804,0.375
S1,1,W04_C7,Reference (fracture-removed),13.5,2.1490866866949507,0.5372716716737377,0.3561258676515543,0.40635488078912685,0.5282663020115348,0.28213463289338786,0.0976190476190476,0.06798245614035085,0.0377326057878181,0.02110054610449265,0.2734450774271613,0.2339365582715049,0.125,178.00155968958012,0.2040614583435278,0.25
S1,2,W01_C2,ADFNE,15.0,1.468879727233267,0.3672199318083167,0.38095067305642344,0.562425666760193,0.4346859672847313,0.40704193760935126,0.09307359307359306,0.15099715099715094,0.03466076224628625,0.022057801346429103,0.3479659397689554,0.21108170590389463,0.0,4.752731452912142,0.2016141059643034,1.0
S1,2,W01_C2,EVAE,13.5,1.8981114298032085,0.47452785745080217,0.3653494712031756,0.43259780318613017,0.3378404758697015,0.39985164650142535,0.0833333333333333,0.11965811965811965,0.03565304827600135,0.02097601540067695,0.3056474761757695,0.24228675172890113,0.0,24.348099883633843,0.21009313597816953,0.75
S1,2,W01_C2,Held-out,10.0,1.986596274903967,0.4966490687259918,0.2720153234947631,0.6923890823679083,0.7152843056601133,0.2799967942917927,0.0833333333333333,0.0,0.0,0.0197109272411005,0.0,0.2652476786176425,0.0,0.24723420563105938,0.1734508561834682,0.0
S1,2,W01_C2,KDE,15.0,1.8845077838961142,0.4711269459740285,0.38480013842658495,0.47756252612527283,0.31083397857573125,0.4009341306399421,0.11769230769230765,0.2068965517241379,0.043894302024446594,0.03114482972274405,0.34312533377470344,0.3140689063552703,0.20833333333333334,178.50026007381956,0.23033746270448202,1.5
S1,2,W01_C2,Reference,11.5,2.4064992534620533,0.6016248133655133,0.33074115738030807,0.3686865976524547,0.5410580145137103,0.3524978862640987,0.02777777777777775,0.0717905405405405,0.0282510954721505,0.03321215002911395,0.17769222533927845,0.4903029960987185,0.375,150.81695704938093,0.24628837345888654,0.5738341968911918
S1,2,W01_C2,Reference (fracture-removed),11.5,2.2668081637906203,0.5667020409476551,0.33074115738030807,0.4033768342032947,0.5410580145137103,0.3524978862640987,0.02777777777777775,0.0717905405405405,0.0282510954721505,0.03321215002911395,0.17769222533927845,0.4903029960987185,0.25,151.43903012157136,0.23831304404905257,0.5738341968911918
S1,2,W03_C2,ADFNE,15.0,1.4028406946459526,0.35071017366148816,0.45519308211041254,0.5411599855074896,0.368460050448927,0.34445774710416,0.0833333333333333,0.14983164983164982,0.03545828151113785,0.02389493719635105,0.28408921554505007,0.251797640538133,0.041666666666666664,171.72120339734536,0.19021733609235947,1.0
S1,2,W03_C2,EVAE,14.0,1.9346361155670344,0.48365902889175855,0.35949106905346334,0.46201184556449565,0.4590946337072386,0.32586035198608515,0.1333333333333333,0.1052631578947368,0.04261736689430515,0.02586069087345375,0.3976173028692297,0.2691242784099935,0.0,25.11767561878422,0.21381537519382993,0.5
S1,2,W03_C2,Held-out,18.0,2.7741711065132595,0.693542776628315,0.2763686211765586,0.3650565002990998,0.4842135765892204,0.2060832044792333,0.0,0.0833333333333333,0.0563393322655091,0.0612394901423225,0.963383345094078,0.3694660754348176,0.0,147.31024276520773,0.2809170931001529,0.5
S1,2,W03_C2,KDE,15.0,1.4624728857411111,0.36561822143527767,0.4366593550221798,0.5059964934885379,0.33948257870099624,0.3484262626360235,0.13657407407407407,0.19375,0.04373113583240895,0.016974483790582,0.33268161408866836,0.24569094267783853,0.08333333333333333,10.195217732367084,0.20000996745997895,1.5
S1,2,W03_C2,Reference,14.0,2.8059685832401797,0.7014921458100448,0.23543142113687066,0.4059349417981571,0.49806060106870115,0.26347462920353765,0.11363636363636359,0.06944444444444439,0.051404504520442096,0.040715741813133255,0.39103966515851574,0.3603318779053841,0.375,2.6339516192365156,0.2820655363272548,0.375
S1,2,W03_C2,Reference (fracture-removed),13.0,2.8059685832401797,0.7014921458100448,0.241111609034351,0.4059349417981571,0.5482281558567994,0.26347462920353765,0.05902777777777775,0.051150895140664954,0.0426552044195799,0.0387876891724134,0.3559504236482852,0.3603318779053841,0.375,179.41632332009735,0.2582947278972514,0.25
S1,2,W03_C4,ADFNE,15.0,1.7903585731978644,0.4475896432994661,0.3781053220784867,0.4980850485557058,0.3651418494550237,0.4698380172304307,0.08928571428571425,0.16620689655172416,0.044105512052488555,0.0295711868866153,0.2770680084749777,0.2605948420575559,0.125,15.515214500328351,0.20997121988035378,1.125
S1,2,W03_C4,EVAE,13.5,1.945058815684803,0.4862647039212007,0.3530719811723755,0.44963481510171766,0.4599753691288389,0.3770747413572937,0.1304347826086956,0.11651583710407235,0.04530938435071635,0.01860248334851125,0.2947680491784218,0.23287215867042343,0.041666666666666664,27.061515552754514,0.21957333017940295,0.75
S1,2,W03_C4,Held-out,16.0,2.028111647786503,0.5070279119466257,0.2845958811818577,0.5980875441021954,0.5863964770902605,0.1341579385297531,0.1,0.0,0.0636971737953622,0.0414239688659001,0.4247620016149635,0.2186216914454797,0.0,4.817762744667817,0.2541253793442187,0.0
S1,2,W03_C4,KDE,15.0,1.7211807411797855,0.43029518529494637,0.40621002203104317,0.48465698219900777,0.33710542833267687,0.40028147118149593,0.1304347826086956,0.1967741935483871,0.04602649634692555,0.0316677706978247,0.35939571564643413,0.24613630620598664,0.125,6.146703242406283,0.2205442120323547,1.5
S1,2,W03_C4,Reference,14.0,2.1684011303752935,0.5421002825938234,0.32893028237761013,0.41583866435223765,0.47980867907809066,0.26009691482086833,0.054093567251461944,0.06512605042016804,0.052791769556135196,0.02142027270042425,0.38897216849981653,0.24895862931435764,0.125,2.987343699878909,0.22367876439464046,0.25
S1,2,W03_C4,Reference (fracture-removed),12.0,1.992305113568045,0.49807627839201124,0.332208621235871,0.41583866435223765,0.47980867907809066,0.26009691482086833,0.0263157894736842,0.051150895140664954,0.042132116986500004,0.02142027270042425,0.38157843298811933,0.24895862931435764,0.125,0.7038756719257759,0.21213786836383047,0.25
S1,2,W05_C2,ADFNE,15.0,2.1639283558581566,0.5409820889645391,0.3270178437204177,0.4662189143077594,0.45203833402074944,0.5255704995844852,0.1225,0.18990384615384615,0.04084161294798955,0.0436641991673139,0.3191692777455642,0.42304979777812235,0.16666666666666666,179.1683621989896,0.24065183802225076,1.375
S1,2,W05_C2,EVAE,14.0,2.0367118889491915,0.5091779722372979,0.3619322198174993,0.41906806953791975,0.4430336420157906,0.40849949733312607,0.1225,0.1428571428571428,0.053081343378411444,0.0177233826590273,0.40011803346398866,0.26184522957572187,0.041666666666666664,29.786721356603707,0.2274434986425528,0.875
S1,2,W05_C2,Held-out,20.0,3.200033847897087,0.8000084619742716,0.216832434577245,0.4141223593333744,0.4440453869702626,0.1762470299520221,0.0,0.08,0.0953869643048783,0.077115629247489,0.5474198368293121,0.5015472601921838,1.0,174.92526756094475,0.3204223736174378,0.5
S1,2,W05_C2,KDE,15.0,1.6591774830682346,0.41479437076705866,0.37151140108464586,0.5095585696230476,0.30919429688654626,0.4157595292784749,0.1225,0.16397849462365585,0.04628332525883855,0.02066358576645115,0.4365308903128903,0.27870066482928213,0.041666666666666664,16.34056466997875,0.2059116859356055,1.25
S1,2,W05_C2,Reference,18.5,3.1359381000157627,0.7839845250039406,0.2450064032246117,0.3135529945227308,0.480432486706727,0.3750153194650262,0.13961038961038955,0.09810874704491726,0.0896004390666911,0.0375446463326255,0.4828433137534872,0.2986957508560268,0.375,29.202481012793033,0.3012084342236106,0.8016211604095563
S1,2,W05_C2,Reference (fracture-removed),17.5,3.027566074881763,0.7568915187204407,0.2490986759676227,0.37710262550345297,0.480432486706727,0.265469065441373,0.12632135306553904,0.08114035087719296,0.0896004390666911,0.0375446463326255,0.4828433137534872,0.2986957508560268,0.25,21.882110358130596,0.3007480006952884,0.6766211604095563
S1,2,W05_C4,ADFNE,15.0,1.3685078380968796,0.34212695952421995,0.39705645293399044,0.6274041941343569,0.42520832366215566,0.4009097212815495,0.13339920948616596,0.13657407407407407,0.0341278401611748,0.022396428136129548,0.26026696239786223,0.25573981206600427,0.08333333333333333,179.69757799035554,0.18379222486640334,1.0
S1,2,W05_C4,EVAE,13.5,1.9632349630883215,0.49080874077208037,0.3573594985821496,0.4274075804757669,0.4047979959148256,0.38993793934267523,0.11651583710407235,0.1243589743589743,0.0477805863576307,0.0221014871117454,0.3165620523052082,0.3009170939671366,0.041666666666666664,27.74492384076975,0.2197880682575124,0.75
S1,2,W05_C4,Held-out,17.0,3.3560762197231147,0.8390190549307788,0.20797656326521,0.4059301334315932,0.7277095515332621,0.2308255735360017,0.15,0.0909090909090909,0.0945169134864371,0.0354742358329078,0.395066620876241,0.2551635213385644,1.0,26.16160818773397,0.2933439100894184,0.5
S1,2,W05_C4,KDE,15.0,1.7055691155344515,0.426392278883613,0.36361463056533183,0.5422262134079703,0.38201562935071387,0.4123979316690206,0.1225,0.1875,0.037106907372956646,0.02546207465148765,0.2976302875817113,0.28768407846622446,0.08333333333333333,0.30779308809913475,0.21750765802097236,1.375
S1,2,W05_C4,Reference,17.0,2.8095189439071238,0.702379735976781,0.25991950222084154,0.39396805472455343,0.39497665896900835,0.3058459475012234,0.15151515151515144,0.06512605042016804,0.0697827540608532,0.0254993405003807,0.5334537483400548,0.2077456313280851,0.375,20.940015795622255,0.290677627501706,0.25
S1,2,W05_C4,Reference (fracture-removed),14.0,2.739823129088925,0.684955782272231,0.2614217641775365,0.4190403240071364,0.39497665896900835,0.2932320694458942,0.1066433566433566,0.05572755417956655,0.0697827540608532,0.021765044519244603,0.5334537483400548,0.2077456313280851,0.25,13.020176563417692,0.2489700352962625,0.25
S1,2,W05_C6,ADFNE,15.0,1.578479803370719,0.3946199508426797,0.3791209553045535,0.49229949062867173,0.34731435687036516,0.38835581200276176,0.12,0.1569230769230769,0.03573703380687925,0.029102838432773552,0.27238073523082684,0.2517944461728879,0.041666666666666664,4.612114922969881,0.2070850440853547,1.0
S1,2,W05_C6,EVAE,14.0,1.8140366982606224,0.4535091745651556,0.3846795261833861,0.44263517092698734,0.3903320876994525,0.3814149421083157,0.10818713450292394,0.10263157894736841,0.0376964693046095,0.021490416630182647,0.3677156707051479,0.21890410902399882,0.041666666666666664,28.408760409675043,0.2057385898069669,0.625
S1,2,W05_C6,Held-out,18.0,2.557102480556893,0.6392756201392231,0.2506477068445518,0.4933341398838732,0.7951518846169815,0.1862716723251732,0.0909090909090909,0.0833333333333333,0.0204831304061705,0.0965163050924392,0.2568792631711546,0.5458630998668612,0.0,153.95783011006594,0.2848989415467777,0.5
S1,2,W05_C6,KDE,15.0,1.4323824773475051,0.3580956193368764,0.4449488141640868,0.5531670868893258,0.38116182052637926,0.3442671695011412,0.12771739130434778,0.15812500000000002,0.03890330171442885,0.02381884847032495,0.328865391454938,0.2648116697782359,0.08333333333333333,7.425635402303498,0.20288609423783024,1.125
S1,2,W05_C6,Reference,14.0,2.757003780545573,0.6892509451363933,0.2695280969743695,0.39396805472455343,0.46710333217829836,0.30723048547218956,0.10096153846153845,0.063894523326572,0.04986332421606495,0.03267389913752215,0.44053471226857865,0.20917350321748446,0.5,176.69197686838564,0.26933421254495227,0.375
S1,2,W05_C6,Reference (fracture-removed),14.0,2.6228830417026767,0.6557207604256692,0.2705309296864,0.41206184705017646,0.5019316470220856,0.32313586730945476,0.10096153846153845,0.063894523326572,0.04986332421606495,0.029260682146457502,0.44053471226857865,0.20917350321748446,0.5,0.15131928170546252,0.2476247704974193,0.375
S1,3,W01_C3,ADFNE,15.0,1.8492580564689631,0.4623145141172408,0.38861995295586504,0.4764160462608814,0.4162836222476458,0.41348894516728646,0.125,0.18303571428571425,0.0408752448386219,0.030519824310552453,0.28057968732234245,0.27495082730036546,0.08333333333333333,172.48894801544745,0.21867144444812586,1.5
S1,3,W01_C3,EVAE,13.0,1.8553048288234253,0.4638262072058563,0.34911669081351426,0.5151126392112185,0.46703869863921643,0.39885789110995307,0.08893280632411066,0.11805555555555555,0.02995764175232435,0.029015675504083148,0.2009189929910175,0.20863325095312735,0.041666666666666664,7.105053045802913,0.20565271277506125,0.75
S1,3,W01_C3,Held-out,8.0,2.473011213750038,0.6182528034375095,0.2735220744357678,0.4487152401240956,0.570136818331477,0.5725697622731107,0.0,0.2,0.0220941506785258,0.040510969752901,0.1432443723942035,0.5619532390731207,1.0,155.06443162974398,0.1809921391839573,0.5
S1,3,W01_C3,KDE,15.0,1.5612176984345365,0.3903044246086341,0.405971144170039,0.5202120842817116,0.31695476882717394,0.5186547524771827,0.11769230769230765,0.20344827586206896,0.0413928795890838,0.029866845613710002,0.41208094450773053,0.31425637617422286,0.125,174.3278961574999,0.20868257338704765,1.5
S1,3,W01_C3,Reference,11.0,2.1649506728644625,0.5412376682161156,0.3721004528555484,0.38453669512316635,0.5193142097998922,0.2582779587004679,0.02777777777777775,0.0669642857142857,0.02007207244283505,0.02110099258100455,0.1678913884752964,0.27740483869816784,0.125,152.83341054411196,0.22526471675947285,0.2869170984455959
S1,3,W01_C3,Reference (fracture-removed),11.0,2.1649506728644625,0.5412376682161156,0.38489525045468953,0.38453669512316635,0.5193142097998922,0.28964728765052417,0.02777777777777775,0.0669642857142857,0.02007207244283505,0.02110099258100455,0.1678913884752964,0.27740483869816784,0.125,151.3908110903525,0.22526471675947285,0.2869170984455959
S1,3,W03_C3,ADFNE,15.0,1.5125924688238337,0.3781481172059584,0.42130306190758826,0.5193690439038561,0.278356626482136,0.4159844102766502,0.12132352941176469,0.16620689655172416,0.03271080356527965,0.028419584899856902,0.30675200260948576,0.2467727084257405,0.08333333333333333,172.7694320081727,0.1936692264181623,1.125
S1,3,W03_C3,EVAE,14.0,1.9112619895190104,0.47781549737975254,0.3426222070105406,0.4718340129715771,0.44935642703947104,0.40412184421918235,0.1,0.1132478632478632,0.04352606827007775,0.0239372788969466,0.31557008993171265,0.26091946446438496,0.0,15.09461746547312,0.21699360075946544,0.75
S1,3,W03_C3,Held-out,18.0,2.6509783985517004,0.6627445996379252,0.2410395938150087,0.4961668320116669,0.5129139139896507,0.1597528729226641,0.0909090909090909,0.0833333333333333,0.0437527806027826,0.0676416472947454,0.452152564210886,0.2560050224389531,0.0,178.58519274701982,0.3031871979048064,0.5
S1,3,W03_C3,KDE,15.0,1.629176469294694,0.4072941173236735,0.40788838777646086,0.5058586808454382,0.35690195109010037,0.401413670527377,0.12,0.20606060606060606,0.042352317418402396,0.031127142192957,0.3185200244273835,0.27513404299001676,0.08333333333333333,179.35616155013923,0.2157936226366072,1.5
S1,3,W03_C3,Reference,13.0,2.548139647030146,0.6370349117575363,0.2804822511792081,0.38453669512316635,0.48254304429124134,0.26347462920353765,0.02777777777777775,0.0714285714285714,0.05976424798768745,0.0324621531618324,0.4735781131820235,0.3028308782644821,0.25,172.03453001185437,0.2524795741443331,0.25
S1,3,W03_C3,Reference (fracture-removed),11.5,2.5352674981367933,0.6338168745341983,0.30206823312004116,0.38453669512316635,0.48254304429124134,0.26347462920353765,0.02777777777777775,0.0714285714285714,0.041810760706952346,0.027315648259375998,0.39431708704095736,0.3028308782644821,0.25,169.94271098002332,0.23778544165486776,0.25
S1,3,W03_C5,ADFNE,15.0,1.704360947741017,0.42609023693525416,0.3728806813564234,0.507579979450243,0.3545179176428601,0.5202638194393145,0.12,0.1333333333333333,0.03924337264235115,0.0309221096499436,0.3174302780913859,0.266049866805974,0.125,1.5612590830682247,0.20128365007273835,1.0
S1,3,W03_C5,EVAE,13.5,1.8209261913939303,0.45523154784848263,0.3806449557221194,0.46405368717840273,0.4133327070345376,0.30353937767864847,0.0526315789473684,0.0952380952380952,0.030194623146638802,0.016519956247721748,0.2982908558417434,0.17996208443202225,0.041666666666666664,18.7684406794051,0.20429753953401414,0.5
S1,3,W03_C5,Held-out,14.0,1.7448444917332342,0.4362111229333085,0.3341890091499694,0.5719264145740023,0.5143653552131008,0.1446783569935598,0.0,0.0,0.0620529887384773,0.0138889692256045,0.399295324585619,0.2272929780293677,0.0,14.039390747471144,0.2226204144239929,0.0
S1,3,W03_C5,KDE,15.0,1.629149159786019,0.4072872899465047,0.4036998861288925,0.5311465195480108,0.3467961438892634,0.4278365883227608,0.13068181818181815,0.17914438502673796,0.039053511870417154,0.0307759851392789,0.2631719998639608,0.27950709035235266,0.041666666666666664,174.77055213029635,0.2162596099511443,1.5
S1,3,W03_C5,Reference,14.0,1.992305113568045,0.49807627839201124,0.3628111779393966,0.42790238618758425,0.44095339904474373,0.24029165877104247,0.057565789473684195,0.06512605042016804,0.057581833784287495,0.01795705242492905,0.3785747194693785,0.18088352770836724,0.25,18.657299584840512,0.21387931244890565,0.25
S1,3,W03_C5,Reference (fracture-removed),12.5,1.7037552315508688,0.42593880788771715,0.37670497071893244,0.42790238618758425,0.44095339904474373,0.24029165877104247,0.057565789473684195,0.06512605042016804,0.0356997146087441,0.01795705242492905,0.35907301376288475,0.18088352770836724,0.25,12.939616707706403,0.2060085977585303,0.25
S1,3,W05_C3,ADFNE,15.0,1.904138001893671,0.4760345004734179,0.3614471925538659,0.4937610435598037,0.41352911291117345,0.4329314928200729,0.1031468531468531,0.19375,0.037766492922954295,0.03490658798341635,0.35255959360933287,0.24816073672990085,0.08333333333333333,176.12554788841513,0.22126080847621055,1.5
S1,3,W05_C3,EVAE,15.0,2.2537029429055346,0.5634257357263837,0.32760002038890956,0.4314143142350361,0.5010316970771896,0.4079793983076408,0.12916666666666665,0.1200716845878136,0.06345166648054976,0.02186999404796295,0.4997932399238122,0.25397014241360966,0.08333333333333333,31.171997019393164,0.2555010431525703,0.75
S1,3,W05_C3,Held-out,17.0,3.072389215862135,0.7680973039655337,0.310504709667635,0.2773513786900107,0.2936023273856929,0.4534208551014889,0.1666666666666666,0.1428571428571428,0.0573048545056561,0.039006573987589,0.414924406405552,0.3687798568641662,1.0,52.882416908330455,0.3008640332380382,0.75
S1,3,W05_C3,KDE,15.0,1.580973346460897,0.3952433366152242,0.3893156662082113,0.5371847376303641,0.42486651801610453,0.37705479990350876,0.11607142857142855,0.15877016129032256,0.0325943947159357,0.03154219410083835,0.2679101447589193,0.2982080782307355,0.041666666666666664,178.39360014711727,0.21200028013761035,1.25
S1,3,W05_C3,Reference,19.0,3.019657263657699,0.7549143159144247,0.2346162020936072,0.41002624638248375,0.47736825132392924,0.3058459475012234,0.1464285714285714,0.08545454545454545,0.09281093879306926,0.03829293130635405,0.5528430771629331,0.3348636445502827,0.375,20.584145533443735,0.3007480006952884,0.6766211604095563
S1,3,W05_C3,Reference (fracture-removed),17.5,2.9247710793721957,0.7311927698430489,0.2397078876499428,0.42637363154713337,0.47736825132392924,0.3058459475012234,0.16233766233766228,0.075187969924812,0.09230455593430625,0.032074444543710195,0.5528430771629331,0.3348636445502827,0.375,20.712929915217384,0.299159275992924,0.5516211604095563
S1,3,W05_C5,ADFNE,15.0,1.5533540669057473,0.3883385167264367,0.3842466363831833,0.5339217781409469,0.4058106053346836,0.38090366114913765,0.13961038961038955,0.1787994891443167,0.03461327609231075,0.030424662397049898,0.2934866947314755,0.2995330345494172,0.125,173.32600648449514,0.19853324304772424,1.25
S1,3,W05_C5,EVAE,14.0,1.8989657534421454,0.4747414383605364,0.3618265797416068,0.4866871289800894,0.44288536532830913,0.3617041415984912,0.08893280632411066,0.100250626566416,0.041101241414488704,0.02063835637685705,0.29918422786603843,0.2359007330413139,0.041666666666666664,21.676357115529616,0.2146455113139352,0.5
S1,3,W05_C5,Held-out,17.0,3.2400851453022432,0.8100212863255607,0.2244846854006116,0.3795258005758357,0.5300384239885594,0.2681438705749481,0.3333333333333333,0.0454545454545454,0.0602247414968194,0.0283876546619062,0.9969327610497372,0.193023471942924,1.0,23.78912316919389,0.2829798691989578,0.25
S1,3,W05_C5,KDE,15.0,1.5614976608339584,0.3903744152084895,0.4174260956957787,0.5194224337973514,0.42487363333695366,0.34436067366120204,0.1428571428571428,0.15877016129032256,0.043095044683054154,0.031519764328931346,0.3216156186021995,0.3075858451426458,0.08333333333333333,0.3738475451506782,0.2114868446410496,1.25
S1,3,W05_C5,Reference,14.0,2.8095189439071238,0.702379735976781,0.25573726737583624,0.4071702211524322,0.44095339904474373,0.3024682331185541,0.10795454545454544,0.0871212121212121,0.0668096804896125,0.032453153318915004,0.3546206038826558,0.31007603148401974,0.5,10.594350955411015,0.27433901876360994,0.5
S1,3,W05_C5,Reference (fracture-removed),13.5,2.8095189439071238,0.702379735976781,0.260418931465506,0.4276490919400948,0.44095339904474373,0.3024682331185541,0.11513157894736839,0.06512605042016804,0.0668096804896125,0.025623872506938802,0.3546206038826558,0.31007603148401974,0.5,11.025696814722467,0.25023230558492093,0.25
S1,3,W05_C7,ADFNE,15.0,1.9530781860820716,0.4882695465205179,0.358204255698744,0.4805621337505785,0.34087778448324824,0.47574658998377584,0.13068181818181815,0.1702898550724637,0.03490110797070945,0.0351958062061399,0.2687319800317033,0.3160145283871798,0.125,170.69331017800175,0.22241449515003206,1.25
S1,3,W05_C7,EVAE,12.5,1.7804797778386776,0.4451199444596694,0.357319852240697,0.5032047763156644,0.4555766215766375,0.357106132735192,0.0555555555555555,0.09838709677419355,0.0307705640066192,0.025150525290977,0.22891708220745915,0.23315362779022686,0.08333333333333333,3.3157568245147346,0.20062134525416986,0.5
S1,3,W05_C7,Held-out,18.0,2.7342503526952093,0.6835625881738023,0.2909343696958618,0.3499257523500598,0.1413631618155267,0.2763870431877996,0.1428571428571428,0.0869565217391304,0.0395437434742302,0.0379559433790681,0.6817910331865146,0.2320354853254588,0.0,171.31379241478504,0.2748893291094624,0.5
S1,3,W05_C7,KDE,15.0,1.7435248787131883,0.43588121967829696,0.414750547069637,0.49028475747599265,0.3282053740663665,0.4500553661687873,0.12,0.1748991935483871,0.03212665122010975,0.035148524474784004,0.3151359299858535,0.2760416558219917,0.125,167.24547493847538,0.21112996925211175,1.375
S1,3,W05_C7,Reference,12.5,2.4542123031809444,0.613553075795236,0.27241249542362167,0.44523897875788104,0.6063475121627069,0.37885523210946825,0.10795454545454544,0.10357142857142855,0.030388129789987,0.0326887634761095,0.2739915023465092,0.2708881120924021,0.25,163.36483873780892,0.2717050321651347,0.5
S1,3,W05_C7,Reference (fracture-removed),12.0,2.2475928787427653,0.5618982196856914,0.27994330855480143,0.48087031701877914,0.6063475121627069,0.3376239888485312,0.0764411027568922,0.08448275862068966,0.030388129789987,0.0326887634761095,0.2739915023465092,0.2708881120924021,0.25,164.87766042520528,0.23799629393150007,0.2672070534698521
S2,0,W00_C1,ADFNE,11.0,1.5495385925493832,0.38738464813734574,0.4186743927145389,0.5041391587024973,0.3548746161549017,0.5162392788288611,0.0645833333333333,0.16228070175438591,0.044698594699932356,0.02848336759198955,0.3649099050484084,0.2525702816599341,0.125,1.719272306488063,0.19419005560772862,0.9715025906735753
S2,0,W00_C1,EVAE,10.5,1.7055054864632249,0.4263763716158062,0.3388012661078301,0.513826186912209,0.4290535579793428,0.4166100834805586,0.057565789473684195,0.1538461538461538,0.04699473186996385,0.02909026659844725,0.1947613228167093,0.27098334156356024,0.041666666666666664,11.288182408923108,0.20306546271494555,0.6476683937823834
S2,0,W00_C1,Held-out,26.0,2.127948905056275,0.5319872262640687,0.3334765077809209,0.4266462166894018,0.3430438176478753,0.0835662517086277,0.0652173913043478,0.0416666666666666,0.0628507571382443,0.0899718037211525,0.5173658499318055,0.4770212523814853,0.0,152.41342721378425,0.3688649308391816,0.6476683937823834
S2,0,W00_C1,KDE,11.0,1.5555620626923476,0.3888905156730869,0.40250358999496183,0.523630079374542,0.3286662088331218,0.46236671944350455,0.12916666666666665,0.200501253132832,0.0425119552858751,0.032966302830503905,0.3013609717959491,0.33208558142985684,0.125,4.9697511959706695,0.21285961128563086,1.2953367875647668
S2,0,W00_C1,Reference,10.5,2.4064992534620533,0.6016248133655133,0.3206808875358022,0.38453669512316635,0.637828897235148,0.25516813443515224,0.0,0.0357142857142857,0.0140169243565103,0.02124303570941965,0.12006993579659514,0.31293969918894976,0.375,152.95037739119275,0.2216701915407114,0.125
S2,0,W00_C1,Reference (fracture-removed),10.5,2.4064992534620533,0.6016248133655133,0.3206808875358022,0.38453669512316635,0.637828897235148,0.25516813443515224,0.0,0.0357142857142857,0.0140169243565103,0.02124303570941965,0.12006993579659514,0.31293969918894976,0.375,152.95037739119275,0.2216701915407114,0.125
S2,0,W00_C2,ADFNE,11.0,1.5856831630556631,0.3964207907639158,0.41609913599908366,0.5021460706391201,0.375401820088294,0.5032282287302041,0.11437908496732024,0.1428571428571428,0.04280250174066065,0.03591920789065245,0.3638741577813649,0.2366302504898195,0.08333333333333333,169.7722432253321,0.195326423877143,0.9715025906735753
S2,0,W00_C2,EVAE,11.0,2.0005968928808375,0.5001492232202094,0.34732082342702475,0.4761938504018868,0.3925173407845455,0.41376193683228185,0.0801282051282051,0.13809523809523805,0.048173851548524105,0.02649054391086965,0.21864947136671437,0.2589198536830398,0.125,18.61958405109142,0.2192337636778794,0.6476683937823834
S2,0,W00_C2,Held-out,20.0,2.1362723113217528,0.5340680778304382,0.3280058069796953,0.4334779931356589,0.3066846132289932,0.3748096399514923,0.1176470588235294,0.081081081081081,0.0478742673715611,0.0831570976696764,0.1770605399099769,0.3051945879440586,0.0,158.0607036864286,0.3247269720332753,0.9715025906735753
S2,0,W00_C2,KDE,11.0,1.5042741583571348,0.3760685395892837,0.45943885009760765,0.5432909439614382,0.37220390496146083,0.4186633141494229,0.1176470588235294,0.1818181818181818,0.03791470199919475,0.02664334744496645,0.3158853322872429,0.19633286809954292,0.08333333333333333,176.21371422681963,0.20387648681213416,1.2953367875647668
S2,0,W00_C2,Reference,10.5,2.4064992534620533,0.6016248133655133,0.3206808875358022,0.38453669512316635,0.637828897235148,0.25516813443515224,0.0,0.0357142857142857,0.0140169243565103,0.02124303570941965,0.12006993579659514,0.31293969918894976,0.375,152.95037739119275,0.2216701915407114,0.125
S2,0,W00_C2,Reference (fracture-removed),10.5,2.4064992534620533,0.6016248133655133,0.3206808875358022,0.38453669512316635,0.637828897235148,0.25516813443515224,0.0,0.0357142857142857,0.0140169243565103,0.02124303570941965,0.12006993579659514,0.31293969918894976,0.375,152.95037739119275,0.2216701915407114,0.125
S2,0,W00_C3,ADFNE,11.0,1.546486952210172,0.38662173805254296,0.42085227297159394,0.5486591448185728,0.31929046185622667,0.437355357532232,0.07179487179487175,0.1666666666666666,0.03931281262046055,0.029953906942808348,0.36359422733580826,0.26134293103781703,0.20833333333333334,171.80162824498086,0.196574796945711,0.9715025906735753
S2,0,W00_C3,EVAE,10.5,1.8772167787533327,0.4693041946883332,0.3519252429181583,0.4782496950564039,0.399881532780866,0.4764173749133759,0.0769230769230769,0.1483516483516483,0.045477771218866744,0.019441772425204597,0.2651949825117421,0.1890098543134498,0.08333333333333333,15.90928793089776,0.20775846427825728,0.8095854922279793
S2,0,W00_C3,Held-out,11.0,2.1936290344071723,0.5484072586017931,0.4870201084231914,0.2947729862789924,0.5391848125170403,0.3301861325767052,0.0,0.0625,0.028437402200564,0.0155581656354339,0.2195042132913443,0.3086373618680074,0.0,68.05958381491664,0.2257923191536577,0.3238341968911917
S2,0,W00_C3,KDE,11.0,1.6128572888258388,0.4032143222064596,0.4167754187174495,0.47202661748610925,0.33810036639969715,0.4743718856456456,0.13809523809523805,0.19090909090909092,0.04058509747221875,0.0239073930252205,0.33739702633316765,0.24463618202866688,0.125,5.537968855512794,0.2125094867421991,1.2953367875647668
S2,0,W00_C3,Reference,10.5,2.4064992534620533,0.6016248133655133,0.3206808875358022,0.38453669512316635,0.637828897235148,0.25516813443515224,0.0,0.0357142857142857,0.0140169243565103,0.02124303570941965,0.12006993579659514,0.31293969918894976,0.375,152.95037739119275,0.2216701915407114,0.125
S2,0,W00_C3,Reference (fracture-removed),10.5,2.4064992534620533,0.6016248133655133,0.3206808875358022,0.38453669512316635,0.637828897235148,0.25516813443515224,0.0,0.0357142857142857,0.0140169243565103,0.02124303570941965,0.12006993579659514,0.31293969918894976,0.375,152.95037739119275,0.2216701915407114,0.125
S2,0,W00_C4,ADFNE,11.0,1.3989114562659126,0.34972786406647816,0.45787524652023104,0.4877919587511187,0.49610775881325403,0.4639873544759002,0.07179487179487175,0.14561403508771925,0.03854920420044905,0.034578589521282746,0.2721755220015952,0.2279080543278503,0.16666666666666666,154.48194318056358,0.19678610909656263,0.8095854922279793
S2,0,W00_C4,EVAE,10.0,1.773723182515494,0.4434307956288734,0.34406275067519176,0.4698641963147867,0.42311390585746395,0.44783798973237265,0.069047619047619,0.17156862745098034,0.038522535943647795,0.02607617281668295,0.2429024161537013,0.2949694371749352,0.0,15.82997261754794,0.21020452124910438,0.9715025906735753
S2,0,W00_C4,Held-out,15.0,2.31383401834778,0.578458504586945,0.4227428575796079,0.3058985385264095,0.4994436070827441,0.236559123109143,0.1153846153846153,0.0714285714285714,0.0622401358086479,0.0066201807389651,0.2529711953384259,0.1395259156843745,0.0,59.92578203552806,0.2889509576183651,0.6476683937823834
S2,0,W00_C4,KDE,11.0,1.3938167491060431,0.3484541872765108,0.42527989742246974,0.5534661730115755,0.334420054728655,0.4433996096776526,0.0714285714285714,0.1659090909090909,0.04042653447058285,0.02282353974660495,0.2579615008104206,0.22860189821106744,0.125,170.80723662555692,0.18966356594110223,1.133419689119171
S2,0,W00_C4,Reference,10.5,2.16389127636682,0.5409728190917049,0.3721004528555484,0.39940634336320374,0.637828897235148,0.25516813443515224,0.0,0.0357142857142857,0.0140169243565103,0.021871272488907897,0.12006993579659514,0.2517910523370368,0.375,142.2592365520233,0.21073255402575947,0.125
S2,0,W00_C4,Reference (fracture-removed),10.5,2.16389127636682,0.5409728190917049,0.3721004528555484,0.39940634336320374,0.637828897235148,0.25516813443515224,0.0,0.0357142857142857,0.0140169243565103,0.021871272488907897,0.12006993579659514,0.2517910523370368,0.375,142.2592365520233,0.21073255402575947,0.125
S2,0,W00_C5,ADFNE,11.0,1.4889190924297107,0.37222977310742766,0.40249713414081456,0.5588303671787862,0.46379526180672653,0.4151572525641317,0.10049019607843135,0.1428571428571428,0.04278775269575755,0.02847181494856965,0.37408525552755945,0.2600238715079012,0.125,175.12545918405928,0.19019770875596081,0.9715025906735753
S2,0,W00_C5,EVAE,10.0,1.817218113864405,0.4543045284661013,0.3563286568772982,0.5113202313637939,0.3847060420138595,0.37767072488756953,0.0333333333333333,0.1538461538461538,0.041643471730737056,0.027422820609949397,0.20245368255206037,0.23759310250496404,0.0,10.906301952991948,0.2066224346663636,0.6476683937823834
S2,0,W00_C5,Held-out,11.0,0.9292836534959056,0.2323209133739764,0.4710078939521343,0.7481621310295666,0.5573567919403946,0.3646591849025273,0.0526315789473684,0.05,0.0268620967031747,0.0259843056556057,0.134257321192142,0.5955910092488952,0.0,172.5872770024889,0.1688053163638422,0.3238341968911917
S2,0,W00_C5,KDE,11.0,1.6720364579430482,0.41800911448576206,0.3798573389320704,0.5499724226945649,0.4642217627168672,0.42075494018550874,0.1176470588235294,0.15,0.03998533727521125,0.02505030876946215,0.3308098365051758,0.23298279181570986,0.20833333333333334,1.56375828786315,0.21678919933296759,0.9715025906735753
S2,0,W00_C5,Reference,11.0,1.9871957672317693,0.49679894180794226,0.3891560026744013,0.42790238618758425,0.637828897235148,0.22674431720400917,0.0,0.0,0.0140169243565103,0.020741415887309447,0.1262036656949501,0.2517910523370368,0.25,135.20717509370593,0.2060085977585303,0.0
S2,0,W00_C5,Reference (fracture-removed),11.0,1.9871957672317693,0.49679894180794226,0.3891560026744013,0.42790238618758425,0.637828897235148,0.22674431720400917,0.0,0.0,0.0140169243565103,0.020741415887309447,0.1262036656949501,0.2517910523370368,0.25,135.20717509370593,0.2060085977585303,0.0
S2,0,W00_C6,ADFNE,11.0,1.487712697282885,0.3719281743207211,0.41942161698783786,0.5710771018843204,0.40585547674007283,0.4826577343157389,0.10818713450292394,0.1578947368421052,0.04019448489792595,0.027453514471585602,0.3347348435967399,0.24816445436618023,0.20833333333333334,0.2884500553085655,0.18804060772200382,0.9715025906735753
S2,0,W00_C6,EVAE,11.0,1.8113290428979352,0.4528322607244838,0.3582891364740862,0.4525457886196764,0.28767615949675707,0.4129071237172383,0.07417582417582415,0.1666666666666666,0.042806799339525095,0.021208421934546848,0.22575080999916716,0.20974615627531246,0.0,24.200877723769374,0.20265540618213035,0.6476683937823834
S2,0,W00_C6,Held-out,12.0,1.0209629526517665,0.2552407381629415,0.4312757563393903,0.7781963331290596,0.6479958844633342,0.3625215761686894,0.2352941176470588,0.0555555555555555,0.0236317863267051,0.0105378685328585,0.1533150743503255,0.1954668345678696,0.0,2.956135250799776,0.1601634676878232,0.3238341968911917
S2,0,W00_C6,KDE,11.0,1.4706358914025677,0.36765897285064186,0.3968573525875791,0.5344618832042378,0.40580574151897564,0.4077905706529757,0.11437908496732024,0.16228070175438591,0.036043744730187954,0.028525577118465102,0.35585771741899735,0.2976032916026438,0.041666666666666664,168.58914523898787,0.1986504942377162,0.9715025906735753
S2,0,W00_C6,Reference,11.5,1.7031557392230665,0.42578893480576663,0.3891560026744013,0.4476049732909899,0.6245408098235858,0.22674431720400917,0.0263157894736842,0.0,0.0184079262416792,0.0204888403550924,0.1613444430660026,0.20049279465197245,0.125,144.67341595521592,0.1919269892596707,0.0
S2,0,W00_C6,Reference (fracture-removed),11.5,1.7031557392230665,0.42578893480576663,0.3891560026744013,0.4476049732909899,0.6245408098235858,0.22674431720400917,0.0263157894736842,0.0,0.0184079262416792,0.0204888403550924,0.1613444430660026,0.20049279465197245,0.125,144.67341595521592,0.1919269892596707,0.0
S2,0,W00_C7,ADFNE,11.0,1.4134973055687488,0.353374326392187,0.4207250192370212,0.5643798812757697,0.4136292613981042,0.47713676152099616,0.0666666666666666,0.16228070175438591,0.03340677675871405,0.0304046983794203,0.29557336240804777,0.3218282799948413,0.16666666666666666,167.02580880994796,0.1872570483459596,0.9715025906735753
S2,0,W00_C7,EVAE,10.0,1.8131853244926222,0.4532963311231556,0.3620173581392868,0.4459544557468889,0.3891844396738158,0.3672697542564728,0.0769230769230769,0.13961038961038955,0.04676980088990635,0.021292319810328197,0.334906117380925,0.2347305683952993,0.0,21.871942525362893,0.20235073549433774,0.6476683937823834
S2,0,W00_C7,Held-out,18.0,1.6320734904733725,0.4080183726183432,0.3838216178443786,0.5106527047315423,0.5205237722505354,0.2189966546882381,0.1034482758620689,0.09375,0.0267413297333457,0.0610436780936641,0.2127091785995842,0.3317379728842601,0.0,149.50362996503202,0.2729164640786162,0.9715025906735753
S2,0,W00_C7,KDE,11.0,1.290374659204046,0.3225936648010115,0.43666199228299074,0.5440558081739602,0.3514394705532141,0.3873232405485003,0.12916666666666665,0.1702898550724637,0.0368459304462397,0.024616554231624503,0.3070696169103392,0.2523819738691613,0.08333333333333333,178.71867343800923,0.19005408847221084,1.2953367875647668
S2,0,W00_C7,Reference,13.0,1.5475585274896626,0.38688963187241565,0.4558700440976017,0.42790238618758425,0.4022342116958697,0.2200508837215891,0.0,0.0490430622009569,0.023257132263862453,0.0117887466476512,0.22146191710441035,0.15932319361600855,0.125,125.63037376814893,0.1973742500357894,0.25
S2,0,W00_C7,Reference (fracture-removed),13.0,1.5475585274896626,0.38688963187241565,0.4558700440976017,0.42790238618758425,0.4022342116958697,0.2200508837215891,0.0,0.0490430622009569,0.023257132263862453,0.0117887466476512,0.22146191710441035,0.15932319361600855,0.125,125.63037376814893,0.1973742500357894,0.25
S2,0,W00_C8,ADFNE,11.0,1.8133811448692003,0.4533452862173002,0.38028659039410273,0.5241381779927771,0.38360582242024766,0.42644647671377056,0.11805555555555555,0.17708333333333331,0.0358598160292619,0.02962329735117095,0.2797561304717042,0.25261841708111443,0.16666666666666666,175.71018756721327,0.20576355682740372,0.9715025906735753
S2,0,W00_C8,EVAE,10.0,1.8699632999519933,0.46749082498799843,0.35001982720273017,0.4718832792467844,0.4019140778078194,0.38284820094107147,0.09545454545454546,0.1602564102564102,0.04401359027478455,0.02486920558844945,0.286912762953348,0.2294477448382515,0.041666666666666664,19.904615689221455,0.20469197092381644,0.8095854922279793
S2,0,W00_C8,Held-out,13.0,2.5965465566548294,0.6491366391637075,0.3235035367646722,0.3347292121247301,0.8294990930910283,0.2260330603823896,0.05,0.0,0.0,0.0733034457902629,0.0,0.4981146140850495,0.0,135.87794749310768,0.290401262649244,0.0
S2,0,W00_C8,KDE,11.0,1.469424993855499,0.3673562484638747,0.44988678573216256,0.4875294472955539,0.5049708231951018,0.34249444486901315,0.10818713450292394,0.19112318840579706,0.035971731103156254,0.026614599101802097,0.33133185315431163,0.23644800382932757,0.125,163.4224474772529,0.21276889052413334,1.2953367875647668
S2,0,W00_C8,Reference,13.0,1.5475585274896626,0.38688963187241565,0.4558700440976017,0.42790238618758425,0.4022342116958697,0.2200508837215891,0.0,0.0490430622009569,0.023257132263862453,0.0117887466476512,0.22146191710441035,0.15932319361600855,0.125,125.63037376814893,0.1973742500357894,0.25
S2,0,W00_C8,Reference (fracture-removed),13.0,1.5475585274896626,0.38688963187241565,0.4558700440976017,0.42790238618758425,0.4022342116958697,0.2200508837215891,0.0,0.0490430622009569,0.023257132263862453,0.0117887466476512,0.22146191710441035,0.15932319361600855,0.125,125.63037376814893,0.1973742500357894,0.25
S2,1,W01_C1,ADFNE,16.0,1.6399891799177246,0.40999729497943116,0.37877016483951426,0.5283679347270384,0.37584144014299503,0.41766440129682253,0.1225,0.1905241935483871,0.04573056462274985,0.0281314467803584,0.35299031249085977,0.24324399530892243,0.0,178.19255376744908,0.2111462997957202,1.5
S2,1,W01_C1,EVAE,15.0,2.1786111385213687,0.544652784630342,0.3486956899807405,0.4202737402659235,0.33926318303147407,0.594555543056142,0.1317663817663817,0.1785714285714285,0.042840036618897945,0.0317128550239557,0.2788221792175767,0.24644088789361154,0.041666666666666664,148.62696880204834,0.23800655657821645,1.25
S2,1,W01_C1,Held-out,11.0,2.779587495316453,0.6948968738291132,0.4700540612049844,0.2359185548376953,0.8030327767853103,0.2215596288195491,0.0,0.0,0.0,0.0204507944769538,0.0,0.4427906095144321,1.0,116.4870277948908,0.2417429779733256,0.0
S2,1,W01_C1,KDE,16.0,1.628880751631204,0.4072201879078011,0.4208111236342505,0.4979602594953503,0.3729825812900107,0.4196079496134051,0.1111111111111111,0.18500948766603414,0.0425251128310883,0.03737145213409285,0.306664186498068,0.3087547228782779,0.08333333333333333,6.142551654567648,0.21985622310596575,1.5
S2,1,W01_C1,Reference,15.0,2.2668081637906203,0.5667020409476551,0.32276784320094615,0.3772795605541115,0.4750791877846568,0.2802628035776085,0.06038647342995165,0.0717905405405405,0.04449943938694695,0.06992759668900894,0.29855302038687337,0.395580749971411,0.125,157.29084797235345,0.2659266687879039,0.5738341968911918
S2,1,W01_C1,Reference (fracture-removed),15.0,2.2668081637906203,0.5667020409476551,0.32276784320094615,0.3772795605541115,0.4750791877846568,0.2802628035776085,0.06038647342995165,0.0717905405405405,0.04449943938694695,0.06992759668900894,0.29855302038687337,0.395580749971411,0.125,157.29084797235345,0.2659266687879039,0.5738341968911918
S2,1,W01_C2,ADFNE,16.0,1.63182586208476,0.40795646552119,0.4207623605456819,0.4885392074347197,0.3582689382542834,0.47300902143293755,0.1112637362637362,0.1744421906693712,0.03984814822606915,0.0305853220713592,0.376451077735816,0.2633388412817663,0.08333333333333333,175.65227588014582,0.20871769756879505,1.375
S2,1,W01_C2,EVAE,15.0,2.1398301387278718,0.534957534681968,0.3559921395403114,0.40036212868364596,0.31081281626607626,0.5901754064413312,0.0910973084886128,0.16,0.03572084681642655,0.032151841689588796,0.2589979518469393,0.2403659656212211,0.08333333333333333,138.40121920127962,0.23375693637904393,1.125
S2,1,W01_C2,Held-out,10.0,1.986596274903967,0.4966490687259918,0.2720153234947631,0.6923890823679083,0.7152843056601133,0.2799967942917927,0.0833333333333333,0.0,0.0,0.0193484508645319,0.0,0.2985666554356243,0.0,0.24723420563105938,0.1734508561834682,0.0
S2,1,W01_C2,KDE,16.0,1.7054238606838752,0.4263559651709688,0.40098505020561026,0.5243910392323161,0.32658211866347825,0.4005153300009977,0.12896551724137928,0.169047619047619,0.0376083917919104,0.0327509144109079,0.3029106928536262,0.29273539212688515,0.08333333333333333,2.636322266655082,0.21648415091813794,1.5
S2,1,W01_C2,Reference,13.0,2.253731526377476,0.563432881594369,0.35065810420837873,0.3637206719664979,0.48269420303141863,0.2833726278429241,0.06038647342995165,0.0714285714285714,0.0383874214104424,0.0434358783123812,0.21742208955602774,0.3480839874736552,0.125,152.40514923944144,0.2698923632814063,0.6476683937823834
S2,1,W01_C2,Reference (fracture-removed),13.0,2.253731526377476,0.563432881594369,0.35065810420837873,0.3637206719664979,0.48269420303141863,0.2833726278429241,0.06038647342995165,0.0714285714285714,0.0383874214104424,0.0434358783123812,0.21742208955602774,0.3480839874736552,0.125,152.40514923944144,0.2698923632814063,0.6476683937823834
S2,1,W01_C3,ADFNE,16.0,1.5752101569676529,0.3938025392419132,0.38351584993371,0.48975163129092913,0.33948178590050326,0.43751788833944005,0.13188405797101443,0.18981481481481474,0.0463011341611491,0.03466157895832565,0.401893129459754,0.26751599860968733,0.041666666666666664,9.725338324818917,0.20947353969220234,1.5
S2,1,W01_C3,EVAE,15.0,2.0934419237301696,0.5233604809325425,0.34756363068961493,0.4131196759671514,0.4411495854641087,0.48815101679909256,0.10317460317460315,0.14039408866995068,0.03982605252261645,0.036336804098964504,0.28260795433234587,0.2754488531977991,0.08333333333333333,162.20635430033184,0.23149705633142953,0.875
S2,1,W01_C3,Held-out,8.0,2.473011213750038,0.6182528034375095,0.2735220744357678,0.4487152401240956,0.570136818331477,0.5725697622731107,0.0,0.2,0.0225312089374878,0.0405536017689198,0.1628491802023513,0.6152676923777545,1.0,155.06443162974398,0.1809921391839573,0.5
S2,1,W01_C3,KDE,16.0,1.7575197437549375,0.43937993593873437,0.38544059018421933,0.4692795313759952,0.3378059550176971,0.3572412103427868,0.16,0.2001633986928104,0.04204393202497765,0.0318986860539109,0.3597489667264011,0.3345151312971087,0.0,4.645209303126465,0.23433107263037084,1.7500000000000002
S2,1,W01_C3,Reference,11.5,2.1649506728644625,0.5412376682161156,0.38489525045468953,0.38453669512316635,0.48269420303141863,0.2833726278429241,0.054093567251461944,0.0669642857142857,0.027809382361606,0.038834094108441,0.16783595566544554,0.3480839874736552,0.125,149.25390175161354,0.23831304404905257,0.4857512953367875
S2,1,W01_C3,Reference (fracture-removed),11.5,2.1649506728644625,0.5412376682161156,0.38489525045468953,0.38453669512316635,0.48269420303141863,0.2833726278429241,0.054093567251461944,0.0669642857142857,0.027809382361606,0.038834094108441,0.16783595566544554,0.3480839874736552,0.125,149.25390175161354,0.23831304404905257,0.4857512953367875
S2,1,W01_C4,ADFNE,16.0,1.6846161540879594,0.42115403852198985,0.41322563619383457,0.5072972730259921,0.35957394647559254,0.404870399809215,0.12771739130434778,0.16954022988505746,0.037323361473897754,0.0337878944557401,0.31827549931051347,0.2898864641852018,0.125,171.92406708253128,0.21494441055772345,1.25
S2,1,W01_C4,EVAE,15.0,2.0196722795418536,0.5049180698854634,0.36778608369551413,0.42289409100343334,0.4195641514486327,0.4296201118916158,0.08514492753623185,0.125,0.0409790068266098,0.02362003095952095,0.33740253729825587,0.2128280066211895,0.041666666666666664,167.83802337035507,0.2223427723504299,0.75
S2,1,W01_C4,Held-out,8.0,1.3456101649394845,0.336402541234871,0.3763612050752602,0.6865031715754009,0.7717265695538067,0.2231491598295065,0.0,0.0,0.0112076029148134,0.0305150647511889,0.1030800764174383,0.3914839856986996,0.0,158.69106811884615,0.1471694904779855,0.0
S2,1,W01_C4,KDE,16.0,1.896860579852875,0.47421514496321876,0.3764111592374578,0.4945312254120515,0.30004301878190737,0.4109679274204855,0.1633333333333333,0.230550284629981,0.041841894313362854,0.031578070682607054,0.31717375929554475,0.30039022194383047,0.08333333333333333,179.00961574361168,0.23620396558557885,2.0
S2,1,W01_C4,Reference,12.0,2.0620337854406623,0.5155084463601655,0.4270093069594991,0.3944404176772469,0.5193142097998922,0.3224986796178655,0.054093567251461944,0.0669642857142857,0.025303236233768102,0.01837661637800905,0.18448327176530238,0.2798522966124638,0.0,138.7693230473886,0.2216701915407114,0.3238341968911917
S2,1,W01_C4,Reference (fracture-removed),12.0,2.0620337854406623,0.5155084463601655,0.4270093069594991,0.3944404176772469,0.5193142097998922,0.3224986796178655,0.054093567251461944,0.0669642857142857,0.025303236233768102,0.01837661637800905,0.18448327176530238,0.2798522966124638,0.0,138.7693230473886,0.2216701915407114,0.3238341968911917
S2,2,W02_C1,ADFNE,16.0,1.6201850764482222,0.40504626911205555,0.38262818310953767,0.5082788319642433,0.36823087550033773,0.41663891615767273,0.12,0.17261904761904756,0.03957718194138965,0.037393548690182646,0.26476912440413813,0.2559789312530917,0.16666666666666666,173.21281835995512,0.20745352227228303,1.25
S2,2,W02_C1,EVAE,14.0,2.0611554334724356,0.515288858368109,0.3153105882134718,0.45295344033572094,0.44723071326294944,0.4392900100696451,0.06477732793522264,0.15099715099715094,0.0494867140664858,0.024376978791829602,0.26124779249997443,0.21294889931041922,0.041666666666666664,14.555894975972128,0.22490800254879423,1.0
S2,2,W02_C1,Held-out,14.0,4.202080193778592,1.050520048444648,0.1746425999224557,0.3478705744957862,0.5429312165103802,0.4811153035416735,0.2,0.25,0.0877035044012878,0.0364486939377584,0.3437281911893634,0.3094466329193561,0.0,18.641735677443503,0.3289188594903118,1.25
S2,2,W02_C1,KDE,16.0,1.8316804017019228,0.4579201004254806,0.392375605955089,0.44917647145738526,0.3347672431089497,0.43060060465343575,0.12771739130434778,0.18500948766603414,0.04307305653739965,0.03583327804710615,0.300375879451113,0.2621404026980258,0.20833333333333334,175.81461866950275,0.23605089517073766,1.5
S2,2,W02_C1,Reference,14.0,2.71257475253248,0.6781436881331201,0.27276869896526545,0.44867076040037424,0.5415253661605639,0.21749925695282846,0.06798245614035085,0.06944444444444439,0.0428395775538759,0.050358655612741304,0.4736057146608019,0.31237731857885154,0.5,170.21289293789596,0.25834596566285506,0.375
S2,2,W02_C1,Reference (fracture-removed),14.0,2.71257475253248,0.6781436881331201,0.27276869896526545,0.44867076040037424,0.5415253661605639,0.21749925695282846,0.06798245614035085,0.06944444444444439,0.0428395775538759,0.050358655612741304,0.4736057146608019,0.31237731857885154,0.5,170.21289293789596,0.25834596566285506,0.375
S2,2,W02_C2,ADFNE,16.0,1.6767742318904224,0.4191935579726057,0.37868649980955493,0.4891895401109426,0.3154506862265668,0.39951283613482724,0.1304347826086956,0.18981481481481474,0.0376552008743616,0.03748031219727575,0.3536320637103567,0.31179317165436937,0.08333333333333333,170.1108870465092,0.21580800078102214,1.375
S2,2,W02_C2,EVAE,14.5,2.0178022084736664,0.5044505521184166,0.32016076147779815,0.4636419543141401,0.3846349441813388,0.39697964297105515,0.08545454545454545,0.11607142857142855,0.0472021918032275,0.029731437248645902,0.27863872829556,0.2593263438188953,0.0,14.279406153439359,0.22201134286168445,0.75
S2,2,W02_C2,Held-out,10.0,3.131244090466122,0.7828110226165305,0.2298232484587326,0.3895026208091232,0.4659447989800932,0.7077053798446176,0.0,0.3571428571428571,0.0267588189227737,0.0631848540734911,0.1235574677607909,0.1931832611148892,1.0,160.55473404711566,0.2508337689444475,1.25
S2,2,W02_C2,KDE,16.0,1.6859977994777209,0.4214994498694302,0.38111775725879693,0.5056696976846338,0.35899080613670586,0.44725853507691654,0.15099715099715094,0.1775210084033613,0.041997966098574105,0.0387427708590124,0.26616491797086045,0.35730474675402857,0.125,176.15321982191313,0.22854667815146862,1.375
S2,2,W02_C2,Reference,13.5,2.311863582554486,0.5779658956386216,0.2804822511792081,0.47244103606788124,0.5782666477108688,0.2138214166493912,0.04166666666666665,0.02777777777777775,0.03172631695387835,0.04795899478138,0.3063586561260882,0.31237731857885154,0.25,162.08121508439382,0.24633961122449025,0.125
S2,2,W02_C2,Reference (fracture-removed),13.5,2.311863582554486,0.5779658956386216,0.2804822511792081,0.47244103606788124,0.5782666477108688,0.2138214166493912,0.04166666666666665,0.02777777777777775,0.03172631695387835,0.04795899478138,0.3063586561260882,0.31237731857885154,0.25,162.08121508439382,0.24633961122449025,0.125
S2,2,W02_C3,ADFNE,16.0,1.802862313078165,0.4507155782695413,0.3745021513091147,0.48863530878577666,0.3426143403351502,0.38115193517604284,0.12451612903225805,0.1967741935483871,0.0438598858276278,0.0342515295155175,0.3103698492083936,0.26060926719079547,0.08333333333333333,3.4803624810193177,0.22644245992495127,1.5
S2,2,W02_C3,EVAE,14.0,2.0361650132754985,0.5090412533188746,0.3160721150141186,0.4410423536740456,0.417691903935168,0.4514634218201705,0.1111111111111111,0.11555555555555555,0.0464111103543473,0.0270447583164268,0.33407181292600396,0.2418014566111355,0.08333333333333333,16.596619531732486,0.22614807979589713,0.75
S2,2,W02_C3,Held-out,12.0,2.3399872931740684,0.584996823293517,0.3678397006358366,0.3381728186210826,0.705520976138819,0.2303394745785118,0.0555555555555555,0.0,0.0047603091853944,0.0464610428196448,0.0494313499714489,0.5161565487343655,0.0,132.36161573881762,0.224737114365288,0.0
S2,2,W02_C3,KDE,16.0,1.6265274276244872,0.4066318569061217,0.4003018279051533,0.5013073970465398,0.33268611707956663,0.4021891320207913,0.16397849462365585,0.18303571428571425,0.0402563338012881,0.03335672226843425,0.3046983022453655,0.2588399232691101,0.125,0.18762673503560715,0.22614163387752914,1.5
S2,2,W02_C3,Reference,15.0,2.0894137995727187,0.5223534498931796,0.2804822511792081,0.5340466232928346,0.542251086772289,0.18905767183978217,0.04166666666666665,0.02777777777777775,0.0428395775538759,0.04795899478138,0.39024952388611533,0.30871377506317743,0.125,170.08193499179956,0.2367783294498239,0.125
S2,2,W02_C3,Reference (fracture-removed),15.0,2.0894137995727187,0.5223534498931796,0.2804822511792081,0.5340466232928346,0.542251086772289,0.18905767183978217,0.04166666666666665,0.02777777777777775,0.0428395775538759,0.04795899478138,0.39024952388611533,0.30871377506317743,0.125,170.08193499179956,0.2367783294498239,0.125
S2,2,W02_C4,ADFNE,16.0,1.9173752444400347,0.4793438111100087,0.36248281762438145,0.46486053193341675,0.41956685245349057,0.35747914863666375,0.1339285714285714,0.21875,0.0326315478174158,0.0431606609670383,0.2680777281953117,0.3177745221139445,0.125,168.94489578259106,0.22916667166187826,1.7500000000000002
S2,2,W02_C4,EVAE,14.0,2.0509714240293366,0.5127428560073342,0.33073701817097284,0.44175030317666364,0.4152713244820329,0.40081575047981943,0.054411764705882354,0.1225,0.04610956853608255,0.0247292843286143,0.2833647680066363,0.2819219791380883,0.041666666666666664,19.560359929063953,0.22162302102155396,0.75
S2,2,W02_C4,Held-out,11.0,1.9877952595595716,0.4969488148898928,0.4019508002735424,0.3795707694372096,0.23657419300435,0.1907289624788601,0.0,0.0714285714285714,0.0138528892246272,0.0,0.1485392982963457,0.0,0.0,129.27302490791104,0.2186032687161348,0.25
S2,2,W02_C4,KDE,16.0,1.6642585806187786,0.41606464515469455,0.41178089568745246,0.4623614011559948,0.2477448478392374,0.41153508667738536,0.14303959131545335,0.1905241935483871,0.0402942117027668,0.033229705072437096,0.27748252555535474,0.26818347221540617,0.08333333333333333,3.522161379335019,0.22483067284134556,1.5
S2,2,W02_C4,Reference,13.5,2.007353961345235,0.5018384903363087,0.2804822511792081,0.5850069793380989,0.5782666477108688,0.1829180387009487,0.04166666666666665,0.0,0.0507245502830313,0.03532966846103335,0.3408954959211614,0.27935102784798455,0.125,175.63148764532374,0.20180627680397512,0.0
S2,2,W02_C4,Reference (fracture-removed),13.5,2.007353961345235,0.5018384903363087,0.2804822511792081,0.5850069793380989,0.5782666477108688,0.1829180387009487,0.04166666666666665,0.0,0.0507245502830313,0.03532966846103335,0.3408954959211614,0.27935102784798455,0.125,175.63148764532374,0.20180627680397512,0.0
S2,2,W02_C5,ADFNE,16.0,1.8293605376562794,0.45734013441406973,0.397605988657315,0.46516616759831325,0.2765507671204228,0.39717479403697775,0.12771739130434778,0.1633333333333333,0.04105526620810935,0.03845401699789885,0.3315938789419498,0.2758736742587682,0.125,0.4675527406117507,0.22419528479061235,1.25
S2,2,W02_C5,EVAE,14.0,1.993316655280498,0.4983291638201244,0.3445388787714142,0.4686632268410121,0.4798493176680499,0.4007862127758523,0.0952380952380952,0.11555555555555555,0.05011269666037005,0.01842577916630365,0.2947963250565083,0.23561446039078815,0.0,18.235156446067354,0.21306702856911403,0.625
S2,2,W02_C5,Held-out,16.0,1.3492452458983366,0.3373113114745841,0.596568350235253,0.4093100659172843,0.3625089259473935,0.3148112266590258,0.0526315789473684,0.0952380952380952,0.0231769413154233,0.0214982166089087,0.3357575888927872,0.1938094361915231,0.0,91.73947335130993,0.2028618393353841,0.5
S2,2,W02_C5,KDE,16.0,1.7192531946081795,0.42981329865204476,0.365953584678703,0.5094958219067072,0.3545889706437728,0.4476402250973519,0.14358974358974355,0.2058823529411764,0.035902970703114254,0.03866309999677235,0.35901404845763496,0.3757789214776393,0.08333333333333333,169.2583706941714,0.22802154889836496,1.7500000000000002
S2,2,W02_C5,Reference,14.0,1.8864780697598686,0.4716195174399671,0.3093924451659136,0.5340466232928346,0.542251086772289,0.1883527402681679,0.07670454545454544,0.0227272727272727,0.05201973859200375,0.022519751722842,0.3408954959211614,0.25309971246178914,0.25,179.44814994449692,0.21322018383367386,0.125
S2,2,W02_C5,Reference (fracture-removed),14.0,1.8864780697598686,0.4716195174399671,0.3093924451659136,0.5340466232928346,0.542251086772289,0.1883527402681679,0.07670454545454544,0.0227272727272727,0.05201973859200375,0.022519751722842,0.3408954959211614,0.25309971246178914,0.25,179.44814994449692,0.21322018383367386,0.125
S2,2,W02_C6,ADFNE,16.0,1.433981476377204,0.3584953690943009,0.4116664940878568,0.5297989201943578,0.38206842652248196,0.35081824801204864,0.0769230769230769,0.1379310344827586,0.03273328695128925,0.0327658106783349,0.2680064741813027,0.2820742770068672,0.041666666666666664,172.82947638493465,0.19047176818662484,1.0
S2,2,W02_C6,EVAE,13.5,1.9751460272349368,0.49378650680873404,0.33359401313804293,0.4804221942070118,0.47741948737335344,0.3718608573857767,0.08893280632411066,0.1111111111111111,0.04762473518084375,0.021154290590939998,0.3208709775344656,0.25215483103563513,0.0,21.635356910692387,0.21206626501098635,0.75
S2,2,W02_C6,Held-out,14.0,1.419715203542166,0.3549288008855415,0.5024077346096811,0.4464947064578842,0.2471873750705592,0.130197349073892,0.0,0.0,0.0340941567453362,0.0087298423733422,0.2475266160416132,0.1275778900408663,0.0,121.5587957048852,0.2091553561816765,0.0
S2,2,W02_C6,KDE,16.0,1.7547464046374075,0.438686601159352,0.3661265862958525,0.4991242401637377,0.36957943548169225,0.49117944216294074,0.1225,0.2001633986928104,0.0476285771404199,0.03848022643443315,0.29133494310142827,0.32141521365042786,0.16666666666666666,176.0033071164611,0.22393644637869195,1.7500000000000002
S2,2,W02_C6,Reference,14.0,1.7429576922831216,0.43573942307078034,0.3552751071126148,0.49016836172363676,0.5503809161516806,0.2200508837215891,0.0788690476190476,0.0227272727272727,0.05947178506463885,0.0144520321119492,0.3408954959211614,0.20196888515495248,0.25,11.489693617441118,0.21322018383367386,0.125
S2,2,W02_C6,Reference (fracture-removed),14.0,1.7429576922831216,0.43573942307078034,0.3552751071126148,0.49016836172363676,0.5503809161516806,0.2200508837215891,0.0788690476190476,0.0227272727272727,0.05947178506463885,0.0144520321119492,0.3408954959211614,0.20196888515495248,0.25,11.489693617441118,0.21322018383367386,0.125
S2,3,W03_C1,ADFNE,15.0,1.5515179739409741,0.38787949348524353,0.3922040638796134,0.49429653500863724,0.35531518007624363,0.3950116396917423,0.1317663817663817,0.17261904761904756,0.04104101046898725,0.03207510481131725,0.2699970890944281,0.24891138408935215,0.08333333333333333,176.23859788847992,0.20306823158095366,1.25
S2,3,W03_C1,EVAE,16.5,2.223642029719853,0.5559105074299634,0.32369745084166757,0.4210330966215655,0.4442666078846679,0.38791577909656805,0.10620300751879694,0.10960960960960961,0.0613728667340733,0.0333373518815022,0.2842809135686728,0.29687028195268006,0.0,17.283464536187203,0.2512686027108208,0.75
S2,3,W03_C1,Held-out,16.0,2.1507159513589342,0.5376789878397334,0.317529879422197,0.4486262806766529,0.3352360371612939,0.172032139200331,0.1764705882352941,0.0555555555555555,0.038317377235616,0.0845862769110094,0.6971021689106923,0.3781304859300704,0.0,162.17454424194253,0.2509362444756549,0.25
S2,3,W03_C1,KDE,15.0,1.5570500799765903,0.3892625199941475,0.42686132731190735,0.5118520393765507,0.3855322488687434,0.4060049271118462,0.13339920948616596,0.19553376906318076,0.03892545073112855,0.034862010754262096,0.25983349921537136,0.3172485254133428,0.041666666666666664,166.89214371900542,0.21391884332497474,1.375
S2,3,W03_C1,Reference,14.0,3.1656389691816047,0.791409742295401,0.22794341575209098,0.3686865976524547,0.5130692523290659,0.26347462920353765,0.09027777777777775,0.09555555555555556,0.0891747751671991,0.0429426307147963,0.46126837901769707,0.34343705786460577,0.5,11.227465250986498,0.299159275992924,0.625
S2,3,W03_C1,Reference (fracture-removed),14.0,3.1656389691816047,0.791409742295401,0.22794341575209098,0.3686865976524547,0.5130692523290659,0.26347462920353765,0.09027777777777775,0.09555555555555556,0.0891747751671991,0.0429426307147963,0.46126837901769707,0.34343705786460577,0.5,11.227465250986498,0.299159275992924,0.625
S2,3,W03_C2,ADFNE,15.0,1.4315607303279363,0.357890182581984,0.4358815330697662,0.5033983583655909,0.3322238023411448,0.35399887877860786,0.0834782608695652,0.14472309299895503,0.0342371519507416,0.027402968032901,0.2794623055917205,0.25396427931098764,0.041666666666666664,11.559969538959862,0.19728264948173255,1.125
S2,3,W03_C2,EVAE,13.0,2.1130821263878303,0.5282705315969577,0.34767058937452583,0.426932395584679,0.385628195408258,0.38272582118398324,0.12132352941176469,0.11437908496732024,0.0469829995153694,0.03203471944199435,0.3184275734124999,0.21752980031176267,0.08333333333333333,19.325652517472246,0.22238931565414435,0.75
S2,3,W03_C2,Held-out,18.0,2.7741711065132595,0.693542776628315,0.2763686211765586,0.3650565002990998,0.4842135765892204,0.2060832044792333,0.0,0.0833333333333333,0.0575342120666896,0.0767593804257008,0.9573244200061302,0.3608844541511532,0.0,147.31024276520773,0.2809170931001529,0.5
S2,3,W03_C2,KDE,15.0,1.7496813223766634,0.4374203305941658,0.37584337886645103,0.4597838571881161,0.3563898921719067,0.4929002140240849,0.1538461538461538,0.2121212121212121,0.04258598495219005,0.034117512148955004,0.355101018672333,0.3548926087049459,0.20833333333333334,6.335323910756664,0.2221577109232603,1.7500000000000002
S2,3,W03_C2,Reference,13.0,2.8059685832401797,0.7014921458100448,0.241111609034351,0.38453669512316635,0.48254304429124134,0.3058459475012234,0.054093567251461944,0.0714285714285714,0.0659257161328963,0.02980208673413625,0.3750978407800142,0.3143963797597957,0.375,6.086986164097757,0.2582947278972514,0.25
S2,3,W03_C2,Reference (fracture-removed),13.0,2.8059685832401797,0.7014921458100448,0.241111609034351,0.38453669512316635,0.48254304429124134,0.3058459475012234,0.054093567251461944,0.0714285714285714,0.0659257161328963,0.02980208673413625,0.3750978407800142,0.3143963797597957,0.375,6.086986164097757,0.2582947278972514,0.25
S2,3,W03_C3,ADFNE,15.0,1.722368075540512,0.43059201888512805,0.37592361681657815,0.5085986834544888,0.4114029910466329,0.3773250477479117,0.0909090909090909,0.19399641577060928,0.042914649931094645,0.03144904637193035,0.33356511136587724,0.2494864979535636,0.0,6.289631095660362,0.20851529507051694,1.375
S2,3,W03_C3,EVAE,13.0,2.060322475907092,0.5150806189767729,0.35624309983204117,0.4210880367130727,0.4259101534569834,0.3779429041240614,0.09307359307359306,0.10172413793103445,0.0488329384894299,0.02587958924202725,0.2977049012729517,0.28243345928672975,0.041666666666666664,20.743905383166236,0.21881667465815263,0.5
S2,3,W03_C3,Held-out,18.0,2.6509783985517004,0.6627445996379252,0.2410395938150087,0.4961668320116669,0.5129139139896507,0.1597528729226641,0.0909090909090909,0.0833333333333333,0.0447400092888502,0.0676886361839411,0.4521335894439877,0.2534635720364646,0.0,178.58519274701982,0.3031871979048064,0.5
S2,3,W03_C3,KDE,15.0,1.54497365171644,0.38624341292911,0.38383987509635376,0.5036835943427771,0.2608905192846168,0.4392353981535142,0.1483516483516483,0.1967741935483871,0.03597506606651345,0.025562894442208953,0.29997044264173695,0.2692007482888182,0.0,177.35305161706412,0.21396182642350614,1.5
S2,3,W03_C3,Reference,13.0,2.7680246046410804,0.69200615116027,0.2538189038705706,0.3989564648411972,0.47980867907809066,0.2932320694458942,0.054093567251461944,0.06512605042016804,0.0659257161328963,0.02337527881332245,0.46126837901769707,0.2999621936265482,0.5,5.677530502609376,0.25730643246244483,0.25
S2,3,W03_C3,Reference (fracture-removed),13.0,2.7680246046410804,0.69200615116027,0.2538189038705706,0.3989564648411972,0.47980867907809066,0.2932320694458942,0.054093567251461944,0.06512605042016804,0.0659257161328963,0.02337527881332245,0.46126837901769707,0.2999621936265482,0.5,5.677530502609376,0.25730643246244483,0.25
S2,3,W03_C4,ADFNE,15.0,1.4929945181791333,0.3732486295447832,0.3855986113817834,0.5380959540044985,0.3371177873155198,0.4450945121728269,0.1428571428571428,0.16,0.040797397206598154,0.02953772413672855,0.25016424048059593,0.2616677369963289,0.125,4.115073174716787,0.19603602995477548,1.0
S2,3,W03_C4,EVAE,13.0,2.080311723719344,0.520077930929836,0.3375135718530995,0.44949046609529475,0.40879965259034545,0.3796259760510426,0.10317460317460315,0.1176470588235294,0.0459351214020004,0.03432347624443115,0.23895325926473415,0.2591788043195647,0.041666666666666664,22.148261839519417,0.22028188654114905,0.625
S2,3,W03_C4,Held-out,16.0,2.028111647786503,0.5070279119466257,0.2845958811818577,0.5980875441021954,0.5863964770902605,0.1341579385297531,0.1,0.0,0.06490318692105,0.0409158055226471,0.3795575338973551,0.1870603746593782,0.0,4.817762744667817,0.2541253793442187,0.0
S2,3,W03_C4,KDE,15.0,1.782440209352689,0.4456100523381722,0.3719991616032219,0.5075837867296689,0.42575838101071584,0.4044638930720928,0.1132478632478632,0.1935483870967742,0.0407452694662337,0.0325601663395576,0.3338530201934829,0.31191979829265093,0.0,0.3634412583764104,0.22171509657048177,1.5
S2,3,W03_C4,Reference,14.0,2.548139647030146,0.6370349117575363,0.28995412611287574,0.3939905391552404,0.47980867907809066,0.3057105052437946,0.05902777777777775,0.0714285714285714,0.07095477815888995,0.02337527881332245,0.5275732282839776,0.31311218072619196,0.375,23.667173615812192,0.24189558494908464,0.25
S2,3,W03_C4,Reference (fracture-removed),14.0,2.548139647030146,0.6370349117575363,0.28995412611287574,0.3939905391552404,0.47980867907809066,0.3057105052437946,0.05902777777777775,0.0714285714285714,0.07095477815888995,0.02337527881332245,0.5275732282839776,0.31311218072619196,0.375,23.667173615812192,0.24189558494908464,0.25
S2,3,W03_C5,ADFNE,15.0,1.6797099408736416,0.41992748521841033,0.38373209636656747,0.49473849679130755,0.3770271832298202,0.4277975947817436,0.11805555555555555,0.1724137931034483,0.04030273543530815,0.038744152570075505,0.30401193943607724,0.3776874034401996,0.25,178.49502472346774,0.21005796347606315,1.25
S2,3,W03_C5,EVAE,13.0,1.9527636292074857,0.4881909073018713,0.35526082149719906,0.43991376552179634,0.4331117039068667,0.3682900138937346,0.07989417989417985,0.0976190476190476,0.0379856696672944,0.0256431089364492,0.2668197035409406,0.25098373013488334,0.0,25.6706398746241,0.20868611265114761,0.5
S2,3,W03_C5,Held-out,14.0,1.7448444917332342,0.4362111229333085,0.3341890091499694,0.5719264145740023,0.5143653552131008,0.1446783569935598,0.0,0.0,0.0527837303349366,0.0138802717413847,0.3484567759571875,0.2330855119062179,0.0,14.039390747471144,0.2226204144239929,0.0
S2,3,W03_C5,KDE,15.0,1.765237017372673,0.4413092543431682,0.3729041167255852,0.4964291229030474,0.39811213500401216,0.4519985801889534,0.1225,0.1851851851851851,0.037181909614471945,0.03938028659317225,0.30461740111337887,0.3036373395811425,0.0,173.75808947481673,0.2275130404701725,1.25
S2,3,W03_C5,Reference,14.0,1.992305113568045,0.49807627839201124,0.347858628112376,0.41583866435223765,0.44095339904474373,0.3057105052437946,0.0263157894736842,0.06512605042016804,0.05271425397498371,0.0218057007715101,0.46433944921008474,0.24569514777690887,0.25,2.2722536563538314,0.21387931244890565,0.25
S2,3,W03_C5,Reference (fracture-removed),14.0,1.992305113568045,0.49807627839201124,0.347858628112376,0.41583866435223765,0.44095339904474373,0.3057105052437946,0.0263157894736842,0.06512605042016804,0.05271425397498371,0.0218057007715101,0.46433944921008474,0.24569514777690887,0.25,2.2722536563538314,0.21387931244890565,0.25
S2,3,W03_C6,ADFNE,15.0,1.6972596484124978,0.42431491210312444,0.3993615764762565,0.4903157459789681,0.42479372915698427,0.3898664878019607,0.08893280632411066,0.16397849462365585,0.0327343298498728,0.03556663597607395,0.22977999880835845,0.2690337386554498,0.08333333333333333,177.80644029434274,0.20566131265624074,1.25
S2,3,W03_C6,EVAE,12.0,1.9746542131839377,0.4936635532959842,0.3589667633204435,0.42395280235657073,0.429320612978373,0.3908607068255287,0.0625,0.10818713450292394,0.035799011769394956,0.0251590428314315,0.23961088387616059,0.28329961853267605,0.08333333333333333,23.095778759750974,0.20951095175679868,0.5
S2,3,W03_C6,Held-out,13.0,1.2336494958004671,0.3084123739501168,0.4213173656072468,0.6392617606174673,0.6789448013156946,0.1492036309496045,0.1333333333333333,0.0,0.0532735342662155,0.0022077836292586,0.3528475695859963,0.0816879942825704,0.0,26.022168454065053,0.1757439536663208,0.0
S2,3,W03_C6,KDE,15.0,1.8324388573417716,0.4581097143354429,0.36671715701691815,0.4849993687545854,0.37281222481531245,0.4391051942857966,0.09545454545454546,0.1935483870967742,0.0410306751041579,0.02527475990856765,0.3257008941459666,0.26891327434260803,0.041666666666666664,3.7387108248566787,0.2227713454137614,1.5
S2,3,W03_C6,Reference,12.5,1.7774123127265087,0.44435307818162706,0.3869982504465218,0.42790238618758425,0.44095339904474373,0.3024004753550716,0.0263157894736842,0.0714285714285714,0.039020274958745604,0.021245098876136848,0.35609934151343764,0.21006276767150475,0.25,15.546628239438002,0.2060085977585303,0.25
S2,3,W03_C6,Reference (fracture-removed),12.5,1.7774123127265087,0.44435307818162706,0.3869982504465218,0.42790238618758425,0.44095339904474373,0.3024004753550716,0.0263157894736842,0.0714285714285714,0.039020274958745604,0.021245098876136848,0.35609934151343764,0.21006276767150475,0.25,15.546628239438002,0.2060085977585303,0.25
S2,3,W03_C7,ADFNE,15.0,1.4982290935810392,0.37455727339525974,0.3959239644461439,0.5573437257225339,0.37121098250725637,0.3170987523550429,0.1034782608695652,0.13664596273291918,0.034652239259813755,0.02670417842475695,0.26906230531185155,0.2090017179871644,0.08333333333333333,179.9079032519984,0.19828525401318037,0.875
S2,3,W03_C7,EVAE,13.0,1.9662139866186124,0.4915534966546531,0.37204758979512553,0.40844057273950785,0.3718347030694928,0.3584091605575028,0.1052631578947368,0.0952380952380952,0.0322414831825343,0.031941686920934,0.20897913799090062,0.2436952696814804,0.041666666666666664,10.475167943263271,0.2142023396118154,0.5
S2,3,W03_C7,Held-out,14.0,1.7410708928330088,0.4352677232082522,0.5328827536261671,0.349860467228075,0.4419594974443459,0.2169526076136717,0.0952380952380952,0.0454545454545454,0.0239429235299287,0.0147437553061446,0.1474807017782088,0.2326130009368302,0.0,107.84468051888271,0.2038199532433548,0.25
S2,3,W03_C7,KDE,15.0,2.016199955102011,0.5040499887755028,0.35212311962001475,0.4688812164088832,0.37984129572582104,0.39896404373576255,0.13339920948616596,0.2,0.049358614054159394,0.03118108070082375,0.3386185581425749,0.3501839400388112,0.125,15.40552619981129,0.23083360802480252,1.5
S2,3,W03_C7,Reference,14.0,2.0620659232251692,0.5155164808062922,0.3314900351576815,0.42790238618758425,0.4527517201284025,0.2899220395571711,0.07670454545454544,0.08514492753623185,0.0369658484234809,0.0295103150574192,0.35609934151343764,0.2280398095715957,0.25,174.15656316469205,0.23410470585727888,0.375
S2,3,W03_C7,Reference (fracture-removed),14.0,2.0620659232251692,0.5155164808062922,0.3314900351576815,0.42790238618758425,0.4527517201284025,0.2899220395571711,0.07670454545454544,0.08514492753623185,0.0369658484234809,0.0295103150574192,0.35609934151343764,0.2280398095715957,0.25,174.15656316469205,0.23410470585727888,0.375
S2,3,W03_C8,ADFNE,15.0,1.5751636827050877,0.3937909206762719,0.3949766863141078,0.5497538154781985,0.4142412881963078,0.456139118622777,0.1452173913043478,0.1602809706257982,0.039488296476359305,0.0369795758707009,0.3349113712385048,0.26756156236471873,0.041666666666666664,173.90367923669513,0.20023230107797235,1.125
S2,3,W03_C8,EVAE,13.0,2.048432627665928,0.512108156916482,0.3414511179940677,0.4348018074347062,0.43684703628250665,0.4273393396319751,0.0976190476190476,0.10818713450292394,0.03401350527392785,0.035746393782907,0.24018529939888394,0.3088094324073861,0.08333333333333333,10.653801976841587,0.2160975192216583,0.5
S2,3,W03_C8,Held-out,13.0,1.6754018514371591,0.4188504628592898,0.4904227225879565,0.38570457865701,0.260034654804895,0.3387906829216006,0.0,0.0526315789473684,0.037469641334116,0.0075794230345294,0.2085227046429277,0.0924827584407067,0.0,108.00283107440052,0.1918866607361947,0.25
S2,3,W03_C8,KDE,15.0,1.4866000779101536,0.3716500194775384,0.4188020572450718,0.5205851485777571,0.34516510706744585,0.4326437339379998,0.13664596273291918,0.21543560606060605,0.036881942520200994,0.033592601109559805,0.2736669840675589,0.30164643563281823,0.125,175.73877793342356,0.21549657573791325,1.7500000000000002
S2,3,W03_C8,Reference,14.0,2.1072400264547024,0.5268100066136755,0.3314900351576815,0.41815762441926396,0.42201414892373434,0.3024004753550716,0.09375,0.0910973084886128,0.0369658484234809,0.0295103150574192,0.35609934151343764,0.21006276767150475,0.25,177.4602751504598,0.23410470585727888,0.375
S2,3,W03_C8,Reference (fracture-removed),14.0,2.1072400264547024,0.5268100066136755,0.3314900351576815,0.41815762441926396,0.42201414892373434,0.3024004753550716,0.09375,0.0910973084886128,0.0369658484234809,0.0295103150574192,0.35609934151343764,0.21006276767150475,0.25,177.4602751504598,0.23410470585727888,0.375
S2,4,W04_C1,ADFNE,16.0,1.9631439381197433,0.4907859845299358,0.3653974791464459,0.40460524487368105,0.29551766586364575,0.49708277960289315,0.1481481481481481,0.20638945233265715,0.037963814123236295,0.033225169984645295,0.2987440989192184,0.29442377681064047,0.25,150.8830155541731,0.2315019767478525,1.7500000000000002
S2,4,W04_C1,EVAE,17.5,2.175223332364162,0.5438058330910405,0.3077951945122357,0.4528273775638679,0.39818918672547204,0.38545655674053403,0.1132478632478632,0.13563218390804593,0.0555503785433401,0.03993461955966515,0.32291258206742335,0.2942807282448488,0.041666666666666664,8.538096912287,0.26243524741360713,1.0
S2,4,W04_C1,Held-out,14.0,2.855645165594136,0.7139112913985339,0.2260635830454494,0.4849419000996339,0.6518859233379648,0.2134388850861078,0.0526315789473684,0.0,0.0587343076674171,0.0598494718726052,0.4000116724092299,0.3399494241374721,1.0,18.07045434803433,0.2657556868500553,0.0
S2,4,W04_C1,KDE,16.0,1.9533788144854882,0.488344703621372,0.37575769989517993,0.46019345688297597,0.30478627256050694,0.44184529383146637,0.1225,0.2121212121212121,0.0468765556806191,0.040714948446855345,0.35411873107986835,0.319596018696027,0.08333333333333333,171.5289405672701,0.2404590264643373,1.7500000000000002
S2,4,W04_C1,Reference,18.0,2.923280161187697,0.7308200402969243,0.2628034852715312,0.3895894298162371,0.4779920589525656,0.1911651172156277,0.1206395348837209,0.0833333333333333,0.0707202632861976,0.0637994802290694,0.4988488437006485,0.3626173695827445,0.25,11.346621434884666,0.3023700165569947,0.625
S2,4,W04_C1,Reference (fracture-removed),18.0,2.923280161187697,0.7308200402969243,0.2628034852715312,0.3895894298162371,0.4779920589525656,0.1911651172156277,0.1206395348837209,0.0833333333333333,0.0707202632861976,0.0637994802290694,0.4988488437006485,0.3626173695827445,0.25,11.346621434884666,0.3023700165569947,0.625
S2,4,W04_C2,ADFNE,16.0,1.7140105122244549,0.4285026280561137,0.45553446629948924,0.47549845100907917,0.31995684488829385,0.3469292373651406,0.105295566502463,0.16271409749670615,0.03493854486506815,0.02860950824310005,0.264573605485008,0.2361972237954521,0.08333333333333333,172.2309636715469,0.20126809252828182,1.25
S2,4,W04_C2,EVAE,17.0,2.1731058139194506,0.5432764534798626,0.3296785741684194,0.4676691915103637,0.36959532125863676,0.3544889037607248,0.12019230769230765,0.11805555555555555,0.0412250888731283,0.033542601213120846,0.30937665536103043,0.2632475462148426,0.125,8.091762195707275,0.2519525827296672,0.875
S2,4,W04_C2,Held-out,14.0,3.833120630019796,0.958280157504949,0.2157824078954564,0.2952680008257466,0.4832072881477516,0.5670653969131171,0.2142857142857142,0.3,0.0928318430402119,0.0240026966152362,0.5708633758570452,0.3560369300872589,1.0,32.304429955401645,0.2999431661813938,1.5
S2,4,W04_C2,KDE,16.0,1.66780814834621,0.4169520370865525,0.400163744159663,0.511788447869618,0.31077129348277766,0.3582182053700653,0.1153846153846153,0.16954022988505746,0.0403269076208991,0.0356198932478735,0.2893702291455703,0.28137090168795476,0.0,176.78759156908148,0.2186150246866897,1.25
S2,4,W04_C2,Reference,17.5,2.923280161187697,0.7308200402969243,0.25870410749578365,0.41002624638248375,0.49856374528943553,0.1911651172156277,0.1125,0.0833333333333333,0.060418975668885544,0.054310571767203705,0.4988488437006485,0.3170139976111154,0.375,7.033414515475096,0.29710397166372826,0.5
S2,4,W04_C2,Reference (fracture-removed),17.5,2.923280161187697,0.7308200402969243,0.25870410749578365,0.41002624638248375,0.49856374528943553,0.1911651172156277,0.1125,0.0833333333333333,0.060418975668885544,0.054310571767203705,0.4988488437006485,0.3170139976111154,0.375,7.033414515475096,0.29710397166372826,0.5
S2,4,W04_C3,ADFNE,16.0,1.560156099846686,0.3900390249616715,0.42010683685574723,0.4923420681374283,0.35067174450906613,0.34755753188085337,0.12019230769230765,0.1724137931034483,0.034173111427980546,0.036399588439981104,0.2960278401487307,0.27955339420393377,0.125,175.41148216814383,0.2091256255566475,1.25
S2,4,W04_C3,EVAE,17.0,2.1631386372742365,0.540784659318559,0.34517780388649805,0.4100022174787019,0.3123420707579492,0.39674890325839846,0.12665782493368694,0.1379310344827586,0.0447533410729796,0.0318947334785294,0.3123827945710954,0.30049549680778764,0.041666666666666664,11.350202524977732,0.2543795703802051,1.0
S2,4,W04_C3,Held-out,19.0,2.7562920008862237,0.6890730002215557,0.2523999696099694,0.422367262787191,0.4818788004347311,0.2966097838285635,0.1363636363636363,0.0434782608695652,0.0861069180985946,0.0207708295953898,0.806099725703267,0.3203643528915106,0.0,20.082387513524992,0.2983753858044543,0.25
S2,4,W04_C3,KDE,16.0,1.8132925924985415,0.45332314812463537,0.4034988888999632,0.4512856414186936,0.37728370951889806,0.45469258839859117,0.11769230769230765,0.19375,0.038951688899052,0.0332320384107049,0.2572350663716601,0.22684834702312806,0.041666666666666664,167.40951813105866,0.22585325517476784,1.5
S2,4,W04_C3,Reference,17.5,3.136211531879611,0.7840528829699026,0.24090702544886416,0.39272796700371443,0.521476168989105,0.2096602568432006,0.1125,0.0833333333333333,0.06187320811008315,0.04001837641476455,0.4988488437006485,0.26840058482344975,0.5,14.312824971797152,0.29710397166372826,0.5
S2,4,W04_C3,Reference (fracture-removed),17.5,3.136211531879611,0.7840528829699026,0.24090702544886416,0.39272796700371443,0.521476168989105,0.2096602568432006,0.1125,0.0833333333333333,0.06187320811008315,0.04001837641476455,0.4988488437006485,0.26840058482344975,0.5,14.312824971797152,0.29710397166372826,0.5
S2,4,W04_C4,ADFNE,16.0,1.768607274017016,0.44215181850425395,0.37611314985460065,0.48926162131377915,0.4023640649235636,0.44485243072960656,0.1132478632478632,0.1612903225806451,0.03608205396535395,0.028750806633784397,0.2780115519604809,0.24088221274434146,0.08333333333333333,168.4059246261523,0.2204637602865194,1.25
S2,4,W04_C4,EVAE,17.0,2.216067299944391,0.5540168249860977,0.32486810610245953,0.4715260724842876,0.3766483350393971,0.3861604811065831,0.1240409207161125,0.1379310344827586,0.0442003079255684,0.039979607529617,0.294558994271026,0.26777392635565267,0.041666666666666664,8.428871960095828,0.25622159974432746,1.0
S2,4,W04_C4,Held-out,10.0,1.9968149675765183,0.4992037418941297,0.3236715556052508,0.488510732835443,0.4777385577214502,0.3150821111738833,0.0,0.0714285714285714,0.0752807841751274,0.0225310131506425,0.7241409898781334,0.2896306631611547,0.0,22.957734203827105,0.1926161199469933,0.25
S2,4,W04_C4,KDE,16.0,1.7993604916137682,0.44984012290344194,0.37097549287824727,0.43934984402388166,0.25487399944538497,0.5223815403383205,0.12,0.20526315789473681,0.0404032130695261,0.0393459315972959,0.33818180673149567,0.2487778563922175,0.16666666666666666,164.97071874473326,0.22842147088263615,1.875
S2,4,W04_C4,Reference,17.0,2.8616838072069175,0.7154209518017294,0.24584365032978023,0.4537282496086238,0.52220188960083,0.18125935113859765,0.09545454545454546,0.08166666666666665,0.06109450971443685,0.04001837641476455,0.4100967550783925,0.26840058482344975,0.5,10.554979436744189,0.2891214258180981,0.5
S2,4,W04_C4,Reference (fracture-removed),17.0,2.8616838072069175,0.7154209518017294,0.24584365032978023,0.4537282496086238,0.52220188960083,0.18125935113859765,0.09545454545454546,0.08166666666666665,0.06109450971443685,0.04001837641476455,0.4100967550783925,0.26840058482344975,0.5,10.554979436744189,0.2891214258180981,0.5
S2,4,W04_C5,ADFNE,16.0,1.5970218235249325,0.39925545588123323,0.39138089540272236,0.517312705067043,0.4155710413042448,0.4024786768612661,0.1132478632478632,0.16397849462365585,0.027182828168002902,0.031443909092708,0.2677330481897355,0.30939578721721195,0.08333333333333333,159.25250213392326,0.2117369723282453,1.25
S2,4,W04_C5,EVAE,16.5,2.2064828473877043,0.5516207118469261,0.3464316634807517,0.452393405250775,0.32192095218369055,0.4018777888110807,0.10607940446650119,0.1428571428571428,0.04590782970236795,0.0340165706369191,0.3138882712535886,0.2706612498460297,0.125,11.42919939821389,0.2510707530994421,1.0
S2,4,W04_C5,Held-out,14.0,2.779757208395937,0.6949393020989842,0.2552378381311718,0.4084103088732712,0.4041682403680373,0.2898543550632248,0.0625,0.0588235294117647,0.0644304715225574,0.0137980234781111,0.5090550719682623,0.1733363314005156,1.0,16.815270848106508,0.2637790959804422,0.25
S2,4,W04_C5,KDE,16.0,1.6898383738552014,0.4224595934638003,0.37656483024117215,0.4860615692845084,0.3232236237347118,0.3862989354206007,0.11769230769230765,0.1905241935483871,0.04022312817723945,0.0402445283422291,0.358039483954176,0.2883381471467721,0.125,170.86120494385142,0.2243442389211909,1.5
S2,4,W04_C5,Reference,17.0,2.645676416626051,0.6614191041565127,0.28776512543885974,0.44963213665773316,0.55821745053941,0.20854862293058746,0.13809523809523805,0.06439393939393935,0.0587508257795641,0.037214490982860754,0.4020022430515122,0.2263788772152358,0.375,14.598664446911625,0.2789345991542101,0.375
S2,4,W04_C5,Reference (fracture-removed),17.0,2.645676416626051,0.6614191041565127,0.28776512543885974,0.44963213665773316,0.55821745053941,0.20854862293058746,0.13809523809523805,0.06439393939393935,0.0587508257795641,0.037214490982860754,0.4020022430515122,0.2263788772152358,0.375,14.598664446911625,0.2789345991542101,0.375
S2,4,W04_C6,ADFNE,16.0,1.8666590786949029,0.4666647696737257,0.36142575590348014,0.4920526178978637,0.4075777618784465,0.38699917747168366,0.1111111111111111,0.2,0.04057359433312225,0.03993269834857675,0.285602419057045,0.2555952293560025,0.16666666666666666,165.99429589470984,0.2359153837194064,1.5
S2,4,W04_C6,EVAE,17.0,2.069749201702008,0.517437300425502,0.3418605280448186,0.44962324275113624,0.3892508925570334,0.3816592398803864,0.0976190476190476,0.13348164627363734,0.03118610475839055,0.02732421038905745,0.2787182260779139,0.3388212493344416,0.0,178.57740905407422,0.2457725182477988,1.0
S2,4,W04_C6,Held-out,14.0,3.302780090080105,0.8256950225200264,0.2562366966205007,0.3043812761518299,0.6129999706492799,0.4070691024030284,0.125,0.1111111111111111,0.0691661179341603,0.0284637770461377,0.7909962366338532,0.3083611362125456,1.0,39.4038894353493,0.2590540555328813,0.5
S2,4,W04_C6,KDE,16.0,1.5745625661095817,0.3936406415273954,0.3823446837660495,0.4972430682751222,0.39309247365626854,0.4320140365270303,0.12290969899665544,0.209508881922675,0.035276947189785954,0.0411846259983437,0.3258861480299587,0.2788473536122137,0.041666666666666664,163.48695861676723,0.2200317431717578,1.7500000000000002
S2,4,W04_C6,Reference,17.0,2.602276583786426,0.6505691459466063,0.27646993160743333,0.4164676581764184,0.52220188960083,0.2238890905748367,0.13809523809523805,0.06439393939393935,0.0456045437585611,0.0324359862113514,0.37430410285093296,0.2263788772152358,0.25,3.453008768672735,0.2789345991542101,0.375
S2,4,W04_C6,Reference (fracture-removed),17.0,2.602276583786426,0.6505691459466063,0.27646993160743333,0.4164676581764184,0.52220188960083,0.2238890905748367,0.13809523809523805,0.06439393939393935,0.0456045437585611,0.0324359862113514,0.37430410285093296,0.2263788772152358,0.25,3.453008768672735,0.2789345991542101,0.375
S2,4,W04_C7,ADFNE,16.0,1.776754243491546,0.4441885608728865,0.3553033620505911,0.477269608555444,0.31293580079886485,0.38798084184422543,0.16,0.169047619047619,0.0395959587083831,0.03098751447319585,0.3022634555045885,0.272200144393617,0.125,177.94811428839415,0.21761737798609382,1.25
S2,4,W04_C7,EVAE,15.5,2.0183176530064006,0.5045794132516003,0.3236810687473409,0.46861078258149347,0.4513887205855839,0.3838621603467737,0.10357142857142855,0.11882352941176469,0.036202970178695754,0.0330895314204104,0.263424053965966,0.25745249544932236,0.08333333333333333,0.02919002288736851,0.23647240208384174,0.75
S2,4,W04_C7,Held-out,7.0,1.5670293658934455,0.3917573414733614,0.3720457006195012,0.5638115949189674,0.7230733905225022,0.3246066158811543,0.0,0.0,0.0180689058799152,0.0368785398662175,0.3448785052418514,0.199372745955495,0.0,150.4534094352378,0.1334614129017256,0.0
S2,4,W04_C7,KDE,16.0,1.7118329736127536,0.42795824340318844,0.37770429012974294,0.46899332825375994,0.3398706246091514,0.44997634971957046,0.1666666666666666,0.1966911764705882,0.038223008432800396,0.0366195807544301,0.3695744557320912,0.3206218990655282,0.125,165.4921541389202,0.23112274501775945,1.5
S2,4,W04_C7,Reference,15.5,2.1509734861450633,0.5377433715362658,0.3125616894229156,0.40635488078912685,0.4781624263287233,0.2425482390943099,0.11428571428571425,0.0490430622009569,0.03797358608837795,0.02161560379640125,0.30991309360305286,0.2029685775371173,0.125,171.87404691126392,0.24875487176672767,0.25
S2,4,W04_C7,Reference (fracture-removed),15.5,2.1509734861450633,0.5377433715362658,0.3125616894229156,0.40635488078912685,0.4781624263287233,0.2425482390943099,0.11428571428571425,0.0490430622009569,0.03797358608837795,0.02161560379640125,0.30991309360305286,0.2029685775371173,0.125,171.87404691126392,0.24875487176672767,0.25
S2,4,W04_C8,ADFNE,16.0,1.8552445809748896,0.46381114524372236,0.34528943011878876,0.5071200458223054,0.42570803813709923,0.45344363209108823,0.14039408866995068,0.2165178571428571,0.0402913040739398,0.038240008545642454,0.2958114026459584,0.28834064358017975,0.16666666666666666,177.89761927616644,0.2216780395516699,1.7500000000000002
S2,4,W04_C8,EVAE,16.0,2.024406251501756,0.5061015628754391,0.3590708328442484,0.4167035193574016,0.3337514649392907,0.355966255686859,0.09232954545454544,0.125,0.025721339992756803,0.028175663889146,0.2669171700088504,0.2398962765660247,0.125,157.07458820373853,0.23944603454880856,0.75
S2,4,W04_C8,Held-out,8.0,1.1561696019744536,0.2890424004936134,0.5049860521626117,0.5447055503907203,0.5013351998887677,0.2899897240511174,0.125,0.1111111111111111,0.0422020035834425,0.0107116133216202,0.2473342687297304,0.2253986198924217,0.0,40.43728617428536,0.1389159275052667,0.25
S2,4,W04_C8,KDE,16.0,1.799263232052649,0.44981580801316223,0.38708954998128975,0.4814685821706099,0.3519357765266127,0.3872496606471466,0.14550264550264547,0.21717171717171715,0.0391928958175862,0.0343406817920104,0.3252154234625757,0.32342799243327613,0.08333333333333333,166.55216544907105,0.22964120444117064,1.7500000000000002
S2,4,W04_C8,Reference,14.5,2.046196509319002,0.5115491273297506,0.3561258676515543,0.40635488078912685,0.5208272755602399,0.3075888630547001,0.09307359307359306,0.0761494252873563,0.0304295784280675,0.029949548232529002,0.2410995505619325,0.2099905587552566,0.0,147.07799719559623,0.2393546411764086,0.3922070534698521
S2,4,W04_C8,Reference (fracture-removed),14.5,2.046196509319002,0.5115491273297506,0.3561258676515543,0.40635488078912685,0.5208272755602399,0.3075888630547001,0.09307359307359306,0.0761494252873563,0.0304295784280675,0.029949548232529002,0.2410995505619325,0.2099905587552566,0.0,147.07799719559623,0.2393546411764086,0.3922070534698521
S2,5,W05_C1,ADFNE,15.0,1.9778493973736864,0.49446234934342165,0.36062504125087524,0.4507096341995577,0.3526582974283164,0.5044818764426964,0.12771739130434778,0.1742424242424242,0.04261056009317845,0.0253272527822932,0.3443351869233746,0.25328626793782777,0.08333333333333333,5.2908836890438025,0.2168798124207531,1.25
S2,5,W05_C1,EVAE,16.0,2.274923838130025,0.5687309595325063,0.32354929084333695,0.4063232604555323,0.2442396261547391,0.5492796929394993,0.10818713450292394,0.18019480519480513,0.05488439943209,0.029361004217176,0.32953758721663895,0.29014799958577875,0.125,15.821962449030893,0.2548923809846796,1.25
S2,5,W05_C1,Held-out,18.0,3.586321691047476,0.8965804227618689,0.2407744570827196,0.2873467056148738,0.6223541240780804,0.2132373092071679,0.125,0.1111111111111111,0.1311247778336197,0.0094933296165618,0.9088598796325256,0.1052771753341973,0.0,39.46520329744931,0.3467098852637425,0.75
S2,5,W05_C1,KDE,15.0,1.7058587581408455,0.4264646895352113,0.3901895311871089,0.5255967076179999,0.35635682562614057,0.35830897232875947,0.13657407407407407,0.15625,0.0392322258978834,0.025723081800101452,0.33354111324471863,0.24693693941713407,0.0,177.03588086920823,0.21638635701134856,1.25
S2,5,W05_C1,Reference,18.5,2.814908136053698,0.7037270340134245,0.25081915948823663,0.3937118815431454,0.480432486706727,0.25502433445733563,0.13961038961038955,0.08114035087719296,0.08618431667899545,0.04841190856741255,0.5953994447393512,0.37993398379648863,0.25,14.409463866287009,0.299159275992924,0.6766211604095563
S2,5,W05_C1,Reference (fracture-removed),18.5,2.814908136053698,0.7037270340134245,0.25081915948823663,0.3937118815431454,0.480432486706727,0.25502433445733563,0.13961038961038955,0.08114035087719296,0.08618431667899545,0.04841190856741255,0.5953994447393512,0.37993398379648863,0.25,14.409463866287009,0.299159275992924,0.6766211604095563
S2,5,W05_C2,ADFNE,15.0,1.8727283657644853,0.46818209144112133,0.3531781717598308,0.4775489688679433,0.2962130022496673,0.43582290537337587,0.12290969899665544,0.18990384615384615,0.03862263611303515,0.0259150110855417,0.3348258177267359,0.23388639214556015,0.125,178.74805192374785,0.22129945589827024,1.375
S2,5,W05_C2,EVAE,14.0,2.160957077714314,0.5402392694285785,0.34954592651394395,0.41788906490864897,0.3044454496013993,0.504689073760952,0.1111111111111111,0.17316341829085455,0.05718110927869115,0.022630411088277,0.39981527369008696,0.2206368326268613,0.041666666666666664,29.68834535804752,0.2311902972307566,1.125
S2,5,W05_C2,Held-out,20.0,3.200033847897087,0.8000084619742716,0.216832434577245,0.4141223593333744,0.4440453869702626,0.1762470299520221,0.0,0.08,0.0922422846891785,0.0769534773453369,0.4289287392138479,0.5062844775399336,1.0,174.92526756094475,0.3204223736174378,0.5
S2,5,W05_C2,KDE,15.0,1.8912000682201051,0.47280001705502617,0.33817123504778723,0.47065575705947726,0.3643531811667504,0.4280132574519703,0.11769230769230765,0.20022246941045604,0.044656518963653594,0.02940133207871485,0.275764093313919,0.32324154742560474,0.08333333333333333,175.01321012096713,0.2252714002649289,1.5
S2,5,W05_C2,Reference,19.0,2.8474629225062236,0.7118657306265559,0.25081915948823663,0.3977049428738702,0.4783623653500866,0.31643581429416734,0.13961038961038955,0.08202687569988801,0.08618431667899545,0.03279703867150505,0.4701295384709625,0.33724589761086665,0.25,23.913013615051693,0.3007480006952884,0.9954493742889648
S2,5,W05_C2,Reference (fracture-removed),19.0,2.8474629225062236,0.7118657306265559,0.25081915948823663,0.3977049428738702,0.4783623653500866,0.31643581429416734,0.13961038961038955,0.08202687569988801,0.08618431667899545,0.03279703867150505,0.4701295384709625,0.33724589761086665,0.25,23.913013615051693,0.3007480006952884,0.9954493742889648
S2,5,W05_C3,ADFNE,15.0,1.497303174861372,0.374325793715343,0.4139288414565724,0.47887536847543255,0.3079817313242278,0.43695324510055644,0.0869565217391304,0.1785714285714285,0.04159749842604485,0.0273038887242801,0.29064263650415156,0.25550165359339283,0.125,177.69575427511126,0.20153732273756264,1.25
S2,5,W05_C3,EVAE,13.5,1.99882871352794,0.49970717838198486,0.359924460049719,0.4181650841697728,0.2867844982716215,0.5675908461633623,0.10263157894736841,0.1341829085457271,0.051702096461702304,0.02633446485017795,0.3844387095332134,0.2707975614285379,0.125,25.709494185494105,0.2186559023521154,0.75
S2,5,W05_C3,Held-out,17.0,3.072389215862135,0.7680973039655337,0.310504709667635,0.2773513786900107,0.2936023273856929,0.4534208551014889,0.1666666666666666,0.1428571428571428,0.0568000353030238,0.038590484531166,0.2468306229638606,0.226044140406184,1.0,52.882416908330455,0.3008640332380382,0.75
S2,5,W05_C3,KDE,15.0,1.456376971323031,0.3640942428307577,0.4153930781477755,0.5710530658286832,0.39120315684479745,0.3555845810564614,0.1304347826086956,0.17261904761904756,0.03994262342611355,0.025522769510169352,0.2663490718047372,0.2603938215321225,0.041666666666666664,6.2928849210292945,0.19299160897930584,1.25
S2,5,W05_C3,Reference,19.0,2.7977863401522676,0.6994465850380668,0.25850056796024035,0.3977049428738702,0.47736825132392924,0.31643581429416734,0.13961038961038955,0.08202687569988801,0.08618431667899545,0.0264434752988626,0.4701295384709625,0.304113755562298,0.125,20.62932151254873,0.3007480006952884,0.9954493742889648
S2,5,W05_C3,Reference (fracture-removed),19.0,2.7977863401522676,0.6994465850380668,0.25850056796024035,0.3977049428738702,0.47736825132392924,0.31643581429416734,0.13961038961038955,0.08202687569988801,0.08618431667899545,0.0264434752988626,0.4701295384709625,0.304113755562298,0.125,20.62932151254873,0.3007480006952884,0.9954493742889648
S2,5,W05_C4,ADFNE,15.0,1.6302502171234279,0.40756255428085686,0.3834279083999005,0.5118395487695409,0.3371398097889131,0.4355333443123197,0.11769230769230765,0.1550480769230769,0.035511835784315146,0.026093604044796,0.3098244299169025,0.2501634920237483,0.125,179.33417730649697,0.2059761198057507,1.125
S2,5,W05_C4,EVAE,13.0,2.0612369170368394,0.5153092292592099,0.34579752012939435,0.4156320327884337,0.2565125020895957,0.5099355646319872,0.09600614439324115,0.14039408866995068,0.052465359048870355,0.02250880576037935,0.3446826375381242,0.30043763849702265,0.08333333333333333,27.287950218766323,0.2240792348572474,0.875
S2,5,W05_C4,Held-out,17.0,3.3560762197231147,0.8390190549307788,0.20797656326521,0.4059301334315932,0.7277095515332621,0.2308255735360017,0.15,0.0909090909090909,0.0945928616177058,0.0357583997498648,0.9901895793647866,0.2272285744992927,1.0,26.16160818773397,0.2933439100894184,0.5
S2,5,W05_C4,KDE,15.0,1.4923491264634574,0.37308728161586435,0.42352503034956845,0.5276988687258659,0.34988359386329054,0.3393546941268973,0.09722222222222221,0.1666666666666666,0.03596527497448705,0.02480849789157575,0.3190536011279169,0.2757276851938442,0.125,4.358774087688921,0.20087165723379247,1.25
S2,5,W05_C4,Reference,16.5,2.7680246046410804,0.69200615116027,0.25991950222084154,0.4153887858302311,0.39708028119741023,0.3058459475012234,0.13961038961038955,0.075187969924812,0.0800780796042275,0.0260205760443709,0.37819326758467997,0.3239853186727649,0.25,12.983341445241622,0.29631476187790035,0.5516211604095563
S2,5,W05_C4,Reference (fracture-removed),16.5,2.7680246046410804,0.69200615116027,0.25991950222084154,0.4153887858302311,0.39708028119741023,0.3058459475012234,0.13961038961038955,0.075187969924812,0.0800780796042275,0.0260205760443709,0.37819326758467997,0.3239853186727649,0.25,12.983341445241622,0.29631476187790035,0.5516211604095563
S2,5,W05_C5,ADFNE,15.0,1.5803754663994507,0.3950938665998627,0.3716414608716565,0.539809491157863,0.36645194262541547,0.3679293866353729,0.1225,0.1481481481481481,0.03842453161649475,0.0205019848810419,0.2802833911956189,0.2849193451220675,0.0,0.9512172341614812,0.2026907528647057,1.0
S2,5,W05_C5,EVAE,13.0,2.0173731147104443,0.504343278677611,0.36364181672252666,0.41217501971949544,0.22986673097281965,0.5104570093147079,0.07499999999999996,0.13664596273291918,0.049306864573613454,0.01985860724339835,0.34739205643211785,0.22976594270712206,0.08333333333333333,22.310754922333842,0.21860456220335134,0.75
S2,5,W05_C5,Held-out,17.0,3.2400851453022432,0.8100212863255607,0.2244846854006116,0.3795258005758357,0.5300384239885594,0.2681438705749481,0.3333333333333333,0.0454545454545454,0.0605914231488701,0.0278544957878816,0.430065643254261,0.199001456614505,1.0,23.78912316919389,0.2829798691989578,0.25
S2,5,W05_C5,KDE,15.0,1.6259662436754052,0.4064915609188513,0.38533035201359794,0.48440921802833437,0.33408384167139316,0.39343176010438785,0.1363636363636363,0.1666666666666666,0.04439223768016155,0.0235288714945242,0.34616026550796647,0.26230490170421317,0.041666666666666664,4.521404701087173,0.2176469768268779,1.25
S2,5,W05_C5,Reference,14.0,2.8095189439071238,0.702379735976781,0.260418931465506,0.3907264659169103,0.39708028119741023,0.33421543961517974,0.10096153846153845,0.09126984126984125,0.06874212456626161,0.02886916070535055,0.37819326758467997,0.3859432258803108,0.375,9.559916813737892,0.2740675523889151,0.5344141069397043
S2,5,W05_C5,Reference (fracture-removed),14.0,2.8095189439071238,0.702379735976781,0.260418931465506,0.3907264659169103,0.39708028119741023,0.33421543961517974,0.10096153846153845,0.09126984126984125,0.06874212456626161,0.02886916070535055,0.37819326758467997,0.3859432258803108,0.375,9.559916813737892,0.2740675523889151,0.5344141069397043
S2,5,W05_C6,ADFNE,15.0,1.6330406895004588,0.4082601723751147,0.39294107171496445,0.5035087691009484,0.35657383321777586,0.40926261319358914,0.12,0.1875,0.03933044791778835,0.029954362304972552,0.3289986760779215,0.2752767203342954,0.125,1.2757478851332815,0.20702904588312065,1.25
S2,5,W05_C6,EVAE,13.0,1.9738117371452197,0.4934529342863049,0.3691691069425668,0.41133734589206516,0.2974770621693398,0.5150528823598837,0.060661764705882346,0.1539473684210526,0.0335186483692055,0.0158579701146672,0.24873245540719868,0.18524053959091624,0.041666666666666664,0.53395676218991,0.21648413659133509,0.75
S2,5,W05_C6,Held-out,18.0,2.557102480556893,0.6392756201392231,0.2506477068445518,0.4933341398838732,0.7951518846169815,0.1862716723251732,0.0909090909090909,0.0833333333333333,0.0193364643358582,0.0967825808985275,0.2554990742894857,0.5376914083161665,0.0,153.95783011006594,0.2848989415467777,0.5
S2,5,W05_C6,KDE,15.0,1.654890193138797,0.4137225482846991,0.36997549245003947,0.5220217426297633,0.32125483551049516,0.44020767515492853,0.1452173913043478,0.2258064516129032,0.043061533033071545,0.030294581060967503,0.3271175840126396,0.3132751591353682,0.08333333333333333,179.98149758282528,0.2152091138793796,1.7500000000000002
S2,5,W05_C6,Reference,14.0,2.565539667100466,0.6413849167751166,0.2737103318193749,0.39529551751021486,0.5019316470220856,0.3376239888485312,0.06971153846153845,0.08448275862068966,0.0492013877076735,0.02886916070535055,0.32924638566820086,0.2115443424949647,0.375,171.6585119025235,0.2614165757566618,0.3922070534698521
S2,5,W05_C6,Reference (fracture-removed),14.0,2.565539667100466,0.6413849167751166,0.2737103318193749,0.39529551751021486,0.5019316470220856,0.3376239888485312,0.06971153846153845,0.08448275862068966,0.0492013877076735,0.02886916070535055,0.32924638566820086,0.2115443424949647,0.375,171.6585119025235,0.2614165757566618,0.3922070534698521
S2,5,W05_C7,ADFNE,15.0,1.8221801899431398,0.45554504748578495,0.3407400199657918,0.4986273944645454,0.43322766203383367,0.49378554664770324,0.1153846153846153,0.2222782258064516,0.0354304879961273,0.026049439335793352,0.2839413707714573,0.2654000196557599,0.041666666666666664,0.31621563596068775,0.2073647205821767,1.625
S2,5,W05_C7,EVAE,13.0,1.9764410696403982,0.49411026741009956,0.36922595595346863,0.4247085842886694,0.19248830139332004,0.5003044238094839,0.060661764705882346,0.1483516483516483,0.04145196222606825,0.0176248903332081,0.28734002967146177,0.2294212963589265,0.0,6.609597932137436,0.21743962294897506,0.875
S2,5,W05_C7,Held-out,18.0,2.7342503526952093,0.6835625881738023,0.2909343696958618,0.3499257523500598,0.1413631618155267,0.2763870431877996,0.1428571428571428,0.0869565217391304,0.0396526728505448,0.0374521416974309,0.6699126529386892,0.2202689259082826,0.0,171.31379241478504,0.2748893291094624,0.5
S2,5,W05_C7,KDE,15.0,1.6443867247709332,0.41109668119273335,0.39040600830162187,0.4979091226111382,0.34452727126630267,0.40349081084196314,0.1225,0.18936678614097963,0.0441827213213592,0.0312825158181144,0.27379128477225206,0.31148849164008885,0.08333333333333333,8.16561709923557,0.2241211317817567,1.5
S2,5,W05_C7,Reference,12.5,2.006295979852818,0.5015739949632047,0.3274325989738698,0.43594154173389477,0.5505151267824508,0.3376239888485312,0.06971153846153845,0.08448275862068966,0.038396205209319995,0.025201703173088952,0.32646786542156614,0.21595688212810155,0.375,172.17988507797597,0.2359531360899817,0.2672070534698521
S2,5,W05_C7,Reference (fracture-removed),12.5,2.006295979852818,0.5015739949632047,0.3274325989738698,0.43594154173389477,0.5505151267824508,0.3376239888485312,0.06971153846153845,0.08448275862068966,0.038396205209319995,0.025201703173088952,0.32646786542156614,0.21595688212810155,0.375,172.17988507797597,0.2359531360899817,0.2672070534698521
S2,5,W05_C8,ADFNE,15.0,1.6308076248808758,0.40770190622021896,0.40129693701131736,0.473817194135778,0.38023895717432304,0.4786138337627225,0.08893280632411066,0.1550480769230769,0.04670552296557385,0.024133043524621298,0.3186167628918371,0.2489814803439409,0.0,6.524388532818077,0.20944340621026036,1.125
S2,5,W05_C8,EVAE,13.0,1.943382945874875,0.48584573646871876,0.38479270436676655,0.4075916372324559,0.28438065587506844,0.44059508769220557,0.0788690476190476,0.12771739130434778,0.03446996544508005,0.017728679438504202,0.32927608425377,0.1680736173793839,0.125,176.47189390455804,0.2098186537529608,0.75
S2,5,W05_C8,Held-out,19.0,2.647450687015959,0.6618626717539896,0.2620054935190049,0.4270051829212437,0.4398600574794314,0.5018876079480665,0.24,0.1071428571428571,0.0264626884944812,0.0263119418384264,0.1770277815733451,0.1697795972547965,0.0,161.8662546538949,0.3000288728304241,0.75
S2,5,W05_C8,KDE,15.0,1.6261869999620122,0.40654674999050305,0.38217383444271236,0.49751339613559364,0.2744445195780007,0.3421759772884865,0.10357142857142855,0.1818181818181818,0.041905629027011795,0.029182978072476752,0.3714413210318641,0.30030655097969733,0.08333333333333333,3.0145272270682906,0.21699602240082538,1.5
S2,5,W05_C8,Reference,12.0,1.708236372135084,0.427059093033771,0.4312342116037289,0.3839426524020843,0.5505151267824508,0.3447160223687543,0.0661375661375661,0.08448275862068966,0.03556402340042715,0.025201703173088952,0.28966876652598306,0.21819333578570324,0.25,141.9287111670196,0.19785330698977477,0.2672070534698521
S2,5,W05_C8,Reference (fracture-removed),12.0,1.708236372135084,0.427059093033771,0.4312342116037289,0.3839426524020843,0.5505151267824508,0.3447160223687543,0.0661375661375661,0.08448275862068966,0.03556402340042715,0.025201703173088952,0.28966876652598306,0.21819333578570324,0.25,141.9287111670196,0.19785330698977477,0.2672070534698521
S2,6,W06_C1,ADFNE,13.0,1.8512783707318254,0.46281959268295647,0.3887455911961517,0.4603086904597241,0.32820201014626893,0.39542306041756103,0.0952380952380952,0.1602564102564102,0.04408461544386505,0.0258346167067236,0.2993881128875818,0.2376084021980161,0.25,7.672049085382696,0.21426441245327588,1.137656427758817
S2,6,W06_C1,EVAE,13.0,2.231574906935255,0.5578937267338138,0.3123223796063775,0.4409898505605535,0.46047401251793874,0.42647780309360844,0.1111111111111111,0.12333965844402275,0.0530409647534385,0.028935571082183302,0.32376240147067537,0.28523953130583346,0.041666666666666664,29.810622736316038,0.2365978425139088,0.8532423208191127
S2,6,W06_C1,Held-out,24.0,3.1994869841693903,0.7998717460423475,0.2492383493665038,0.331837988219715,0.4789861729787229,0.47013622820555,0.1162790697674418,0.0851063829787234,0.1010320461964837,0.0497283075135463,0.4270724071700743,0.2005213204744469,0.0,32.744376409546646,0.3883969226552995,1.137656427758817
S2,6,W06_C1,KDE,13.0,1.4995895005542001,0.37489737513855015,0.4050991045438897,0.5206454213225827,0.38734353334329286,0.4941501882712622,0.0833333333333333,0.1952380952380952,0.0416525546661335,0.02740194976034665,0.2874215041857891,0.30473499440348883,0.125,173.8233972744279,0.201351499960427,1.5642775881683733
S2,6,W06_C1,Reference,17.0,3.136211531879611,0.7840528829699026,0.2334190200640845,0.41002624638248375,0.48254304429124134,0.2637176786822826,0.13068181818181815,0.08545454545454545,0.09046604548114814,0.030232092435909602,0.48756084728146054,0.3401926274000374,0.625,26.062240614467836,0.299159275992924,0.5
S2,6,W06_C1,Reference (fracture-removed),17.0,3.136211531879611,0.7840528829699026,0.2334190200640845,0.41002624638248375,0.48254304429124134,0.2637176786822826,0.13068181818181815,0.08545454545454545,0.09046604548114814,0.030232092435909602,0.48756084728146054,0.3401926274000374,0.625,26.062240614467836,0.299159275992924,0.5
S2,6,W06_C2,ADFNE,13.0,1.3615792728716718,0.34039481821791795,0.44878802462366874,0.5082036521557478,0.4067241202829598,0.4060926033105384,0.1052631578947368,0.15192307692307688,0.0330210264402861,0.02900654223331825,0.31746879499893277,0.21868469454848805,0.041666666666666664,167.05020681111358,0.18332913237972226,1.137656427758817
S2,6,W06_C2,EVAE,12.0,2.0728937302221433,0.5182234325555357,0.31207986278290833,0.4939203223080678,0.501817120744431,0.40920442835840615,0.0625,0.1132478632478632,0.0553593539374505,0.02902851996817415,0.40111881662130733,0.22971868336828277,0.08333333333333333,17.57702388719546,0.22452201950176248,0.5688282138794085
S2,6,W06_C2,Held-out,21.0,1.9199386289028375,0.4799846572257092,0.3281271379180012,0.508069837036734,0.4769979449264083,0.1602558674068668,0.1428571428571428,0.0789473684210526,0.0953351739233784,0.0599808506558151,0.4087828584151305,0.382384953229722,0.0,20.691066369645423,0.301552835209183,0.8532423208191127
S2,6,W06_C2,KDE,13.0,1.4314179922899068,0.3578544980724766,0.4571941792920928,0.573822146350405,0.37253288221365144,0.372896796337003,0.0952380952380952,0.17316341829085455,0.0365771127617509,0.01927704033802595,0.3621074688639752,0.22048991203447826,0.08333333333333333,0.22442768545902148,0.19125562687590575,1.137656427758817
S2,6,W06_C2,Reference,17.0,3.2200594965996654,0.8050148741499161,0.2252741342230305,0.39272796700371443,0.5066228560681555,0.2494847220554749,0.14318181818181813,0.08545454545454545,0.09046604548114814,0.0324738613711474,0.48756084728146054,0.3401926274000374,0.75,26.182834931552534,0.299159275992924,0.5
S2,6,W06_C2,Reference (fracture-removed),17.0,3.2200594965996654,0.8050148741499161,0.2252741342230305,0.39272796700371443,0.5066228560681555,0.2494847220554749,0.14318181818181813,0.08545454545454545,0.09046604548114814,0.0324738613711474,0.48756084728146054,0.3401926274000374,0.75,26.182834931552534,0.299159275992924,0.5
S2,6,W06_C3,ADFNE,13.0,1.362254748538443,0.3405636871346108,0.43021715513460024,0.5350375356646373,0.3629204240931385,0.37316713813996816,0.0976190476190476,0.17786561264822132,0.031210291111825703,0.025476448367266702,0.2685029519314786,0.29364838244982955,0.0,174.38996157065716,0.1858279219879863,1.137656427758817
S2,6,W06_C3,EVAE,13.0,2.1315273243693995,0.53288183109235,0.31363906198492986,0.49834495283024394,0.5141380773720002,0.3984386294948693,0.0871212121212121,0.13339920948616596,0.0569229811296574,0.026902312581679702,0.3615405300906837,0.350343857580922,0.041666666666666664,17.060285829885583,0.22657463195782046,0.8532423208191127
S2,6,W06_C3,Held-out,19.0,4.528053611083086,1.132013402770772,0.1791320327719225,0.2832720349680593,0.3710417847172028,0.7227713082701798,0.2580645161290322,0.1842105263157894,0.1349251301874941,0.0813033115524993,0.5201087833852569,0.4575503643649834,0.0,19.47686497028707,0.4318637080051311,1.99089874857793
S2,6,W06_C3,KDE,13.0,1.6320990425149438,0.4080247606287359,0.39808997593081663,0.5689448072834535,0.4049287848130917,0.3690774801856578,0.1237373737373737,0.18019480519480513,0.03821146278900295,0.02556736920356255,0.31569797224017604,0.25259859847822047,0.08333333333333333,3.740832430801263,0.21549888715944635,1.137656427758817
S2,6,W06_C3,Reference,17.0,3.2200594965996654,0.8050148741499161,0.2326295712416656,0.39272796700371443,0.48254304429124134,0.28237682720175583,0.14318181818181813,0.08545454545454545,0.09046604548114814,0.0262490932233391,0.5250887437744911,0.3077049163060369,0.625,26.876635890529137,0.299159275992924,0.5
S2,6,W06_C3,Reference (fracture-removed),17.0,3.2200594965996654,0.8050148741499161,0.2326295712416656,0.39272796700371443,0.48254304429124134,0.28237682720175583,0.14318181818181813,0.08545454545454545,0.09046604548114814,0.0262490932233391,0.5250887437744911,0.3077049163060369,0.625,26.876635890529137,0.299159275992924,0.5
S2,6,W06_C4,ADFNE,13.0,1.825318180178291,0.4563295450445727,0.3687936011665094,0.46496979455826115,0.3802272855874696,0.4434286965700841,0.1428571428571428,0.1904761904761904,0.038069327923529156,0.026402230276782,0.34898500557009765,0.23862874730367772,0.20833333333333334,3.031016419731049,0.21732231881164796,1.137656427758817
S2,6,W06_C4,EVAE,13.0,2.2214650771883964,0.5553662692970991,0.2982659258954321,0.44584306067194285,0.44205353397404523,0.38837253908895286,0.0645833333333333,0.13664596273291918,0.05617892895388695,0.028751335997868797,0.3782023169194071,0.22939104635653002,0.041666666666666664,16.12708493368451,0.2400802228029306,0.8532423208191127
S2,6,W06_C4,Held-out,19.0,2.839280679418311,0.7098201698545779,0.2646011663105113,0.3730426229605494,0.3857850775699795,0.3177895174144514,0.1818181818181818,0.175,0.0942981029585413,0.0401703621274926,0.3115124160400602,0.3143126637972851,0.0,25.159390298305908,0.3529510820943094,1.99089874857793
S2,6,W06_C4,KDE,13.0,1.6631757447777993,0.4157939361944497,0.3690868180685566,0.49023515276163576,0.3966599743739237,0.4425119881020989,0.054411764705882354,0.1785714285714285,0.0360060928880534,0.02460618145689935,0.2995086328848526,0.2847310696063087,0.125,3.69795309026216,0.20505786487042135,1.4220705346985212
S2,6,W06_C4,Reference,17.0,2.926073212129036,0.731518303032259,0.2515238382272606,0.4112663341033228,0.47980867907809066,0.27899911281908646,0.11363636363636359,0.0757142857142857,0.0687877046686245,0.0324738613711474,0.5235425624345,0.3077049163060369,0.625,17.536018447424446,0.2891214258180981,0.375
S2,6,W06_C4,Reference (fracture-removed),17.0,2.926073212129036,0.731518303032259,0.2515238382272606,0.4112663341033228,0.47980867907809066,0.27899911281908646,0.11363636363636359,0.0757142857142857,0.0687877046686245,0.0324738613711474,0.5235425624345,0.3077049163060369,0.625,17.536018447424446,0.2891214258180981,0.375
S2,6,W06_C5,ADFNE,13.0,1.496459205574633,0.37411480139365827,0.43143165774559294,0.5010899978794761,0.33678407221354056,0.4546881126705667,0.1304347826086956,0.17261904761904756,0.044529881269557745,0.030218429632287602,0.3601950382196268,0.3028123707286028,0.125,9.650086786125565,0.1984394213112312,1.137656427758817
S2,6,W06_C5,EVAE,13.0,2.216658882758753,0.5541647206896883,0.3218431707605579,0.42969166746735454,0.33025789104264014,0.43270105197278286,0.08893280632411066,0.15192307692307688,0.0427537665899648,0.035995320093574604,0.31004231400384896,0.29515399175425955,0.041666666666666664,10.657209361475852,0.2362188122710879,0.8532423208191127
S2,6,W06_C5,Held-out,14.0,1.4581780186993762,0.364544504674844,0.4375992353420158,0.4986773266269985,0.1594057861908026,0.1557394509841105,0.0769230769230769,0.0,0.0303643718981912,0.0153427657221864,0.1590227738588305,0.3844564798812739,0.0,160.02366723552842,0.2128522166470821,0.0
S2,6,W06_C5,KDE,13.0,1.8779620175382228,0.46949050438455564,0.39993299848822567,0.44506421479285707,0.2629655499408929,0.47041675504632297,0.13188405797101443,0.22653958944281521,0.038030628986518156,0.02769723109843955,0.36255932746680125,0.2589648155211489,0.125,176.7757789431106,0.21597267704837264,1.4220705346985212
S2,6,W06_C5,Reference,17.0,2.926073212129036,0.731518303032259,0.25573726737583624,0.39272796700371443,0.5038884908550048,0.2831206991255122,0.1339285714285714,0.08514492753623185,0.0641935552447978,0.0324738613711474,0.6184842256734252,0.2820508118928957,0.625,20.174822709410414,0.2789345991542101,0.5
S2,6,W06_C5,Reference (fracture-removed),17.0,2.926073212129036,0.731518303032259,0.25573726737583624,0.39272796700371443,0.5038884908550048,0.2831206991255122,0.1339285714285714,0.08514492753623185,0.0641935552447978,0.0324738613711474,0.6184842256734252,0.2820508118928957,0.625,20.174822709410414,0.2789345991542101,0.5
S2,6,W06_C6,ADFNE,13.0,1.6708929575761664,0.41772323939404166,0.38641542625908054,0.4869985822770574,0.36142447246966525,0.42341690568523993,0.10263157894736841,0.18019480519480513,0.038508959617746405,0.0294585756674688,0.30737478689365666,0.27345856962377985,0.20833333333333334,4.58368970765077,0.20044964588335865,1.137656427758817
S2,6,W06_C6,EVAE,12.5,2.1349782014457412,0.5337445503614353,0.34693946041467844,0.40244515924426094,0.2891708627141666,0.4345097865490559,0.10357142857142855,0.13339920948616596,0.04453489411743365,0.0293291740144576,0.3173367982066775,0.2458653976914991,0.0,23.480318645791108,0.228079610466867,0.8532423208191127
S2,6,W06_C6,Held-out,11.0,3.475323722870068,0.8688309307175172,0.2112152694958722,0.3670371897837484,0.3899923220267832,0.9712502453611254,0.15,0.2307692307692307,0.0644800060433751,0.0581616563522568,0.2814580137827342,0.5024802027790216,1.0,170.37670465834515,0.2942541379513464,1.706484641638225
S2,6,W06_C6,KDE,13.0,1.4451819174089116,0.36129547935222783,0.3962708268122933,0.5461361535225362,0.4034733810552208,0.4621120704179536,0.12406015037593979,0.1669565217391304,0.036248383938864495,0.0296092577376766,0.31929266082766555,0.2672628311295494,0.041666666666666664,4.280246370491087,0.20370900051478313,1.137656427758817
S2,6,W06_C6,Reference,17.0,2.757003780545573,0.6892509451363933,0.25573726737583624,0.4071702211524322,0.5715191973189196,0.2831206991255122,0.1339285714285714,0.08514492753623185,0.0506042065663218,0.0366674537746426,0.4910777484163623,0.2183279500798853,0.5,2.895097518346663,0.2789345991542101,0.5
S2,6,W06_C6,Reference (fracture-removed),17.0,2.757003780545573,0.6892509451363933,0.25573726737583624,0.4071702211524322,0.5715191973189196,0.2831206991255122,0.1339285714285714,0.08514492753623185,0.0506042065663218,0.0366674537746426,0.4910777484163623,0.2183279500798853,0.5,2.895097518346663,0.2789345991542101,0.5
S2,6,W06_C7,ADFNE,13.0,2.0747703431801856,0.5186925857950464,0.36588903753785434,0.44389925923164786,0.3734102044780869,0.5292756480733514,0.14318181818181813,0.17786561264822132,0.0390359750121215,0.03306154752961975,0.3689525980924837,0.3454814194536465,0.20833333333333334,165.81523819121838,0.2299548267521902,1.137656427758817
S2,6,W06_C7,EVAE,12.5,2.0734174865115653,0.5183543716278913,0.3394922398688471,0.4467262105016294,0.2997025587132446,0.42521871671674727,0.10818713450292394,0.1363636363636363,0.03529013099047355,0.02797926961034765,0.2554947476277624,0.2241514997224526,0.08333333333333333,14.774984373305637,0.23201425799621175,0.8532423208191127
S2,6,W06_C7,Held-out,15.0,2.3513221258049954,0.5878305314512489,0.2828194973282384,0.4634727745945184,0.599695053676134,0.3506413618159081,0.037037037037037,0.0689655172413793,0.0349073292776816,0.0582782915283445,0.4174441500494881,0.6336352962863289,0.0,154.23952190708306,0.2843560087973881,0.5688282138794085
S2,6,W06_C7,KDE,13.0,1.5178067434467621,0.3794516858616904,0.4214451597307384,0.47674612292169766,0.2846549589431815,0.401965693233308,0.08893280632411066,0.16954022988505746,0.0352023130438251,0.03173237285500205,0.3591013514355563,0.3078225531817185,0.08333333333333333,178.69976550495417,0.2064986468876755,1.137656427758817
S2,6,W06_C7,Reference,17.0,2.690850519855584,0.6727126299638959,0.2591210950697528,0.4164676581764184,0.5715191973189196,0.28318838361945853,0.1339285714285714,0.08893280632411066,0.0412539729709038,0.0366674537746426,0.3720695209925239,0.23017849612252234,0.375,5.991739165428301,0.2789345991542101,0.5
S2,6,W06_C7,Reference (fracture-removed),17.0,2.690850519855584,0.6727126299638959,0.2591210950697528,0.4164676581764184,0.5715191973189196,0.28318838361945853,0.1339285714285714,0.08893280632411066,0.0412539729709038,0.0366674537746426,0.3720695209925239,0.23017849612252234,0.375,5.991739165428301,0.2789345991542101,0.5
S2,6,W06_C8,ADFNE,13.0,1.726137628051874,0.4315344070129685,0.37544536768873826,0.5096826133831331,0.35198241542458675,0.3961473505632685,0.10263157894736841,0.1709090909090909,0.03811552911357935,0.0350120943743109,0.3146156774303487,0.2930314019503281,0.125,3.1227241802550108,0.20810084643608376,1.137656427758817
S2,6,W06_C8,EVAE,12.5,2.049693083015727,0.5124232707539318,0.3275510878896627,0.4155256022837511,0.3085487254837238,0.4567754549425387,0.10882352941176471,0.14852941176470585,0.04251396398286665,0.03486108644712885,0.20526281808321034,0.30608058288000917,0.08333333333333333,171.15598789670486,0.2248980021381383,0.8532423208191127
S2,6,W06_C8,Held-out,6.0,1.661269833900641,0.4153174584751604,0.5017678749545184,0.3821807261471586,0.8365827930554469,0.4525701122422033,0.0,0.1,0.0,0.0219042443263041,0.0,0.1623389948398414,0.0,126.70095689688908,0.1504737864883322,0.2844141069397042
S2,6,W06_C8,KDE,13.0,1.548416031204442,0.38710400780111043,0.41556686273392573,0.4644878037202287,0.28139285435475847,0.4482988346247407,0.1,0.19139194139194135,0.0368407447382393,0.02459868449788985,0.3455968179802136,0.3013564241202236,0.08333333333333333,161.94851059926043,0.1988611518377345,1.4220705346985212
S2,6,W06_C8,Reference,15.5,2.690850519855584,0.6727126299638959,0.2591210950697528,0.41770774589725745,0.5156868119386635,0.2899220395571711,0.125,0.08514492753623185,0.0412539729709038,0.0326844545620721,0.4421682429757281,0.21376546043360156,0.375,4.33024851166192,0.26933421254495227,0.375
S2,6,W06_C8,Reference (fracture-removed),15.5,2.690850519855584,0.6727126299638959,0.2591210950697528,0.41770774589725745,0.5156868119386635,0.2899220395571711,0.125,0.08514492753623185,0.0412539729709038,0.0326844545620721,0.4421682429757281,0.21376546043360156,0.375,4.33024851166192,0.26933421254495227,0.375
S3,0,W00_C1,ADFNE,11.0,1.6426244288040408,0.41065610720101026,0.36696113152159265,0.4503819454046938,0.26022501515074337,0.5042991539214692,0.0588235294117647,0.1547619047619047,0.03622269037086835,0.035768468131226805,0.26547405199579066,0.2714594686666204,0.16666666666666666,168.5581993421087,0.20335548557807004,0.9715025906735753
S3,0,W00_C1,EVAE,11.0,1.6217352184383074,0.4054338046095769,0.38521645224266254,0.5048179211444688,0.4675503543655277,0.47012691955694885,0.0714285714285714,0.12916666666666665,0.02777968414003565,0.018413523713313597,0.2654848371238908,0.2077915194224182,0.08333333333333333,0.6735772729919903,0.20218985795967803,0.6476683937823834
S3,0,W00_C1,Held-out,26.0,2.127948905056275,0.5319872262640687,0.3334765077809209,0.4266462166894018,0.3430438176478753,0.0835662517086277,0.0652173913043478,0.0416666666666666,0.063597866080363,0.0901007880345248,0.4300812774532743,0.5386008642316455,0.0,152.41342721378425,0.3688649308391816,0.6476683937823834
S3,0,W00_C1,KDE,11.0,1.3496348203399948,0.33740870508499865,0.4257594061576552,0.5733651026974989,0.43265347446109975,0.36324411258436295,0.09429824561403505,0.16228070175438591,0.0395133493969005,0.0297796169315911,0.25646263774308203,0.3148201951211367,0.16666666666666666,172.90575217057392,0.19055901470915776,0.9715025906735753
S3,0,W00_C1,Reference,11.0,2.253731526377476,0.563432881594369,0.3891560026744013,0.4141430047806526,0.5482708022287175,0.23344929884382742,0.0263157894736842,0.0669642857142857,0.024834695167943,0.0244890438209463,0.1697810306776681,0.346987794829403,0.125,155.17331162564233,0.2216701915407114,0.3238341968911917
S3,0,W00_C1,Reference (fracture-removed),11.0,1.9438055584737342,0.4859513896184334,0.3891560026744013,0.44790880013746337,0.5642912142123999,0.23344929884382742,0.0,0.05,0.0185799576426225,0.0244890438209463,0.13577720902751075,0.346987794829403,0.125,147.15057563109673,0.1937042925399885,0.25
S3,0,W00_C2,ADFNE,11.0,1.5720721370601174,0.39301803426502935,0.39181284448468184,0.5507681868357992,0.36709506732881036,0.4435408299201011,0.0625,0.17786561264822132,0.0359652075593637,0.02491431653524675,0.31996537686755444,0.21165262850515465,0.20833333333333334,170.18150846157423,0.1962224831680321,1.2953367875647668
S3,0,W00_C2,EVAE,10.0,1.6877509079696584,0.42193772699241455,0.36294021251362346,0.5515177532868141,0.4482263886706722,0.43610180512015717,0.0769230769230769,0.0801282051282051,0.038386352887615646,0.019814947017093652,0.25843150250248637,0.21553421594447264,0.125,4.586325294709103,0.19840514420885405,0.3238341968911917
S3,0,W00_C2,Held-out,20.0,2.1362723113217528,0.5340680778304382,0.3280058069796953,0.4334779931356589,0.3066846132289932,0.3748096399514923,0.1176470588235294,0.081081081081081,0.0406983043034756,0.0760895956949129,0.1733076623286213,0.4119130408027158,0.0,158.0607036864286,0.3247269720332753,0.9715025906735753
S3,0,W00_C2,KDE,11.0,1.680484072404842,0.42012101810121044,0.3988422110675001,0.4978653751828134,0.31481397598273153,0.47911692428989583,0.12916666666666665,0.21286231884057966,0.03981124323423765,0.01938669374329905,0.2649040837865896,0.23697957939192393,0.3333333333333333,175.03347605564142,0.21650463453857643,1.6191709844559583
S3,0,W00_C2,Reference,11.0,2.090712146983372,0.5226780367458429,0.41234682892657515,0.4141430047806526,0.5637468051359358,0.2833726278429241,0.0263157894736842,0.05902777777777775,0.02356239891758885,0.018627382541637948,0.13577720902751075,0.3476492939093506,0.125,156.1795706167693,0.19979770395004604,0.3238341968911917
S3,0,W00_C2,Reference (fracture-removed),11.0,1.6667027122495282,0.4166756780623819,0.41234682892657515,0.44790880013746337,0.5950137073195433,0.2677870113336608,0.0263157894736842,0.05277777777777775,0.0185799576426225,0.016920332091875448,0.12366518670010526,0.3476492939093506,0.125,149.4117625255333,0.1679913975651903,0.2869170984455959
S3,0,W01_C1,ADFNE,14.0,1.7091607543052785,0.42729018857631956,0.35254544460126774,0.5282186481813136,0.4024341374289666,0.4748579468782077,0.1225,0.18350168350168344,0.03866767859578505,0.02967022548522935,0.278800526685475,0.26871646885052014,0.16666666666666666,174.8310410021341,0.2102407345907855,1.25
S3,0,W01_C1,EVAE,13.5,1.6755134431280898,0.4188783607820224,0.36759690765036285,0.5323048957886898,0.4790657602785736,0.3799915192127181,0.060661764705882346,0.10317460317460315,0.024909807468664148,0.0183466523565021,0.24177498046988088,0.208684872473697,0.0,179.567707676249,0.19679325287941773,0.5
S3,0,W01_C1,Held-out,11.0,2.779587495316453,0.6948968738291132,0.4700540612049844,0.2359185548376953,0.8030327767853103,0.2215596288195491,0.0,0.0,0.0,0.020470837080475,0.0,0.4452934716284008,1.0,116.4870277948908,0.2417429779733256,0.0
S3,0,W01_C1,KDE,14.0,1.592664027959707,0.39816600698992666,0.4028491809285253,0.5180346844745236,0.41589636380715483,0.3868227357438891,0.12771739130434778,0.15099715099715094,0.0273751193804688,0.027673675161349,0.2506599755385756,0.30630909417674257,0.041666666666666664,162.9624112348127,0.2012638807798148,1.0
S3,0,W01_C1,Reference,11.0,2.253731526377476,0.563432881594369,0.3891560026744013,0.4141430047806526,0.5482708022287175,0.23344929884382742,0.0263157894736842,0.0669642857142857,0.024834695167943,0.0244890438209463,0.1697810306776681,0.346987794829403,0.125,155.17331162564233,0.2216701915407114,0.3238341968911917
S3,0,W01_C1,Reference (fracture-removed),11.0,1.9438055584737342,0.4859513896184334,0.3891560026744013,0.44790880013746337,0.5642912142123999,0.23344929884382742,0.0,0.05,0.0185799576426225,0.0244890438209463,0.13577720902751075,0.346987794829403,0.125,147.15057563109673,0.1937042925399885,0.25
S3,0,W01_C2,ADFNE,14.0,1.6020585953705306,0.40051464884263266,0.41675016647996843,0.5153430942605131,0.3806023105627348,0.4040961762558713,0.0910973084886128,0.1666666666666666,0.0291295863856663,0.03169002203227655,0.2371690275971671,0.2626936892723504,0.125,156.20830034816225,0.2020809675240533,1.0
S3,0,W01_C2,EVAE,13.0,1.6941073233123634,0.4235268308280908,0.3635632861814949,0.5273669781907075,0.5118301366255174,0.33640557151769,0.100250626566416,0.054093567251461944,0.029709214227693098,0.02136281351064075,0.2273590202672363,0.2622403241525106,0.0,1.8241920424207245,0.20016752864029264,0.25
S3,0,W01_C2,Held-out,10.0,1.986596274903967,0.4966490687259918,0.2720153234947631,0.6923890823679083,0.7152843056601133,0.2799967942917927,0.0833333333333333,0.0,0.0,0.0192543836886344,0.0,0.2858229281141378,0.0,0.24723420563105938,0.1734508561834682,0.0
S3,0,W01_C2,KDE,14.0,1.5738098994981626,0.39345247487454066,0.41289503347719947,0.5232671918631547,0.3577388104240681,0.3434034756470799,0.12077294685990335,0.18010752688172038,0.034825328707115855,0.02319377896437345,0.2831723180098493,0.30063442448372735,0.0,178.41429994741472,0.1972985331349179,1.25
S3,0,W01_C2,Reference,11.0,2.253731526377476,0.563432881594369,0.3891560026744013,0.4141430047806526,0.5482708022287175,0.23344929884382742,0.0263157894736842,0.0669642857142857,0.024834695167943,0.0244890438209463,0.1697810306776681,0.346987794829403,0.125,155.17331162564233,0.2216701915407114,0.3238341968911917
S3,0,W01_C2,Reference (fracture-removed),11.0,1.9438055584737342,0.4859513896184334,0.3891560026744013,0.44790880013746337,0.5642912142123999,0.23344929884382742,0.0,0.05,0.0185799576426225,0.0244890438209463,0.13577720902751075,0.346987794829403,0.125,147.15057563109673,0.1937042925399885,0.25
S3,0,W02_C1,ADFNE,14.0,1.742436845564919,0.43560921139122977,0.38734095734368756,0.5304691717075247,0.4532143230968688,0.4814180285873686,0.09545454545454546,0.15099715099715094,0.03124432574500145,0.0274721620663773,0.2058851689137034,0.23438276810221545,0.20833333333333334,160.98965213456196,0.2033156871476685,1.0
S3,0,W02_C1,EVAE,14.0,1.7001817309798244,0.42504543274495615,0.3514914234879106,0.4961575225710103,0.4106196672709115,0.3885919718464641,0.0678733031674208,0.0869565217391304,0.0320758787775174,0.01711840778642125,0.19437352648388928,0.2076897304162155,0.041666666666666664,3.927746069165631,0.2034180703429628,0.5
S3,0,W02_C1,Held-out,14.0,4.202080193778592,1.050520048444648,0.1746425999224557,0.3478705744957862,0.5429312165103802,0.4811153035416735,0.2,0.25,0.08762661120547,0.0179440234161941,0.6777406839717203,0.6140359434327052,0.0,18.641735677443503,0.3289188594903118,1.25
S3,0,W02_C1,KDE,14.0,1.4622238541185268,0.3655559635296317,0.4187526904292488,0.5277176376071847,0.368649728725909,0.4166116802386291,0.09307359307359306,0.16312997347480104,0.03212217945843785,0.02865283840541475,0.27699196832507234,0.3105200421239328,0.041666666666666664,175.92174643821687,0.19485719082168157,1.125
S3,0,W02_C1,Reference,11.5,2.2668081637906203,0.5667020409476551,0.32621779090884717,0.43554125145564326,0.5546608154242587,0.22674431720400917,0.02777777777777775,0.0529891304347826,0.02580924209497985,0.031610711628253504,0.1994381690156503,0.29170903539263493,0.125,163.9136855404056,0.22526471675947285,0.25
S3,0,W02_C1,Reference (fracture-removed),11.5,2.0079534536730375,0.5019883634182593,0.3375956037206706,0.47369906855788685,0.5949128067422371,0.22674431720400917,0.0,0.025,0.0185799576426225,0.031610711628253504,0.16543434736549295,0.29170903539263493,0.125,155.78456607412454,0.2216701915407114,0.125
S3,0,W02_C2,ADFNE,14.0,1.5644080290491784,0.3911020072622946,0.40102716250481435,0.5114958217308951,0.38664818585023253,0.27672602472902696,0.1178489702517162,0.1702898550724637,0.03187282716491375,0.0277201070644886,0.21591201555321055,0.2939355495513801,0.041666666666666664,166.78515702616235,0.1940693288726622,1.0
S3,0,W02_C2,EVAE,14.0,1.7676641554948742,0.44191603887371855,0.360677560242219,0.479073180902507,0.41752522951276505,0.3883244425173241,0.051315789473684204,0.09307359307359306,0.0345588680587616,0.017873298051368502,0.33952698910806156,0.18630780297339278,0.041666666666666664,9.723735147431187,0.20113569609196713,0.5
S3,0,W02_C2,Held-out,10.0,3.131244090466122,0.7828110226165305,0.2298232484587326,0.3895026208091232,0.4659447989800932,0.7077053798446176,0.0,0.3571428571428571,0.0271272609115564,0.0632050782536999,0.1310109252478544,0.2059203836055867,1.0,160.55473404711566,0.2508337689444475,1.25
S3,0,W02_C2,KDE,14.0,1.439280943202158,0.3598202358005394,0.41624295927540517,0.5328506076178522,0.38636891869579315,0.2979046706309309,0.12771739130434778,0.1754926108374384,0.031742265966283045,0.0268870643231464,0.3072013544699347,0.3309019370136498,0.08333333333333333,162.7170025449547,0.1998853369860858,1.25
S3,0,W02_C2,Reference,14.0,2.1840494704802857,0.5460123676200713,0.32621779090884717,0.43554125145564326,0.5415253661605639,0.22674431720400917,0.054093567251461944,0.0574534161490683,0.0232024876045725,0.031610711628253504,0.2630844113531974,0.2580518721109793,0.125,158.14613170141922,0.2216701915407114,0.25
S3,0,W02_C2,Reference (fracture-removed),13.5,2.0079534536730375,0.5019883634182593,0.3375956037206706,0.47369906855788685,0.5949128067422371,0.22674431720400917,0.0263157894736842,0.05,0.0232024876045725,0.031610711628253504,0.247048802008415,0.2580518721109793,0.125,156.2686182695665,0.2216701915407114,0.25
S3,0,W03_C1,ADFNE,14.0,1.491429673963914,0.3728574184909784,0.4398570461098466,0.5107624325466349,0.4304698582279667,0.3956096475134906,0.0910973084886128,0.12,0.019662678243840298,0.0251200251862097,0.18848969063427715,0.30798221260358916,0.08333333333333333,155.68537642386457,0.1797981600152675,0.75
S3,0,W03_C1,EVAE,14.0,1.612818668951753,0.40320466723793824,0.36707505537157875,0.5387020233482632,0.4815210450045182,0.3120642787465049,0.0625,0.0909090909090909,0.035372083502824905,0.01697165865760055,0.3206802988952201,0.2179060582717124,0.08333333333333333,8.985889567661916,0.19485686261878876,0.5
S3,0,W03_C1,Held-out,16.0,2.1507159513589342,0.5376789878397334,0.317529879422197,0.4486262806766529,0.3352360371612939,0.172032139200331,0.1764705882352941,0.0555555555555555,0.0395416230293075,0.0845071978748243,0.6745554179600766,0.4274836116138026,0.0,162.17454424194253,0.2509362444756549,0.25
S3,0,W03_C1,KDE,14.0,1.5106600606010137,0.3776650151502534,0.41346023896291184,0.5365731123317254,0.3873105465080956,0.40341237913300587,0.08893280632411066,0.1481481481481481,0.02987357624711095,0.0261699702692326,0.2397631732414113,0.2824184973205466,0.125,167.40904784554724,0.19968679170253414,1.0
S3,0,W03_C1,Reference,14.0,2.4064992534620533,0.6016248133655133,0.2975502954247463,0.43554125145564326,0.4973963572121909,0.26347462920353765,0.0732323232323232,0.0714285714285714,0.050769310685072455,0.03547573938313915,0.32609108085219624,0.26884822058153557,0.25,177.59529004041738,0.23943124685475337,0.25
S3,0,W03_C1,Reference (fracture-removed),12.5,2.180911508017598,0.5452278770043995,0.31551153120537767,0.47369906855788685,0.5684994999413692,0.27271079287619754,0.02777777777777775,0.0607142857142857,0.03775574379975665,0.03547573938313915,0.247048802008415,0.26884822058153557,0.25,175.67661145311092,0.2272307036703037,0.25
S3,0,W03_C2,ADFNE,14.0,1.7860187239990069,0.4465046809997517,0.38495712139939264,0.4808990363033609,0.4685431955937646,0.40880249063399027,0.0976190476190476,0.1538461538461538,0.03018492311092875,0.0233213209415472,0.21447457866863834,0.2125276815912138,0.125,175.729825996691,0.20203419208045115,1.0
S3,0,W03_C2,EVAE,14.0,1.6772709983112606,0.4193177495778151,0.36211486284524447,0.5089329245179699,0.4934373204000234,0.37729644538678364,0.054093567251461944,0.08893280632411066,0.03743781705593955,0.0231841150363582,0.37092211796904473,0.23695192617523086,0.041666666666666664,11.506770605960833,0.19807817363487415,0.5
S3,0,W03_C2,Held-out,18.0,2.7741711065132595,0.693542776628315,0.2763686211765586,0.3650565002990998,0.4842135765892204,0.2060832044792333,0.0,0.0833333333333333,0.0560332699019767,0.0453548750299715,0.59909095855063,0.3683017153484563,0.0,147.31024276520773,0.2809170931001529,0.5
S3,0,W03_C2,KDE,14.0,1.5928377415611399,0.39820943539028497,0.38439301978486884,0.5011912826263228,0.3503934851497434,0.47926749377362116,0.13068181818181815,0.20283479960899314,0.0334496424085988,0.02894046438307285,0.29693152839568276,0.22648050223617822,0.25,175.08564323687824,0.21084554588861937,1.625
S3,0,W03_C2,Reference,15.0,2.1840494704802857,0.5460123676200713,0.31708813263644287,0.455438997811317,0.4973963572121909,0.21053421852868595,0.0732323232323232,0.0574534161490683,0.05634554914467815,0.026699165046914553,0.38938036627776346,0.243810493327661,0.125,6.999334481850247,0.23943124685475337,0.25
S3,0,W03_C2,Reference (fracture-removed),13.5,2.012463307681511,0.5031158269203777,0.32390896721578366,0.48190300170027484,0.5324839390027893,0.21053421852868595,0.02777777777777775,0.05,0.0529925468511721,0.026699165046914553,0.31872126518895016,0.243810493327661,0.125,3.9376246752322603,0.2272307036703037,0.25
S3,0,W04_C1,ADFNE,14.0,1.4168923326875191,0.35422308317187967,0.4465574995617883,0.5220645277776468,0.2962110400566246,0.3146708966523633,0.08893280632411066,0.13714733542319746,0.029726713976718798,0.02988264488861105,0.24378233229263963,0.31830542662314487,0.041666666666666664,175.9143749951779,0.1906460521741447,0.875
S3,0,W04_C1,EVAE,14.0,1.6997721191886224,0.42494302979715565,0.36177257453874945,0.5194610500659582,0.5135879900278,0.3838141474512051,0.0588235294117647,0.0909090909090909,0.04421445530864995,0.016809891917390102,0.42278864551747564,0.21869756414555902,0.041666666666666664,13.39982116555284,0.20211005602134702,0.5
S3,0,W04_C1,Held-out,14.0,2.855645165594136,0.7139112913985339,0.2260635830454494,0.4849419000996339,0.6518859233379648,0.2134388850861078,0.0526315789473684,0.0,0.0600083813904128,0.0554814440763931,0.2830881747834171,0.4136455433460262,1.0,18.07045434803433,0.2657556868500553,0.0
S3,0,W04_C1,KDE,14.0,1.4509440160847213,0.36273600402118034,0.43577393439432716,0.5399244184080174,0.30834631494276804,0.35402032139542866,0.14510489510489505,0.15099715099715094,0.0362252421805547,0.0234182075706977,0.24552449135525264,0.3438151018870973,0.08333333333333333,167.1530760888077,0.2006154496324472,1.0
S3,0,W04_C1,Reference,17.0,2.703635199718962,0.6759087999297404,0.26849792539591355,0.4141486981093921,0.4973963572121909,0.2637176786822826,0.11818181818181815,0.07738095238095236,0.0694976507653912,0.038599787969341895,0.5943787977184496,0.26884822058153557,0.25,16.343416159656904,0.2958596479469363,0.375
S3,0,W04_C1,Reference (fracture-removed),15.0,2.3368493307113805,0.584212332677845,0.2959736939936811,0.4406127019983499,0.5684994999413692,0.27295384235494247,0.1125,0.0607142857142857,0.0694976507653912,0.038599787969341895,0.5206162615244527,0.26884822058153557,0.25,12.997576123376136,0.24303839663534055,0.25
S3,0,W04_C2,ADFNE,14.0,1.3680000216197423,0.3420000054049356,0.41163722701171535,0.5611717989822158,0.43028879619468163,0.39171459890525795,0.1152173913043478,0.17259259259259255,0.026821978499638598,0.02142388129025335,0.24375211683580617,0.25152268836600905,0.16666666666666666,172.95463436049747,0.17990451817450895,1.125
S3,0,W04_C2,EVAE,14.0,1.742302132541973,0.43557553313549324,0.3643159163905437,0.5104399283777585,0.4775316496766675,0.3756900645722657,0.05277777777777775,0.08514492753623185,0.04151315837769855,0.0234219188005345,0.2798326870945633,0.25572691983110757,0.0,11.959605713118473,0.2031363101459748,0.5
S3,0,W04_C2,Held-out,14.0,3.833120630019796,0.958280157504949,0.2157824078954564,0.2952680008257466,0.4832072881477516,0.5670653969131171,0.2142857142857142,0.3,0.0921906378945138,0.0236968347100431,0.9357268275711624,0.3299411736366729,1.0,32.304429955401645,0.2999431661813938,1.5
S3,0,W04_C2,KDE,14.0,1.51411167508226,0.3785279187705649,0.41807616787290747,0.5349571207024799,0.4603364297182402,0.4047267299005677,0.0909090909090909,0.1602564102564102,0.025685630620990302,0.02817870730220655,0.295275720151403,0.34573448510322724,0.0,161.72536873284514,0.2064117119358845,1.125
S3,0,W04_C2,Reference,17.0,2.703635199718962,0.6759087999297404,0.26849792539591355,0.4141486981093921,0.4973963572121909,0.2637176786822826,0.11818181818181815,0.07738095238095236,0.0694976507653912,0.038599787969341895,0.5943787977184496,0.26884822058153557,0.25,16.343416159656904,0.2958596479469363,0.375
S3,0,W04_C2,Reference (fracture-removed),15.0,2.3368493307113805,0.584212332677845,0.2959736939936811,0.4406127019983499,0.5684994999413692,0.27295384235494247,0.1125,0.0607142857142857,0.0694976507653912,0.038599787969341895,0.5206162615244527,0.26884822058153557,0.25,12.997576123376136,0.24303839663534055,0.25
S3,0,W05_C1,ADFNE,14.0,1.6360391265098597,0.4090097816274648,0.3986770893324017,0.4986135285522453,0.48387592621068315,0.42941400685723974,0.125,0.15099715099715094,0.0295549745167922,0.02890074776345545,0.2651206883008569,0.26657073965870265,0.08333333333333333,163.9656867016568,0.1953153827001359,1.0
S3,0,W05_C1,EVAE,14.0,1.723103016674524,0.4307757541686309,0.3460914331744913,0.5119105232907576,0.4796928285379667,0.3592259816701337,0.09307359307359306,0.09005376344086019,0.040888017821870945,0.020048410578376898,0.3841155202373181,0.22954720628473774,0.0,10.054397645927384,0.20336346460365118,0.5
S3,0,W05_C1,Held-out,18.0,3.586321691047476,0.8965804227618689,0.2407744570827196,0.2873467056148738,0.6223541240780804,0.2132373092071679,0.125,0.1111111111111111,0.1332575659706372,0.0094794009095781,0.9067725996427572,0.1039621207759163,0.0,39.46520329744931,0.3467098852637425,0.75
S3,0,W05_C1,KDE,14.0,1.4880480243856098,0.37201200609640245,0.4123682827759777,0.5422706581160319,0.34791468421586386,0.320742703740033,0.1314285714285714,0.14039408866995068,0.0326175846683799,0.02641324837809185,0.26906798590844394,0.2884932629423433,0.08333333333333333,166.36153348370814,0.19939946314964085,1.0
S3,0,W05_C1,Reference,17.5,2.955834947640223,0.7389587369100558,0.24671978171248904,0.39272796700371443,0.47980867907809066,0.3058459475012234,0.1583333333333333,0.0871212121212121,0.0801949680251416,0.029851776707392502,0.50863434680976,0.2450135447988234,0.375,23.394721434081358,0.2996197095212462,0.5
S3,0,W05_C1,Reference (fracture-removed),16.0,2.679031010806618,0.6697577527016545,0.2620851836983254,0.3967065003981477,0.5038884908550048,0.31643581429416734,0.1539473684210526,0.08116883116883114,0.0801949680251416,0.029851776707392502,0.4265741452213586,0.2450135447988234,0.375,20.594929133256713,0.2700364540174094,0.375
S3,0,W05_C2,ADFNE,14.0,1.586840633256858,0.3967101583142144,0.39801454305666756,0.521570160575913,0.2958981226812317,0.43596079147694045,0.0834782608695652,0.18019480519480513,0.033743857135315095,0.023355089385220802,0.33898392799770305,0.22006506032259127,0.0,174.80438931081136,0.2021720978782071,1.25
S3,0,W05_C2,EVAE,14.0,1.7709569922745785,0.4427392480686445,0.35090447216300696,0.49121553771366744,0.4539810182229779,0.38677653082936364,0.08893280632411066,0.09520239880059965,0.0441263940584196,0.0217658224688188,0.3400011253540587,0.2038626078895699,0.0,13.999722384223423,0.20729712674361717,0.625
S3,0,W05_C2,Held-out,20.0,3.200033847897087,0.8000084619742716,0.216832434577245,0.4141223593333744,0.4440453869702626,0.1762470299520221,0.0,0.08,0.0916553139290892,0.0768182765400986,0.3921964316214029,0.508885079367255,1.0,174.92526756094475,0.3204223736174378,0.5
S3,0,W05_C2,KDE,14.0,1.5605638595276372,0.3901409648819094,0.4157767160959618,0.5614090351325821,0.407309915680409,0.3988073549192387,0.09307359307359306,0.17316341829085455,0.0303706073951347,0.02724829813329755,0.24882712566052914,0.2695109333040031,0.08333333333333333,161.33926340368657,0.20753275898415208,1.25
S3,0,W05_C2,Reference,17.5,2.955834947640223,0.7389587369100558,0.24671978171248904,0.39272796700371443,0.47980867907809066,0.3058459475012234,0.1583333333333333,0.0871212121212121,0.0801949680251416,0.029851776707392502,0.50863434680976,0.2450135447988234,0.375,23.394721434081358,0.2996197095212462,0.5
S3,0,W05_C2,Reference (fracture-removed),16.0,2.679031010806618,0.6697577527016545,0.2620851836983254,0.3967065003981477,0.5038884908550048,0.31643581429416734,0.1539473684210526,0.08116883116883114,0.0801949680251416,0.029851776707392502,0.4265741452213586,0.2450135447988234,0.375,20.594929133256713,0.2700364540174094,0.375
S3,0,W06_C1,ADFNE,12.0,1.297127804171446,0.3242819510428615,0.44127405211993964,0.5595615026219953,0.4756603248673282,0.425667254921896,0.06512605042016804,0.1363636363636363,0.02899130875419985,0.02546254342941325,0.23194860402987916,0.24655551271687137,0.16666666666666666,176.04998022490378,0.17267229282573276,0.8532423208191127
S3,0,W06_C1,EVAE,13.5,1.6793183442779016,0.41982958606947535,0.3745755014313751,0.49990342738252724,0.5029736379627947,0.4562739793713077,0.08193979933110365,0.1052631578947368,0.0428129434434374,0.019139610812572948,0.3932165363308049,0.19734069489813755,0.0,18.882199670072477,0.19592362393475976,0.5688282138794085
S3,0,W06_C1,Held-out,24.0,3.1994869841693903,0.7998717460423475,0.2492383493665038,0.331837988219715,0.4789861729787229,0.47013622820555,0.1162790697674418,0.0851063829787234,0.0982996627246916,0.0496528690177261,0.5302332072549114,0.2168691360630028,0.0,32.744376409546646,0.3883969226552995,1.137656427758817
S3,0,W06_C1,KDE,12.0,1.5494559996795774,0.38736399991989434,0.4199265491479671,0.5312781926131567,0.409178871123422,0.45572446590966187,0.13339920948616596,0.13339920948616596,0.0301575759614988,0.0248479656508666,0.231224680653505,0.25288136731892663,0.16666666666666666,179.16857346944352,0.20195067502195208,0.8532423208191127
S3,0,W06_C1,Reference,17.0,2.955834947640223,0.7389587369100558,0.25850056796024035,0.39272796700371443,0.43176181764571486,0.3058459475012234,0.1583333333333333,0.08116883116883114,0.0801949680251416,0.02840550561591,0.4265741452213586,0.2460774591366593,0.375,22.360130976847817,0.2958596479469363,0.375
S3,0,W06_C1,Reference (fracture-removed),16.0,2.679031010806618,0.6697577527016545,0.2620851836983254,0.3967065003981477,0.43176181764571486,0.31643581429416734,0.1539473684210526,0.08116883116883114,0.0801949680251416,0.02840550561591,0.4265741452213586,0.2460774591366593,0.375,20.20610013679544,0.2700364540174094,0.375
S3,0,W06_C2,ADFNE,12.0,1.57510451969309,0.39377612992327254,0.42209675287962134,0.5093314671499836,0.31937781534057536,0.4937058415565547,0.1,0.18614718614718612,0.027961454422414,0.028332278603923552,0.28099498973166526,0.22263042716776005,0.16666666666666666,166.5888633815207,0.1916651197730715,1.137656427758817
S3,0,W06_C2,EVAE,14.0,1.7844573078520063,0.4461143269630015,0.3467045197633088,0.534359498684005,0.5224870394346812,0.422661336285692,0.0910973084886128,0.08514492753623185,0.04226358505230425,0.020701456760869548,0.391653548976467,0.18631335201057458,0.041666666666666664,17.209383199653622,0.21341324054514454,0.5688282138794085
S3,0,W06_C2,Held-out,21.0,1.9199386289028375,0.4799846572257092,0.3281271379180012,0.508069837036734,0.4769979449264083,0.1602558674068668,0.1428571428571428,0.0789473684210526,0.0871202223889327,0.060415955049694,0.3504031551458036,0.3848813260334045,0.0,20.691066369645423,0.301552835209183,0.8532423208191127
S3,0,W06_C2,KDE,12.0,1.3933800117572313,0.3483450029393078,0.44585739973905236,0.5220353337456668,0.4129415923073009,0.39410560239097386,0.1052631578947368,0.1633333333333333,0.02928979703540835,0.0297712986899706,0.22590022947972754,0.3557805371642616,0.08333333333333333,161.70682874174707,0.19362836123426697,1.137656427758817
S3,0,W06_C2,Reference,17.0,2.955834947640223,0.7389587369100558,0.25850056796024035,0.39272796700371443,0.43176181764571486,0.3058459475012234,0.1583333333333333,0.08116883116883114,0.0801949680251416,0.02840550561591,0.4265741452213586,0.2460774591366593,0.375,22.360130976847813,0.2958596479469363,0.375
S3,0,W06_C2,Reference (fracture-removed),16.0,2.679031010806618,0.6697577527016545,0.2620851836983254,0.3967065003981477,0.43176181764571486,0.31643581429416734,0.1539473684210526,0.08116883116883114,0.0801949680251416,0.02840550561591,0.4265741452213586,0.2460774591366593,0.375,20.206100136795435,0.2700364540174094,0.375
S3,1,W00_C3,ADFNE,11.0,1.2867963576378691,0.32169908940946723,0.46834932325067313,0.5983199950200875,0.48748052334874914,0.40292762145345806,0.1111111111111111,0.1702898550724637,0.028947642564027952,0.02478667207736375,0.2887554823550115,0.2083048088584112,0.20833333333333334,167.72904222885992,0.17802305046672595,0.9715025906735753
S3,1,W00_C3,EVAE,10.0,1.6683167888324433,0.4170791972081108,0.3671401407747831,0.5113736420734963,0.5883141026142653,0.37181155105849056,0.09545454545454546,0.11805555555555555,0.0456694838552968,0.01696322167238145,0.42729347922254146,0.21362449782056686,0.20833333333333334,13.776493195601475,0.19141466079568445,0.6476683937823834
S3,1,W00_C3,Held-out,11.0,2.1936290344071723,0.5484072586017931,0.4870201084231914,0.2947729862789924,0.5391848125170403,0.3301861325767052,0.0,0.0625,0.0286956769957188,0.0156402421820143,0.2352512793249072,0.3100835311683358,0.0,68.05958381491664,0.2257923191536577,0.3238341968911917
S3,1,W00_C3,KDE,11.0,1.2075200839833244,0.3018800209958311,0.44864881911906873,0.5691674908694475,0.39739750009612973,0.31043668249440703,0.0588235294117647,0.0976190476190476,0.03011598221879095,0.02978239479148405,0.24061438624924192,0.24537851751372958,0.041666666666666664,174.01351523794605,0.1793822575672471,0.6476683937823834
S3,1,W00_C3,Reference,11.5,2.1321106081890138,0.5330276520472534,0.33074115738030807,0.43006210491253033,0.5501440042253873,0.3635903805356083,0.07427536231884055,0.05277777777777775,0.02675586581071395,0.03100417514175825,0.15495639717307141,0.2796986930094211,0.25,167.31055341440805,0.24628837345888654,0.4857512953367875
S3,1,W00_C3,Reference (fracture-removed),11.5,2.0533577348148278,0.5133394337037069,0.3382332726004762,0.44135220053107815,0.5501440042253873,0.3635903805356083,0.07806324110671935,0.05277777777777775,0.02675586581071395,0.03100417514175825,0.15495639717307141,0.2796986930094211,0.25,166.42435865780655,0.24628837345888654,0.4857512953367875
S3,1,W00_C4,ADFNE,11.0,1.526571782812594,0.3816429457031485,0.4022332374612923,0.4966104975595041,0.4362935199782908,0.42577205452748873,0.12549019607843134,0.1952380952380952,0.03619485381935815,0.0308000530349019,0.27520077184175207,0.2939716898429756,0.08333333333333333,160.01118748845522,0.2076946593727207,1.2953367875647668
S3,1,W00_C4,EVAE,11.0,1.8702495096807983,0.46756237742019957,0.3483594550054737,0.5104765737324054,0.5022036645182345,0.35434089860344853,0.069047619047619,0.09307359307359306,0.038640774485254895,0.02464100005248825,0.2519250647060875,0.18172964275671794,0.125,7.162932326552724,0.20790588301676943,0.6476683937823834
S3,1,W00_C4,Held-out,15.0,2.31383401834778,0.578458504586945,0.4227428575796079,0.3058985385264095,0.4994436070827441,0.236559123109143,0.1153846153846153,0.0714285714285714,0.062360896778281,0.0065929387191233,0.2755594978911523,0.1343186572343073,0.0,59.92578203552806,0.2889509576183651,0.6476683937823834
S3,1,W00_C4,KDE,11.0,1.372024000917813,0.3430060002294532,0.4563630431480791,0.5135356685362181,0.3500158986543885,0.3919266090443948,0.057189542483660094,0.16228070175438591,0.03116757736241535,0.026631845577847202,0.3356344441141612,0.25694772127516186,0.125,166.03683887291908,0.19684040792200924,0.9715025906735753
S3,1,W00_C4,Reference,14.0,1.8093348826886697,0.4523337206721675,0.40754868709188447,0.47206534893360064,0.538940282095465,0.2974040104754092,0.07427536231884055,0.05277777777777775,0.0252398194249191,0.02324314824560645,0.18078551874698578,0.2796986930094211,0.125,156.3861473381136,0.22230240865435485,0.4119170984455959
S3,1,W00_C4,Reference (fracture-removed),12.0,1.7434838899875111,0.4358709724968778,0.40754868709188447,0.48335544455214846,0.538940282095465,0.3376161406729563,0.07806324110671935,0.05277777777777775,0.0252398194249191,0.022770339090340548,0.18078551874698578,0.2796986930094211,0.125,155.2467053958844,0.2052741471685839,0.3238341968911917
S3,1,W01_C3,ADFNE,14.0,1.4277432099217724,0.3569358024804431,0.43306928949385093,0.4717295860065583,0.37465710062097446,0.4158387174070828,0.0976190476190476,0.1769230769230769,0.02902785442469195,0.02656815590305715,0.22346387435322296,0.2077211207001538,0.08333333333333333,166.18392586344376,0.1859150354234196,1.125
S3,1,W01_C3,EVAE,13.0,1.7388862489756995,0.43472156224392483,0.37471444583242053,0.4779960750933379,0.5199476238606561,0.34428211582734686,0.057189542483660094,0.0909090909090909,0.0423505003929874,0.02141494374674715,0.3109747162227272,0.21593482568617217,0.041666666666666664,16.990605942412028,0.19078925142852976,0.5
S3,1,W01_C3,Held-out,8.0,2.473011213750038,0.6182528034375095,0.2735220744357678,0.4487152401240956,0.570136818331477,0.5725697622731107,0.0,0.2,0.0223811624663155,0.0406451325313444,0.1691636660957239,0.3120233099771275,1.0,155.06443162974398,0.1809921391839573,0.5
S3,1,W01_C3,KDE,14.0,1.4663315133316197,0.3665828783329049,0.42147898552927476,0.5216508902516401,0.39232791513687515,0.38628757884111503,0.13339920948616596,0.1666666666666666,0.028846240822060852,0.03402449185388385,0.30214253959847204,0.3376387181940458,0.125,166.98136948725332,0.1931039719102339,1.25
S3,1,W01_C3,Reference,12.5,2.1321106081890138,0.5330276520472534,0.33074115738030807,0.41797814130334304,0.5044380077452367,0.33973520578077654,0.0589244851258581,0.06554054054054051,0.02675586581071395,0.03100417514175825,0.1559993635732965,0.2796986930094211,0.25,160.36688770816298,0.24628837345888654,0.5738341968911918
S3,1,W01_C3,Reference (fracture-removed),11.5,2.0533577348148278,0.5133394337037069,0.3382332726004762,0.4370080601031986,0.5044380077452367,0.3843030548720716,0.06385869565217389,0.054411764705882354,0.02675586581071395,0.03100417514175825,0.1559993635732965,0.2796986930094211,0.25,159.0734578171381,0.24628837345888654,0.4857512953367875
S3,1,W01_C4,ADFNE,14.0,1.4285033726002365,0.35712584315005913,0.4193261046920283,0.5372211388878001,0.3481912990193341,0.4621405706356966,0.1152173913043478,0.1818783068783068,0.03347150243644435,0.031795852618438106,0.31298864010539046,0.28966050351893613,0.041666666666666664,8.35915619795979,0.18485989427224486,1.25
S3,1,W01_C4,EVAE,13.0,1.7085132765438786,0.4271283191359696,0.3333156182908964,0.532822474038448,0.5253204888615782,0.42848272621397104,0.10818713450292394,0.11555555555555555,0.04009465388588225,0.01584817928260605,0.34977266221792574,0.1824890500021633,0.0,7.818170765603994,0.19039325783887773,0.5
S3,1,W01_C4,Held-out,8.0,1.3456101649394845,0.336402541234871,0.3763612050752602,0.6865031715754009,0.7717265695538067,0.2231491598295065,0.0,0.0,0.0111195140487701,0.0302879605851548,0.1056167820695088,0.3741425861439575,0.0,158.69106811884615,0.1471694904779855,0.0
S3,1,W01_C4,KDE,14.0,1.379721993840266,0.3449304984600664,0.41462392728000286,0.5467732275740962,0.38124870361231,0.39319469950992336,0.12019230769230765,0.1699308755760368,0.03082099076115455,0.0400373328053692,0.35548525235661976,0.38356710626729634,0.0,156.73376461548767,0.1893770320377707,1.25
S3,1,W01_C4,Reference,11.5,1.7031557392230665,0.42578893480576663,0.45066490877218734,0.43998634979677154,0.5116507954602438,0.3386664014138576,0.0526315789473684,0.05277777777777775,0.025383379128430403,0.0205190575790329,0.15495639717307141,0.20233787666373748,0.25,153.4114190904045,0.2060085977585303,0.3238341968911917
S3,1,W01_C4,Reference (fracture-removed),11.5,1.6373047465219077,0.40932618663047693,0.45066490877218734,0.451714043944875,0.5116507954602438,0.3635903805356083,0.057565789473684195,0.05277777777777775,0.025383379128430403,0.0198369193421565,0.15495639717307141,0.20233787666373748,0.25,152.14520682106684,0.18898033627275934,0.2869170984455959
S3,1,W02_C3,ADFNE,14.0,1.501146754908003,0.37528668872700066,0.39975522502443284,0.5431945804885729,0.39269008209309353,0.4354301146237334,0.0952380952380952,0.1421404682274247,0.02779883444816325,0.0314777617898258,0.30345554350827775,0.25992252543642413,0.041666666666666664,165.58661983786158,0.18929558992274295,0.875
S3,1,W02_C3,EVAE,13.0,1.7811642891891444,0.44529107229728604,0.3481060529502803,0.4934856624816836,0.4438763879680348,0.39965682718745177,0.069047619047619,0.1111111111111111,0.04088632729101395,0.019039681925431998,0.27240943507495446,0.20630183186047774,0.08333333333333333,3.4965933489657695,0.2037210771543365,0.75
S3,1,W02_C3,Held-out,12.0,2.3399872931740684,0.584996823293517,0.3678397006358366,0.3381728186210826,0.705520976138819,0.2303394745785118,0.0555555555555555,0.0,0.0140666802044167,0.0453405002567815,0.1011705358931207,0.4628760647658992,0.0,132.36161573881762,0.224737114365288,0.0
S3,1,W02_C3,KDE,14.0,1.6532743592002115,0.41331858980005287,0.37826620552449985,0.5153950139508069,0.35745065536900295,0.3989761943471113,0.11067193675889325,0.15099715099715094,0.0283348721513595,0.0373909082790402,0.28835243253906473,0.28361552660073436,0.16666666666666666,168.73179477180696,0.20715016841499717,1.0
S3,1,W02_C3,Reference,14.0,2.462443528936097,0.6156108822340243,0.2969492502993778,0.39940634336320374,0.4992894659011606,0.2507782115556709,0.0263157894736842,0.06944444444444439,0.0338624701788348,0.0287528936304506,0.3217118990119584,0.2311346094693154,0.25,164.22856290638705,0.24628837345888654,0.375
S3,1,W02_C3,Reference (fracture-removed),11.5,2.4406318272292262,0.6101579568073066,0.2989973950285143,0.4184362621630593,0.5140109753394169,0.26713516699838613,0.03125,0.057189542483660094,0.0338624701788348,0.0282800844751847,0.3217118990119584,0.2311346094693154,0.25,163.90414985218166,0.24628837345888654,0.25
S3,1,W02_C4,ADFNE,14.0,1.421321129137546,0.35533028228438646,0.39708965627349957,0.5664407526889275,0.4804907853747899,0.3552982388439994,0.10263157894736841,0.11555555555555555,0.02969527379353095,0.029616643056168353,0.24236702856174042,0.3303999084161475,0.0,159.13990745838007,0.18516768480301327,0.75
S3,1,W02_C4,EVAE,13.0,1.7087462972997547,0.4271865743249387,0.33851217974937,0.5008157786779363,0.5334945572370423,0.39585592637736444,0.11239495798319324,0.10263157894736841,0.043555553070556946,0.016971777686256947,0.31189131018301464,0.3053427468874743,0.0,10.85281014414469,0.1933988414601549,0.5
S3,1,W02_C4,Held-out,11.0,1.9877952595595716,0.4969488148898928,0.4019508002735424,0.3795707694372096,0.23657419300435,0.1907289624788601,0.0,0.0714285714285714,0.0137866115152081,0.0,0.141615249660027,0.0,0.0,129.27302490791104,0.2186032687161348,0.25
S3,1,W02_C4,KDE,14.0,1.3696511767320112,0.34241279418300286,0.4190654991225763,0.5889119130436883,0.3738340347134209,0.3958229485551742,0.12019230769230765,0.15877016129032256,0.033442669226539296,0.024943981689541803,0.2898703450858897,0.2539465138457167,0.041666666666666664,169.21476594115455,0.19142649421065505,1.25
S3,1,W02_C4,Reference,14.0,1.8657203833186005,0.4664300958296501,0.305278815163264,0.42790238618758425,0.4750791877846568,0.24303999938551302,0.0263157894736842,0.02941176470588235,0.0453374363949204,0.0168811405209143,0.2863756736646384,0.13792454043016034,0.25,173.87191857822341,0.2158878853028347,0.125
S3,1,W02_C4,Reference (fracture-removed),12.5,1.7504335209438786,0.43760838023596965,0.31060529875066145,0.4469323049874398,0.47551776657427336,0.25854101893990616,0.03125,0.02941176470588235,0.04403978143780515,0.0140115737522237,0.2863756736646384,0.13792454043016034,0.25,173.62274511070294,0.2028822267878181,0.125
S3,1,W03_C3,ADFNE,14.0,1.7488951873409375,0.4372237968352344,0.42352339294830477,0.475162403859658,0.3122688086723494,0.4234679589305719,0.0638095238095238,0.18311036789297655,0.03409156516790465,0.02575809758294345,0.24143688775882366,0.24694456230361078,0.16666666666666666,167.4679407754754,0.2029266754415326,1.125
S3,1,W03_C3,EVAE,13.0,1.7349792850703285,0.43374482126758207,0.34558472057781486,0.49651671257736096,0.4907313711368566,0.39563160802239444,0.05625,0.1111111111111111,0.04580967674541145,0.02511835245941,0.3915887975901563,0.2862950874298736,0.041666666666666664,14.352024413119647,0.20009635300045955,0.5
S3,1,W03_C3,Held-out,18.0,2.6509783985517004,0.6627445996379252,0.2410395938150087,0.4961668320116669,0.5129139139896507,0.1597528729226641,0.0909090909090909,0.0833333333333333,0.0441905673962434,0.0659351560875386,0.5743646381280006,0.3529599448710483,0.0,178.58519274701982,0.3031871979048064,0.5
S3,1,W03_C3,KDE,14.0,1.6557621195549777,0.4139405298887444,0.42552207638263206,0.5218712811491653,0.30881697036030864,0.3852565020603469,0.0993589743589743,0.16064516129032255,0.032134960354264205,0.0277987907761391,0.24927103584290322,0.2612868069890018,0.08333333333333333,160.1329033273685,0.19874537576969034,1.0
S3,1,W03_C3,Reference,14.0,2.7769641574545982,0.6942410393636496,0.26580322965386516,0.40886018739527774,0.4745760435639224,0.2516466200746663,0.0526315789473684,0.071078431372549,0.0577068012100666,0.034149655813756355,0.3779456190915059,0.22733829504318953,0.5,2.4334659851607294,0.25735767022804856,0.375
S3,1,W03_C3,Reference (fracture-removed),12.5,2.6290152322442184,0.6572538080610546,0.27219835608681975,0.4479980920968242,0.47551776657427336,0.25854101893990616,0.057565789473684195,0.060661764705882346,0.0558406459780807,0.033331834065988754,0.3779456190915059,0.22733829504318953,0.5,2.42842518291367,0.2508850067100512,0.25
S3,1,W03_C4,ADFNE,14.0,1.6706236814817639,0.41765592037044097,0.39468196709553516,0.49711704616385,0.4022808957039772,0.35944551462545327,0.101010101010101,0.16928571428571426,0.0289470225494682,0.0314874478547154,0.270041563285768,0.30337855000079955,0.16666666666666666,168.28103147907808,0.20225419927553623,1.125
S3,1,W03_C4,EVAE,13.0,1.7247319851953447,0.4311829962988363,0.3657830575606786,0.5162742189831121,0.5361084660318867,0.39557915486375017,0.060661764705882346,0.1,0.03949621254691365,0.013553877427351601,0.4093708127987385,0.18347002912868635,0.0,11.755667789426498,0.18931126399545364,0.5
S3,1,W03_C4,Held-out,16.0,2.028111647786503,0.5070279119466257,0.2845958811818577,0.5980875441021954,0.5863964770902605,0.1341579385297531,0.1,0.0,0.0632957394848892,0.0556112353143712,0.4276857343347774,0.2612631504520663,0.0,4.817762744667817,0.2541253793442187,0.0
S3,1,W03_C4,KDE,14.0,1.5515558245618513,0.3878889561404628,0.38396791917123796,0.5534194828012389,0.4631715123037524,0.3765431183505952,0.11769230769230765,0.19615384615384615,0.03755858214373525,0.0292409078143306,0.2515964185257927,0.36497300509986597,0.041666666666666664,178.69934716625704,0.2037355716758966,1.25
S3,1,W03_C4,Reference,14.0,2.7769641574545982,0.6942410393636496,0.26630265889852966,0.3989564648411972,0.483710432368486,0.3023327908611253,0.057565789473684195,0.08928571428571425,0.059272193382988045,0.0201740449865312,0.3528739805072878,0.16722750151639976,0.5,16.845074901340084,0.2549439122386644,0.5
S3,1,W03_C4,Reference (fracture-removed),12.5,2.6290152322442184,0.6572538080610546,0.27219835608681975,0.4295097093527087,0.5302130780751089,0.30706374150687443,0.0645833333333333,0.07670454545454544,0.0587036931081174,0.0167454570100231,0.3528739805072878,0.16722750151639976,0.5,16.782950219712472,0.2237214331692036,0.25
S3,1,W04_C3,ADFNE,14.0,1.511960624075169,0.37799015601879227,0.40640778431433544,0.5977597925444972,0.5198354508432232,0.4253952047675368,0.100250626566416,0.15192307692307688,0.028926239494639,0.02331626794059285,0.2729908552389264,0.26563306972949474,0.125,168.52205873261906,0.1808955761204677,1.0
S3,1,W04_C3,EVAE,13.0,1.7946873112640112,0.4486718278160027,0.3474142280045633,0.5074077322011421,0.5524959416466028,0.3100507598371472,0.0588235294117647,0.08893280632411066,0.05222254791785945,0.0158120734879358,0.37403976323787325,0.1782115976576629,0.0,21.59946275627142,0.20449811105332527,0.5
S3,1,W04_C3,Held-out,19.0,2.7562920008862237,0.6890730002215557,0.2523999696099694,0.422367262787191,0.4818788004347311,0.2966097838285635,0.1363636363636363,0.0434782608695652,0.0857094269955976,0.0212206685726685,0.5780331381211384,0.5475410324830783,0.0,20.082387513524992,0.2983753858044543,0.25
S3,1,W04_C3,KDE,14.0,1.4673285231337168,0.366832130783429,0.39754292357298915,0.5253594950320436,0.3984899439155989,0.3250521925560143,0.09545454545454546,0.1633333333333333,0.03412442653567,0.0268693436751542,0.2749520338049976,0.2842623482435944,0.041666666666666664,167.05046624150515,0.20041018001261465,1.0
S3,1,W04_C3,Reference,15.5,3.027839506745612,0.7569598766864027,0.2334190200640845,0.39396805472455343,0.4992894659011606,0.21333809714663787,0.057565789473684195,0.06941176470588235,0.06482319759017866,0.0237770797113629,0.589179283946191,0.243329677996973,0.625,15.565225446861373,0.28194848114955534,0.375
S3,1,W04_C3,Reference (fracture-removed),14.5,2.8080136020472195,0.7020034005118048,0.2483709462952727,0.42101475774774894,0.5528794047162178,0.2164057962023589,0.05964912280701749,0.05625,0.06426206021776955,0.0237770797113629,0.589179283946191,0.243329677996973,0.625,15.403753182466422,0.26482747254409045,0.25
S3,1,W04_C4,ADFNE,14.0,1.3359503628345937,0.3339875907086485,0.4178205975557117,0.5644795564618379,0.4632546925788489,0.32123996489019213,0.08893280632411066,0.11769230769230765,0.030125504724418002,0.035002079026331456,0.2637335729689241,0.29134014861669644,0.041666666666666664,167.70179937004323,0.1810773291470374,0.75
S3,1,W04_C4,EVAE,13.0,1.8374378834672531,0.4593594708668133,0.34409977483881016,0.47658594204335586,0.45584656384013456,0.3511195331348441,0.1111111111111111,0.125,0.048297236297814655,0.017308728629405898,0.31586303186873843,0.19624733362945004,0.041666666666666664,15.23144254300883,0.2051442248647917,0.625
S3,1,W04_C4,Held-out,10.0,1.9968149675765183,0.4992037418941297,0.3236715556052508,0.488510732835443,0.4777385577214502,0.3150821111738833,0.0,0.0714285714285714,0.0752117560829279,0.0227735189945694,0.7601651721511452,0.2114269744792448,0.0,22.957734203827105,0.1926161199469933,0.25
S3,1,W04_C4,KDE,14.0,1.5241003045931083,0.3810250761482771,0.4259141885096269,0.5374584132640992,0.4041143134762635,0.37161337953975504,0.125,0.1483516483516483,0.0313286551361525,0.0299547586285615,0.30308957273111325,0.25352332327289173,0.08333333333333333,175.0581802326414,0.19471636678565554,1.0
S3,1,W04_C4,Reference,15.5,2.989895528146512,0.7474738820366279,0.2529427724878618,0.39396805472455343,0.4992894659011606,0.2371135375270907,0.07670454545454544,0.08166666666666665,0.06482319759017866,0.027949270174832702,0.589179283946191,0.2952256785606757,0.625,9.711618676344608,0.28194848114955534,0.5
S3,1,W04_C4,Reference (fracture-removed),14.5,2.7454648707999105,0.6863662176999776,0.25610206606416325,0.42101475774774894,0.5528794047162178,0.24454087043164474,0.07878787878787874,0.07291666666666666,0.06426206021776955,0.027949270174832702,0.589179283946191,0.2952256785606757,0.625,9.514450362094768,0.2614766568855035,0.25
S3,1,W05_C3,ADFNE,14.0,1.2927715458593139,0.32319288646482836,0.45967445383508043,0.5122114014408736,0.35454637531227584,0.4820591110696328,0.0976190476190476,0.208695652173913,0.0307368228753035,0.031187932929905002,0.2685314089493912,0.2829999781430794,0.041666666666666664,164.98781744585855,0.18225722420551033,1.25
S3,1,W05_C3,EVAE,13.0,1.845557232536648,0.461389308134162,0.339039535515015,0.49437896822391036,0.5735190734809404,0.3198002257443665,0.05902777777777775,0.060661764705882346,0.05173687675987785,0.017400403608062602,0.3785010058634103,0.19319074047814216,0.041666666666666664,23.211301679452905,0.2019323660314491,0.25
S3,1,W05_C3,Held-out,17.0,3.072389215862135,0.7680973039655337,0.310504709667635,0.2773513786900107,0.2936023273856929,0.4534208551014889,0.1666666666666666,0.1428571428571428,0.0568224062729871,0.0305202448675165,0.2973855694036101,0.3768686036046647,1.0,52.882416908330455,0.3008640332380382,0.75
S3,1,W05_C3,KDE,14.0,1.3992293724094202,0.34980734310235506,0.43644600564670977,0.5307613293778732,0.3619254556717487,0.45239505502478433,0.1304347826086956,0.1514285714285714,0.03347189362354125,0.0255287677262912,0.25472895253584465,0.2113631186384204,0.0,175.5137778776824,0.19632400498317304,1.0
S3,1,W05_C3,Reference,17.5,3.1997604160332385,0.7999401040083095,0.2450064032246117,0.39396805472455343,0.4779920589525656,0.24069058989105802,0.1206395348837209,0.07947368421052631,0.0890749481402742,0.0237770797113629,0.47423785862303247,0.2796770624689793,0.5,18.959462384408273,0.3007480006952884,0.625
S3,1,W05_C3,Reference (fracture-removed),16.0,2.885321758913191,0.7213304397282978,0.2526028924371648,0.42101475774774894,0.4787952928773195,0.24147317137592372,0.1206395348837209,0.07291666666666666,0.0754235184973877,0.0237770797113629,0.47423785862303247,0.2796770624689793,0.5,18.71623116217662,0.28096235329455255,0.25
S3,1,W05_C4,ADFNE,14.0,1.5753578283651786,0.3938394570912946,0.3695687980614889,0.48713752741763106,0.38880317884952953,0.4534361379161068,0.1304347826086956,0.1666666666666666,0.035577055709181446,0.03604550922786025,0.31325857099358895,0.26833727345479197,0.16666666666666666,165.44698746107207,0.19641070710314365,1.125
S3,1,W05_C4,EVAE,13.0,1.8072983399748228,0.4518245849937057,0.35474714487350056,0.4729385236488317,0.5200594324661676,0.38524674467826575,0.08166666666666665,0.1,0.044493095341933,0.011628354421067251,0.3002505861799337,0.14117736485901777,0.125,18.691334946373445,0.20266777515137557,0.5
S3,1,W05_C4,Held-out,17.0,3.3560762197231147,0.8390190549307788,0.20797656326521,0.4059301334315932,0.7277095515332621,0.2308255735360017,0.15,0.0909090909090909,0.0944564867567372,0.0368127768370199,0.656329799014255,0.2978889131405282,1.0,26.16160818773397,0.2933439100894184,0.5
S3,1,W05_C4,KDE,14.0,1.7549413699042993,0.4387353424760748,0.37671096956761646,0.48424232392577693,0.38735608117103304,0.5938737711777984,0.14318181818181813,0.21059113300492605,0.0331322142341714,0.0330046065770927,0.284067886784541,0.3058414935380035,0.16666666666666666,163.11949363378324,0.21968890382383804,1.5
S3,1,W05_C4,Reference,15.5,2.989895528146512,0.7474738820366279,0.23756619612258167,0.4112663341033228,0.46052166594833543,0.22720777145006066,0.11688311688311684,0.07947368421052631,0.0662185018919201,0.041106013304762754,0.3527955008834268,0.3995558065121798,0.625,4.359791233661243,0.28957653974906206,0.5
S3,1,W05_C4,Reference (fracture-removed),14.5,2.658742259528598,0.6646855648821495,0.2533075711761888,0.4444107827912235,0.4651895431115076,0.2354890598052628,0.12045454545454545,0.07291666666666666,0.065657364519511,0.041106013304762754,0.3527955008834268,0.37208077487186086,0.625,4.29891401833678,0.28096235329455255,0.25
S3,1,W06_C3,ADFNE,13.0,1.5599494562459397,0.3899873640614849,0.43106461890584086,0.5452849503074888,0.37432495106525066,0.3852992326566236,0.11437908496732024,0.1633333333333333,0.03826756234630145,0.0322923234099129,0.3360004179494825,0.29841282334425673,0.08333333333333333,173.17125470305373,0.19938263962991576,1.137656427758817
S3,1,W06_C3,EVAE,13.0,1.9323026952183866,0.48307567380459665,0.33347468734777996,0.5171813748296863,0.6162823808859614,0.33309762724677383,0.0976190476190476,0.10555555555555556,0.06578389348369446,0.014086981031788199,0.3670673355148377,0.2016888838777332,0.125,22.773619932567826,0.2138568960094473,0.5688282138794085
S3,1,W06_C3,Held-out,19.0,4.528053611083086,1.132013402770772,0.1791320327719225,0.2832720349680593,0.3710417847172028,0.7227713082701798,0.2580645161290322,0.1842105263157894,0.1380777970608754,0.0740893809698814,0.8527924977264916,0.4453403006495866,0.0,19.47686497028707,0.4318637080051311,1.99089874857793
S3,1,W06_C3,KDE,13.0,1.4448545036919476,0.3612136259229868,0.45451402620759296,0.5054293798852312,0.3007031885463779,0.41378837868519086,0.13339920948616596,0.1666666666666666,0.0369572331281453,0.02593928579363175,0.3421950345102467,0.2526932467711608,0.08333333333333333,178.02405936427252,0.20013540575696692,1.137656427758817
S3,1,W06_C3,Reference,17.5,3.2200594965996654,0.8050148741499161,0.2326295712416656,0.37328149517979203,0.4779920589525656,0.24069058989105802,0.1339285714285714,0.0825531914893617,0.0890749481402742,0.0350746686666185,0.47423785862303247,0.3578138592993617,0.5,15.287367237732782,0.3007480006952884,0.8016211604095563
S3,1,W06_C3,Reference (fracture-removed),16.0,3.1048742317477354,0.7762185579369337,0.2450064032246117,0.4050045488315479,0.4787952928773195,0.24147317137592372,0.1375,0.08421985815602835,0.07486238112497859,0.0350746686666185,0.47423785862303247,0.35512183917695356,0.5,15.020807205743404,0.28661382286956255,0.5
S3,1,W06_C4,ADFNE,13.0,2.00594230423114,0.501485576057785,0.34656680527655315,0.5000088337593541,0.4977136985056985,0.4317240395297416,0.100250626566416,0.1739130434782608,0.043375306163284055,0.02573524419466345,0.3285457855984285,0.24719937374551576,0.16666666666666666,176.89881487115989,0.21874515729079125,1.137656427758817
S3,1,W06_C4,EVAE,12.5,1.867495806509694,0.4668739516274235,0.3397481675898181,0.502950743617271,0.5469464758140477,0.3365734923712935,0.0768115942028985,0.1052631578947368,0.055351104846261254,0.0152186450325894,0.4204034797128686,0.14369359671840945,0.08333333333333333,18.053254373517483,0.2047481203714007,0.5688282138794085
S3,1,W06_C4,Held-out,19.0,2.839280679418311,0.7098201698545779,0.2646011663105113,0.3730426229605494,0.3857850775699795,0.3177895174144514,0.1818181818181818,0.175,0.0858406662547233,0.0491635953851903,0.3341745617193329,0.295913927477946,0.0,25.159390298305908,0.3529510820943094,1.99089874857793
S3,1,W06_C4,KDE,13.0,1.444274495882473,0.3610686239706181,0.4284149047916775,0.5406569740924978,0.4377066517880974,0.3425315930197812,0.09545454545454546,0.12521739130434778,0.0316279869688962,0.02732336558363905,0.2671058351021103,0.2451595466131892,0.041666666666666664,167.53289858522396,0.19429191168699,0.8532423208191127
S3,1,W06_C4,Reference,17.5,2.9896220962826634,0.7474055240706658,0.2499430281055278,0.4112663341033228,0.46052166594833543,0.22720777145006066,0.10359408033826635,0.07947368421052631,0.0662185018919201,0.047982745787419054,0.3527955008834268,0.3995558065121798,0.5,4.4000861347762985,0.28957653974906206,0.5
S3,1,W06_C4,Reference (fracture-removed),16.0,2.885321758913191,0.7213304397282978,0.2499430281055278,0.42101475774774894,0.4651895431115076,0.2354890598052628,0.10359408033826635,0.07291666666666666,0.0662185018919201,0.047982745787419054,0.3527955008834268,0.37208077487186086,0.5,4.5002727724511615,0.28311831753864014,0.375
S3,2,W00_C5,ADFNE,11.0,1.2300762884244612,0.3075190721061153,0.460590050769467,0.5936272041287716,0.48735873160830356,0.37674772230336473,0.1114551083591331,0.15,0.0300388858346117,0.0317509067807798,0.3323825909217364,0.23276120085995994,0.16666666666666666,169.61632058061147,0.17922389415982498,0.9715025906735753
S3,2,W00_C5,EVAE,11.0,1.5915865732684564,0.39789664331711405,0.3878280071897846,0.4932933267014721,0.5255972994931518,0.42156278049439405,0.069047619047619,0.13809523809523805,0.0265010068699456,0.03036787066086445,0.20713737880240518,0.25117589865853374,0.25,157.02584503001324,0.2069557414906491,0.8095854922279793
S3,2,W00_C5,Held-out,11.0,0.9292836534959056,0.2323209133739764,0.4710078939521343,0.7481621310295666,0.5573567919403946,0.3646591849025273,0.0526315789473684,0.05,0.0264818708817959,0.0188798732416439,0.1221724400425984,0.6041559437326077,0.0,172.5872770024889,0.1688053163638422,0.3238341968911917
S3,2,W00_C5,KDE,11.0,1.5416741472035174,0.38541853680087934,0.4402006080748323,0.4887715071425526,0.3472356971329959,0.45485469471107864,0.0871212121212121,0.17914438502673796,0.044166237250943596,0.0289657095748749,0.3514665906973411,0.2537499476020494,0.16666666666666666,0.7745218711717031,0.2044677055478986,1.2953367875647668
S3,2,W00_C5,Reference,12.0,2.1649506728644625,0.5412376682161156,0.3800914114598194,0.4065243812864342,0.5298542923837879,0.23129609174576632,0.025,0.0714285714285714,0.024248486995459298,0.040001792249149945,0.18380069050434056,0.41382718459088014,0.125,144.6425176711943,0.24935439161613693,0.4119170984455959
S3,2,W00_C5,Reference (fracture-removed),12.0,2.1649506728644625,0.5412376682161156,0.38329082420982136,0.4410966166298772,0.5315396368535753,0.2358495313991463,0.025,0.0669642857142857,0.024248486995459298,0.040001792249149945,0.1774953609014574,0.41382718459088014,0.125,148.05175674034126,0.23998599536051474,0.4119170984455959
S3,2,W00_C6,ADFNE,11.0,1.463984115348437,0.36599602883710913,0.4367722124524499,0.5150040641642446,0.4324493812637123,0.4426465338047376,0.09722222222222221,0.1578947368421052,0.0345476053543518,0.0316569442926505,0.2820514597747481,0.28508069911659517,0.20833333333333334,165.06457695806486,0.19301322968537993,0.9715025906735753
S3,2,W00_C6,EVAE,11.0,1.7628100948957517,0.4407025237239379,0.424531503986995,0.4973290965944197,0.503439880413107,0.46675254651706855,0.0833333333333333,0.1428571428571428,0.03274830981025375,0.034869346855054856,0.21691470833926862,0.27236285146776334,0.20833333333333334,154.96310532003562,0.21078998139564226,0.9715025906735753
S3,2,W00_C6,Held-out,12.0,1.0209629526517665,0.2552407381629415,0.4312757563393903,0.7781963331290596,0.6479958844633342,0.3625215761686894,0.2352941176470588,0.0555555555555555,0.0055654438206865,0.011016212411869,0.1498028518124573,0.3525187971798097,0.0,2.956135250799776,0.1601634676878232,0.3238341968911917
S3,2,W00_C6,KDE,11.0,1.4731968066627765,0.3682992016656941,0.42853205562092606,0.5312853947635721,0.3665744143456382,0.4818221187938956,0.12132352941176469,0.16228070175438591,0.0419437212406518,0.032645175341208255,0.3720349139931137,0.2662958843675026,0.25,5.512395894504248,0.20419742556369008,0.9715025906735753
S3,2,W00_C6,Reference,12.0,2.1649506728644625,0.5412376682161156,0.3800914114598194,0.4065243812864342,0.5298542923837879,0.23129609174576632,0.025,0.0714285714285714,0.024248486995459298,0.040001792249149945,0.18380069050434056,0.41382718459088014,0.125,144.6425176711943,0.24935439161613693,0.4119170984455959
S3,2,W00_C6,Reference (fracture-removed),12.0,2.1649506728644625,0.5412376682161156,0.38329082420982136,0.4410966166298772,0.5315396368535753,0.2358495313991463,0.025,0.0669642857142857,0.024248486995459298,0.040001792249149945,0.1774953609014574,0.41382718459088014,0.125,148.05175674034126,0.23998599536051474,0.4119170984455959
S3,2,W02_C5,ADFNE,14.0,1.4624325810085343,0.3656081452521335,0.3919715459699187,0.4899559181666595,0.3764971335677989,0.441179163399062,0.12077294685990335,0.2,0.032825893007526696,0.04155216197647675,0.2379425576967114,0.3064538699999475,0.041666666666666664,163.51549998217158,0.1922491811476934,1.125
S3,2,W02_C5,EVAE,13.5,1.8420120347544113,0.4605030086886027,0.36024179973089454,0.4711994861482859,0.541136859209816,0.4168789518747687,0.057189542483660094,0.12310606060606061,0.030394729529233402,0.03085551208023675,0.2319073678850328,0.24763176066061343,0.16666666666666666,172.65283691694432,0.2073834474294297,0.75
S3,2,W02_C5,Held-out,16.0,1.3492452458983366,0.3373113114745841,0.596568350235253,0.4093100659172843,0.3625089259473935,0.3148112266590258,0.0526315789473684,0.0952380952380952,0.0223200461208953,0.0308343205080205,0.2127093371367217,0.3596344851453866,0.0,91.73947335130993,0.2028618393353841,0.5
S3,2,W02_C5,KDE,14.0,1.6735217379508622,0.41838043448771556,0.3932427769120772,0.47939957156742247,0.36265480898719415,0.4626715196865354,0.08893280632411066,0.19375,0.032278439594257094,0.0387216284119058,0.274601948922668,0.29831267456752614,0.125,154.50955178939225,0.2088775543343017,1.25
S3,2,W02_C5,Reference,11.5,2.012463307681511,0.5031158269203777,0.3457556281205437,0.4686129864797693,0.5415253661605639,0.2200508837215891,0.02777777777777775,0.0584415584415584,0.02272132998152775,0.040001792249149945,0.1613246899019938,0.31476456903850225,0.125,156.5338584850935,0.2112116109797448,0.25
S3,2,W02_C5,Reference (fracture-removed),10.5,1.8623679797037136,0.4655919949259285,0.3460598928311396,0.4898119622793835,0.5415253661605639,0.22217362231890914,0.02777777777777775,0.025,0.02272132998152775,0.0384759830122626,0.15501936029911068,0.31476456903850225,0.125,157.94723473674802,0.19375472131255078,0.125
S3,2,W02_C6,ADFNE,14.0,1.7942287726438932,0.4485571931609733,0.39413536255935533,0.49378732235295664,0.31177444410099553,0.4738430807730254,0.16228070175438591,0.1923076923076923,0.03266132277319795,0.032886291108513155,0.2837326553449519,0.30324870783966174,0.08333333333333333,165.65978929321446,0.20990728109434748,1.25
S3,2,W02_C6,EVAE,14.0,1.920839176132306,0.48020979403307645,0.3553530812305339,0.5042174697493671,0.499124681777243,0.43576457926238055,0.0208333333333333,0.15099715099715094,0.01984982153203115,0.0331171170665534,0.1424843152045566,0.26870607989129724,0.25,160.3903838750974,0.21041235395149033,0.75
S3,2,W02_C6,Held-out,14.0,1.419715203542166,0.3549288008855415,0.5024077346096811,0.4464947064578842,0.2471873750705592,0.130197349073892,0.0,0.0,0.0334746782568321,0.0243193659230642,0.3034905548401106,0.1721755646141026,0.0,121.5587957048852,0.2091553561816765,0.0
S3,2,W02_C6,KDE,14.0,1.493486936260666,0.3733717340651665,0.396804599545786,0.4943482759872745,0.32857342914554744,0.49552286705098847,0.13961038961038955,0.20344827586206896,0.0402873760467371,0.03142517784234915,0.32473957462392444,0.2605320607076478,0.041666666666666664,0.7237235689536915,0.1982460883544642,1.5
S3,2,W02_C6,Reference,12.5,1.708236372135084,0.427059093033771,0.3800914114598194,0.4481786416942762,0.553460124670398,0.2210729072588723,0.02777777777777775,0.0227272727272727,0.020614765166185302,0.038186177105187596,0.19547859172284732,0.21749347131981975,0.0,139.2666091790943,0.2112116109797448,0.125
S3,2,W02_C6,Reference (fracture-removed),12.0,1.6096589603083715,0.4024147400770929,0.38726948255802596,0.5035764630417148,0.5909741460028797,0.22674431720400917,0.02777777777777775,0.0,0.020484780872684752,0.037112909768708305,0.19450254753779822,0.21655127593860746,0.0,141.31098194960384,0.1958973385100812,0.0
S3,2,W03_C5,ADFNE,14.0,1.8164287612976326,0.45410719032440816,0.37036454170145566,0.46412687710629086,0.28456984297097443,0.5177943598901582,0.1619565217391304,0.21214392803598195,0.0446666535211494,0.032194893587248405,0.34404044007664636,0.2792426287743778,0.125,11.43722163904466,0.20721514414987666,1.375
S3,2,W03_C5,EVAE,14.0,1.930541869557366,0.4826354673893415,0.3394497433240168,0.46131495890786595,0.5051825576577798,0.42104680391138494,0.0769230769230769,0.1439655172413793,0.03279864756860135,0.03388690094816525,0.2175034285829992,0.28716603930622825,0.08333333333333333,168.9676048131213,0.2164863601436755,0.75
S3,2,W03_C5,Held-out,14.0,1.7448444917332342,0.4362111229333085,0.3341890091499694,0.5719264145740023,0.5143653552131008,0.1446783569935598,0.0,0.0,0.0611960088295414,0.0175019489861405,0.369935556346244,0.333056163613884,0.0,14.039390747471144,0.2226204144239929,0.0
S3,2,W03_C5,KDE,14.0,1.640679946087249,0.4101699865218123,0.3739629264535447,0.4899797879507252,0.3138224162760912,0.4217328635865867,0.12521739130434778,0.18605990783410134,0.0396662543108483,0.0313439471796039,0.42221160845133743,0.283823314859856,0.08333333333333333,170.78157826791116,0.20726871488041154,1.375
S3,2,W03_C5,Reference,13.0,2.012463307681511,0.5031158269203777,0.3457556281205437,0.455438997811317,0.4973963572121909,0.22364604109609176,0.0732323232323232,0.0444664031620553,0.033783832384643,0.030792904848018752,0.39421763587704484,0.230110874255082,0.0,162.93203111466931,0.2216701915407114,0.25
S3,2,W03_C5,Reference (fracture-removed),12.0,1.8623679797037136,0.4655919949259285,0.3460598928311396,0.4898119622793835,0.49876019069305955,0.2257687796934118,0.057189542483660094,0.0217391304347826,0.031873079797197945,0.03034489989706185,0.2639082616425824,0.230110874255082,0.0,163.56430009808253,0.2034587995195797,0.125
S3,2,W03_C6,ADFNE,14.0,1.7686569319413767,0.44216423298534413,0.3688146645154981,0.5286543202324951,0.49371857308737366,0.4164285803014218,0.13339920948616596,0.18019480519480513,0.0334881749479456,0.03919399222887915,0.2854774109686397,0.2648801404738993,0.041666666666666664,162.03178592165466,0.20582011703362385,1.25
S3,2,W03_C6,EVAE,12.5,1.883413873482098,0.47085346837052455,0.33511869179188714,0.5098119495286679,0.46940909953908344,0.39988955546839255,0.0769230769230769,0.1428571428571428,0.027310258207381748,0.030335778575920548,0.23383559492680672,0.3390274340175313,0.041666666666666664,166.98659667949335,0.20435822369427645,0.75
S3,2,W03_C6,Held-out,13.0,1.2336494958004671,0.3084123739501168,0.4213173656072468,0.6392617606174673,0.6789448013156946,0.1492036309496045,0.1333333333333333,0.0,0.0592192672021308,0.0041505383298189,0.352704175464413,0.087594382308273,0.0,26.022168454065053,0.1757439536663208,0.0
S3,2,W03_C6,KDE,14.0,1.8140298034944322,0.4535074508736082,0.3770204643829257,0.4835560047514067,0.2643434191744755,0.3670789209436133,0.10117056856187284,0.16120689655172415,0.04594409426622515,0.030399436913845647,0.3611699463089969,0.30812453246339405,0.125,174.6240691128873,0.22315455557263508,1.125
S3,2,W03_C6,Reference,12.0,1.8644330761962902,0.4661082690490725,0.3869982504465218,0.4371076557462265,0.45984902758289803,0.28318838361945853,0.0476190476190476,0.062030075187969894,0.0378883414703974,0.01950695614946615,0.3193035807447153,0.2126124833145056,0.0,158.025357917691,0.19821803659517406,0.25
S3,2,W03_C6,Reference (fracture-removed),10.5,1.6542834720291708,0.41357086800729265,0.4136014978460948,0.4898119622793835,0.46310772093615304,0.3058274213944363,0.02941176470588235,0.051315789473684204,0.0378883414703974,0.01822895420904,0.26111613130895006,0.21087876969389524,0.0,165.36577918144425,0.1897440435386643,0.25
S3,2,W04_C5,ADFNE,14.0,1.7357430586932139,0.43393576467330336,0.38275835334201513,0.48681756345912686,0.41480066092154777,0.4040747487862235,0.0952380952380952,0.1666666666666666,0.04486006180857725,0.02907254047063325,0.3714928060054321,0.274473841511895,0.041666666666666664,3.18221368482287,0.20907471037998765,1.0
S3,2,W04_C5,EVAE,15.5,2.07338367017284,0.5183459175432099,0.3299620216203726,0.44814330735349095,0.4418535515974198,0.5129814326006061,0.09545454545454546,0.1538461538461538,0.051855959681969405,0.0357722572890452,0.30253762195779615,0.24231594650706578,0.041666666666666664,1.5782785280430665,0.2415961380395015,1.125
S3,2,W04_C5,Held-out,14.0,2.779757208395937,0.6949393020989842,0.2552378381311718,0.4084103088732712,0.4041682403680373,0.2898543550632248,0.0625,0.0588235294117647,0.0693565490296188,0.0149216032966322,0.4532218624823396,0.1968953858490368,1.0,16.815270848106508,0.2637790959804422,0.25
S3,2,W04_C5,KDE,14.0,1.7274180178276224,0.4318545044569056,0.36789058880694875,0.480076665300125,0.36278629155661174,0.39683524673472137,0.1394230769230769,0.16954022988505746,0.033456876287775245,0.039823558940913245,0.3204739537918724,0.32405386437705974,0.08333333333333333,169.12127526965,0.2113419063312105,1.0
S3,2,W04_C5,Reference,17.0,2.692614375623455,0.6731535939058637,0.28776512543885974,0.455438997811317,0.4973963572121909,0.28649841350818156,0.11818181818181815,0.07738095238095236,0.06062333566734786,0.0377753922629495,0.4206366926890611,0.24872018936102672,0.25,10.795860767011048,0.2841166195994404,0.375
S3,2,W04_C5,Reference (fracture-removed),15.5,2.5866951123327144,0.6466737780831786,0.30807533010549965,0.4566383953685421,0.49876019069305955,0.3091374512831594,0.11363636363636359,0.0801282051282051,0.0508977096495629,0.037112909768708305,0.4025354615297304,0.230110874255082,0.25,12.469366705591765,0.25676111206397095,0.375
S3,2,W04_C6,ADFNE,14.0,1.4756790799616353,0.36891976999040876,0.4132899076563295,0.5076746654759192,0.3442952617303773,0.4176412253193881,0.0976190476190476,0.1633333333333333,0.03321152280507495,0.0300408010167159,0.2570267810980059,0.2540945304949607,0.08333333333333333,166.56512058378183,0.19407278149733237,1.0
S3,2,W04_C6,EVAE,14.0,1.967312860139471,0.49182821503486773,0.32657273544778387,0.4782241618821857,0.5104637871498721,0.4143244536521422,0.100250626566416,0.1578947368421052,0.03409982641271915,0.02725714356560245,0.2334555479669724,0.29016806166514614,0.125,177.5949553354042,0.21795304182996122,0.75
S3,2,W04_C6,Held-out,14.0,3.302780090080105,0.8256950225200264,0.2562366966205007,0.3043812761518299,0.6129999706492799,0.4070691024030284,0.125,0.1111111111111111,0.0690705557180791,0.028296504823475,0.7868787489859914,0.4568973923522201,1.0,39.4038894353493,0.2590540555328813,0.5
S3,2,W04_C6,KDE,14.0,1.668865453934039,0.41721636348350977,0.3824228198556954,0.5510032143397916,0.41090068416863545,0.4164034197278814,0.1452173913043478,0.20344827586206896,0.039371136371596296,0.0360559326922829,0.34880620871004603,0.2997973887430472,0.0,177.80266713126608,0.20380774101821242,1.5
S3,2,W04_C6,Reference,15.0,2.012463307681511,0.5031158269203777,0.3073029626505563,0.45775795787834334,0.489536878805109,0.28318838361945853,0.1125,0.0791925465838509,0.0409101478872297,0.035447179240195345,0.38492965775165705,0.22267562840517563,0.125,2.431622474297674,0.22897266629378676,0.25
S3,2,W04_C6,Reference (fracture-removed),12.5,1.8623679797037136,0.4655919949259285,0.32206118652485183,0.4589573554355685,0.49297083364261807,0.3058274213944363,0.11513157894736839,0.08608058608058605,0.03992562851774085,0.0314655889829042,0.26478745972409146,0.21700312216046344,0.125,4.971881570668723,0.2034587995195797,0.25
S3,2,W05_C5,ADFNE,14.0,1.329370984347546,0.3323427460868864,0.38719232128942427,0.5474327956792784,0.4265045071132194,0.3612276674595715,0.1101190476190476,0.1225,0.03178507087233165,0.0256237004414908,0.25060778069045847,0.28913783481970684,0.125,164.0942856167038,0.1820070592754225,0.75
S3,2,W05_C5,EVAE,16.0,2.277623187898766,0.5694057969746915,0.3074275983669733,0.4441871835847062,0.48432556211724587,0.4774279032596416,0.10620300751879694,0.1435185185185185,0.0556989302731242,0.034479767011748305,0.3049286101902806,0.35639521523097595,0.125,9.543188188513843,0.25371939340709965,1.0
S3,2,W05_C5,Held-out,17.0,3.2400851453022432,0.8100212863255607,0.2244846854006116,0.3795258005758357,0.5300384239885594,0.2681438705749481,0.3333333333333333,0.0454545454545454,0.0603353108396491,0.0355283897005835,1.0,0.2415500465047448,1.0,23.78912316919389,0.2829798691989578,0.25
S3,2,W05_C5,KDE,14.0,1.9378266507130752,0.4844566626782688,0.3437964376033503,0.47188066715342175,0.31962466099409936,0.48593072639824497,0.13664596273291918,0.21896383186705765,0.040530001600186,0.03115112641326645,0.296345662709576,0.20976676863631405,0.125,160.08681419144412,0.21859664013189734,1.7500000000000002
S3,2,W05_C5,Reference,17.5,2.7977863401522676,0.6994465850380668,0.2737103318193749,0.3894863781960713,0.43176181764571486,0.31643581429416734,0.1464285714285714,0.08893280632411066,0.08074148740220745,0.03700621940704485,0.518168955803603,0.29017597318948973,0.25,17.812473347433425,0.2958596479469363,0.5344141069397043
S3,2,W05_C5,Reference (fracture-removed),16.5,2.717921875668434,0.6794804689171083,0.2767040915069281,0.4087160038104509,0.4743884711676041,0.33085905199822735,0.1578947368421052,0.0952380952380952,0.08074148740220745,0.03400485394412625,0.518168955803603,0.2818123153225268,0.25,20.07077005418881,0.28785106223521945,0.5344141069397043
S3,2,W05_C6,ADFNE,14.0,1.2920285337225201,0.32300713343063003,0.4496213419085088,0.5990270168951697,0.39938055507465314,0.36813367149924947,0.0952380952380952,0.11769230769230765,0.029822910014224747,0.02522726788518105,0.3106662200892438,0.24698215713202776,0.08333333333333333,179.42856171940372,0.17723164124422092,0.75
S3,2,W05_C6,EVAE,14.0,1.982755073507417,0.49568876837685427,0.34209283682217406,0.46793814104133635,0.4664091151462369,0.42980690372808866,0.07499999999999996,0.15165441176470584,0.03572215037102715,0.02984690113962815,0.254729008125506,0.29674404391310505,0.08333333333333333,169.19392874478737,0.22439371679069287,1.0
S3,2,W05_C6,Held-out,18.0,2.557102480556893,0.6392756201392231,0.2506477068445518,0.4933341398838732,0.7951518846169815,0.1862716723251732,0.0909090909090909,0.0833333333333333,0.0204662213481259,0.0995013622543823,0.2552139064039078,0.5471335275281195,0.0,153.95783011006594,0.2848989415467777,0.5
S3,2,W05_C6,KDE,14.0,1.5229506859668382,0.38073767149170956,0.403478376776362,0.5058432259647001,0.3509270799300817,0.3877340240549979,0.0910973084886128,0.1818783068783068,0.0399749854182693,0.034263471752388946,0.3371267167903398,0.294227889748788,0.0,170.60152149363026,0.20797754518807354,1.25
S3,2,W05_C6,Reference,16.0,2.499386406410477,0.6248466016026193,0.2868769335120501,0.4164676581764184,0.5387168056987921,0.3211980666478028,0.0899470899470899,0.08893280632411066,0.03675331812668145,0.035447179240195345,0.38492965775165705,0.25000629437226063,0.125,172.56423719739902,0.27962266895342525,0.5
S3,2,W05_C6,Reference (fracture-removed),14.5,2.425789807711448,0.606447451927862,0.29470798698437545,0.42224708443421455,0.5424462099170462,0.3494621912388612,0.0981781376518218,0.0952380952380952,0.03675331812668145,0.03244581377727675,0.34746936262693856,0.2257244730216037,0.125,175.8989798304954,0.2563068033692678,0.5
S3,2,W06_C5,ADFNE,13.0,1.7579875775582638,0.4394968943895659,0.36548745897361157,0.5273629196940488,0.4792637654391369,0.3654292940873616,0.0952380952380952,0.12771739130434778,0.0404931614354036,0.027493972338369498,0.4100607606491072,0.2583984062081177,0.25,1.6635518310111967,0.2021607473971833,0.8532423208191127
S3,2,W06_C5,EVAE,16.0,2.4870393777038764,0.6217598444259691,0.29042878947756945,0.4419483098447131,0.46048242147006835,0.4403860436845253,0.14550264550264547,0.1785714285714285,0.0714478090538366,0.0337709538704597,0.3850672937505576,0.33140593934845,0.375,13.087163953222257,0.28508169273011186,1.137656427758817
S3,2,W06_C5,Held-out,14.0,1.4581780186993762,0.364544504674844,0.4375992353420158,0.4986773266269985,0.1594057861908026,0.1557394509841105,0.0769230769230769,0.0,0.0294309682890052,0.0151226129301324,0.1483676258817557,0.2212930224669327,0.0,160.02366723552842,0.2128522166470821,0.0
S3,2,W06_C5,KDE,13.0,1.7640070217334052,0.4410017554333513,0.3575611510973859,0.4924722478426514,0.4009944856127617,0.4630927292241336,0.15,0.21130952380952372,0.0479489214902202,0.03131808687208415,0.3849797026442964,0.3332440002648604,0.16666666666666666,3.3345470980752214,0.227821106902111,1.4220705346985212
S3,2,W06_C5,Reference,17.5,2.78676551605676,0.6966913790141901,0.2868769335120501,0.3894863781960713,0.43139151124819386,0.31643581429416734,0.1464285714285714,0.08893280632411066,0.08405318553791274,0.04841368314131775,0.40744310263323696,0.3168428057631757,0.25,17.91533084978378,0.29710397166372826,0.6594141069397043
S3,2,W06_C5,Reference (fracture-removed),16.5,2.600981788282186,0.6502454470705465,0.29470798698437545,0.4087160038104509,0.4719480434134427,0.33085905199822735,0.1578947368421052,0.0952380952380952,0.08405318553791274,0.04099674495831915,0.40744310263323696,0.3084791478962128,0.25,20.168354175042744,0.2890953859520114,0.6594141069397043
S3,2,W06_C6,ADFNE,13.0,1.762013915075478,0.4405034787688694,0.3850631007419058,0.500315457585149,0.3692196585334993,0.4418803738133917,0.150375939849624,0.18783068783068774,0.03263963363470705,0.038172039842549896,0.29892654326344836,0.33391529524572416,0.20833333333333334,171.91197835510914,0.21767367957533745,1.137656427758817
S3,2,W06_C6,EVAE,15.5,2.188835352263923,0.5472088380659808,0.3175781705357337,0.4352424014237699,0.5415947321830387,0.4443137597128408,0.11437908496732024,0.1666666666666666,0.0461407767073371,0.0322705992711213,0.32481017449779603,0.26210317517390813,0.375,173.39569736949443,0.26042866447639434,1.137656427758817
S3,2,W06_C6,Held-out,11.0,3.475323722870068,0.8688309307175172,0.2112152694958722,0.3670371897837484,0.3899923220267832,0.9712502453611254,0.15,0.2307692307692307,0.0631105731591986,0.0576764882125126,0.2788490179337459,0.528487132875133,1.0,170.37670465834515,0.2942541379513464,1.706484641638225
S3,2,W06_C6,KDE,13.0,1.6913811777957068,0.4228452944489267,0.4134055780415853,0.48375186961423566,0.3687143670290789,0.4936188974320489,0.1375,0.17711598746081503,0.037081957930273704,0.02816593276484225,0.36299581028195554,0.2313396877384727,0.2916666666666667,173.56356824674847,0.2202697796577898,1.279863481228669
S3,2,W06_C6,Reference,17.5,2.690850519855584,0.6727126299638959,0.2737103318193749,0.3940554297893759,0.5197775555777827,0.3376239888485312,0.1464285714285714,0.09545454545454546,0.03675331812668145,0.036216352096099996,0.38492965775165705,0.25000629437226063,0.125,172.17412876017892,0.28884995944340325,0.5344141069397043
S3,2,W06_C6,Reference (fracture-removed),15.5,2.5849312565648432,0.6462328141412108,0.2767040915069281,0.4087160038104509,0.5335920471690505,0.3649413367274238,0.1578947368421052,0.0976190476190476,0.03675331812668145,0.036216352096099996,0.34746936262693856,0.2257244730216037,0.125,175.4048045737306,0.2768724299712815,0.5344141069397043
S3,3,W00_C7,ADFNE,12.0,1.4786854684653676,0.36967136711634185,0.41089107096296584,0.5244394744344528,0.4032181748865207,0.4421134706858521,0.12698412698412695,0.1818181818181818,0.03874942224558475,0.0372686933017442,0.269775747459045,0.2969989504474284,0.16666666666666666,172.77786897881543,0.20519469904761362,1.2953367875647668
S3,3,W00_C7,EVAE,14.0,2.1846105449643276,0.5461526362410817,0.3315639547429289,0.3988051682812572,0.5744549396177736,0.40760445046257165,0.0952380952380952,0.13809523809523805,0.062595933337334,0.01726970544815985,0.4063547703820043,0.21067494617993837,0.20833333333333334,35.691564899673935,0.2530631442663065,0.6476683937823834
S3,3,W00_C7,Held-out,18.0,1.6320734904733725,0.4080183726183432,0.3838216178443786,0.5106527047315423,0.5205237722505354,0.2189966546882381,0.1034482758620689,0.09375,0.0263702573134533,0.0813153790661989,0.2790407199853588,0.4695483007635115,0.0,149.50362996503202,0.2729164640786162,0.9715025906735753
S3,3,W00_C7,KDE,12.0,1.6236207938659817,0.4059051984664954,0.3967124830778642,0.522441208855386,0.4171675535375264,0.45864901990671747,0.1375,0.2139588100686498,0.03918483216460075,0.02750369172342015,0.31144930257711023,0.29035644928150645,0.20833333333333334,175.0862987400408,0.21750325453141175,1.4572538860103625
S3,3,W00_C7,Reference,11.5,1.3844802247202512,0.3461200561800628,0.4511418251457623,0.4476049732909899,0.5482708022287175,0.3224986796178655,0.0263157894736842,0.05902777777777775,0.0244870155540459,0.0234391539028403,0.19208068436132164,0.3246285455082541,0.125,152.1468462225725,0.1919269892596707,0.3238341968911917
S3,3,W00_C7,Reference (fracture-removed),11.0,1.3844802247202512,0.3461200561800628,0.4585702969396327,0.4476049732909899,0.5482708022287175,0.3224986796178655,0.0263157894736842,0.0645833333333333,0.0244870155540459,0.0234391539028403,0.19208068436132164,0.3246285455082541,0.125,152.4252617574354,0.1919269892596707,0.3238341968911917
S3,3,W00_C8,ADFNE,12.0,1.6298122747555648,0.4074530686888912,0.3840696879235056,0.5084621071197335,0.36721707486370686,0.37906207597751873,0.1428571428571428,0.1339285714285714,0.04179262477527485,0.031230269018008298,0.28378736976974117,0.21823952434356914,0.16666666666666666,174.89790036603796,0.21529477017221693,0.9715025906735753
S3,3,W00_C8,EVAE,14.5,2.1859834890630676,0.5464958722657669,0.326037503522162,0.44209884726365367,0.5441625526889506,0.41695815359607047,0.12771739130434778,0.1132478632478632,0.05643497124005715,0.018004760583462648,0.3977439151210467,0.20101538235965488,0.16666666666666666,32.323663572918,0.24995934226829125,0.9715025906735753
S3,3,W00_C8,Held-out,13.0,2.5965465566548294,0.6491366391637075,0.3235035367646722,0.3347292121247301,0.8294990930910283,0.2260330603823896,0.05,0.0,0.0,0.0743232732874545,0.0,0.6531171172280543,0.0,135.87794749310768,0.290401262649244,0.0
S3,3,W00_C8,KDE,12.0,1.392623322016525,0.34815583050413124,0.45777619451982204,0.5595398379732228,0.29948611303758,0.3962378052983994,0.1539473684210526,0.19615384615384615,0.036461157264082444,0.027514593897646197,0.26618461902697943,0.26291843271701626,0.041666666666666664,3.8836789847707345,0.19915154468961926,1.6191709844559583
S3,3,W00_C8,Reference,12.5,1.3474277054189105,0.3368569263547275,0.4511418251457623,0.5428782335376757,0.5482708022287175,0.2756851748840844,0.0526315789473684,0.05277777777777775,0.0281034690411637,0.018732278525427852,0.23257540411537464,0.2802107438576492,0.0,20.676816084767086,0.18930289650085247,0.3238341968911917
S3,3,W00_C8,Reference (fracture-removed),11.0,1.3474277054189105,0.3368569263547275,0.4585702969396327,0.5637735261158557,0.5482708022287175,0.2756851748840844,0.0526315789473684,0.05625,0.0281034690411637,0.018732278525427852,0.23257540411537464,0.2802107438576492,0.0,21.305775862766147,0.18583357784961313,0.3238341968911917
S3,3,W03_C7,ADFNE,16.0,1.8676182722713266,0.4669045680678316,0.34578994359348236,0.45293424390161424,0.35096863005368684,0.46729988378272624,0.15407407407407406,0.1905241935483871,0.04727786714492125,0.03152366862127685,0.31661436884590577,0.24999094294985308,0.041666666666666664,9.94932356206854,0.2291904247799093,1.5
S3,3,W03_C7,EVAE,16.0,2.2145058524518815,0.5536264631129704,0.3471164502426338,0.4000023957129436,0.5010116184216283,0.3398686913483515,0.10101867572156195,0.1379310344827586,0.055761333095787,0.0224580315041035,0.2898504218995146,0.20317134575179402,0.041666666666666664,37.41398815155835,0.24620051704900886,0.875
S3,3,W03_C7,Held-out,14.0,1.7410708928330088,0.4352677232082522,0.5328827536261671,0.349860467228075,0.4419594974443459,0.2169526076136717,0.0952380952380952,0.0454545454545454,0.0232973282323056,0.0146379840925538,0.1640865161489066,0.2278861568903418,0.0,107.84468051888271,0.2038199532433548,0.25
S3,3,W03_C7,KDE,16.0,1.857466100947902,0.4643665252369755,0.38905411491422237,0.466408639856486,0.33473064438709,0.39523980211737136,0.1481481481481481,0.2029411764705882,0.04751918763096935,0.03359256655009825,0.32289773082755724,0.28258515941015583,0.125,4.339050173947738,0.23719754283452166,1.5
S3,3,W03_C7,Reference,14.0,1.8864780697598686,0.4716195174399671,0.3093924451659136,0.4699144231708787,0.5503809161516806,0.16773765163738885,0.07670454545454544,0.02941176470588235,0.055959787317270956,0.0263487312773759,0.3564913456178868,0.2048290692248767,0.25,12.260217589016827,0.2383728968841058,0.125
S3,3,W03_C7,Reference (fracture-removed),14.0,1.8864780697598686,0.4716195174399671,0.3093924451659136,0.49390427444259366,0.5503809161516806,0.191576289096678,0.0669642857142857,0.02941176470588235,0.055959787317270956,0.0263487312773759,0.3564913456178868,0.2048290692248767,0.25,12.386828289774156,0.2329960045127368,0.125
S3,3,W03_C8,ADFNE,16.0,2.012402105673633,0.5031005264184083,0.32422005607782145,0.5211565810212482,0.405571152987748,0.5043761442915389,0.1452173913043478,0.1612903225806451,0.04746255282329135,0.03271942602256005,0.3832153195000958,0.25526725395265815,0.25,6.125700165005887,0.22265535485561316,1.25
S3,3,W03_C8,EVAE,16.0,2.332266386709875,0.5830665966774686,0.3067544297391753,0.4152534199916653,0.495622056338508,0.37717934704108935,0.1112637362637362,0.1091269841269841,0.05337815617025025,0.0275248613547195,0.505676438496516,0.17365085147519616,0.041666666666666664,28.761611318109722,0.2555500861455998,0.75
S3,3,W03_C8,Held-out,13.0,1.6754018514371591,0.4188504628592898,0.4904227225879565,0.38570457865701,0.260034654804895,0.3387906829216006,0.0,0.0526315789473684,0.0363558639294051,0.007549400774365,0.2345987768402067,0.0818284921405369,0.0,108.00283107440052,0.1918866607361947,0.25
S3,3,W03_C8,KDE,16.0,1.7182871803550297,0.4295717950887574,0.38416853660167727,0.5043325747980952,0.37471817972692556,0.3720434685355294,0.10727969348659,0.20185810810810811,0.044768251617874,0.0292504800200115,0.29658953105647484,0.2538335851729297,0.08333333333333333,6.118650369312125,0.2292593812502282,1.625
S3,3,W03_C8,Reference,14.0,1.8864780697598686,0.4716195174399671,0.3093924451659136,0.4699144231708787,0.5503809161516806,0.16773765163738885,0.07670454545454544,0.02941176470588235,0.055959787317270956,0.0263487312773759,0.3564913456178868,0.2048290692248767,0.25,12.260217589016827,0.2383728968841058,0.125
S3,3,W03_C8,Reference (fracture-removed),14.0,1.8864780697598686,0.4716195174399671,0.3093924451659136,0.49390427444259366,0.5503809161516806,0.191576289096678,0.0669642857142857,0.02941176470588235,0.055959787317270956,0.0263487312773759,0.3564913456178868,0.2048290692248767,0.25,12.386828289774156,0.2329960045127368,0.125
S3,3,W04_C7,ADFNE,16.0,1.7208209022478491,0.4302052255619623,0.3647198697681122,0.5589513240106143,0.5324080862358908,0.43046722191789677,0.1225,0.1495535714285714,0.046864495714668455,0.0366207153976294,0.3674369528482633,0.30747056242985826,0.08333333333333333,7.408353072743397,0.2036291656988493,1.125
S3,3,W04_C7,EVAE,16.0,2.3543962864681562,0.5885990716170391,0.2900834487291637,0.43222018548952695,0.5347925326924603,0.403615887892588,0.09526209677419355,0.14087301587301584,0.0603457849665533,0.0231835349786172,0.4129132808206045,0.1823851284101953,0.041666666666666664,24.568322131956617,0.26490086948077207,1.25
S3,3,W04_C7,Held-out,7.0,1.5670293658934455,0.3917573414733614,0.3720457006195012,0.5638115949189674,0.7230733905225022,0.3246066158811543,0.0,0.0,0.0178396876928528,0.0368698389931852,0.390212509287506,0.1879794817798884,0.0,150.4534094352378,0.1334614129017256,0.0
S3,3,W04_C7,KDE,16.0,1.7279806349150846,0.43199515872877103,0.380767882135866,0.49844763474247694,0.27232870365726836,0.4456576550115746,0.1314285714285714,0.18545751633986923,0.04776984550943305,0.03550167542060495,0.40452531224936084,0.27418964464779405,0.08333333333333333,12.260467434206658,0.2303027388960126,1.625
S3,3,W04_C7,Reference,14.0,2.6684298444764147,0.6671074611191037,0.25573726737583624,0.4274525076655777,0.52220188960083,0.22720777145006066,0.10795454545454544,0.05213903743315505,0.06070242263837075,0.0263487312773759,0.3564913456178868,0.2373628927085981,0.5,9.733330658796444,0.2614165757566618,0.25
S3,3,W04_C7,Reference (fracture-removed),14.0,2.513310590793904,0.628327647698476,0.2648445750394439,0.4274525076655777,0.52220188960083,0.2412829220128134,0.0857142857142857,0.05213903743315505,0.06070242263837075,0.0263487312773759,0.3564913456178868,0.2373628927085981,0.375,10.394479094458772,0.24543384753915695,0.25
S3,3,W04_C8,ADFNE,16.0,1.7044449878170975,0.42611124695427427,0.3781855627055595,0.5013901978674961,0.43213731269956945,0.31100798045210276,0.13339920948616596,0.1818783068783068,0.046692723959014346,0.0382088968325809,0.3766367038367332,0.24580367627001676,0.16666666666666666,1.4289926639788983,0.2208207996821586,1.25
S3,3,W04_C8,EVAE,16.0,2.3687770011869724,0.592194250296743,0.30257794123496173,0.4173571317774363,0.47667831454387644,0.41760944286977864,0.12512218963831864,0.14249492900608512,0.0586918527361738,0.01970624285492875,0.38823923935474713,0.21351533409885115,0.0,24.9609841241751,0.25905927261358014,1.0
S3,3,W04_C8,Held-out,8.0,1.1561696019744536,0.2890424004936134,0.5049860521626117,0.5447055503907203,0.5013351998887677,0.2899897240511174,0.125,0.1111111111111111,0.0423848583353152,0.0106598244554104,0.2684297981654877,0.2242326229022528,0.0,40.43728617428536,0.1389159275052667,0.25
S3,3,W04_C8,KDE,16.0,1.914579070287017,0.4786447675717542,0.394175768777963,0.4741655071667822,0.3501564464318335,0.42180859279939475,0.1363636363636363,0.2,0.054906747523489396,0.03481772417543355,0.32523440759161354,0.3125131068046012,0.125,20.433474960597763,0.2424785511031957,1.7500000000000002
S3,3,W04_C8,Reference,14.0,2.6684298444764147,0.6671074611191037,0.25573726737583624,0.4274525076655777,0.52220188960083,0.22720777145006066,0.10795454545454544,0.05213903743315505,0.06070242263837075,0.0263487312773759,0.3564913456178868,0.2373628927085981,0.5,9.733330658796447,0.2614165757566618,0.25
S3,3,W04_C8,Reference (fracture-removed),14.0,2.513310590793904,0.628327647698476,0.2648445750394439,0.4274525076655777,0.52220188960083,0.2412829220128134,0.0857142857142857,0.05213903743315505,0.06070242263837075,0.0263487312773759,0.3564913456178868,0.2373628927085981,0.375,10.394479094458772,0.24543384753915695,0.25
S3,3,W05_C7,ADFNE,16.0,1.78712647880324,0.4467816197008099,0.3786860220151882,0.5142401482814851,0.34780527118437854,0.46570317446157417,0.1428571428571428,0.1818783068783068,0.044521681740774546,0.03440868534328325,0.3567117573416046,0.3062532710397702,0.20833333333333334,174.84863542889775,0.2320972740584632,1.25
S3,3,W05_C7,EVAE,16.0,2.279650689373706,0.5699126723434265,0.3105495050180958,0.4319346540911043,0.5020581288591501,0.34290296621050403,0.08411764705882349,0.12701612903225806,0.0561029724666105,0.022135178834967302,0.4093788643054407,0.21652423146849964,0.0,27.98453931945023,0.2507049367522646,0.75
S3,3,W05_C7,Held-out,18.0,2.7342503526952093,0.6835625881738023,0.2909343696958618,0.3499257523500598,0.1413631618155267,0.2763870431877996,0.1428571428571428,0.0869565217391304,0.0393789120890316,0.0454024548248438,0.7021142242157085,0.226510890892805,0.0,171.31379241478504,0.2748893291094624,0.5
S3,3,W05_C7,KDE,16.0,1.783189733697832,0.445797433424458,0.3889457405284664,0.5027624544365588,0.41010206764585366,0.38329437554627505,0.1569230769230769,0.1875,0.0489066258635671,0.0338691561650534,0.30892658382268157,0.3391181712149608,0.08333333333333333,2.350213155363195,0.23067115676079142,1.5
S3,3,W05_C7,Reference,14.0,3.0099211768490903,0.7524802942122725,0.2529427724878618,0.4071702211524322,0.5715191973189196,0.2494847220554749,0.12916666666666665,0.071078431372549,0.061906177646514404,0.031883830313726755,0.3759833854232896,0.2825734999920403,0.625,10.859157113699343,0.2733794825897,0.375
S3,3,W05_C7,Reference (fracture-removed),14.0,3.0099211768490903,0.7524802942122725,0.2566680451849289,0.4071702211524322,0.5793354335701579,0.2494847220554749,0.1214285714285714,0.0748663101604278,0.061906177646514404,0.031883830313726755,0.3759833854232896,0.2825734999920403,0.5,11.369452786213735,0.2556375982286377,0.375
S3,3,W05_C8,ADFNE,16.0,1.8058840172833883,0.4514710043208471,0.35455701715693605,0.5419067232605213,0.4535079160264217,0.39271570693331137,0.13664596273291918,0.18198529411764705,0.04770764403940725,0.0358797617294281,0.2910699381171774,0.2689415630367076,0.25,176.59401720356576,0.22954030219233607,1.5
S3,3,W05_C8,EVAE,16.0,2.3062357902978134,0.5765589475744535,0.30813898562188335,0.4064369798486936,0.4733875314189165,0.42163510864096365,0.10117056856187284,0.12701612903225806,0.05882777599682905,0.02795022645012675,0.4535400877145658,0.18904371202240494,0.08333333333333333,31.943469892584364,0.2512953456539163,1.0
S3,3,W05_C8,Held-out,19.0,2.647450687015959,0.6618626717539896,0.2620054935190049,0.4270051829212437,0.4398600574794314,0.5018876079480665,0.24,0.1071428571428571,0.0274424782310565,0.027574927948751,0.1533285691419878,0.1787369438755385,0.0,161.8662546538949,0.3000288728304241,0.75
S3,3,W05_C8,KDE,16.0,1.7254451816550396,0.43136129541376,0.36618357265416024,0.5070273194915265,0.33623186132919747,0.41242858696785323,0.12666666666666665,0.187683284457478,0.0450379594788016,0.03716320742557895,0.39106113910872403,0.3396243014697875,0.041666666666666664,7.829549043441855,0.2315642288030558,1.5
S3,3,W05_C8,Reference,14.0,3.0099211768490903,0.7524802942122725,0.2529427724878618,0.4071702211524322,0.5715191973189196,0.2494847220554749,0.12916666666666665,0.071078431372549,0.061906177646514404,0.031883830313726755,0.3759833854232896,0.2825734999920403,0.625,10.859157113699343,0.2733794825897,0.375
S3,3,W05_C8,Reference (fracture-removed),14.0,3.0099211768490903,0.7524802942122725,0.2566680451849289,0.4071702211524322,0.5793354335701579,0.2494847220554749,0.1214285714285714,0.0748663101604278,0.061906177646514404,0.031883830313726755,0.3759833854232896,0.2825734999920403,0.5,11.369452786213735,0.2556375982286377,0.375
S3,3,W06_C7,ADFNE,14.0,1.8322083076954176,0.45805207692385436,0.37403131235755166,0.5152264713932232,0.36194024503369254,0.46996206611696834,0.14318181818181813,0.18303571428571425,0.04491650678020365,0.03044348560584885,0.3612536470867961,0.243992836569837,0.20833333333333334,5.234572702921527,0.2150581070696218,1.4220705346985212
S3,3,W06_C7,EVAE,16.0,2.491007306251968,0.6227518265629921,0.29413162902119055,0.40886799051471523,0.5683977671706116,0.38457713112221426,0.11805555555555555,0.1428571428571428,0.07054752651948751,0.0236767040224226,0.46357017073671375,0.19820847920967316,0.08333333333333333,30.163908676740242,0.27867510974941323,0.9954493742889648
S3,3,W06_C7,Held-out,15.0,2.3513221258049954,0.5878305314512489,0.2828194973282384,0.4634727745945184,0.599695053676134,0.3506413618159081,0.037037037037037,0.0689655172413793,0.0341474534648373,0.0582396099712672,0.4225789181371754,0.6384741491186114,0.0,154.23952190708306,0.2843560087973881,0.5688282138794085
S3,3,W06_C7,KDE,14.0,1.4563760694533285,0.36409401736333213,0.4129848117061983,0.5349936494886847,0.3127338492480659,0.35526098939967643,0.1304347826086956,0.1394230769230769,0.037813571602433496,0.03252188202667105,0.32956489066385075,0.2996451116380344,0.08333333333333333,177.7725088631141,0.2032509072186522,0.9954493742889648
S3,3,W06_C7,Reference,15.5,3.039682912360277,0.7599207280900693,0.2529427724878618,0.39272796700371443,0.46710333217829836,0.27899911281908646,0.1375,0.0871212121212121,0.06339044374070985,0.03565201894681705,0.34767891026895703,0.29216385801031974,0.625,10.726651860302583,0.28393940537286777,0.5
S3,3,W06_C7,Reference (fracture-removed),14.5,3.039682912360277,0.7599207280900693,0.2566680451849289,0.39749348726718225,0.46972054650390727,0.27899911281908646,0.1464285714285714,0.0909090909090909,0.06339044374070985,0.03565201894681705,0.34767891026895703,0.29216385801031974,0.5,11.243285137675484,0.2687301004881094,0.5
S3,3,W06_C8,ADFNE,14.0,1.6998297053728697,0.4249574263432174,0.34607832613024847,0.4940887290035805,0.32973113316046,0.45931665338021155,0.15,0.2068965517241379,0.04398512030755775,0.04000131145034205,0.3233376594944347,0.35488791750515414,0.2916666666666667,177.4598867543225,0.22245505669970475,1.706484641638225
S3,3,W06_C8,EVAE,16.0,2.3333550156100005,0.5833387539025001,0.2955428360732155,0.3831735988184731,0.5495122360373268,0.39895501692430674,0.1114551083591331,0.15959252971137516,0.05770499895571045,0.01946029685999605,0.4565867418036228,0.20621930379829395,0.08333333333333333,34.00472352179054,0.2626193736830673,1.137656427758817
S3,3,W06_C8,Held-out,6.0,1.661269833900641,0.4153174584751604,0.5017678749545184,0.3821807261471586,0.8365827930554469,0.4525701122422033,0.0,0.1,0.0,0.0218867022907974,0.0,0.1680123179433557,0.0,126.70095689688908,0.1504737864883322,0.2844141069397042
S3,3,W06_C8,KDE,14.0,1.7399528987528017,0.4349882246882003,0.3806502925978873,0.5030937191699132,0.45818191214000437,0.48276190633364013,0.10531135531135524,0.16928571428571426,0.04259630878848305,0.035592400938030955,0.36274805542493654,0.31677592780689023,0.125,173.29912722782393,0.23002849451317192,1.279863481228669
S3,3,W06_C8,Reference,15.5,3.039682912360277,0.7599207280900693,0.2529427724878618,0.39272796700371443,0.46710333217829836,0.27899911281908646,0.1375,0.0871212121212121,0.06339044374070985,0.03565201894681705,0.34767891026895703,0.29216385801031974,0.625,10.726651860302583,0.28393940537286777,0.5
S3,3,W06_C8,Reference (fracture-removed),14.5,3.039682912360277,0.7599207280900693,0.2566680451849289,0.39749348726718225,0.46972054650390727,0.27899911281908646,0.1464285714285714,0.0909090909090909,0.06339044374070985,0.03565201894681705,0.34767891026895703,0.29216385801031974,0.5,11.243285137675485,0.2687301004881094,0.5
